protocol,site,workload,concurrent,fastpath_percentage,fastpath_count,fastpath_50pct,fastpath_90pct,fastpath_99pct,fastpath_ave,slowpath_count,slowpath_50pct,slowpath_90pct,slowpath_99pct,slowpath_ave,total_count,total_50pct,total_90pct,total_99pct,total_ave,throughput,fastpath_attempt_count,fastpath_success_count,fastpath_success_rate
none_fpga_raft,60c1s5r10p,rw_1000000,concurrent_20,0,0,0,0,0,0,12000,160.2115,234.97190000001805,280.44502,156.95096073333332,12000,160.2115,234.97190000001805,280.44502,156.95096073333332,1200.0,0,0,0
none_fpga_raft,60c1s5r10p,rw_zipf_0,concurrent_20,0,0,0,0,0,0,12000,163.566,234.48640000001782,280.48801,158.40712296666666,12000,163.566,234.48640000001782,280.48801,158.40712296666666,1200.0,0,0,0
none_fpga_raft,60c1s5r10p,rw_zipf_0.1,concurrent_20,0,0,0,0,0,0,12000,163.38299999999998,234.36880000001807,281.68406000000004,158.47962395,12000,163.38299999999998,234.36880000001807,281.68406000000004,158.47962395,1200.0,0,0,0
none_fpga_raft,60c1s5r10p,rw_zipf_0.2,concurrent_20,0,0,0,0,0,0,12000,163.1725,234.67210000001745,280.36800999999997,157.14286714999997,12000,163.1725,234.67210000001745,280.36800999999997,157.14286714999997,1200.0,0,0,0
none_fpga_raft,60c1s5r10p,rw_zipf_0.3,concurrent_20,0,0,0,0,0,0,12000,163.942,233.62410000001842,280.79202,158.3852304,12000,163.942,233.62410000001842,280.79202,158.3852304,1200.0,0,0,0
none_fpga_raft,60c1s5r10p,rw_zipf_0.4,concurrent_20,0,0,0,0,0,0,12000,162.849,235.43360000001735,281.03004,157.857485225,12000,162.849,235.43360000001735,281.03004,157.857485225,1200.0,0,0,0
none_fpga_raft,60c1s5r10p,rw_zipf_0.5,concurrent_20,0,0,0,0,0,0,12000,163.547,233.58000000001857,280.38002,158.13648666666666,12000,163.547,233.58000000001857,280.38002,158.13648666666666,1200.0,0,0,0
none_fpga_raft,60c1s5r10p,rw_zipf_0.6,concurrent_20,0,0,0,0,0,0,12000,163.833,233.60960000001836,280.774,158.6085612,12000,163.833,233.60960000001836,280.774,158.6085612,1200.0,0,0,0
none_fpga_raft,60c1s5r10p,rw_zipf_0.7,concurrent_20,0,0,0,0,0,0,12000,164.50400000000002,234.36600000001792,280.75600999999995,158.48422859166666,12000,164.50400000000002,234.36600000001792,280.75600999999995,158.48422859166666,1200.0,0,0,0
none_fpga_raft,60c1s5r10p,rw_zipf_0.8,concurrent_20,0,0,0,0,0,0,12000,162.8195,232.29600000001858,280.23301,157.3882944,12000,162.8195,232.29600000001858,280.23301,157.3882944,1200.0,0,0,0
none_fpga_raft,60c1s5r10p,rw_zipf_0.9,concurrent_20,0,0,0,0,0,0,12000,164.28300000000002,233.52570000001873,281.25001,158.92099358333334,12000,164.28300000000002,233.52570000001873,281.25001,158.92099358333334,1200.0,0,0,0
none_fpga_raft,60c1s5r10p,rw_zipf_1,concurrent_20,0,0,0,0,0,0,12000,170.3655,233.5565000000184,281.686,158.12636595833334,12000,170.3655,233.5565000000184,281.686,158.12636595833334,1200.0,0,0,0
none_fpga_raft,60c1s5r10p,rw_zipf_0,concurrent_20,0,0,0,0,0,0,12000,163.272,232.64840000001857,280.35400999999996,157.66797719166667,12000,163.272,232.64840000001857,280.35400999999996,157.66797719166667,1200.0,0,0,0
none_fpga_raft,60c1s5r10p,rw_zipf_0.1,concurrent_20,0,0,0,0,0,0,12000,163.964,233.01860000001844,281.08401,158.32265020833333,12000,163.964,233.01860000001844,281.08401,158.32265020833333,1200.0,0,0,0
none_fpga_raft,60c1s5r10p,rw_zipf_0.2,concurrent_20,0,0,0,0,0,0,12000,163.4885,233.99300000001824,280.99600999999996,158.46985061666666,12000,163.4885,233.99300000001824,280.99600999999996,158.46985061666666,1200.0,0,0,0
none_fpga_raft,60c1s5r10p,rw_zipf_0.3,concurrent_20,0,0,0,0,0,0,12000,163.7335,231.6193000000189,279.72702,157.55095177500002,12000,163.7335,231.6193000000189,279.72702,157.55095177500002,1200.0,0,0,0
none_fpga_raft,60c1s5r10p,rw_zipf_0.4,concurrent_20,0,0,0,0,0,0,12000,162.33499999999998,232.92290000001833,280.11602,157.50737082499998,12000,162.33499999999998,232.92290000001833,280.11602,157.50737082499998,1200.0,0,0,0
none_fpga_raft,60c1s5r10p,rw_zipf_0.5,concurrent_20,0,0,0,0,0,0,12000,162.677,235.2191000000175,280.95202,157.7550275416667,12000,162.677,235.2191000000175,280.95202,157.7550275416667,1200.0,0,0,0
none_fpga_raft,60c1s5r10p,rw_zipf_0.6,concurrent_20,0,0,0,0,0,0,12000,163.541,232.69330000001912,281.14200999999997,158.45006740833333,12000,163.541,232.69330000001912,281.14200999999997,158.45006740833333,1200.0,0,0,0
none_fpga_raft,60c1s5r10p,rw_zipf_0.7,concurrent_20,0,0,0,0,0,0,12000,162.92200000000003,233.6151000000182,280.245,157.615195325,12000,162.92200000000003,233.6151000000182,280.245,157.615195325,1200.0,0,0,0
none_fpga_raft,60c1s5r10p,rw_zipf_0.8,concurrent_20,0,0,0,0,0,0,12000,162.54899999999998,233.93310000001813,280.01500999999996,157.5942286416667,12000,162.54899999999998,233.93310000001813,280.01500999999996,157.5942286416667,1200.0,0,0,0
none_fpga_raft,60c1s5r10p,rw_zipf_0.9,concurrent_20,0,0,0,0,0,0,12000,163.0795,235.31510000001722,280.23704000000004,157.72350301666665,12000,163.0795,235.31510000001722,280.23704000000004,157.72350301666665,1200.0,0,0,0
none_fpga_raft,60c1s5r10p,rw_zipf_1,concurrent_20,0,0,0,0,0,0,12000,163.02,234.5597000000175,280.304,157.690842275,12000,163.02,234.5597000000175,280.304,157.690842275,1200.0,0,0,0
none_copilot,60c1s5r10p,rw_1000000,concurrent_20,0,0,0,0,0,0,12000,213.7405,327.3411000000045,355.27624000000003,234.5689989166667,12000,213.7405,327.3411000000045,355.27624000000003,234.5689989166667,1200.0,0,0,0
none_copilot,60c1s5r10p,rw_zipf_0,concurrent_20,0,0,0,0,0,0,12000,208.79500000000002,306.90639999999996,345.47906,210.13841009166666,12000,208.79500000000002,306.90639999999996,345.47906,210.13841009166666,1200.0,0,0,0
none_copilot,60c1s5r10p,rw_zipf_0.1,concurrent_20,0,0,0,0,0,0,12000,210.941,330.53749999999997,344.38903,231.70110200000002,12000,210.941,330.53749999999997,344.38903,231.70110200000002,1200.0,0,0,0
none_copilot,60c1s5r10p,rw_zipf_0.2,concurrent_20,0,0,0,0,0,0,12000,218.5975,325.9902000000027,352.13003,235.22021841666663,12000,218.5975,325.9902000000027,352.13003,235.22021841666663,1200.0,0,0,0
none_copilot,60c1s5r10p,rw_zipf_0.3,concurrent_20,0,0,0,0,0,0,12000,221.572,330.98040000000157,353.08807,237.05350633333336,12000,221.572,330.98040000000157,353.08807,237.05350633333336,1200.0,0,0,0
none_copilot,60c1s5r10p,rw_zipf_0.4,concurrent_20,0,0,0,0,0,0,12000,215.83999999999997,329.4490000000006,350.16045,233.60534891666666,12000,215.83999999999997,329.4490000000006,350.16045,233.60534891666666,1200.0,0,0,0
none_copilot,60c1s5r10p,rw_zipf_0.5,concurrent_20,0,0,0,0,0,0,12000,220.47050000000002,328.7386000000035,351.75302,236.6839675,12000,220.47050000000002,328.7386000000035,351.75302,236.6839675,1200.0,0,0,0
none_copilot,60c1s5r10p,rw_zipf_0.6,concurrent_20,0,0,0,0,0,0,12000,216.58550000000002,328.7792000000011,342.24303,231.3324729166667,12000,216.58550000000002,328.7792000000011,342.24303,231.3324729166667,1200.0,0,0,0
none_copilot,60c1s5r10p,rw_zipf_0.7,concurrent_20,0,0,0,0,0,0,12000,212.25650000000002,286.9001000000011,313.54902,195.65588208333332,12000,212.25650000000002,286.9001000000011,313.54902,195.65588208333332,1200.0,0,0,0
none_copilot,60c1s5r10p,rw_zipf_0.8,concurrent_20,0,0,0,0,0,0,12000,218.17399999999998,327.16520000000196,353.04605,235.52937550000001,12000,218.17399999999998,327.16520000000196,353.04605,235.52937550000001,1200.0,0,0,0
none_copilot,60c1s5r10p,rw_zipf_0.9,concurrent_20,0,0,0,0,0,0,12000,220.563,332.11700000000013,353.64901,236.176177,12000,220.563,332.11700000000013,353.64901,236.176177,1200.0,0,0,0
none_copilot,60c1s5r10p,rw_zipf_1,concurrent_20,0,0,0,0,0,0,12000,213.892,304.3756,314.85701,202.83049145,12000,213.892,304.3756,314.85701,202.83049145,1200.0,0,0,0
none_copilot,60c1s5r10p,rw_zipf_0,concurrent_20,0,0,0,0,0,0,12000,221.7815,327.9749000000043,353.796,236.10487933333334,12000,221.7815,327.9749000000043,353.796,236.10487933333334,1200.0,0,0,0
none_copilot,60c1s5r10p,rw_zipf_0.1,concurrent_20,0,0,0,0,0,0,12000,170.86599999999999,275.28680000000503,306.63504,190.577006,12000,170.86599999999999,275.28680000000503,306.63504,190.577006,1200.0,0,0,0
none_copilot,60c1s5r10p,rw_zipf_0.2,concurrent_20,0,0,0,0,0,0,12000,207.776,307.209,322.8225300000001,202.35537137499998,12000,207.776,307.209,322.8225300000001,202.35537137499998,1200.0,0,0,0
none_copilot,60c1s5r10p,rw_zipf_0.3,concurrent_20,0,0,0,0,0,0,12000,221.75150000000002,328.79700000000355,354.04005,237.0627728333333,12000,221.75150000000002,328.79700000000355,354.04005,237.0627728333333,1200.0,0,0,0
none_copilot,60c1s5r10p,rw_zipf_0.4,concurrent_20,0,0,0,0,0,0,12000,219.624,324.44520000000654,353.35703,234.95313091666668,12000,219.624,324.44520000000654,353.35703,234.95313091666668,1200.0,0,0,0
none_copilot,60c1s5r10p,rw_zipf_0.5,concurrent_20,0,0,0,0,0,0,12000,219.815,327.0169000000034,354.11702,235.41023833333333,12000,219.815,327.0169000000034,354.11702,235.41023833333333,1200.0,0,0,0
none_copilot,60c1s5r10p,rw_zipf_0.6,concurrent_20,0,0,0,0,0,0,12000,205.81349999999998,279.38780000000406,312.091,194.55527891666668,12000,205.81349999999998,279.38780000000406,312.091,194.55527891666668,1200.0,0,0,0
none_copilot,60c1s5r10p,rw_zipf_0.7,concurrent_20,0,0,0,0,0,0,12000,173.2685,279.1305000000034,310.891,194.19875791666664,12000,173.2685,279.1305000000034,310.891,194.19875791666664,1200.0,0,0,0
none_copilot,60c1s5r10p,rw_zipf_0.8,concurrent_20,0,0,0,0,0,0,12000,215.784,324.7638000000042,353.97523,235.11594508333334,12000,215.784,324.7638000000042,353.97523,235.11594508333334,1200.0,0,0,0
none_copilot,60c1s5r10p,rw_zipf_0.9,concurrent_20,0,0,0,0,0,0,12000,219.926,328.40340000000407,351.64964000000003,234.36353308333332,12000,219.926,328.40340000000407,351.64964000000003,234.36353308333332,1200.0,0,0,0
none_copilot,60c1s5r10p,rw_zipf_1,concurrent_20,0,0,0,0,0,0,12000,217.1605,328.3554000000014,342.42513,231.64095183333336,12000,217.1605,328.3554000000014,342.42513,231.64095183333336,1200.0,0,0,0
none_mencius,60c1s5r10p,rw_1000000,concurrent_20,0,0,0,0,0,0,12096,1339.645,3347.665,3403.6525,1370.9613834738757,12096,1339.645,3347.665,3403.6525,1370.9613834738757,1209.6,0,0,0
none_mencius,60c1s5r10p,rw_zipf_0,concurrent_20,0,0,0,0,0,0,11741,1721.09,3900.14,3976.498,1874.2101519121031,11741,1721.09,3900.14,3976.498,1874.2101519121031,1174.1,0,0,0
none_mencius,60c1s5r10p,rw_zipf_0.1,concurrent_20,0,0,0,0,0,0,11936,1336.135,3715.505,3811.3759999999997,1585.2221245140752,11936,1336.135,3715.505,3811.3759999999997,1585.2221245140752,1193.6,0,0,0
none_mencius,60c1s5r10p,rw_zipf_0.2,concurrent_20,0,0,0,0,0,0,11697,1767.53,4106.722,4175.022400000001,1854.6076208600498,11697,1767.53,4106.722,4175.022400000001,1854.6076208600498,1169.7,0,0,0
none_mencius,60c1s5r10p,rw_zipf_0.3,concurrent_20,0,0,0,0,0,0,12094,1367.3400000000001,3514.5950000000003,3565.1949,1598.459972606251,12094,1367.3400000000001,3514.5950000000003,3565.1949,1598.459972606251,1209.4,0,0,0
none_mencius,60c1s5r10p,rw_zipf_0.4,concurrent_20,0,0,0,0,0,0,12077,1140.42,3505.634,3611.5224,1487.372957754409,12077,1140.42,3505.634,3611.5224,1487.372957754409,1207.7,0,0,0
none_mencius,60c1s5r10p,rw_zipf_0.5,concurrent_20,0,0,0,0,0,0,11874,1276.15,3711.6040000000003,3792.0454,1490.6044777328616,11874,1276.15,3711.6040000000003,3792.0454,1490.6044777328616,1187.4,0,0,0
none_mencius,60c1s5r10p,rw_zipf_0.6,concurrent_20,0,0,0,0,0,0,12011,855.758,3211.69,3284.419,1212.5472406544,12011,855.758,3211.69,3284.419,1212.5472406544,1201.1,0,0,0
none_mencius,60c1s5r10p,rw_zipf_0.7,concurrent_20,0,0,0,0,0,0,12120,800.4259999999999,3400.812,3472.8842999999997,1370.7048984405942,12120,800.4259999999999,3400.812,3472.8842999999997,1370.7048984405942,1212.0,0,0,0
none_mencius,60c1s5r10p,rw_zipf_0.8,concurrent_20,0,0,0,0,0,0,11881,1481.16,3832.18,3909.716,1684.6137887467382,11881,1481.16,3832.18,3909.716,1684.6137887467382,1188.1,0,0,0
none_mencius,60c1s5r10p,rw_zipf_0.9,concurrent_20,0,0,0,0,0,0,11980,1202.68,3637.2349999999997,3718.0248999999994,1470.6676688230384,11980,1202.68,3637.2349999999997,3718.0248999999994,1470.6676688230384,1198.0,0,0,0
none_mencius,60c1s5r10p,rw_zipf_1,concurrent_20,0,0,0,0,0,0,12048,1127.125,3564.27,3640.8253,1342.5257615454848,12048,1127.125,3564.27,3640.8253,1342.5257615454848,1204.8,0,0,0
none_mencius,60c1s5r10p,rw_zipf_0,concurrent_20,0,0,0,0,0,0,11928,433.6565,2901.989,2977.4186999999997,902.3016169433265,11928,433.6565,2901.989,2977.4186999999997,902.3016169433265,1192.8,0,0,0
none_mencius,60c1s5r10p,rw_zipf_0.1,concurrent_20,0,0,0,0,0,0,11911,516.838,2980.4,3050.0789999999997,940.2693152212241,11911,516.838,2980.4,3050.0789999999997,940.2693152212241,1191.1,0,0,0
none_mencius,60c1s5r10p,rw_zipf_0.2,concurrent_20,0,0,0,0,0,0,11926,521.443,2924.035,2986.8,924.5114087791379,11926,521.443,2924.035,2986.8,924.5114087791379,1192.6,0,0,0
none_mencius,60c1s5r10p,rw_zipf_0.3,concurrent_20,0,0,0,0,0,0,11960,825.018,3061.713,3138.8041000000003,1111.3036125752508,11960,825.018,3061.713,3138.8041000000003,1111.3036125752508,1196.0,0,0,0
none_mencius,60c1s5r10p,rw_zipf_0.4,concurrent_20,0,0,0,0,0,0,11980,1002.655,3161.018,3232.9642,1263.9216732136895,11980,1002.655,3161.018,3232.9642,1263.9216732136895,1198.0,0,0,0
none_mencius,60c1s5r10p,rw_zipf_0.5,concurrent_20,0,0,0,0,0,0,11987,944.76,3138.344,3199.6208,1246.6911964878618,11987,944.76,3138.344,3199.6208,1246.6911964878618,1198.7,0,0,0
none_mencius,60c1s5r10p,rw_zipf_0.6,concurrent_20,0,0,0,0,0,0,11764,1750.8249999999998,3871.357,3949.16,1697.3014124192453,11764,1750.8249999999998,3871.357,3949.16,1697.3014124192453,1176.4,0,0,0
none_mencius,60c1s5r10p,rw_zipf_0.7,concurrent_20,0,0,0,0,0,0,11962,1299.615,3634.7149999999997,3710.2778,1548.4849626065875,11962,1299.615,3634.7149999999997,3710.2778,1548.4849626065875,1196.2,0,0,0
none_mencius,60c1s5r10p,rw_zipf_0.8,concurrent_20,0,0,0,0,0,0,11994,757.2104999999999,3187.646,3240.7328,1091.5031704935802,11994,757.2104999999999,3187.646,3240.7328,1091.5031704935802,1199.4,0,0,0
none_mencius,60c1s5r10p,rw_zipf_0.9,concurrent_20,0,0,0,0,0,0,11915,485.298,2902.824,2983.52,943.6037981032313,11915,485.298,2902.824,2983.52,943.6037981032313,1191.5,0,0,0
none_mencius,60c1s5r10p,rw_zipf_1,concurrent_20,0,0,0,0,0,0,12115,1328.36,3496.054,3563.8644,1456.7218938093274,12115,1328.36,3496.054,3563.8644,1456.7218938093274,1211.5,0,0,0
none_mongodb,60c1s5r10p,rw_1000000,concurrent_20,0,0,0,0,0,0,12000,207.317,300.46540000000005,349.33118,203.5708485,12000,207.317,300.46540000000005,349.33118,203.5708485,1200.0,0,0,0
none_mongodb,60c1s5r10p,rw_zipf_0,concurrent_20,0,0,0,0,0,0,12000,152.33,266.4522,342.22472,154.30399606650002,12000,152.33,266.4522,342.22472,154.30399606650002,1200.0,0,0,0
none_mongodb,60c1s5r10p,rw_zipf_0.1,concurrent_20,0,0,0,0,0,0,12000,150.22,266.3444,343.3038700000001,154.20267043433336,12000,150.22,266.3444,343.3038700000001,154.20267043433336,1200.0,0,0,0
none_mongodb,60c1s5r10p,rw_zipf_0.2,concurrent_20,0,0,0,0,0,0,12000,153.628,267.0647,342.11512,155.0401803213333,12000,153.628,267.0647,342.11512,155.0401803213333,1200.0,0,0,0
none_mongodb,60c1s5r10p,rw_zipf_0.3,concurrent_20,0,0,0,0,0,0,12000,152.933,265.4185,340.39761,154.18260320641667,12000,152.933,265.4185,340.39761,154.18260320641667,1200.0,0,0,0
none_mongodb,60c1s5r10p,rw_zipf_0.4,concurrent_20,0,0,0,0,0,0,12000,152.6935,266.9051,343.4463,154.45446798966665,12000,152.6935,266.9051,343.4463,154.45446798966665,1200.0,0,0,0
none_mongodb,60c1s5r10p,rw_zipf_0.5,concurrent_20,0,0,0,0,0,0,12000,153.502,264.79900000000004,340.40260000000006,154.29222012916665,12000,153.502,264.79900000000004,340.40260000000006,154.29222012916665,1200.0,0,0,0
none_mongodb,60c1s5r10p,rw_zipf_0.6,concurrent_20,0,0,0,0,0,0,12000,151.441,265.64040000000006,342.89880000000005,154.5185470606667,12000,151.441,265.64040000000006,342.89880000000005,154.5185470606667,1200.0,0,0,0
none_mongodb,60c1s5r10p,rw_zipf_0.7,concurrent_20,0,0,0,0,0,0,12000,153.53449999999998,264.7266,339.95907000000005,154.27659374725,12000,153.53449999999998,264.7266,339.95907000000005,154.27659374725,1200.0,0,0,0
none_mongodb,60c1s5r10p,rw_zipf_0.8,concurrent_20,0,0,0,0,0,0,12000,153.5365,266.5068,342.85107,155.40155923925002,12000,153.5365,266.5068,342.85107,155.40155923925002,1200.0,0,0,0
none_mongodb,60c1s5r10p,rw_zipf_0.9,concurrent_20,0,0,0,0,0,0,12000,154.09550000000002,264.08290000000005,340.10686000000004,154.62942635433333,12000,154.09550000000002,264.08290000000005,340.10686000000004,154.62942635433333,1200.0,0,0,0
none_mongodb,60c1s5r10p,rw_zipf_1,concurrent_20,0,0,0,0,0,0,12000,151.9785,265.40560000000005,340.46373000000006,155.18487560208334,12000,151.9785,265.40560000000005,340.46373000000006,155.18487560208334,1200.0,0,0,0
none_mongodb,60c1s5r10p,rw_zipf_0,concurrent_20,0,0,0,0,0,0,12000,137.934,227.667,260.8277000000001,110.61081586375,12000,137.934,227.667,260.8277000000001,110.61081586375,1200.0,0,0,0
none_mongodb,60c1s5r10p,rw_zipf_0.1,concurrent_20,0,0,0,0,0,0,12000,137.87150000000003,228.0651,260.84486000000004,111.26353037016666,12000,137.87150000000003,228.0651,260.84486000000004,111.26353037016666,1200.0,0,0,0
none_mongodb,60c1s5r10p,rw_zipf_0.2,concurrent_20,0,0,0,0,0,0,12000,137.87349999999998,227.85920000000002,262.66057000000006,110.35192288266666,12000,137.87349999999998,227.85920000000002,262.66057000000006,110.35192288266666,1200.0,0,0,0
none_mongodb,60c1s5r10p,rw_zipf_0.3,concurrent_20,0,0,0,0,0,0,12000,138.07150000000001,227.7931,262.90635000000015,111.06157436258334,12000,138.07150000000001,227.7931,262.90635000000015,111.06157436258334,1200.0,0,0,0
none_mongodb,60c1s5r10p,rw_zipf_0.4,concurrent_20,0,0,0,0,0,0,12000,137.7705,227.3152,259.9873,111.00011158833334,12000,137.7705,227.3152,259.9873,111.00011158833334,1200.0,0,0,0
none_mongodb,60c1s5r10p,rw_zipf_0.5,concurrent_20,0,0,0,0,0,0,12000,137.90449999999998,227.6861,259.15225,111.95906652833334,12000,137.90449999999998,227.6861,259.15225,111.95906652833334,1200.0,0,0,0
none_mongodb,60c1s5r10p,rw_zipf_0.6,concurrent_20,0,0,0,0,0,0,12000,137.9035,227.8701,265.90004000000005,111.55424479775,12000,137.9035,227.8701,265.90004000000005,111.55424479775,1200.0,0,0,0
none_mongodb,60c1s5r10p,rw_zipf_0.7,concurrent_20,0,0,0,0,0,0,12000,137.891,227.3751,261.09011000000004,111.142680694,12000,137.891,227.3751,261.09011000000004,111.142680694,1200.0,0,0,0
none_mongodb,60c1s5r10p,rw_zipf_0.8,concurrent_20,0,0,0,0,0,0,12000,137.9615,228.2972,264.2006500000001,111.37151025733333,12000,137.9615,228.2972,264.2006500000001,111.37151025733333,1200.0,0,0,0
none_mongodb,60c1s5r10p,rw_zipf_0.9,concurrent_20,0,0,0,0,0,0,12000,137.9135,228.5991,269.80362,111.91109930908334,12000,137.9135,228.5991,269.80362,111.91109930908334,1200.0,0,0,0
none_mongodb,60c1s5r10p,rw_zipf_1,concurrent_20,0,0,0,0,0,0,12000,137.8465,227.65720000000002,261.84815000000015,111.37948409250001,12000,137.8465,227.65720000000002,261.84815000000015,111.37948409250001,1200.0,0,0,0
rule_fpga_raft,60c1s5r10p,rw_1000000,concurrent_20,0,0,0,0,0,0,12000,160.2165,234.49330000001808,281.16501,157.25976014999998,12000,160.2165,234.49330000001808,281.16501,157.25976014999998,1200.0,0,0,0
rule_fpga_raft,60c1s5r10p,rw_1000000,concurrent_20,25,2958,78.1565,226.895,228.88929,122.57903972278565,9042,188.3985,229.4547,280.06,156.77900633709353,12000,137.11599999999999,228.2251,280.002,148.34871456666667,1200.0,2958,2407,81.37254901960785
rule_fpga_raft,60c1s5r10p,rw_1000000,concurrent_20,50,5988,78.2881,196.57399999999998,228.375,123.58426354375418,6012,188.61700000000002,278.42580000000004,279.774,157.20484266467065,12000,137.28,227.744,279.43913000000003,140.42817368333334,1200.0,5988,4748,79.29191716766867
rule_fpga_raft,60c1s5r10p,rw_1000000,concurrent_20,75,8977,144.581,226.63,228.191,124.54744344435778,3023,130.024,228.936,280.306,155.22790754217664,12000,138.09449999999998,226.7062,279.95604000000003,132.27636369166666,1200.0,8977,7175,79.92647877910215
rule_fpga_raft,60c1s5r10p,rw_1000000,concurrent_20,100,12000,129.397,225.94310000000002,228.407,123.91895798333333,0,0,0,0,0,12000,129.397,225.94310000000002,228.407,123.91895798333333,1200.0,12000,9596,79.96666666666667
rule_fpga_raft,60c1s5r10p,rw_zipf_1,concurrent_20,0,0,0,0,0,0,12000,159.0985,233.8105000000178,280.23801,156.56249638333333,12000,159.0985,233.8105000000178,280.23801,156.56249638333333,1200.0,0,0,0
rule_fpga_raft,60c1s5r10p,rw_zipf_1,concurrent_20,25,3001,144.133,226.542,279.076,131.99506307897366,8999,129.689,277.83,279.56602,156.04611684631627,12000,136.98000000000002,227.93710000000002,279.54001,150.03134915,1200.0,3001,1887,62.87904031989337
rule_fpga_raft,60c1s5r10p,rw_zipf_1,concurrent_20,50,5872,137.3835,226.6538,278.7368,130.69476915871937,6128,159.2295,277.958,279.845,156.63072398825065,12000,137.4235,227.74640000000002,279.78101,143.93939675833332,1200.0,5872,3735,63.606948228882835
rule_fpga_raft,60c1s5r10p,rw_zipf_1,concurrent_20,75,8981,130.206,227.668,280.28,130.83193155550606,3019,189.317,279.6642,281.75414,158.83473020867837,12000,137.46800000000002,227.751,280.507,137.8769689833333,1200.0,8981,5618,62.55428126043871
rule_fpga_raft,60c1s5r10p,rw_zipf_1,concurrent_20,100,12000,137.2645,226.9961,279.94802,131.33302944166667,0,0,0,0,0,12000,137.2645,226.9961,279.94802,131.33302944166667,1200.0,12000,7423,61.858333333333334
rule_fpga_raft,60c1s5r10p,rw_zipf_0,concurrent_20,0,0,0,0,0,0,12000,159.9875,234.4333000000178,280.339,157.736010425,12000,159.9875,234.4333000000178,280.339,157.736010425,1200.0,0,0,0
rule_fpga_raft,60c1s5r10p,rw_zipf_0,concurrent_20,25,3000,79.1899,196.1524,229.7,123.94495303333333,9000,189.24,279.2625,281.722,158.11147313333336,12000,140.0125,228.9031,281.67701,149.56984310833332,1200.0,3000,2409,80.3
rule_fpga_raft,60c1s5r10p,rw_zipf_0,concurrent_20,50,5870,148.269,226.6061,228.878,124.94983432708686,6130,130.954,227.41649999999998,280.07497,156.36607995106036,12000,139.7815,227.0052,279.82800999999995,140.9982998,1200.0,5870,4704,80.13628620102214
rule_fpga_raft,60c1s5r10p,rw_zipf_0,concurrent_20,75,9074,79.18005,196.1681,228.941,123.87162099404894,2926,188.71949999999998,278.3735,280.36475,158.46195358851676,12000,139.9325,226.983,278.92018,132.30589709166665,1200.0,9074,7230,79.67820145470576
rule_fpga_raft,60c1s5r10p,rw_zipf_0,concurrent_20,100,12000,130.34699999999998,199.80030000001102,228.577,124.4911914,0,0,0,0,0,12000,130.34699999999998,199.80030000001102,228.577,124.4911914,1200.0,12000,9599,79.99166666666666
rule_fpga_raft,60c1s5r10p,rw_zipf_0.1,concurrent_20,0,0,0,0,0,0,12000,159.35899999999998,232.5523000000183,279.57901,156.95148761666667,12000,159.35899999999998,232.5523000000183,279.57901,156.95148761666667,1200.0,0,0,0
rule_fpga_raft,60c1s5r10p,rw_zipf_0.1,concurrent_20,25,2997,78.6079,196.1194,228.80408,123.73383183183185,9003,189.395,279.30080000000004,281.053,158.29274559591244,12000,139.664,228.3741,280.994,149.66165688333334,1200.0,2997,2367,78.97897897897897
rule_fpga_raft,60c1s5r10p,rw_zipf_0.1,concurrent_20,50,5952,78.4205,227.679,229.64249,124.35908024193549,6048,188.4435,227.507,280.895,157.04754733796292,12000,139.708,227.64520000000002,280.24105,140.83406765833334,1200.0,5952,4755,79.88911290322581
rule_fpga_raft,60c1s5r10p,rw_zipf_0.1,concurrent_20,75,9023,147.133,226.50979999999998,228.392,124.58731797628283,2977,130.073,229.57319999999999,279.81424000000004,156.209951595566,12000,138.735,226.678,279.629,132.4323663333333,1200.0,9023,7219,80.00664967305774
rule_fpga_raft,60c1s5r10p,rw_zipf_0.1,concurrent_20,100,12000,125.5675,199.44750000001116,229.65804999999997,124.34870626666667,0,0,0,0,0,12000,125.5675,199.44750000001116,229.65804999999997,124.34870626666667,1200.0,12000,9599,79.99166666666666
rule_fpga_raft,60c1s5r10p,rw_zipf_0.2,concurrent_20,0,0,0,0,0,0,12000,160.60399999999998,237.74520000001627,281.19203,157.85714783333336,12000,160.60399999999998,237.74520000001627,281.19203,157.85714783333336,1200.0,0,0,0
rule_fpga_raft,60c1s5r10p,rw_zipf_0.2,concurrent_20,25,2898,149.8305,226.531,229.61406,125.9955391304348,9102,130.953,229.8138,281.73499000000004,157.17672134695673,12000,140.951,228.87349999999998,281.701,149.64646584166667,1200.0,2898,2346,80.95238095238095
rule_fpga_raft,60c1s5r10p,rw_zipf_0.2,concurrent_20,50,5922,149.765,227.0726,228.95379,124.72411447146236,6078,130.7005,228.3409,280.22346,156.8825659756499,12000,140.2855,227.33440000000002,279.6921,141.01237015833334,1200.0,5922,4715,79.61837217156366
rule_fpga_raft,60c1s5r10p,rw_zipf_0.2,concurrent_20,75,9041,148.815,196.538,229.5906,124.75168841942265,2959,131.993,279.19599999999997,281.81383999999997,157.75362619128086,12000,140.596,227.103,280.16803,132.88941624166665,1200.0,9041,7220,79.85842274084725
rule_fpga_raft,60c1s5r10p,rw_zipf_0.2,concurrent_20,100,12000,130.26350000000002,199.73850000001096,228.828,124.57862133333333,0,0,0,0,0,12000,130.26350000000002,199.73850000001096,228.828,124.57862133333333,1200.0,12000,9598,79.98333333333333
rule_fpga_raft,60c1s5r10p,rw_zipf_0.3,concurrent_20,0,0,0,0,0,0,12000,159.94,233.52170000001814,280.19701,157.28019869166667,12000,159.94,233.52170000001814,280.19701,157.28019869166667,1200.0,0,0,0
rule_fpga_raft,60c1s5r10p,rw_zipf_0.3,concurrent_20,25,2996,148.44549999999998,226.543,228.714,125.16550393858476,9004,129.334,229.6508,280.10694,156.52997859840073,12000,139.17849999999999,228.1948,280.06800999999996,148.69931475833334,1200.0,2996,2419,80.74098798397864
rule_fpga_raft,60c1s5r10p,rw_zipf_0.3,concurrent_20,50,5950,149.42649999999998,196.1853,228.818,124.96320401680676,6050,130.39600000000002,278.4973,280.04051,157.01822555371902,12000,140.07299999999998,227.83620000000002,279.53317000000004,141.124277375,1200.0,5950,4705,79.07563025210084
rule_fpga_raft,60c1s5r10p,rw_zipf_0.3,concurrent_20,75,8940,147.5555,226.5317,228.793,124.53158684563758,3060,130.22250000000003,229.1339,280.83323,156.9591803267974,12000,138.9515,227.214,280.21606,132.80062318333333,1200.0,8940,7162,80.11185682326622
rule_fpga_raft,60c1s5r10p,rw_zipf_0.3,concurrent_20,100,12000,113.96795,199.7482000000111,229.575,124.40359838333335,0,0,0,0,0,12000,113.96795,199.7482000000111,229.575,124.40359838333335,1200.0,12000,9600,80.0
rule_fpga_raft,60c1s5r10p,rw_zipf_0.4,concurrent_20,0,0,0,0,0,0,12000,160.9155,234.9033000000179,280.44201,158.17594297500003,12000,160.9155,234.9033000000179,280.44201,158.17594297500003,1200.0,0,0,0
rule_fpga_raft,60c1s5r10p,rw_zipf_0.4,concurrent_20,25,3040,148.785,226.999,228.51261,124.68119338815791,8960,131.8145,228.6482,280.74169,157.7515546875,12000,140.44150000000002,227.758,280.67701,149.373729825,1200.0,3040,2440,80.26315789473684
rule_fpga_raft,60c1s5r10p,rw_zipf_0.4,concurrent_20,50,5979,147.3,226.972,228.86522000000002,124.79062763003847,6021,130.965,229.21,281.093,157.44492806842717,12000,139.27249999999998,227.7372,281.00701,141.17492287500002,1200.0,5979,4766,79.71232647599933
rule_fpga_raft,60c1s5r10p,rw_zipf_0.4,concurrent_20,75,9008,78.89795000000001,225.9362,229.71886,124.49347182504441,2992,189.5355,230.5645,282.01772,158.73173078208555,12000,140.7415,226.6331,280.17806,133.03021105833332,1200.0,9008,7223,80.18428063943162
rule_fpga_raft,60c1s5r10p,rw_zipf_0.4,concurrent_20,100,12000,125.7945,199.340000000011,228.417,124.30846413333333,0,0,0,0,0,12000,125.7945,199.340000000011,228.417,124.30846413333333,1200.0,12000,9599,79.99166666666666
rule_fpga_raft,60c1s5r10p,rw_zipf_0.5,concurrent_20,0,0,0,0,0,0,12000,160.4745,235.49500000001785,280.951,157.97241743333333,12000,160.4745,235.49500000001785,280.951,157.97241743333333,1200.0,0,0,0
rule_fpga_raft,60c1s5r10p,rw_zipf_0.5,concurrent_20,25,3035,148.056,227.6294,228.48866,125.77951710049425,8965,131.203,229.8702,280.77736,157.4882189403235,12000,139.91649999999998,228.4951,280.747,149.4685597666667,1200.0,3035,2358,77.69357495881384
rule_fpga_raft,60c1s5r10p,rw_zipf_0.5,concurrent_20,50,6079,115.109,194.63920000000002,228.26222,124.40509320611943,5921,189.43,278.723,280.5748,158.2246511737882,12000,139.7255,227.2981,280.517,141.09222676666667,1200.0,6079,4866,80.04606020727093
rule_fpga_raft,60c1s5r10p,rw_zipf_0.5,concurrent_20,75,9043,77.9219,194.35819999999998,228.56758000000002,124.18236038925136,2957,189.451,279.8528,280.79152,158.48395441325667,12000,140.13150000000002,227.699,280.35505,132.63484485,1200.0,9043,7230,79.95134358067013
rule_fpga_raft,60c1s5r10p,rw_zipf_0.5,concurrent_20,100,12000,125.371,225.69450000000055,228.452,124.03863132500001,0,0,0,0,0,12000,125.371,225.69450000000055,228.452,124.03863132500001,1200.0,12000,9597,79.975
rule_fpga_raft,60c1s5r10p,rw_zipf_0.6,concurrent_20,0,0,0,0,0,0,12000,160.437,235.1761000000175,280.26201,157.28890688333334,12000,160.437,235.1761000000175,280.26201,157.28890688333334,1200.0,0,0,0
rule_fpga_raft,60c1s5r10p,rw_zipf_0.6,concurrent_20,25,3077,78.856,226.6148,228.35732000000002,124.35090152746183,8923,189.225,229.1788,280.42012,157.82332585453327,12000,140.614,227.7332,280.32701,149.24043838333336,1200.0,3077,2454,79.75300617484562
rule_fpga_raft,60c1s5r10p,rw_zipf_0.6,concurrent_20,50,6031,150.585,206.708,228.851,125.48811057867685,5969,130.516,278.6432,281.08796,157.91737483665605,12000,140.764,228.2812,280.989,141.61896710833332,1200.0,6031,4773,79.14110429447852
rule_fpga_raft,60c1s5r10p,rw_zipf_0.6,concurrent_20,75,8965,79.7649,196.274,229.01236,124.1096813162298,3035,188.524,277.8586,280.20162,157.63719176276769,12000,139.79399999999998,226.6661,279.436,132.5893475,1200.0,8965,7185,80.14500836586726
rule_fpga_raft,60c1s5r10p,rw_zipf_0.6,concurrent_20,100,12000,139.38049999999998,226.9561,228.92101,124.66056733333335,0,0,0,0,0,12000,139.38049999999998,226.9561,228.92101,124.66056733333335,1200.0,12000,9585,79.875
rule_fpga_raft,60c1s5r10p,rw_zipf_0.7,concurrent_20,0,0,0,0,0,0,12000,160.3555,235.0790000000178,281.12902,157.84902900833333,12000,160.3555,235.0790000000178,281.12902,157.84902900833333,1200.0,0,0,0
rule_fpga_raft,60c1s5r10p,rw_zipf_0.7,concurrent_20,25,3047,78.386,196.3736,229.05054,123.35068493600262,8953,188.622,279.14979999999997,280.44748,157.52593326259353,12000,140.265,228.2272,280.391,148.84826812500003,1200.0,3047,2438,80.01312766655727
rule_fpga_raft,60c1s5r10p,rw_zipf_0.7,concurrent_20,50,5958,148.76,196.34220000000002,227.83943,124.67085268546492,6042,131.1635,278.753,280.10118,157.90153152929497,12000,140.5325,227.1701,280.02204,141.40249948333332,1200.0,5958,4756,79.82544478012755
rule_fpga_raft,60c1s5r10p,rw_zipf_0.7,concurrent_20,75,9036,148.422,226.243,228.88865,124.8456943005755,2964,130.41,279.1811,280.43437,157.3304927125506,12000,139.6295,227.835,279.95218,132.86943950833333,1200.0,9036,7170,79.34926958831342
rule_fpga_raft,60c1s5r10p,rw_zipf_0.7,concurrent_20,100,12000,139.973,227.205,228.57001,124.91510667499999,0,0,0,0,0,12000,139.973,227.205,228.57001,124.91510667499999,1200.0,12000,9517,79.30833333333334
rule_fpga_raft,60c1s5r10p,rw_zipf_0.8,concurrent_20,0,0,0,0,0,0,12000,159.774,234.35810000001823,281.562,157.57445048333335,12000,159.774,234.35810000001823,281.562,157.57445048333335,1200.0,0,0,0
rule_fpga_raft,60c1s5r10p,rw_zipf_0.8,concurrent_20,25,3003,147.814,205.32640000000023,228.29286000000002,125.31667432567433,8997,131.046,279.0418,280.349,157.40715717461376,12000,139.80700000000002,228.8253,280.31403,149.37651384166668,1200.0,3003,2357,78.48817848817849
rule_fpga_raft,60c1s5r10p,rw_zipf_0.8,concurrent_20,50,5970,148.922,206.3754,228.95331000000002,125.38784524288108,6030,130.97449999999998,279.8863,281.24071,158.55601107794362,12000,140.0285,227.8012,281.143,142.05484857500002,1200.0,5970,4641,77.73869346733669
rule_fpga_raft,60c1s5r10p,rw_zipf_0.8,concurrent_20,75,9034,139.1365,226.54259999999996,228.381,125.54831057117555,2966,159.457,278.43449999999996,279.75835,157.5653708024275,12000,139.3305,227.15,279.48817,133.46186062499999,1200.0,9034,7016,77.66216515386319
rule_fpga_raft,60c1s5r10p,rw_zipf_0.8,concurrent_20,100,12000,139.357,226.5111,228.93701000000001,125.27146213333332,0,0,0,0,0,12000,139.357,226.5111,228.93701000000001,125.27146213333332,1200.0,12000,9316,77.63333333333334
rule_fpga_raft,60c1s5r10p,rw_zipf_0.9,concurrent_20,0,0,0,0,0,0,12000,159.753,233.2834000000181,280.00901,156.54711645833333,12000,159.753,233.2834000000181,280.00901,156.54711645833333,1200.0,0,0,0
rule_fpga_raft,60c1s5r10p,rw_zipf_0.9,concurrent_20,25,2968,149.6875,226.6575,228.71866,128.22604248652289,9032,130.1435,228.17079999999999,279.87669,156.5018471434898,12000,139.959,227.884,279.85002000000003,149.50829812499998,1200.0,2968,2146,72.30458221024259
rule_fpga_raft,60c1s5r10p,rw_zipf_0.9,concurrent_20,50,5995,148.807,227.04059999999998,229.28977999999998,127.53968753961635,6005,131.341,230.41140000000001,280.9948,157.19082169858453,12000,140.2905,227.8152,280.69421,142.37760925833334,1200.0,5995,4421,73.74478732276897
rule_fpga_raft,60c1s5r10p,rw_zipf_0.9,concurrent_20,75,9033,129.798,226.6114,228.23572,127.03476412044724,2967,188.821,278.0314,279.52734,157.92853451297606,12000,139.04500000000002,226.6542,279.227,134.67324885000002,1200.0,9033,6564,72.66688807705081
rule_fpga_raft,60c1s5r10p,rw_zipf_0.9,concurrent_20,100,12000,140.0765,226.654,230.95501000000002,127.47593625,0,0,0,0,0,12000,140.0765,226.654,230.95501000000002,127.47593625,1200.0,12000,8801,73.34166666666667
rule_fpga_raft,60c1s5r10p,rw_zipf_1,concurrent_20,0,0,0,0,0,0,12000,160.3905,232.15780000001897,280.53000999999995,157.49926016666666,12000,160.3905,232.15780000001897,280.53000999999995,157.49926016666666,1200.0,0,0,0
rule_fpga_raft,60c1s5r10p,rw_zipf_1,concurrent_20,25,3006,128.5125,226.2755,279.36465,127.87667801064538,8994,188.5325,278.2737,280.247,157.97162699577495,12000,139.3005,227.0141,280.22001,150.432842275,1200.0,3006,1966,65.40252827677978
rule_fpga_raft,60c1s5r10p,rw_zipf_1,concurrent_20,50,5967,149.219,226.6586,279.07698,130.55713861236802,6033,130.233,277.8204,280.165,157.02566074921265,12000,140.11450000000002,227.9206,280.05501,143.86418811666667,1200.0,5967,3923,65.7449304508128
rule_fpga_raft,60c1s5r10p,rw_zipf_1,concurrent_20,75,8993,130.353,227.0656,279.66648,130.729391482264,3007,188.649,278.505,280.25158,157.49636564682407,12000,140.197,227.1491,279.92001,137.43674909166668,1200.0,8993,5804,64.53908595574336
rule_fpga_raft,60c1s5r10p,rw_zipf_1,concurrent_20,100,12000,140.4065,227.769,279.57603,130.99358633333333,0,0,0,0,0,12000,140.4065,227.769,279.57603,130.99358633333333,1200.0,12000,7666,63.88333333333333
rule_fpga_raft,60c1s5r10p,rw_zipf_0,concurrent_20,0,0,0,0,0,0,12000,159.848,234.0357000000175,279.907,156.90495685,12000,159.848,234.0357000000175,279.907,156.90495685,1200.0,0,0,0
rule_fpga_raft,60c1s5r10p,rw_zipf_0,concurrent_20,25,3049,78.6069,196.0254,228.024,123.66303617579536,8951,190.023,278.674,280.1515,157.6711211373031,12000,139.816,227.8203,280.09900999999996,149.03023355,1200.0,3049,2428,79.63266644801574
rule_fpga_raft,60c1s5r10p,rw_zipf_0,concurrent_20,50,5992,148.132,227.219,228.48309,124.83889504339118,6008,131.33350000000002,230.2563,280.38264999999996,156.48637223701732,12000,139.8985,227.31,280.27303,140.6837319583333,1200.0,5992,4784,79.83978638184246
rule_fpga_raft,60c1s5r10p,rw_zipf_0,concurrent_20,75,9016,146.9845,196.7575,229.642,124.31023492679681,2984,131.178,262.6878000000135,281.28136,157.39609403485255,12000,139.1825,225.971,280.12904000000003,132.53758522500002,1200.0,9016,7166,79.48092280390416
rule_fpga_raft,60c1s5r10p,rw_zipf_0,concurrent_20,100,12000,114.0569,199.49550000001096,229.651,124.38144621666666,0,0,0,0,0,12000,114.0569,199.49550000001096,229.651,124.38144621666666,1200.0,12000,9600,80.0
rule_fpga_raft,60c1s5r10p,rw_zipf_0.1,concurrent_20,0,0,0,0,0,0,12000,160.406,236.49270000001715,280.95802000000003,158.76177774166666,12000,160.406,236.49270000001715,280.95802000000003,158.76177774166666,1200.0,0,0,0
rule_fpga_raft,60c1s5r10p,rw_zipf_0.1,concurrent_20,25,2987,149.215,226.5094,228.86028000000002,124.70371004352194,9013,131.344,228.6774,280.164,157.09846319760345,12000,140.27949999999998,227.35,280.141,149.034869225,1200.0,2987,2394,80.14730498828256
rule_fpga_raft,60c1s5r10p,rw_zipf_0.1,concurrent_20,50,6051,149.064,227.449,271.974,126.98735042141796,5949,129.477,278.9062,323.20863999999995,161.40362237350817,12000,139.3605,228.5358,311.5304200000001,144.04921724166667,1200.0,6051,5006,82.73012725169393
rule_fpga_raft,60c1s5r10p,rw_zipf_0.1,concurrent_20,75,8959,148.748,228.2132,262.93238,127.29964297354616,3041,131.492,280.552,318.0878,163.3560164419599,12000,140.252,228.864,291.8136,136.43692894999998,1200.0,8959,7614,84.9871637459538
rule_fpga_raft,60c1s5r10p,rw_zipf_0.1,concurrent_20,100,12000,114.09305,199.68550000001127,228.347,124.42857249166666,0,0,0,0,0,12000,114.09305,199.68550000001127,228.347,124.42857249166666,1200.0,12000,9600,80.0
rule_fpga_raft,60c1s5r10p,rw_zipf_0.2,concurrent_20,0,0,0,0,0,0,12000,160.6085,235.55210000001787,281.03301,157.88388225,12000,160.6085,235.55210000001787,281.03301,157.88388225,1200.0,0,0,0
rule_fpga_raft,60c1s5r10p,rw_zipf_0.2,concurrent_20,25,3083,79.1331,220.47560000000556,228.285,124.42779279922155,8917,189.644,230.6682000000016,280.561,157.93506390041495,12000,140.1695,228.323,280.533,149.3264875,1200.0,3083,2476,80.31138501459617
rule_fpga_raft,60c1s5r10p,rw_zipf_0.2,concurrent_20,50,5996,79.70044999999999,226.971,228.77,124.41038777518344,6004,189.305,229.53029999999998,280.88793999999996,158.26956817121916,12000,140.1675,227.1421,280.75804,141.35126436666667,1200.0,5996,4777,79.6697798532355
rule_fpga_raft,60c1s5r10p,rw_zipf_0.2,concurrent_20,75,9023,79.208,226.5694,228.925,124.21477459824892,2977,189.344,228.36,281.04696,159.0403455828015,12000,139.7225,226.7631,280.34900999999996,132.85441833333334,1200.0,9023,7200,79.79607669289594
rule_fpga_raft,60c1s5r10p,rw_zipf_0.2,concurrent_20,100,12000,113.4875,199.66290000001146,228.49701000000002,124.5559211583333,0,0,0,0,0,12000,113.4875,199.66290000001146,228.49701000000002,124.5559211583333,1200.0,12000,9600,80.0
rule_fpga_raft,60c1s5r10p,rw_zipf_0.3,concurrent_20,0,0,0,0,0,0,12000,160.7745,232.64420000001857,280.73602,157.89188965833335,12000,160.7745,232.64420000001857,280.73602,157.89188965833335,1200.0,0,0,0
rule_fpga_raft,60c1s5r10p,rw_zipf_0.3,concurrent_20,25,3013,147.487,196.0368,228.95988,124.77562993693992,8987,131.229,278.33140000000003,280.361,157.22494656726383,12000,139.4875,229.413,280.31302999999997,149.07746398333333,1200.0,3013,2380,78.99103883172917
rule_fpga_raft,60c1s5r10p,rw_zipf_0.3,concurrent_20,50,5930,148.482,227.348,228.30142,126.1428347217538,6070,130.875,229.8591,280.43,156.47481991762766,12000,139.95800000000003,228.0521,280.363,141.4857639,1200.0,5930,4782,80.64080944350759
rule_fpga_raft,60c1s5r10p,rw_zipf_0.3,concurrent_20,75,9033,78.8049,196.56360000000004,228.26268000000002,123.87637543451788,2967,188.612,249.8648000000044,279.647,159.4779292214358,12000,139.1375,227.7461,279.50314,132.67885960833334,1200.0,9033,7208,79.79630244658475
rule_fpga_raft,60c1s5r10p,rw_zipf_0.3,concurrent_20,100,12000,113.77705,197.8761000000116,228.91201,124.44635800833332,0,0,0,0,0,12000,113.77705,197.8761000000116,228.91201,124.44635800833332,1200.0,12000,9600,80.0
rule_fpga_raft,60c1s5r10p,rw_zipf_0.4,concurrent_20,0,0,0,0,0,0,12000,159.54399999999998,234.5549000000177,280.28900999999996,156.99730448333332,12000,159.54399999999998,234.5549000000177,280.28900999999996,156.99730448333332,1200.0,0,0,0
rule_fpga_raft,60c1s5r10p,rw_zipf_0.4,concurrent_20,25,3005,149.764,195.82,228.821,124.94119976705491,8995,131.411,278.7048,280.99606,157.75905804335738,12000,140.887,228.91840000000002,280.953,149.54091936666666,1200.0,3005,2426,80.73211314475874
rule_fpga_raft,60c1s5r10p,rw_zipf_0.4,concurrent_20,50,5943,78.8621,227.6202,229.60532,123.34958759885579,6057,188.901,228.41240000000002,281.01995999999997,157.8810853557867,12000,139.1745,227.6801,279.85702000000003,140.77936109166666,1200.0,5943,4765,80.17836109708901
rule_fpga_raft,60c1s5r10p,rw_zipf_0.4,concurrent_20,75,9044,78.76755,196.201,228.43357,124.36922525431224,2956,189.121,278.5715,280.40645,158.62970639377536,12000,140.3495,227.6191,279.94307,132.808723775,1200.0,9044,7228,79.9203892083149
rule_fpga_raft,60c1s5r10p,rw_zipf_0.4,concurrent_20,100,12000,114.1675,199.6022000000109,229.614,124.38614539166667,0,0,0,0,0,12000,114.1675,199.6022000000109,229.614,124.38614539166667,1200.0,12000,9600,80.0
rule_fpga_raft,60c1s5r10p,rw_zipf_0.5,concurrent_20,0,0,0,0,0,0,12000,160.916,235.01450000001765,281.03202,157.88766941666668,12000,160.916,235.01450000001765,281.03202,157.88766941666668,1200.0,0,0,0
rule_fpga_raft,60c1s5r10p,rw_zipf_0.5,concurrent_20,25,2898,148.5925,227.1043,228.43203,124.91345866114561,9102,131.3995,229.0774,280.73599,157.78419162821356,12000,140.1325,228.0213,280.68104,149.8459096166667,1200.0,2898,2328,80.33126293995859
rule_fpga_raft,60c1s5r10p,rw_zipf_0.5,concurrent_20,50,6045,148.662,227.2856,229.00168,125.19915687344913,5955,129.917,230.189,280.42946,156.04109699412257,12000,140.1105,227.81220000000002,280.31300999999996,140.50446965833333,1200.0,6045,4851,80.24813895781638
rule_fpga_raft,60c1s5r10p,rw_zipf_0.5,concurrent_20,75,9083,148.916,195.9176,228.27618,124.40093289662006,2917,130.181,278.41360000000003,279.70656,156.94843723003083,12000,139.7495,227.08540000000002,279.16324000000003,132.31268874166665,1200.0,9083,7240,79.70934713200485
rule_fpga_raft,60c1s5r10p,rw_zipf_0.5,concurrent_20,100,12000,113.24154999999999,199.59280000001118,229.522,124.41824391666668,0,0,0,0,0,12000,113.24154999999999,199.59280000001118,229.522,124.41824391666668,1200.0,12000,9600,80.0
rule_fpga_raft,60c1s5r10p,rw_zipf_0.6,concurrent_20,0,0,0,0,0,0,12000,159.95850000000002,235.26400000001738,280.367,156.95551141666667,12000,159.95850000000002,235.26400000001738,280.367,156.95551141666667,1200.0,0,0,0
rule_fpga_raft,60c1s5r10p,rw_zipf_0.6,concurrent_20,25,3023,78.8589,196.168,228.40689999999998,123.56232530598743,8977,189.307,278.62,280.47272,157.7587296424195,12000,140.4505,226.95510000000002,280.44401,149.14408545,1200.0,3023,2446,80.91300033079722
rule_fpga_raft,60c1s5r10p,rw_zipf_0.6,concurrent_20,50,5973,78.7852,227.27779999999998,228.19328000000002,124.74413997990959,6027,189.399,230.3144,280.401,157.82611962833914,12000,139.762,227.7961,280.34902,141.35956425833334,1200.0,5973,4804,80.42859534572241
rule_fpga_raft,60c1s5r10p,rw_zipf_0.6,concurrent_20,75,8990,147.849,194.648,229.058,124.45094750834261,3010,131.159,279.2487,281.1601,157.89592006644517,12000,139.6345,227.2141,280.53101,132.8400614583333,1200.0,8990,7175,79.81090100111234
rule_fpga_raft,60c1s5r10p,rw_zipf_0.6,concurrent_20,100,12000,130.257,208.48740000000728,228.263,124.51875715833332,0,0,0,0,0,12000,130.257,208.48740000000728,228.263,124.51875715833332,1200.0,12000,9597,79.975
rule_fpga_raft,60c1s5r10p,rw_zipf_0.7,concurrent_20,0,0,0,0,0,0,12000,159.897,232.3302000000184,280.37300999999997,156.987415475,12000,159.897,232.3302000000184,280.37300999999997,156.987415475,1200.0,0,0,0
rule_fpga_raft,60c1s5r10p,rw_zipf_0.7,concurrent_20,25,3019,148.717,196.0634,228.84482,124.77787578668433,8981,131.156,278.196,280.1068,157.1123400400846,12000,139.9415,228.1731,280.04003,148.97752774166665,1200.0,3019,2415,79.99337528983106
rule_fpga_raft,60c1s5r10p,rw_zipf_0.7,concurrent_20,50,5969,148.351,227.3014,229.60428000000002,124.8718399564416,6031,130.281,228.551,281.0634,156.76471492289835,12000,139.381,227.40259999999998,280.54618,140.90066736666668,1200.0,5969,4801,80.43223320489194
rule_fpga_raft,60c1s5r10p,rw_zipf_0.7,concurrent_20,75,9048,148.064,227.70430000000002,228.95253,125.09331160477451,2952,131.13150000000002,229.5047,281.05798000000004,155.66568119918696,12000,139.796,227.727,280.44205,132.614114525,1200.0,9048,7241,80.02873563218391
rule_fpga_raft,60c1s5r10p,rw_zipf_0.7,concurrent_20,100,12000,138.1655,226.54330000000002,228.30601000000001,124.41199245833334,0,0,0,0,0,12000,138.1655,226.54330000000002,228.30601000000001,124.41199245833334,1200.0,12000,9590,79.91666666666667
rule_fpga_raft,60c1s5r10p,rw_zipf_0.8,concurrent_20,0,0,0,0,0,0,12000,160.3985,235.20810000001802,281.099,157.96881274166665,12000,160.3985,235.20810000001802,281.099,157.96881274166665,1200.0,0,0,0
rule_fpga_raft,60c1s5r10p,rw_zipf_0.8,concurrent_20,25,3055,78.9451,195.8396,228.54738,124.09303656301145,8945,188.568,278.5874,279.95056,157.0119014868642,12000,139.81900000000002,228.0751,279.923,148.63130712499998,1200.0,3055,2421,79.24713584288052
rule_fpga_raft,60c1s5r10p,rw_zipf_0.8,concurrent_20,50,5972,79.0959,195.8729,228.96629000000001,123.11214855994642,6028,189.428,279.16740000000004,281.08319,159.74139318181818,12000,140.101,227.7251,280.98202000000003,141.51223910833332,1200.0,5972,4762,79.73878097789685
rule_fpga_raft,60c1s5r10p,rw_zipf_0.8,concurrent_20,75,9006,79.31555,226.59550000000002,228.772,124.19399311570064,2994,189.56,229.2748,281.05607,159.17894268537074,12000,139.46949999999998,226.661,280.27802,132.92273803333336,1200.0,9006,7116,79.01399067288474
rule_fpga_raft,60c1s5r10p,rw_zipf_0.8,concurrent_20,100,12000,139.1935,208.13010000000747,228.957,124.66789500833333,0,0,0,0,0,12000,139.1935,208.13010000000747,228.957,124.66789500833333,1200.0,12000,9557,79.64166666666667
rule_fpga_raft,60c1s5r10p,rw_zipf_0.9,concurrent_20,0,0,0,0,0,0,12000,160.69099999999997,235.52650000001788,281.70102,157.80269628333332,12000,160.69099999999997,235.52650000001788,281.70102,157.80269628333332,1200.0,0,0,0
rule_fpga_raft,60c1s5r10p,rw_zipf_0.9,concurrent_20,25,3002,78.76455,196.3479,228.96899,123.28588837441706,8998,188.5385,277.8653,280.28202999999996,157.58188826405868,12000,140.07999999999998,227.393,280.24604,149.00217229166668,1200.0,3002,2381,79.31379080612925
rule_fpga_raft,60c1s5r10p,rw_zipf_0.9,concurrent_20,50,6003,130.424,227.0188,228.57595999999998,124.92482751957354,5997,189.506,228.3116,280.76916,157.33367777221946,12000,138.8955,227.1461,280.65603,141.12115043333333,1200.0,6003,4782,79.66016991504247
rule_fpga_raft,60c1s5r10p,rw_zipf_0.9,concurrent_20,75,8948,78.8485,205.01620000000003,228.82353,123.99708838846671,3052,188.91649999999998,279.1302,280.23496,160.21724020314545,12000,139.82,227.7921,279.86804,133.20908033333333,1200.0,8948,7057,78.86678587393831
rule_fpga_raft,60c1s5r10p,rw_zipf_0.9,concurrent_20,100,12000,139.00900000000001,226.5261,228.892,124.78279581666666,0,0,0,0,0,12000,139.00900000000001,226.5261,228.892,124.78279581666666,1200.0,12000,9454,78.78333333333333
rule_fpga_raft,60c1s5r10p,rw_zipf_1,concurrent_20,0,0,0,0,0,0,12000,159.272,232.46120000001875,279.54502,156.77226154166667,12000,159.272,232.46120000001875,279.54502,156.77226154166667,1200.0,0,0,0
rule_fpga_raft,60c1s5r10p,rw_zipf_1,concurrent_20,25,2999,79.1379,227.08620000000002,229.55302,123.8256612870957,9001,188.629,227.774,280.936,157.4709390734363,12000,139.561,227.3891,280.883,149.0624234,1200.0,2999,2307,76.92564188062687
rule_fpga_raft,60c1s5r10p,rw_zipf_1,concurrent_20,50,6002,148.657,227.0119,228.23497,126.25281847717426,5998,130.906,228.959,280.13203,157.41080936978994,12000,139.8725,227.6552,280.07502,141.826620925,1200.0,6002,4559,75.9580139953349
rule_fpga_raft,60c1s5r10p,rw_zipf_1,concurrent_20,75,9033,147.667,226.6276,228.75368,126.01735033765084,2967,131.126,229.26020000000003,280.1091,156.52597340748233,12000,139.5075,227.2191,279.25104999999996,133.56060739166665,1200.0,9033,6929,76.70762758773387
rule_fpga_raft,60c1s5r10p,rw_zipf_1,concurrent_20,100,12000,139.779,227.3112,228.28801,125.86943123333333,0,0,0,0,0,12000,139.779,227.3112,228.28801,125.86943123333333,1200.0,12000,9137,76.14166666666667
rule_copilot,60c1s5r10p,rw_1000000,concurrent_20,0,0,0,0,0,0,12000,210.904,326.2790000000037,349.31903,232.30883616666665,12000,210.904,326.2790000000037,349.31903,232.30883616666665,1200.0,0,0,0
rule_copilot,60c1s5r10p,rw_1000000,concurrent_20,25,2981,144.163,197.88,228.99120000000002,126.96445159342504,9019,192.398,337.3436,349.6271,232.34157378866837,12000,186.364,322.7821,349.39914,206.16414035,1200.0,2981,2981,100.0
rule_copilot,60c1s5r10p,rw_1000000,concurrent_20,50,5996,78.2549,199.9155,228.927,124.49538992661775,6004,235.688,339.85540000000003,351.76367,234.54367205196536,12000,175.833,307.6783,351.32500999999996,179.55621375000004,1200.0,5996,5996,100.0
rule_copilot,60c1s5r10p,rw_1000000,concurrent_20,75,9082,143.45350000000002,227.0069,228.135,126.07200325919402,2918,187.87849999999997,319.75780000000003,351.13713,231.4518817683345,12000,165.7855,240.1731,348.47814,151.69687705,1200.0,9082,9081,99.98898920942524
rule_copilot,60c1s5r10p,rw_1000000,concurrent_20,100,12000,130.8295,226.5353,228.434,125.75612034166666,0,0,0,0,0,12000,130.8295,226.5353,228.434,125.75612034166666,1200.0,12000,11998,99.98333333333333
rule_copilot,60c1s5r10p,rw_zipf_1,concurrent_20,0,0,0,0,0,0,12000,197.335,293.9733000000001,310.44,194.92548164166666,12000,197.335,293.9733000000001,310.44,194.92548164166666,1200.0,0,0,0
rule_copilot,60c1s5r10p,rw_zipf_1,concurrent_20,25,3064,164.14600000000002,229.7341,340.27292,150.74087911227153,8936,222.9805,334.328,342.3132,228.64413070725155,12000,192.247,325.3832,342.02705,208.7528338,1200.0,3064,2297,74.96736292428199
rule_copilot,60c1s5r10p,rw_zipf_1,concurrent_20,50,5959,172.889,240.4296,349.53394000000003,153.35000030206413,6041,236.918,340.491,352.70820000000003,236.21198741930144,12000,178.3495,321.54760000000005,351.09215,195.06410565000002,1200.0,5959,4406,73.93858029870783
rule_copilot,60c1s5r10p,rw_zipf_1,concurrent_20,75,9009,171.659,275.5702,353.25268,153.99094345654345,2991,239.357,342.615,354.5727,235.91528284854564,12000,176.792,308.6447,353.96614,174.41058505,1200.0,9009,6669,74.02597402597402
rule_copilot,60c1s5r10p,rw_zipf_1,concurrent_20,100,12000,170.93849999999998,270.28250000000014,348.15909999999997,153.83833686666668,0,0,0,0,0,12000,170.93849999999998,270.28250000000014,348.15909999999997,153.83833686666668,1200.0,12000,8842,73.68333333333334
rule_copilot,60c1s5r10p,rw_zipf_0,concurrent_20,0,0,0,0,0,0,12000,219.09750000000003,330.21940000000046,355.56822,235.72399741666666,12000,219.09750000000003,330.21940000000046,355.56822,235.72399741666666,1200.0,0,0,0
rule_copilot,60c1s5r10p,rw_zipf_0,concurrent_20,25,2974,148.707,226.9324,228.90527,126.94005124411568,9026,204.846,304.007,342.167,202.81629434965654,12000,179.7875,281.1013,324.13279,184.0116321,1200.0,2974,2974,100.0
rule_copilot,60c1s5r10p,rw_zipf_0,concurrent_20,50,6065,147.792,197.2516,228.81208,125.89409063478978,5935,195.018,338.0312,348.56666,233.98868862679024,12000,174.092,309.109,348.17102,179.35587722499997,1200.0,6065,6065,100.0
rule_copilot,60c1s5r10p,rw_zipf_0,concurrent_20,75,9055,77.873,227.04,229.543,125.73267042517946,2945,253.191,331.0264,352.8254,237.7359066213922,12000,173.344,255.5075,350.59622,153.22013130833332,1200.0,9055,9054,99.98895637769188
rule_copilot,60c1s5r10p,rw_zipf_0,concurrent_20,100,12000,146.6645,226.4968,228.75901,126.06515741666666,0,0,0,0,0,12000,146.6645,226.4968,228.75901,126.06515741666666,1200.0,12000,11997,99.975
rule_copilot,60c1s5r10p,rw_zipf_0.1,concurrent_20,0,0,0,0,0,0,12000,217.61950000000002,324.729100000006,351.22363,234.02253216666665,12000,217.61950000000002,324.729100000006,351.22363,234.02253216666665,1200.0,0,0,0
rule_copilot,60c1s5r10p,rw_zipf_0.1,concurrent_20,25,2968,78.79345,199.49630000000002,228.98132999999999,124.21188072776279,9032,242.59199999999998,337.51040000000023,356.8068,237.89927734720993,12000,182.209,326.97090000000003,356.48809,209.7805945833333,1200.0,2968,2967,99.96630727762803
rule_copilot,60c1s5r10p,rw_zipf_0.1,concurrent_20,50,6001,147.945,199.789,229.068,126.24177218796866,5999,194.649,331.6367999999999,353.42532,234.80673628938158,12000,177.0895,307.7298,352.69711,180.5152071583333,1200.0,6001,6001,100.0
rule_copilot,60c1s5r10p,rw_zipf_0.1,concurrent_20,75,8991,148.194,204.892,228.985,126.08243045267488,3009,196.046,338.5308,353.74112,236.42879062811565,12000,171.811,268.90820000000025,349.45706,153.75178026666666,1200.0,8991,8991,100.0
rule_copilot,60c1s5r10p,rw_zipf_0.1,concurrent_20,100,12000,148.26749999999998,226.574,228.875,126.28287470000001,0,0,0,0,0,12000,148.26749999999998,226.574,228.875,126.28287470000001,1200.0,12000,11992,99.93333333333334
rule_copilot,60c1s5r10p,rw_zipf_0.2,concurrent_20,0,0,0,0,0,0,12000,224.544,332.22880000000146,354.71832,237.76645475,12000,224.544,332.22880000000146,354.71832,237.76645475,1200.0,0,0,0
rule_copilot,60c1s5r10p,rw_zipf_0.2,concurrent_20,25,3044,78.38245,226.8954,228.832,125.91592168199736,8956,246.52,325.358,348.10525,233.71500033497097,12000,182.65800000000002,323.1132,347.69708,206.36996738333332,1200.0,3044,3044,100.0
rule_copilot,60c1s5r10p,rw_zipf_0.2,concurrent_20,50,6095,78.021,227.0292,228.29206,126.00364580803938,5905,248.271,326.2442,353.58368,235.3805534292972,12000,176.18,308.598,352.94014,179.8261991,1200.0,6095,6095,100.0
rule_copilot,60c1s5r10p,rw_zipf_0.2,concurrent_20,75,8979,78.447,199.5514,228.16722000000001,126.31260080187101,3021,248.235,340.109,351.43399999999997,233.81330850711686,12000,167.111,254.33200000000002,348.91117,153.37590396666667,1200.0,8979,8978,99.98886290232765
rule_copilot,60c1s5r10p,rw_zipf_0.2,concurrent_20,100,12000,148.7995,227.6651,228.82201,126.51995699166666,0,0,0,0,0,12000,148.7995,227.6651,228.82201,126.51995699166666,1200.0,12000,11998,99.98333333333333
rule_copilot,60c1s5r10p,rw_zipf_0.3,concurrent_20,0,0,0,0,0,0,12000,208.439,306.6571,326.18624000000005,199.88023655833334,12000,208.439,306.6571,326.18624000000005,199.88023655833334,1200.0,0,0,0
rule_copilot,60c1s5r10p,rw_zipf_0.3,concurrent_20,25,2984,79.11314999999999,227.09290000000001,251.16846,126.7924688002681,9016,241.5005,331.53700000000003,356.4024,236.24842102928127,12000,182.442,321.3663,355.92904999999996,209.03037424166666,1200.0,2984,2984,100.0
rule_copilot,60c1s5r10p,rw_zipf_0.3,concurrent_20,50,5950,113.57355000000001,199.55949999999999,228.29604,126.35997351260504,6050,213.49349999999998,334.5653,345.05363,230.22325024793386,12000,170.2785,307.3996,341.31211,178.72437553333333,1200.0,5950,5949,99.98319327731092
rule_copilot,60c1s5r10p,rw_zipf_0.3,concurrent_20,75,9049,148.471,227.709,228.848,126.419919438612,2951,144.083,276.835,313.788,190.5385641477465,12000,146.96300000000002,228.86,310.36937000000006,142.18776281666666,1200.0,9049,9048,99.98894905514422
rule_copilot,60c1s5r10p,rw_zipf_0.3,concurrent_20,100,12000,147.87650000000002,227.1292,229.005,126.19191911666665,0,0,0,0,0,12000,147.87650000000002,227.1292,229.005,126.19191911666665,1200.0,12000,11998,99.98333333333333
rule_copilot,60c1s5r10p,rw_zipf_0.4,concurrent_20,0,0,0,0,0,0,12000,219.059,322.8594000000061,350.651,233.98915383333338,12000,219.059,322.8594000000061,350.651,233.98915383333338,1200.0,0,0,0
rule_copilot,60c1s5r10p,rw_zipf_0.4,concurrent_20,25,2991,148.61,226.974,228.4521,128.1776401537947,9009,193.52,325.68440000000004,349.00244,233.35156809856807,12000,182.6465,321.6836,348.65713,207.13696655833334,1200.0,2991,2990,99.96656636576395
rule_copilot,60c1s5r10p,rw_zipf_0.4,concurrent_20,50,5997,148.251,227.1774,228.46504000000002,127.86446201434052,6003,200.565,333.43600000000004,352.15930000000003,236.05751724137932,12000,178.45850000000002,313.1539,351.33035,181.98803789166666,1200.0,5997,5997,100.0
rule_copilot,60c1s5r10p,rw_zipf_0.4,concurrent_20,75,9085,149.668,227.048,228.924,127.04707766648322,2915,202.616,334.9266,341.27544,232.79535780445968,12000,167.0615,245.5422,340.348,152.73509738333334,1200.0,9085,9083,99.97798569069896
rule_copilot,60c1s5r10p,rw_zipf_0.4,concurrent_20,100,12000,114.5729,225.88230000000001,229.483,126.18508334166665,0,0,0,0,0,12000,114.5729,225.88230000000001,229.483,126.18508334166665,1200.0,12000,11998,99.98333333333333
rule_copilot,60c1s5r10p,rw_zipf_0.5,concurrent_20,0,0,0,0,0,0,12000,218.02800000000002,327.4499000000019,355.91623,235.542898,12000,218.02800000000002,327.4499000000019,355.91623,235.542898,1200.0,0,0,0
rule_copilot,60c1s5r10p,rw_zipf_0.5,concurrent_20,25,2975,79.176,199.54059999999998,228.87152,125.90063630252101,9025,253.125,339.91420000000016,355.2836,237.9035902493075,12000,190.02550000000002,326.6859,354.92508000000004,210.13619125,1200.0,2975,2974,99.96638655462185
rule_copilot,60c1s5r10p,rw_zipf_0.5,concurrent_20,50,6068,148.1205,197.9975,228.78466,125.8772611898484,5932,222.518,338.59400000000005,350.07414,234.53731523937964,12000,174.982,308.9652,349.79001,179.59154790833335,1200.0,6068,6064,99.9340804218853
rule_copilot,60c1s5r10p,rw_zipf_0.5,concurrent_20,75,8936,148.864,227.656,229.52,127.37516347358998,3064,175.38049999999998,306.94280000000003,327.57289,198.7155773825065,12000,151.501,236.21880000000007,310.57217,145.59074915833332,1200.0,8936,8927,99.89928379588183
rule_copilot,60c1s5r10p,rw_zipf_0.5,concurrent_20,100,12000,149.04399999999998,227.1911,228.45101,126.57294494166668,0,0,0,0,0,12000,149.04399999999998,227.1911,228.45101,126.57294494166668,1200.0,12000,11992,99.93333333333334
rule_copilot,60c1s5r10p,rw_zipf_0.6,concurrent_20,0,0,0,0,0,0,12000,220.6685,327.9933000000015,352.64624000000003,235.67466416666664,12000,220.6685,327.9933000000015,352.64624000000003,235.67466416666664,1200.0,0,0,0
rule_copilot,60c1s5r10p,rw_zipf_0.6,concurrent_20,25,3081,147.815,197.8,229.1062,126.53442573839664,8919,190.154,335.6426,353.11132,234.13737762080953,12000,183.17149999999998,320.92949999999996,352.48931999999996,206.51031972500002,1200.0,3081,3073,99.74034404414151
rule_copilot,60c1s5r10p,rw_zipf_0.6,concurrent_20,50,6036,148.2495,227.772,228.47465,126.2715058316766,5964,197.043,328.7009,352.87874,235.62524865861837,12000,176.709,310.0068,352.29109,180.62031601666666,1200.0,6036,6029,99.88402915838303
rule_copilot,60c1s5r10p,rw_zipf_0.6,concurrent_20,75,8969,148.673,227.10320000000002,229.10932,126.58171739324338,3031,187.441,320.781,351.5176,232.41177565160012,12000,166.4075,254.1254,350.03116,153.31262627499999,1200.0,8969,8950,99.78815921507415
rule_copilot,60c1s5r10p,rw_zipf_0.6,concurrent_20,100,12000,147.534,226.51420000000002,229.033,126.56441248333334,0,0,0,0,0,12000,147.534,226.51420000000002,229.033,126.56441248333334,1200.0,12000,11964,99.7
rule_copilot,60c1s5r10p,rw_zipf_0.7,concurrent_20,0,0,0,0,0,0,12000,221.5035,334.8185000000008,352.81102,235.3322223333334,12000,221.5035,334.8185000000008,352.81102,235.3322223333334,1200.0,0,0,0
rule_copilot,60c1s5r10p,rw_zipf_0.7,concurrent_20,25,2922,148.002,227.25469999999999,228.56095000000002,129.08852638603693,9078,193.964,326.35110000000003,350.85903,234.47223617536903,12000,186.37650000000002,323.8484,350.44514,208.81130284166665,1200.0,2922,2893,99.00752908966462
rule_copilot,60c1s5r10p,rw_zipf_0.7,concurrent_20,50,6013,148.624,199.56719999999999,229.60376000000002,126.867300498919,5987,248.987,339.1358,351.06656,235.0958217805245,12000,175.704,309.142,350.70014,180.864313575,1200.0,6013,5963,99.16846831864294
rule_copilot,60c1s5r10p,rw_zipf_0.7,concurrent_20,75,9072,148.3105,227.2359,229.05458000000002,127.07752430555554,2928,250.09050000000002,336.49040000000025,350.42384,235.56071789617482,12000,172.715,254.2568,347.57508,153.54742354166666,1200.0,9072,8981,98.99691358024691
rule_copilot,60c1s5r10p,rw_zipf_0.7,concurrent_20,100,12000,147.688,226.541,227.98901,127.57565601666667,0,0,0,0,0,12000,147.688,226.541,227.98901,127.57565601666667,1200.0,12000,11863,98.85833333333333
rule_copilot,60c1s5r10p,rw_zipf_0.8,concurrent_20,0,0,0,0,0,0,12000,224.3995,324.31680000000296,349.04902,234.02823991666668,12000,224.3995,324.31680000000296,349.04902,234.02823991666668,1200.0,0,0,0
rule_copilot,60c1s5r10p,rw_zipf_0.8,concurrent_20,25,2940,150.611,227.2761,277.05990000000014,131.7433856122449,9060,194.636,338.9203000000003,349.8031,234.93489403973513,12000,190.38150000000002,324.5161,349.45511999999997,209.65297447499998,1200.0,2940,2818,95.85034013605443
rule_copilot,60c1s5r10p,rw_zipf_0.8,concurrent_20,50,6025,148.482,227.86520000000002,302.8159200000001,129.9049233526971,5975,246.792,338.8970000000001,348.88652,232.58659179916316,12000,174.9975,304.94939999999997,348.0771,181.03183743333335,1200.0,6025,5780,95.93360995850622
rule_copilot,60c1s5r10p,rw_zipf_0.8,concurrent_20,75,9042,149.53,227.7158,269.70725000000004,130.1885806126963,2958,194.5855,326.9046,343.7562,230.7881301555105,12000,166.1885,266.3213,342.38115,154.986369575,1200.0,9042,8696,96.17341296173413
rule_copilot,60c1s5r10p,rw_zipf_0.8,concurrent_20,100,12000,148.184,227.4476,302.03435,130.135533675,0,0,0,0,0,12000,148.184,227.4476,302.03435,130.135533675,1200.0,12000,11517,95.975
rule_copilot,60c1s5r10p,rw_zipf_0.9,concurrent_20,0,0,0,0,0,0,12000,218.3865,328.67660000000103,351.85902999999996,235.22424341666667,12000,218.3865,328.67660000000103,351.85902999999996,235.22424341666667,1200.0,0,0,0
rule_copilot,60c1s5r10p,rw_zipf_0.9,concurrent_20,25,3004,150.50650000000002,227.8867,347.5023899999999,137.54695472703062,8996,250.8525,334.29600000000005,351.4491,236.15146876389505,12000,186.09550000000002,323.3684,351.25127,211.46747208333335,1200.0,3004,2666,88.74833555259654
rule_copilot,60c1s5r10p,rw_zipf_0.9,concurrent_20,50,6000,148.24450000000002,227.263,302.10625,133.10082858333334,6000,205.905,301.8814,316.95853000000005,197.33690646666668,12000,172.665,267.17810000000003,305.93024,165.21886752499998,1200.0,6000,5361,89.35
rule_copilot,60c1s5r10p,rw_zipf_0.9,concurrent_20,75,8956,151.687,227.899,344.80780000000004,138.0891631196963,3044,187.59050000000002,320.01250000000005,350.48322,230.68191162943498,12000,172.655,275.713,346.95011999999997,161.5768569916667,1200.0,8956,7983,89.1357748995087
rule_copilot,60c1s5r10p,rw_zipf_0.9,concurrent_20,100,12000,149.514,228.252,346.97231999999997,138.43003135833334,0,0,0,0,0,12000,149.514,228.252,346.97231999999997,138.43003135833334,1200.0,12000,10658,88.81666666666666
rule_copilot,60c1s5r10p,rw_zipf_1,concurrent_20,0,0,0,0,0,0,12000,217.50650000000002,323.4427000000055,349.46706,233.013905,12000,217.50650000000002,323.4427000000055,349.46706,233.013905,1200.0,0,0,0
rule_copilot,60c1s5r10p,rw_zipf_1,concurrent_20,25,3001,150.639,228.165,309.29,142.14292675774743,8999,204.487,295.6046,312.69204,195.7113668185354,12000,175.24650000000003,274.5642,312.61702,182.31479276666667,1200.0,3001,2333,77.7407530823059
rule_copilot,60c1s5r10p,rw_zipf_1,concurrent_20,50,6000,172.0455,254.0675,347.94016,153.77374696666666,6000,195.1995,327.6992,351.34105,234.67989616666668,12000,177.2585,317.2101,350.80304,194.22682156666667,1200.0,6000,4527,75.45
rule_copilot,60c1s5r10p,rw_zipf_1,concurrent_20,75,8960,167.0495,251.9925,345.9522,152.075512890625,3040,249.34,338.18149999999997,347.22882,233.8765917763158,12000,173.785,304.759,346.29908,172.798452875,1200.0,8960,6743,75.25669642857143
rule_copilot,60c1s5r10p,rw_zipf_1,concurrent_20,100,12000,166.6525,253.8531,348.53909,151.61517089166668,0,0,0,0,0,12000,166.6525,253.8531,348.53909,151.61517089166668,1200.0,12000,9160,76.33333333333333
rule_copilot,60c1s5r10p,rw_zipf_0,concurrent_20,0,0,0,0,0,0,12000,215.7225,323.924400000003,351.64403,234.29520958333333,12000,215.7225,323.924400000003,351.64403,234.29520958333333,1200.0,0,0,0
rule_copilot,60c1s5r10p,rw_zipf_0,concurrent_20,25,3047,78.45,226.5396,228.44454,126.43133577289137,8953,208.493,327.7308,351.18248,232.82558851781522,12000,179.1935,313.33150000000006,351.10803,205.81031450833333,1200.0,3047,3045,99.93436166721365
rule_copilot,60c1s5r10p,rw_zipf_0,concurrent_20,50,6065,149.303,199.3908,228.133,126.99369159109646,5935,175.308,297.2366,314.22864,196.22901900589721,12000,149.316,263.4647,313.96202,161.23633060833333,1200.0,6065,6065,100.0
rule_copilot,60c1s5r10p,rw_zipf_0,concurrent_20,75,9027,78.0139,199.8118,228.895,125.70375987592779,2973,210.843,323.1926,352.2606,232.04659606458125,12000,167.38299999999998,254.1505,349.06437000000005,152.05019754166668,1200.0,9027,9027,100.0
rule_copilot,60c1s5r10p,rw_zipf_0,concurrent_20,100,12000,113.48705,201.61960000000977,228.95601,125.91887771666667,0,0,0,0,0,12000,113.48705,201.61960000000977,228.95601,125.91887771666667,1200.0,12000,12000,100.0
rule_copilot,60c1s5r10p,rw_zipf_0.1,concurrent_20,0,0,0,0,0,0,12000,223.6455,343.1649,352.90576,236.80865991666664,12000,223.6455,343.1649,352.90576,236.80865991666664,1200.0,0,0,0
rule_copilot,60c1s5r10p,rw_zipf_0.1,concurrent_20,25,3027,78.1621,227.0598,228.83374,124.74314777006937,8973,208.841,275.12680000000006,310.2464,191.20205583416916,12000,144.5865,271.61460000000005,309.37239,174.437796275,1200.0,3027,3027,100.0
rule_copilot,60c1s5r10p,rw_zipf_0.1,concurrent_20,50,6093,148.076,197.93179999999998,228.18923999999998,126.36523743640244,5907,139.457,291.8900000000001,305.0834,188.78131911291686,12000,144.942,255.77880000000002,304.92003,157.08955364166667,1200.0,6093,6093,100.0
rule_copilot,60c1s5r10p,rw_zipf_0.1,concurrent_20,75,8993,78.4189,199.4924,228.81907999999999,126.17971584565774,3007,253.275,340.3618,355.29474,236.43909112071836,12000,169.8815,257.1259,351.45437000000004,153.8088776333333,1200.0,8993,8993,100.0
rule_copilot,60c1s5r10p,rw_zipf_0.1,concurrent_20,100,12000,113.01995,226.821,228.12002,126.03650178333334,0,0,0,0,0,12000,113.01995,226.821,228.12002,126.03650178333334,1200.0,12000,12000,100.0
rule_copilot,60c1s5r10p,rw_zipf_0.2,concurrent_20,0,0,0,0,0,0,12000,225.989,335.5283000000014,352.01901,238.24218625,12000,225.989,335.5283000000014,352.01901,238.24218625,1200.0,0,0,0
rule_copilot,60c1s5r10p,rw_zipf_0.2,concurrent_20,25,3029,79.5681,197.79600000000002,228.77615999999998,124.96026348629913,8971,250.815,340.494,352.6167,235.13465020622002,12000,182.7945,320.0668,352.44808,207.32479875833334,1200.0,3029,3029,100.0
rule_copilot,60c1s5r10p,rw_zipf_0.2,concurrent_20,50,5944,79.19505,225.8974,228.864,126.20492974427994,6056,243.88,322.34799999999996,347.22995000000003,232.20190488771468,12000,174.37,305.0811,346.65200999999996,179.69806986666669,1200.0,5944,5944,100.0
rule_copilot,60c1s5r10p,rw_zipf_0.2,concurrent_20,75,9038,147.5205,197.77970000000002,228.83062999999999,126.28380087408719,2962,199.9545,340.14959999999996,344.46119,233.93354659014182,12000,167.897,247.3842,342.66116,152.85534644166668,1200.0,9038,9038,100.0
rule_copilot,60c1s5r10p,rw_zipf_0.2,concurrent_20,100,12000,143.359,227.1862,228.93101000000001,126.30779168333335,0,0,0,0,0,12000,143.359,227.1862,228.93101000000001,126.30779168333335,1200.0,12000,11990,99.91666666666667
rule_copilot,60c1s5r10p,rw_zipf_0.3,concurrent_20,0,0,0,0,0,0,12000,220.32,326.00600000000196,353.44113,234.499194,12000,220.32,326.00600000000196,353.44113,234.499194,1200.0,0,0,0
rule_copilot,60c1s5r10p,rw_zipf_0.3,concurrent_20,25,3031,78.8621,199.716,228.8427,125.21345351369185,8969,245.633,337.0276,349.10516,235.0297075482216,12000,188.348,323.5401,348.69804999999997,207.29195204999996,1200.0,3031,3031,100.0
rule_copilot,60c1s5r10p,rw_zipf_0.3,concurrent_20,50,6033,148.23,226.4856,228.76368000000002,126.35445400298359,5967,143.844,276.35900000000004,309.08308,192.10963884699177,12000,146.275,259.0061,307.605,159.05121966666667,1200.0,6033,6033,100.0
rule_copilot,60c1s5r10p,rw_zipf_0.3,concurrent_20,75,8910,79.24340000000001,199.6371,228.42791,125.74884618406284,3090,210.9315,307.4497,351.71465,223.0939588996764,12000,164.707,253.6081,347.44946000000004,150.81521270833332,1200.0,8910,8909,99.98877665544332
rule_copilot,60c1s5r10p,rw_zipf_0.3,concurrent_20,100,12000,114.26350000000001,203.55500000000944,229.01301,126.40010289166666,0,0,0,0,0,12000,114.26350000000001,203.55500000000944,229.01301,126.40010289166666,1200.0,12000,12000,100.0
rule_copilot,60c1s5r10p,rw_zipf_0.4,concurrent_20,0,0,0,0,0,0,12000,218.3945,323.69720000000314,353.52808000000005,234.17499716666666,12000,218.3945,323.69720000000314,353.52808000000005,234.17499716666666,1200.0,0,0,0
rule_copilot,60c1s5r10p,rw_zipf_0.4,concurrent_20,25,2930,149.015,200.0137,228.46271,127.01934460750853,9070,208.9305,324.2211,353.29531000000003,234.66771921719956,12000,188.986,322.5652,352.93824,208.38357441666668,1200.0,2930,2930,100.0
rule_copilot,60c1s5r10p,rw_zipf_0.4,concurrent_20,50,6016,78.75245,199.672,229.0067,125.48054961768615,5984,252.303,338.9665,351.58253,236.1567850935829,12000,176.7645,308.8251,350.35900999999996,180.67109904166668,1200.0,6016,6016,100.0
rule_copilot,60c1s5r10p,rw_zipf_0.4,concurrent_20,75,9066,147.071,227.606,228.979,126.58181849768364,2934,191.38049999999998,324.252,356.78701,234.87895023858218,12000,168.563,256.5462,353.70628000000005,153.0604672083333,1200.0,9066,9065,99.9889697771895
rule_copilot,60c1s5r10p,rw_zipf_0.4,concurrent_20,100,12000,114.1651,200.83530000001056,228.922,126.42197781666667,0,0,0,0,0,12000,114.1651,200.83530000001056,228.922,126.42197781666667,1200.0,12000,12000,100.0
rule_copilot,60c1s5r10p,rw_zipf_0.5,concurrent_20,0,0,0,0,0,0,12000,207.637,325.4151,343.12526,227.0242241,12000,207.637,325.4151,343.12526,227.0242241,1200.0,0,0,0
rule_copilot,60c1s5r10p,rw_zipf_0.5,concurrent_20,25,2920,113.2651,199.7562,228.89281,126.60293791095891,9080,235.293,330.7720000000004,341.89772999999997,231.24484504405285,12000,191.25900000000001,326.05980000000005,341.59305,205.78198097500004,1200.0,2920,2919,99.96575342465754
rule_copilot,60c1s5r10p,rw_zipf_0.5,concurrent_20,50,6031,148.148,226.599,228.877,126.63818371745978,5969,199.312,331.8302,342.96856,232.09847964483163,12000,173.95850000000002,313.4801,341.65804,179.09589258333335,1200.0,6031,6031,100.0
rule_copilot,60c1s5r10p,rw_zipf_0.5,concurrent_20,75,8990,147.9395,226.954,227.738,126.3841410122358,3010,195.0865,327.4653,343.61538,231.1463571428571,12000,166.6655,246.35440000000003,342.23804,152.66199689166666,1200.0,8990,8989,99.9888765294772
rule_copilot,60c1s5r10p,rw_zipf_0.5,concurrent_20,100,12000,113.79804999999999,202.59960000000999,228.94201,126.04745591666666,0,0,0,0,0,12000,113.79804999999999,202.59960000000999,228.94201,126.04745591666666,1200.0,12000,12000,100.0
rule_copilot,60c1s5r10p,rw_zipf_0.6,concurrent_20,0,0,0,0,0,0,12000,227.888,330.7714,351.78819000000004,234.60839583333333,12000,227.888,330.7714,351.78819000000004,234.60839583333333,1200.0,0,0,0
rule_copilot,60c1s5r10p,rw_zipf_0.6,concurrent_20,25,2928,78.61805000000001,207.98120000000495,228.28,124.28193668032789,9072,208.7105,303.5323,307.238,198.20312777777778,12000,174.345,273.3874,307.14901,180.16635715,1200.0,2928,2927,99.96584699453553
rule_copilot,60c1s5r10p,rw_zipf_0.6,concurrent_20,50,5990,79.10995,197.79690000000002,228.76933,125.61649657762939,6010,253.3125,339.90680000000003,354.68439,238.48352845257904,12000,177.857,313.542,353.60527,182.144068375,1200.0,5990,5989,99.98330550918197
rule_copilot,60c1s5r10p,rw_zipf_0.6,concurrent_20,75,8993,78.8188,197.8264,227.78,125.66201205381964,3007,247.39,338.749,353.85588,235.93113867642168,12000,170.90300000000002,255.14530000000002,351.88011,153.29361736666667,1200.0,8993,8992,99.98888024018682
rule_copilot,60c1s5r10p,rw_zipf_0.6,concurrent_20,100,12000,113.64995,226.93640000000002,228.29602,126.12887388333333,0,0,0,0,0,12000,113.64995,226.93640000000002,228.29602,126.12887388333333,1200.0,12000,11996,99.96666666666667
rule_copilot,60c1s5r10p,rw_zipf_0.7,concurrent_20,0,0,0,0,0,0,12000,212.3675,327.03220000000005,339.65700999999996,228.87617125000003,12000,212.3675,327.03220000000005,339.65700999999996,228.87617125000003,1200.0,0,0,0
rule_copilot,60c1s5r10p,rw_zipf_0.7,concurrent_20,25,2998,78.63985,199.1125,228.96703000000002,124.68887348232155,9002,247.8045,338.1573000000001,348.09968000000003,232.99614785603197,12000,183.721,320.7782,347.58605,205.93738047500003,1200.0,2998,2992,99.79986657771848
rule_copilot,60c1s5r10p,rw_zipf_0.7,concurrent_20,50,6016,148.136,227.1825,228.49485,126.83779921875,5984,209.026,305.9747,335.55117,201.80531873328877,12000,170.702,270.985,309.68809,164.22160228333334,1200.0,6016,6011,99.91688829787235
rule_copilot,60c1s5r10p,rw_zipf_0.7,concurrent_20,75,9099,150.254,197.66920000000002,228.51002,126.19758198703154,2901,190.442,339.034,352.456,232.52234332988624,12000,166.24599999999998,252.7997,346.71112,151.90159304166667,1200.0,9099,9080,99.7911858445983
rule_copilot,60c1s5r10p,rw_zipf_0.7,concurrent_20,100,12000,149.7535,226.4863,229.58801,126.33490304166666,0,0,0,0,0,12000,149.7535,226.4863,229.58801,126.33490304166666,1200.0,12000,11989,99.90833333333333
rule_copilot,60c1s5r10p,rw_zipf_0.8,concurrent_20,0,0,0,0,0,0,12000,218.678,328.4328000000029,351.07502,235.456903,12000,218.678,328.4328000000029,351.07502,235.456903,1200.0,0,0,0
rule_copilot,60c1s5r10p,rw_zipf_0.8,concurrent_20,25,2926,150.176,202.0365,229.5025,126.95822491455912,9074,246.411,337.1056,351.95259,234.74954860039674,12000,183.781,323.7758,351.69502,208.4664308416667,1200.0,2926,2898,99.04306220095694
rule_copilot,60c1s5r10p,rw_zipf_0.8,concurrent_20,50,5981,149.276,226.582,229.5572,126.7714584183247,6019,249.55,334.09539999999987,351.70774,234.0222663233095,12000,175.3875,306.51349999999996,350.76206,180.56667615000003,1200.0,5981,5929,99.13058017054004
rule_copilot,60c1s5r10p,rw_zipf_0.8,concurrent_20,75,9005,147.457,198.00820000000002,229.01996,126.5433443642421,2995,192.723,341.00539999999995,352.06918,234.9971839732888,12000,170.2315,257.7341,348.77806000000004,153.61161516666667,1200.0,9005,8954,99.43364797334814
rule_copilot,60c1s5r10p,rw_zipf_0.8,concurrent_20,100,12000,147.4115,227.267,229.061,126.83087032499999,0,0,0,0,0,12000,147.4115,227.267,229.061,126.83087032499999,1200.0,12000,11916,99.3
rule_copilot,60c1s5r10p,rw_zipf_0.9,concurrent_20,0,0,0,0,0,0,12000,224.5805,332.36320000000023,350.33901,235.19057750000002,12000,224.5805,332.36320000000023,350.33901,235.19057750000002,1200.0,0,0,0
rule_copilot,60c1s5r10p,rw_zipf_0.9,concurrent_20,25,3003,147.901,226.6098,277.12998,129.8461133200133,8997,194.173,339.7478000000001,354.5395199999999,234.895266644437,12000,184.1205,321.3951,353.88205,208.606716025,1200.0,3003,2913,97.002997002997
rule_copilot,60c1s5r10p,rw_zipf_0.9,concurrent_20,50,6034,135.24849999999998,227.294,229.73906,127.02127959893937,5966,210.99,276.5475,310.4074,193.77960341937649,12000,146.0795,265.8299,309.64609,160.211292925,1200.0,6034,5879,97.43122306927411
rule_copilot,60c1s5r10p,rw_zipf_0.9,concurrent_20,75,8976,147.3865,227.229,276.33625,129.37482530080214,3024,199.845,338.5064,352.74856,235.5524027777778,12000,174.0085,270.70450000000113,349.52603,156.13157482500003,1200.0,8976,8724,97.19251336898395
rule_copilot,60c1s5r10p,rw_zipf_0.9,concurrent_20,100,12000,148.972,227.763,240.46958000000006,128.84094346666666,0,0,0,0,0,12000,148.972,227.763,240.46958000000006,128.84094346666666,1200.0,12000,11643,97.025
rule_copilot,60c1s5r10p,rw_zipf_1,concurrent_20,0,0,0,0,0,0,12000,218.119,325.6622000000057,352.36206000000004,234.35197008333333,12000,218.119,325.6622000000057,352.36206000000004,234.35197008333333,1200.0,0,0,0
rule_copilot,60c1s5r10p,rw_zipf_1,concurrent_20,25,3067,149.453,227.2204,324.5850000000001,135.95241845451582,8933,240.65,327.26120000000003,353.09572,235.53487182357554,12000,183.85399999999998,322.3469,352.85407,210.08325645,1200.0,3067,2797,91.19660906423215
rule_copilot,60c1s5r10p,rw_zipf_1,concurrent_20,50,6068,149.3785,228.4476,340.9824399999999,136.73427905405407,5932,196.1875,328.3821000000001,354.93862999999993,236.21403354686444,12000,178.866,311.1565,353.41015000000004,185.9104376916667,1200.0,6068,5499,90.62294001318392
rule_copilot,60c1s5r10p,rw_zipf_1,concurrent_20,75,8959,147.731,226.6244,279.2238800000001,131.74640681995757,3041,211.208,305.861,323.48539999999997,201.28132657020717,12000,150.6005,251.5246000000001,309.67605,149.3677144,1200.0,8959,8220,91.75131153030472
rule_copilot,60c1s5r10p,rw_zipf_1,concurrent_20,100,12000,150.2545,229.5321,340.13534,138.57007089166666,0,0,0,0,0,12000,150.2545,229.5321,340.13534,138.57007089166666,1200.0,12000,10746,89.55
rule_mencius,60c1s5r10p,rw_1000000,concurrent_20,0,0,0,0,0,0,11710,1557.1,3883.603,3974.1855,1715.3968986421862,11710,1557.1,3883.603,3974.1855,1715.3968986421862,1171.0,0,0,0
rule_mencius,60c1s5r10p,rw_1000000,concurrent_20,25,2963,145.054,228.3392,263.82842,149.54594795815052,9022,1480.31,3426.9440000000004,3494.3201,1493.517234238528,11985,671.834,3410.612,3493.2832000000003,1161.252993833959,1198.5,2963,2675,90.28012149848126
rule_mencius,60c1s5r10p,rw_1000000,concurrent_20,50,6051,145.369,228.445,263.0475,149.35764962816063,5942,544.7175,3090.119,3159.7416000000003,977.88065518344,11993,228.478,2346.4440000000104,3138.87,559.8540807971317,1199.3,6051,5395,89.15881672450834
rule_mencius,60c1s5r10p,rw_1000000,concurrent_20,75,9067,144.898,261.9508,262.89734,153.12974761222014,2959,1358.26,3836.882,3906.3186,1571.1503893207166,12026,184.784,1434.225,3892.5275,502.03404486944953,1202.6,9067,8161,90.00772030440058
rule_mencius,60c1s5r10p,rw_1000000,concurrent_20,100,12002,144.0445,261.987,263.66099,145.44193414430927,0,0,0,0,0,12002,144.0445,261.987,263.66099,145.44193414430927,1200.2,12002,10384,86.51891351441427
rule_mencius,60c1s5r10p,rw_zipf_1,concurrent_20,0,0,0,0,0,0,11982,599.0820000000001,3094.307,3173.5419,1028.1444605324655,11982,599.0820000000001,3094.307,3173.5419,1028.1444605324655,1198.2,0,0,0
rule_mencius,60c1s5r10p,rw_zipf_1,concurrent_20,25,3026,186.473,775.139,2931.1625000000004,411.86252918043624,8930,492.4265,2891.0530000000003,2960.1485999999995,891.5916005487122,11956,334.3365,2866.7349999999997,2957.9535,770.174724506524,1195.6,3026,1659,54.82485128883014
rule_mencius,60c1s5r10p,rw_zipf_1,concurrent_20,50,6011,200.17,1536.44,3453.051,588.1827974380303,5983,710.613,3368.114,3466.1672000000003,1224.0989309543709,11994,526.1335,3309.8430000000003,3459.53,905.3985909037852,1199.4,6011,3283,54.61653635002495
rule_mencius,60c1s5r10p,rw_zipf_1,concurrent_20,75,8917,194.572,1144.0880000000006,3263.23,498.9513053381182,3095,631.005,3217.592,3286.8074,1088.2276955411955,12012,206.517,3148.536,3270.7749,650.7836752747253,1201.2,8917,4834,54.21105753055961
rule_mencius,60c1s5r10p,rw_zipf_1,concurrent_20,100,11955,199.44,1798.986,3373.9692,599.7268922208281,0,0,0,0,0,11955,199.44,1798.986,3373.9692,599.7268922208281,1195.5,11955,6491,54.2952739439565
rule_mencius,60c1s5r10p,rw_zipf_0,concurrent_20,0,0,0,0,0,0,12074,1108.685,3487.632,3564.8527,1368.6432525343716,12074,1108.685,3487.632,3564.8527,1368.6432525343716,1207.4,0,0,0
rule_mencius,60c1s5r10p,rw_zipf_0,concurrent_20,25,2983,144.794,262.8088,263.75518,151.83967525980557,8989,1231.93,3548.8,3632.9808,1350.4220239181222,11972,425.0245,3534.057,3626.1619,1051.7775914049448,1197.2,2983,2670,89.5072075092189
rule_mencius,60c1s5r10p,rw_zipf_0,concurrent_20,50,6075,144.746,262.704,263.15478,151.517506090535,5936,466.59950000000003,2753.325,2826.3235,861.851495434636,12011,228.805,2657.17,2811.268,502.57425080343023,1201.1,6075,5469,90.0246913580247
rule_mencius,60c1s5r10p,rw_zipf_0,concurrent_20,75,8978,144.827,261.902,263.521,153.7224733570951,2973,1690.35,3894.4260000000017,3945.8468000000003,1676.0233105617222,11951,185.214,1794.05,3931.38,532.4188493096811,1195.1,8978,8062,89.79728224548897
rule_mencius,60c1s5r10p,rw_zipf_0,concurrent_20,100,12000,144.42649999999998,262.7141,263.65502,144.61760719166665,0,0,0,0,0,12000,144.42649999999998,262.7141,263.65502,144.61760719166665,1200.0,12000,10794,89.95
rule_mencius,60c1s5r10p,rw_zipf_0.1,concurrent_20,0,0,0,0,0,0,12060,982.5335,3545.758,3614.8682000000003,1389.677209527363,12060,982.5335,3545.758,3614.8682000000003,1389.677209527363,1206.0,0,0,0
rule_mencius,60c1s5r10p,rw_zipf_0.1,concurrent_20,25,3031,144.923,228.29,263.6737,149.61412161002968,8972,961.8810000000001,3046.782,3129.3702,1177.8764096522514,12003,473.061,3017.8740000000003,3122.0278000000003,918.219407648088,1200.3,3031,2739,90.36621577037282
rule_mencius,60c1s5r10p,rw_zipf_0.1,concurrent_20,50,6003,145.183,229.6094,263.54594,145.87712083958021,5964,347.1655,2974.3540000000003,3051.4501999999998,831.3605772300469,11967,201.754,1004.1651999999503,3038.3648000000003,487.5018667168045,1196.7,6003,5277,87.90604697651175
rule_mencius,60c1s5r10p,rw_zipf_0.1,concurrent_20,75,9020,145.2425,228.9521,263.53781,149.90980771618626,2977,938.258,3213.868,3294.7108,1165.7497352704065,11997,183.965,1041.1380000000001,3275.8707999999992,401.98578207051764,1199.7,9020,8109,89.90022172949003
rule_mencius,60c1s5r10p,rw_zipf_0.1,concurrent_20,100,12001,145.094,262.643,263.703,152.75276164486294,0,0,0,0,0,12001,145.094,262.643,263.703,152.75276164486294,1200.1,12001,10787,89.88417631864012
rule_mencius,60c1s5r10p,rw_zipf_0.2,concurrent_20,0,0,0,0,0,0,11894,1557.745,3742.137,3823.8714,1700.6942926517572,11894,1557.745,3742.137,3823.8714,1700.6942926517572,1189.4,0,0,0
rule_mencius,60c1s5r10p,rw_zipf_0.2,concurrent_20,25,3103,129.335,228.8166,265.12198,149.31994173380596,8886,602.4855,3164.585,3226.1535,1039.1299225298221,11989,412.502,3121.93,3210.8332,808.8287822837601,1198.9,3103,2614,84.24105704157267
rule_mencius,60c1s5r10p,rw_zipf_0.2,concurrent_20,50,6020,150.977,230.93340000000705,264.283,155.7923230398671,5961,934.817,3346.22,3418.788,1197.5055634289547,11981,228.34,2438.36,3404.152,674.084003697521,1198.1,6020,5402,89.734219269103
rule_mencius,60c1s5r10p,rw_zipf_0.2,concurrent_20,75,8979,148.458,228.462,264.608,151.66074126294689,3022,292.34749999999997,2311.8520000000003,2377.6537,696.6228065519524,12001,152.179,335.602,2365.5,288.8889190234147,1200.1,8979,6965,77.56988528789398
rule_mencius,60c1s5r10p,rw_zipf_0.2,concurrent_20,100,12003,150.196,262.1948,266.407,157.2071375156211,0,0,0,0,0,12003,150.196,262.1948,266.407,157.2071375156211,1200.3,12003,10785,89.85253686578355
rule_mencius,60c1s5r10p,rw_zipf_0.3,concurrent_20,0,0,0,0,0,0,11731,1502.29,3939.19,4029.679,1709.0760698576419,11731,1502.29,3939.19,4029.679,1709.0760698576419,1173.1,0,0,0
rule_mencius,60c1s5r10p,rw_zipf_0.3,concurrent_20,25,3069,150.097,231.4800000000002,264.87163999999996,154.58192978168785,8927,341.326,2770.808,2842.151,857.6459235017363,11996,249.151,2745.8199999999997,2838.9005,677.7773509169724,1199.6,3069,2749,89.57315086347344
rule_mencius,60c1s5r10p,rw_zipf_0.3,concurrent_20,50,6096,151.07150000000001,228.9205,263.84905,156.27130754593176,5905,641.839,3153.328,3222.368,1041.4181728704486,12001,228.881,1029.33,3211.61,591.8010333805515,1200.1,6096,5476,89.82939632545931
rule_mencius,60c1s5r10p,rw_zipf_0.3,concurrent_20,75,9023,150.518,256.661,260.47078,156.34434107281393,2980,671.1445,3151.2690000000002,3230.9004,1165.8302329194632,12003,197.029,1358.8100000000009,3202.8182,406.97068096309255,1200.3,9023,7207,79.87365621190291
rule_mencius,60c1s5r10p,rw_zipf_0.3,concurrent_20,100,12000,150.6935,262.41,264.618,155.98487980833335,0,0,0,0,0,12000,150.6935,262.41,264.618,155.98487980833335,1200.0,12000,10791,89.925
rule_mencius,60c1s5r10p,rw_zipf_0.4,concurrent_20,0,0,0,0,0,0,11963,1052.94,3200.458,3291.5818,1169.5863811167765,11963,1052.94,3200.458,3291.5818,1169.5863811167765,1196.3,0,0,0
rule_mencius,60c1s5r10p,rw_zipf_0.4,concurrent_20,25,2974,151.22,228.90130000000002,264.56427,158.04976866173504,9028,1198.6100000000001,4141.525,4225.1746,1568.5834820447496,12002,1064.045,4104.831,4221.0396,1219.064463247792,1200.2,2974,2662,89.50907868190988
rule_mencius,60c1s5r10p,rw_zipf_0.4,concurrent_20,50,5958,150.4595,262.4943,265.027,156.18004926149717,6002,964.2185,2769.037,2841.557,1112.1923414195269,11960,246.498,2570.7110000000216,2830.9446000000003,635.9447463795985,1196.0,5958,5364,90.03021148036254
rule_mencius,60c1s5r10p,rw_zipf_0.4,concurrent_20,75,9088,149.524,256.6843,260.53326000000004,157.54106642825704,2930,361.377,3121.925,3179.5813000000003,908.4836941296928,12018,195.9715,459.8062000000001,3148.6985999999997,340.62160388583794,1201.8,9088,7134,78.49911971830986
rule_mencius,60c1s5r10p,rw_zipf_0.4,concurrent_20,100,12004,150.739,261.784,263.856,159.32550975508164,0,0,0,0,0,12004,150.739,261.784,263.856,159.32550975508164,1200.4,12004,10779,89.79506831056315
rule_mencius,60c1s5r10p,rw_zipf_0.5,concurrent_20,0,0,0,0,0,0,11721,1643.42,4024.38,4093.264,1765.0761842590225,11721,1643.42,4024.38,4093.264,1765.0761842590225,1172.1,0,0,0
rule_mencius,60c1s5r10p,rw_zipf_0.5,concurrent_20,25,2981,150.98,262.329,264.3286,162.2242492787655,9023,963.816,3116.096,3187.3646000000003,1152.179081824227,12004,436.1885,3091.036,3186.3487999999998,906.3397486171276,1200.4,2981,2673,89.66789667896678
rule_mencius,60c1s5r10p,rw_zipf_0.5,concurrent_20,50,5866,150.34449999999998,262.889,263.86105000000003,160.5722696215479,6060,1509.32,4141.282,4208.8138,1742.0177486303628,11926,247.0115,4073.395,4200.9375,964.1576798842864,1192.6,5866,5241,89.345380156836
rule_mencius,60c1s5r10p,rw_zipf_0.5,concurrent_20,75,9041,151.074,261.833,265.107,157.95345143236366,2973,1268.49,3448.232,3519.1436000000003,1475.7194090480996,12014,195.8735,1294.238,3478.6748,484.0495220159814,1201.4,9041,8110,89.70246654131181
rule_mencius,60c1s5r10p,rw_zipf_0.5,concurrent_20,100,12000,151.348,261.646,265.03004,160.15563135,0,0,0,0,0,12000,151.348,261.646,265.03004,160.15563135,1200.0,12000,10751,89.59166666666667
rule_mencius,60c1s5r10p,rw_zipf_0.6,concurrent_20,0,0,0,0,0,0,11999,1077.25,3674.4120000000003,3761.8608,1521.9734951245937,11999,1077.25,3674.4120000000003,3761.8608,1521.9734951245937,1199.9,0,0,0
rule_mencius,60c1s5r10p,rw_zipf_0.6,concurrent_20,25,2917,150.665,262.959,1146.704800000005,171.8733234487487,9037,1334.26,4115.33,4170.6964,1644.8391635830474,11954,1177.315,4077.2960000000003,4169.594700000001,1285.4078974234567,1195.4,2917,2589,88.75557079190949
rule_mencius,60c1s5r10p,rw_zipf_0.6,concurrent_20,50,5952,148.979,261.84,266.30343,158.04681779233871,6039,522.707,2459.054,2535.6724,868.7460137108792,11991,205.913,1118.22,2528.001,515.9746340005004,1199.1,5952,5132,86.22311827956989
rule_mencius,60c1s5r10p,rw_zipf_0.6,concurrent_20,75,9018,150.575,261.99330000000003,264.90964,168.84802274340208,2975,1055.56,3901.744,3963.7378,1464.4052380168066,11993,201.045,1188.1,3945.924,490.2257193529559,1199.3,9018,8012,88.8445331559104
rule_mencius,60c1s5r10p,rw_zipf_0.6,concurrent_20,100,12021,150.503,261.895,265.682,163.11989406871308,0,0,0,0,0,12021,150.503,261.895,265.682,163.11989406871308,1202.1,12021,10059,83.6785625155977
rule_mencius,60c1s5r10p,rw_zipf_0.7,concurrent_20,0,0,0,0,0,0,11919,462.022,3027.874,3095.0082,906.1050247168387,11919,462.022,3027.874,3095.0082,906.1050247168387,1191.9,0,0,0
rule_mencius,60c1s5r10p,rw_zipf_0.7,concurrent_20,25,2981,150.407,262.725,1389.014,199.1956914793693,9001,1171.18,3332.65,3396.68,1356.392096067104,11982,841.1115,3309.497,3393.1376,1068.4933744783843,1198.2,2981,2569,86.17913451861791
rule_mencius,60c1s5r10p,rw_zipf_0.7,concurrent_20,50,5943,150.423,263.0738,1247.413,194.3427155645297,6054,1035.22,3359.212,3419.6494,1256.3350921869837,11997,248.754,3294.268,3415.1063999999997,730.25184685338,1199.7,5943,5142,86.52195860676426
rule_mencius,60c1s5r10p,rw_zipf_0.7,concurrent_20,75,8989,150.71,262.9372,1517.2100000000003,204.66139517187673,3005,978.318,3519.896,3600.7176,1378.9729591014973,11994,200.3195,1321.941,3571.6708,498.87568978656,1199.4,8989,7789,86.65035042830125
rule_mencius,60c1s5r10p,rw_zipf_0.7,concurrent_20,100,12019,149.86,262.346,1036.2039999999993,183.17830209668028,0,0,0,0,0,12019,149.86,262.346,1036.2039999999993,183.17830209668028,1201.9,12019,10229,85.10691405274981
rule_mencius,60c1s5r10p,rw_zipf_0.8,concurrent_20,0,0,0,0,0,0,11757,1787.89,3847.9739999999997,3940.1344,1824.418365986221,11757,1787.89,3847.9739999999997,3940.1344,1824.418365986221,1175.7,0,0,0
rule_mencius,60c1s5r10p,rw_zipf_0.8,concurrent_20,25,2963,149.762,263.644,2989.2204,220.18035183935203,9051,628.762,3038.17,3085.965,1014.9009081979891,12014,477.4315,2994.101,3082.39,818.8998254203431,1201.4,2963,2372,80.05399932500843
rule_mencius,60c1s5r10p,rw_zipf_0.8,concurrent_20,50,6017,150.757,263.4842,3169.1456,246.9827483795912,5947,769.761,3167.1420000000003,3229.2532,1091.2964439044897,11964,250.19600000000003,3101.154,3224.6655,666.6696045553327,1196.4,6017,4940,82.1007146418481
rule_mencius,60c1s5r10p,rw_zipf_0.8,concurrent_20,75,9020,152.2905,263.1971,3468.131299999999,288.807975210643,2917,1395.81,3466.676,3537.0256000000004,1435.0553629413782,11937,202.9,1583.684,3525.422,568.9121580045239,1193.7,9020,7271,80.60975609756098
rule_mencius,60c1s5r10p,rw_zipf_0.8,concurrent_20,100,12019,151.202,263.9092,3168.1808,240.68711706464765,0,0,0,0,0,12019,151.202,263.9092,3168.1808,240.68711706464765,1201.9,12019,9827,81.76220983442882
rule_mencius,60c1s5r10p,rw_zipf_0.9,concurrent_20,0,0,0,0,0,0,12010,745.954,3132.7900000000004,3196.9846,1117.3224961948376,12010,745.954,3132.7900000000004,3196.9846,1117.3224961948376,1201.0,0,0,0
rule_mencius,60c1s5r10p,rw_zipf_0.9,concurrent_20,25,3006,198.3525,1140.65,3489.1635,415.71467242182297,9025,1023.54,3444.8179999999998,3531.9092,1329.954229462604,12031,708.795,3418.94,3524.811,1101.527323264899,1203.1,3006,2127,70.75848303393214
rule_mencius,60c1s5r10p,rw_zipf_0.9,concurrent_20,50,5906,194.51749999999998,878.463,3026.686,385.6513532001355,6086,853.851,2985.795,3086.1775000000002,1249.109567893526,11992,263.87350000000004,2930.9089999999997,3059.8071,823.8607173282187,1199.2,5906,4175,70.69082289197426
rule_mencius,60c1s5r10p,rw_zipf_0.9,concurrent_20,75,9019,195.663,1213.376,3343.9332,388.6052134715601,2949,1081.07,3303.5420000000004,3374.2704000000003,1299.0081765005086,11968,204.6975,1463.42,3357.0698,612.9349542780749,1196.8,9019,6443,71.43807517463134
rule_mencius,60c1s5r10p,rw_zipf_0.9,concurrent_20,100,11959,196.159,712.1214,3257.7545999999998,353.93604962789533,0,0,0,0,0,11959,196.159,712.1214,3257.7545999999998,353.93604962789533,1195.9,11959,8435,70.53265323187557
rule_mencius,60c1s5r10p,rw_zipf_1,concurrent_20,0,0,0,0,0,0,11916,300.2665,2929.58,3000.5415000000003,853.0751455186304,11916,300.2665,2929.58,3000.5415000000003,853.0751455186304,1191.6,0,0,0
rule_mencius,60c1s5r10p,rw_zipf_1,concurrent_20,25,3026,204.12599999999998,2324.3599999999997,4079.71,785.3046515532055,8857,1547.1,4038.184,4088.5384,1795.1013575364118,11883,1380.94,4011.982,4086.8978,1537.9571319784568,1188.3,3026,1590,52.54461335095836
rule_mencius,60c1s5r10p,rw_zipf_1,concurrent_20,50,6038,202.83,829.9011,3163.7405,480.92348694932093,5984,627.2985,3110.831,3176.65,1034.9934631016042,12022,337.262,3071.279,3171.2079,756.7140989352853,1202.2,6038,3431,56.82345147399801
rule_mencius,60c1s5r10p,rw_zipf_1,concurrent_20,75,8897,202.815,1470.78,3146.0743999999995,558.762823772058,3018,1259.875,3124.886,3169.5396,1262.2593735255136,11915,250.551,3042.86,3152.643,736.9543963407468,1191.5,8897,5041,56.6595481623019
rule_mencius,60c1s5r10p,rw_zipf_1,concurrent_20,100,11977,202.07,838.4986,3435.5572,452.9135333305503,0,0,0,0,0,11977,202.07,838.4986,3435.5572,452.9135333305503,1197.7,11977,6425,53.64448526342156
rule_mencius,60c1s5r10p,rw_zipf_0,concurrent_20,0,0,0,0,0,0,11938,389.8755,3058.9320000000002,3126.9615,880.5017520438934,11938,389.8755,3058.9320000000002,3126.9615,880.5017520438934,1193.8,0,0,0
rule_mencius,60c1s5r10p,rw_zipf_0,concurrent_20,25,2980,145.3465,261.9855,263.499,151.9646850671141,8908,2041.6599999999999,3968.761,4036.7451,1892.6889623709026,11888,1155.135,3940.846,4031.3862999999997,1456.3364769767834,1188.8,2980,2690,90.26845637583892
rule_mencius,60c1s5r10p,rw_zipf_0,concurrent_20,50,6022,145.0085,261.872,263.731,149.62992882763203,5994,384.7835,2974.752,3035.5368,850.271167484151,12016,227.209,637.2115,3028.8555,499.13422181258323,1201.6,6022,5419,89.98671537695118
rule_mencius,60c1s5r10p,rw_zipf_0,concurrent_20,75,9018,144.76,228.2414,263.81014999999996,149.31657386338432,2909,1691.2,4142.336,4220.3796,1891.5014996906152,11927,183.753,1859.542,4187.5848,574.2361638048126,1192.7,9018,8098,89.79818141494788
rule_mencius,60c1s5r10p,rw_zipf_0,concurrent_20,100,12000,143.9975,249.92910000000484,263.587,148.17304126666664,0,0,0,0,0,12000,143.9975,249.92910000000484,263.587,148.17304126666664,1200.0,12000,9767,81.39166666666667
rule_mencius,60c1s5r10p,rw_zipf_0.1,concurrent_20,0,0,0,0,0,0,12035,1070.51,3662.73,3738.9854,1413.5964281429165,12035,1070.51,3662.73,3738.9854,1413.5964281429165,1203.5,0,0,0
rule_mencius,60c1s5r10p,rw_zipf_0.1,concurrent_20,25,2959,144.613,262.679,263.60726,152.2094365326124,8988,1144.94,3434.8559999999998,3508.9117,1517.5048032376503,11947,1071.94,3407.1319999999996,3501.2439999999997,1179.352213459446,1194.7,2959,2679,90.537343697195
rule_mencius,60c1s5r10p,rw_zipf_0.1,concurrent_20,50,6030,127.842,261.9651,263.534,144.8499148092869,5970,823.4835,3080.991,3160.4755,1131.9590958458962,12000,227.6995,2351.1820000000407,3140.9842000000003,635.936732375,1200.0,6030,5203,86.28524046434494
rule_mencius,60c1s5r10p,rw_zipf_0.1,concurrent_20,75,8959,144.992,229.2864,262.97042,150.8256822859694,3024,1112.3449999999998,3492.2620000000006,3546.12,1428.4880921296296,11983,185.671,1315.8360000000007,3526.436,473.25338214136684,1198.3,8959,8042,89.76448264315214
rule_mencius,60c1s5r10p,rw_zipf_0.1,concurrent_20,100,12001,145.341,261.828,263.868,151.4534779851679,0,0,0,0,0,12001,145.341,261.828,263.868,151.4534779851679,1200.1,12001,10795,89.95083743021415
rule_mencius,60c1s5r10p,rw_zipf_0.2,concurrent_20,0,0,0,0,0,0,12037,576.245,2786.288,2876.578,943.3952779679322,12037,576.245,2786.288,2876.578,943.3952779679322,1203.7,0,0,0
rule_mencius,60c1s5r10p,rw_zipf_0.2,concurrent_20,25,2967,148.937,229.0362,264.31633999999997,152.4235901247051,9000,784.1424999999999,3073.4,3150.2203999999997,1097.8453712333333,11967,274.61,3049.686,3148.454,863.4452354809058,1196.7,2967,2432,81.96831816649815
rule_mencius,60c1s5r10p,rw_zipf_0.2,concurrent_20,50,5993,146.346,262.74,264.97824,149.19345508092775,6009,699.06,2884.55,2948.8784,1062.7941720419371,12002,206.70749999999998,1533.552999999889,2938.2189,606.6027792117981,1200.2,5993,5091,84.94910729184048
rule_mencius,60c1s5r10p,rw_zipf_0.2,concurrent_20,75,8986,147.3845,262.6595,264.02145,152.88705166926331,3007,783.661,3333.364,3381.8176000000003,1176.3030309943467,11993,194.03,810.7584,3359.15,409.48772288001334,1199.3,8986,8075,89.86200756732696
rule_mencius,60c1s5r10p,rw_zipf_0.2,concurrent_20,100,12000,137.1435,262.7599,263.79600999999997,145.64251364166665,0,0,0,0,0,12000,137.1435,262.7599,263.79600999999997,145.64251364166665,1200.0,12000,10404,86.7
rule_mencius,60c1s5r10p,rw_zipf_0.3,concurrent_20,0,0,0,0,0,0,11957,669.826,2851.176,2919.9688,1016.0858085138412,11957,669.826,2851.176,2919.9688,1016.0858085138412,1195.7,0,0,0
rule_mencius,60c1s5r10p,rw_zipf_0.3,concurrent_20,25,2932,150.0095,262.592,264.93169,154.42781036834924,8938,1829.845,3793.8630000000003,3866.5763,1789.7052429626312,11870,1129.065,3782.741,3865.88,1385.7765628980626,1187.0,2932,2649,90.34788540245566
rule_mencius,60c1s5r10p,rw_zipf_0.3,concurrent_20,50,5965,150.532,262.232,264.99336,154.85290254819782,5973,669.913,3284.66,3332.5556,1114.9127915118033,11938,244.89299999999997,1910.712000000227,3326.3563,635.2045290165858,1193.8,5965,5354,89.7569153394803
rule_mencius,60c1s5r10p,rw_zipf_0.3,concurrent_20,75,9002,150.6585,261.837,264.536,155.53267391690736,3003,1072.32,3262.328,3340.089,1331.406730802531,12005,202.714,1371.674,3321.3592,449.6725983506872,1200.5,9002,8124,90.24661186403021
rule_mencius,60c1s5r10p,rw_zipf_0.3,concurrent_20,100,12001,148.558,262.834,264.29,149.68314256311973,0,0,0,0,0,12001,148.558,262.834,264.29,149.68314256311973,1200.1,12001,10799,89.98416798600117
rule_mencius,60c1s5r10p,rw_zipf_0.4,concurrent_20,0,0,0,0,0,0,12070,930.8,3331.391,3395.7340999999997,1337.0639265617233,12070,930.8,3331.391,3395.7340999999997,1337.0639265617233,1207.0,0,0,0
rule_mencius,60c1s5r10p,rw_zipf_0.4,concurrent_20,25,2995,150.768,228.9038,264.696,156.2311876126878,8966,1235.65,3505.885,3581.681,1462.895265123801,11961,1112.42,3480.18,3567.832,1135.7103380988212,1196.1,2995,2704,90.2838063439065
rule_mencius,60c1s5r10p,rw_zipf_0.4,concurrent_20,50,5992,148.484,229.03000000000003,265.527,149.84372940587448,6019,893.399,3173.386,3250.641,1154.4774682505401,12011,227.246,3081.44,3241.2439999999997,653.2897767046874,1201.1,5992,5388,89.91989319092123
rule_mencius,60c1s5r10p,rw_zipf_0.4,concurrent_20,75,8993,150.688,262.1056,264.289,154.1588116423885,2985,1262.62,3467.936,3548.3812,1490.6313962479062,11978,197.267,1373.9530000000004,3518.0031,487.2169736934379,1197.8,8993,8074,89.78094073168019
rule_mencius,60c1s5r10p,rw_zipf_0.4,concurrent_20,100,12000,139.356,233.27490000001154,264.632,149.14859403333332,0,0,0,0,0,12000,139.356,233.27490000001154,264.632,149.14859403333332,1200.0,12000,10799,89.99166666666666
rule_mencius,60c1s5r10p,rw_zipf_0.5,concurrent_20,0,0,0,0,0,0,12034,1346.09,3602.59,3682.0334,1552.7573200515205,12034,1346.09,3602.59,3682.0334,1552.7573200515205,1203.4,0,0,0
rule_mencius,60c1s5r10p,rw_zipf_0.5,concurrent_20,25,3015,148.318,262.37719999999996,263.42557999999997,147.27917724709783,8978,522.404,3121.187,3192.0199,985.767659022054,11993,263.465,3100.886,3186.304,774.9744652797465,1199.3,3015,2440,80.92868988391376
rule_mencius,60c1s5r10p,rw_zipf_0.5,concurrent_20,50,5938,151.469,229.4065,264.411,154.97964816436513,6017,1551.31,3897.436,3963.9139999999998,1742.443082000997,11955,245.224,2170.496,3959.7692,953.9564345629444,1195.5,5938,5341,89.94610980127989
rule_mencius,60c1s5r10p,rw_zipf_0.5,concurrent_20,75,8961,149.528,229.107,263.4452,154.0293453297623,3022,591.0455,3058.909,3149.1837,982.948712971542,11983,199.321,627.2302000000001,3111.657,363.0750207877827,1198.3,8961,8045,89.77792657069523
rule_mencius,60c1s5r10p,rw_zipf_0.5,concurrent_20,100,12000,150.918,262.3181,264.98701,156.4237938,0,0,0,0,0,12000,150.918,262.3181,264.98701,156.4237938,1200.0,12000,10789,89.90833333333333
rule_mencius,60c1s5r10p,rw_zipf_0.6,concurrent_20,0,0,0,0,0,0,11833,1234.45,3812.116,3898.294,1516.7626051804275,11833,1234.45,3812.116,3898.294,1516.7626051804275,1183.3,0,0,0
rule_mencius,60c1s5r10p,rw_zipf_0.6,concurrent_20,25,2989,150.093,228.8594,265.59711999999996,156.9585545667447,8991,1064.32,3302.71,3369.4739999999997,1327.2376227894563,11980,884.799,3277.6510000000003,3367.9863,1035.2539721285475,1198.0,2989,2678,89.59518233522917
rule_mencius,60c1s5r10p,rw_zipf_0.6,concurrent_20,50,5954,150.802,261.8927,266.122,155.65996881088344,6065,793.378,3137.8320000000003,3226.03,1136.7847998845837,12019,246.713,3038.6620000000007,3218.4948,650.7529133538563,1201.9,5954,5346,89.78837756130332
rule_mencius,60c1s5r10p,rw_zipf_0.6,concurrent_20,75,8965,151.134,261.7306,264.383,157.78014036809816,3007,1233.41,3823.444,3893.7552,1533.1181693714666,11972,201.91,1306.3269999999998,3872.2232,503.2229613848981,1197.2,8965,8045,89.73786949247072
rule_mencius,60c1s5r10p,rw_zipf_0.6,concurrent_20,100,12004,148.6275,262.7444,265.926,151.93551030489837,0,0,0,0,0,12004,148.6275,262.7444,265.926,151.93551030489837,1200.4,12004,10779,89.79506831056315
rule_mencius,60c1s5r10p,rw_zipf_0.7,concurrent_20,0,0,0,0,0,0,12017,870.954,3168.636,3242.1212,1238.4920181659315,12017,870.954,3168.636,3242.1212,1238.4920181659315,1201.7,0,0,0
rule_mencius,60c1s5r10p,rw_zipf_0.7,concurrent_20,25,2963,150.801,259.55080000000225,264.71676,163.60671285858925,9028,541.008,3368.5930000000003,3450.1357,1039.01229765175,11991,403.121,3359.23,3449.181,822.6978328246186,1199.1,2963,2662,89.84137698278772
rule_mencius,60c1s5r10p,rw_zipf_0.7,concurrent_20,50,5939,152.249,262.061,264.37534,176.0390626536454,6024,1827.835,4150.083,4237.5941,1956.606810673971,11963,245.045,4000.940000000138,4232.3351999999995,1072.6486182897268,1196.3,5939,5294,89.13958578885334
rule_mencius,60c1s5r10p,rw_zipf_0.7,concurrent_20,75,9046,147.848,262.432,264.85555,155.23328859164272,3019,896.244,3140.856,3195.2264,1133.2766336535276,12065,195.935,1052.834,3163.4328,399.9670522668877,1206.5,9046,7945,87.82887464072519
rule_mencius,60c1s5r10p,rw_zipf_0.7,concurrent_20,100,12005,150.502,262.44059999999996,265.37588,159.67973201166183,0,0,0,0,0,12005,150.502,262.44059999999996,265.37588,159.67973201166183,1200.5,12005,10725,89.3377759266972
rule_mencius,60c1s5r10p,rw_zipf_0.8,concurrent_20,0,0,0,0,0,0,11836,1684.455,3809.685,3887.453,1683.809588323758,11836,1684.455,3809.685,3887.453,1683.809588323758,1183.6,0,0,0
rule_mencius,60c1s5r10p,rw_zipf_0.8,concurrent_20,25,3008,148.2375,262.8346,967.7554299999996,171.07647942154253,8968,394.6195,2655.584,2719.4895,890.3253184545049,11976,244.7665,2633.81,2718.5325000000003,709.6723034402137,1197.6,3008,2591,86.13696808510639
rule_mencius,60c1s5r10p,rw_zipf_0.8,concurrent_20,50,6011,151.502,262.515,2003.3439999999994,214.7026080186325,5939,1506.61,3589.336,3658.3124000000003,1632.659313369254,11950,246.684,3516.619,3651.2769,919.409291958159,1195.0,6011,5217,86.79088338046914
rule_mencius,60c1s5r10p,rw_zipf_0.8,concurrent_20,75,8995,148.131,262.368,875.6374999999992,177.12164375764314,3022,640.7139999999999,2936.0640000000003,3004.7580000000003,1014.9978274652548,12017,202.393,860.6784,2986.3160000000003,387.82829493217946,1201.7,8995,7666,85.22512506948304
rule_mencius,60c1s5r10p,rw_zipf_0.8,concurrent_20,100,12117,151.156,262.701,2147.0904,227.2038485516217,0,0,0,0,0,12117,151.156,262.701,2147.0904,227.2038485516217,1211.7,12117,10422,86.01138895766279
rule_mencius,60c1s5r10p,rw_zipf_0.9,concurrent_20,0,0,0,0,0,0,11886,1850.73,4198.615,4240.8545,1904.2979498822144,11886,1850.73,4198.615,4240.8545,1904.2979498822144,1188.6,0,0,0
rule_mencius,60c1s5r10p,rw_zipf_0.9,concurrent_20,25,3049,152.164,263.95820000000003,3029.2156,225.54594280091834,8958,627.2360000000001,3059.039,3130.5386000000003,999.999599787899,12007,469.601,3032.944,3126.7116,803.3385520529691,1200.7,3049,2514,82.45326336503771
rule_mencius,60c1s5r10p,rw_zipf_0.9,concurrent_20,50,5916,150.722,263.5125,3532.0785,289.41887060513864,6007,1417.8,3528.876,3612.9687999999996,1470.7592898784753,11923,250.625,3459.078,3602.318,884.5972567977858,1192.3,5916,4782,80.8316430020284
rule_mencius,60c1s5r10p,rw_zipf_0.9,concurrent_20,75,8974,151.373,258.7659,2861.2586,226.69167219745933,3015,600.378,2874.07,2959.8546,961.8232834494194,11989,202.15,695.3994,2929.0048,411.56295486696143,1198.9,8974,6573,73.24492979719189
rule_mencius,60c1s5r10p,rw_zipf_0.9,concurrent_20,100,11983,151.363,263.38259999999997,3405.3822,242.60158561295168,0,0,0,0,0,11983,151.363,263.38259999999997,3405.3822,242.60158561295168,1198.3,11983,9862,82.29992489359927
rule_mencius,60c1s5r10p,rw_zipf_1,concurrent_20,0,0,0,0,0,0,12081,1503.31,3439.66,3509.918,1482.8018581243275,12081,1503.31,3439.66,3509.918,1482.8018581243275,1208.1,0,0,0
rule_mencius,60c1s5r10p,rw_zipf_1,concurrent_20,25,2986,196.339,1285.94,4083.834,496.46143697253854,8971,1260.16,4030.77,4105.831999999999,1592.8472192843608,11957,1233.55,4015.74,4104.9532,1319.0487793760976,1195.7,2986,2073,69.42397856664434
rule_mencius,60c1s5r10p,rw_zipf_1,concurrent_20,50,6025,152.178,1031.132,3142.1076000000003,356.2308596016598,5959,1020.05,3102.956,3186.2362000000003,1132.1952149689546,11984,248.502,3040.3790000000004,3182.1602000000003,742.0762863067423,1198.4,6025,4157,68.99585062240664
rule_mencius,60c1s5r10p,rw_zipf_1,concurrent_20,75,8993,153.712,694.6392000000001,3365.8208,329.7511098521072,2979,744.519,3323.284,3395.6828,1106.8276775427996,11972,204.592,924.3623,3385.9827999999998,523.1115421232877,1197.2,8993,6606,73.45713332592015
rule_mencius,60c1s5r10p,rw_zipf_1,concurrent_20,100,11961,195.479,1601.16,3345.5519999999997,433.64568645598195,0,0,0,0,0,11961,195.479,1601.16,3345.5519999999997,433.64568645598195,1196.1,11961,8033,67.1599364601622
rule_mongodb,60c1s5r10p,rw_1000000,concurrent_20,0,0,0,0,0,0,12000,207.2285,300.306,351.80436,203.97766716666666,12000,207.2285,300.306,351.80436,203.97766716666666,1200.0,0,0,0
rule_mongodb,60c1s5r10p,rw_1000000,concurrent_20,25,3001,143.738,227.283,228.384,126.03492639120294,8999,206.771,300.5412,350.77936000000005,203.61945307256363,12000,179.20350000000002,283.8193,348.45193,184.21685602500003,1200.0,3001,3001,100.0
rule_mongodb,60c1s5r10p,rw_1000000,concurrent_20,50,6052,144.382,199.5442,228.70045000000002,125.7946377891606,5948,206.5425,302.22580000000005,353.14094,204.32576955279086,12000,172.077,266.5598,345.33183,164.71990209999998,1200.0,6052,6052,100.0
rule_mongodb,60c1s5r10p,rw_1000000,concurrent_20,75,9010,83.29894999999999,199.41480000000007,229.49102,125.5574771809101,2990,208.093,299.2452,349.6624500000002,203.83469341137123,12000,145.965,234.35710000000003,327.37364,145.061550225,1200.0,9010,9007,99.96670366259711
rule_mongodb,60c1s5r10p,rw_1000000,concurrent_20,100,12000,115.075,226.62140000000002,228.48101,125.73667493333333,0,0,0,0,0,12000,115.075,226.62140000000002,228.48101,125.73667493333333,1200.0,12000,11999,99.99166666666666
rule_mongodb,60c1s5r10p,rw_zipf_1,concurrent_20,0,0,0,0,0,0,12000,205.8465,300.19140000000004,350.39488,203.059812575,12000,205.8465,300.19140000000004,350.39488,203.059812575,1200.0,0,0,0
rule_mongodb,60c1s5r10p,rw_zipf_1,concurrent_20,25,3012,145.55349999999999,229.4486,339.34015999999986,142.414911188579,8988,209.0765,300.04699999999997,354.56796999999995,204.7239668669337,12000,185.873,287.9211000000001,353.58824000000004,189.08439389166668,1200.0,3012,2351,78.05444887118193
rule_mongodb,60c1s5r10p,rw_zipf_1,concurrent_20,50,5933,145.984,232.6782,326.83992000000006,144.93910618574077,6067,210.806,301.17900000000003,352.72864000000004,206.1525684522828,12000,175.94,277.2946,348.18613000000005,175.88761248333333,1200.0,5933,4491,75.69526377886397
rule_mongodb,60c1s5r10p,rw_zipf_1,concurrent_20,75,9042,145.9005,232.85560000000004,330.79554,144.55734829683698,2958,211.482,303.10010000000005,351.22934999999995,206.15666751183232,12000,164.852,263.0655,343.25178999999997,159.74158048333334,1200.0,9042,6865,75.92346825923468
rule_mongodb,60c1s5r10p,rw_zipf_1,concurrent_20,100,12000,145.32049999999998,232.96259999999998,333.05406,145.54357413333332,0,0,0,0,0,12000,145.32049999999998,232.96259999999998,333.05406,145.54357413333332,1200.0,12000,9030,75.25
rule_mongodb,60c1s5r10p,rw_zipf_0,concurrent_20,0,0,0,0,0,0,12000,150.511,264.9488,343.67828000000003,153.98171362816666,12000,150.511,264.9488,343.67828000000003,153.98171362816666,1200.0,0,0,0
rule_mongodb,60c1s5r10p,rw_zipf_0,concurrent_20,25,2939,79.5791,199.8078,229.11734,115.33289515753658,9061,150.639,264.86,344.8889999999999,154.71882794448737,12000,145.47750000000002,254.0957,340.72291000000007,145.07255657275,1200.0,2939,2245,76.38652602926166
rule_mongodb,60c1s5r10p,rw_zipf_0,concurrent_20,50,6045,137.768,199.518,228.994,115.85515915004136,5955,147.487,264.498,343.23553999999996,152.60381113098236,12000,143.81400000000002,230.46030000000002,332.15700000000004,134.09167769558334,1200.0,6045,4546,75.20264681555004
rule_mongodb,60c1s5r10p,rw_zipf_0,concurrent_20,75,8969,137.775,227.6888,229.13864,115.82787497602854,3031,149.634,263.777,338.6745999999998,153.32757071362585,12000,138.4385,228.038,303.96266,125.29967312441667,1200.0,8969,6751,75.27037573865537
rule_mongodb,60c1s5r10p,rw_zipf_0,concurrent_20,100,12000,122.3365,202.57120000000992,228.13805,115.81792589983334,0,0,0,0,0,12000,122.3365,202.57120000000992,228.13805,115.81792589983334,1200.0,12000,8983,74.85833333333333
rule_mongodb,60c1s5r10p,rw_zipf_0.1,concurrent_20,0,0,0,0,0,0,12000,149.48899999999998,264.6023,341.80039000000005,153.80062767675,12000,149.48899999999998,264.6023,341.80039000000005,153.80062767675,1200.0,0,0,0
rule_mongodb,60c1s5r10p,rw_zipf_0.1,concurrent_20,25,2925,137.702,227.2034,229.09852,116.49824780957263,9075,148.553,264.03220000000005,340.97618000000006,153.40353519812675,12000,145.992,253.95310000000003,336.41933,144.40787139716667,1200.0,2925,2206,75.41880341880342
rule_mongodb,60c1s5r10p,rw_zipf_0.1,concurrent_20,50,5927,137.914,227.1672,229.14848,116.61867614206174,6073,152.312,265.838,342.8141599999998,154.3808388154125,12000,144.4545,235.31510000000003,329.5793100000001,135.72947730166666,1200.0,5927,4482,75.62004386704909
rule_mongodb,60c1s5r10p,rw_zipf_0.1,concurrent_20,75,8925,137.73,227.155,229.03676000000002,115.94075009131653,3075,150.157,266.5056,347.5824799999999,154.35125929886178,12000,138.38049999999998,227.8022,309.2073800000001,125.78344307575,1200.0,8925,6826,76.48179271708683
rule_mongodb,60c1s5r10p,rw_zipf_0.1,concurrent_20,100,12000,109.7405,226.12440000000038,228.56003,115.72190398966667,0,0,0,0,0,12000,109.7405,226.12440000000038,228.56003,115.72190398966667,1200.0,12000,8976,74.8
rule_mongodb,60c1s5r10p,rw_zipf_0.2,concurrent_20,0,0,0,0,0,0,12000,152.256,264.5316,342.96933,154.4082062830833,12000,152.256,264.5316,342.96933,154.4082062830833,1200.0,0,0,0
rule_mongodb,60c1s5r10p,rw_zipf_0.2,concurrent_20,25,2935,78.509,199.2938,229.07062,115.11137327359452,9065,152.629,264.79999999999995,343.0532,154.48533222537233,12000,145.80349999999999,254.9643,339.65508000000005,144.85511809841668,1200.0,2935,2220,75.63884156729131
rule_mongodb,60c1s5r10p,rw_zipf_0.2,concurrent_20,50,5984,137.88049999999998,227.0307,228.50051,116.37891514939838,6016,148.5625,264.889,341.0384500000002,153.483744984375,12000,144.5385,233.28200000000004,330.19905,134.98080317333333,1200.0,5984,4411,73.71323529411765
rule_mongodb,60c1s5r10p,rw_zipf_0.2,concurrent_20,75,8932,80.8159,227.0489,228.49268999999998,115.84085078179578,3068,150.1855,262.4361,340.54519,153.62999315710562,12000,138.26350000000002,228.188,303.4540100000001,125.50227484908334,1200.0,8932,6653,74.48499776085983
rule_mongodb,60c1s5r10p,rw_zipf_0.2,concurrent_20,100,12000,109.55945,202.52280000000994,228.51904000000002,115.37206187291666,0,0,0,0,0,12000,109.55945,202.52280000000994,228.51904000000002,115.37206187291666,1200.0,12000,8988,74.9
rule_mongodb,60c1s5r10p,rw_zipf_0.3,concurrent_20,0,0,0,0,0,0,12000,150.512,266.5167,344.69432,154.92044041433334,12000,150.512,266.5167,344.69432,154.92044041433334,1200.0,0,0,0
rule_mongodb,60c1s5r10p,rw_zipf_0.3,concurrent_20,25,2934,78.79855,199.4512,229.09134,115.32435480368096,9066,149.85,263.80550000000005,342.47090000000003,154.1078532959409,12000,145.5965,253.57569999999998,337.78404,144.6252879145833,1200.0,2934,2116,72.11997273346967
rule_mongodb,60c1s5r10p,rw_zipf_0.3,concurrent_20,50,5998,79.09694999999999,199.5112,229.72806,115.62143683027676,6002,152.22050000000002,267.39250000000004,342.74225999999993,156.82047280739752,12000,145.2705,235.235,331.1122600000001,136.22782132483331,1200.0,5998,4635,77.2757585861954
rule_mongodb,60c1s5r10p,rw_zipf_0.3,concurrent_20,75,8955,137.701,226.67159999999998,229.61846,115.96979329145728,3045,148.306,264.9992,341.09528,152.97230059244663,12000,138.445,228.0284,305.39504,125.35917951908333,1200.0,8955,6682,74.61753210496929
rule_mongodb,60c1s5r10p,rw_zipf_0.3,concurrent_20,100,12000,137.659,227.03220000000002,228.10303000000002,115.85963595341666,0,0,0,0,0,12000,137.659,227.03220000000002,228.10303000000002,115.85963595341666,1200.0,12000,9063,75.525
rule_mongodb,60c1s5r10p,rw_zipf_0.4,concurrent_20,0,0,0,0,0,0,12000,149.3795,265.2214,340.95844000000005,154.01748544116668,12000,149.3795,265.2214,340.95844000000005,154.01748544116668,1200.0,0,0,0
rule_mongodb,60c1s5r10p,rw_zipf_0.4,concurrent_20,25,3059,78.457,226.6098,228.4263,114.10730084668192,8941,150.196,264.237,343.04620000000006,155.07882534269098,12000,145.851,253.7801000000001,339.07497000000006,144.63450088991667,1200.0,3059,2278,74.46878064727035
rule_mongodb,60c1s5r10p,rw_zipf_0.4,concurrent_20,50,5927,137.744,199.6056,229.21114,115.85067098633371,6073,150.269,264.35260000000005,342.1709199999999,153.60953536094186,12000,144.821,231.79430000000002,332.49190000000004,134.95980293191667,1200.0,5927,4456,75.18137337607558
rule_mongodb,60c1s5r10p,rw_zipf_0.4,concurrent_20,75,9022,81.47255,227.034,228.472,115.5976251832188,2978,150.99900000000002,263.45930000000004,340.29646,154.06368278844863,12000,138.39,227.7871,301.36698,125.14361847891666,1200.0,9022,6688,74.12990467745512
rule_mongodb,60c1s5r10p,rw_zipf_0.4,concurrent_20,100,12000,109.91149999999999,202.40110000000996,229.7081,116.08839136558332,0,0,0,0,0,12000,109.91149999999999,202.40110000000996,229.7081,116.08839136558332,1200.0,12000,8968,74.73333333333333
rule_mongodb,60c1s5r10p,rw_zipf_0.5,concurrent_20,0,0,0,0,0,0,12000,148.268,264.49219999999997,342.1995,153.24676435358333,12000,148.268,264.49219999999997,342.1995,153.24676435358333,1200.0,0,0,0
rule_mongodb,60c1s5r10p,rw_zipf_0.5,concurrent_20,25,2994,138.06,199.3761,228.42741999999998,117.03090574448898,9006,149.7475,263.7635,343.8234,153.48158532367313,12000,145.6325,253.6175,339.77340000000004,144.38714076866668,1200.0,2994,2270,75.81830327321309
rule_mongodb,60c1s5r10p,rw_zipf_0.5,concurrent_20,50,5972,78.95605,199.6179,229.09545,114.57277181480241,6028,150.2615,265.0731,344.36044999999996,154.56726975646978,12000,144.4345,233.1801000000001,331.88414,134.66334128083332,1200.0,5972,4360,73.00736771600803
rule_mongodb,60c1s5r10p,rw_zipf_0.5,concurrent_20,75,8999,80.5049,199.529,229.07515999999998,115.21474635915102,3001,149.176,265.573,346.295,154.9390347997334,12000,138.234,227.905,313.41809,125.14912882666667,1200.0,8999,6501,72.2413601511279
rule_mongodb,60c1s5r10p,rw_zipf_0.5,concurrent_20,100,12000,137.65800000000002,226.598,228.991,115.58571091008334,0,0,0,0,0,12000,137.65800000000002,226.598,228.991,115.58571091008334,1200.0,12000,8913,74.275
rule_mongodb,60c1s5r10p,rw_zipf_0.6,concurrent_20,0,0,0,0,0,0,12000,149.99450000000002,263.1441,342.10940000000005,152.93793305474998,12000,149.99450000000002,263.1441,342.10940000000005,152.93793305474998,1200.0,0,0,0
rule_mongodb,60c1s5r10p,rw_zipf_0.6,concurrent_20,25,2950,137.7845,226.9194,228.303,115.80373767593221,9050,149.42700000000002,264.5493,342.56602,153.51683817458564,12000,145.796,254.5736,338.71171000000004,144.24570096866665,1200.0,2950,2157,73.11864406779661
rule_mongodb,60c1s5r10p,rw_zipf_0.6,concurrent_20,50,5970,137.694,227.68,228.39679,116.25164701926298,6030,149.4135,264.31210000000004,343.22498,152.85230654975126,12000,144.3375,230.9228,329.75502000000006,134.6434784333333,1200.0,5970,4436,74.30485762144053
rule_mongodb,60c1s5r10p,rw_zipf_0.6,concurrent_20,75,8962,137.701,199.4026,228.95639,115.56380570486499,3038,150.51299999999998,265.85310000000004,342.63755000000003,154.2895625348914,12000,138.44,227.66310000000001,308.37634,125.36787647566666,1200.0,8962,6782,75.67507252845347
rule_mongodb,60c1s5r10p,rw_zipf_0.6,concurrent_20,100,12000,137.7255,227.7761,228.80105999999998,116.05951096358332,0,0,0,0,0,12000,137.7255,227.7761,228.80105999999998,116.05951096358332,1200.0,12000,9197,76.64166666666667
rule_mongodb,60c1s5r10p,rw_zipf_0.7,concurrent_20,0,0,0,0,0,0,12000,148.60399999999998,263.798,342.19737000000003,152.95194303866666,12000,148.60399999999998,263.798,342.19737000000003,152.95194303866666,1200.0,0,0,0
rule_mongodb,60c1s5r10p,rw_zipf_0.7,concurrent_20,25,3013,80.0701,227.064,229.01188,118.20045026319283,8982,152.51600000000002,266.25280000000004,345.18193,157.49210715341792,11995,145.884,255.7476,341.9834199999999,147.62251463901626,1199.5,3013,2309,76.63458347162296
rule_mongodb,60c1s5r10p,rw_zipf_0.7,concurrent_20,50,6015,137.82,227.1386,229.75034,116.64050835644223,5985,148.95,267.067,341.54272,153.79069976441102,12000,144.315,235.66190000000006,327.83002,135.16916632116667,1200.0,6015,4419,73.46633416458853
rule_mongodb,60c1s5r10p,rw_zipf_0.7,concurrent_20,75,8945,80.7751,199.3106,229.69368,115.3519916079374,3055,154.483,265.3238,345.23188,156.65801995581015,12000,138.3155,228.239,315.19467000000003,125.8678179915,1200.0,8945,6592,73.69480156512017
rule_mongodb,60c1s5r10p,rw_zipf_0.7,concurrent_20,100,12000,137.739,226.597,228.724,116.44624316608332,0,0,0,0,0,12000,137.739,226.597,228.724,116.44624316608332,1200.0,12000,8571,71.425
rule_mongodb,60c1s5r10p,rw_zipf_0.8,concurrent_20,0,0,0,0,0,0,12000,150.364,264.6494,344.01714000000004,154.38199692274998,12000,150.364,264.6494,344.01714000000004,154.38199692274998,1200.0,0,0,0
rule_mongodb,60c1s5r10p,rw_zipf_0.8,concurrent_20,25,3072,138.0025,227.0608,229.981,118.21891499609376,8928,148.36700000000002,263.2025,341.43663,152.42859732403673,12000,145.851,253.78040000000001,337.34565000000003,143.67091864808333,1200.0,3072,2258,73.50260416666667
rule_mongodb,60c1s5r10p,rw_zipf_0.8,concurrent_20,50,6035,137.683,227.0762,229.76397999999998,117.06727553487985,5965,152.79,266.618,342.3097199999999,155.16994486906958,12000,144.606,236.58230000000003,330.6587000000001,136.00747741641666,1200.0,6035,4364,72.31151615575808
rule_mongodb,60c1s5r10p,rw_zipf_0.8,concurrent_20,75,9056,137.906,226.64600000000002,231.1932500000003,117.72771130035333,2944,146.8285,266.4768,339.10724,153.66003325169834,12000,138.42899999999997,227.805,308.45587,126.54310761908333,1200.0,9056,6494,71.70936395759718
rule_mongodb,60c1s5r10p,rw_zipf_0.8,concurrent_20,100,12000,137.808,227.7551,230.83602000000002,117.4781912975,0,0,0,0,0,12000,137.808,227.7551,230.83602000000002,117.4781912975,1200.0,12000,8726,72.71666666666667
rule_mongodb,60c1s5r10p,rw_zipf_0.9,concurrent_20,0,0,0,0,0,0,12000,149.63150000000002,264.0895,341.28672000000006,153.66937232024998,12000,149.63150000000002,264.0895,341.28672000000006,153.66937232024998,1200.0,0,0,0
rule_mongodb,60c1s5r10p,rw_zipf_0.9,concurrent_20,25,2956,138.038,227.045,254.80169999999998,119.0385529140731,9044,149.1725,263.7609,341.51463,153.39121425530735,12000,145.6005,254.7604,337.23924,144.92900867825,1200.0,2956,2034,68.80920162381597
rule_mongodb,60c1s5r10p,rw_zipf_0.9,concurrent_20,50,6039,138.076,227.6192,262.8508,121.24981719076007,5961,148.29,262.355,343.5061999999998,152.4376167208522,12000,145.14,236.8808,334.13527,136.74235660733333,1200.0,6039,4129,68.37224706077166
rule_mongodb,60c1s5r10p,rw_zipf_0.9,concurrent_20,75,8968,137.955,227.379,267.84076999999996,119.99766272100803,3032,150.284,265.7464,340.2559300000001,154.44204132025067,12000,138.5435,228.6058,318.5519400000002,128.70060904708333,1200.0,8968,5995,66.84879571810883
rule_mongodb,60c1s5r10p,rw_zipf_0.9,concurrent_20,100,12000,137.8845,227.903,265.43237,119.73975195641667,0,0,0,0,0,12000,137.8845,227.903,265.43237,119.73975195641667,1200.0,12000,8148,67.9
rule_mongodb,60c1s5r10p,rw_zipf_1,concurrent_20,0,0,0,0,0,0,12000,149.579,263.02770000000004,341.35506000000004,153.33258244116666,12000,149.579,263.02770000000004,341.35506000000004,153.33258244116666,1200.0,0,0,0
rule_mongodb,60c1s5r10p,rw_zipf_1,concurrent_20,25,3028,138.1605,228.8333,301.9315500000001,124.73399798612945,8972,150.591,264.2948,343.97967,154.57122753856441,12000,146.08550000000002,256.9079,339.9326000000001,147.04229994816666,1200.0,3028,1738,57.39762219286658
rule_mongodb,60c1s5r10p,rw_zipf_1,concurrent_20,50,6028,138.3305,228.1139,314.45198999999985,125.8361518140345,5972,153.48250000000002,266.23400000000004,342.89038,155.0679171642666,12000,145.19150000000002,247.685,335.85825000000006,140.38382703666667,1200.0,6028,3369,55.889183808891836
rule_mongodb,60c1s5r10p,rw_zipf_1,concurrent_20,75,9010,138.127,227.6371,308.02611,122.92106737114317,2990,152.79700000000003,268.6153,344.0811000000001,157.04778719866223,12000,140.639,228.5182,331.01123,131.4243083948333,1200.0,9010,5394,59.866814650388456
rule_mongodb,60c1s5r10p,rw_zipf_1,concurrent_20,100,12000,138.26350000000002,227.754,315.75708000000003,127.0203290375,0,0,0,0,0,12000,138.26350000000002,227.754,315.75708000000003,127.0203290375,1200.0,12000,6758,56.31666666666667
rule_mongodb,60c1s5r10p,rw_zipf_0,concurrent_20,0,0,0,0,0,0,12000,138.037,227.6672,265.81674,110.51954159566667,12000,138.037,227.6672,265.81674,110.51954159566667,1200.0,0,0,0
rule_mongodb,60c1s5r10p,rw_zipf_0,concurrent_20,25,3000,137.91750000000002,197.5708,228.30304,107.54478461999999,9000,137.91750000000002,227.2341,265.5934500000002,110.04637009288889,12000,137.91750000000002,227.0721,252.00177000000005,109.42097372466667,1200.0,3000,1737,57.9
rule_mongodb,60c1s5r10p,rw_zipf_0,concurrent_20,50,5931,78.9661,195.971,228.3777,105.68174286798178,6069,137.83,227.1054,262.72763999999995,110.68503099934091,12000,137.767,226.3754,230.6128300000005,108.21215584041667,1200.0,5931,2832,47.749114820435004
rule_mongodb,60c1s5r10p,rw_zipf_0,concurrent_20,75,8965,137.682,226.571,229.02336,106.97387072470718,3035,137.749,227.269,257.8511599999998,110.10239183624383,12000,137.7,226.602,229.343,107.76512585583333,1200.0,8965,5247,58.52760736196319
rule_mongodb,60c1s5r10p,rw_zipf_0,concurrent_20,100,12000,108.81854999999999,202.2490000000098,228.387,106.36053286016667,0,0,0,0,0,12000,108.81854999999999,202.2490000000098,228.387,106.36053286016667,1200.0,12000,6365,53.041666666666664
rule_mongodb,60c1s5r10p,rw_zipf_0.1,concurrent_20,0,0,0,0,0,0,12000,137.913,228.1195,262.63900000000007,110.38829056591666,12000,137.913,228.1195,262.63900000000007,110.38829056591666,1200.0,0,0,0
rule_mongodb,60c1s5r10p,rw_zipf_0.1,concurrent_20,25,3046,78.20145,194.687,229.62555,105.92817722193041,8954,137.81099999999998,227.8127,260.19264,110.83557851507706,12000,137.78,227.668,249.9631400000001,109.58991648683332,1200.0,3046,1621,53.21733420879843
rule_mongodb,60c1s5r10p,rw_zipf_0.1,concurrent_20,50,5986,137.7065,226.6705,229.0146,107.00598410340794,6014,137.739,227.3906,259.31427999999994,109.92151633688061,12000,137.727,226.9698,229.96222,108.46715167441667,1200.0,5986,3173,53.00701637153358
rule_mongodb,60c1s5r10p,rw_zipf_0.1,concurrent_20,75,8967,137.771,226.5334,227.81734,106.99738058179994,3033,132.424,227.1258,256.62271999999996,108.5371284770854,12000,137.7405,226.5881,228.21704000000003,107.38655186233333,1200.0,8967,4639,51.73413627746181
rule_mongodb,60c1s5r10p,rw_zipf_0.1,concurrent_20,100,12000,108.59855,200.56930000001074,229.07101,106.46782095216669,0,0,0,0,0,12000,108.59855,200.56930000001074,229.07101,106.46782095216669,1200.0,12000,6475,53.958333333333336
rule_mongodb,60c1s5r10p,rw_zipf_0.2,concurrent_20,0,0,0,0,0,0,12000,137.7985,227.4451,256.0011600000001,110.22767451241667,12000,137.7985,227.4451,256.0011600000001,110.22767451241667,1200.0,0,0,0
rule_mongodb,60c1s5r10p,rw_zipf_0.2,concurrent_20,25,2988,78.4105,226.6322,228.25539,106.28091461546185,9012,137.734,227.30450000000002,262.06044999999943,110.16480222514426,12000,137.71050000000002,227.16479999999999,249.22823000000014,109.19771421033334,1200.0,2988,1638,54.81927710843374
rule_mongodb,60c1s5r10p,rw_zipf_0.2,concurrent_20,50,5929,78.9441,197.7234,229.68804,106.5636757377298,6071,137.799,227.382,253.43920000000008,110.07967335859001,12000,137.726,226.8192,230.30819,108.34247753408334,1200.0,5929,3236,54.57918704671951
rule_mongodb,60c1s5r10p,rw_zipf_0.2,concurrent_20,75,9042,137.9,197.51569999999998,229.697,106.67146390356116,2958,137.9965,228.5356,269.1006799999994,109.75767998512508,12000,137.93099999999998,227.7391,229.95449000000002,107.43221616766668,1200.0,9042,4452,49.23689449236895
rule_mongodb,60c1s5r10p,rw_zipf_0.2,concurrent_20,100,12000,108.64150000000001,227.0361,228.616,106.32414028416667,0,0,0,0,0,12000,108.64150000000001,227.0361,228.616,106.32414028416667,1200.0,12000,6716,55.96666666666667
rule_mongodb,60c1s5r10p,rw_zipf_0.3,concurrent_20,0,0,0,0,0,0,12000,137.963,227.7383,259.52782,110.18774749933333,12000,137.963,227.7383,259.52782,110.18774749933333,1200.0,0,0,0
rule_mongodb,60c1s5r10p,rw_zipf_0.3,concurrent_20,25,2975,137.794,226.545,229.75552,108.1068538262185,9025,137.811,227.349,259.60508000000004,109.98026281274238,12000,137.8005,227.0753,249.04307000000009,109.5158135015,1200.0,2975,1611,54.15126050420168
rule_mongodb,60c1s5r10p,rw_zipf_0.3,concurrent_20,50,6003,137.65,199.1022,229.032,106.91297005164085,5997,137.791,228.205,272.3871199999999,110.39712953610137,12000,137.73950000000002,227.7672,234.27689000000007,108.654178754,1200.0,6003,3332,55.505580543061804
rule_mongodb,60c1s5r10p,rw_zipf_0.3,concurrent_20,75,9044,78.7129,227.0187,228.97,106.50186250884565,2956,137.8545,227.5935,269.9748499999995,111.0120636275372,12000,137.6885,227.05610000000001,229.32302,107.61287538441667,1200.0,9044,5087,56.24723573639982
rule_mongodb,60c1s5r10p,rw_zipf_0.3,concurrent_20,100,12000,108.22995,202.93770000000973,229.044,106.48996534366667,0,0,0,0,0,12000,108.22995,202.93770000000973,229.044,106.48996534366667,1200.0,12000,6227,51.891666666666666
rule_mongodb,60c1s5r10p,rw_zipf_0.4,concurrent_20,0,0,0,0,0,0,12000,137.9225,227.4596,260.48954,110.51885078591667,12000,137.9225,227.4596,260.48954,110.51885078591667,1200.0,0,0,0
rule_mongodb,60c1s5r10p,rw_zipf_0.4,concurrent_20,25,2961,137.731,195.363,228.9618,106.33432549814252,9039,137.795,227.596,260.29848000000027,110.80470052760262,12000,137.781,227.1952,253.69799000000003,109.70163548908332,1200.0,2961,1500,50.65856129685917
rule_mongodb,60c1s5r10p,rw_zipf_0.4,concurrent_20,50,6011,78.2881,199.381,228.3999,105.70014422924638,5989,137.832,227.87220000000002,258.58392,112.03898374770414,12000,137.72,227.345,229.18814,108.86375338558332,1200.0,6011,3449,57.37814007652637
rule_mongodb,60c1s5r10p,rw_zipf_0.4,concurrent_20,75,9031,78.408,199.123,229.6497,105.51905671774998,2969,138.133,227.9598,257.6643200000002,112.0879701983833,12000,137.7375,226.9661,229.866,107.14431539475,1200.0,9031,4539,50.26021481563504
rule_mongodb,60c1s5r10p,rw_zipf_0.4,concurrent_20,100,12000,137.7195,204.94960000000913,228.459,106.57911745808332,0,0,0,0,0,12000,137.7195,204.94960000000913,228.459,106.57911745808332,1200.0,12000,6150,51.25
rule_mongodb,60c1s5r10p,rw_zipf_0.5,concurrent_20,0,0,0,0,0,0,12000,137.81150000000002,226.7497,261.14727,110.10443995891667,12000,137.81150000000002,226.7497,261.14727,110.10443995891667,1200.0,0,0,0
rule_mongodb,60c1s5r10p,rw_zipf_0.5,concurrent_20,25,3041,78.4441,197.544,228.306,106.175456664584,8959,137.999,228.08159999999998,256.44582,109.93292947795513,12000,137.946,227.5542,247.11734000000004,108.98072324249998,1200.0,3041,1556,51.16737915159487
rule_mongodb,60c1s5r10p,rw_zipf_0.5,concurrent_20,50,6081,78.3689,196.038,229.1026,106.23485203404046,5919,137.793,228.0938,257.2017199999998,110.65632519817537,12000,137.735,227.3972,229.94115,108.41574367224999,1200.0,6081,3286,54.037164939976975
rule_mongodb,60c1s5r10p,rw_zipf_0.5,concurrent_20,75,8995,137.669,201.86020000000124,228.46305999999998,106.43466415586437,3005,137.925,228.1846,263.0186,110.44328134109816,12000,137.7765,227.6711,228.898,107.43848870933333,1200.0,8995,4876,54.20789327404113
rule_mongodb,60c1s5r10p,rw_zipf_0.5,concurrent_20,100,12000,108.4025,225.95759999999999,228.34001,106.58034052558334,0,0,0,0,0,12000,108.4025,225.95759999999999,228.34001,106.58034052558334,1200.0,12000,6593,54.94166666666667
rule_mongodb,60c1s5r10p,rw_zipf_0.6,concurrent_20,0,0,0,0,0,0,12000,137.749,227.8977,259.44847,110.26867084241667,12000,137.749,227.8977,259.44847,110.26867084241667,1200.0,0,0,0
rule_mongodb,60c1s5r10p,rw_zipf_0.6,concurrent_20,25,3018,137.8225,227.048,229.59432,107.16277565705765,8982,137.909,227.5878,260.4914700000001,110.00734056880428,12000,137.895,227.431,247.8649700000001,109.2919324935,1200.0,3018,1619,53.644797879390325
rule_mongodb,60c1s5r10p,rw_zipf_0.6,concurrent_20,50,6018,78.666,196.01050000000006,229.04766,106.04824836191426,5982,137.834,228.1216,270.33418999999935,111.14220363674357,12000,137.742,227.0451,229.79704999999998,108.58758506641666,1200.0,6018,3149,52.32635427052177
rule_mongodb,60c1s5r10p,rw_zipf_0.6,concurrent_20,75,9015,78.3801,199.2338,228.40202,105.81886888130893,2985,137.885,227.629,266.03855999999973,111.8955852606365,12000,137.701,226.6902,228.84511,107.33045208066667,1200.0,9015,4700,52.135330005546315
rule_mongodb,60c1s5r10p,rw_zipf_0.6,concurrent_20,100,12000,137.6855,227.69320000000002,229.06803000000002,106.63311078591666,0,0,0,0,0,12000,137.6855,227.69320000000002,229.06803000000002,106.63311078591666,1200.0,12000,6494,54.11666666666667
rule_mongodb,60c1s5r10p,rw_zipf_0.7,concurrent_20,0,0,0,0,0,0,12000,137.844,228.21959999999999,261.2775300000002,110.56851307175,12000,137.844,228.21959999999999,261.2775300000002,110.56851307175,1200.0,0,0,0
rule_mongodb,60c1s5r10p,rw_zipf_0.7,concurrent_20,25,2977,79.0151,197.203,228.47016,106.32598548337253,9023,137.981,227.547,265.4148200000013,110.58965806948908,12000,137.967,227.194,255.98572000000004,109.53191196208334,1200.0,2977,1571,52.77124622102788
rule_mongodb,60c1s5r10p,rw_zipf_0.7,concurrent_20,50,5963,78.603,195.7576,228.44376,106.18130657990945,6037,137.911,228.05540000000002,261.23648000000003,110.77537550770249,12000,137.7765,227.598,229.58164,108.49250608966666,1200.0,5963,3304,55.40835150092236
rule_mongodb,60c1s5r10p,rw_zipf_0.7,concurrent_20,75,9085,137.724,227.1488,228.94264,107.01876195321958,2915,129.002,227.862,252.6048200000001,109.03973482813036,12000,137.707,227.198,229.17048,107.50968994741667,1200.0,9085,4951,54.49642267473858
rule_mongodb,60c1s5r10p,rw_zipf_0.7,concurrent_20,100,12000,134.631,226.19810000000032,228.52,106.37150916291667,0,0,0,0,0,12000,134.631,226.19810000000032,228.52,106.37150916291667,1200.0,12000,6190,51.583333333333336
rule_mongodb,60c1s5r10p,rw_zipf_0.8,concurrent_20,0,0,0,0,0,0,12000,137.9645,227.62210000000002,259.5227500000001,110.04753810716667,12000,137.9645,227.62210000000002,259.5227500000001,110.04753810716667,1200.0,0,0,0
rule_mongodb,60c1s5r10p,rw_zipf_0.8,concurrent_20,25,2972,137.684,226.88610000000014,228.24286999999998,106.79332642631225,9028,137.756,227.6483,261.0446999999998,109.90114958661941,12000,137.732,227.4713,249.64389000000003,109.13144538391667,1200.0,2972,1521,51.177658142664875
rule_mongodb,60c1s5r10p,rw_zipf_0.8,concurrent_20,50,5968,137.81,226.5805,229.07566,107.0975615869638,6032,137.90550000000002,227.5348,261.29799999999955,110.59923006233421,12000,137.868,226.982,233.51855,108.85773360725,1200.0,5968,3049,51.089142091152816
rule_mongodb,60c1s5r10p,rw_zipf_0.8,concurrent_20,75,9007,137.661,227.13,228.33994,106.76624374641945,2993,137.671,227.7048,266.65103999999997,109.35124711526898,12000,137.6635,227.1531,228.81005,107.41098667,1200.0,9007,5003,55.545686688131454
rule_mongodb,60c1s5r10p,rw_zipf_0.8,concurrent_20,100,12000,137.67,227.042,228.01802,106.79939738400002,0,0,0,0,0,12000,137.67,227.042,228.01802,106.79939738400002,1200.0,12000,6057,50.475
rule_mongodb,60c1s5r10p,rw_zipf_0.9,concurrent_20,0,0,0,0,0,0,12000,137.906,227.6302,256.64392,110.19985148666667,12000,137.906,227.6302,256.64392,110.19985148666667,1200.0,0,0,0
rule_mongodb,60c1s5r10p,rw_zipf_0.9,concurrent_20,25,2999,137.803,197.512,229.618,107.77729444814939,9001,137.839,227.823,262.238,110.2689752345295,12000,137.834,227.674,255.88865,109.64626267799999,1200.0,2999,1628,54.28476158719573
rule_mongodb,60c1s5r10p,rw_zipf_0.9,concurrent_20,50,5747,137.975,226.6792,228.57962,109.04282078023316,5853,138.195,228.1746,259.5697199999996,114.0460844382368,11600,138.1155,227.23149999999998,238.14138,111.56731234836208,1160.0,5753,3092,53.74587171910308
rule_mongodb,60c1s5r10p,rw_zipf_0.9,concurrent_20,75,8968,137.708,226.6233,228.62398000000002,107.19427948639608,3032,137.731,227.4455,263.68413000000004,109.3733803317942,12000,137.7175,226.683,229.069,107.74486563333333,1200.0,8968,4572,50.98126672613738
rule_mongodb,60c1s5r10p,rw_zipf_0.9,concurrent_20,100,12000,137.671,227.035,228.28501,106.65092030583334,0,0,0,0,0,12000,137.671,227.035,228.28501,106.65092030583334,1200.0,12000,6327,52.725
rule_mongodb,60c1s5r10p,rw_zipf_1,concurrent_20,0,0,0,0,0,0,12000,137.851,228.0662,264.14898000000005,110.76527933291668,12000,137.851,228.0662,264.14898000000005,110.76527933291668,1200.0,0,0,0
rule_mongodb,60c1s5r10p,rw_zipf_1,concurrent_20,25,2962,78.29305,195.374,229.11956,104.6879298305199,9038,137.85950000000003,228.0552,262.77779999999956,110.90608995009958,12000,137.77550000000002,227.287,252.09528000000003,109.37124076058333,1200.0,2962,1341,45.273463875759624
rule_mongodb,60c1s5r10p,rw_zipf_1,concurrent_20,50,5953,137.705,227.04399999999998,228.39644,107.38702131244752,6047,137.741,227.6584,259.91346,110.47283942268892,12000,137.718,227.188,239.00548000000003,108.9420164885,1200.0,5953,2937,49.33646900722325
rule_mongodb,60c1s5r10p,rw_zipf_1,concurrent_20,75,8931,137.682,227.074,228.99290000000002,107.4110154382488,3069,137.811,227.5776,253.52556000000007,110.62448105050507,12000,137.732,227.1192,229.38524999999998,108.23285926858331,1200.0,8931,4288,48.0125405889598
rule_mongodb,60c1s5r10p,rw_zipf_1,concurrent_20,100,12000,137.91649999999998,227.0763,228.81203000000002,107.50175688816667,0,0,0,0,0,12000,137.91649999999998,227.0763,228.81203000000002,107.50175688816667,1200.0,12000,5320,44.333333333333336
