protocol,site,workload,concurrent,fastpath_percentage,fastpath_count,fastpath_50pct,fastpath_90pct,fastpath_99pct,fastpath_ave,slowpath_count,slowpath_50pct,slowpath_90pct,slowpath_99pct,slowpath_ave,total_count,total_50pct,total_90pct,total_99pct,total_ave,throughput,fastpath_attempt_count,fastpath_success_count,fastpath_success_rate
none_fpga_raft,60c1s5r10p,rw_1000000,concurrent_15,0,0,0,0,0,0,9000,159.77499999999998,232.93250000001817,279.43100999999996,156.95916626666667,9000,159.77499999999998,232.93250000001817,279.43100999999996,156.95916626666667,900.0,0,0,0
none_fpga_raft,60c1s5r10p,rw_zipf_0,concurrent_15,0,0,0,0,0,0,9000,160.0775,233.16350000001822,280.72501,156.4934945,9000,160.0775,233.16350000001822,280.72501,156.4934945,900.0,0,0,0
none_fpga_raft,60c1s5r10p,rw_zipf_0.1,concurrent_15,0,0,0,0,0,0,8990,187.9625,278.0018,280.12622,156.07247201334818,8990,187.9625,278.0018,280.12622,156.07247201334818,899.0,0,0,0
none_fpga_raft,60c1s5r10p,rw_zipf_0.2,concurrent_15,0,0,0,0,0,0,9000,159.3105,232.4835000000184,279.337,156.19883937777777,9000,159.3105,232.4835000000184,279.337,156.19883937777777,900.0,0,0,0
none_fpga_raft,60c1s5r10p,rw_zipf_0.3,concurrent_15,0,0,0,0,0,0,9000,159.937,232.76540000001816,280.61,156.74041211111114,9000,159.937,232.76540000001816,280.61,156.74041211111114,900.0,0,0,0
none_fpga_raft,60c1s5r10p,rw_zipf_0.4,concurrent_15,0,0,0,0,0,0,9000,159.26600000000002,230.9515000000189,279.32007,156.1583037888889,9000,159.26600000000002,230.9515000000189,279.32007,156.1583037888889,900.0,0,0,0
none_fpga_raft,60c1s5r10p,rw_zipf_0.5,concurrent_15,0,0,0,0,0,0,9000,159.619,232.75420000001822,279.62300999999997,156.51338048888888,9000,159.619,232.75420000001822,279.62300999999997,156.51338048888888,900.0,0,0,0
none_fpga_raft,60c1s5r10p,rw_zipf_0.6,concurrent_15,0,0,0,0,0,0,9000,159.3005,231.3040000000187,279.76800999999995,156.35931903333332,9000,159.3005,231.3040000000187,279.76800999999995,156.35931903333332,900.0,0,0,0
none_fpga_raft,60c1s5r10p,rw_zipf_0.7,concurrent_15,0,0,0,0,0,0,9000,160.1565,232.98890000001825,279.26904,156.60670834444446,9000,160.1565,232.98890000001825,279.26904,156.60670834444446,900.0,0,0,0
none_fpga_raft,60c1s5r10p,rw_zipf_0.8,concurrent_15,0,0,0,0,0,0,9000,160.599,233.10740000001826,280.74501,157.12080643333334,9000,160.599,233.10740000001826,280.74501,157.12080643333334,900.0,0,0,0
none_fpga_raft,60c1s5r10p,rw_zipf_0.9,concurrent_15,0,0,0,0,0,0,9000,159.122,231.6691000000183,279.88000999999997,155.99667248888886,9000,159.122,231.6691000000183,279.88000999999997,155.99667248888886,900.0,0,0,0
none_fpga_raft,60c1s5r10p,rw_zipf_1,concurrent_15,0,0,0,0,0,0,9000,159.2215,232.96260000001817,280.01901,156.6312256111111,9000,159.2215,232.96260000001817,280.01901,156.6312256111111,900.0,0,0,0
none_fpga_raft,60c1s5r10p,rw_zipf_0,concurrent_15,0,0,0,0,0,0,9000,159.9605,231.40930000001862,280.466,156.78961289999998,9000,159.9605,231.40930000001862,280.466,156.78961289999998,900.0,0,0,0
none_fpga_raft,60c1s5r10p,rw_zipf_0.1,concurrent_15,0,0,0,0,0,0,9000,159.5365,233.4227000000178,279.70700999999997,155.97827828888887,9000,159.5365,233.4227000000178,279.70700999999997,155.97827828888887,900.0,0,0,0
none_fpga_raft,60c1s5r10p,rw_zipf_0.2,concurrent_15,0,0,0,0,0,0,9000,159.378,232.73300000001814,278.74300999999997,155.82573863333334,9000,159.378,232.73300000001814,278.74300999999997,155.82573863333334,900.0,0,0,0
none_fpga_raft,60c1s5r10p,rw_zipf_0.3,concurrent_15,0,0,0,0,0,0,9000,159.0595,231.07500000001843,280.34602,155.61310036666666,9000,159.0595,231.07500000001843,280.34602,155.61310036666666,900.0,0,0,0
none_fpga_raft,60c1s5r10p,rw_zipf_0.4,concurrent_15,0,0,0,0,0,0,9000,158.9925,231.99000000001843,279.08403,155.83416807777778,9000,158.9925,231.99000000001843,279.08403,155.83416807777778,900.0,0,0,0
none_fpga_raft,60c1s5r10p,rw_zipf_0.5,concurrent_15,0,0,0,0,0,0,9000,159.88,231.0228000000192,280.429,156.5290631888889,9000,159.88,231.0228000000192,280.429,156.5290631888889,900.0,0,0,0
none_fpga_raft,60c1s5r10p,rw_zipf_0.6,concurrent_15,0,0,0,0,0,0,9000,161.62900000000002,237.99180000001635,280.84604,156.5906105888889,9000,161.62900000000002,237.99180000001635,280.84604,156.5906105888889,900.0,0,0,0
none_fpga_raft,60c1s5r10p,rw_zipf_0.7,concurrent_15,0,0,0,0,0,0,9000,160.219,234.330600000018,280.27000999999996,157.05149283333336,9000,160.219,234.330600000018,280.27000999999996,157.05149283333336,900.0,0,0,0
none_fpga_raft,60c1s5r10p,rw_zipf_0.8,concurrent_15,0,0,0,0,0,0,9000,158.95499999999998,230.8848000000188,279.32802,155.61758799999998,9000,158.95499999999998,230.8848000000188,279.32802,155.61758799999998,900.0,0,0,0
none_fpga_raft,60c1s5r10p,rw_zipf_0.9,concurrent_15,0,0,0,0,0,0,9000,159.516,231.93830000001847,279.13703,156.67789082222225,9000,159.516,231.93830000001847,279.13703,156.67789082222225,900.0,0,0,0
none_fpga_raft,60c1s5r10p,rw_zipf_1,concurrent_15,0,0,0,0,0,0,9000,161.24,233.09350000001865,280.923,157.97696117777778,9000,161.24,233.09350000001865,280.923,157.97696117777778,900.0,0,0,0
none_copilot,60c1s5r10p,rw_1000000,concurrent_15,0,0,0,0,0,0,9000,203.376,319.952,340.69154,225.89932622222221,9000,203.376,319.952,340.69154,225.89932622222221,900.0,0,0,0
none_copilot,60c1s5r10p,rw_zipf_0,concurrent_15,0,0,0,0,0,0,9000,194.85649999999998,276.36220000000446,308.85904,190.03648475555556,9000,194.85649999999998,276.36220000000446,308.85904,190.03648475555556,900.0,0,0,0
none_copilot,60c1s5r10p,rw_zipf_0.1,concurrent_15,0,0,0,0,0,0,9000,217.91199999999998,329.9902000000016,352.53904,234.51653977777778,9000,217.91199999999998,329.9902000000016,352.53904,234.51653977777778,900.0,0,0,0
none_copilot,60c1s5r10p,rw_zipf_0.2,concurrent_15,0,0,0,0,0,0,9000,201.667,327.6649000000005,339.56100999999995,228.2547413333333,9000,201.667,327.6649000000005,339.56100999999995,228.2547413333333,900.0,0,0,0
none_copilot,60c1s5r10p,rw_zipf_0.3,concurrent_15,0,0,0,0,0,0,9000,214.9475,329.4624000000041,352.9101,235.44203655555555,9000,214.9475,329.4624000000041,352.9101,235.44203655555555,900.0,0,0,0
none_copilot,60c1s5r10p,rw_zipf_0.4,concurrent_15,0,0,0,0,0,0,9000,207.5635,327.66300000000325,349.52035,233.4921967777778,9000,207.5635,327.66300000000325,349.52035,233.4921967777778,900.0,0,0,0
none_copilot,60c1s5r10p,rw_zipf_0.5,concurrent_15,0,0,0,0,0,0,9000,210.402,326.43690000000464,348.31506,232.46646466666667,9000,210.402,326.43690000000464,348.31506,232.46646466666667,900.0,0,0,0
none_copilot,60c1s5r10p,rw_zipf_0.6,concurrent_15,0,0,0,0,0,0,9000,201.8415,326.86,338.75911,226.5041041111111,9000,201.8415,326.86,338.75911,226.5041041111111,900.0,0,0,0
none_copilot,60c1s5r10p,rw_zipf_0.7,concurrent_15,0,0,0,0,0,0,9000,225.787,326.89690000000354,352.20605,233.15800733333336,9000,225.787,326.89690000000354,352.20605,233.15800733333336,900.0,0,0,0
none_copilot,60c1s5r10p,rw_zipf_0.8,concurrent_15,0,0,0,0,0,0,9000,215.089,326.0202000000039,351.95118,231.9744181111111,9000,215.089,326.0202000000039,351.95118,231.9744181111111,900.0,0,0,0
none_copilot,60c1s5r10p,rw_zipf_0.9,concurrent_15,0,0,0,0,0,0,9000,210.0525,325.4929000000021,351.64300999999995,232.05314155555556,9000,210.0525,325.4929000000021,351.64300999999995,232.05314155555556,900.0,0,0,0
none_copilot,60c1s5r10p,rw_zipf_1,concurrent_15,0,0,0,0,0,0,9000,212.09750000000003,326.12400000000235,351.58609,233.8916331111111,9000,212.09750000000003,326.12400000000235,351.58609,233.8916331111111,900.0,0,0,0
none_copilot,60c1s5r10p,rw_zipf_0,concurrent_15,0,0,0,0,0,0,9000,198.733,309.7968,328.35415,200.2040990333333,9000,198.733,309.7968,328.35415,200.2040990333333,900.0,0,0,0
none_copilot,60c1s5r10p,rw_zipf_0.1,concurrent_15,0,0,0,0,0,0,9000,212.248,326.1797000000033,349.17505,232.6675401111111,9000,212.248,326.1797000000033,349.17505,232.6675401111111,900.0,0,0,0
none_copilot,60c1s5r10p,rw_zipf_0.2,concurrent_15,0,0,0,0,0,0,9000,190.85649999999998,288.82360000000006,307.30402999999995,188.09152997777775,9000,190.85649999999998,288.82360000000006,307.30402999999995,188.09152997777775,900.0,0,0,0
none_copilot,60c1s5r10p,rw_zipf_0.3,concurrent_15,0,0,0,0,0,0,9000,209.89049999999997,324.5203000000012,349.65811,231.7014697777778,9000,209.89049999999997,324.5203000000012,349.65811,231.7014697777778,900.0,0,0,0
none_copilot,60c1s5r10p,rw_zipf_0.4,concurrent_15,0,0,0,0,0,0,9000,219.185,328.4845000000031,349.58902,232.21679911111113,9000,219.185,328.4845000000031,349.58902,232.21679911111113,900.0,0,0,0
none_copilot,60c1s5r10p,rw_zipf_0.5,concurrent_15,0,0,0,0,0,0,9000,211.784,325.7997000000011,348.19905,231.7406297777778,9000,211.784,325.7997000000011,348.19905,231.7406297777778,900.0,0,0,0
none_copilot,60c1s5r10p,rw_zipf_0.6,concurrent_15,0,0,0,0,0,0,9000,214.2215,330.20670000000064,353.13109999999995,234.50296133333336,9000,214.2215,330.20670000000064,353.13109999999995,234.50296133333336,900.0,0,0,0
none_copilot,60c1s5r10p,rw_zipf_0.7,concurrent_15,0,0,0,0,0,0,9000,200.0695,299.93960000000004,313.88802999999996,197.08525677777777,9000,200.0695,299.93960000000004,313.88802999999996,197.08525677777777,900.0,0,0,0
none_copilot,60c1s5r10p,rw_zipf_0.8,concurrent_15,0,0,0,0,0,0,9000,206.91750000000002,324.1285000000012,349.30921,230.60126233333332,9000,206.91750000000002,324.1285000000012,349.30921,230.60126233333332,900.0,0,0,0
none_copilot,60c1s5r10p,rw_zipf_0.9,concurrent_15,0,0,0,0,0,0,9000,204.608,325.79269999999997,339.74703,226.57501277777777,9000,204.608,325.79269999999997,339.74703,226.57501277777777,900.0,0,0,0
none_copilot,60c1s5r10p,rw_zipf_1,concurrent_15,0,0,0,0,0,0,9000,197.7575,308.6821,350.56723,211.36623565555556,9000,197.7575,308.6821,350.56723,211.36623565555556,900.0,0,0,0
none_mencius,60c1s5r10p,rw_1000000,concurrent_15,0,0,0,0,0,0,9000,154.301,259.5583,267.32002,148.77933652222225,9000,154.301,259.5583,267.32002,148.77933652222225,900.0,0,0,0
none_mencius,60c1s5r10p,rw_zipf_0,concurrent_15,0,0,0,0,0,0,9000,135.3295,260.0027,269.40805,144.28749893333332,9000,135.3295,260.0027,269.40805,144.28749893333332,900.0,0,0,0
none_mencius,60c1s5r10p,rw_zipf_0.1,concurrent_15,0,0,0,0,0,0,9000,139.7425,261.35229999999996,270.03727,148.30005764444445,9000,139.7425,261.35229999999996,270.03727,148.30005764444445,900.0,0,0,0
none_mencius,60c1s5r10p,rw_zipf_0.2,concurrent_15,0,0,0,0,0,0,9000,165.807,274.9225,305.74536,163.3547631444444,9000,165.807,274.9225,305.74536,163.3547631444444,900.0,0,0,0
none_mencius,60c1s5r10p,rw_zipf_0.3,concurrent_15,0,0,0,0,0,0,9000,146.5115,261.8597,274.81194,148.30575979999998,9000,146.5115,261.8597,274.81194,148.30575979999998,900.0,0,0,0
none_mencius,60c1s5r10p,rw_zipf_0.4,concurrent_15,0,0,0,0,0,0,9000,136.121,257.6567,266.0981,144.50927326666664,9000,136.121,257.6567,266.0981,144.50927326666664,900.0,0,0,0
none_mencius,60c1s5r10p,rw_zipf_0.5,concurrent_15,0,0,0,0,0,0,9000,150.24450000000002,261.1412,273.26627,149.3795317,9000,150.24450000000002,261.1412,273.26627,149.3795317,900.0,0,0,0
none_mencius,60c1s5r10p,rw_zipf_0.6,concurrent_15,0,0,0,0,0,0,9000,161.889,262.3477,274.07313,148.40883021111108,9000,161.889,262.3477,274.07313,148.40883021111108,900.0,0,0,0
none_mencius,60c1s5r10p,rw_zipf_0.7,concurrent_15,0,0,0,0,0,0,9000,162.9755,260.9239,272.67456,148.02098776666668,9000,162.9755,260.9239,272.67456,148.02098776666668,900.0,0,0,0
none_mencius,60c1s5r10p,rw_zipf_0.8,concurrent_15,0,0,0,0,0,0,9000,164.44650000000001,262.2395,275.64048,147.57180035555558,9000,164.44650000000001,262.2395,275.64048,147.57180035555558,900.0,0,0,0
none_mencius,60c1s5r10p,rw_zipf_0.9,concurrent_15,0,0,0,0,0,0,8999,165.025,264.5514,494.4783,155.26166935215022,8999,165.025,264.5514,494.4783,155.26166935215022,899.9,0,0,0
none_mencius,60c1s5r10p,rw_zipf_1,concurrent_15,0,0,0,0,0,0,9031,168.886,269.04,2941.9550000000236,222.11961957701251,9031,168.886,269.04,2941.9550000000236,222.11961957701251,903.1,0,0,0
none_mencius,60c1s5r10p,rw_zipf_0,concurrent_15,0,0,0,0,0,0,9000,137.982,257.9353,266.1337,144.90832222222224,9000,137.982,257.9353,266.1337,144.90832222222224,900.0,0,0,0
none_mencius,60c1s5r10p,rw_zipf_0.1,concurrent_15,0,0,0,0,0,0,9000,136.3475,256.6083,262.53606,143.62751260000002,9000,136.3475,256.6083,262.53606,143.62751260000002,900.0,0,0,0
none_mencius,60c1s5r10p,rw_zipf_0.2,concurrent_15,0,0,0,0,0,0,9000,156.911,258.1316,265.42904999999996,144.78597242222222,9000,156.911,258.1316,265.42904999999996,144.78597242222222,900.0,0,0,0
none_mencius,60c1s5r10p,rw_zipf_0.3,concurrent_15,0,0,0,0,0,0,9000,139.75,259.662,269.16346000000004,146.1013649777778,9000,139.75,259.662,269.16346000000004,146.1013649777778,900.0,0,0,0
none_mencius,60c1s5r10p,rw_zipf_0.4,concurrent_15,0,0,0,0,0,0,9000,152.94150000000002,261.1535,272.22807,148.71691517777776,9000,152.94150000000002,261.1535,272.22807,148.71691517777776,900.0,0,0,0
none_mencius,60c1s5r10p,rw_zipf_0.5,concurrent_15,0,0,0,0,0,0,9000,144.46,262.9503,276.09129,149.22337539999998,9000,144.46,262.9503,276.09129,149.22337539999998,900.0,0,0,0
none_mencius,60c1s5r10p,rw_zipf_0.6,concurrent_15,0,0,0,0,0,0,9000,135.98499999999999,259.54810000000003,269.67701,145.51898754444443,9000,135.98499999999999,259.54810000000003,269.67701,145.51898754444443,900.0,0,0,0
none_mencius,60c1s5r10p,rw_zipf_0.7,concurrent_15,0,0,0,0,0,0,9000,165.0555,258.14119999999997,267.23600000000005,145.2407088,9000,165.0555,258.14119999999997,267.23600000000005,145.2407088,900.0,0,0,0
none_mencius,60c1s5r10p,rw_zipf_0.8,concurrent_15,0,0,0,0,0,0,9000,163.176,257.17490000000004,264.00604,143.44772074444444,9000,163.176,257.17490000000004,264.00604,143.44772074444444,900.0,0,0,0
none_mencius,60c1s5r10p,rw_zipf_0.9,concurrent_15,0,0,0,0,0,0,9000,162.385,262.3783,421.2306800000006,152.54976596666666,9000,162.385,262.3783,421.2306800000006,152.54976596666666,900.0,0,0,0
none_mencius,60c1s5r10p,rw_zipf_1,concurrent_15,0,0,0,0,0,0,8991,167.85,269.149,2104.587000000003,219.6750462684907,8991,167.85,269.149,2104.587000000003,219.6750462684907,899.1,0,0,0
none_mongodb,60c1s5r10p,rw_1000000,concurrent_15,0,0,0,0,0,0,9000,192.6225,283.7799,325.97419,184.8487151888889,9000,192.6225,283.7799,325.97419,184.8487151888889,900.0,0,0,0
none_mongodb,60c1s5r10p,rw_zipf_0,concurrent_15,0,0,0,0,0,0,9000,146.6535,248.15370000000001,323.77630000000005,146.25400938166666,9000,146.6535,248.15370000000001,323.77630000000005,146.25400938166666,900.0,0,0,0
none_mongodb,60c1s5r10p,rw_zipf_0.1,concurrent_15,0,0,0,0,0,0,9000,147.14499999999998,249.54410000000001,324.89975000000004,146.40537488866664,9000,147.14499999999998,249.54410000000001,324.89975000000004,146.40537488866664,900.0,0,0,0
none_mongodb,60c1s5r10p,rw_zipf_0.2,concurrent_15,0,0,0,0,0,0,9000,147.006,250.88930000000002,326.6938,146.9301937204444,9000,147.006,250.88930000000002,326.6938,146.9301937204444,900.0,0,0,0
none_mongodb,60c1s5r10p,rw_zipf_0.3,concurrent_15,0,0,0,0,0,0,9000,146.4345,246.7779,321.84359,145.46069950911112,9000,146.4345,246.7779,321.84359,145.46069950911112,900.0,0,0,0
none_mongodb,60c1s5r10p,rw_zipf_0.4,concurrent_15,0,0,0,0,0,0,9000,147.12150000000003,250.01790000000003,324.10196,146.45495350544445,9000,147.12150000000003,250.01790000000003,324.10196,146.45495350544445,900.0,0,0,0
none_mongodb,60c1s5r10p,rw_zipf_0.5,concurrent_15,0,0,0,0,0,0,9000,147.5595,246.68930000000003,322.13431,146.24127221244444,9000,147.5595,246.68930000000003,322.13431,146.24127221244444,900.0,0,0,0
none_mongodb,60c1s5r10p,rw_zipf_0.6,concurrent_15,0,0,0,0,0,0,9000,146.8395,246.36460000000002,322.49103000000014,146.7619485077778,9000,146.8395,246.36460000000002,322.49103000000014,146.7619485077778,900.0,0,0,0
none_mongodb,60c1s5r10p,rw_zipf_0.7,concurrent_15,0,0,0,0,0,0,9000,147.3475,246.6375,322.58627,146.7678103652222,9000,147.3475,246.6375,322.58627,146.7678103652222,900.0,0,0,0
none_mongodb,60c1s5r10p,rw_zipf_0.8,concurrent_15,0,0,0,0,0,0,9000,146.76049999999998,247.93630000000002,324.55942000000005,146.61347223066667,9000,146.76049999999998,247.93630000000002,324.55942000000005,146.61347223066667,900.0,0,0,0
none_mongodb,60c1s5r10p,rw_zipf_0.9,concurrent_15,0,0,0,0,0,0,9000,147.183,246.7825,323.39437,146.26398276166665,9000,147.183,246.7825,323.39437,146.26398276166665,900.0,0,0,0
none_mongodb,60c1s5r10p,rw_zipf_1,concurrent_15,0,0,0,0,0,0,9000,146.358,247.2168,325.33700999999996,145.99452098966665,9000,146.358,247.2168,325.33700999999996,145.99452098966665,900.0,0,0,0
none_mongodb,60c1s5r10p,rw_zipf_0,concurrent_15,0,0,0,0,0,0,9000,137.928,227.3162,249.3796,110.08134306466665,9000,137.928,227.3162,249.3796,110.08134306466665,900.0,0,0,0
none_mongodb,60c1s5r10p,rw_zipf_0.1,concurrent_15,0,0,0,0,0,0,9000,137.98250000000002,227.805,248.77099000000007,109.87394448411112,9000,137.98250000000002,227.805,248.77099000000007,109.87394448411112,900.0,0,0,0
none_mongodb,60c1s5r10p,rw_zipf_0.2,concurrent_15,0,0,0,0,0,0,9000,138.0005,227.8261,242.84351000000012,110.04958222422223,9000,138.0005,227.8261,242.84351000000012,110.04958222422223,900.0,0,0,0
none_mongodb,60c1s5r10p,rw_zipf_0.3,concurrent_15,0,0,0,0,0,0,9000,138.23149999999998,227.6124,240.6829900000001,109.89002902955555,9000,138.23149999999998,227.6124,240.6829900000001,109.89002902955555,900.0,0,0,0
none_mongodb,60c1s5r10p,rw_zipf_0.4,concurrent_15,0,0,0,0,0,0,9000,137.8755,228.3011,240.50413,109.6437851791111,9000,137.8755,228.3011,240.50413,109.6437851791111,900.0,0,0,0
none_mongodb,60c1s5r10p,rw_zipf_0.5,concurrent_15,0,0,0,0,0,0,9000,138.045,227.5751,252.64995000000025,110.05055627777779,9000,138.045,227.5751,252.64995000000025,110.05055627777779,900.0,0,0,0
none_mongodb,60c1s5r10p,rw_zipf_0.6,concurrent_15,0,0,0,0,0,0,9000,138.013,227.3771,247.56953000000019,110.05626014511111,9000,138.013,227.3771,247.56953000000019,110.05626014511111,900.0,0,0,0
none_mongodb,60c1s5r10p,rw_zipf_0.7,concurrent_15,0,0,0,0,0,0,9000,138.03,228.07,244.67813000000007,109.9852900188889,9000,138.03,228.07,244.67813000000007,109.9852900188889,900.0,0,0,0
none_mongodb,60c1s5r10p,rw_zipf_0.8,concurrent_15,0,0,0,0,0,0,9000,137.996,227.8582,245.83039000000002,109.95862811677779,9000,137.996,227.8582,245.83039000000002,109.95862811677779,900.0,0,0,0
none_mongodb,60c1s5r10p,rw_zipf_0.9,concurrent_15,0,0,0,0,0,0,9000,137.86450000000002,226.8165,246.63663000000003,109.87155968655556,9000,137.86450000000002,226.8165,246.63663000000003,109.87155968655556,900.0,0,0,0
none_mongodb,60c1s5r10p,rw_zipf_1,concurrent_15,0,0,0,0,0,0,9000,137.9275,227.6306,242.38663,109.81779674133335,9000,137.9275,227.6306,242.38663,109.81779674133335,900.0,0,0,0
rule_fpga_raft,60c1s5r10p,rw_1000000,concurrent_15,0,0,0,0,0,0,9000,159.702,233.01950000001813,280.276,156.90370881111113,9000,159.702,233.01950000001813,280.276,156.90370881111113,900.0,0,0,0
rule_fpga_raft,60c1s5r10p,rw_1000000,concurrent_15,25,2302,148.4795,226.69989999999999,229.50598,125.00999252823632,6698,130.3275,227.6759,280.013,155.59919344580473,9000,139.86,227.5762,279.97204,147.7751556111111,900.0,2302,1854,80.53866203301477
rule_fpga_raft,60c1s5r10p,rw_1000000,concurrent_15,50,4530,79.07445,227.028,228.133,124.04360821192054,4470,189.613,227.6694,280.34862000000004,157.96231832214767,9000,140.00650000000002,227.2081,280.20216,140.88990090000001,900.0,4530,3622,79.95584988962473
rule_fpga_raft,60c1s5r10p,rw_1000000,concurrent_15,75,6768,79.61155,227.0048,228.165,123.65761954787234,2232,188.2465,228.0898,279.12076,157.1150676075269,9000,139.8385,227.0411,278.597,131.95506666666665,900.0,6768,5398,79.75768321513003
rule_fpga_raft,60c1s5r10p,rw_1000000,concurrent_15,100,9000,124.7185,198.83070000001095,228.858,123.8470192111111,0,0,0,0,0,9000,124.7185,198.83070000001095,228.858,123.8470192111111,900.0,9000,7199,79.9888888888889
rule_fpga_raft,60c1s5r10p,rw_zipf_1,concurrent_15,0,0,0,0,0,0,9000,160.37650000000002,232.22360000001876,280.39606000000003,157.05933228888887,9000,160.37650000000002,232.22360000001876,280.39606000000003,157.05933228888887,900.0,0,0,0
rule_fpga_raft,60c1s5r10p,rw_zipf_1,concurrent_15,25,2304,148.7735,226.7764,279.04567,131.23352139756946,6696,131.05450000000002,277.824,279.444,156.50697565710874,9000,140.0355,227.469,279.42600999999996,150.03697136666668,900.0,2304,1486,64.49652777777777
rule_fpga_raft,60c1s5r10p,rw_zipf_1,concurrent_15,50,4486,129.7715,226.746,278.2853,130.13883370485956,4514,188.199,227.97050000000002,280.28287,156.79890981391225,9000,139.3145,227.35240000000002,279.09408,143.51034298888888,900.0,4486,2890,64.42264823896568
rule_fpga_raft,60c1s5r10p,rw_zipf_1,concurrent_15,75,6766,130.483,226.645,278.59335,129.83443214602423,2234,188.756,278.1617,279.58834,158.72596333930173,9000,139.7535,226.7021,279.21002,137.00595222222222,900.0,6766,4305,63.62695832101685
rule_fpga_raft,60c1s5r10p,rw_zipf_1,concurrent_15,100,9000,140.3,226.9935000000001,278.37511,130.22210102222223,0,0,0,0,0,9000,140.3,226.9935000000001,278.37511,130.22210102222223,900.0,9000,5727,63.63333333333333
rule_fpga_raft,60c1s5r10p,rw_zipf_0,concurrent_15,0,0,0,0,0,0,9000,160.481,232.82040000001814,281.43302,156.79346442222223,9000,160.481,232.82040000001814,281.43302,156.79346442222223,900.0,0,0,0
rule_fpga_raft,60c1s5r10p,rw_zipf_0,concurrent_15,25,2240,79.34445,194.5407,228.54166,123.06724178571429,6760,187.92149999999998,277.35249999999996,279.17382,156.02893761834318,9000,138.30349999999999,227.54330000000002,279.14500999999996,147.82513776666667,900.0,2240,1810,80.80357142857143
rule_fpga_raft,60c1s5r10p,rw_zipf_0,concurrent_15,50,4552,145.7135,193.628,228.17,123.41493785149386,4448,130.88400000000001,278.8071,280.00965,157.875245278777,9000,138.461,227.047,279.74606,140.44598756666667,900.0,4552,3620,79.52548330404218
rule_fpga_raft,60c1s5r10p,rw_zipf_0,concurrent_15,75,6802,145.54250000000002,226.9446,227.886,124.030337150838,2198,130.2715,226.6591,278.58027,154.60574899909008,9000,138.0515,226.9249,278.28726,131.49753217777777,900.0,6802,5454,80.18229932372832
rule_fpga_raft,60c1s5r10p,rw_zipf_0,concurrent_15,100,9000,112.28200000000001,225.7371000000003,228.16901000000001,123.63455418888888,0,0,0,0,0,9000,112.28200000000001,225.7371000000003,228.16901000000001,123.63455418888888,900.0,9000,7199,79.9888888888889
rule_fpga_raft,60c1s5r10p,rw_zipf_0.1,concurrent_15,0,0,0,0,0,0,9000,160.157,233.84970000001798,279.09900999999996,156.46828416666665,9000,160.157,233.84970000001798,279.09900999999996,156.46828416666665,900.0,0,0,0
rule_fpga_raft,60c1s5r10p,rw_zipf_0.1,concurrent_15,25,2269,78.9419,227.3554,230.78864000000002,123.17872653151167,6731,189.57,228.903,283.03049999999996,157.6992082454316,9000,138.69549999999998,228.54410000000001,282.98206000000005,148.99621124444445,900.0,2269,1814,79.94711326575585
rule_fpga_raft,60c1s5r10p,rw_zipf_0.1,concurrent_15,50,4504,79.21105,195.3015,229.04997,122.36079045293073,4496,188.65800000000002,252.9355,280.47415,157.65405862989326,9000,138.617,227.329,280.37512,139.99173864444444,900.0,4504,3628,80.55062166962699
rule_fpga_raft,60c1s5r10p,rw_zipf_0.1,concurrent_15,75,6740,145.42149999999998,226.6341,229.413,123.8770737537092,2260,130.857,228.3051,280.82623,156.25345508849557,9000,138.1935,226.695,279.153,132.00714284444445,900.0,6740,5359,79.51038575667656
rule_fpga_raft,60c1s5r10p,rw_zipf_0.1,concurrent_15,100,9000,112.6365,199.55920000001112,229.28,123.43703702222223,0,0,0,0,0,9000,112.6365,199.55920000001112,229.28,123.43703702222223,900.0,9000,7200,80.0
rule_fpga_raft,60c1s5r10p,rw_zipf_0.2,concurrent_15,0,0,0,0,0,0,9000,188.525,255.62000000000893,279.69302999999996,156.77450823333334,9000,188.525,255.62000000000893,279.69302999999996,156.77450823333334,900.0,0,0,0
rule_fpga_raft,60c1s5r10p,rw_zipf_0.2,concurrent_15,25,2308,144.8705,226.5128,229.25086000000002,124.4880349220104,6692,131.1565,228.8343,280.70109,156.59700452779438,9000,138.1695,227.86280000000002,280.67501,148.36283765555555,900.0,2308,1841,79.76603119584055
rule_fpga_raft,60c1s5r10p,rw_zipf_0.2,concurrent_15,50,4468,79.70994999999999,196.01,228.56233,122.79979478513879,4532,188.3885,277.4689,279.48938,156.61107292586053,9000,138.0765,226.13000000000017,278.90700999999996,139.82565173333333,900.0,4468,3592,80.39391226499552
rule_fpga_raft,60c1s5r10p,rw_zipf_0.2,concurrent_15,75,6647,144.78,227.024,229.499,124.84153243568528,2353,131.562,228.02859999999998,281.47012,155.2024147471313,9000,138.413,227.0531,280.51403,132.77921644444442,900.0,6647,5290,79.58477508650519
rule_fpga_raft,60c1s5r10p,rw_zipf_0.2,concurrent_15,100,9000,112.10444999999999,198.81870000001143,228.595,123.42962922222225,0,0,0,0,0,9000,112.10444999999999,198.81870000001143,228.595,123.42962922222225,900.0,9000,7200,80.0
rule_fpga_raft,60c1s5r10p,rw_zipf_0.3,concurrent_15,0,0,0,0,0,0,9000,159.552,231.53770000001828,279.23402,155.95043066666665,9000,159.552,231.53770000001828,279.23402,155.95043066666665,900.0,0,0,0
rule_fpga_raft,60c1s5r10p,rw_zipf_0.3,concurrent_15,25,2314,146.803,227.027,228.92686999999998,124.95956175453759,6686,131.214,228.20350000000002,280.258,156.2930386778343,9000,139.147,227.2721,280.23600999999996,148.23685361111112,900.0,2314,1850,79.94814174589456
rule_fpga_raft,60c1s5r10p,rw_zipf_0.3,concurrent_15,50,4576,144.91750000000002,194.52249999999998,228.0765,123.61891494755245,4424,131.45850000000002,278.0399,279.53554,156.57602669529837,9000,138.322,227.3331,279.25804999999997,139.8191663222222,900.0,4576,3658,79.93881118881119
rule_fpga_raft,60c1s5r10p,rw_zipf_0.3,concurrent_15,75,6779,144.623,205.1672,227.281,123.9877440625461,2221,130.908,277.561,278.6388,155.79576226924812,9000,137.873,226.2771,278.45004,131.83725611111112,900.0,6779,5406,79.74627526183802
rule_fpga_raft,60c1s5r10p,rw_zipf_0.3,concurrent_15,100,9000,123.03300000000002,205.7325000000084,227.77701,123.62094652222221,0,0,0,0,0,9000,123.03300000000002,205.7325000000084,227.77701,123.62094652222221,900.0,9000,7198,79.97777777777777
rule_fpga_raft,60c1s5r10p,rw_zipf_0.4,concurrent_15,0,0,0,0,0,0,9000,159.873,231.5923000000185,280.39,156.06499057777776,9000,159.873,231.5923000000185,280.39,156.06499057777776,900.0,0,0,0
rule_fpga_raft,60c1s5r10p,rw_zipf_0.4,concurrent_15,25,2266,144.5455,195.153,227.7557,123.19559699911738,6734,130.54399999999998,277.41769999999997,278.82567,156.48504667359666,9000,137.7685,227.2253,278.784,148.10350301111112,900.0,2266,1780,78.55251544571932
rule_fpga_raft,60c1s5r10p,rw_zipf_0.4,concurrent_15,50,4460,144.508,227.033,228.24541,125.01400087443945,4540,130.60899999999998,226.6253,280.102,155.4673186784141,9000,137.6505,226.9855,279.7182,140.37600785555554,900.0,4460,3570,80.04484304932735
rule_fpga_raft,60c1s5r10p,rw_zipf_0.4,concurrent_15,75,6774,144.932,226.9647,230.49,123.74747500738117,2226,130.9355,225.774,281.95124999999996,155.1322564690027,9000,138.012,226.13860000000034,279.12002,131.5099776222222,900.0,6774,5431,80.17419545320342
rule_fpga_raft,60c1s5r10p,rw_zipf_0.4,concurrent_15,100,9000,112.71055000000001,198.60400000001144,228.602,123.25805093333332,0,0,0,0,0,9000,112.71055000000001,198.60400000001144,228.602,123.25805093333332,900.0,9000,7197,79.96666666666667
rule_fpga_raft,60c1s5r10p,rw_zipf_0.5,concurrent_15,0,0,0,0,0,0,9000,163.49200000000002,238.8771000000156,280.658,155.83649755555555,9000,163.49200000000002,238.8771000000156,280.658,155.83649755555555,900.0,0,0,0
rule_fpga_raft,60c1s5r10p,rw_zipf_0.5,concurrent_15,25,2182,79.584,227.04489999999998,229.01895,124.10897731439047,6818,188.512,227.4891,280.39383,156.5154938838369,9000,138.3625,227.3765,280.36003,148.65871397777778,900.0,2182,1743,79.88084326306141
rule_fpga_raft,60c1s5r10p,rw_zipf_0.5,concurrent_15,50,4562,145.83,226.5699,229.426,123.67788391056555,4438,129.57,226.75560000000002,279.92389000000003,155.15023546642632,9000,137.8745,226.5831,278.70418,139.19725015555554,900.0,4562,3664,80.3156510302499
rule_fpga_raft,60c1s5r10p,rw_zipf_0.5,concurrent_15,75,6766,79.84655000000001,226.4475,228.81,123.24857553946202,2234,187.97750000000002,227.74360000000001,279.40268,157.2750524171889,9000,138.11,226.477,277.79002,131.69470324444444,900.0,6766,5399,79.79603901862252
rule_fpga_raft,60c1s5r10p,rw_zipf_0.5,concurrent_15,100,9000,128.6685,204.29900000000893,230.052,123.82925765555557,0,0,0,0,0,9000,128.6685,204.29900000000893,230.052,123.82925765555557,900.0,9000,7198,79.97777777777777
rule_fpga_raft,60c1s5r10p,rw_zipf_0.6,concurrent_15,0,0,0,0,0,0,9000,159.885,230.92370000001898,281.82302,156.3891214888889,9000,159.885,230.92370000001898,281.82302,156.3891214888889,900.0,0,0,0
rule_fpga_raft,60c1s5r10p,rw_zipf_0.6,concurrent_15,25,2246,145.703,227.1635,228.03,123.7247611308994,6754,131.122,227.918,279.37694,156.74417699141247,9000,138.4035,227.6146,279.35303,148.50399832222223,900.0,2246,1768,78.71772039180766
rule_fpga_raft,60c1s5r10p,rw_zipf_0.6,concurrent_15,50,4464,144.2815,226.63,228.82037,124.55963129480286,4536,130.832,225.639,280.23815,155.4880453042328,9000,137.688,226.5833,280.15700999999996,140.14755195555554,900.0,4464,3580,80.19713261648745
rule_fpga_raft,60c1s5r10p,rw_zipf_0.6,concurrent_15,75,6767,86.467,203.6242000000017,228.168,123.4338880301463,2233,188.691,268.09739999999766,279.713,157.06413739364083,9000,138.64350000000002,226.932,279.30842,131.77792656666668,900.0,6767,5402,79.82857987291267
rule_fpga_raft,60c1s5r10p,rw_zipf_0.6,concurrent_15,100,9000,137.89,226.5326,229.004,123.96766459999999,0,0,0,0,0,9000,137.89,226.5326,229.004,123.96766459999999,900.0,9000,7191,79.9
rule_fpga_raft,60c1s5r10p,rw_zipf_0.7,concurrent_15,0,0,0,0,0,0,9000,159.6815,232.32100000001842,280.04400999999996,156.2458704,9000,159.6815,232.32100000001842,280.04400999999996,156.2458704,900.0,0,0,0
rule_fpga_raft,60c1s5r10p,rw_zipf_0.7,concurrent_15,25,2153,79.3101,193.57260000000002,227.76,122.20619637714816,6847,188.516,277.5532,278.951,156.80811250182563,9000,137.6015,227.6882,278.928,148.53056523333333,900.0,2153,1699,78.9131444496052
rule_fpga_raft,60c1s5r10p,rw_zipf_0.7,concurrent_15,50,4446,79.708,226.77749999999997,228.8,123.1918054880792,4554,187.6655,227.8208,279.19094,155.82148258673692,9000,137.54399999999998,227.08010000000002,278.74903,139.7024221,900.0,4446,3573,80.36437246963563
rule_fpga_raft,60c1s5r10p,rw_zipf_0.7,concurrent_15,75,6684,144.51,194.54089999999997,228.279,123.50127574805505,2316,129.762,277.703,278.9501,156.69098829879104,9000,137.188,225.7809000000005,278.70302999999996,132.0420951111111,900.0,6684,5280,78.99461400359067
rule_fpga_raft,60c1s5r10p,rw_zipf_0.7,concurrent_15,100,9000,137.66,223.63320000000135,229.475,123.75293165555554,0,0,0,0,0,9000,137.66,223.63320000000135,229.475,123.75293165555554,900.0,9000,7153,79.47777777777777
rule_fpga_raft,60c1s5r10p,rw_zipf_0.8,concurrent_15,0,0,0,0,0,0,9000,159.938,232.65100000001846,279.68703,156.5956678777778,9000,159.938,232.65100000001846,279.68703,156.5956678777778,900.0,0,0,0
rule_fpga_raft,60c1s5r10p,rw_zipf_0.8,concurrent_15,25,2260,145.7175,196.3941,229.67692,123.44833367256638,6740,129.8815,277.272,280.226,155.99424707715133,9000,138.027,225.80340000000035,280.202,147.82160659999997,900.0,2260,1785,78.98230088495575
rule_fpga_raft,60c1s5r10p,rw_zipf_0.8,concurrent_15,50,4497,145.311,205.5002,228.97604,124.67600022237046,4503,130.26,278.0698,280.03594,155.56182178547635,9000,137.881,227.08520000000001,279.0831,140.12920627777774,900.0,4497,3532,78.54124972203691
rule_fpga_raft,60c1s5r10p,rw_zipf_0.8,concurrent_15,75,6767,144.486,226.5176,228.831,124.55199267031182,2233,129.806,267.05059999999776,279.30848,154.70649556650244,9000,137.29250000000002,226.554,278.43904000000003,132.03365988888888,900.0,6767,5257,77.68582828432098
rule_fpga_raft,60c1s5r10p,rw_zipf_0.8,concurrent_15,100,9000,137.346,226.10030000000006,229.187,124.36706070000001,0,0,0,0,0,9000,137.346,226.10030000000006,229.187,124.36706070000001,900.0,9000,7013,77.92222222222222
rule_fpga_raft,60c1s5r10p,rw_zipf_0.9,concurrent_15,0,0,0,0,0,0,9000,158.667,232.92360000001793,278.975,155.70719676666664,9000,158.667,232.92360000001793,278.975,155.70719676666664,900.0,0,0,0
rule_fpga_raft,60c1s5r10p,rw_zipf_0.9,concurrent_15,25,2276,128.752,226.932,228.77,125.32125360281196,6724,188.6635,227.2147,280.02977,156.78053417608567,9000,137.9265,227.0641,280.004,148.82483166666668,900.0,2276,1700,74.69244288224957
rule_fpga_raft,60c1s5r10p,rw_zipf_0.9,concurrent_15,50,4499,101.859,205.0434,229.59206,123.20363476328073,4501,188.064,278.03,280.184,159.04111126416353,9000,137.66,227.4661,280.11501,141.12635495555557,900.0,4499,3329,73.99422093798621
rule_fpga_raft,60c1s5r10p,rw_zipf_0.9,concurrent_15,75,6708,129.0615,226.266,229.64393,125.20969105545618,2292,188.714,277.3059,280.67444,158.9572165357766,9000,138.163,226.2951,279.23705,133.80406087777777,900.0,6708,4977,74.19499105545617
rule_fpga_raft,60c1s5r10p,rw_zipf_0.9,concurrent_15,100,9000,137.562,226.45260000000002,229.38504,125.84432094444446,0,0,0,0,0,9000,137.562,226.45260000000002,229.38504,125.84432094444446,900.0,9000,6651,73.9
rule_fpga_raft,60c1s5r10p,rw_zipf_1,concurrent_15,0,0,0,0,0,0,9000,159.664,231.9015000000181,278.885,156.22612405555554,9000,159.664,231.9015000000181,278.885,156.22612405555554,900.0,0,0,0
rule_fpga_raft,60c1s5r10p,rw_zipf_1,concurrent_15,25,2274,129.4805,223.686,277.6261,126.89871090589268,6726,188.067,276.8625,279.689,156.23860511448112,9000,137.6685,227.26,279.66001,148.82539184444445,900.0,2274,1532,67.3702726473175
rule_fpga_raft,60c1s5r10p,rw_zipf_1,concurrent_15,50,4499,144.955,226.5612,278.22016,128.6801355190042,4501,131.133,225.615,279.163,156.2759105532104,9000,138.1155,225.87010000000026,278.99503,142.48108923333334,900.0,4499,2994,66.54812180484552
rule_fpga_raft,60c1s5r10p,rw_zipf_1,concurrent_15,75,6767,144.227,226.66840000000002,278.9527,129.6083218560662,2233,131.651,278.62059999999997,280.47504,157.88621504702195,9000,138.0155,226.9002,280.30902000000003,136.62438135555558,900.0,6767,4401,65.03620511304862
rule_fpga_raft,60c1s5r10p,rw_zipf_1,concurrent_15,100,9000,138.1405,226.639,278.61803,129.93594537777778,0,0,0,0,0,9000,138.1405,226.639,278.61803,129.93594537777778,900.0,9000,5837,64.85555555555555
rule_fpga_raft,60c1s5r10p,rw_zipf_0,concurrent_15,0,0,0,0,0,0,9000,160.48149999999998,233.04330000001812,279.83203,156.70048680000002,9000,160.48149999999998,233.04330000001812,279.83203,156.70048680000002,900.0,0,0,0
rule_fpga_raft,60c1s5r10p,rw_zipf_0,concurrent_15,25,2249,79.2129,227.6342,228.912,123.71296505113384,6751,188.65,228.719,280.4,156.7081267812176,9000,138.7635,228.25130000000001,280.385,148.46300247777776,900.0,2249,1829,81.32503334815473
rule_fpga_raft,60c1s5r10p,rw_zipf_0,concurrent_15,50,4435,145.248,226.4376,230.13966,124.52257799323561,4565,130.577,226.9438,281.46036,155.95679237677984,9000,138.03300000000002,226.502,279.62503,140.46671006666668,900.0,4435,3536,79.72942502818489
rule_fpga_raft,60c1s5r10p,rw_zipf_0,concurrent_15,75,6711,79.2749,195.991,230.361,122.92289412904186,2289,188.826,277.8724,281.85236,157.98855329838358,9000,137.70999999999998,225.83720000000022,279.68,131.84126011111113,900.0,6711,5369,80.00298018179109
rule_fpga_raft,60c1s5r10p,rw_zipf_0,concurrent_15,100,9000,112.40754999999999,197.10260000001185,228.31701,123.45233977777778,0,0,0,0,0,9000,112.40754999999999,197.10260000001185,228.31701,123.45233977777778,900.0,9000,7200,80.0
rule_fpga_raft,60c1s5r10p,rw_zipf_0.1,concurrent_15,0,0,0,0,0,0,9000,159.8905,230.89600000001903,279.397,156.30513731111114,9000,159.8905,230.89600000001903,279.397,156.30513731111114,900.0,0,0,0
rule_fpga_raft,60c1s5r10p,rw_zipf_0.1,concurrent_15,25,2221,145.024,226.266,228.81,124.9055694281855,6779,130.793,227.2764,280.68922000000003,156.79044608349312,9000,138.03250000000003,226.98420000000002,280.63702,148.9219670777778,900.0,2221,1753,78.92841062584421
rule_fpga_raft,60c1s5r10p,rw_zipf_0.1,concurrent_15,50,4527,79.7312,226.5254,227.90822,122.75675661586038,4473,187.801,226.3442,278.45312,156.18997896266487,9000,137.9155,226.4675,278.23007,139.3730681222222,900.0,4527,3626,80.09719461011707
rule_fpga_raft,60c1s5r10p,rw_zipf_0.1,concurrent_15,75,6738,144.8915,227.511,228.588,123.83308639062035,2262,130.6685,228.0644,279.916,155.1223900530504,9000,137.93,227.5831,279.64902,131.6971313777778,900.0,6738,5392,80.02374591867023
rule_fpga_raft,60c1s5r10p,rw_zipf_0.1,concurrent_15,100,9000,112.02350000000001,197.93510000001177,228.32201,123.66589165555557,0,0,0,0,0,9000,112.02350000000001,197.93510000001177,228.32201,123.66589165555557,900.0,9000,7200,80.0
rule_fpga_raft,60c1s5r10p,rw_zipf_0.2,concurrent_15,0,0,0,0,0,0,9000,159.9775,232.0889000000184,280.30100999999996,156.61327422222223,9000,159.9775,232.0889000000184,280.30100999999996,156.61327422222223,900.0,0,0,0
rule_fpga_raft,60c1s5r10p,rw_zipf_0.2,concurrent_15,25,2234,144.147,193.993,228.47001,123.24901571172786,6766,130.97199999999998,277.65700000000004,280.23705,157.0970519804907,9000,137.594,227.1062,280.20002,148.6952172,900.0,2234,1763,78.91674127126231
rule_fpga_raft,60c1s5r10p,rw_zipf_0.2,concurrent_15,50,4496,79.8445,196.2535,230.40605,123.18037322064059,4504,189.03449999999998,278.131,282.13397000000003,157.56718463587922,9000,138.757,227.4249,281.29824,140.38906195555555,900.0,4496,3571,79.42615658362989
rule_fpga_raft,60c1s5r10p,rw_zipf_0.2,concurrent_15,75,6771,78.96,200.335,227.516,123.22437498153892,2229,187.939,277.0572,278.171,156.83579430237776,9000,137.291,226.4081,277.70414,131.54880316666666,900.0,6771,5397,79.7075764288879
rule_fpga_raft,60c1s5r10p,rw_zipf_0.2,concurrent_15,100,9000,111.7534,203.7558000000091,229.45002,123.45663953333333,0,0,0,0,0,9000,111.7534,203.7558000000091,229.45002,123.45663953333333,900.0,9000,7201,80.0111111111111
rule_fpga_raft,60c1s5r10p,rw_zipf_0.3,concurrent_15,0,0,0,0,0,0,9000,158.989,231.8282000000185,279.97102,156.02691833333333,9000,158.989,231.8282000000185,279.97102,156.02691833333333,900.0,0,0,0
rule_fpga_raft,60c1s5r10p,rw_zipf_0.3,concurrent_15,25,2226,144.4935,227.239,229.59625,124.11885296495956,6774,132.433,229.151,281.503,157.12785853262477,9000,138.6735,228.252,281.47601,148.96363115555556,900.0,2226,1756,78.8858939802336
rule_fpga_raft,60c1s5r10p,rw_zipf_0.3,concurrent_15,50,4580,78.9696,195.8642,230.47521,123.27313244541486,4420,188.2905,278.2091,281.55424,157.213211199095,9000,137.863,227.22549999999998,279.63106999999997,139.94148223333332,900.0,4580,3655,79.80349344978166
rule_fpga_raft,60c1s5r10p,rw_zipf_0.3,concurrent_15,75,6748,79.70705,227.033,228.97853,123.72967611144044,2252,188.6245,226.2075,280.39630999999997,156.16353023978684,9000,138.2725,226.60190000000017,279.356,131.84534716666667,900.0,6748,5390,79.87551867219916
rule_fpga_raft,60c1s5r10p,rw_zipf_0.3,concurrent_15,100,9000,112.19049999999999,198.88710000001126,228.665,123.19509238888887,0,0,0,0,0,9000,112.19049999999999,198.88710000001126,228.665,123.19509238888887,900.0,9000,7200,80.0
rule_fpga_raft,60c1s5r10p,rw_zipf_0.4,concurrent_15,0,0,0,0,0,0,9000,159.16,230.51780000001898,279.00901,155.73509464444442,9000,159.16,230.51780000001898,279.00901,155.73509464444442,900.0,0,0,0
rule_fpga_raft,60c1s5r10p,rw_zipf_0.4,concurrent_15,25,2225,79.8079,193.70680000000002,228.95052,121.46973613483146,6775,188.422,278.0376,279.96152,156.5649259778598,9000,137.8245,225.81690000000052,279.93106,147.88861515555553,900.0,2225,1797,80.76404494382022
rule_fpga_raft,60c1s5r10p,rw_zipf_0.4,concurrent_15,50,4441,79.5549,194.522,230.386,123.13053517225849,4559,188.845,278.4688,281.82342,156.8024966659355,9000,138.12349999999998,226.0407000000004,279.42711,140.18725433333333,900.0,4441,3553,80.00450349020491
rule_fpga_raft,60c1s5r10p,rw_zipf_0.4,concurrent_15,75,6814,145.46800000000002,226.8954,228.418,123.38564451130027,2186,130.7475,227.73250000000002,279.70005000000003,155.84829382433668,9000,138.1445,226.909,278.98301,131.27046133333334,900.0,6814,5467,80.23187555033753
rule_fpga_raft,60c1s5r10p,rw_zipf_0.4,concurrent_15,100,9000,112.6786,199.68840000001106,229.429,123.57901586666667,0,0,0,0,0,9000,112.6786,199.68840000001106,229.429,123.57901586666667,900.0,9000,7200,80.0
rule_fpga_raft,60c1s5r10p,rw_zipf_0.5,concurrent_15,0,0,0,0,0,0,9000,158.66,230.5984000000191,279.053,155.45746522222223,9000,158.66,230.5984000000191,279.053,155.45746522222223,900.0,0,0,0
rule_fpga_raft,60c1s5r10p,rw_zipf_0.5,concurrent_15,25,2223,145.603,227.612,229.4479,124.09113157894737,6777,130.141,226.5456,280.46124000000003,156.11427370517927,9000,137.93349999999998,226.8283000000003,280.43002,148.2045576,900.0,2223,1757,79.03733693207377
rule_fpga_raft,60c1s5r10p,rw_zipf_0.5,concurrent_15,50,4554,144.2505,195.9414,229.475,123.33478052261749,4446,129.38150000000002,277.399,279.82455,155.19307145748988,9000,136.8895,225.54150000000064,279.28702999999996,139.07277624444447,900.0,4554,3644,80.01756697408871
rule_fpga_raft,60c1s5r10p,rw_zipf_0.5,concurrent_15,75,6820,145.317,196.4342,229.27181,124.13726494134896,2180,129.718,277.1483,279.84984,154.3536071559633,9000,137.988,226.601,278.34101,131.4563345,900.0,6820,5440,79.76539589442815
rule_fpga_raft,60c1s5r10p,rw_zipf_0.5,concurrent_15,100,9000,128.178,199.05980000001117,228.81701,123.2539029111111,0,0,0,0,0,9000,128.178,199.05980000001117,228.81701,123.2539029111111,900.0,9000,7199,79.9888888888889
rule_fpga_raft,60c1s5r10p,rw_zipf_0.6,concurrent_15,0,0,0,0,0,0,9000,160.149,234.4472000000177,280.60400999999996,157.09803187777777,9000,160.149,234.4472000000177,280.60400999999996,157.09803187777777,900.0,0,0,0
rule_fpga_raft,60c1s5r10p,rw_zipf_0.6,concurrent_15,25,2258,144.55349999999999,196.655,229.44972,124.01580115146147,6742,130.961,278.1838,280.87959,156.29552936814002,9000,137.83100000000002,226.7886,280.836,148.1969042222222,900.0,2258,1818,80.51372896368467
rule_fpga_raft,60c1s5r10p,rw_zipf_0.6,concurrent_15,50,4555,79.4438,218.50120000000751,229.43846,122.60645385290891,4445,188.282,228.3942,280.44056,157.2917503262092,9000,138.059,227.4771,279.20901,139.7371363888889,900.0,4555,3630,79.69264544456641
rule_fpga_raft,60c1s5r10p,rw_zipf_0.6,concurrent_15,75,6716,79.07454999999999,226.552,228.96185,123.34233390410958,2284,187.7385,226.9367,279.44217,155.14040179509632,9000,137.2175,226.585,278.05703,131.4119769111111,900.0,6716,5400,80.40500297796308
rule_fpga_raft,60c1s5r10p,rw_zipf_0.6,concurrent_15,100,9000,123.9145,226.05710000000036,230.076,123.7300087,0,0,0,0,0,9000,123.9145,226.05710000000036,230.076,123.7300087,900.0,9000,7198,79.97777777777777
rule_fpga_raft,60c1s5r10p,rw_zipf_0.7,concurrent_15,0,0,0,0,0,0,9000,159.6565,230.81850000001901,278.72501,156.1028711666667,9000,159.6565,230.81850000001901,278.72501,156.1028711666667,900.0,0,0,0
rule_fpga_raft,60c1s5r10p,rw_zipf_0.7,concurrent_15,25,2231,145.438,227.116,228.6121,123.72915679067683,6769,130.45,227.0434,279.60332,156.03706992170186,9000,137.971,227.1062,279.57506,148.02829723333335,900.0,2231,1793,80.36754818467055
rule_fpga_raft,60c1s5r10p,rw_zipf_0.7,concurrent_15,50,4538,79.87155,196.3088,228.82452,123.28045608197444,4462,187.7985,276.949,279.41839,156.23893007619898,9000,137.865,226.6438,278.8391,139.6205350777778,900.0,4538,3621,79.79286029087704
rule_fpga_raft,60c1s5r10p,rw_zipf_0.7,concurrent_15,75,6745,145.702,226.348,227.39,123.64331337286879,2255,130.703,226.3008,278.69622,155.3030839467849,9000,138.27550000000002,226.3453,278.12307,131.5758447777778,900.0,6745,5406,80.14825796886582
rule_fpga_raft,60c1s5r10p,rw_zipf_0.7,concurrent_15,100,9000,137.733,208.94540000000728,228.824,123.76772590000002,0,0,0,0,0,9000,137.733,208.94540000000728,228.824,123.76772590000002,900.0,9000,7194,79.93333333333334
rule_fpga_raft,60c1s5r10p,rw_zipf_0.8,concurrent_15,0,0,0,0,0,0,9000,159.58550000000002,244.69670000001307,280.51800999999995,156.2286829888889,9000,159.58550000000002,244.69670000001307,280.51800999999995,156.2286829888889,900.0,0,0,0
rule_fpga_raft,60c1s5r10p,rw_zipf_0.8,concurrent_15,25,2234,145.15949999999998,196.1337,228.964,125.33095805729633,6766,130.0125,277.608,279.727,155.36471817913093,9000,137.894,227.232,279.692,147.90967150000003,900.0,2234,1785,79.90152193375111
rule_fpga_raft,60c1s5r10p,rw_zipf_0.8,concurrent_15,50,4525,145.528,226.93859999999998,230.55676,124.52998674033148,4475,131.749,228.703,282.447,156.22337559776537,9000,138.688,227.0831,280.02200999999997,140.28864397777778,900.0,4525,3659,80.86187845303867
rule_fpga_raft,60c1s5r10p,rw_zipf_0.8,concurrent_15,75,6697,145.038,226.9254,228.849,124.04160785426309,2303,129.97,227.6116,280.3349,155.65205892314373,9000,137.59449999999998,226.93,279.24100999999996,132.13037105555554,900.0,6697,5337,79.69239958190235
rule_fpga_raft,60c1s5r10p,rw_zipf_0.8,concurrent_15,100,9000,137.7145,226.8724,228.866,123.78339750000002,0,0,0,0,0,9000,137.7145,226.8724,228.866,123.78339750000002,900.0,9000,7175,79.72222222222223
rule_fpga_raft,60c1s5r10p,rw_zipf_0.9,concurrent_15,0,0,0,0,0,0,9000,159.89499999999998,231.02990000001893,279.892,156.5386181888889,9000,159.89499999999998,231.02990000001893,279.892,156.5386181888889,900.0,0,0,0
rule_fpga_raft,60c1s5r10p,rw_zipf_0.9,concurrent_15,25,2261,102.199,196.885,229.4704,122.98536939407342,6739,188.732,278.2744,280.93262,156.79193372903993,9000,138.1265,227.0312,280.90700999999996,148.2989735111111,900.0,2261,1804,79.78770455550641
rule_fpga_raft,60c1s5r10p,rw_zipf_0.9,concurrent_15,50,4519,145.351,227.097,229.09882,123.94907813675593,4481,130.845,226.446,280.4454,156.63705996429368,9000,138.13,226.59150000000017,280.381,140.2240610888889,900.0,4519,3573,79.06616508077008
rule_fpga_raft,60c1s5r10p,rw_zipf_0.9,concurrent_15,75,6748,120.778,226.0141000000003,229.49305999999999,123.94351124777712,2252,189.09550000000002,225.70550000000003,281.24343,157.79857122557726,9000,138.252,225.86280000000053,280.74305,132.41479958888888,900.0,6748,5326,78.92708950800237
rule_fpga_raft,60c1s5r10p,rw_zipf_0.9,concurrent_15,100,9000,137.514,226.7371,228.32101,124.14943604444446,0,0,0,0,0,9000,137.514,226.7371,228.32101,124.14943604444446,900.0,9000,7103,78.92222222222222
rule_fpga_raft,60c1s5r10p,rw_zipf_1,concurrent_15,0,0,0,0,0,0,9000,160.10750000000002,231.7377000000187,279.736,156.7751003444444,9000,160.10750000000002,231.7377000000187,279.736,156.7751003444444,900.0,0,0,0
rule_fpga_raft,60c1s5r10p,rw_zipf_1,concurrent_15,25,2272,145.682,205.46780000000004,227.65032,125.04332786091548,6728,131.08499999999998,277.9155,278.68292,156.23486038941735,9000,138.5275,227.342,278.65900999999997,148.3607312888889,900.0,2272,1772,77.99295774647888
rule_fpga_raft,60c1s5r10p,rw_zipf_1,concurrent_15,50,4468,144.7355,227.156,229.36966,124.6663001119069,4532,130.10750000000002,227.6214,279.92907,155.43934629302737,9000,137.7135,227.2641,279.85902,140.16223847777778,900.0,4468,3472,77.70814682184422
rule_fpga_raft,60c1s5r10p,rw_zipf_1,concurrent_15,75,6732,128.904,226.552,228.11138,124.3033008318479,2268,187.898,227.544,278.69633000000005,156.5795598324515,9000,137.747,226.7563,278.16900999999996,132.43691809999999,900.0,6732,5200,77.243018419489
rule_fpga_raft,60c1s5r10p,rw_zipf_1,concurrent_15,100,9000,138.0785,225.4778000000008,229.078,124.40037422222223,0,0,0,0,0,9000,138.0785,225.4778000000008,229.078,124.40037422222223,900.0,9000,6967,77.41111111111111
rule_copilot,60c1s5r10p,rw_1000000,concurrent_15,0,0,0,0,0,0,9000,208.9425,304.6781,344.36896,201.2908584777778,9000,208.9425,304.6781,344.36896,201.2908584777778,900.0,0,0,0
rule_copilot,60c1s5r10p,rw_1000000,concurrent_15,25,2231,79.5481,227.168,228.15540000000001,125.4778608695652,6769,249.45,322.13300000000004,353.35892,234.77107224109912,9000,185.4925,320.50570000000005,353.00906000000003,207.6784995111111,900.0,2231,2231,100.0
rule_copilot,60c1s5r10p,rw_1000000,concurrent_15,50,4576,79.65405000000001,199.74650000000003,229.121,124.94749265734266,4424,247.748,336.2121,350.57244,234.11577260397831,9000,173.486,307.0738,348.94315,178.60976715555557,900.0,4576,4576,100.0
rule_copilot,60c1s5r10p,rw_1000000,concurrent_15,75,6731,79.0791,205.574,229.501,125.33615150794829,2269,249.659,339.6308000000001,349.65864,235.65861568973114,9000,168.26049999999998,273.3202,346.80104,153.14967053333334,900.0,6731,6731,100.0
rule_copilot,60c1s5r10p,rw_1000000,concurrent_15,100,9000,149.4565,226.96540000000002,228.291,125.85413258888889,0,0,0,0,0,9000,149.4565,226.96540000000002,228.291,125.85413258888889,900.0,9000,8998,99.97777777777777
rule_copilot,60c1s5r10p,rw_zipf_1,concurrent_15,0,0,0,0,0,0,9000,222.171,331.54930000000263,353.60302,236.19869611111113,9000,222.171,331.54930000000263,353.60302,236.19869611111113,900.0,0,0,0
rule_copilot,60c1s5r10p,rw_zipf_1,concurrent_15,25,2327,169.557,253.7802,349.90263999999996,152.27210408250966,6673,192.406,338.165,353.21236,234.38139247714673,9000,186.5985,323.0801,352.94806,213.1515798,900.0,2327,1774,76.23549634722819
rule_copilot,60c1s5r10p,rw_zipf_1,concurrent_15,50,4497,166.527,251.03,346.44576,150.76937518345565,4503,246.539,336.3452,348.11492,232.8804745725072,9000,174.08800000000002,317.9003,347.85707,191.85229524444443,900.0,4497,3427,76.20635979541917
rule_copilot,60c1s5r10p,rw_zipf_1,concurrent_15,75,6763,164.465,251.2148,343.5089,150.6474136625758,2237,190.804,332.21940000000006,347.99663999999996,230.79701117568172,9000,171.03300000000002,305.01120000000003,343.99503,170.5690414,900.0,6763,5163,76.34186012124796
rule_copilot,60c1s5r10p,rw_zipf_1,concurrent_15,100,9000,169.0315,256.00829999999996,351.74053000000004,152.5328952333333,0,0,0,0,0,9000,169.0315,256.00829999999996,351.74053000000004,152.5328952333333,900.0,9000,6788,75.42222222222222
rule_copilot,60c1s5r10p,rw_zipf_0,concurrent_15,0,0,0,0,0,0,9000,212.6755,330.27100000000036,350.00939,233.95327255555551,9000,212.6755,330.27100000000036,350.00939,233.95327255555551,900.0,0,0,0
rule_copilot,60c1s5r10p,rw_zipf_0,concurrent_15,25,2216,79.70400000000001,226.981,228.78969999999998,125.36772698555959,6784,231.9325,330.0134,350.66451,234.80181515330187,9000,189.06400000000002,326.24199999999996,350.43600999999995,207.85671077777778,900.0,2216,2216,100.0
rule_copilot,60c1s5r10p,rw_zipf_0,concurrent_15,50,4514,145.1505,225.8865,230.07574,126.31961734603455,4486,185.6735,275.45550000000003,307.0333,191.590313441819,9000,146.44400000000002,261.28929999999997,306.78911999999997,158.8534332,900.0,4514,4514,100.0
rule_copilot,60c1s5r10p,rw_zipf_0,concurrent_15,75,6708,79.67785,199.3973,227.79686,124.96621173225998,2292,235.168,340.36740000000003,354.0477900000013,235.615530104712,9000,172.1535,274.3774,348.91635,153.1449048111111,900.0,6708,6707,99.98509242695289
rule_copilot,60c1s5r10p,rw_zipf_0,concurrent_15,100,9000,112.32849999999999,202.7473000000099,229.21702000000002,125.65454126666667,0,0,0,0,0,9000,112.32849999999999,202.7473000000099,229.21702000000002,125.65454126666667,900.0,9000,9000,100.0
rule_copilot,60c1s5r10p,rw_zipf_0.1,concurrent_15,0,0,0,0,0,0,9000,211.92700000000002,326.6280000000016,349.81001,233.4210552222222,9000,211.92700000000002,326.6280000000016,349.81001,233.4210552222222,900.0,0,0,0
rule_copilot,60c1s5r10p,rw_zipf_0.1,concurrent_15,25,2149,145.18,226.6022,228.42556,126.98958492322011,6851,194.197,326.938,341.315,227.47483666618015,9000,190.95749999999998,325.6951,340.97327,203.48119155555554,900.0,2149,2148,99.95346672871104
rule_copilot,60c1s5r10p,rw_zipf_0.1,concurrent_15,50,4490,79.13305,226.9322,228.27511,125.29175015590201,4510,231.91899999999998,323.9094,360.71337,232.02669024390244,9000,173.90449999999998,305.8791,351.92422,178.77781457777778,900.0,4490,4490,100.0
rule_copilot,60c1s5r10p,rw_zipf_0.1,concurrent_15,75,6751,145.357,226.589,229.0325,125.73387010813214,2249,189.195,322.099,359.87388,229.51096220542465,9000,167.4735,236.1741,346.93926000000005,151.66661234444445,900.0,6751,6750,99.98518737964746
rule_copilot,60c1s5r10p,rw_zipf_0.1,concurrent_15,100,9000,113.1545,203.1795000000096,228.144,125.51497499999999,0,0,0,0,0,9000,113.1545,203.1795000000096,228.144,125.51497499999999,900.0,9000,8999,99.9888888888889
rule_copilot,60c1s5r10p,rw_zipf_0.2,concurrent_15,0,0,0,0,0,0,9000,210.38600000000002,325.4092000000046,352.87102,232.91622199999998,9000,210.38600000000002,325.4092000000046,352.87102,232.91622199999998,900.0,0,0,0
rule_copilot,60c1s5r10p,rw_zipf_0.2,concurrent_15,25,2308,79.874,199.8168,227.06772,125.05571156845754,6692,230.296,337.82120000000003,349.18645,233.9826198445906,9000,187.35399999999998,325.0694,348.96702999999997,206.04891936666667,900.0,2308,2308,100.0
rule_copilot,60c1s5r10p,rw_zipf_0.2,concurrent_15,50,4492,79.48805,198.0977,230.75209,124.15443964826358,4508,231.591,339.8773,359.14324999999997,232.55603926353146,9000,173.792,305.4172,349.66709999999995,178.45159643333332,900.0,4492,4489,99.93321460373998
rule_copilot,60c1s5r10p,rw_zipf_0.2,concurrent_15,75,6742,144.7695,199.41299999999998,229.36959000000002,125.6064826164343,2258,190.784,340.4754,363.51198999999997,232.59982639503983,9000,169.209,238.7381000000001,349.59673000000004,152.44992375555555,900.0,6742,6742,100.0
rule_copilot,60c1s5r10p,rw_zipf_0.2,concurrent_15,100,9000,113.15155,226.98540000000003,229.04701,125.35025086666667,0,0,0,0,0,9000,113.15155,226.98540000000003,229.04701,125.35025086666667,900.0,9000,8999,99.9888888888889
rule_copilot,60c1s5r10p,rw_zipf_0.3,concurrent_15,0,0,0,0,0,0,9000,209.4915,332.3398,342.13300999999996,231.75202744444445,9000,209.4915,332.3398,342.13300999999996,231.75202744444445,900.0,0,0,0
rule_copilot,60c1s5r10p,rw_zipf_0.3,concurrent_15,25,2275,79.571,226.09699999999998,228.57926,123.72012048351648,6725,216.065,318.9776,338.85152,224.31186037174723,9000,182.6535,317.5366,338.4061,198.8845039,900.0,2275,2275,100.0
rule_copilot,60c1s5r10p,rw_zipf_0.3,concurrent_15,50,4593,145.4,226.8948,229.25108,125.61530894839973,4407,199.102,330.8926,338.22426,228.88667097798955,9000,173.70049999999998,313.90229999999997,337.21206,176.18385255555555,900.0,4593,4592,99.97822773786196
rule_copilot,60c1s5r10p,rw_zipf_0.3,concurrent_15,75,6765,91.7522,198.0836,228.79636,125.06976390243904,2235,198.728,309.1278,328.67184,203.9322957494407,9000,146.9435,236.6612,322.76107,144.6539593111111,900.0,6765,6764,99.98521803399852
rule_copilot,60c1s5r10p,rw_zipf_0.3,concurrent_15,100,9000,145.4185,202.3582000000099,228.706,125.44054276666667,0,0,0,0,0,9000,145.4185,202.3582000000099,228.706,125.44054276666667,900.0,9000,8998,99.97777777777777
rule_copilot,60c1s5r10p,rw_zipf_0.4,concurrent_15,0,0,0,0,0,0,9000,195.007,322.936,350.63912,227.85802301111107,9000,195.007,322.936,350.63912,227.85802301111107,900.0,0,0,0
rule_copilot,60c1s5r10p,rw_zipf_0.4,concurrent_15,25,2284,78.41605000000001,199.4662,228.49317,123.52129816112085,6716,231.6655,339.4415,350.80675,233.7569642644431,9000,185.4595,322.3472,350.49915000000004,205.7816018888889,900.0,2284,2284,100.0
rule_copilot,60c1s5r10p,rw_zipf_0.4,concurrent_15,50,4466,145.196,226.53,228.4007,126.37854305866549,4534,173.6045,277.041,311.80403,192.07945072783417,9000,145.626,260.0905,310.64502,159.47720032222222,900.0,4466,4466,100.0
rule_copilot,60c1s5r10p,rw_zipf_0.4,concurrent_15,75,6759,144.502,226.39239999999998,229.42641999999998,125.44965656162155,2241,195.363,328.568,351.1342,233.59595136099952,9000,171.54500000000002,240.0772,348.7076,152.37808396666668,900.0,6759,6758,99.98520491196922
rule_copilot,60c1s5r10p,rw_zipf_0.4,concurrent_15,100,9000,112.0275,226.681,229.47501,125.57410036666666,0,0,0,0,0,9000,112.0275,226.681,229.47501,125.57410036666666,900.0,9000,8997,99.96666666666667
rule_copilot,60c1s5r10p,rw_zipf_0.5,concurrent_15,0,0,0,0,0,0,9000,212.4485,325.2984,338.2564,226.49317544444446,9000,212.4485,325.2984,338.2564,226.49317544444446,900.0,0,0,0
rule_copilot,60c1s5r10p,rw_zipf_0.5,concurrent_15,25,2274,146.15300000000002,202.4349,229.072,127.47736051011435,6726,194.8,337.27700000000004,348.65975000000003,232.44738864109425,9000,190.1295,326.0222,348.49303,205.92496153333332,900.0,2274,2273,99.95602462620933
rule_copilot,60c1s5r10p,rw_zipf_0.5,concurrent_15,50,4443,79.6741,199.45,227.92858,124.07110562682871,4557,232.774,336.1156000000001,349.17532,233.87920517884578,9000,173.6405,310.394,348.11517000000003,179.67060669999998,900.0,4443,4443,100.0
rule_copilot,60c1s5r10p,rw_zipf_0.5,concurrent_15,75,6719,143.605,226.9212,230.25882,125.97074734335469,2281,176.012,275.052,320.991,191.9612508110478,9000,145.0525,231.6969,317.60808000000003,142.69567383333333,900.0,6719,6718,99.98511683286203
rule_copilot,60c1s5r10p,rw_zipf_0.5,concurrent_15,100,9000,141.9575,226.9942,228.49405,125.69303458888888,0,0,0,0,0,9000,141.9575,226.9942,228.49405,125.69303458888888,900.0,9000,8995,99.94444444444444
rule_copilot,60c1s5r10p,rw_zipf_0.6,concurrent_15,0,0,0,0,0,0,9000,200.2495,323.9586,334.55712,224.02199555555555,9000,200.2495,323.9586,334.55712,224.02199555555555,900.0,0,0,0
rule_copilot,60c1s5r10p,rw_zipf_0.6,concurrent_15,25,2313,79.7112,199.6454,228.00376,123.3291188499784,6687,218.914,326.23560000000003,336.96088,226.7806810228802,9000,189.369,324.1617,336.6751,200.1936295444445,900.0,2313,2311,99.91353220925205
rule_copilot,60c1s5r10p,rw_zipf_0.6,concurrent_15,50,4498,144.845,226.9635,228.84914999999998,126.25760644730993,4502,192.1985,325.1528,351.06636,232.23521901377165,9000,173.961,307.8506,349.07839,179.2699633111111,900.0,4498,4492,99.86660738105824
rule_copilot,60c1s5r10p,rw_zipf_0.6,concurrent_15,75,6757,80.0911,204.6714,228.493,125.23145638597009,2243,236.082,342.608,365.37516,237.3135211769951,9000,172.86,269.9701,352.66928,153.16479764444443,900.0,6757,6745,99.82240639336983
rule_copilot,60c1s5r10p,rw_zipf_0.6,concurrent_15,100,9000,144.363,226.8853,229.472,125.75864882222221,0,0,0,0,0,9000,144.363,226.8853,229.472,125.75864882222221,900.0,9000,8993,99.92222222222222
rule_copilot,60c1s5r10p,rw_zipf_0.7,concurrent_15,0,0,0,0,0,0,9000,203.451,325.0174,340.49904000000004,227.7780311111111,9000,203.451,325.0174,340.49904000000004,227.7780311111111,900.0,0,0,0
rule_copilot,60c1s5r10p,rw_zipf_0.7,concurrent_15,25,2237,145.112,226.805,228.80284,126.42767885561018,6763,191.436,338.56480000000005,351.71128,232.70716959929027,9000,185.70350000000002,321.019,350.27253,206.29081173333333,900.0,2237,2214,98.9718372820742
rule_copilot,60c1s5r10p,rw_zipf_0.7,concurrent_15,50,4476,146.24,223.457,228.95825,126.67008161304736,4524,195.916,309.1028,352.80878,212.24386971706454,9000,176.6015,280.0921,329.26720000000046,169.68517243333332,900.0,4476,4422,98.79356568364611
rule_copilot,60c1s5r10p,rw_zipf_0.7,concurrent_15,75,6771,145.443,226.886,228.2213,126.18889731206616,2229,192.009,323.4896,365.73908,234.1069344997757,9000,169.279,254.33420000000004,356.99633000000006,152.91659785555558,900.0,6771,6722,99.2763255058337
rule_copilot,60c1s5r10p,rw_zipf_0.7,concurrent_15,100,9000,144.7705,226.9832,228.18501,126.13354333333335,0,0,0,0,0,9000,144.7705,226.9832,228.18501,126.13354333333335,900.0,9000,8951,99.45555555555555
rule_copilot,60c1s5r10p,rw_zipf_0.8,concurrent_15,0,0,0,0,0,0,9000,207.0195,323.7422000000049,346.88407,230.19478144444443,9000,207.0195,323.7422000000049,346.88407,230.19478144444443,900.0,0,0,0
rule_copilot,60c1s5r10p,rw_zipf_0.8,concurrent_15,25,2221,144.936,227.037,277.0332,130.19098766321477,6779,199.64,337.86740000000003,352.34652,235.48928603038797,9000,191.639,329.4456,351.99503,209.50400595555558,900.0,2221,2152,96.89329131022062
rule_copilot,60c1s5r10p,rw_zipf_0.8,concurrent_15,50,4414,144.5495,227.49550000000002,274.20979,128.69959503851382,4586,189.109,337.81949999999995,348.9703,230.8949160488443,9000,173.79,306.3604000000001,348.54211,180.7737886111111,900.0,4414,4290,97.19075668328047
rule_copilot,60c1s5r10p,rw_zipf_0.8,concurrent_15,75,6726,145.89350000000002,226.6175,278.12525,129.0137235057984,2274,191.16649999999998,343.0768,363.04589,233.38518161829373,9000,172.152,275.1312000000001,351.11035000000004,155.38491192222224,900.0,6726,6503,96.68450787986916
rule_copilot,60c1s5r10p,rw_zipf_0.8,concurrent_15,100,9000,145.309,227.2381,283.66043,128.73908889999998,0,0,0,0,0,9000,145.309,227.2381,283.66043,128.73908889999998,900.0,9000,8690,96.55555555555556
rule_copilot,60c1s5r10p,rw_zipf_0.9,concurrent_15,0,0,0,0,0,0,9000,213.86450000000002,331.7067000000023,349.23502,234.97042666666664,9000,213.86450000000002,331.7067000000023,349.23502,234.97042666666664,900.0,0,0,0
rule_copilot,60c1s5r10p,rw_zipf_0.9,concurrent_15,25,2244,145.309,227.2585,323.60372000000007,135.18417045454547,6756,193.43349999999998,340.065,354.1809,234.74017747187685,9000,188.72449999999998,323.75030000000004,354.01822999999996,209.9175463888889,900.0,2244,2040,90.9090909090909
rule_copilot,60c1s5r10p,rw_zipf_0.9,concurrent_15,50,4557,146.192,227.6424,327.1732,135.5593084924292,4443,194.848,331.13620000000003,339.50316000000004,227.77518433490883,9000,173.32,318.74890000000005,339.3021,181.08321253333335,900.0,4557,4125,90.52007899934168
rule_copilot,60c1s5r10p,rw_zipf_0.9,concurrent_15,75,6756,145.978,227.255,326.20894999999996,135.3184830669035,2244,220.33350000000002,326.4381,352.75298000000004,229.16054768270945,9000,165.41649999999998,265.8684,339.62600999999995,158.71643784444444,900.0,6756,6076,89.93487270574305
rule_copilot,60c1s5r10p,rw_zipf_0.9,concurrent_15,100,9000,147.1365,226.9591,321.15904,136.2293389222222,0,0,0,0,0,9000,147.1365,226.9591,321.15904,136.2293389222222,900.0,9000,8094,89.93333333333334
rule_copilot,60c1s5r10p,rw_zipf_1,concurrent_15,0,0,0,0,0,0,9000,211.0195,324.6819000000044,348.66206999999997,232.59586055555553,9000,211.0195,324.6819000000044,348.66206999999997,232.59586055555553,900.0,0,0,0
rule_copilot,60c1s5r10p,rw_zipf_1,concurrent_15,25,2241,160.206,234.934,343.7794,148.8627367692994,6759,195.447,328.65319999999997,346.74784,232.5056145879568,9000,191.725,326.9213,346.54302,211.6785380111111,900.0,2241,1759,78.49174475680499
rule_copilot,60c1s5r10p,rw_zipf_1,concurrent_15,50,4538,162.5385,236.3416,346.79276,147.19742197003086,4462,233.871,337.90389999999996,352.29851,233.29580188256384,9000,175.66199999999998,319.34180000000003,351.71224,189.88308543333335,900.0,4538,3597,79.26399294843543
rule_copilot,60c1s5r10p,rw_zipf_1,concurrent_15,75,6763,155.372,228.8558,335.99294,146.29745470944846,2237,220.45,323.4608,347.31128,225.3165364327224,9000,165.1395,302.4544,338.36736,165.93808646666665,900.0,6763,5303,78.41194736063876
rule_copilot,60c1s5r10p,rw_zipf_1,concurrent_15,100,9000,162.71300000000002,236.35340000000002,348.9901,148.29869864444447,0,0,0,0,0,9000,162.71300000000002,236.35340000000002,348.9901,148.29869864444447,900.0,9000,7068,78.53333333333333
rule_copilot,60c1s5r10p,rw_zipf_0,concurrent_15,0,0,0,0,0,0,9000,214.692,330.5797,350.54720000000003,234.2484515555556,9000,214.692,330.5797,350.54720000000003,234.2484515555556,900.0,0,0,0
rule_copilot,60c1s5r10p,rw_zipf_0,concurrent_15,25,2272,78.80945,198.8978,229.40129000000002,124.98787178697182,6728,221.938,329.9592,341.98089999999996,228.61480484542213,9000,189.851,325.261,341.79501,202.4547613,900.0,2272,2272,100.0
rule_copilot,60c1s5r10p,rw_zipf_0,concurrent_15,50,4495,80.001,200.1244,229.67212,125.38584015572859,4505,231.334,336.81579999999997,363.44732,231.58239400665929,9000,173.487,305.3697,362.50611999999995,178.54311516666667,900.0,4495,4495,100.0
rule_copilot,60c1s5r10p,rw_zipf_0,concurrent_15,75,6764,144.1585,226.6441,228.15874,126.39419872856298,2236,194.953,304.4435,338.2167,200.58270478533095,9000,146.18,233.2461,307.51102000000003,144.8259209,900.0,6764,6764,100.0
rule_copilot,60c1s5r10p,rw_zipf_0,concurrent_15,100,9000,112.04795,202.33870000000954,228.325,125.37646546666666,0,0,0,0,0,9000,112.04795,202.33870000000954,228.325,125.37646546666666,900.0,9000,9000,100.0
rule_copilot,60c1s5r10p,rw_zipf_0.1,concurrent_15,0,0,0,0,0,0,9000,196.062,277.85520000000423,308.749,191.28048444444443,9000,196.062,277.85520000000423,308.749,191.28048444444443,900.0,0,0,0
rule_copilot,60c1s5r10p,rw_zipf_0.1,concurrent_15,25,2222,78.82249999999999,226.6536,230.37815999999998,125.31296588658866,6778,235.4605,330.7006,353.23636,235.05526467984657,9000,188.639,326.00260000000003,352.67904,207.96111046666664,900.0,2222,2222,100.0
rule_copilot,60c1s5r10p,rw_zipf_0.1,concurrent_15,50,4525,145.573,227.476,229.192,126.04493871823205,4475,196.796,329.4138,348.56602000000004,233.34897094972067,9000,174.2515,311.43240000000003,347.92608,179.3988880777778,900.0,4525,4525,100.0
rule_copilot,60c1s5r10p,rw_zipf_0.1,concurrent_15,75,6709,78.95,226.4932,229.31092,124.99894151140259,2291,234.961,325.847,364.8184,234.72664207769532,9000,170.517,257.9265000000002,351.25806,152.93073728888888,900.0,6709,6709,100.0
rule_copilot,60c1s5r10p,rw_zipf_0.1,concurrent_15,100,9000,112.4646,206.64570000000805,229.19301000000002,125.42339494444442,0,0,0,0,0,9000,112.4646,206.64570000000805,229.19301000000002,125.42339494444442,900.0,9000,9000,100.0
rule_copilot,60c1s5r10p,rw_zipf_0.2,concurrent_15,0,0,0,0,0,0,9000,209.7455,326.5006000000039,350.60406,232.96470811111112,9000,209.7455,326.5006000000039,350.60406,232.96470811111112,900.0,0,0,0
rule_copilot,60c1s5r10p,rw_zipf_0.2,concurrent_15,25,2305,145.585,215.87619999999757,227.79896,126.37399405639913,6695,194.023,327.8120000000001,350.44272,232.47773487677372,9000,188.397,324.8087,350.13403,205.3033879222222,900.0,2305,2305,100.0
rule_copilot,60c1s5r10p,rw_zipf_0.2,concurrent_15,50,4418,144.7525,227.13230000000001,229.063,126.02173336351288,4582,194.45,287.7986,319.10657,191.86068614142297,9000,146.096,263.3998,310.85705,159.54107576666667,900.0,4418,4418,100.0
rule_copilot,60c1s5r10p,rw_zipf_0.2,concurrent_15,75,6713,144.729,219.16240000000275,229.31287999999998,125.74597062416207,2287,199.859,299.7216,327.66242,201.11126724967207,9000,146.682,240.3768,314.74843,144.89712988888888,900.0,6713,6713,100.0
rule_copilot,60c1s5r10p,rw_zipf_0.2,concurrent_15,100,9000,112.24595,207.2835000000078,228.30301,125.78450642222224,0,0,0,0,0,9000,112.24595,207.2835000000078,228.30301,125.78450642222224,900.0,9000,9000,100.0
rule_copilot,60c1s5r10p,rw_zipf_0.3,concurrent_15,0,0,0,0,0,0,9000,194.93599999999998,304.7305,322.4032300000001,197.69467958888887,9000,194.93599999999998,304.7305,322.4032300000001,197.69467958888887,900.0,0,0,0
rule_copilot,60c1s5r10p,rw_zipf_0.3,concurrent_15,25,2285,145.921,227.0436,229.45015999999998,125.93863881838075,6715,190.123,321.99060000000003,348.58276,230.29004378257633,9000,183.9925,319.4041,348.26506,203.79638152222225,900.0,2285,2285,100.0
rule_copilot,60c1s5r10p,rw_zipf_0.3,concurrent_15,50,4535,78.845,201.5242,229.375,124.55608130099228,4465,218.36,327.693,338.20099999999996,228.84767749160133,9000,173.07,310.1474,337.39629,176.29630096666665,900.0,4535,4535,100.0
rule_copilot,60c1s5r10p,rw_zipf_0.3,concurrent_15,75,6684,144.675,200.1498,228.228,125.52004008078995,2316,195.35199999999998,334.036,353.371,228.9907279792746,9000,162.5155,262.2542,337.80409999999995,152.1464971,900.0,6684,6684,100.0
rule_copilot,60c1s5r10p,rw_zipf_0.3,concurrent_15,100,9000,112.4049,202.8109000000096,228.29201,125.59875573333332,0,0,0,0,0,9000,112.4049,202.8109000000096,228.29201,125.59875573333332,900.0,9000,9000,100.0
rule_copilot,60c1s5r10p,rw_zipf_0.4,concurrent_15,0,0,0,0,0,0,9000,211.413,327.1481000000023,345.71211,231.74716266666664,9000,211.413,327.1481000000023,345.71211,231.74716266666664,900.0,0,0,0
rule_copilot,60c1s5r10p,rw_zipf_0.4,concurrent_15,25,2258,79.2035,199.9956,229.41143,124.5855541186891,6742,194.76850000000002,291.7663,306.71335999999997,189.98545559181252,9000,145.0285,272.279,306.60006000000004,173.57734697777778,900.0,2258,2258,100.0
rule_copilot,60c1s5r10p,rw_zipf_0.4,concurrent_15,50,4576,79.38794999999999,226.71949999999998,228.93824999999998,125.22021343968531,4424,196.3355,305.57730000000004,349.1219799999993,203.210326017179,9000,172.301,272.61740000000003,324.5476300000001,163.55668655555556,900.0,4576,4576,100.0
rule_copilot,60c1s5r10p,rw_zipf_0.4,concurrent_15,75,6661,145.75,205.16,228.874,125.93341330130612,2339,190.124,339.6846,360.83672,232.37146900384778,9000,170.5335,255.89110000000002,351.96446000000003,153.59548133333334,900.0,6661,6661,100.0
rule_copilot,60c1s5r10p,rw_zipf_0.4,concurrent_15,100,9000,113.61395,205.82550000000828,230.016,125.35410845555556,0,0,0,0,0,9000,113.61395,205.82550000000828,230.016,125.35410845555556,900.0,9000,9000,100.0
rule_copilot,60c1s5r10p,rw_zipf_0.5,concurrent_15,0,0,0,0,0,0,9000,211.647,335.99920000000003,352.16315000000003,236.4554551111111,9000,211.647,335.99920000000003,352.16315000000003,236.4554551111111,900.0,0,0,0
rule_copilot,60c1s5r10p,rw_zipf_0.5,concurrent_15,25,2240,145.67649999999998,226.559,228.82161,126.57424767857145,6760,196.815,330.1932,348.04481999999996,233.35660798816568,9000,190.902,327.59180000000003,347.87805,206.7796649777778,900.0,2240,2240,100.0
rule_copilot,60c1s5r10p,rw_zipf_0.5,concurrent_15,50,4495,145.916,226.6984,228.893,126.12734843159066,4505,194.179,327.0324,349.7874,231.99858091009992,9000,173.7255,309.10760000000005,348.48801,179.12178202222222,900.0,4495,4495,100.0
rule_copilot,60c1s5r10p,rw_zipf_0.5,concurrent_15,75,6665,145.013,226.7822,228.948,126.30123480870218,2335,198.385,309.05019999999996,338.2269,203.74057777301928,9000,147.6575,236.63940000000002,314.04605,146.3924421222222,900.0,6665,6665,100.0
rule_copilot,60c1s5r10p,rw_zipf_0.5,concurrent_15,100,9000,112.51155,202.84040000000982,228.594,125.46480424444445,0,0,0,0,0,9000,112.51155,202.84040000000982,228.594,125.46480424444445,900.0,9000,9000,100.0
rule_copilot,60c1s5r10p,rw_zipf_0.6,concurrent_15,0,0,0,0,0,0,9000,224.9015,326.7066000000033,351.08307,233.58215466666667,9000,224.9015,326.7066000000033,351.08307,233.58215466666667,900.0,0,0,0
rule_copilot,60c1s5r10p,rw_zipf_0.6,concurrent_15,25,2230,144.6865,199.4873,229.43271,125.37856919282511,6770,198.67149999999998,330.9305,340.12931000000003,229.4011128508124,9000,192.769,329.39029999999997,339.68416,203.62663814444443,900.0,2230,2230,100.0
rule_copilot,60c1s5r10p,rw_zipf_0.6,concurrent_15,50,4489,79.8091,198.57280000000003,228.28624,124.33602098462907,4511,234.624,340.733,351.9918,234.83838262026163,9000,174.32999999999998,309.522,351.69104999999996,179.72226024444444,900.0,4489,4488,99.97772332368011
rule_copilot,60c1s5r10p,rw_zipf_0.6,concurrent_15,75,6720,145.48,226.58620000000002,228.23181,126.04346876488094,2280,194.314,327.0556,350.37176999999997,227.65506973684208,9000,161.88549999999998,256.3084,340.03838,151.78507434444444,900.0,6720,6720,100.0
rule_copilot,60c1s5r10p,rw_zipf_0.6,concurrent_15,100,9000,112.72255000000001,226.42530000000002,229.32701,125.54036928888888,0,0,0,0,0,9000,112.72255000000001,226.42530000000002,229.32701,125.54036928888888,900.0,9000,8998,99.97777777777777
rule_copilot,60c1s5r10p,rw_zipf_0.7,concurrent_15,0,0,0,0,0,0,9000,206.63549999999998,325.67480000000194,343.57603,228.7975422222222,9000,206.63549999999998,325.67480000000194,343.57603,228.7975422222222,900.0,0,0,0
rule_copilot,60c1s5r10p,rw_zipf_0.7,concurrent_15,25,2241,144.505,226.697,228.878,127.09415082552431,6759,191.571,324.1252,348.17126,232.20524175173844,9000,186.793,322.2219,348.07901,206.03258011111112,900.0,2241,2238,99.8661311914324
rule_copilot,60c1s5r10p,rw_zipf_0.7,concurrent_15,50,4511,144.18,199.619,228.9639,125.39152068277544,4489,200.836,332.4026,338.5292,229.94366629538874,9000,174.358,315.7975,337.93408000000005,177.53980753333337,900.0,4511,4507,99.91132786521835
rule_copilot,60c1s5r10p,rw_zipf_0.7,concurrent_15,75,6761,80.8198,200.884,229.11540000000002,125.09589733767194,2239,235.656,343.84340000000003,354.7141,238.61964984368018,9000,173.362,264.27240000000006,352.70929,153.33808421111112,900.0,6761,6753,99.88167430853424
rule_copilot,60c1s5r10p,rw_zipf_0.7,concurrent_15,100,9000,144.291,226.5592,229.436,125.31347023333332,0,0,0,0,0,9000,144.291,226.5592,229.436,125.31347023333332,900.0,9000,8995,99.94444444444444
rule_copilot,60c1s5r10p,rw_zipf_0.8,concurrent_15,0,0,0,0,0,0,9000,210.47899999999998,323.7993000000054,349.62407,231.71536366666666,9000,210.47899999999998,323.7993000000054,349.62407,231.71536366666666,900.0,0,0,0
rule_copilot,60c1s5r10p,rw_zipf_0.8,concurrent_15,25,2227,78.925,226.9718,228.44774,126.50987916479568,6773,232.012,324.8416,349.6336,232.78299763767902,9000,186.448,322.7172,349.37914,206.4863048777778,900.0,2227,2215,99.4611585092052
rule_copilot,60c1s5r10p,rw_zipf_0.8,concurrent_15,50,4592,144.2575,225.9239,228.28509,125.95618268728221,4408,195.2285,327.97330000000005,342.35783000000004,229.18216039019964,9000,173.143,310.44750000000005,340.96139,176.51397265555556,900.0,4592,4568,99.4773519163763
rule_copilot,60c1s5r10p,rw_zipf_0.8,concurrent_15,75,6783,145.215,226.9508,228.565,125.90732459088898,2217,212.231,328.4392000000001,338.7874,225.7679891745602,9000,161.01,228.6194,336.99941,150.50633496666666,900.0,6783,6749,99.49874686716792
rule_copilot,60c1s5r10p,rw_zipf_0.8,concurrent_15,100,9000,144.9765,226.7271,229.11801,125.8259971111111,0,0,0,0,0,9000,144.9765,226.7271,229.11801,125.8259971111111,900.0,9000,8954,99.4888888888889
rule_copilot,60c1s5r10p,rw_zipf_0.9,concurrent_15,0,0,0,0,0,0,9000,210.71800000000002,327.024600000003,348.63213,231.94939711111113,9000,210.71800000000002,327.024600000003,348.63213,231.94939711111113,900.0,0,0,0
rule_copilot,60c1s5r10p,rw_zipf_0.9,concurrent_15,25,2276,147.577,227.13049999999998,274.212,130.73545303163445,6724,195.14249999999998,328.3366,350.77543999999995,232.97840794170136,9000,189.055,325.5633,349.10086,207.1223006777778,900.0,2276,2209,97.05623901581723
rule_copilot,60c1s5r10p,rw_zipf_0.9,concurrent_15,50,4572,145.02949999999998,226.5237,228.18903,126.9576509623797,4428,193.901,296.4282,308.59422,192.63639521228546,9000,145.64749999999998,264.0913,308.34615,159.27159313333334,900.0,4572,4479,97.96587926509186
rule_copilot,60c1s5r10p,rw_zipf_0.9,concurrent_15,75,6806,145.4315,226.629,240.0562,127.54628436673522,2194,235.84,341.0294,362.81131000000005,236.2918354603464,9000,172.9805,276.4593,351.21484000000004,154.05603315555555,900.0,6806,6652,97.7372906259183
rule_copilot,60c1s5r10p,rw_zipf_0.9,concurrent_15,100,9000,144.32850000000002,227.2061,257.33188000000035,127.90729756666668,0,0,0,0,0,9000,144.32850000000002,227.2061,257.33188000000035,127.90729756666668,900.0,9000,8797,97.74444444444444
rule_copilot,60c1s5r10p,rw_zipf_1,concurrent_15,0,0,0,0,0,0,9000,192.71,294.0611,306.48102,190.34103322222222,9000,192.71,294.0611,306.48102,190.34103322222222,900.0,0,0,0
rule_copilot,60c1s5r10p,rw_zipf_1,concurrent_15,25,2217,147.214,227.117,324.4833200000002,135.28042733423547,6783,195.862,325.45500000000004,351.66158,230.51735644994838,9000,190.578,319.25129999999996,351.29729000000003,207.05732624444443,900.0,2217,2025,91.33964817320704
rule_copilot,60c1s5r10p,rw_zipf_1,concurrent_15,50,4475,146.8,227.5616,341.44556000000006,135.2755147709497,4525,193.006,326.629,350.48352,232.6786468508287,9000,175.1495,309.61449999999996,349.78702,184.24764506666668,900.0,4475,4117,92.0
rule_copilot,60c1s5r10p,rw_zipf_1,concurrent_15,75,6799,146.165,227.6682,323.44525999999985,133.65426170025003,2201,233.72,341.318,362.892,234.4144756928669,9000,171.441,275.3304,348.99512,158.29573181111112,900.0,6799,6249,91.91057508457126
rule_copilot,60c1s5r10p,rw_zipf_1,concurrent_15,100,9000,145.76350000000002,227.014,322.08275000000003,132.54932173333333,0,0,0,0,0,9000,145.76350000000002,227.014,322.08275000000003,132.54932173333333,900.0,9000,8367,92.96666666666667
rule_mencius,60c1s5r10p,rw_1000000,concurrent_15,0,0,0,0,0,0,9000,176.82549999999998,267.5289,289.11348000000004,158.55235187777777,9000,176.82549999999998,267.5289,289.11348000000004,158.55235187777777,900.0,0,0,0
rule_mencius,60c1s5r10p,rw_1000000,concurrent_15,25,2209,102.72,228.7004,261.25664,129.45237148030782,6791,108.298,256.215,261.0931,144.742716197909,9000,104.5835,256.1105,261.14302999999995,140.98978603333336,900.0,2209,891,40.3349932095971
rule_mencius,60c1s5r10p,rw_1000000,concurrent_15,50,4478,103.763,258.2871,266.03551,133.34588338543995,4522,114.47049999999999,260.3979,271.68951,148.06650705440072,9000,108.021,259.6234,268.79045,140.74217896666664,900.0,4478,1965,43.88119696292988
rule_mencius,60c1s5r10p,rw_1000000,concurrent_15,75,6801,84.29,232.946,263.752,131.0316282605499,2199,183.4,258.2552,264.68757999999997,149.50674638472034,9000,107.3615,257.2948,263.94006,135.54571545555555,900.0,6801,2781,40.89104543449493
rule_mencius,60c1s5r10p,rw_1000000,concurrent_15,100,9000,144.6715,266.50360000000006,306.6770900000001,161.04678382222224,0,0,0,0,0,9000,144.6715,266.50360000000006,306.6770900000001,161.04678382222224,900.0,9000,5439,60.43333333333333
rule_mencius,60c1s5r10p,rw_zipf_1,concurrent_15,0,0,0,0,0,0,8989,188.795,270.22180000000003,3171.523600000004,246.51675186338863,8989,188.795,270.22180000000003,3171.523600000004,246.51675186338863,898.9,0,0,0
rule_mencius,60c1s5r10p,rw_zipf_1,concurrent_15,25,2277,116.695,263.5054,1640.2963999999733,190.50527386912603,6721,184.91,263.813,1701.7120000000025,200.04360909090911,8998,184.494,263.74760000000003,1704.8683000000062,197.62987389419874,899.8,2277,582,25.559947299077734
rule_mencius,60c1s5r10p,rw_zipf_1,concurrent_15,50,4524,190.08350000000002,324.20690000000064,2855.1223999999697,292.6701240495137,4510,207.4365,349.93499999999995,2597.9477999999986,301.8082907760532,9034,198.546,337.66269999999986,2785.632300000004,297.2321266991366,903.4,4524,1452,32.09549071618037
rule_mencius,60c1s5r10p,rw_zipf_1,concurrent_15,75,6711,120.706,290.919,1948.4089999999885,218.5735219490389,2273,182.757,274.7586,1794.5960000000016,223.91283607567095,8984,179.308,286.59629999999987,1915.1211000000005,219.92439695013354,898.4,6711,1838,27.387870660110266
rule_mencius,60c1s5r10p,rw_zipf_1,concurrent_15,100,8988,121.518,272.0003,3247.5625999999984,255.1624222741433,0,0,0,0,0,8988,121.518,272.0003,3247.5625999999984,255.1624222741433,898.8,8988,2384,26.52425456163774
rule_mencius,60c1s5r10p,rw_zipf_0,concurrent_15,0,0,0,0,0,0,9000,147.745,261.6818,279.61438000000004,149.34659863333334,9000,147.745,261.6818,279.61438000000004,149.34659863333334,900.0,0,0,0
rule_mencius,60c1s5r10p,rw_zipf_0,concurrent_15,25,2278,85.35900000000001,235.1095,266.74283,129.83509951712028,6722,164.128,261.93760000000003,274.13964,147.8367805415055,9000,97.136,261.4254,273.34319000000005,143.28035505555553,900.0,2278,1031,45.258999122036876
rule_mencius,60c1s5r10p,rw_zipf_0,concurrent_15,50,4474,97.563,255.41660000000175,272.05125999999996,136.80427664282522,4526,122.899,266.66650000000004,285.89475,154.8730524524967,9000,106.41749999999999,263.8601,280.48411,145.89086323333336,900.0,4474,2229,49.821189092534645
rule_mencius,60c1s5r10p,rw_zipf_0,concurrent_15,75,6775,87.5232,244.14640000000492,266.1144,128.7893650922509,2225,165.283,259.41420000000005,268.9254799999999,148.30917168539327,9000,91.3346,257.53729999999996,266.84511000000003,133.61509505555557,900.0,6775,2855,42.140221402214024
rule_mencius,60c1s5r10p,rw_zipf_0,concurrent_15,100,9000,86.78895,234.86540000000875,263.23301,127.16314255555557,0,0,0,0,0,9000,86.78895,234.86540000000875,263.23301,127.16314255555557,900.0,9000,3650,40.55555555555556
rule_mencius,60c1s5r10p,rw_zipf_0.1,concurrent_15,0,0,0,0,0,0,9000,154.9865,268.9694,295.2285,155.7856141,9000,154.9865,268.9694,295.2285,155.7856141,900.0,0,0,0
rule_mencius,60c1s5r10p,rw_zipf_0.1,concurrent_15,25,2259,86.0791,262.7656,271.12646,132.34793523683044,6741,165.746,266.674,286.7312,153.2336755970924,9000,104.809,265.22,283.93091000000004,147.9913547666667,900.0,2259,1122,49.667994687915005
rule_mencius,60c1s5r10p,rw_zipf_0.1,concurrent_15,50,4470,98.042,262.61760000000004,276.59908,138.62007711409393,4530,170.103,271.2679,293.29767,160.1596968874172,9000,110.2245,266.1214,287.83219,149.46168573333335,900.0,4470,2245,50.22371364653244
rule_mencius,60c1s5r10p,rw_zipf_0.1,concurrent_15,75,6710,87.94045,260.02320000000003,266.86577,129.96262670640834,2290,98.689,261.262,270.03111,145.10211519650656,9000,90.4136,260.3216,267.52608000000004,133.81478544444445,900.0,6710,2936,43.75558867362146
rule_mencius,60c1s5r10p,rw_zipf_0.1,concurrent_15,100,9000,88.61410000000001,255.0499,264.03408,129.18065775555556,0,0,0,0,0,9000,88.61410000000001,255.0499,264.03408,129.18065775555556,900.0,9000,3571,39.67777777777778
rule_mencius,60c1s5r10p,rw_zipf_0.2,concurrent_15,0,0,0,0,0,0,9000,145.002,260.0111,271.95446000000004,145.82633385555556,9000,145.002,260.0111,271.95446000000004,145.82633385555556,900.0,0,0,0
rule_mencius,60c1s5r10p,rw_zipf_0.2,concurrent_15,25,2280,89.9144,262.75289999999995,269.86494,133.87362666666667,6720,117.1905,263.71729999999997,277.2842199999999,149.61781186011905,9000,102.506,263.6665,276.10972,145.62928494444444,900.0,2280,1099,48.20175438596491
rule_mencius,60c1s5r10p,rw_zipf_0.2,concurrent_15,50,4570,102.9265,250.88070000000005,279.25793000000016,142.41828124726476,4430,166.55700000000002,283.7062,319.90129,169.0659245598194,9000,116.878,271.6382,312.1089800000001,155.53484345555557,900.0,4570,2648,57.943107221006564
rule_mencius,60c1s5r10p,rw_zipf_0.2,concurrent_15,75,6715,86.9929,256.20040000000006,264.46126,128.052174087863,2285,100.435,256.81080000000003,263.962,144.0726825382932,9000,89.53345,256.44660000000005,264.32011,132.11960317777778,900.0,6715,2711,40.3723008190618
rule_mencius,60c1s5r10p,rw_zipf_0.2,concurrent_15,100,9000,97.58959999999999,257.20600000000013,276.24472000000003,138.70802404444444,0,0,0,0,0,9000,97.58959999999999,257.20600000000013,276.24472000000003,138.70802404444444,900.0,9000,4675,51.94444444444444
rule_mencius,60c1s5r10p,rw_zipf_0.3,concurrent_15,0,0,0,0,0,0,9000,130.17145,257.558,263.74919000000006,143.0751946888889,9000,130.17145,257.558,263.74919000000006,143.0751946888889,900.0,0,0,0
rule_mencius,60c1s5r10p,rw_zipf_0.3,concurrent_15,25,2236,93.92555,237.4245,271.9692,135.41360156529518,6764,138.8625,266.67629999999997,284.15648999999996,154.480747264932,9000,108.84,265.407,282.41806,149.74362084444445,900.0,2236,1098,49.105545617173526
rule_mencius,60c1s5r10p,rw_zipf_0.3,concurrent_15,50,4515,130.686,265.32,302.5847399999995,155.61763889258032,4485,179.963,307.151,388.02151999999984,190.46431968784836,9000,159.20350000000002,287.2102,367.57310000000007,172.98290148888887,900.0,4515,2779,61.55038759689923
rule_mencius,60c1s5r10p,rw_zipf_0.3,concurrent_15,75,6816,86.02600000000001,235.098,265.85184999999996,128.22574033157278,2184,99.2815,259.248,267.79144,145.13832765567764,9000,90.10079999999999,258.728,266.13100999999995,132.32986152222222,900.0,6816,2853,41.857394366197184
rule_mencius,60c1s5r10p,rw_zipf_0.3,concurrent_15,100,9000,96.15305000000001,261.1909,274.72724999999997,137.25661887777778,0,0,0,0,0,9000,96.15305000000001,261.1909,274.72724999999997,137.25661887777778,900.0,9000,4761,52.9
rule_mencius,60c1s5r10p,rw_zipf_0.4,concurrent_15,0,0,0,0,0,0,9000,144.525,262.5797,280.34846000000005,150.22830563333332,9000,144.525,262.5797,280.34846000000005,150.22830563333332,900.0,0,0,0
rule_mencius,60c1s5r10p,rw_zipf_0.4,concurrent_15,25,2323,81.2,230.35620000000003,264.36636000000004,126.17982978906585,6677,95.031,258.2882,264.66676,143.27583339823275,9000,90.35695,257.7696,264.53402,138.86316491111108,900.0,2323,973,41.885492897115796
rule_mencius,60c1s5r10p,rw_zipf_0.4,concurrent_15,50,4465,96.7551,258.02239999999995,273.12332,136.79206772676372,4535,119.662,267.0756,285.63296,153.47350800441015,9000,104.426,264.0035,280.08029,145.19766013333333,900.0,4465,2180,48.82418812989921
rule_mencius,60c1s5r10p,rw_zipf_0.4,concurrent_15,75,6787,88.8789,234.11080000000067,263.3088,128.10003699720053,2213,96.0088,256.9482,264.32572,142.30285815634883,9000,90.76705,255.889,263.44094,131.59235291111113,900.0,6787,2758,40.63651097686754
rule_mencius,60c1s5r10p,rw_zipf_0.4,concurrent_15,100,9000,90.7615,244.74610000000467,268.9457,132.26029152222222,0,0,0,0,0,9000,90.7615,244.74610000000467,268.9457,132.26029152222222,900.0,9000,4007,44.522222222222226
rule_mencius,60c1s5r10p,rw_zipf_0.5,concurrent_15,0,0,0,0,0,0,9000,157.66250000000002,262.54810000000003,277.99709,149.92392073333335,9000,157.66250000000002,262.54810000000003,277.99709,149.92392073333335,900.0,0,0,0
rule_mencius,60c1s5r10p,rw_zipf_0.5,concurrent_15,25,2248,83.83495,231.57639999999998,264.13318000000004,127.0195340302491,6752,100.229,257.7936,265.77524999999997,143.71863579680095,9000,91.88065,257.58660000000003,265.49606,139.54757126666667,900.0,2248,961,42.7491103202847
rule_mencius,60c1s5r10p,rw_zipf_0.5,concurrent_15,50,4544,90.40955,258.1440000000001,268.54553,132.43300908890848,4456,164.33249999999998,262.905,273.81924999999995,149.6109642728905,9000,99.21645000000001,261.41460000000006,271.72821,140.93800556666665,900.0,4544,2020,44.45422535211268
rule_mencius,60c1s5r10p,rw_zipf_0.5,concurrent_15,75,6750,89.07595,233.246,265.47008,128.68489562962964,2250,167.309,260.4374,269.76187,148.60296333333332,9000,92.33555,259.481,266.91600999999997,133.66441255555554,900.0,6750,2924,43.318518518518516
rule_mencius,60c1s5r10p,rw_zipf_0.5,concurrent_15,100,9000,96.6659,259.2671,274.8375,137.1766153111111,0,0,0,0,0,9000,96.6659,259.2671,274.8375,137.1766153111111,900.0,9000,4765,52.94444444444444
rule_mencius,60c1s5r10p,rw_zipf_0.6,concurrent_15,0,0,0,0,0,0,9000,145.107,264.2114,277.66042000000004,150.99098347777777,9000,145.107,264.2114,277.66042000000004,150.99098347777777,900.0,0,0,0
rule_mencius,60c1s5r10p,rw_zipf_0.6,concurrent_15,25,2259,90.1052,260.14860000000004,269.05987999999996,131.4796047366091,6741,165.534,261.287,273.9486,150.0996639222667,9000,107.25,261.1733,273.25115000000005,145.42602906666667,900.0,2259,956,42.31961044710049
rule_mencius,60c1s5r10p,rw_zipf_0.6,concurrent_15,50,4411,89.7571,258.912,267.82579999999996,131.55110301518928,4589,112.749,262.324,274.03596,148.55290261494878,9000,96.56505,261.347,271.46217,140.22013172222222,900.0,4411,1903,43.14214463840399
rule_mencius,60c1s5r10p,rw_zipf_0.6,concurrent_15,75,6790,174.5115,292.2994,390.38277999999957,183.3505362150221,2210,245.0365,387.60870000000006,588.3462299999997,241.98172932126695,9000,186.9315,318.78520000000003,501.0406700000003,197.7477514111111,900.0,6790,4287,63.13696612665685
rule_mencius,60c1s5r10p,rw_zipf_0.6,concurrent_15,100,9000,93.50110000000001,261.33330000000007,273.49417000000005,136.12229613333335,0,0,0,0,0,9000,93.50110000000001,261.33330000000007,273.49417000000005,136.12229613333335,900.0,9000,4798,53.31111111111111
rule_mencius,60c1s5r10p,rw_zipf_0.7,concurrent_15,0,0,0,0,0,0,9000,144.569,257.39140000000003,264.49234,142.4710048888889,9000,144.569,257.39140000000003,264.49234,142.4710048888889,900.0,0,0,0
rule_mencius,60c1s5r10p,rw_zipf_0.7,concurrent_15,25,2179,96.8818,261.5906,273.14686,138.13723033501606,6821,132.238,267.857,288.9766,155.83774003811757,9000,114.121,266.375,287.66540000000003,151.55224996666666,900.0,2179,1071,49.15098669114273
rule_mencius,60c1s5r10p,rw_zipf_0.7,concurrent_15,50,4463,88.7861,259.2128,266.55384000000004,130.50222646202104,4537,96.865,261.479,270.50212000000005,144.11184588935419,9000,91.5325,260.43129999999996,269.10611,137.36298683333334,900.0,4463,1904,42.66188662334753
rule_mencius,60c1s5r10p,rw_zipf_0.7,concurrent_15,75,6786,98.9691,259.916,276.7739,138.2562003389331,2214,168.6715,268.5997,288.61945,159.4260692411924,9000,103.9205,263.9283,282.60380000000004,143.4639880888889,900.0,6786,3196,47.096964338343646
rule_mencius,60c1s5r10p,rw_zipf_0.7,concurrent_15,100,9000,260.411,407.57050000000004,623.0256000000008,265.6859163333333,0,0,0,0,0,9000,260.411,407.57050000000004,623.0256000000008,265.6859163333333,900.0,9000,7108,78.97777777777777
rule_mencius,60c1s5r10p,rw_zipf_0.8,concurrent_15,0,0,0,0,0,0,9000,163.15949999999998,259.834,266.95206,145.0120536,9000,163.15949999999998,259.834,266.95206,145.0120536,900.0,0,0,0
rule_mencius,60c1s5r10p,rw_zipf_0.8,concurrent_15,25,2207,92.28,259.0486,274.9302,134.98890521069325,6793,167.747,267.0832,290.24988,155.50089770351835,9000,109.576,265.3923,289.40181,150.4709013222222,900.0,2207,961,43.543271409152695
rule_mencius,60c1s5r10p,rw_zipf_0.8,concurrent_15,50,4518,87.3126,256.7518,264.79134,128.81361509517484,4482,163.8345,257.2599,266.1967099999999,145.19904477911646,9000,90.18555,257.0605,265.29604,136.97355907777776,900.0,4518,1683,37.25099601593625
rule_mencius,60c1s5r10p,rw_zipf_0.8,concurrent_15,75,6702,95.71655000000001,262.4983,274.59725999999995,136.9895981348851,2298,167.922,264.7927,287.6358700000001,155.8868033072237,9000,99.92605,263.2017,279.13692000000003,141.81468452222222,900.0,6702,2842,42.40525216353328
rule_mencius,60c1s5r10p,rw_zipf_0.8,concurrent_15,100,9000,92.8396,259.21580000000006,267.23308000000003,132.85191343333335,0,0,0,0,0,9000,92.8396,259.21580000000006,267.23308000000003,132.85191343333335,900.0,9000,3004,33.37777777777778
rule_mencius,60c1s5r10p,rw_zipf_0.9,concurrent_15,0,0,0,0,0,0,9000,166.8515,260.2613,499.62546000000214,155.89083821111112,9000,166.8515,260.2613,499.62546000000214,155.89083821111112,900.0,0,0,0
rule_mencius,60c1s5r10p,rw_zipf_0.9,concurrent_15,25,2263,100.727,266.5238,762.2284000000004,157.91638444542642,6754,171.85250000000002,274.0767,742.5000300000023,174.01587583654128,9017,151.579,272.3844,753.1712800000005,169.97538021514913,901.7,2263,950,41.97967300044189
rule_mencius,60c1s5r10p,rw_zipf_0.9,concurrent_15,50,4467,93.2559,260.1046,458.4999800000004,140.72693404969777,4533,168.112,260.34380000000004,505.7142,155.58690059563202,9000,97.03455,260.297,489.1449300000003,148.21140386666667,900.0,4467,1483,33.19901499888068
rule_mencius,60c1s5r10p,rw_zipf_0.9,concurrent_15,75,6755,93.71,257.1392,463.62134,140.40376632124352,2246,168.00900000000001,257.928,529.1196500000026,153.62032689225288,9001,95.189,257.518,473.856,143.70166600377738,900.1,6755,2304,34.108068097705406
rule_mencius,60c1s5r10p,rw_zipf_0.9,concurrent_15,100,8998,126.285,273.5179,637.3993300000014,167.38640776839298,0,0,0,0,0,8998,126.285,273.5179,637.3993300000014,167.38640776839298,899.8,8998,4023,44.70993554123138
rule_mencius,60c1s5r10p,rw_zipf_1,concurrent_15,0,0,0,0,0,0,8977,170.829,268.307,1427.005199999999,212.12319044224125,8977,170.829,268.307,1427.005199999999,212.12319044224125,897.7,0,0,0
rule_mencius,60c1s5r10p,rw_zipf_1,concurrent_15,25,2272,106.7955,269.4318,3329.2753,236.81041698943656,6781,172.774,277.273,3299.379999999999,248.67270196136266,9053,170.955,275.43580000000003,3314.9983999999995,245.69566545896393,905.3,2272,638,28.080985915492956
rule_mencius,60c1s5r10p,rw_zipf_1,concurrent_15,50,4489,104.105,272.7030000000001,2980.945199999998,224.47375531298732,4543,170.485,293.47100000000006,3224.128599999999,244.47846121505611,9032,167.83499999999998,281.8280000000001,3199.228100000003,234.5359097542072,903.2,4489,1243,27.689908665627087
rule_mencius,60c1s5r10p,rw_zipf_1,concurrent_15,75,6794,108.01750000000001,271.7727,2487.766299999992,220.80002154842506,2184,170.774,281.46770000000004,2683.5918000000056,236.44794720695973,8978,150.71949999999998,275.6171,2561.4392999999823,224.60655637112941,897.8,6794,1946,28.64292022372682
rule_mencius,60c1s5r10p,rw_zipf_1,concurrent_15,100,9041,105.729,267.875,2226.438000000008,213.2543535670833,0,0,0,0,0,9041,105.729,267.875,2226.438000000008,213.2543535670833,904.1,9041,2775,30.69350735538104
rule_mencius,60c1s5r10p,rw_zipf_0,concurrent_15,0,0,0,0,0,0,9000,132.771,259.5794,266.70631000000003,144.87088286666665,9000,132.771,259.5794,266.70631000000003,144.87088286666665,900.0,0,0,0
rule_mencius,60c1s5r10p,rw_zipf_0,concurrent_15,25,2271,89.4529,234.434,268.15680000000003,130.29964302069573,6729,165.95,263.24580000000003,276.8416,150.0041521771437,9000,101.58500000000001,262.64029999999997,275.29376,145.03204769999996,900.0,2271,1031,45.398502862175256
rule_mencius,60c1s5r10p,rw_zipf_0,concurrent_15,50,4477,88.356,258.4374,267.71,131.40193334822425,4523,165.271,262.3066,274.64982,149.78291890338272,9000,97.1969,261.0687,271.83755,140.63939975555556,900.0,4477,1889,42.19343310252401
rule_mencius,60c1s5r10p,rw_zipf_0,concurrent_15,75,6812,84.10745,234.8984,266.27302,129.09378919553728,2188,165.6935,261.675,269.82487000000003,148.84918660877514,9000,91.93430000000001,259.6619,267.318,133.8965458111111,900.0,6812,2964,43.51145038167939
rule_mencius,60c1s5r10p,rw_zipf_0,concurrent_15,100,9000,89.49805,254.41660000000073,266.24504,130.16318246666668,0,0,0,0,0,9000,89.49805,254.41660000000073,266.24504,130.16318246666668,900.0,9000,3907,43.41111111111111
rule_mencius,60c1s5r10p,rw_zipf_0.1,concurrent_15,0,0,0,0,0,0,9000,127.81555,257.6803,263.75811,142.48144513333332,9000,127.81555,257.6803,263.75811,142.48144513333332,900.0,0,0,0
rule_mencius,60c1s5r10p,rw_zipf_0.1,concurrent_15,25,2240,91.6006,261.9238,269.76201000000003,134.07573616071429,6760,110.75450000000001,263.59610000000004,279.64756,149.670005739645,9000,100.9,263.1853,277.66729,145.78876531111112,900.0,2240,1082,48.30357142857143
rule_mencius,60c1s5r10p,rw_zipf_0.1,concurrent_15,50,4525,89.116,235.35639999999998,267.22956,129.9296049723757,4475,166.978,261.06080000000003,274.63206,149.99068817877097,9000,96.33205000000001,260.0786,271.02886000000007,139.90442134444444,900.0,4525,1942,42.9171270718232
rule_mencius,60c1s5r10p,rw_zipf_0.1,concurrent_15,75,6746,90.71945,256.196,267.7,131.0570765935369,2254,106.27850000000001,259.2724,273.73555999999996,146.04338673469388,9000,93.34960000000001,257.62199999999996,269.09202,134.81031471111112,900.0,6746,2915,43.210791580195675
rule_mencius,60c1s5r10p,rw_zipf_0.1,concurrent_15,100,9000,94.28665000000001,254.39270000000127,272.56901,134.89639534444444,0,0,0,0,0,9000,94.28665000000001,254.39270000000127,272.56901,134.89639534444444,900.0,9000,4302,47.8
rule_mencius,60c1s5r10p,rw_zipf_0.2,concurrent_15,0,0,0,0,0,0,9000,128.48355,257.76439999999997,262.30303,142.40767315555556,9000,128.48355,257.76439999999997,262.30303,142.40767315555556,900.0,0,0,0
rule_mencius,60c1s5r10p,rw_zipf_0.2,concurrent_15,25,2273,90.6609,234.3816,267.31892,129.22029824021118,6727,167.067,261.4946,271.97796,148.50903008770626,9000,99.6366,261.0984,271.20018,143.63755369999998,900.0,2273,961,42.27892652881654
rule_mencius,60c1s5r10p,rw_zipf_0.2,concurrent_15,50,4508,90.38465,257.37219999999996,265.16288,128.87711144631766,4492,97.3235,257.2016,266.27944,143.28360298308104,9000,92.87705,257.2731,265.62247,136.06755144444443,900.0,4508,1905,42.25820763087844
rule_mencius,60c1s5r10p,rw_zipf_0.2,concurrent_15,75,6742,97.98205,261.86220000000003,275.36791,138.34874657371702,2258,167.3415,275.9766,309.52045,162.44212533215236,9000,104.77799999999999,264.9656,293.08955000000003,144.39350760000002,900.0,6742,3636,53.930584396321564
rule_mencius,60c1s5r10p,rw_zipf_0.2,concurrent_15,100,9000,89.01755,240.3671000000065,264.84106,128.52651276666666,0,0,0,0,0,9000,89.01755,240.3671000000065,264.84106,128.52651276666666,900.0,9000,3651,40.56666666666667
rule_mencius,60c1s5r10p,rw_zipf_0.3,concurrent_15,0,0,0,0,0,0,9000,145.3105,263.0676,275.55326,149.03498018888885,9000,145.3105,263.0676,275.55326,149.03498018888885,900.0,0,0,0
rule_mencius,60c1s5r10p,rw_zipf_0.3,concurrent_15,25,2228,86.75305,256.7054,267.1213,129.97475502692996,6772,166.185,261.8494,274.78137000000004,149.15407093916124,9000,99.29845,261.50149999999996,273.86245,144.40612473333334,900.0,2228,931,41.78635547576302
rule_mencius,60c1s5r10p,rw_zipf_0.3,concurrent_15,50,4484,91.4761,257.67470000000003,265.49404000000004,130.85871034790367,4516,127.8425,259.653,270.19250000000005,147.94489946855623,9000,98.77895,258.8132,267.71925,139.43218035555554,900.0,4484,1825,40.70026761819804
rule_mencius,60c1s5r10p,rw_zipf_0.3,concurrent_15,75,6676,213.2185,343.02250000000004,448.1345,218.64194859197121,2324,290.186,491.8926000000001,820.78378,303.22680649741824,9000,229.8135,377.1119,695.664310000001,240.48363856666666,900.0,6676,4036,60.45536249251049
rule_mencius,60c1s5r10p,rw_zipf_0.3,concurrent_15,100,9000,89.6631,240.39330000000857,269.35424,130.8226417777778,0,0,0,0,0,9000,89.6631,240.39330000000857,269.35424,130.8226417777778,900.0,9000,4479,49.766666666666666
rule_mencius,60c1s5r10p,rw_zipf_0.4,concurrent_15,0,0,0,0,0,0,9000,155.73250000000002,266.39529999999996,288.41838,154.30107547777777,9000,155.73250000000002,266.39529999999996,288.41838,154.30107547777777,900.0,0,0,0
rule_mencius,60c1s5r10p,rw_zipf_0.4,concurrent_15,25,2197,91.4028,260.35120000000006,272.09348,134.67921310878472,6803,164.198,266.7508,290.9131599999999,154.63806404527415,9000,109.101,264.8854,288.21444,149.76588676666668,900.0,2197,1118,50.887573964497044
rule_mencius,60c1s5r10p,rw_zipf_0.4,concurrent_15,50,4536,91.234,257.4495,266.913,131.00622572751323,4464,107.555,259.7971,273.94119,145.98423239247313,9000,96.12010000000001,259.0895,270.56104999999997,138.43531703333335,900.0,4536,2008,44.26807760141094
rule_mencius,60c1s5r10p,rw_zipf_0.4,concurrent_15,75,6714,82.3955,235.8034,265.06314,127.51249408698241,2286,166.8875,257.642,266.61875000000003,148.58516360454942,9000,91.3456,257.25849999999997,265.2967,132.86495214444446,900.0,6714,2670,39.76764968722073
rule_mencius,60c1s5r10p,rw_zipf_0.4,concurrent_15,100,9000,88.3737,243.8864000000053,267.506,130.77357495555555,0,0,0,0,0,9000,88.3737,243.8864000000053,267.506,130.77357495555555,900.0,9000,4075,45.27777777777778
rule_mencius,60c1s5r10p,rw_zipf_0.5,concurrent_15,0,0,0,0,0,0,9000,137.698,261.2163,272.05109999999996,147.40063399999997,9000,137.698,261.2163,272.05109999999996,147.40063399999997,900.0,0,0,0
rule_mencius,60c1s5r10p,rw_zipf_0.5,concurrent_15,25,2179,90.4031,261.3336,268.43466,132.00524290959157,6821,119.29,261.775,279.7738,149.70463336754142,9000,102.295,261.6984,277.14648000000005,145.41941427777778,900.0,2179,1017,46.672785681505275
rule_mencius,60c1s5r10p,rw_zipf_0.5,concurrent_15,50,4519,84.3872,256.46320000000003,264.3302,126.75984841779157,4481,162.838,257.512,264.16519999999997,143.39599038161126,9000,89.0857,257.2521,264.26934,135.04279865555554,900.0,4519,1845,40.827616729364905
rule_mencius,60c1s5r10p,rw_zipf_0.5,concurrent_15,75,6867,86.4932,258.71920000000006,267.62194,130.31765868647153,2133,165.065,261.2564,274.20212,149.50062672292546,9000,90.8301,260.1222,269.38117,134.86402211111113,900.0,6867,3068,44.677442842580454
rule_mencius,60c1s5r10p,rw_zipf_0.5,concurrent_15,100,9000,91.25245000000001,252.0938000000016,272.80294000000004,134.47537194444445,0,0,0,0,0,9000,91.25245000000001,252.0938000000016,272.80294000000004,134.47537194444445,900.0,9000,4444,49.37777777777778
rule_mencius,60c1s5r10p,rw_zipf_0.6,concurrent_15,0,0,0,0,0,0,9000,157.3975,263.8098,276.30151,149.4697360111111,9000,157.3975,263.8098,276.30151,149.4697360111111,900.0,0,0,0
rule_mencius,60c1s5r10p,rw_zipf_0.6,concurrent_15,25,2254,87.42955,257.5754,267.90504999999996,129.99440381543923,6746,109.0595,260.7545,277.1845,148.19860321672104,9000,97.03395,260.2945,275.15415,143.6394626111111,900.0,2254,1018,45.16415261756877
rule_mencius,60c1s5r10p,rw_zipf_0.6,concurrent_15,50,4533,84.095,232.8906,267.69360000000006,129.09529119788218,4467,165.026,261.98560000000003,272.19368000000003,148.8368047459145,9000,95.03295,260.7272,270.19632,138.8936624222222,900.0,4533,2000,44.12089124200309
rule_mencius,60c1s5r10p,rw_zipf_0.6,concurrent_15,75,6753,89.7439,232.86100000000002,262.93516,128.00680251739968,2247,167.945,258.01439999999997,263.90964,146.5306270137962,9000,91.49154999999999,257.1162,263.08180000000004,132.63158403333333,900.0,6753,2659,39.375092551458614
rule_mencius,60c1s5r10p,rw_zipf_0.6,concurrent_15,100,9000,88.60560000000001,240.1483000000066,268.86136,130.8713493,0,0,0,0,0,9000,88.60560000000001,240.1483000000066,268.86136,130.8713493,900.0,9000,4128,45.86666666666667
rule_mencius,60c1s5r10p,rw_zipf_0.7,concurrent_15,0,0,0,0,0,0,9000,165.2305,262.3955,274.236,149.44689491111112,9000,165.2305,262.3955,274.236,149.44689491111112,900.0,0,0,0
rule_mencius,60c1s5r10p,rw_zipf_0.7,concurrent_15,25,2296,92.2889,259.9895,267.92085000000003,132.17535474738676,6704,115.10900000000001,262.65049999999997,276.0230200000001,148.28856582637232,9000,102.426,262.42629999999997,274.30024000000003,144.17790664444445,900.0,2296,1046,45.55749128919861
rule_mencius,60c1s5r10p,rw_zipf_0.7,concurrent_15,50,4432,91.82945000000001,261.77700000000004,271.66985,134.33302319494587,4568,145.103,267.5779,284.60066,152.8260096541156,9000,100.811,264.2501,281.0304,143.71924121111115,900.0,4432,2149,48.488267148014444
rule_mencius,60c1s5r10p,rw_zipf_0.7,concurrent_15,75,6818,89.78005,257.5706,264.57328,129.49603797301262,2182,98.745,257.4999,266.9509,143.519157928506,9000,91.4896,257.5196,265.01534,132.89586549999999,900.0,6818,2666,39.10237606336169
rule_mencius,60c1s5r10p,rw_zipf_0.7,concurrent_15,100,9000,88.24889999999999,257.23000000000013,267.17723,130.13298342222222,0,0,0,0,0,9000,88.24889999999999,257.23000000000013,267.17723,130.13298342222222,900.0,9000,4006,44.51111111111111
rule_mencius,60c1s5r10p,rw_zipf_0.8,concurrent_15,0,0,0,0,0,0,9000,165.765,262.8158,275.55808,148.25927263333332,9000,165.765,262.8158,275.55808,148.25927263333332,900.0,0,0,0
rule_mencius,60c1s5r10p,rw_zipf_0.8,concurrent_15,25,2250,88.70054999999999,258.8537,265.20206,128.84668706666668,6750,165.0075,258.08380000000005,270.66580999999996,144.71559364444445,9000,93.69640000000001,258.23560000000003,268.92076000000003,140.74836699999997,900.0,2250,903,40.13333333333333
rule_mencius,60c1s5r10p,rw_zipf_0.8,concurrent_15,50,4387,93.0901,263.0588,272.93992000000003,134.99379245498062,4613,166.433,265.7792,287.85312,154.81446418816387,9000,102.5125,264.302,283.82228000000003,145.15298786666668,900.0,4387,2055,46.84294506496467
rule_mencius,60c1s5r10p,rw_zipf_0.8,concurrent_15,75,6712,88.04505,257.89610000000005,264.11267,127.37332377830752,2288,165.6115,258.9162,265.67644,146.74061499125875,9000,89.42750000000001,258.20270000000005,264.38602000000003,132.2969195888889,900.0,6712,2725,40.598927294398095
rule_mencius,60c1s5r10p,rw_zipf_0.8,concurrent_15,100,9000,94.0106,261.28510000000006,275.28366000000005,136.09986345555555,0,0,0,0,0,9000,94.0106,261.28510000000006,275.28366000000005,136.09986345555555,900.0,9000,4318,47.977777777777774
rule_mencius,60c1s5r10p,rw_zipf_0.9,concurrent_15,0,0,0,0,0,0,8997,165.94,265.5826,545.7496799999939,161.02125354006893,8997,165.94,265.5826,545.7496799999939,161.02125354006893,899.7,0,0,0
rule_mencius,60c1s5r10p,rw_zipf_0.9,concurrent_15,25,2223,87.3931,256.9432,385.6481600000008,133.52955627530363,6777,164.264,257.4946,418.0764799999996,151.32972259111702,9000,100.489,257.356,404.2463400000002,146.9330815111111,900.0,2223,817,36.75213675213675
rule_mencius,60c1s5r10p,rw_zipf_0.9,concurrent_15,50,4489,92.4729,261.0638,460.494639999999,137.5169693472934,4511,168.922,262.286,658.9940999999988,158.88070569718465,9000,96.877,261.7,581.4185400000015,148.22494875555554,900.0,4489,1817,40.47672087324571
rule_mencius,60c1s5r10p,rw_zipf_0.9,concurrent_15,75,6740,99.19995,262.8304,818.6959799999976,151.6520040059347,2248,168.8075,266.7276,705.2499600000046,168.56649301601422,8988,104.341,264.242,797.0818099999932,155.88250815531822,898.8,6740,2823,41.88427299703264
rule_mencius,60c1s5r10p,rw_zipf_0.9,concurrent_15,100,9000,90.061,260.34229999999997,434.23908000000046,135.9611578777778,0,0,0,0,0,9000,90.061,260.34229999999997,434.23908000000046,135.9611578777778,900.0,9000,3657,40.63333333333333
rule_mencius,60c1s5r10p,rw_zipf_1,concurrent_15,0,0,0,0,0,0,9020,175.91,289.7123,2376.811599999989,263.76388802660756,9020,175.91,289.7123,2376.811599999989,263.76388802660756,902.0,0,0,0
rule_mencius,60c1s5r10p,rw_zipf_1,concurrent_15,25,2164,89.26660000000001,261.58570000000003,2504.195399999999,188.82939006469502,6827,164.571,262.357,1809.5873999999865,196.30473330892048,8991,163.75,262.183,2147.408000000005,194.50552935157378,899.1,2164,730,33.733826247689464
rule_mencius,60c1s5r10p,rw_zipf_1,concurrent_15,50,4365,102.216,272.9514,3409.1535999999996,259.04373186712485,4630,172.98149999999998,279.25280000000004,3368.7816,261.1658426565875,8995,168.894,277.7650000000001,3389.9523999999997,260.1360468148972,899.5,4365,1667,38.190148911798396
rule_mencius,60c1s5r10p,rw_zipf_1,concurrent_15,75,6755,94.155,264.6004,2711.5812,206.04600898593634,2218,168.16750000000002,268.2969,3287.7172,235.54197146077544,8973,97.499,265.1778,2859.051600000022,213.33699803856015,897.3,6755,2437,36.07698001480385
rule_mencius,60c1s5r10p,rw_zipf_1,concurrent_15,100,9023,101.894,268.364,2902.354000000012,233.07132488086003,0,0,0,0,0,9023,101.894,268.364,2902.354000000012,233.07132488086003,902.3,9023,3211,35.58683364734567
rule_mongodb,60c1s5r10p,rw_1000000,concurrent_15,0,0,0,0,0,0,9000,191.70299999999997,283.8313,326.68485000000004,185.05345114444444,9000,191.70299999999997,283.8313,326.68485000000004,185.05345114444444,900.0,0,0,0
rule_mongodb,60c1s5r10p,rw_1000000,concurrent_15,25,2229,79.4351,226.9622,229.08304,124.96483660834454,6771,196.469,283.862,327.4886,185.55394934278542,9000,166.723,260.25230000000005,324.44820999999996,170.54804575555556,900.0,2229,2210,99.14759982054733
rule_mongodb,60c1s5r10p,rw_1000000,concurrent_15,50,4521,148.863,226.563,229.3974,125.95759825259897,4479,181.459,276.1738,326.34418,184.32209223040857,9000,151.912,245.5541,319.18942000000004,155.0036614222222,900.0,4521,4465,98.76133598761336
rule_mongodb,60c1s5r10p,rw_1000000,concurrent_15,75,6728,80.87,200.1626,228.83973,125.2859280469679,2272,198.3075,286.83650000000006,327.16754000000003,186.48600558978873,9000,149.83800000000002,228.0086,310.27444,140.7355476222222,900.0,6728,6663,99.03388822829965
rule_mongodb,60c1s5r10p,rw_1000000,concurrent_15,100,9000,134.3125,205.07490000000874,229.21501,125.84710097777776,0,0,0,0,0,9000,134.3125,205.07490000000874,229.21501,125.84710097777776,900.0,9000,8893,98.81111111111112
rule_mongodb,60c1s5r10p,rw_zipf_1,concurrent_15,0,0,0,0,0,0,9000,192.5265,285.09580000000005,332.93902,189.20347757777776,9000,192.5265,285.09580000000005,332.93902,189.20347757777776,900.0,0,0,0
rule_mongodb,60c1s5r10p,rw_zipf_1,concurrent_15,25,2249,150.72,228.17919999999998,307.27736,139.52402792352154,6751,186.764,286.279,330.9785,188.49957139683013,9000,172.6165,268.80210000000005,329.46811,176.26112725555555,900.0,2249,1792,79.67985771453979
rule_mongodb,60c1s5r10p,rw_zipf_1,concurrent_15,50,4506,151.0145,229.1155,313.3729,139.32906047492233,4494,190.45749999999998,282.5396,332.02563,188.97232374276814,9000,161.7975,257.7313,329.54454,164.1175966,900.0,4506,3523,78.18464269862406
rule_mongodb,60c1s5r10p,rw_zipf_1,concurrent_15,75,6687,149.776,227.7082,311.53696000000014,139.19056893973382,2313,194.567,284.582,331.57452,189.1133028534371,9000,151.887,244.9067,325.1047,152.02071155555558,900.0,6687,5200,77.76282338866457
rule_mongodb,60c1s5r10p,rw_zipf_1,concurrent_15,100,9000,150.589,228.30020000000002,317.30751000000004,139.79418404444445,0,0,0,0,0,9000,150.589,228.30020000000002,317.30751000000004,139.79418404444445,900.0,9000,6948,77.2
rule_mongodb,60c1s5r10p,rw_zipf_0,concurrent_15,0,0,0,0,0,0,9000,146.39249999999998,247.94280000000003,323.48760000000004,145.88392640144446,9000,146.39249999999998,247.94280000000003,323.48760000000004,145.88392640144446,900.0,0,0,0
rule_mongodb,60c1s5r10p,rw_zipf_0,concurrent_15,25,2238,138.22050000000002,227.1793,229.512,116.02768518632708,6762,146.15949999999998,247.36090000000002,325.11731,145.67442820925763,9000,145.06400000000002,238.8804,320.47407000000004,138.3022714442222,900.0,2238,1630,72.83288650580876
rule_mongodb,60c1s5r10p,rw_zipf_0,concurrent_15,50,4522,79.3546,197.374,228.101,115.32245167846087,4478,146.466,248.7409,322.9667,146.99568433943725,9000,138.949,228.0934,314.39529999999996,131.0816445513333,900.0,4522,3454,76.38213180008846
rule_mongodb,60c1s5r10p,rw_zipf_0,concurrent_15,75,6777,138.116,197.34140000000002,229.612,115.71067935664747,2223,146.445,248.67919999999998,323.78118000000023,144.8812109883041,9000,138.478,227.0961,297.16898000000015,122.91580066966667,900.0,6777,5141,75.85952486350892
rule_mongodb,60c1s5r10p,rw_zipf_0,concurrent_15,100,9000,127.271,202.84020000000956,230.66703,115.68219592155555,0,0,0,0,0,9000,127.271,202.84020000000956,230.66703,115.68219592155555,900.0,9000,6620,73.55555555555556
rule_mongodb,60c1s5r10p,rw_zipf_0.1,concurrent_15,0,0,0,0,0,0,9000,146.675,247.3267,324.24417000000005,145.85900423966666,9000,146.675,247.3267,324.24417000000005,145.85900423966666,900.0,0,0,0
rule_mongodb,60c1s5r10p,rw_zipf_0.1,concurrent_15,25,2223,138.137,226.3766,227.77356,116.62558108951868,6777,147.115,247.15200000000007,323.7619199999999,145.9830187220009,9000,145.858,238.6312,320.59196000000003,138.7317316267778,900.0,2223,1717,77.23796671165093
rule_mongodb,60c1s5r10p,rw_zipf_0.1,concurrent_15,50,4466,138.15699999999998,226.5725,229.17034999999998,115.82760496954769,4534,146.5385,248.84730000000002,322.05352000000005,145.94564337009263,9000,139.1725,229.0942,310.78126000000003,131.00040342600002,900.0,4466,3363,75.30228392297357
rule_mongodb,60c1s5r10p,rw_zipf_0.1,concurrent_15,75,6747,79.9219,226.7174,228.21562,115.55467306417668,2253,146.655,246.34539999999998,322.10772,145.43061764846874,9000,138.536,227.629,290.05784,123.03361785844444,900.0,6747,5233,77.56039721357641
rule_mongodb,60c1s5r10p,rw_zipf_0.1,concurrent_15,100,9000,109.68795,202.06600000001006,227.86906,115.546260924,0,0,0,0,0,9000,109.68795,202.06600000001006,227.86906,115.546260924,900.0,9000,6644,73.82222222222222
rule_mongodb,60c1s5r10p,rw_zipf_0.2,concurrent_15,0,0,0,0,0,0,9000,147.579,250.07520000000002,326.16202,147.12746462144443,9000,147.579,250.07520000000002,326.16202,147.12746462144443,900.0,0,0,0
rule_mongodb,60c1s5r10p,rw_zipf_0.2,concurrent_15,25,2163,79.9409,196.677,228.74076,114.52329946139619,6837,147.31,248.08780000000004,325.5997600000001,146.24411108658768,9000,145.684,238.6611,322.80867000000006,138.62054269266667,900.0,2163,1597,73.83263985205733
rule_mongodb,60c1s5r10p,rw_zipf_0.2,concurrent_15,50,4499,79.1301,199.793,228.98202,114.48903632473882,4501,147.264,247.334,322.143,146.55702369429017,9000,138.82549999999998,228.91920000000002,312.01173000000006,130.52659311922224,900.0,4499,3405,75.68348521893755
rule_mongodb,60c1s5r10p,rw_zipf_0.2,concurrent_15,75,6711,79.5149,226.926,228.393,115.48221371271048,2289,147.95,248.62460000000004,320.85175999999996,148.9756732341634,9000,138.48950000000002,227.30610000000001,293.09315000000026,124.00071691766667,900.0,6711,5186,77.27611384294443
rule_mongodb,60c1s5r10p,rw_zipf_0.2,concurrent_15,100,9000,113.69405,200.68990000001043,228.125,115.60982205033334,0,0,0,0,0,9000,113.69405,200.68990000001043,228.125,115.60982205033334,900.0,9000,6781,75.34444444444445
rule_mongodb,60c1s5r10p,rw_zipf_0.3,concurrent_15,0,0,0,0,0,0,9000,147.901,247.6132,323.64123,146.7716370981111,9000,147.901,247.6132,323.64123,146.7716370981111,900.0,0,0,0
rule_mongodb,60c1s5r10p,rw_zipf_0.3,concurrent_15,25,2255,79.511,199.407,227.654,114.48038449800443,6745,146.87,248.14160000000004,324.7218399999999,146.51522571801334,9000,145.2245,239.05810000000002,320.60660000000007,138.488718279,900.0,2255,1685,74.72283813747228
rule_mongodb,60c1s5r10p,rw_zipf_0.3,concurrent_15,50,4516,137.945,199.106,230.59485,115.48333670438441,4484,146.0305,249.89090000000002,325.73801000000003,145.93729550223014,9000,138.6775,229.68030000000002,316.0638200000001,130.6561757321111,900.0,4516,3453,76.46147032772365
rule_mongodb,60c1s5r10p,rw_zipf_0.3,concurrent_15,75,6745,138.029,199.56980000000001,228.97656,115.85289038265383,2255,145.549,246.30920000000006,324.83150000000006,145.50580833303772,9000,138.4675,227.287,295.1486700000002,123.28259371355554,900.0,6745,4993,74.02520385470719
rule_mongodb,60c1s5r10p,rw_zipf_0.3,concurrent_15,100,9000,109.43105,202.61850000000965,228.28502,115.16549523600003,0,0,0,0,0,9000,109.43105,202.61850000000965,228.28502,115.16549523600003,900.0,9000,6555,72.83333333333333
rule_mongodb,60c1s5r10p,rw_zipf_0.4,concurrent_15,0,0,0,0,0,0,9000,146.6775,248.01170000000002,326.46929000000006,145.7314192171111,9000,146.6775,248.01170000000002,326.46929000000006,145.7314192171111,900.0,0,0,0
rule_mongodb,60c1s5r10p,rw_zipf_0.4,concurrent_15,25,2256,79.51295,227.28,229.64935,114.97665324246454,6744,146.53300000000002,249.01419999999996,327.11521999999997,147.23051891295967,9000,144.90050000000002,239.674,323.54167000000007,139.1455499182222,900.0,2256,1696,75.177304964539
rule_mongodb,60c1s5r10p,rw_zipf_0.4,concurrent_15,50,4475,79.7961,197.5498,229.07126,114.83249547977654,4525,146.981,249.3324,323.98448,145.35152728220996,9000,138.974,229.1316,313.1929300000001,130.17678646933334,900.0,4475,3323,74.25698324022346
rule_mongodb,60c1s5r10p,rw_zipf_0.4,concurrent_15,75,6816,79.3871,201.3655,228.30985,115.05215654914906,2184,147.454,250.92860000000002,324.76425,146.31621848946884,9000,138.296,227.3781,297.90719,122.63890224666666,900.0,6816,5176,75.93896713615024
rule_mongodb,60c1s5r10p,rw_zipf_0.4,concurrent_15,100,9000,120.1555,205.1349000000086,229.25402,115.39609812322223,0,0,0,0,0,9000,120.1555,205.1349000000086,229.25402,115.39609812322223,900.0,9000,6686,74.28888888888889
rule_mongodb,60c1s5r10p,rw_zipf_0.5,concurrent_15,0,0,0,0,0,0,9000,147.793,248.12879999999998,324.47597,146.12164179099997,9000,147.793,248.12879999999998,324.47597,146.12164179099997,900.0,0,0,0
rule_mongodb,60c1s5r10p,rw_zipf_0.5,concurrent_15,25,2261,79.3792,199.762,229.4678,113.62750924325519,6739,146.671,250.2154,326.08178,147.29536559934706,9000,144.0455,240.9795,324.20860000000005,138.8372519081111,900.0,2261,1657,73.28615656789032
rule_mongodb,60c1s5r10p,rw_zipf_0.5,concurrent_15,50,4529,78.8181,197.8682,229.30071999999998,114.08396538220357,4471,148.03,247.677,323.10590000000025,147.48901027510624,9000,138.863,229.2481,312.94178999999997,130.67884935066667,900.0,4529,3461,76.41863546036653
rule_mongodb,60c1s5r10p,rw_zipf_0.5,concurrent_15,75,6731,79.553,197.62,229.419,115.12048184920518,2269,146.722,247.96820000000002,321.50264000000004,147.64542716394885,9000,138.35500000000002,227.22320000000002,296.22638000000006,123.32038195133333,900.0,6731,4991,74.14945773287774
rule_mongodb,60c1s5r10p,rw_zipf_0.5,concurrent_15,100,9000,109.614,201.97760000001,228.672,115.435049814,0,0,0,0,0,9000,109.614,201.97760000001,228.672,115.435049814,900.0,9000,6702,74.46666666666667
rule_mongodb,60c1s5r10p,rw_zipf_0.6,concurrent_15,0,0,0,0,0,0,9000,146.458,248.11220000000003,324.17848000000004,145.88818692033334,9000,146.458,248.11220000000003,324.17848000000004,145.88818692033334,900.0,0,0,0
rule_mongodb,60c1s5r10p,rw_zipf_0.6,concurrent_15,25,2271,78.9819,199.787,229.1999,111.81072781285778,6729,147.048,249.2552,324.9772800000001,147.71087331327092,9000,144.51850000000002,239.34140000000002,321.64109,138.652069932,900.0,2271,1665,73.31571994715983
rule_mongodb,60c1s5r10p,rw_zipf_0.6,concurrent_15,50,4546,79.8616,226.939,228.4951,114.01088764430268,4454,147.558,248.04840000000002,323.6114000000001,147.82958339492592,9000,138.832,228.8994,313.07315000000006,130.74738440800002,900.0,4546,3305,72.70127584689837
rule_mongodb,60c1s5r10p,rw_zipf_0.6,concurrent_15,75,6754,138.1225,226.53969999999998,229.12747,115.72023613118152,2246,146.127,243.994,321.03315000000003,143.13671740115763,9000,138.515,227.516,291.33966000000004,122.5621713458889,900.0,6754,5002,74.05981640509327
rule_mongodb,60c1s5r10p,rw_zipf_0.6,concurrent_15,100,9000,121.687,226.43,228.52801,115.2906571068889,0,0,0,0,0,9000,121.687,226.43,228.52801,115.2906571068889,900.0,9000,6800,75.55555555555556
rule_mongodb,60c1s5r10p,rw_zipf_0.7,concurrent_15,0,0,0,0,0,0,9000,146.419,249.21730000000002,325.41425,146.31926469055554,9000,146.419,249.21730000000002,325.41425,146.31926469055554,900.0,0,0,0
rule_mongodb,60c1s5r10p,rw_zipf_0.7,concurrent_15,25,2286,101.30755,202.232,228.48175,115.18188137007876,6714,147.59699999999998,248.3184,324.75178999999997,146.86025957908848,9000,146.083,238.62730000000002,321.00798000000003,138.813951514,900.0,2286,1741,76.15923009623798
rule_mongodb,60c1s5r10p,rw_zipf_0.7,concurrent_15,50,4489,137.858,199.4792,228.26224,115.61682633058587,4511,146.826,246.945,325.32129999999995,147.41385842340944,9000,139.34,228.609,314.3846600000001,131.55420541622223,900.0,4489,3271,72.86700824237023
rule_mongodb,60c1s5r10p,rw_zipf_0.7,concurrent_15,75,6747,80.5652,202.1394000000012,228.27454,114.90873512820514,2253,147.675,247.624,323.75488,148.25395924278737,9000,138.33,227.6451,289.31641000000036,123.25615623155555,900.0,6747,5013,74.2996887505558
rule_mongodb,60c1s5r10p,rw_zipf_0.7,concurrent_15,100,9000,137.81099999999998,226.704,228.83503000000002,115.91823357811113,0,0,0,0,0,9000,137.81099999999998,226.704,228.83503000000002,115.91823357811113,900.0,9000,6696,74.4
rule_mongodb,60c1s5r10p,rw_zipf_0.8,concurrent_15,0,0,0,0,0,0,9000,147.112,248.81180000000003,326.02914,146.92401661566666,9000,147.112,248.81180000000003,326.02914,146.92401661566666,900.0,0,0,0
rule_mongodb,60c1s5r10p,rw_zipf_0.8,concurrent_15,25,2299,79.24,226.824,229.41140000000001,115.33819312614182,6701,146.216,247.226,323.725,145.97891240904343,9000,145.055,237.60070000000002,321.01421,138.15191089444446,900.0,2299,1702,74.032187907786
rule_mongodb,60c1s5r10p,rw_zipf_0.8,concurrent_15,50,4543,79.0872,227.0248,228.4498,115.32848730200308,4457,147.931,249.06,325.58504,148.41397523019967,9000,139.0925,228.8575,317.22605000000004,131.71315615711111,900.0,4543,3382,74.44419986792869
rule_mongodb,60c1s5r10p,rw_zipf_0.8,concurrent_15,75,6781,138.127,226.39,228.1766,116.42953591564665,2219,147.601,251.6876,321.9171200000001,147.11491091933303,9000,138.594,227.5152,298.94262000000003,123.99518559711113,900.0,6781,4912,72.43769355552278
rule_mongodb,60c1s5r10p,rw_zipf_0.8,concurrent_15,100,9000,137.95749999999998,227.2131,229.1621,116.66437281666667,0,0,0,0,0,9000,137.95749999999998,227.2131,229.1621,116.66437281666667,900.0,9000,6497,72.18888888888888
rule_mongodb,60c1s5r10p,rw_zipf_0.9,concurrent_15,0,0,0,0,0,0,9000,147.468,248.94,323.83180000000004,146.63802797122221,9000,147.468,248.94,323.83180000000004,146.63802797122221,900.0,0,0,0
rule_mongodb,60c1s5r10p,rw_zipf_0.9,concurrent_15,25,2167,112.827,227.13840000000002,252.09012000000016,117.2276605205353,6833,147.56,246.7946,323.49436000000003,147.59143569061905,9000,146.176,239.6951,321.67219000000006,140.28051338022223,900.0,2167,1507,69.54314720812182
rule_mongodb,60c1s5r10p,rw_zipf_0.9,concurrent_15,50,4408,138.2715,226.95,252.60841000000013,119.65556699931943,4592,146.5375,247.08600000000007,324.30553000000003,145.6697671992596,9000,140.552,229.3683,318.11237,132.92859003466668,900.0,4408,3154,71.55172413793103
rule_mongodb,60c1s5r10p,rw_zipf_0.9,concurrent_15,75,6738,138.2135,227.0443,253.57005000000004,119.23218194508758,2262,145.627,247.104,323.3077299999998,142.3947438700265,9000,138.55700000000002,227.1841,300.3713900000001,125.05370584222221,900.0,6738,4516,67.0228554467201
rule_mongodb,60c1s5r10p,rw_zipf_0.9,concurrent_15,100,9000,138.103,227.041,244.90139000000008,118.75052723144445,0,0,0,0,0,9000,138.103,227.041,244.90139000000008,118.75052723144445,900.0,9000,6115,67.94444444444444
rule_mongodb,60c1s5r10p,rw_zipf_1,concurrent_15,0,0,0,0,0,0,9000,146.697,247.446,324.00662,145.8933239338889,9000,146.697,247.446,324.00662,145.8933239338889,900.0,0,0,0
rule_mongodb,60c1s5r10p,rw_zipf_1,concurrent_15,25,2233,138.414,227.7578,286.61439999999993,122.33805298790864,6767,146.748,248.31900000000005,324.6598800000001,146.36646735658343,9000,145.2305,240.7803,322.20597,140.40475076933333,900.0,2233,1350,60.45678459471563
rule_mongodb,60c1s5r10p,rw_zipf_1,concurrent_15,50,4507,138.553,227.3188,262.57765999999924,122.18791597692477,4493,147.846,248.50080000000005,324.27763999999996,146.52324578455375,9000,142.477,229.72150000000002,316.4577,134.336653402,900.0,4507,2868,63.63434657199911
rule_mongodb,60c1s5r10p,rw_zipf_1,concurrent_15,75,6861,138.389,226.745,289.59619999999967,122.90912967570326,2139,146.395,247.5614,323.56436,146.41875218466572,9000,138.70600000000002,227.3771,308.46368,128.496583292,900.0,6861,4054,59.08759656026818
rule_mongodb,60c1s5r10p,rw_zipf_1,concurrent_15,100,9000,138.399,228.113,295.2409000000001,123.14195386477778,0,0,0,0,0,9000,138.399,228.113,295.2409000000001,123.14195386477778,900.0,9000,5471,60.78888888888889
rule_mongodb,60c1s5r10p,rw_zipf_0,concurrent_15,0,0,0,0,0,0,9000,137.85500000000002,228.1345,248.74929000000006,109.9920856317778,9000,137.85500000000002,228.1345,248.74929000000006,109.9920856317778,900.0,0,0,0
rule_mongodb,60c1s5r10p,rw_zipf_0,concurrent_15,25,2307,137.828,226.6584,230.59894,108.12008841569138,6693,137.871,227.3314,243.37559999999996,109.25940973449872,9000,137.862,226.88990000000004,233.50526000000005,108.9673637031111,900.0,2307,1117,48.41785869094061
rule_mongodb,60c1s5r10p,rw_zipf_0,concurrent_15,50,4484,137.945,207.87510000000304,230.47953,107.53617781222123,4516,137.94,227.88299999999998,239.5019000000001,108.73012368046945,9000,137.9425,227.0392,231.24106,108.13527331677777,900.0,4484,2453,54.70561998215879
rule_mongodb,60c1s5r10p,rw_zipf_0,concurrent_15,75,6752,79.97155000000001,197.1267,227.941,106.31959993720378,2248,137.988,227.80759999999998,241.03785000000005,110.75092600400356,9000,137.88299999999998,226.2641,228.51703,107.42644671477777,900.0,6752,3932,58.2345971563981
rule_mongodb,60c1s5r10p,rw_zipf_0,concurrent_15,100,9000,109.073,202.47380000000976,228.46102000000002,106.5674304351111,0,0,0,0,0,9000,109.073,202.47380000000976,228.46102000000002,106.5674304351111,900.0,9000,4756,52.84444444444444
rule_mongodb,60c1s5r10p,rw_zipf_0.1,concurrent_15,0,0,0,0,0,0,9000,137.9715,227.862,250.5268700000002,109.96089729066667,9000,137.9715,227.862,250.5268700000002,109.96089729066667,900.0,0,0,0
rule_mongodb,60c1s5r10p,rw_zipf_0.1,concurrent_15,25,2244,108.6305,226.5884,228.87757,106.67784148618539,6756,137.9615,227.554,248.06319999999997,109.90797646876851,9000,137.93200000000002,227.3391,238.51123,109.10259614644445,900.0,2244,1271,56.63992869875223
rule_mongodb,60c1s5r10p,rw_zipf_0.1,concurrent_15,50,4511,79.6599,226.378,228.5,105.86797283329638,4489,138.164,227.2376,249.54587999999993,110.67499395032301,9000,138.078,226.4481,229.42701,108.26560814377778,900.0,4511,2287,50.69829306140545
rule_mongodb,60c1s5r10p,rw_zipf_0.1,concurrent_15,75,6738,78.73755,198.8726,229.20363,106.23409494271297,2262,137.989,227.57829999999998,254.69752999999977,110.93460788815207,9000,137.836,226.7101,229.79804000000001,107.41549052966667,900.0,6738,3684,54.67497773820125
rule_mongodb,60c1s5r10p,rw_zipf_0.1,concurrent_15,100,9000,108.84100000000001,204.16100000000918,229.457,106.50997686588889,0,0,0,0,0,9000,108.84100000000001,204.16100000000918,229.457,106.50997686588889,900.0,9000,4847,53.855555555555554
rule_mongodb,60c1s5r10p,rw_zipf_0.2,concurrent_15,0,0,0,0,0,0,9000,138.064,227.591,245.49202000000002,109.6180008717778,9000,138.064,227.591,245.49202000000002,109.6180008717778,900.0,0,0,0
rule_mongodb,60c1s5r10p,rw_zipf_0.2,concurrent_15,25,2288,137.942,199.33410000000023,230.706,107.2029361958042,6712,138.041,228.1045,254.93252000000047,109.81791118697856,9000,138.0165,227.671,239.36566000000008,109.15312643366667,900.0,2288,1252,54.72027972027972
rule_mongodb,60c1s5r10p,rw_zipf_0.2,concurrent_15,50,4437,79.1189,192.0464,229.269,105.56481678724363,4563,137.94,227.7526,247.15830000000003,109.94897023887792,9000,137.8795,227.0449,230.235,107.78758258722223,900.0,4437,2240,50.484561640748254
rule_mongodb,60c1s5r10p,rw_zipf_0.2,concurrent_15,75,6717,137.962,226.6376,229.35,106.73890906610094,2283,138.005,227.3288,245.49681999999996,110.05518734034166,9000,137.97449999999998,226.6481,229.67321,107.58013832166667,900.0,6717,3685,54.860800952806315
rule_mongodb,60c1s5r10p,rw_zipf_0.2,concurrent_15,100,9000,109.06555,201.93610000000976,229.506,106.34764355655555,0,0,0,0,0,9000,109.06555,201.93610000000976,229.506,106.34764355655555,900.0,9000,4858,53.977777777777774
rule_mongodb,60c1s5r10p,rw_zipf_0.3,concurrent_15,0,0,0,0,0,0,9000,137.9925,227.9521,244.39423000000005,109.85862255244446,9000,137.9925,227.9521,244.39423000000005,109.85862255244446,900.0,0,0,0
rule_mongodb,60c1s5r10p,rw_zipf_0.3,concurrent_15,25,2266,108.9085,193.37349999999998,229.08210000000003,106.2430486963813,6734,138.05149999999998,227.7901,250.02390000000003,110.09379223166023,9000,138.042,227.462,236.21845000000064,109.12426058155557,900.0,2266,1257,55.472197705207414
rule_mongodb,60c1s5r10p,rw_zipf_0.3,concurrent_15,50,4508,79.03295,198.15020000000018,228.493,106.30935506078083,4492,138.128,227.9689,244.89086000000003,110.00490800445235,9000,137.94400000000002,227.1541,229.45404000000002,108.15384659666667,900.0,4508,2519,55.87843833185448
rule_mongodb,60c1s5r10p,rw_zipf_0.3,concurrent_15,75,6751,137.867,226.532,229.05700000000002,106.90420898266923,2249,138.112,227.4494,253.12727999999998,110.0124856816363,9000,137.971,226.5581,229.59402,107.68093279333333,900.0,6751,3618,53.592060435491035
rule_mongodb,60c1s5r10p,rw_zipf_0.3,concurrent_15,100,9000,124.9025,201.33930000001007,228.83,106.66043292455556,0,0,0,0,0,9000,124.9025,201.33930000001007,228.83,106.66043292455556,900.0,9000,4888,54.31111111111111
rule_mongodb,60c1s5r10p,rw_zipf_0.4,concurrent_15,0,0,0,0,0,0,9000,137.872,228.289,247.46882000000008,110.14326266788889,9000,137.872,228.289,247.46882000000008,110.14326266788889,900.0,0,0,0
rule_mongodb,60c1s5r10p,rw_zipf_0.4,concurrent_15,25,2236,79.05654999999999,193.83499999999998,230.6073,106.10575989177103,6764,137.927,227.3328,251.96182999999996,110.4555690473093,9000,137.906,227.0343,241.38269000000005,109.37488312822224,900.0,2236,1119,50.044722719141326
rule_mongodb,60c1s5r10p,rw_zipf_0.4,concurrent_15,50,4562,79.51965,227.0399,228.11978,105.90684842327926,4438,138.14,227.7782,248.39220000000006,111.10305112618298,9000,138.0325,227.0931,229.36365,108.46915371166668,900.0,4562,2448,53.66067514248137
rule_mongodb,60c1s5r10p,rw_zipf_0.4,concurrent_15,75,6796,137.8315,199.904,228.1361,106.72304396262506,2204,137.9805,227.44570000000002,243.91866999999945,109.91688717468239,9000,137.891,226.604,228.50511,107.50518067811112,900.0,6796,3555,52.310182460270745
rule_mongodb,60c1s5r10p,rw_zipf_0.4,concurrent_15,100,9000,108.85895,200.3545000000106,228.77401,106.54560464911111,0,0,0,0,0,9000,108.85895,200.3545000000106,228.77401,106.54560464911111,900.0,9000,4887,54.3
rule_mongodb,60c1s5r10p,rw_zipf_0.5,concurrent_15,0,0,0,0,0,0,9000,137.901,227.33830000000003,243.85239,109.87867486455556,9000,137.901,227.33830000000003,243.85239,109.87867486455556,900.0,0,0,0
rule_mongodb,60c1s5r10p,rw_zipf_0.5,concurrent_15,25,2272,78.937,227.07569999999998,228.82529,105.82661726188381,6728,137.9395,227.7353,242.4812799999997,110.2648071956005,9000,137.89249999999998,227.22310000000002,234.90500000000003,109.14441080344443,900.0,2272,1226,53.9612676056338
rule_mongodb,60c1s5r10p,rw_zipf_0.5,concurrent_15,50,4551,137.944,197.594,227.858,106.2782291294221,4449,138.01,227.3392,244.01127999999994,109.89939396605979,9000,137.9875,226.6155,228.97906,108.06829161366666,900.0,4551,2406,52.86750164798945
rule_mongodb,60c1s5r10p,rw_zipf_0.5,concurrent_15,75,6809,137.802,226.9992,229.09392,106.84383902966663,2191,137.833,227.846,253.3468,108.97133488726608,9000,137.817,227.0181,229.28504,107.36176607677778,900.0,6809,3697,54.29578499045381
rule_mongodb,60c1s5r10p,rw_zipf_0.5,concurrent_15,100,9000,109.96054999999998,201.96120000000994,229.59301,106.48846077433333,0,0,0,0,0,9000,109.96054999999998,201.96120000000994,229.59301,106.48846077433333,900.0,9000,4750,52.77777777777778
rule_mongodb,60c1s5r10p,rw_zipf_0.6,concurrent_15,0,0,0,0,0,0,9000,137.93200000000002,227.25969999999998,243.99545,109.85835779755554,9000,137.93200000000002,227.25969999999998,243.99545,109.85835779755554,900.0,0,0,0
rule_mongodb,60c1s5r10p,rw_zipf_0.6,concurrent_15,25,2260,137.989,226.35430000000002,229.395,106.80341647035398,6740,138.044,227.2122,246.6955799999996,109.97412162047479,9000,138.038,226.9378,238.7113300000001,109.17792232722222,900.0,2260,1292,57.16814159292036
rule_mongodb,60c1s5r10p,rw_zipf_0.6,concurrent_15,50,4464,137.9495,226.113,229.062,107.91730355981183,4536,137.765,226.7355,237.1325,107.98058481878307,9000,137.88049999999998,226.16,229.86102,107.94919731433333,900.0,4464,2529,56.653225806451616
rule_mongodb,60c1s5r10p,rw_zipf_0.6,concurrent_15,75,6683,79.5781,197.5534,229.373,106.04794077465209,2317,138.027,227.635,253.57164000000105,111.45037326327147,9000,137.882,226.594,229.47701,107.43876700533333,900.0,6683,3736,55.90303755798294
rule_mongodb,60c1s5r10p,rw_zipf_0.6,concurrent_15,100,9000,109.55205000000001,227.52949999999998,229.323,106.77790132433333,0,0,0,0,0,9000,109.55205000000001,227.52949999999998,229.323,106.77790132433333,900.0,9000,4957,55.077777777777776
rule_mongodb,60c1s5r10p,rw_zipf_0.7,concurrent_15,0,0,0,0,0,0,9000,137.99349999999998,227.547,241.78162000000003,109.93331857333335,9000,137.99349999999998,227.547,241.78162000000003,109.93331857333335,900.0,0,0,0
rule_mongodb,60c1s5r10p,rw_zipf_0.7,concurrent_15,25,2275,78.833,215.09380000000402,228.89278,104.47516609362637,6725,138.069,227.7122,245.6505200000001,110.7448215318959,9000,137.9755,227.38830000000002,236.76715,109.15999196277778,900.0,2275,1188,52.21978021978022
rule_mongodb,60c1s5r10p,rw_zipf_0.7,concurrent_15,50,4476,137.892,199.4065,228.749,107.26078338695264,4524,137.8875,227.7341,247.73628999999997,109.79745913748894,9000,137.892,227.0701,229.82913000000002,108.5358857308889,900.0,4476,2386,53.3065236818588
rule_mongodb,60c1s5r10p,rw_zipf_0.7,concurrent_15,75,6738,138.024,226.1003,228.91063,107.04399950786583,2262,135.903,227.03029999999998,266.5546799999998,109.23743471264369,9000,138.0045,226.122,229.13307,107.59528288933333,900.0,6738,3845,57.06441080439299
rule_mongodb,60c1s5r10p,rw_zipf_0.7,concurrent_15,100,9000,137.925,227.06220000000002,228.52401,106.61383616355556,0,0,0,0,0,9000,137.925,227.06220000000002,228.52401,106.61383616355556,900.0,9000,4695,52.166666666666664
rule_mongodb,60c1s5r10p,rw_zipf_0.8,concurrent_15,0,0,0,0,0,0,9000,137.8995,227.83020000000002,243.9422100000003,109.75099394344443,9000,137.8995,227.83020000000002,243.9422100000003,109.75099394344443,900.0,0,0,0
rule_mongodb,60c1s5r10p,rw_zipf_0.8,concurrent_15,25,2258,79.41845,199.01629999999997,227.769,106.11121439636845,6742,137.8835,227.4289,248.54031000000003,110.21134692850787,9000,137.8505,227.0651,236.6896700000002,109.18266923322223,900.0,2258,1170,51.815766164747565
rule_mongodb,60c1s5r10p,rw_zipf_0.8,concurrent_15,50,4582,79.7059,199.3624,228.97638,105.7407642254474,4418,137.986,227.39020000000002,249.11800999999997,111.0323574191942,9000,137.892,226.5686,229.77301,108.33834852877779,900.0,4582,2575,56.1981667394151
rule_mongodb,60c1s5r10p,rw_zipf_0.8,concurrent_15,75,6769,79.6719,227.0692,228.73955999999998,106.19135487073424,2231,138.088,227.729,232.25499999999988,110.51173440744061,9000,137.99650000000003,227.088,228.98415,107.26232895366667,900.0,6769,3444,50.87900723888314
rule_mongodb,60c1s5r10p,rw_zipf_0.8,concurrent_15,100,9000,137.761,227.13,228.95801,106.80497121333333,0,0,0,0,0,9000,137.761,227.13,228.95801,106.80497121333333,900.0,9000,4838,53.75555555555555
rule_mongodb,60c1s5r10p,rw_zipf_0.9,concurrent_15,0,0,0,0,0,0,9000,137.992,228.13940000000002,251.20044000000013,110.2992979108889,9000,137.992,228.13940000000002,251.20044000000013,110.2992979108889,900.0,0,0,0
rule_mongodb,60c1s5r10p,rw_zipf_0.9,concurrent_15,25,2276,137.86450000000002,196.731,228.3235,106.93243056810194,6724,137.94799999999998,227.8587,251.98413999999994,109.9792223953004,9000,137.929,227.3897,245.05637000000004,109.20872259544444,900.0,2276,1211,53.20738137082601
rule_mongodb,60c1s5r10p,rw_zipf_0.9,concurrent_15,50,4548,137.9515,227.0776,228.44806,107.65570597669306,4452,137.91750000000002,227.74040000000002,244.13356999999993,109.43868260669362,9000,137.943,227.113,229.32707,108.537685083,900.0,4548,2457,54.02374670184697
rule_mongodb,60c1s5r10p,rw_zipf_0.9,concurrent_15,75,6728,137.8845,225.9143,228.86373,106.98443779979192,2272,138.0235,227.0388,236.64945999999992,108.84570567297534,9000,137.9235,225.94240000000002,229.41824000000003,107.454304534,900.0,6728,3672,54.577883472057074
rule_mongodb,60c1s5r10p,rw_zipf_0.9,concurrent_15,100,9000,137.97899999999998,227.3212,228.96502,106.7233673,0,0,0,0,0,9000,137.97899999999998,227.3212,228.96502,106.7233673,900.0,9000,4499,49.98888888888889
rule_mongodb,60c1s5r10p,rw_zipf_1,concurrent_15,0,0,0,0,0,0,9000,138.041,227.1353,243.96681000000004,109.97432535822222,9000,138.041,227.1353,243.96681000000004,109.97432535822222,900.0,0,0,0
rule_mongodb,60c1s5r10p,rw_zipf_1,concurrent_15,25,2259,137.883,205.7514,229.36834,107.76017880168217,6741,137.865,227.536,247.23480000000004,109.66103359234533,9000,137.8685,227.3672,240.31856000000005,109.1839190398889,900.0,2259,1116,49.40239043824701
rule_mongodb,60c1s5r10p,rw_zipf_1,concurrent_15,50,4515,79.384,227.04,229.10358000000002,106.50144798449612,4485,138.076,227.78799999999998,244.94356000000002,110.56805624503903,9000,137.859,227.178,230.27233999999999,108.52797443433333,900.0,4515,2280,50.498338870431894
rule_mongodb,60c1s5r10p,rw_zipf_1,concurrent_15,75,6751,137.839,225.891,228.386,107.12052339994075,2249,138.124,226.70520000000002,248.94316,110.75054941262783,9000,137.993,225.94310000000002,228.83805999999998,108.02762656688887,900.0,6751,3497,51.79973337283366
rule_mongodb,60c1s5r10p,rw_zipf_1,concurrent_15,100,9000,137.98200000000003,227.219,228.33901,107.35968486066668,0,0,0,0,0,9000,137.98200000000003,227.219,228.33901,107.35968486066668,900.0,9000,4537,50.41111111111111
