protocol,site,workload,concurrent,fastpath_percentage,fastpath_count,fastpath_50pct,fastpath_90pct,fastpath_99pct,fastpath_ave,slowpath_count,slowpath_50pct,slowpath_90pct,slowpath_99pct,slowpath_ave,total_count,total_50pct,total_90pct,total_99pct,total_ave,throughput,fastpath_attempt_count,fastpath_success_count,fastpath_success_rate
none_fpga_raft,60c1s5r10p,rw_1000000,concurrent_1,0,0,0,0,0,0,600,159.4665,232.493800000001,280.48602999999997,155.78727383333333,600,159.4665,232.493800000001,280.48602999999997,155.78727383333333,60.0,0,0,0
none_fpga_raft,60c1s5r10p,rw_1000000,concurrent_2,0,0,0,0,0,0,1200,160.008,233.09920000000605,278.95907,156.29847625,1200,160.008,233.09920000000605,278.95907,156.29847625,120.0,0,0,0
none_fpga_raft,60c1s5r10p,rw_1000000,concurrent_5,0,0,0,0,0,0,3000,159.9015,232.85939999999556,282.47102,156.8944412,3000,159.9015,232.85939999999556,282.47102,156.8944412,300.0,0,0,0
none_fpga_raft,60c1s5r10p,rw_1000000,concurrent_10,0,0,0,0,0,0,6000,159.45850000000002,234.38660000001528,280.58700999999996,155.98600733333333,6000,159.45850000000002,234.38660000001528,280.58700999999996,155.98600733333333,600.0,0,0,0
none_fpga_raft,60c1s5r10p,rw_1000000,concurrent_20,0,0,0,0,0,0,12000,160.0795,235.35760000001497,280.993,156.47934850000001,12000,160.0795,235.35760000001497,280.993,156.47934850000001,1200.0,0,0,0
none_fpga_raft,60c1s5r10p,rw_1000000,concurrent_30,0,0,0,0,0,0,18000,161.253,235.27550000001597,283.16400999999996,157.6488719611111,18000,161.253,235.27550000001597,283.16400999999996,157.6488719611111,1800.0,0,0,0
none_fpga_raft,60c1s5r10p,rw_1000000,concurrent_40,0,0,0,0,0,0,24000,161.29700000000003,233.799000000104,282.617,157.6801720666667,24000,161.29700000000003,233.799000000104,282.617,157.6801720666667,2400.0,0,0,0
none_fpga_raft,60c1s5r10p,rw_1000000,concurrent_50,0,0,0,0,0,0,30000,160.33350000000002,235.00450000007828,282.64702,156.47593519666665,30000,160.33350000000002,235.00450000007828,282.64702,156.47593519666665,3000.0,0,0,0
none_fpga_raft,60c1s5r10p,rw_1000000,concurrent_60,0,0,0,0,0,0,36000,161.1285,236.68990000009137,282.123,157.88757908888888,36000,161.1285,236.68990000009137,282.123,157.88757908888888,3600.0,0,0,0
none_fpga_raft,60c1s5r10p,rw_1000000,concurrent_70,0,0,0,0,0,0,42000,161.7665,236.98129999994106,282.62300999999997,157.44815366666666,42000,161.7665,236.98129999994106,282.62300999999997,157.44815366666666,4200.0,0,0,0
none_fpga_raft,60c1s5r10p,rw_1000000,concurrent_80,0,0,0,0,0,0,48000,161.204,234.98099999993357,282.75901,157.19740245833336,48000,161.204,234.98099999993357,282.75901,157.19740245833336,4800.0,0,0,0
none_fpga_raft,60c1s5r10p,rw_1000000,concurrent_90,0,0,0,0,0,0,54000,160.7055,234.13909999994186,279.45601,157.06532408148146,54000,160.7055,234.13909999994186,279.45601,157.06532408148146,5400.0,0,0,0
none_fpga_raft,60c1s5r10p,rw_1000000,concurrent_100,0,0,0,0,0,0,60000,161.2575,234.9740999999462,281.558,157.8446236516667,60000,161.2575,234.9740999999462,281.558,157.8446236516667,6000.0,0,0,0
none_copilot,60c1s5r10p,rw_1000000,concurrent_1,0,0,0,0,0,0,600,180.29149999999998,326.4059000000002,346.96847,220.00906999999998,600,180.29149999999998,326.4059000000002,346.96847,220.00906999999998,60.0,0,0,0
none_copilot,60c1s5r10p,rw_1000000,concurrent_2,0,0,0,0,0,0,1200,194.784,320.3898,343.94840000000005,222.53226750000002,1200,194.784,320.3898,343.94840000000005,222.53226750000002,120.0,0,0,0
none_copilot,60c1s5r10p,rw_1000000,concurrent_5,0,0,0,0,0,0,3000,207.5405,325.4491,349.63409,230.92481666666666,3000,207.5405,325.4491,349.63409,230.92481666666666,300.0,0,0,0
none_copilot,60c1s5r10p,rw_1000000,concurrent_10,0,0,0,0,0,0,6000,202.9765,325.6655,337.69102999999996,226.14495966666667,6000,202.9765,325.6655,337.69102999999996,226.14495966666667,600.0,0,0,0
none_copilot,60c1s5r10p,rw_1000000,concurrent_20,0,0,0,0,0,0,12000,214.964,330.3774,353.32602,234.64843166666665,12000,214.964,330.3774,353.32602,234.64843166666665,1200.0,0,0,0
none_copilot,60c1s5r10p,rw_1000000,concurrent_30,0,0,0,0,0,0,18000,218.1465,330.7623000000002,355.07007999999996,234.81053666666668,18000,218.1465,330.7623000000002,355.07007999999996,234.81053666666668,1800.0,0,0,0
none_copilot,60c1s5r10p,rw_1000000,concurrent_40,0,0,0,0,0,0,24000,208.96550000000002,327.7178000000121,342.26916,226.06104733333333,24000,208.96550000000002,327.7178000000121,342.26916,226.06104733333333,2400.0,0,0,0
none_copilot,60c1s5r10p,rw_1000000,concurrent_50,0,0,0,0,0,0,30000,200.6135,303.1933000000001,330.84907,199.03273252666668,30000,200.6135,303.1933000000001,330.84907,199.03273252666668,3000.0,0,0,0
none_copilot,60c1s5r10p,rw_1000000,concurrent_60,0,0,0,0,0,0,36000,212.96800000000002,334.4889000000001,349.3604000000001,225.76076455555557,36000,212.96800000000002,334.4889000000001,349.3604000000001,225.76076455555557,3600.0,0,0,0
none_copilot,60c1s5r10p,rw_1000000,concurrent_70,0,0,0,0,0,0,42000,194.4765,292.01009999999997,337.26147000000014,189.36495254761905,42000,194.4765,292.01009999999997,337.26147000000014,189.36495254761905,4200.0,0,0,0
none_copilot,60c1s5r10p,rw_1000000,concurrent_80,0,0,0,0,0,0,48000,207.57,326.13829999999086,337.387,219.43536010416668,48000,207.57,326.13829999999086,337.387,219.43536010416668,4800.0,0,0,0
none_copilot,60c1s5r10p,rw_1000000,concurrent_90,0,0,0,0,0,0,54000,216.484,336.56769999999835,345.92201,224.41076575925928,54000,216.484,336.56769999999835,345.92201,224.41076575925928,5400.0,0,0,0
none_copilot,60c1s5r10p,rw_1000000,concurrent_100,0,0,0,0,0,0,60000,173.3655,282.82369999998866,311.59302,192.25011806666666,60000,173.3655,282.82369999998866,311.59302,192.25011806666666,6000.0,0,0,0
none_mencius,60c1s5r10p,rw_1000000,concurrent_1,0,0,0,0,0,0,595,936.981,2357.98,2487.355,1103.9678119327732,595,936.981,2357.98,2487.355,1103.9678119327732,59.5,0,0,0
none_mencius,60c1s5r10p,rw_1000000,concurrent_2,0,0,0,0,0,0,1169,775.333,2424.732,2509.9164,1004.9744825491873,1169,775.333,2424.732,2509.9164,1004.9744825491873,116.9,0,0,0
none_mencius,60c1s5r10p,rw_1000000,concurrent_5,0,0,0,0,0,0,2980,1167.635,2568.7659999999996,2675.6821,1201.2903068120806,2980,1167.635,2568.7659999999996,2675.6821,1201.2903068120806,298.0,0,0,0
none_mencius,60c1s5r10p,rw_1000000,concurrent_10,0,0,0,0,0,0,5985,1461.08,2580.808,2672.7335999999996,1240.8495888721804,5985,1461.08,2580.808,2672.7335999999996,1240.8495888721804,598.5,0,0,0
none_mencius,60c1s5r10p,rw_1000000,concurrent_20,0,0,0,0,0,0,11996,945.9625,2166.48,2238.042,944.0119253501166,11996,945.9625,2166.48,2238.042,944.0119253501166,1199.6,0,0,0
none_mencius,60c1s5r10p,rw_1000000,concurrent_30,0,0,0,0,0,0,18060,1314.4250000000002,2765.161,2801.2023,1429.2173745127352,18060,1314.4250000000002,2765.161,2801.2023,1429.2173745127352,1806.0,0,0,0
none_mencius,60c1s5r10p,rw_1000000,concurrent_40,0,0,0,0,0,0,24073,790.693,2114.852,2173.4784,888.8927438790347,24073,790.693,2114.852,2173.4784,888.8927438790347,2407.3,0,0,0
none_mencius,60c1s5r10p,rw_1000000,concurrent_50,0,0,0,0,0,0,30139,1163.24,2551.9539999999997,2614.5162,1224.171308016192,30139,1163.24,2551.9539999999997,2614.5162,1224.171308016192,3013.9,0,0,0
none_mencius,60c1s5r10p,rw_1000000,concurrent_60,0,0,0,0,0,0,36271,1305.85,2673.78,2738.192,1457.184066347771,36271,1305.85,2673.78,2738.192,1457.184066347771,3627.1,0,0,0
none_mencius,60c1s5r10p,rw_1000000,concurrent_70,0,0,0,0,0,0,41888,698.1949999999999,2203.759,2269.4912999999997,891.7240993220016,41888,698.1949999999999,2203.759,2269.4912999999997,891.7240993220016,4188.8,0,0,0
none_mencius,60c1s5r10p,rw_1000000,concurrent_80,0,0,0,0,0,0,48023,1230.23,2580.968,2655.16,1381.3256638610665,48023,1230.23,2580.968,2655.16,1381.3256638610665,4802.3,0,0,0
none_mencius,60c1s5r10p,rw_1000000,concurrent_90,0,0,0,0,0,0,53779,895.38,2397.832,2461.9809999999998,1052.498990479555,53779,895.38,2397.832,2461.9809999999998,1052.498990479555,5377.9,0,0,0
none_mencius,60c1s5r10p,rw_1000000,concurrent_100,0,0,0,0,0,0,799,7065.68,26523.18,31424.508,9903.0113767209,799,7065.68,26523.18,31424.508,9903.0113767209,79.9,0,0,0
none_mongodb,60c1s5r10p,rw_1000000,concurrent_1,0,0,0,0,0,0,600,109.22495,180.619200000001,232.81907999999999,106.02614916333334,600,109.22495,180.619200000001,232.81907999999999,106.02614916333334,60.0,0,0,0
none_mongodb,60c1s5r10p,rw_1000000,concurrent_2,0,0,0,0,0,0,1200,109.333,183.42370000000605,228.75818,105.44673316083333,1200,109.333,183.42370000000605,228.75818,105.44673316083333,120.0,0,0,0
none_mongodb,60c1s5r10p,rw_1000000,concurrent_5,0,0,0,0,0,0,3000,108.3865,184.76869999999627,229.07301,105.16326211800002,3000,108.3865,184.76869999999627,229.07301,105.16326211800002,300.0,0,0,0
none_mongodb,60c1s5r10p,rw_1000000,concurrent_10,0,0,0,0,0,0,6000,108.82395,184.4564000000156,231.343,105.32679402666668,6000,108.82395,184.4564000000156,231.343,105.32679402666668,600.0,0,0,0
none_mongodb,60c1s5r10p,rw_1000000,concurrent_20,0,0,0,0,0,0,12000,118.9235,200.23790000000875,230.084,105.16288904283331,12000,118.9235,200.23790000000875,230.084,105.16288904283331,1200.0,0,0,0
none_mongodb,60c1s5r10p,rw_1000000,concurrent_30,0,0,0,0,0,0,18000,137.626,226.889,337.79855999999927,115.81217859699998,18000,137.626,226.889,337.79855999999927,115.81217859699998,1800.0,0,0,0
none_mongodb,60c1s5r10p,rw_1000000,concurrent_40,0,0,0,0,0,0,24000,137.5,227.4021,412.1558499999998,117.62839424945834,24000,137.5,227.4021,412.1558499999998,117.62839424945834,2400.0,0,0,0
none_mongodb,60c1s5r10p,rw_1000000,concurrent_50,0,0,0,0,0,0,30000,137.65550000000002,222.8351,453.86534999999947,120.30164270836667,30000,137.65550000000002,222.8351,453.86534999999947,120.30164270836667,3000.0,0,0,0
none_mongodb,60c1s5r10p,rw_1000000,concurrent_60,0,0,0,0,0,0,36000,137.8145,226.172,484.6758000000003,121.42400374919443,36000,137.8145,226.172,484.6758000000003,121.42400374919443,3600.0,0,0,0
none_mongodb,60c1s5r10p,rw_1000000,concurrent_70,0,0,0,0,0,0,42000,137.701,227.6721,506.4506500000001,123.85169991169049,42000,137.701,227.6721,506.4506500000001,123.85169991169049,4200.0,0,0,0
none_mongodb,60c1s5r10p,rw_1000000,concurrent_80,0,0,0,0,0,0,48000,137.781,228.369,517.96807,124.01118877464583,48000,137.781,228.369,517.96807,124.01118877464583,4800.0,0,0,0
none_mongodb,60c1s5r10p,rw_1000000,concurrent_90,0,0,0,0,0,0,54000,137.653,219.24120000000002,331.7257800000003,109.70021216753705,54000,137.653,219.24120000000002,331.7257800000003,109.70021216753705,5400.0,0,0,0
none_mongodb,60c1s5r10p,rw_1000000,concurrent_100,0,0,0,0,0,0,60000,137.845,227.9041,478.6935800000001,120.76970849141667,60000,137.845,227.9041,478.6935800000001,120.76970849141667,6000.0,0,0,0
rule_fpga_raft,60c1s5r10p,rw_1000000,concurrent_1,0,0,0,0,0,0,600,160.15300000000002,234.32480000000106,281.73413999999997,156.8102486666667,600,160.15300000000002,234.32480000000106,281.73413999999997,156.8102486666667,60.0,0,0,0
rule_fpga_raft,60c1s5r10p,rw_1000000,concurrent_2,0,0,0,0,0,0,1200,159.3555,232.14710000000574,278.76601,155.75198358333333,1200,159.3555,232.14710000000574,278.76601,155.75198358333333,120.0,0,0,0
rule_fpga_raft,60c1s5r10p,rw_1000000,concurrent_5,0,0,0,0,0,0,3000,160.69549999999998,236.89349999999578,281.28700999999995,157.6632352,3000,160.69549999999998,236.89349999999578,281.28700999999995,157.6632352,300.0,0,0,0
rule_fpga_raft,60c1s5r10p,rw_1000000,concurrent_10,0,0,0,0,0,0,6000,161.1685,234.93350000001521,282.23400999999996,157.6004149,6000,161.1685,234.93350000001521,282.23400999999996,157.6004149,600.0,0,0,0
rule_fpga_raft,60c1s5r10p,rw_1000000,concurrent_20,0,0,0,0,0,0,12000,159.663,234.98830000001664,281.35001,156.10863566666666,12000,159.663,234.98830000001664,281.35001,156.10863566666666,1200.0,0,0,0
rule_fpga_raft,60c1s5r10p,rw_1000000,concurrent_30,0,0,0,0,0,0,17990,132.2615,273.8727,282.45522,157.4630854419122,17990,132.2615,273.8727,282.45522,157.4630854419122,1799.0,0,0,0
rule_fpga_raft,60c1s5r10p,rw_1000000,concurrent_40,0,0,0,0,0,0,24000,160.3665,235.6574000000885,279.88800999999995,155.82249672499998,24000,160.3665,235.6574000000885,279.88800999999995,155.82249672499998,2400.0,0,0,0
rule_fpga_raft,60c1s5r10p,rw_1000000,concurrent_50,0,0,0,0,0,0,30000,163.39,241.20380000007606,282.39202,157.2943602833333,30000,163.39,241.20380000007606,282.39202,157.2943602833333,3000.0,0,0,0
rule_fpga_raft,60c1s5r10p,rw_1000000,concurrent_60,0,0,0,0,0,0,36000,162.6185,239.1065000000792,281.39,156.59304341111113,36000,162.6185,239.1065000000792,281.39,156.59304341111113,3600.0,0,0,0
rule_fpga_raft,60c1s5r10p,rw_1000000,concurrent_70,0,0,0,0,0,0,42000,163.3175,246.16259999995842,280.07300999999995,156.19403324285713,42000,163.3175,246.16259999995842,280.07300999999995,156.19403324285713,4200.0,0,0,0
rule_fpga_raft,60c1s5r10p,rw_1000000,concurrent_80,0,0,0,0,0,0,48000,164.2015,250.55649999996052,282.78902999999997,158.00790030000002,48000,164.2015,250.55649999996052,282.78902999999997,158.00790030000002,4800.0,0,0,0
rule_fpga_raft,60c1s5r10p,rw_1000000,concurrent_90,0,0,0,0,0,0,54000,163.4715,249.22749999996304,279.36201,156.49336021851852,54000,163.4715,249.22749999996304,279.36201,156.49336021851852,5400.0,0,0,0
rule_fpga_raft,60c1s5r10p,rw_1000000,concurrent_100,0,0,0,0,0,0,60000,169.577,251.21829999996143,280.62402000000003,157.69385889666668,60000,169.577,251.21829999996143,280.62402000000003,157.69385889666668,6000.0,0,0,0
rule_fpga_raft,60c1s5r10p,rw_1000000,concurrent_1,25,143,79.0559,220.023,229.05474,118.59026783216785,457,188.443,229.7072,280.15263999999996,156.45278512035011,600,137.24900000000002,226.68869999999998,280.14504999999997,147.42888516666665,60.0,143,112,78.32167832167832
rule_fpga_raft,60c1s5r10p,rw_1000000,concurrent_2,25,299,79.311,193.929,228.85714,121.66490668896323,901,189.667,271.483,281.156,157.60812963374028,1200,138.1105,229.0978,281.13911,148.65227658333333,120.0,299,244,81.60535117056857
rule_fpga_raft,60c1s5r10p,rw_1000000,concurrent_5,25,762,144.519,196.42929999999998,227.06373000000002,124.44861574803149,2238,129.803,271.0922,278.31,155.59371237712244,3000,137.20850000000002,227.27749999999997,278.29304,147.68285783333334,300.0,762,604,79.26509186351706
rule_fpga_raft,60c1s5r10p,rw_1000000,concurrent_10,25,1583,144.17,214.65379999999888,228.635,123.45715148452307,4417,130.68,234.93100000000155,280.23704,156.11244231378762,6000,137.5205,227.1595000000001,280.19901,147.49688808333332,600.0,1583,1266,79.97473152242577
rule_fpga_raft,60c1s5r10p,rw_1000000,concurrent_20,25,3122,78.459,195.5427,229.276,122.53412270980142,8878,188.68849999999998,276.2473,280.69223,156.29380833521066,12000,137.18099999999998,229.1762,280.65804,147.51066345833334,1200.0,3122,2493,79.85265855221012
rule_fpga_raft,60c1s5r10p,rw_1000000,concurrent_30,25,4572,144.1605,191.9607,228.95729,123.26667714348206,13428,129.5935,271.44960000000003,279.41,155.1927552800119,18000,137.13400000000001,227.68640000000002,279.352,147.08353143333332,1800.0,4572,3655,79.94313210848644
rule_fpga_raft,60c1s5r10p,rw_1000000,concurrent_40,25,5941,145.027,194.032,229.2772,123.37243443864668,18059,130.601,276.2488,280.75342,156.82227755135943,24000,138.815,227.6711,280.66801,148.5420476375,2400.0,5941,4743,79.8350446052853
rule_fpga_raft,60c1s5r10p,rw_1000000,concurrent_50,25,7519,79.2739,221.0842,229.48082,123.48204751961698,22481,189.039,230.098,281.1794,156.74957356434322,30000,140.567,228.696,281.09403,148.41162262,3000.0,7519,5974,79.45205479452055
rule_fpga_raft,60c1s5r10p,rw_1000000,concurrent_60,25,8984,143.839,220.128,228.937,124.2855013691006,27016,131.08800000000002,228.481,279.816,155.50476713058924,36000,140.10000000000002,227.10810000000004,279.741,147.71382591944447,3600.0,8984,7153,79.6193232413179
rule_fpga_raft,60c1s5r10p,rw_1000000,concurrent_70,25,10463,143.69,224.1046,232.252,123.75624039950301,31537,134.966,230.84820000000002,283.89492,157.02126670577417,42000,140.74450000000002,228.8581,283.78102,148.73431503333333,4200.0,10463,8321,79.5278600783714
rule_fpga_raft,60c1s5r10p,rw_1000000,concurrent_80,25,12143,80.0972,196.443,230.054,123.43154667709791,35857,190.047,273.63980000000004,282.93288,158.38770224224,48000,141.55349999999999,229.7771,282.82000999999997,149.5445231375,4800.0,12143,9718,80.0296467100387
rule_fpga_raft,60c1s5r10p,rw_1000000,concurrent_90,25,13685,144.357,196.8674,227.617,123.69439766898064,40315,131.771,274.6746,279.709,157.17379526727024,54000,144.252,228.043,279.54603,148.6892479314815,5400.0,13685,10937,79.91962002192182
rule_fpga_raft,60c1s5r10p,rw_1000000,concurrent_100,25,15063,80.0278,221.7654,230.95238,123.34404823076413,44937,188.761,235.0762000000006,282.59428,157.0356999532679,60000,144.0895,227.5541,282.38806999999997,148.5774107883333,6000.0,15063,12118,80.44878178317732
rule_fpga_raft,60c1s5r10p,rw_1000000,concurrent_1,50,299,78.0291,193.304,227.75504,120.73295752508359,301,188.86,272.005,279.038,157.9412415282392,600,137.147,227.09539999999998,279.01909,139.39911333333333,60.0,299,241,80.60200668896321
rule_fpga_raft,60c1s5r10p,rw_1000000,concurrent_2,50,619,144.677,221.08520000000001,229.27328,123.91351502423264,581,132.046,230.531,279.7806,156.14800826161792,1200,138.4325,226.7953,279.70905,139.52038216666668,120.0,619,508,82.06785137318255
rule_fpga_raft,60c1s5r10p,rw_1000000,concurrent_5,50,1506,79.90905000000001,196.04,230.07695,122.99620059760956,1494,189.09300000000002,271.6134,281.9,156.91971271753684,3000,138.22,227.04,280.27036999999996,139.89010963333334,300.0,1506,1213,80.54448871181938
rule_fpga_raft,60c1s5r10p,rw_1000000,concurrent_10,50,2975,78.4519,195.00959999999998,228.28726,121.47891542857143,3025,189.781,267.1026,280.75304,158.7230220495868,6000,137.935,226.531,279.60902,140.25615251666667,600.0,2975,2374,79.7983193277311
rule_fpga_raft,60c1s5r10p,rw_1000000,concurrent_20,50,5934,79.80250000000001,195.7927,229.335,122.75308394000675,6066,189.854,274.73350000000005,281.85575,158.04247052423344,12000,138.5375,227.495,280.18503,140.59186885833336,1200.0,5934,4762,80.24941017863162
rule_fpga_raft,60c1s5r10p,rw_1000000,concurrent_30,50,8882,144.227,221.584,228.873,123.93403489079039,9118,130.0775,229.5596,280.23966,155.64054827813118,18000,137.30349999999999,227.0495,279.86602999999997,139.99514539444445,1800.0,8882,7120,80.16212564737671
rule_fpga_raft,60c1s5r10p,rw_1000000,concurrent_40,50,12086,144.314,223.607,231.023,124.97070092669205,11914,130.586,228.847,281.77787,154.6233060433104,24000,137.699,226.21710000000002,280.275,139.69074831666669,2400.0,12086,9679,80.08439516796294
rule_fpga_raft,60c1s5r10p,rw_1000000,concurrent_50,50,14916,79.46340000000001,195.91649999999998,231.4277,123.15427318315903,15084,189.769,275.7984,283.76017,158.1524805157783,30000,144.9915,227.3691,281.039,140.75137183,3000.0,14916,11932,79.99463663180477
rule_fpga_raft,60c1s5r10p,rw_1000000,concurrent_60,50,17816,144.093,221.59050000000002,230.6507,123.50311546924114,18184,131.13,229.6877,282.05617,156.42291256599208,36000,140.614,227.15750000000008,280.15202,140.13127075833333,3600.0,17816,14219,79.81028289178266
rule_fpga_raft,60c1s5r10p,rw_1000000,concurrent_70,50,21101,144.314,196.126,230.85,123.5571159850244,20899,131.529,272.5792,282.67102,156.50222413034118,42000,141.18200000000002,226.5761,281.07603,139.95044491666667,4200.0,21101,16960,80.3753376617222
rule_fpga_raft,60c1s5r10p,rw_1000000,concurrent_80,50,23991,80.1899,221.146,230.951,123.29758471926972,24009,190.124,230.3384,283.75568,158.0518339872548,48000,142.0865,227.8921,281.55503,140.68122577500003,4800.0,23991,19235,80.17589929556917
rule_fpga_raft,60c1s5r10p,rw_1000000,concurrent_90,50,26939,144.193,218.624,230.218,123.33319357437173,27061,138.708,236.227,282.75,157.4389927238461,54000,144.173,225.85829999999999,282.39700999999997,140.42462007037037,5400.0,26939,21607,80.20713463751439
rule_fpga_raft,60c1s5r10p,rw_1000000,concurrent_100,50,29938,87.27355,202.44609999999813,226.533,123.08585768254393,30062,188.09750000000003,272.14730000000014,277.694,156.48357313551992,60000,144.262,225.5713,277.291,139.81922638166668,6000.0,29938,23903,79.84167279043356
rule_fpga_raft,60c1s5r10p,rw_1000000,concurrent_1,75,442,144.315,193.1746,228.17595,124.3687773755656,158,130.8675,239.48060000000044,278.15981999999997,151.03005886075948,600,137.685,221.4523,275.65103,131.3895815,60.0,442,360,81.44796380090497
rule_fpga_raft,60c1s5r10p,rw_1000000,concurrent_2,75,925,143.761,193.92860000000002,228.55832,123.11518216216216,275,130.728,270.342,279.88656,155.92815345454545,1200,137.29199999999997,219.8408,274.67317,130.63482141666668,120.0,925,737,79.67567567567568
rule_fpga_raft,60c1s5r10p,rw_1000000,concurrent_5,75,2236,144.517,219.511,230.52995,123.66438975849728,764,131.304,230.4545,283.03195999999997,154.8403582460733,3000,137.96300000000002,224.5121,280.75618,131.60386973333337,300.0,2236,1776,79.42754919499106
rule_fpga_raft,60c1s5r10p,rw_1000000,concurrent_10,75,4520,79.76255,219.2226,228.72681,122.61157811946902,1480,188.66649999999998,229.28320000000002,280.04942,156.72002452702702,6000,138.0845,223.8804,278.84208,131.0249949,600.0,4520,3634,80.39823008849558
rule_fpga_raft,60c1s5r10p,rw_1000000,concurrent_20,75,8992,79.49795,217.16820000001218,228.854,122.66924774243772,3008,187.868,230.4196,279.4343,156.13274295212764,12000,137.454,223.92440000000002,277.752,131.05743054166666,1200.0,8992,7159,79.61521352313167
rule_fpga_raft,60c1s5r10p,rw_1000000,concurrent_30,75,13541,144.407,221.066,227.108,123.32926486227015,4459,130.788,228.69039999999998,278.63542,156.76106348957165,18000,137.664,225.228,278.29400999999996,131.61106431111108,1800.0,13541,10815,79.86854737463999
rule_fpga_raft,60c1s5r10p,rw_1000000,concurrent_40,75,17995,143.778,215.69,229.01206,123.41084036121146,6005,129.72,228.3432,279.68868000000003,155.018065928393,24000,137.015,221.2484,277.76707999999996,131.3192315916667,2400.0,17995,14361,79.80550152820229
rule_fpga_raft,60c1s5r10p,rw_1000000,concurrent_50,75,22341,79.02,196.584,228.3066,123.13367486236068,7659,187.887,272.2042,278.90641999999997,156.05456077816947,30000,138.1995,223.279,276.49708,131.53837703666667,3000.0,22341,17890,80.07698849648628
rule_fpga_raft,60c1s5r10p,rw_1000000,concurrent_60,75,26994,144.5335,221.0267,226.906,122.88087099725864,9006,131.014,229.3065,277.67895,155.49559993337778,36000,138.3405,221.597,272.54402,131.03998901944445,3600.0,26994,21557,79.85848707120101
rule_fpga_raft,60c1s5r10p,rw_1000000,concurrent_70,75,31517,145.172,221.01940000000002,229.548,123.34636579623695,10483,130.36,226.3858,280.30518,155.25957739196795,42000,141.109,222.676,276.96109,131.31175144285714,4200.0,31517,25269,80.1757781514738
rule_fpga_raft,60c1s5r10p,rw_1000000,concurrent_80,75,35883,144.174,199.53719999999927,230.19336,123.5316388512666,12117,131.932,270.9504,282.29552,157.35599860526534,48000,140.3275,224.8871,279.953,132.07017566666667,4800.0,35883,28685,79.9403617311819
rule_fpga_raft,60c1s5r10p,rw_1000000,concurrent_90,75,40485,78.9548,195.2442,227.997,122.92843268618007,13515,189.425,271.7826,279.9603,158.63268071772103,54000,144.9755,224.863,277.68302,131.86441254074074,5400.0,40485,32377,79.97282944300358
rule_fpga_raft,60c1s5r10p,rw_1000000,concurrent_100,75,44929,144.554,223.0388000000001,229.70072,123.89948943221528,15071,132.189,247.814,282.03360000000004,157.26204541835313,60000,144.4115,225.83610000000002,281.01508,132.27960745333334,6000.0,44929,36016,80.16203343052372
rule_fpga_raft,60c1s5r10p,rw_1000000,concurrent_1,100,600,111.59105,196.59110000000047,227.19806,122.2539195,0,0,0,0,0,600,111.59105,196.59110000000047,227.19806,122.2539195,60.0,600,480,80.0
rule_fpga_raft,60c1s5r10p,rw_1000000,concurrent_2,100,1200,110.2415,199.22830000000306,228.534,123.14231633333334,0,0,0,0,0,1200,110.2415,199.22830000000306,228.534,123.14231633333334,120.0,1200,960,80.0
rule_fpga_raft,60c1s5r10p,rw_1000000,concurrent_5,100,3000,112.047,198.92769999999805,227.35701,122.78178463333333,0,0,0,0,0,3000,112.047,198.92769999999805,227.35701,122.78178463333333,300.0,3000,2400,80.0
rule_fpga_raft,60c1s5r10p,rw_1000000,concurrent_10,100,6000,129.5965,200.5190000000062,230.794,123.32250896666666,0,0,0,0,0,6000,129.5965,200.5190000000062,230.794,123.32250896666666,600.0,6000,4799,79.98333333333333
rule_fpga_raft,60c1s5r10p,rw_1000000,concurrent_20,100,12000,111.8025,197.5577000000097,229.236,123.100386125,0,0,0,0,0,12000,111.8025,197.5577000000097,229.236,123.100386125,1200.0,12000,9600,80.0
rule_fpga_raft,60c1s5r10p,rw_1000000,concurrent_30,100,18000,137.279,197.50790000001118,229.16401,123.49878547777779,0,0,0,0,0,18000,137.279,197.50790000001118,229.16401,123.49878547777779,1800.0,18000,14398,79.9888888888889
rule_fpga_raft,60c1s5r10p,rw_1000000,concurrent_40,100,24000,128.065,199.0476000000534,229.67201,123.06204937083332,0,0,0,0,0,24000,128.065,199.0476000000534,229.67201,123.06204937083332,2400.0,24000,19195,79.97916666666667
rule_fpga_raft,60c1s5r10p,rw_1000000,concurrent_50,100,30000,137.0445,222.8564,227.82,123.31291197,0,0,0,0,0,30000,137.0445,222.8564,227.82,123.31291197,3000.0,30000,23991,79.97
rule_fpga_raft,60c1s5r10p,rw_1000000,concurrent_60,100,36000,136.745,219.941,227.32301,123.35351002222222,0,0,0,0,0,36000,136.745,219.941,227.32301,123.35351002222222,3600.0,36000,28785,79.95833333333333
rule_fpga_raft,60c1s5r10p,rw_1000000,concurrent_70,100,42000,136.565,218.59459999999999,228.645,122.91628983333334,0,0,0,0,0,42000,136.565,218.59459999999999,228.645,122.91628983333334,4200.0,42000,33589,79.97380952380952
rule_fpga_raft,60c1s5r10p,rw_1000000,concurrent_80,100,48000,137.47050000000002,223.4952,229.707,123.78530112083332,0,0,0,0,0,48000,137.47050000000002,223.4952,229.707,123.78530112083332,4800.0,48000,38403,80.00625
rule_fpga_raft,60c1s5r10p,rw_1000000,concurrent_90,100,54000,138.56150000000002,221.9422,229.696,123.9068037462963,0,0,0,0,0,54000,138.56150000000002,221.9422,229.696,123.9068037462963,5400.0,54000,43205,80.00925925925925
rule_fpga_raft,60c1s5r10p,rw_1000000,concurrent_100,100,60000,138.5775,221.20159999999998,227.41201,123.53433681000001,0,0,0,0,0,60000,138.5775,221.20159999999998,227.41201,123.53433681000001,6000.0,60000,48025,80.04166666666667
rule_fpga_raft,60c1s5r10p,rw_zipf_1,concurrent_1,0,0,0,0,0,0,600,161.082,233.52020000000095,283.28311,157.43026783333332,600,161.082,233.52020000000095,283.28311,157.43026783333332,60.0,0,0,0
rule_fpga_raft,60c1s5r10p,rw_zipf_1,concurrent_2,0,0,0,0,0,0,1200,160.3005,234.8449000000059,279.74903,156.678886,1200,160.3005,234.8449000000059,279.74903,156.678886,120.0,0,0,0
rule_fpga_raft,60c1s5r10p,rw_zipf_1,concurrent_5,0,0,0,0,0,0,3000,159.77100000000002,230.4352999999959,279.39603,156.10726083333336,3000,159.77100000000002,230.4352999999959,279.39603,156.10726083333336,300.0,0,0,0
rule_fpga_raft,60c1s5r10p,rw_zipf_1,concurrent_10,0,0,0,0,0,0,6000,160.55200000000002,233.6408000000169,283.254,157.68938965,6000,160.55200000000002,233.6408000000169,283.254,157.68938965,600.0,0,0,0
rule_fpga_raft,60c1s5r10p,rw_zipf_1,concurrent_20,0,0,0,0,0,0,12000,160.93099999999998,234.16990000001536,281.62202,157.4990857,12000,160.93099999999998,234.16990000001536,281.62202,157.4990857,1200.0,0,0,0
rule_fpga_raft,60c1s5r10p,rw_zipf_1,concurrent_30,0,0,0,0,0,0,18000,159.602,232.36920000001348,280.96401,155.90797912777776,18000,159.602,232.36920000001348,280.96401,155.90797912777776,1800.0,0,0,0
rule_fpga_raft,60c1s5r10p,rw_zipf_1,concurrent_40,0,0,0,0,0,0,24000,158.8155,233.75610000009263,279.43701,155.67836954166665,24000,158.8155,233.75610000009263,279.43701,155.67836954166665,2400.0,0,0,0
rule_fpga_raft,60c1s5r10p,rw_zipf_1,concurrent_50,0,0,0,0,0,0,30000,160.2955,235.63440000008842,278.813,156.87052230999998,30000,160.2955,235.63440000008842,278.813,156.87052230999998,3000.0,0,0,0
rule_fpga_raft,60c1s5r10p,rw_zipf_1,concurrent_60,0,0,0,0,0,0,36000,161.95350000000002,236.94620000008524,279.985,156.9962413,36000,161.95350000000002,236.94620000008524,279.985,156.9962413,3600.0,0,0,0
rule_fpga_raft,60c1s5r10p,rw_zipf_1,concurrent_70,0,0,0,0,0,0,42000,161.2095,235.98049999994052,283.31201,157.10319186428572,42000,161.2095,235.98049999994052,283.31201,157.10319186428572,4200.0,0,0,0
rule_fpga_raft,60c1s5r10p,rw_zipf_1,concurrent_80,0,0,0,0,0,0,48000,160.45999999999998,236.7207999999462,278.473,156.27372172916665,48000,160.45999999999998,236.7207999999462,278.473,156.27372172916665,4800.0,0,0,0
rule_fpga_raft,60c1s5r10p,rw_zipf_1,concurrent_90,0,0,0,0,0,0,54000,161.345,237.69459999994484,276.34200999999996,156.64267963888886,54000,161.345,237.69459999994484,276.34200999999996,156.64267963888886,5400.0,0,0,0
rule_fpga_raft,60c1s5r10p,rw_zipf_1,concurrent_100,0,0,0,0,0,0,60000,160.9275,241.13209999994066,284.92402,157.6926763383333,60000,160.9275,241.13209999994066,284.92402,157.6926763383333,6000.0,0,0,0
rule_fpga_raft,60c1s5r10p,rw_zipf_1,concurrent_1,25,163,145.04,215.1672,229.6217,128.43819202453986,437,130.623,228.3716,280.92816,153.54819977116708,600,137.5865,227.9804,280.91402,146.72664766666665,60.0,163,132,80.98159509202453
rule_fpga_raft,60c1s5r10p,rw_zipf_1,concurrent_2,25,305,130.659,221.3316,229.24064,126.56675114754098,895,189.47,230.8596,281.42524000000003,156.1262305027933,1200,137.34,227.7613,281.41606,148.61319616666668,120.0,305,242,79.34426229508196
rule_fpga_raft,60c1s5r10p,rw_zipf_1,concurrent_5,25,774,144.21699999999998,224.5325,278.40456,128.8631542635659,2226,131.4325,249.7135,279.883,156.90368499550763,3000,137.824,228.1571,279.86411,149.66922806666668,300.0,774,522,67.44186046511628
rule_fpga_raft,60c1s5r10p,rw_zipf_1,concurrent_10,25,1462,129.128,218.706,274.05148,128.42316600547196,4538,187.79149999999998,227.6602,278.54952000000003,155.35263708682237,6000,137.223,227.3971,278.53002999999995,148.79082263333333,600.0,1462,958,65.52667578659371
rule_fpga_raft,60c1s5r10p,rw_zipf_1,concurrent_20,25,3018,145.07,225.5591,276.95364,130.80185324718354,8982,130.5165,229.2765,279.33619,155.75124359830772,12000,137.97250000000003,227.9422,279.30903,149.476471925,1200.0,3018,1962,65.00994035785288
rule_fpga_raft,60c1s5r10p,rw_zipf_1,concurrent_30,25,4430,144.42000000000002,224.5251,277.32313,131.83391218961626,13570,131.28,228.9104,279.23093,156.3941836993368,18000,137.9205,227.7612,279.19800999999995,150.3496279888889,1800.0,4430,2719,61.37697516930022
rule_fpga_raft,60c1s5r10p,rw_zipf_1,concurrent_40,25,5968,143.78699999999998,223.9219,277.87158999999997,131.73608957774798,18032,131.744,229.20069999999998,281.19937999999996,157.30225054902394,24000,137.916,228.3371,281.14801,150.94479852083333,2400.0,5968,3566,59.75201072386059
rule_fpga_raft,60c1s5r10p,rw_zipf_1,concurrent_50,25,7452,130.711,223.8263,278.96786000000003,132.03477722758993,22548,188.762,228.4252,280.021,156.60978069008337,30000,136.18099999999998,227.802,279.971,150.50534983,3000.0,7452,4431,59.46054750402576
rule_fpga_raft,60c1s5r10p,rw_zipf_1,concurrent_60,25,9032,130.878,223.05089999999998,280.72183,131.80663716784767,26968,189.0215,266.7326,281.87133,156.81090423835656,36000,138.673,228.74620000000002,281.81001,150.53761145555555,3600.0,9032,5306,58.7466784765279
rule_fpga_raft,60c1s5r10p,rw_zipf_1,concurrent_70,25,10504,131.5125,225.95069999999998,279.00985,132.8121889470678,31496,189.0885,232.1685,279.74805,156.95175999492,42000,139.006,230.845,279.704,150.91456822619045,4200.0,10504,6043,57.53046458492003
rule_fpga_raft,60c1s5r10p,rw_zipf_1,concurrent_80,25,12102,144.4035,227.0596,279.04594,134.09982329367045,35898,130.7405,231.23659999999998,279.34103,156.25218387653908,48000,138.922,229.2672,279.297,150.66701996458335,4800.0,12102,6955,57.46983969591803
rule_fpga_raft,60c1s5r10p,rw_zipf_1,concurrent_90,25,13648,143.694,225.44920000000002,278.63012,134.0591787221571,40352,131.8725,229.3984,282.02098,156.61772926744646,54000,138.8475,228.1411,281.93701,150.91626449259257,5400.0,13648,7642,55.993552168815945
rule_fpga_raft,60c1s5r10p,rw_zipf_1,concurrent_100,25,15073,144.66,225.6072,280.54208,134.76174943276058,44927,132.257,273.197,283.323,157.68098154339262,60000,139.7275,230.996,283.21101,151.92328845,6000.0,15073,8354,55.42360512174086
rule_fpga_raft,60c1s5r10p,rw_zipf_1,concurrent_1,50,320,129.881,196.0199,259.2382300000001,122.93103687499999,280,188.7655,270.9018,278.85125,157.37968035714286,600,137.1285,225.52630000000002,278.83009,139.0070705,60.0,320,240,75.0
rule_fpga_raft,60c1s5r10p,rw_zipf_1,concurrent_2,50,604,144.20749999999998,224.8682000000001,229.20813,129.5679099337748,596,129.378,252.04899999999998,280.14445,155.41994060402683,1200,136.758,227.5447,280.06313,142.40775183333332,120.0,604,417,69.03973509933775
rule_fpga_raft,60c1s5r10p,rw_zipf_1,concurrent_5,50,1538,144.5115,221.56730000000002,272.2519,130.16726092327698,1462,129.0345,225.6731,280.76039000000003,152.45098433652532,3000,136.7475,225.3021,279.00503,141.02686213333334,300.0,1538,1052,68.40052015604681
rule_fpga_raft,60c1s5r10p,rw_zipf_1,concurrent_10,50,3042,131.725,225.71,279.22326000000004,129.86198231426692,2958,189.675,244.5763000000075,283.17186,157.8504221433401,6000,138.189,228.9091,283.12304,143.66028315,600.0,3042,1980,65.08875739644971
rule_fpga_raft,60c1s5r10p,rw_zipf_1,concurrent_20,50,6021,131.342,220.177,279.3608000000004,129.69147912306926,5979,189.098,271.325,281.13144,157.20410302726208,12000,138.203,228.4263,281.05502,143.39964398333333,1200.0,6021,3842,63.80999833914632
rule_fpga_raft,60c1s5r10p,rw_zipf_1,concurrent_30,50,8964,144.097,224.25549999999998,280.06677,131.6561151941098,9036,130.558,230.008,283.1633,155.79440615316514,18000,137.469,228.0602,282.22407,143.77353725555554,1800.0,8964,5467,60.98839803659081
rule_fpga_raft,60c1s5r10p,rw_zipf_1,concurrent_40,50,12073,131.28,221.74179999999998,278.73996,140.71614196140146,11875,189.588,272.8076,281.10125999999997,166.3300702736842,23948,131.497,227.3726,281.04706,153.41721924169033,2394.8,12073,7093,58.75093183135923
rule_fpga_raft,60c1s5r10p,rw_zipf_1,concurrent_50,50,14991,132.119,224.543,279.08680000000004,132.56797290374226,15009,188.617,229.524,281.65436,156.77077358251714,30000,138.3375,227.23510000000002,281.476,144.6766340833333,3000.0,14991,8735,58.268294309919284
rule_fpga_raft,60c1s5r10p,rw_zipf_1,concurrent_60,50,18033,130.715,222.9502,276.30856,132.10228445627462,17967,189.058,274.192,282.21038,157.46267086881505,36000,138.3625,227.552,281.99904000000004,144.75923064166665,3600.0,18033,10349,57.389230854544444
rule_fpga_raft,60c1s5r10p,rw_zipf_1,concurrent_70,50,20968,130.889,225.7292,278.06599,132.65895769267456,21032,188.0795,228.4837000000001,279.42868999999996,156.08018904526435,42000,138.2025,227.1693,279.26500999999996,144.38741811666668,4200.0,20968,11869,56.60530331934376
rule_fpga_raft,60c1s5r10p,rw_zipf_1,concurrent_80,50,23992,144.2175,224.0789,278.56254,134.21269291430477,24008,131.3145,243.97439999997115,279.41893,156.60637848633786,48000,139.2025,227.1451,279.23705,145.41326798125,4800.0,23992,13291,55.39763254418139
rule_fpga_raft,60c1s5r10p,rw_zipf_1,concurrent_90,50,27227,144.794,225.70340000000002,279.88591999999994,134.63103132919528,26773,133.041,230.6298,283.06784,157.76365316923767,54000,139.632,228.20139999999998,282.774,146.1000995611111,5400.0,27227,15244,55.988540786719064
rule_fpga_raft,60c1s5r10p,rw_zipf_1,concurrent_100,50,30036,144.481,226.2575,280.03625,134.73518573045678,29964,133.7525,273.7257,282.45411,158.14566957015086,60000,139.92849999999999,227.5361,282.12002,146.42638136,6000.0,30036,16356,54.454654414702354
rule_fpga_raft,60c1s5r10p,rw_zipf_1,concurrent_1,75,446,114.6645,220.21699999999998,229.7635,124.79193542600896,154,188.9075,258.61540000000076,280.34852,159.81379610389612,600,137.77249999999998,225.72650000000002,279.53713999999997,133.7808796666667,60.0,446,329,73.76681614349776
rule_fpga_raft,60c1s5r10p,rw_zipf_1,concurrent_2,75,909,144.58,221.701,230.3282,127.44474719471948,291,129.9,273.021,281.6652,152.0796144329897,1200,137.49,224.5819,280.30413999999996,133.4187025,120.0,909,667,73.37733773377337
rule_fpga_raft,60c1s5r10p,rw_zipf_1,concurrent_5,75,2226,137.4205,221.125,274.753,127.96501819407007,774,159.34500000000003,272.2216,277.36635,156.69866627906978,3000,137.447,224.9333,277.33702999999997,135.37829940000003,300.0,2226,1516,68.10422282120395
rule_fpga_raft,60c1s5r10p,rw_zipf_1,concurrent_10,75,4459,130.671,226.0726,281.04714,129.3561181430814,1541,189.642,278.131,281.7766,159.05646612589226,6000,138.0235,227.9501,281.66400999999996,136.98415751666664,600.0,4459,2926,65.62009419152277
rule_fpga_raft,60c1s5r10p,rw_zipf_1,concurrent_20,75,8964,130.2115,225.586,279.54811,130.51372026996876,3036,188.738,228.911,282.00795,156.83590806982872,12000,137.368,226.8567,279.94300999999996,137.17323378333333,1200.0,8964,5656,63.09683177153057
rule_fpga_raft,60c1s5r10p,rw_zipf_1,concurrent_30,75,13508,144.57049999999998,223.8043,277.6073,131.57880303523837,4492,130.2705,272.487,281.371,155.77720102404274,18000,137.522,225.6321,279.49201,137.6176476888889,1800.0,13508,8212,60.79360379034646
rule_fpga_raft,60c1s5r10p,rw_zipf_1,concurrent_40,75,17946,145.118,226.096,433.16859999999934,138.5154246907389,6054,131.582,274.1869,463.61607000000043,161.6820176247109,24000,138.531,226.2431,434.9935999999999,144.35919775833332,2400.0,17946,10278,57.27181544633902
rule_fpga_raft,60c1s5r10p,rw_zipf_1,concurrent_50,75,22515,141.424,221.2036,275.305,133.09714032866978,7485,132.497,232.44140000000002,277.21816,157.0172841950568,30000,137.76100000000002,224.597,277.03602,139.06521622333332,3000.0,22515,12921,57.388407728181214
rule_fpga_raft,60c1s5r10p,rw_zipf_1,concurrent_60,75,26907,143.822,224.4678,279.93394,133.69828694391794,9093,132.726,230.7158,281.10124,157.20744072363357,36000,138.9765,227.4,280.298,139.63630736944444,3600.0,26907,15230,56.60237113018917
rule_fpga_raft,60c1s5r10p,rw_zipf_1,concurrent_70,75,31482,143.68,223.527,276.56839999999966,133.6194804586748,10518,131.548,267.2706,279.10083000000003,156.32607493820117,42000,139.732,226.425,278.34429000000006,139.3058604761905,4200.0,31482,17567,55.800139762403916
rule_fpga_raft,60c1s5r10p,rw_zipf_1,concurrent_80,75,36071,145.016,225.176,279.5939,134.1280003077264,11929,130.744,228.43540000000002,280.27372,154.88966739877608,48000,138.482,225.7405,279.99202,139.28770711458336,4800.0,36071,19813,54.9277813201741
rule_fpga_raft,60c1s5r10p,rw_zipf_1,concurrent_90,75,40631,131.605,224.785,281.3345,134.11425756196007,13369,189.08,229.8828,285.60896,157.6830839030593,54000,139.225,227.3404,281.92607,139.94928792037038,5400.0,40631,22234,54.72176417021486
rule_fpga_raft,60c1s5r10p,rw_zipf_1,concurrent_100,75,44780,144.20800000000003,225.225,278.95163,134.2233794439482,15220,131.3245,272.9549,281.07,157.2758594875164,60000,138.4155,226.6163,279.59700999999995,140.07102521500002,6000.0,44780,23960,53.50602947744529
rule_fpga_raft,60c1s5r10p,rw_zipf_1,concurrent_1,100,600,136.50150000000002,221.3142,226.43522000000002,124.45980266666666,0,0,0,0,0,600,136.50150000000002,221.3142,226.43522000000002,124.45980266666666,60.0,600,456,76.0
rule_fpga_raft,60c1s5r10p,rw_zipf_1,concurrent_2,100,1200,138.493,225.0811,277.53812,127.92997791666666,0,0,0,0,0,1200,138.493,225.0811,277.53812,127.92997791666666,120.0,1200,848,70.66666666666667
rule_fpga_raft,60c1s5r10p,rw_zipf_1,concurrent_5,100,3000,137.534,222.941,274.54834,128.57285323333335,0,0,0,0,0,3000,137.534,222.941,274.54834,128.57285323333335,300.0,3000,2055,68.5
rule_fpga_raft,60c1s5r10p,rw_zipf_1,concurrent_10,100,6000,137.1995,221.11849999999998,272.15606,129.0846515833333,0,0,0,0,0,6000,137.1995,221.11849999999998,272.15606,129.0846515833333,600.0,6000,3881,64.68333333333334
rule_fpga_raft,60c1s5r10p,rw_zipf_1,concurrent_20,100,12000,137.982,225.9951,279.10103,130.85556730833332,0,0,0,0,0,12000,137.982,225.9951,279.10103,130.85556730833332,1200.0,12000,7461,62.175
rule_fpga_raft,60c1s5r10p,rw_zipf_1,concurrent_30,100,18000,137.0695,224.7671,278.24004,131.1973103888889,0,0,0,0,0,18000,137.0695,224.7671,278.24004,131.1973103888889,1800.0,18000,10794,59.96666666666667
rule_fpga_raft,60c1s5r10p,rw_zipf_1,concurrent_40,100,24000,137.478,224.671,279.03101,132.1797256,0,0,0,0,0,24000,137.478,224.671,279.03101,132.1797256,2400.0,24000,13940,58.083333333333336
rule_fpga_raft,60c1s5r10p,rw_zipf_1,concurrent_50,100,30000,136.752,223.81650000000002,279.32101,133.34718113,0,0,0,0,0,30000,136.752,223.81650000000002,279.32101,133.34718113,3000.0,30000,17014,56.71333333333333
rule_fpga_raft,60c1s5r10p,rw_zipf_1,concurrent_60,100,36000,137.97199999999998,225.3941,281.05906000000004,133.76014736666667,0,0,0,0,0,36000,137.97199999999998,225.3941,281.05906000000004,133.76014736666667,3600.0,36000,20067,55.74166666666667
rule_fpga_raft,60c1s5r10p,rw_zipf_1,concurrent_70,100,42000,137.9965,221.509,280.31902,133.8939979047619,0,0,0,0,0,42000,137.9965,221.509,280.31902,133.8939979047619,4200.0,42000,23005,54.773809523809526
rule_fpga_raft,60c1s5r10p,rw_zipf_1,concurrent_80,100,48000,138.527,221.5212,277.63905,133.84840349166666,0,0,0,0,0,48000,138.527,221.5212,277.63905,133.84840349166666,4800.0,48000,25926,54.0125
rule_fpga_raft,60c1s5r10p,rw_zipf_1,concurrent_90,100,54000,140.286,223.82039999999998,280.94703,134.30646406666668,0,0,0,0,0,54000,140.286,223.82039999999998,280.94703,134.30646406666668,5400.0,54000,28865,53.4537037037037
rule_fpga_raft,60c1s5r10p,rw_zipf_1,concurrent_100,100,60000,138.263,224.8521,279.74502,134.66666591166666,0,0,0,0,0,60000,138.263,224.8521,279.74502,134.66666591166666,6000.0,60000,31624,52.70666666666666
rule_copilot,60c1s5r10p,rw_1000000,concurrent_1,0,0,0,0,0,0,600,189.15300000000002,309.8284,342.01822,190.35501333333335,600,189.15300000000002,309.8284,342.01822,190.35501333333335,60.0,0,0,0
rule_copilot,60c1s5r10p,rw_1000000,concurrent_2,0,0,0,0,0,0,1200,197.0125,325.772300000001,345.47621,227.76056833333337,1200,197.0125,325.772300000001,345.47621,227.76056833333337,120.0,0,0,0
rule_copilot,60c1s5r10p,rw_1000000,concurrent_5,0,0,0,0,0,0,3000,207.0685,326.8527999999998,348.23217,231.40194633333334,3000,207.0685,326.8527999999998,348.23217,231.40194633333334,300.0,0,0,0
rule_copilot,60c1s5r10p,rw_1000000,concurrent_10,0,0,0,0,0,0,6000,192.75099999999998,302.8101,319.20022,192.05852186666667,6000,192.75099999999998,302.8101,319.20022,192.05852186666667,600.0,0,0,0
rule_copilot,60c1s5r10p,rw_1000000,concurrent_20,0,0,0,0,0,0,12000,218.6055,333.2634000000004,356.64408000000003,238.96890625,12000,218.6055,333.2634000000004,356.64408000000003,238.96890625,1200.0,0,0,0
rule_copilot,60c1s5r10p,rw_1000000,concurrent_30,0,0,0,0,0,0,18000,207.531,324.9268000000034,342.82903,227.29607127777777,18000,207.531,324.9268000000034,342.82903,227.29607127777777,1800.0,0,0,0
rule_copilot,60c1s5r10p,rw_1000000,concurrent_40,0,0,0,0,0,0,24000,215.59949999999998,329.81650000002315,351.54404,231.12602570833332,24000,215.59949999999998,329.81650000002315,351.54404,231.12602570833332,2400.0,0,0,0
rule_copilot,60c1s5r10p,rw_1000000,concurrent_50,0,0,0,0,0,0,30000,193.5,303.481,346.66321,202.29316612999997,30000,193.5,303.481,346.66321,202.29316612999997,3000.0,0,0,0
rule_copilot,60c1s5r10p,rw_1000000,concurrent_60,0,0,0,0,0,0,36000,212.6805,331.0172000000131,343.49703,224.91203383333334,36000,212.6805,331.0172000000131,343.49703,224.91203383333334,3600.0,0,0,0
rule_copilot,60c1s5r10p,rw_1000000,concurrent_70,0,0,0,0,0,0,42000,222.92950000000002,335.0906999999999,352.57302999999996,227.8671092142857,42000,222.92950000000002,335.0906999999999,352.57302999999996,227.8671092142857,4200.0,0,0,0
rule_copilot,60c1s5r10p,rw_1000000,concurrent_80,0,0,0,0,0,0,48000,217.493,332.30229999999995,342.79501,224.37778560416663,48000,217.493,332.30229999999995,342.79501,224.37778560416663,4800.0,0,0,0
rule_copilot,60c1s5r10p,rw_1000000,concurrent_90,0,0,0,0,0,0,54000,217.24,332.05499999999995,351.24802999999997,225.0672097222222,54000,217.24,332.05499999999995,351.24802999999997,225.0672097222222,5400.0,0,0,0
rule_copilot,60c1s5r10p,rw_1000000,concurrent_100,0,0,0,0,0,0,60000,240.167,337.98609999999996,358.02803,228.28496145000003,60000,240.167,337.98609999999996,358.02803,228.28496145000003,6000.0,0,0,0
rule_copilot,60c1s5r10p,rw_1000000,concurrent_1,25,176,79.12010000000001,199.44650000000001,230.944,123.473,424,214.19549999999998,336.64480000000003,350.41096,222.57871226415094,600,175.5245,312.0331,350.14971,193.50770333333332,60.0,176,176,100.0
rule_copilot,60c1s5r10p,rw_1000000,concurrent_2,25,294,144.47899999999998,225.6967,230.88328,127.13853197278911,906,193.4085,319.89250000000004,337.13960000000003,218.4768918322296,1200,174.1455,312.9848,336.76034,196.09899366666667,120.0,294,294,100.0
rule_copilot,60c1s5r10p,rw_1000000,concurrent_5,25,751,144.518,224.579,228.897,126.57055539280958,2249,191.971,325.8548,339.00115999999997,224.11363628279236,3000,180.5025,322.66999999999996,338.83449,199.6953517,300.0,751,751,100.0
rule_copilot,60c1s5r10p,rw_1000000,concurrent_10,25,1461,144.852,215.694,227.67340000000002,128.20751115674196,4539,198.22,329.7984,339.80812,227.5838087684512,6000,190.03699999999998,327.4571,339.62916,203.38568029999996,600.0,1461,1461,100.0
rule_copilot,60c1s5r10p,rw_1000000,concurrent_20,25,2902,144.50150000000002,199.991,227.51199,126.14406247415575,9098,195.897,331.7916000000001,342.36845,230.11238008353484,12000,189.1235,323.9085,342.09804,204.969375275,1200.0,2902,2900,99.93108201240524
rule_copilot,60c1s5r10p,rw_1000000,concurrent_30,25,4481,79.3579,199.653,228.8714,124.06125262218255,13519,236.698,335.3038,352.00646,232.06515770397215,18000,179.02949999999998,321.6202,351.62201,205.17818555555556,1800.0,4481,4479,99.95536710555679
rule_copilot,60c1s5r10p,rw_1000000,concurrent_40,25,6036,144.483,219.95,226.51665,125.91893154406891,17964,196.7855,297.5049,323.89896,195.0954330327321,24000,173.732,276.3183,322.6464199999999,177.69754290833333,2400.0,6036,6032,99.93373094764745
rule_copilot,60c1s5r10p,rw_1000000,concurrent_50,25,7625,144.12,220.6842,229.07452,125.98414654426227,22375,195.694,304.73580000000004,346.55454,199.22339268826815,30000,175.5455,296.52320000000003,342.4512099999998,180.60841762666664,3000.0,7625,7624,99.98688524590163
rule_copilot,60c1s5r10p,rw_1000000,concurrent_60,25,8894,144.64249999999998,220.42479999999998,227.48214,125.5663307735552,27106,237.74849999999998,335.98699999999997,352.7618,229.73946252121306,36000,178.497,325.71320000000003,352.28900999999996,204.00291158333332,3600.0,8894,8890,99.95502586013042
rule_copilot,60c1s5r10p,rw_1000000,concurrent_70,25,10442,143.6155,209.84829999999988,227.62526,125.75643825895423,31558,196.5285,308.554,351.7992200000001,207.80213297103742,42000,174.735,303.4395,347.64013,187.40401049047617,4200.0,10442,10431,99.89465619613101
rule_copilot,60c1s5r10p,rw_1000000,concurrent_80,25,12314,144.563,207.47590000000102,230.87087,125.71654192788695,35686,241.98149999999998,337.914,355.94530000000003,229.47580398475594,48000,181.642,312.13309999999996,355.50305,202.85722996458333,4800.0,12314,12304,99.9187916192951
rule_copilot,60c1s5r10p,rw_1000000,concurrent_90,25,13655,132.306,222.8656,229.83046,125.40656185280116,40345,207.588,331.58259999999996,345.81624,225.1047200892304,54000,174.611,311.5024,345.39605,199.89400989074076,5400.0,13655,13621,99.75100695715855
rule_copilot,60c1s5r10p,rw_1000000,concurrent_100,25,14996,135.2615,201.50650000000002,229.22504999999998,125.10675654174446,45004,199.2065,337.0414000000001,353.68789000000004,227.02935083548132,60000,184.157,312.2215,350.90104,201.55549710166665,6000.0,14996,14982,99.90664177113896
rule_copilot,60c1s5r10p,rw_1000000,concurrent_1,50,333,79.7781,219.1316,228.86084,125.61852942942946,267,215.901,310.93760000000003,340.50074,216.48918352059928,600,166.914,285.2615,340.11041,166.05597050000003,60.0,333,333,100.0
rule_copilot,60c1s5r10p,rw_1000000,concurrent_2,50,595,144.391,216.2824,231.62454,126.72944840336135,605,191.945,312.7202,336.31204,215.95157190082645,1200,172.502,303.85740000000027,335.80304,171.712269,120.0,595,595,100.0
rule_copilot,60c1s5r10p,rw_1000000,concurrent_5,50,1506,143.5565,199.7485,230.45195,125.44678784860557,1494,192.1025,336.586,349.76065,232.61726171352075,3000,174.3765,309.0001,348.69623,178.81768383333335,300.0,1506,1506,100.0
rule_copilot,60c1s5r10p,rw_1000000,concurrent_10,50,3114,144.541,220.6897,229.19187,125.8750108542068,2886,191.7465,325.048,342.7462,227.0214383229383,6000,170.45600000000002,307.3781,339.17812000000004,174.52644246666668,600.0,3114,3113,99.96788696210662
rule_copilot,60c1s5r10p,rw_1000000,concurrent_20,50,5987,78.563,199.76919999999998,228.95242,124.68688423250376,6013,222.013,332.236,339.67164,228.93531016131715,12000,172.4255,308.9421,339.31802,176.92403299166665,1200.0,5987,5986,99.9832971438116
rule_copilot,60c1s5r10p,rw_1000000,concurrent_30,50,9005,142.396,225.0786,231.05695999999998,127.28955086063297,8995,198.926,308.3386,344.93456,201.52319908838246,18000,166.08100000000002,274.729,329.8088099999999,164.38575451666668,1800.0,9005,9000,99.94447529150472
rule_copilot,60c1s5r10p,rw_1000000,concurrent_40,50,12116,78.65514999999999,221.5075,228.055,125.25208381479037,11884,220.223,324.8059,337.40987,223.03333742847525,24000,169.387,306.2848,336.46608,173.67010122916665,2400.0,12116,12113,99.97523935292176
rule_copilot,60c1s5r10p,rw_1000000,concurrent_50,50,14959,79.021,198.7872,227.47942,124.531517267197,15041,228.417,332.714,341.982,226.8199295924473,30000,172.753,306.1123,341.06807,175.8155175933333,3000.0,14959,14954,99.96657530583595
rule_copilot,60c1s5r10p,rw_1000000,concurrent_60,50,18049,80.2332,199.68040000000002,228.714,124.85593779156741,17951,199.163,293.403,312.4485,194.53106361762573,36000,145.084,263.6642,312.14703,159.5986651166667,3600.0,18049,18043,99.96675716106155
rule_copilot,60c1s5r10p,rw_1000000,concurrent_70,50,21118,144.7975,218.314,230.86666,126.26512541433848,20882,237.6495,335.4588,352.9179,226.88277928359355,42000,176.08249999999998,301.2963,350.94,176.2912646547619,4200.0,21118,21103,99.92897054645326
rule_copilot,60c1s5r10p,rw_1000000,concurrent_80,50,24193,123.366,220.94559999999998,227.74416,125.6677807092961,23807,193.842,301.07280000000003,342.50752,201.31734922501784,48000,166.716,268.396,337.24890000000016,163.18839066041667,4800.0,24193,24177,99.93386516761046
rule_copilot,60c1s5r10p,rw_1000000,concurrent_90,50,26920,133.3175,217.8072,233.6146500000001,126.28741344353641,27080,229.79250000000002,336.418,373.16466999999903,226.5862277548006,54000,173.34750000000003,290.6391,348.46019,176.5854114351852,5400.0,26920,26891,99.89227340267459
rule_copilot,60c1s5r10p,rw_1000000,concurrent_100,50,29846,133.858,220.277,231.0512,125.45743969711184,30154,230.472,335.09590000000003,345.723,224.1788961464482,60000,170.522,287.827,344.47803,175.0715529933333,6000.0,29846,29807,99.86932922334651
rule_copilot,60c1s5r10p,rw_1000000,concurrent_1,75,451,78.916,218.641,227.197,124.4297982261641,149,201.728,332.33279999999996,342.23503999999997,223.9046979865772,600,155.407,240.5363,340.43615,149.13273166666667,60.0,451,451,100.0
rule_copilot,60c1s5r10p,rw_1000000,concurrent_2,75,902,144.183,199.8348,228.83697999999998,125.5118542128603,298,136.2335,275.9369000000001,309.80144,178.52339630872484,1200,141.398,222.356,306.40547,138.67638716666667,120.0,902,896,99.33481152993348
rule_copilot,60c1s5r10p,rw_1000000,concurrent_5,75,2297,78.9409,221.17940000000002,226.24704000000003,124.99480426643446,703,209.402,328.8204,346.24596,228.55969985775246,3000,167.946,229.37139999999997,340.80926,149.26351146666664,300.0,2297,2297,100.0
rule_copilot,60c1s5r10p,rw_1000000,concurrent_10,75,4535,79.561,215.853,230.74866,125.65541788313121,1465,231.612,319.46979999999996,351.72996,231.1357030716723,6000,171.2255,239.58,348.66049000000004,151.41018751666667,600.0,4535,4535,100.0
rule_copilot,60c1s5r10p,rw_1000000,concurrent_20,75,8940,144.5145,222.0772,230.93061,125.88675965324384,3060,185.525,318.3522,341.57097000000005,224.3661450980392,12000,163.5275,256.21970000000044,339.98906,150.99900294166667,1200.0,8940,8936,99.95525727069351
rule_copilot,60c1s5r10p,rw_1000000,concurrent_30,75,13560,143.783,224.9041,230.76441,126.15051856194691,4440,196.517,296.8867,309.92998,193.58640337837838,18000,143.80149999999998,233.9158,307.64902,142.78470348333332,1800.0,13560,13552,99.9410029498525
rule_copilot,60c1s5r10p,rw_1000000,concurrent_40,75,18055,80.01,215.6378,226.13392,124.71441292716699,5945,228.362,330.08820000000003,342.96812,229.31617577796467,24000,166.7405,266.2561000000001,340.88411,150.62514126666667,2400.0,18055,18044,99.93907504846302
rule_copilot,60c1s5r10p,rw_1000000,concurrent_50,75,22291,144.126,219.156,228.4031,125.36693637791036,7709,192.125,325.3324,340.77008,223.32436334154883,30000,163.828,253.94660000000056,338.78204999999997,150.53872986,3000.0,22291,22279,99.94616661432865
rule_copilot,60c1s5r10p,rw_1000000,concurrent_60,75,27009,79.019,200.74660000000006,230.783,125.16174588840757,8991,236.64,334.132,351.1003,228.10038994550104,36000,163.484,259.9203,348.31706,150.87067224166665,3600.0,27009,26990,99.92965307860342
rule_copilot,60c1s5r10p,rw_1000000,concurrent_70,75,31658,126.845,222.783,229.65,125.70597703582034,10342,198.374,328.0129,343.82118,223.99058431637977,42000,156.188,244.83949999999433,341.51308,149.90739152380954,4200.0,31658,31609,99.84522079727083
rule_copilot,60c1s5r10p,rw_1000000,concurrent_80,75,36090,133.966,222.252,231.016,125.97351934607924,11910,199.016,332.0165,356.52256,228.48238379513012,48000,169.14749999999998,246.74819999999997,346.53702,151.40853133749997,4800.0,36090,36056,99.9057910778609
rule_copilot,60c1s5r10p,rw_1000000,concurrent_90,75,40426,134.158,221.58749999999998,231.0435,125.33648451491612,13574,190.841,338.7823,354.01794,224.85749469574188,54000,167.01,255.9041,345.29110000000003,150.3531177037037,5400.0,40426,40356,99.82684411022609
rule_copilot,60c1s5r10p,rw_1000000,concurrent_100,75,45140,125.63999999999999,221.632,230.33561,124.85366849357555,14860,225.482,331.8954,343.49451,221.25063055181695,60000,154.0205,263.6832,340.25602999999995,148.72798276333333,6000.0,45140,45082,99.8715108551174
rule_copilot,60c1s5r10p,rw_1000000,concurrent_1,100,600,110.84995,200.3429000000005,230.66702,124.691243,0,0,0,0,0,600,110.84995,200.3429000000005,230.66702,124.691243,60.0,600,542,90.33333333333333
rule_copilot,60c1s5r10p,rw_1000000,concurrent_2,100,1200,111.9585,202.84210000000377,228.90101,125.65881075,0,0,0,0,0,1200,111.9585,202.84210000000377,228.90101,125.65881075,120.0,1200,1200,100.0
rule_copilot,60c1s5r10p,rw_1000000,concurrent_5,100,3000,112.49804999999999,201.69839999999817,228.685,125.32347453333333,0,0,0,0,0,3000,112.49804999999999,201.69839999999817,228.685,125.32347453333333,300.0,3000,3000,100.0
rule_copilot,60c1s5r10p,rw_1000000,concurrent_10,100,6000,144.50549999999998,202.20130000000816,228.263,125.17950648333334,0,0,0,0,0,6000,144.50549999999998,202.20130000000816,228.263,125.17950648333334,600.0,6000,5999,99.98333333333333
rule_copilot,60c1s5r10p,rw_1000000,concurrent_20,100,12000,144.361,225.87720000000002,230.778,125.47527550833333,0,0,0,0,0,12000,144.361,225.87720000000002,230.778,125.47527550833333,1200.0,12000,11998,99.98333333333333
rule_copilot,60c1s5r10p,rw_1000000,concurrent_30,100,18000,144.494,220.0512,227.002,125.10347532777779,0,0,0,0,0,18000,144.494,220.0512,227.002,125.10347532777779,1800.0,18000,17988,99.93333333333334
rule_copilot,60c1s5r10p,rw_1000000,concurrent_40,100,24000,143.13400000000001,218.483,228.29201,125.25157859583335,0,0,0,0,0,24000,143.13400000000001,218.483,228.29201,125.25157859583335,2400.0,24000,23993,99.97083333333333
rule_copilot,60c1s5r10p,rw_1000000,concurrent_50,100,30000,143.653,222.3381,230.07601,125.38020480666667,0,0,0,0,0,30000,143.653,222.3381,230.07601,125.38020480666667,3000.0,30000,29984,99.94666666666667
rule_copilot,60c1s5r10p,rw_1000000,concurrent_60,100,36000,144.5235,219.715,229.536,125.44563564444445,0,0,0,0,0,36000,144.5235,219.715,229.536,125.44563564444445,3600.0,36000,35977,99.93611111111112
rule_copilot,60c1s5r10p,rw_1000000,concurrent_70,100,42000,144.441,222.399,228.48501000000002,125.19308221190477,0,0,0,0,0,42000,144.441,222.399,228.48501000000002,125.19308221190477,4200.0,42000,41970,99.92857142857143
rule_copilot,60c1s5r10p,rw_1000000,concurrent_80,100,48000,133.084,221.62,229.09902,130.07063737083334,0,0,0,0,0,48000,133.084,221.62,229.09902,130.07063737083334,4800.0,48000,47950,99.89583333333333
rule_copilot,60c1s5r10p,rw_1000000,concurrent_90,100,54000,133.0645,219.382,229.383,124.80059634259258,0,0,0,0,0,54000,133.0645,219.382,229.383,124.80059634259258,5400.0,54000,53944,99.8962962962963
rule_copilot,60c1s5r10p,rw_1000000,concurrent_100,100,60000,135.0645,219.626,228.60501,125.11846501166667,0,0,0,0,0,60000,135.0645,219.626,228.60501,125.11846501166667,6000.0,60000,59917,99.86166666666666
rule_copilot,60c1s5r10p,rw_zipf_1,concurrent_1,0,0,0,0,0,0,600,181.62099999999998,304.77780000000007,342.14212,192.4695945,600,181.62099999999998,304.77780000000007,342.14212,192.4695945,60.0,0,0,0
rule_copilot,60c1s5r10p,rw_zipf_1,concurrent_2,0,0,0,0,0,0,1200,191.9425,320.525,340.51516,219.9073425,1200,191.9425,320.525,340.51516,219.9073425,120.0,0,0,0
rule_copilot,60c1s5r10p,rw_zipf_1,concurrent_5,0,0,0,0,0,0,3000,185.631,280.9948,321.64311,175.63380753333334,3000,185.631,280.9948,321.64311,175.63380753333334,300.0,0,0,0
rule_copilot,60c1s5r10p,rw_zipf_1,concurrent_10,0,0,0,0,0,0,6000,206.655,327.7595000000026,343.43701,230.45432433333335,6000,206.655,327.7595000000026,343.43701,230.45432433333335,600.0,0,0,0
rule_copilot,60c1s5r10p,rw_zipf_1,concurrent_20,0,0,0,0,0,0,12000,191.75900000000001,307.43129999999996,340.44467000000003,200.13123290000001,12000,191.75900000000001,307.43129999999996,340.44467000000003,200.13123290000001,1200.0,0,0,0
rule_copilot,60c1s5r10p,rw_zipf_1,concurrent_30,0,0,0,0,0,0,18000,218.2615,329.67460000000005,354.16008,234.92428366666664,18000,218.2615,329.67460000000005,354.16008,234.92428366666664,1800.0,0,0,0
rule_copilot,60c1s5r10p,rw_zipf_1,concurrent_40,0,0,0,0,0,0,24000,194.15050000000002,308.7595,335.1654199999999,203.22839047499997,24000,194.15050000000002,308.7595,335.1654199999999,203.22839047499997,2400.0,0,0,0
rule_copilot,60c1s5r10p,rw_zipf_1,concurrent_50,0,0,0,0,0,0,30000,192.57100000000003,304.7946,352.46702999999997,203.5497074,30000,192.57100000000003,304.7946,352.46702999999997,203.5497074,3000.0,0,0,0
rule_copilot,60c1s5r10p,rw_zipf_1,concurrent_60,0,0,0,0,0,0,36000,211.425,330.4571000000156,346.01919000000004,227.6169671388889,36000,211.425,330.4571000000156,346.01919000000004,227.6169671388889,3600.0,0,0,0
rule_copilot,60c1s5r10p,rw_zipf_1,concurrent_70,0,0,0,0,0,0,42000,164.3585,274.30899999998155,305.62405,183.7454476285714,42000,164.3585,274.30899999998155,305.62405,183.7454476285714,4200.0,0,0,0
rule_copilot,60c1s5r10p,rw_zipf_1,concurrent_80,0,0,0,0,0,0,48000,200.11,324.91,348.6803100000001,224.4956807083333,48000,200.11,324.91,348.6803100000001,224.4956807083333,4800.0,0,0,0
rule_copilot,60c1s5r10p,rw_zipf_1,concurrent_90,0,0,0,0,0,0,54000,222.66750000000002,336.4452,343.96900999999997,224.55671996296294,54000,222.66750000000002,336.4452,343.96900999999997,224.55671996296294,5400.0,0,0,0
rule_copilot,60c1s5r10p,rw_zipf_1,concurrent_100,0,0,0,0,0,0,60000,234.0515,336.221,355.54713000000004,227.6360245333333,60000,234.0515,336.221,355.54713000000004,227.6360245333333,6000.0,0,0,0
rule_copilot,60c1s5r10p,rw_zipf_1,concurrent_1,25,169,138.849,229.0036,284.6149599999999,136.9245727810651,431,187.554,315.604,349.81329999999997,223.10636426914152,600,177.209,310.3910000000001,349.67490999999995,198.83182633333334,60.0,169,153,90.53254437869822
rule_copilot,60c1s5r10p,rw_zipf_1,concurrent_2,25,317,134.124,219.4608,334.9563599999995,132.52495425867508,883,219.274,334.6736,348.0439,226.87208720271803,1200,181.397,315.6066,347.85175,201.94871958333334,120.0,317,286,90.22082018927445
rule_copilot,60c1s5r10p,rw_zipf_1,concurrent_5,25,766,139.277,226.9905,335.0948000000001,141.72979425587468,2234,192.864,326.1748,339.95139,227.11564100268575,3000,189.13799999999998,323.7803,339.70413,205.31378813333333,300.0,766,629,82.11488250652741
rule_copilot,60c1s5r10p,rw_zipf_1,concurrent_10,25,1496,153.5485,228.7585,339.80505,146.96064652406417,4504,197.629,330.294,340.50337,230.15886722912964,6000,193.084,328.417,340.44412,209.41477753333334,600.0,1496,1182,79.01069518716578
rule_copilot,60c1s5r10p,rw_zipf_1,concurrent_20,25,2979,161.973,258.2308000000003,336.84476,149.68101829472977,9021,188.47,321.882,339.4512,224.71777807338435,12000,186.219,320.5912,339.39306,206.08990245833334,1200.0,2979,2235,75.02517623363545
rule_copilot,60c1s5r10p,rw_zipf_1,concurrent_30,25,4501,136.064,232.33,306.114,142.59513017107307,13499,192.81,302.0206,318.78416000000004,194.01830320023706,18000,177.839,295.75320000000005,318.04706,181.1596531,1800.0,4501,3227,71.69517884914464
rule_copilot,60c1s5r10p,rw_zipf_1,concurrent_40,25,6011,136.975,236.344,308.83939999999996,146.03712626850776,17989,178.504,289.16080000000034,310.95856,192.00749963310912,24000,143.58749999999998,275.4766,310.0684199999999,180.4938365375,2400.0,6011,4179,69.52254200632174
rule_copilot,60c1s5r10p,rw_zipf_1,concurrent_50,25,7505,166.022,267.05019999999996,339.27736000000004,156.17363606928714,22495,191.663,325.05860000000007,340.72006000000005,224.17737919537677,30000,178.1395,323.429,340.63901,207.16510945666667,3000.0,7505,5117,68.18121252498335
rule_copilot,60c1s5r10p,rw_zipf_1,concurrent_60,25,8941,166.587,268.564,340.6502,158.05886841516607,27059,191.881,334.00500000000017,341.98642,223.4413703019328,36000,175.8905,324.1803,341.84602,207.2028994861111,3600.0,8941,5997,67.073034336204
rule_copilot,60c1s5r10p,rw_zipf_1,concurrent_70,25,10398,136.3025,246.53460000000018,309.90509,145.04395845354875,31602,190.01,287.7944,310.39799000000005,190.54687883678247,42000,143.1405,276.4701,310.343,179.28165583333333,4200.0,10398,6921,66.56087709174841
rule_copilot,60c1s5r10p,rw_zipf_1,concurrent_80,25,12064,168.5215,269.6557,343.23885,159.54513604111406,35936,229.0165,334.9295,343.8813,223.21033200690115,48000,176.936,321.31829999999997,343.79400999999996,207.2091460875,4800.0,12064,7744,64.19098143236074
rule_copilot,60c1s5r10p,rw_zipf_1,concurrent_90,25,13433,168.451,272.75660000000005,344.36168000000004,159.4664133849475,40567,230.929,335.468,345.62438,224.5947118840437,54000,178.2525,311.2222,345.39700999999997,208.39344459259263,5400.0,13433,8595,63.98421797066925
rule_copilot,60c1s5r10p,rw_zipf_1,concurrent_100,25,14979,172.765,280.23,347.98659999999995,163.52230358501905,45021,241.322,338.067,354.6804,226.8460506208214,60000,183.61149999999998,313.9302,354.13705,211.0372771733333,6000.0,14979,9256,61.79317711462714
rule_copilot,60c1s5r10p,rw_zipf_1,concurrent_1,50,279,135.182,222.38039999999998,285.66777999999886,129.3564974910394,321,181.011,314.332,344.7564,203.01471962616822,600,168.8105,276.5837,344.65195,168.76364633333333,60.0,279,245,87.81362007168458
rule_copilot,60c1s5r10p,rw_zipf_1,concurrent_2,50,609,135.837,221.0966,312.37091999999996,134.13416518883417,591,189.512,314.671,335.93330000000003,216.98157191201352,1200,168.4435,306.01250000000005,335.21977,174.93651300000002,120.0,609,544,89.32676518883416
rule_copilot,60c1s5r10p,rw_zipf_1,concurrent_5,50,1505,139.543,228.3956,336.37912000000006,141.52797468438536,1495,209.316,325.29300000000006,341.03054,226.04619397993312,3000,173.37099999999998,320.2034,340.2059699999998,183.64622063333331,300.0,1505,1245,82.72425249169436
rule_copilot,60c1s5r10p,rw_zipf_1,concurrent_10,50,3000,165.5585,240.0703,351.3437599999999,148.1422848,3000,236.73950000000002,324.3774,353.965,234.00212233333338,6000,177.848,314.92920000000004,353.44348,191.0722035666667,600.0,3000,2348,78.26666666666667
rule_copilot,60c1s5r10p,rw_zipf_1,concurrent_20,50,5998,166.676,230.6506,342.68069,150.60768597865956,6002,226.231,338.60310000000004,344.87386000000004,230.9931179606798,12000,175.859,324.302,344.25401,190.81379954166667,1200.0,5998,4446,74.12470823607869
rule_copilot,60c1s5r10p,rw_zipf_1,concurrent_30,50,9050,167.74650000000003,268.88750000000005,340.97955,155.04046133701658,8950,226.6055,334.7436,342.33704,231.25512256983242,18000,176.4475,329.2855,341.62319999999994,192.9360845611111,1800.0,9050,6422,70.96132596685082
rule_copilot,60c1s5r10p,rw_zipf_1,concurrent_40,50,12090,166.262,267.17629999999997,340.50921,154.46469149710504,11910,225.9835,334.13100000000003,341.22973,228.23945583543238,24000,174.179,323.90150000000006,341.04501,191.07541829999997,2400.0,12090,8407,69.53680727874276
rule_copilot,60c1s5r10p,rw_zipf_1,concurrent_50,50,14975,136.547,232.3064,305.129,144.77052923539233,15025,189.221,290.60999999999996,307.81892000000005,190.2281884858569,30000,138.622,271.1046,305.70601,167.53724024333334,3000.0,14975,10210,68.18030050083472
rule_copilot,60c1s5r10p,rw_zipf_1,concurrent_60,50,17849,168.709,278.1856,343.71112,157.74873989579248,18151,237.302,335.873,351.27049999999997,229.62407591868217,36000,178.179,312.7343,350.18719000000004,193.98788501111113,3600.0,17849,11947,66.93372177713037
rule_copilot,60c1s5r10p,rw_zipf_1,concurrent_70,50,20933,138.206,258.5164,312.71944,150.36510951129796,21067,193.805,292.68940000000003,345.2135,197.35153430009018,42000,167.1755,276.858,342.23702000000003,173.9332764404762,4200.0,20933,13603,64.98351884584149
rule_copilot,60c1s5r10p,rw_zipf_1,concurrent_80,50,24111,169.544,273.006,344.73620000000005,161.3693525569242,23889,202.467,336.1914,346.11548,225.84675993134917,48000,175.862,311.288,345.62600999999995,193.4589522395833,4800.0,24111,15456,64.10352121438348
rule_copilot,60c1s5r10p,rw_zipf_1,concurrent_90,50,27064,165.683,274.10749999999996,339.04648,160.60671704108776,26936,192.7665,327.2445,340.168,221.05640551678053,54000,174.54250000000002,303.9563,339.71202,190.75991720370368,5400.0,27064,17197,63.541974578776234
rule_copilot,60c1s5r10p,rw_zipf_1,concurrent_100,50,30093,173.768,280.8396,347.49708,163.36260465556774,29907,199.416,333.76,349.8537,226.77345608051627,60000,179.76350000000002,309.455,348.92802,194.96974354833335,6000.0,30093,18840,62.605921642906985
rule_copilot,60c1s5r10p,rw_zipf_1,concurrent_1,75,446,135.9215,223.6585,328.42685000000006,136.22138408071748,154,167.7575,304.30830000000003,330.65217,196.89054545454545,600,136.8245,257.87710000000027,330.64711,151.79313549999998,60.0,446,387,86.7713004484305
rule_copilot,60c1s5r10p,rw_zipf_1,concurrent_2,75,874,138.3145,222.1225,324.18134,137.55611121281467,326,193.0695,323.9625,337.1605,218.63436503067484,1200,163.87400000000002,294.2556,335.89061999999996,159.5823701666667,120.0,874,756,86.49885583524028
rule_copilot,60c1s5r10p,rw_zipf_1,concurrent_5,75,2293,150.324,228.92,338.55011999999994,144.1803847361535,707,194.025,329.0572,339.50293999999997,226.72805657708625,3000,167.56400000000002,304.1762,339.38302999999996,163.6341194,300.0,2293,1863,81.24727431312691
rule_copilot,60c1s5r10p,rw_zipf_1,concurrent_10,75,4480,164.062,235.01429999999996,347.95818,146.71769792410714,1520,237.248,344.8666,351.93543,238.57438289473683,6000,175.725,306.87280000000004,350.64209,169.98805811666665,600.0,4480,3522,78.61607142857143
rule_copilot,60c1s5r10p,rw_zipf_1,concurrent_20,75,8985,163.873,264.4906,339.38115999999997,151.66796372843626,3015,220.831,323.1422,341.30343999999997,226.07106434494193,12000,167.2185,304.45329999999996,340.64500999999996,170.36174275833332,1200.0,8985,6565,73.06622148024485
rule_copilot,60c1s5r10p,rw_zipf_1,concurrent_30,75,13394,173.7745,278.42130000000003,352.84963,155.9187759817829,4606,240.025,335.28,354.28435,235.22899544072948,18000,177.7735,309.023,353.62402000000003,176.21337991666667,1800.0,13394,9518,71.06166940421085
rule_copilot,60c1s5r10p,rw_zipf_1,concurrent_40,75,18023,137.835,237.44920000000002,312.62356,147.49096293069968,5977,188.527,306.9344,337.58108,198.66977783168812,24000,156.937,267.2615,326.99005,160.23662029166667,2400.0,18023,12532,69.5333740220829
rule_copilot,60c1s5r10p,rw_zipf_1,concurrent_50,75,22452,167.44,269.1288,341.54849,157.27494119454838,7548,192.2255,325.20509999999996,342.28018,225.17819886062532,30000,169.97750000000002,306.9742,341.82302,174.35940082333337,3000.0,22452,15220,67.78906110814181
rule_copilot,60c1s5r10p,rw_zipf_1,concurrent_60,75,26950,136.857,256.03420000000006,311.28704,147.7843441781076,9050,193.877,293.7194,313.65461,193.51834065193373,36000,138.527,261.5791,312.18619,159.2813627361111,3600.0,26950,17786,65.99628942486085
rule_copilot,60c1s5r10p,rw_zipf_1,concurrent_70,75,31392,168.3885,274.7808,349.50848,158.7730697948522,10608,195.9245,323.6146,353.07551,219.88637264328807,42000,173.365,280.4813,351.19605,174.20854400000002,4200.0,31392,20174,64.26478083588175
rule_copilot,60c1s5r10p,rw_zipf_1,concurrent_80,75,35861,169.804,272.732,342.089,160.85882696522685,12139,197.185,330.774,343.24772,224.71457393525003,48000,171.358,290.7751,342.66603,177.0076793083333,4800.0,35861,22964,64.03613953877472
rule_copilot,60c1s5r10p,rw_zipf_1,concurrent_90,75,40602,138.2025,255.3578,306.28896,148.04324442884587,13398,185.66899999999998,290.24730000000005,309.07254,188.89140856844307,54000,138.689,259.954,307.12600999999995,158.17812782037038,5400.0,40602,25833,63.62494458401064
rule_copilot,60c1s5r10p,rw_zipf_1,concurrent_100,75,44991,168.963,271.993,344.20309999999995,164.13458317663532,15009,230.229,338.875,349.68604000000005,225.2125564661203,60000,170.1755,288.7643,345.00901,179.413238195,6000.0,44991,27601,61.34782512057967
rule_copilot,60c1s5r10p,rw_zipf_1,concurrent_1,100,600,136.9715,221.5839,303.15796,131.67843266666668,0,0,0,0,0,600,136.9715,221.5839,303.15796,131.67843266666668,60.0,600,537,89.5
rule_copilot,60c1s5r10p,rw_zipf_1,concurrent_2,100,1200,137.9615,225.721,336.08716000000004,135.58342266666668,0,0,0,0,0,1200,137.9615,225.721,336.08716000000004,135.58342266666668,120.0,1200,1062,88.5
rule_copilot,60c1s5r10p,rw_zipf_1,concurrent_5,100,3000,135.6825,228.9254,308.93956000000003,135.69513063333332,0,0,0,0,0,3000,135.6825,228.9254,308.93956000000003,135.69513063333332,300.0,3000,2482,82.73333333333333
rule_copilot,60c1s5r10p,rw_zipf_1,concurrent_10,100,6000,155.328,225.19140000000002,335.21713000000005,144.66352933333334,0,0,0,0,0,6000,155.328,225.19140000000002,335.21713000000005,144.66352933333334,600.0,6000,4775,79.58333333333333
rule_copilot,60c1s5r10p,rw_zipf_1,concurrent_20,100,12000,162.9385,262.82869999999997,335.73511,152.02793864999998,0,0,0,0,0,12000,162.9385,262.82869999999997,335.73511,152.02793864999998,1200.0,12000,8777,73.14166666666667
rule_copilot,60c1s5r10p,rw_zipf_1,concurrent_30,100,18000,136.50799999999998,237.3897,321.89601,147.2725455722222,0,0,0,0,0,18000,136.50799999999998,237.3897,321.89601,147.2725455722222,1800.0,18000,12910,71.72222222222223
rule_copilot,60c1s5r10p,rw_zipf_1,concurrent_40,100,24000,163.24349999999998,264.7643,338.14205,155.41562560416668,0,0,0,0,0,24000,163.24349999999998,264.7643,338.14205,155.41562560416668,2400.0,24000,16460,68.58333333333333
rule_copilot,60c1s5r10p,rw_zipf_1,concurrent_50,100,30000,150.00349999999997,262.3141,339.72715999999997,152.43702997999998,0,0,0,0,0,30000,150.00349999999997,262.3141,339.72715999999997,152.43702997999998,3000.0,30000,20143,67.14333333333333
rule_copilot,60c1s5r10p,rw_zipf_1,concurrent_60,100,36000,155.81900000000002,268.0611,341.27700999999996,154.31808638333337,0,0,0,0,0,36000,155.81900000000002,268.0611,341.27700999999996,154.31808638333337,3600.0,36000,23908,66.41111111111111
rule_copilot,60c1s5r10p,rw_zipf_1,concurrent_70,100,42000,167.61849999999998,276.5173,348.569,159.7297521142857,0,0,0,0,0,42000,167.61849999999998,276.5173,348.569,159.7297521142857,4200.0,42000,26476,63.03809523809524
rule_copilot,60c1s5r10p,rw_zipf_1,concurrent_80,100,48000,173.3405,280.1175,346.14101,164.02456425416668,0,0,0,0,0,48000,173.3405,280.1175,346.14101,164.02456425416668,4800.0,48000,30322,63.170833333333334
rule_copilot,60c1s5r10p,rw_zipf_1,concurrent_90,100,54000,142.9545,265.6223,342.99401,154.4980837962963,0,0,0,0,0,54000,142.9545,265.6223,342.99401,154.4980837962963,5400.0,54000,34808,64.45925925925926
rule_copilot,60c1s5r10p,rw_zipf_1,concurrent_100,100,60000,167.887,272.6479,343.352,162.06308348333332,0,0,0,0,0,60000,167.887,272.6479,343.352,162.06308348333332,6000.0,60000,37644,62.74
rule_mencius,60c1s5r10p,rw_1000000,concurrent_1,0,0,0,0,0,0,588,1626.3400000000001,2608.154,2896.2421,1518.3100925170068,588,1626.3400000000001,2608.154,2896.2421,1518.3100925170068,58.8,0,0,0
rule_mencius,60c1s5r10p,rw_1000000,concurrent_2,0,0,0,0,0,0,1167,1583.62,2759.4939999999997,2911.1752,1425.1997420736932,1167,1583.62,2759.4939999999997,2911.1752,1425.1997420736932,116.7,0,0,0
rule_mencius,60c1s5r10p,rw_1000000,concurrent_5,0,0,0,0,0,0,2974,1428.2150000000001,2633.4320000000002,2774.6167,1442.2929092804304,2974,1428.2150000000001,2633.4320000000002,2774.6167,1442.2929092804304,297.4,0,0,0
rule_mencius,60c1s5r10p,rw_1000000,concurrent_10,0,0,0,0,0,0,6003,1222.01,2500.076,2586.6684,1131.7218992170583,6003,1222.01,2500.076,2586.6684,1131.7218992170583,600.3,0,0,0
rule_mencius,60c1s5r10p,rw_1000000,concurrent_20,0,0,0,0,0,0,11996,1166.96,2477.2299999999996,2527.7385,1113.401516063688,11996,1166.96,2477.2299999999996,2527.7385,1113.401516063688,1199.6,0,0,0
rule_mencius,60c1s5r10p,rw_1000000,concurrent_30,0,0,0,0,0,0,18020,1018.645,2519.8050000000003,2587.6467,1047.4737137458378,18020,1018.645,2519.8050000000003,2587.6467,1047.4737137458378,1802.0,0,0,0
rule_mencius,60c1s5r10p,rw_1000000,concurrent_40,0,0,0,0,0,0,24013,1181.11,2596.74,2672.7976000000003,1361.7113572148419,24013,1181.11,2596.74,2672.7976000000003,1361.7113572148419,2401.3,0,0,0
rule_mencius,60c1s5r10p,rw_1000000,concurrent_50,0,0,0,0,0,0,29986,1134.81,2375.455,2418.963,1200.9455728139799,29986,1134.81,2375.455,2418.963,1200.9455728139799,2998.6,0,0,0
rule_mencius,60c1s5r10p,rw_1000000,concurrent_60,0,0,0,0,0,0,36292,1418.915,2641.8500000000004,2708.5918,1334.1721729444505,36292,1418.915,2641.8500000000004,2708.5918,1334.1721729444505,3629.2,0,0,0
rule_mencius,60c1s5r10p,rw_1000000,concurrent_70,0,0,0,0,0,0,42325,1712.76,2670.532,2726.9936000000002,1502.0098125764912,42325,1712.76,2670.532,2726.9936000000002,1502.0098125764912,4232.5,0,0,0
rule_mencius,60c1s5r10p,rw_1000000,concurrent_80,0,0,0,0,0,0,48003,1137.89,2437.342,2503.0376000000006,1273.430039187134,48003,1137.89,2437.342,2503.0376000000006,1273.430039187134,4800.3,0,0,0
rule_mencius,60c1s5r10p,rw_1000000,concurrent_90,0,0,0,0,0,0,53575,1165.86,2516.088,2630.7524000000003,1234.3291462006532,53575,1165.86,2516.088,2630.7524000000003,1234.3291462006532,5357.5,0,0,0
rule_mencius,60c1s5r10p,rw_1000000,concurrent_100,0,0,0,0,0,0,59268,1088.15,2482.243,2660.5665000000004,1168.1940931278261,59268,1088.15,2482.243,2660.5665000000004,1168.1940931278261,5926.8,0,0,0
rule_mencius,60c1s5r10p,rw_1000000,concurrent_1,25,141,133.253,269.943,273.1102,140.03492765957446,450,861.1800000000001,2229.3410000000003,2389.003,1004.0243502222221,591,586.26,2172.0,2385.7810000000004,797.8948940778342,59.1,141,122,86.52482269503547
rule_mencius,60c1s5r10p,rw_1000000,concurrent_2,25,296,135.768,223.76850000000002,272.9032,135.13526655405406,917,1475.19,2505.894,2655.2520000000004,1279.4658092693564,1213,611.19,2474.3,2642.4848,1000.2227419620775,121.3,296,256,86.48648648648648
rule_mencius,60c1s5r10p,rw_1000000,concurrent_5,25,758,136.648,269.8101,273.84586,145.91994551451185,2246,687.4390000000001,2392.425,2534.9465,917.605715048976,3004,272.1125,2353.927,2534.2349,722.8860701398137,300.4,758,648,85.48812664907652
rule_mencius,60c1s5r10p,rw_1000000,concurrent_10,25,1469,136.028,269.5784,274.15432,145.10147522123893,4527,1211.36,2605.382,2683.242,1273.0522917163685,5996,823.2995000000001,2590.475,2675.2355000000007,996.7081040193463,599.6,1469,1327,90.33356024506467
rule_mencius,60c1s5r10p,rw_1000000,concurrent_20,25,3039,137.638,269.68420000000003,273.85062,146.9819342217835,8908,1535.23,2680.0,2750.0474,1330.5371082173328,11947,688.031,2641.874,2743.7162,1029.472056424207,1194.7,3039,2725,89.66765383349787
rule_mencius,60c1s5r10p,rw_1000000,concurrent_30,25,4558,136.603,269.011,272.77186,146.10406096972355,13377,1113.25,2699.448,2760.9772,1262.8657239515587,17935,738.612,2672.61,2759.9098,979.0519709618067,1793.5,4558,4079,89.49100482667836
rule_mencius,60c1s5r10p,rw_1000000,concurrent_40,25,5941,136.696,228.895,272.7036,147.3276111765696,18039,1114.17,2543.412,2606.2748,1279.5644885248628,23980,849.279,2512.5170000000003,2601.9941999999996,999.0549268765637,2398.0,5941,5322,89.58087863995961
rule_mencius,60c1s5r10p,rw_1000000,concurrent_50,25,7568,137.1895,230.59400000000005,276.60753,152.3816364561311,22337,1961.41,2819.696000000003,2880.18,1531.9582927698439,29905,668.339,2790.762,2878.6088,1182.8315201571645,2990.5,7568,6773,89.49524312896406
rule_mencius,60c1s5r10p,rw_1000000,concurrent_60,25,8775,138.811,269.8598,283.0798,151.1036912820513,27208,1425.435,2440.818,2481.91,1354.687038282858,35983,1264.7,2394.464,2479.649,1061.1749945418671,3598.3,8775,7845,89.4017094017094
rule_mencius,60c1s5r10p,rw_1000000,concurrent_70,25,10426,157.4085,278.825,331.39074999999997,177.87237013236143,31511,1599.21,2690.0,2761.6169999999997,1479.7566836469803,41937,1268.78,2668.864,2757.27,1156.0939072751985,4193.7,10426,9278,88.98906579704585
rule_mencius,60c1s5r10p,rw_1000000,concurrent_80,25,11797,225.259,346.96099999999996,476.61119999999966,233.54123478850556,35774,1941.34,2945.562,3077.0481,1688.5217891541342,47571,1335.65,2917.82,3064.373,1327.7052076264952,4757.1,11797,10016,84.90294142578621
rule_mencius,60c1s5r10p,rw_1000000,concurrent_90,25,13339,192.051,293.05940000000004,394.67653999999936,200.49684456855834,40500,1236.005,2392.57,2477.3935000000006,1204.204701708642,53839,452.013,2358.254,2468.6562,955.5288513698248,5383.9,13339,11575,86.77562036134643
rule_mencius,60c1s5r10p,rw_1000000,concurrent_100,25,1118,4641.13,21208.190000000002,27373.13199999999,7800.389078711986,148,13101.900000000001,36760.630000000005,37056.191,16337.74810810811,1266,5580.4400000000005,21856.699999999997,36844.1,8798.437369668247,126.6,1536,1117,72.72135416666667
rule_mencius,60c1s5r10p,rw_1000000,concurrent_1,50,286,136.62400000000002,225.1955,273.2034,139.80463496503495,318,751.6265,2137.1420000000003,2507.391399999998,875.5907327044025,604,225.1585,1121.2250000000001,2427.0746,527.1887062913908,60.4,286,257,89.86013986013987
rule_mencius,60c1s5r10p,rw_1000000,concurrent_2,50,628,137.56099999999998,229.52270000000001,273.8465,144.3275847133758,563,943.28,2364.192,2483.094,1073.3017017761988,1191,221.46,1446.32,2424.023,583.4648037783375,119.1,628,565,89.96815286624204
rule_mencius,60c1s5r10p,rw_1000000,concurrent_5,50,1477,136.633,227.8292,274.07396,145.61093601895732,1502,1273.675,2674.599,2763.2284,1166.6358909454061,2979,205.817,1712.7220000000052,2748.7998000000002,660.4076739509903,297.9,1477,1268,85.84969532836831
rule_mencius,60c1s5r10p,rw_1000000,concurrent_10,50,2937,136.92,230.95340000000002,274.076,145.0089105549881,3021,1798.81,2752.17,2846.66,1472.631612545515,5958,225.846,2646.314,2830.3181000000004,818.179132561262,595.8,2937,2641,89.9216887980933
rule_mencius,60c1s5r10p,rw_1000000,concurrent_20,50,6056,135.90949999999998,269.886,275.122,146.49103322324964,5935,869.208,2259.96,2331.7966,1000.0524050042122,11991,223.384,1255.34,2327.163,568.9651172462679,1199.1,6056,5437,89.7787318361955
rule_mencius,60c1s5r10p,rw_1000000,concurrent_30,50,8990,136.94549999999998,270.8021,274.03011,147.20724959955507,8994,1178.9,2083.921999999999,2137.7028,1151.7753464643095,17984,224.8125,2013.843,2133.16,649.6030160142349,1798.4,8990,8095,90.04449388209122
rule_mencius,60c1s5r10p,rw_1000000,concurrent_40,50,11772,136.878,270.005,272.86945,147.82776221542642,12138,1404.85,2403.659,2449.4163,1320.5781571099028,23910,226.028,2327.471,2443.3482,743.17884097867,2391.0,11772,10534,89.48352021746517
rule_mencius,60c1s5r10p,rw_1000000,concurrent_50,50,15208,137.5845,269.9403,273.41579,148.40951761572856,14826,1082.2199999999998,2042.635,2074.5775000000003,1000.9117333198434,30034,224.571,1481.79,2070.1866999999997,569.2391723413466,3003.4,15208,13672,89.90005260389269
rule_mencius,60c1s5r10p,rw_1000000,concurrent_60,50,18010,138.773,269.821,284.19092,153.5703767184897,17939,1454.41,2837.89,2880.18,1337.7134397346563,35949,229.783,1685.722,2874.4704,744.472555011266,3594.9,18010,16110,89.45030538589673
rule_mencius,60c1s5r10p,rw_1000000,concurrent_70,50,20892,145.79649999999998,271.25260000000003,304.68264000000005,163.7512089172889,21010,1300.4850000000001,2674.532,2731.5373,1303.4605153593525,41902,240.0665,2592.115000000001,2723.5,735.2106268054031,4190.2,20892,18660,89.31648477886272
rule_mencius,60c1s5r10p,rw_1000000,concurrent_80,50,23907,166.566,282.4434,395.3742799999998,185.39637018028193,23968,1290.44,2590.674,2699.9322999999995,1253.8384268566422,47875,259.918,1795.6099999999992,2668.2364000000002,720.2980770088774,4787.5,23907,20970,87.71489521897352
rule_mencius,60c1s5r10p,rw_1000000,concurrent_90,50,1237,9596.35,22074.540000000005,28328.572,10624.707148746968,0,0,0,0,0,1237,9596.35,22074.540000000005,28328.572,10624.707148746968,123.7,4950,1237,24.98989898989899
rule_mencius,60c1s5r10p,rw_1000000,concurrent_100,50,301,21629.8,27373.8,31378.8,19820.27710963455,0,0,0,0,0,301,21629.8,27373.8,31378.8,19820.27710963455,30.1,3096,301,9.722222222222221
rule_mencius,60c1s5r10p,rw_1000000,concurrent_1,75,416,135.9915,269.73400000000004,274.26825,141.0434125,152,1009.54,2683.521,2904.5878000000002,1067.5256230263155,568,140.828,1298.554,2866.2914000000005,388.97527165492954,56.8,416,354,85.09615384615384
rule_mencius,60c1s5r10p,rw_1000000,concurrent_2,75,913,136.837,229.66379999999998,274.24264,145.2344144578313,291,949.84,2646.2,2762.819000000001,1210.4181405498284,1204,185.179,1186.191,2701.5917,402.6833050664452,120.4,913,820,89.81380065717416
rule_mencius,60c1s5r10p,rw_1000000,concurrent_5,75,2187,137.652,269.9504,274.061,144.43876163694557,787,1392.85,2458.538,2532.8012,1240.077805209657,2974,185.06349999999998,1722.777,2510.9777,434.3741776731675,297.4,2187,1972,90.16918152720622
rule_mencius,60c1s5r10p,rw_1000000,concurrent_10,75,4455,136.323,269.779,274.732,147.28420552188553,1518,1624.625,2734.238,2829.518,1666.4885165349142,5973,185.598,2368.9880000000003,2778.8779999999997,533.3803287627657,597.3,4455,3998,89.7418630751964
rule_mencius,60c1s5r10p,rw_1000000,concurrent_20,75,8966,137.7165,269.295,274.57,145.87870071380772,3009,1629.17,2754.682,2830.5104,1405.0584885676305,11975,185.589,1738.6020000000005,2784.5022000000004,462.2771960501044,1197.5,8966,8067,89.97323221057327
rule_mencius,60c1s5r10p,rw_1000000,concurrent_30,75,13399,136.77,269.864,272.12802,146.5447119486529,4582,1148.09,2585.802,2658.1033,1175.1471969227414,17981,185.146,1421.26,2643.7760000000003,408.65786395083705,1798.1,13399,12068,90.06642286737817
rule_mencius,60c1s5r10p,rw_1000000,concurrent_40,75,18125,137.665,269.669,273.20856,148.70371246344828,5923,1980.25,2457.7540000000004,2524.6558,1390.0365893803814,24048,184.7095,2023.172,2473.1936,454.4428437832668,2404.8,18125,16290,89.87586206896552
rule_mencius,60c1s5r10p,rw_1000000,concurrent_50,75,22424,138.692,268.98470000000003,277.43408,153.64650260881197,7621,1579.83,2975.81,3041.454,1521.6760081222938,30045,186.032,2050.72,3028.2512,500.65109111000163,3004.5,22424,20111,89.68515875847307
rule_mencius,60c1s5r10p,rw_1000000,concurrent_60,75,27239,140.126,271.18660000000006,286.13775999999996,155.40344276221592,8812,1498.38,2497.203,2557.1313,1412.0809873241037,36051,186.951,1538.19,2541.825,462.5750197692158,3605.1,27239,24396,89.562759278975
rule_mencius,60c1s5r10p,rw_1000000,concurrent_70,75,31555,148.115,272.6724,318.7899,171.09128992552687,10420,1551.635,2686.617,2755.4797,1410.1403299520152,41975,195.11,1924.616,2725.434800000001,478.6765429827278,4197.5,31555,28209,89.39629218824275
rule_mencius,60c1s5r10p,rw_1000000,concurrent_80,75,36086,185.641,287.655,371.29180000000014,198.18752580502135,12021,1407.23,2819.52,2907.8959999999997,1395.9791572581316,48107,220.199,2029.266,2863.8088,497.4922673540233,4810.7,36086,31511,87.32195311201019
rule_mencius,60c1s5r10p,rw_1000000,concurrent_90,75,40402,179.59300000000002,294.9896,397.49932999999965,194.65977665957132,13623,1157.7,2371.5480000000002,2468.2282,1183.6858066211553,54025,222.852,1571.2699999999998,2419.1028,444.05360555668676,5402.5,40402,35127,86.94371565764071
rule_mencius,60c1s5r10p,rw_1000000,concurrent_100,75,218,20192.55,26966.510000000002,27975.389,18317.681926605503,0,0,0,0,0,218,20192.55,26966.510000000002,27975.389,18317.681926605503,21.8,5739,218,3.798571179648022
rule_mencius,60c1s5r10p,rw_1000000,concurrent_1,100,600,137.516,234.49390000000088,274.96604,144.27993583333335,0,0,0,0,0,600,137.516,234.49390000000088,274.96604,144.27993583333335,60.0,600,540,90.0
rule_mencius,60c1s5r10p,rw_1000000,concurrent_2,100,1200,136.3355,234.25410000000542,272.99201,144.27539950000002,0,0,0,0,0,1200,136.3355,234.25410000000542,272.99201,144.27539950000002,120.0,1200,1080,90.0
rule_mencius,60c1s5r10p,rw_1000000,concurrent_5,100,3000,136.98200000000003,270.952,274.722,145.42151280000002,0,0,0,0,0,3000,136.98200000000003,270.952,274.722,145.42151280000002,300.0,3000,2698,89.93333333333334
rule_mencius,60c1s5r10p,rw_1000000,concurrent_10,100,6000,136.331,268.797,272.294,145.45718313333333,0,0,0,0,0,6000,136.331,268.797,272.294,145.45718313333333,600.0,6000,5396,89.93333333333334
rule_mencius,60c1s5r10p,rw_1000000,concurrent_20,100,12001,138.426,268.947,273.198,147.187549895842,0,0,0,0,0,12001,138.426,268.947,273.198,147.187549895842,1200.1,12001,10784,89.85917840179985
rule_mencius,60c1s5r10p,rw_1000000,concurrent_30,100,18002,137.504,269.7569,273.787,144.7266472336407,0,0,0,0,0,18002,137.504,269.7569,273.787,144.7266472336407,1800.2,18002,16187,89.91778691256528
rule_mencius,60c1s5r10p,rw_1000000,concurrent_40,100,24011,137.018,271.094,275.201,150.13623194785725,0,0,0,0,0,24011,137.018,271.094,275.201,150.13623194785725,2401.1,24011,21537,89.69638915497063
rule_mencius,60c1s5r10p,rw_1000000,concurrent_50,100,30021,137.755,269.864,274.4782,147.6825056660338,0,0,0,0,0,30021,137.755,269.864,274.4782,147.6825056660338,3002.1,30021,26948,89.76383198427767
rule_mencius,60c1s5r10p,rw_1000000,concurrent_60,100,36022,139.60250000000002,270.0299,283.46974,154.46527007939594,0,0,0,0,0,36022,139.60250000000002,270.0299,283.46974,154.46527007939594,3602.2,36022,32272,89.58969518627505
rule_mencius,60c1s5r10p,rw_1000000,concurrent_70,100,42065,147.674,272.8778,307.68252,166.25870389159635,0,0,0,0,0,42065,147.674,272.8778,307.68252,166.25870389159635,4206.5,42065,37657,89.52097943658623
rule_mencius,60c1s5r10p,rw_1000000,concurrent_80,100,48086,169.7755,284.913,367.14065000000016,189.53063620804392,0,0,0,0,0,48086,169.7755,284.913,367.14065000000016,189.53063620804392,4808.6,48086,42495,88.37291519361145
rule_mencius,60c1s5r10p,rw_1000000,concurrent_90,100,4167,9633.07,25863.1,30115.512000000337,11510.694051115912,0,0,0,0,0,4167,9633.07,25863.1,30115.512000000337,11510.694051115912,416.7,14365,4167,29.00800556909154
rule_mencius,60c1s5r10p,rw_1000000,concurrent_100,100,1567,16438.4,27330.440000000002,29421.384,14502.92897255903,0,0,0,0,0,1567,16438.4,27330.440000000002,29421.384,14502.92897255903,156.7,13737,1617,11.771129067481983
rule_mencius,60c1s5r10p,rw_zipf_1,concurrent_1,0,0,0,0,0,0,594,1542.8850000000002,2803.5300000000007,2951.2194,1543.3308237373737,594,1542.8850000000002,2803.5300000000007,2951.2194,1543.3308237373737,59.4,0,0,0
rule_mencius,60c1s5r10p,rw_zipf_1,concurrent_2,0,0,0,0,0,0,1182,1148.8049999999998,2279.8450000000003,2374.858,1158.1724318104907,1182,1148.8049999999998,2279.8450000000003,2374.858,1158.1724318104907,118.2,0,0,0
rule_mencius,60c1s5r10p,rw_zipf_1,concurrent_5,0,0,0,0,0,0,2990,966.557,2123.229,2224.7811,1076.6184355518394,2990,966.557,2123.229,2224.7811,1076.6184355518394,299.0,0,0,0
rule_mencius,60c1s5r10p,rw_zipf_1,concurrent_10,0,0,0,0,0,0,6020,1299.74,2502.116,2600.82,1224.9386580564785,6020,1299.74,2502.116,2600.82,1224.9386580564785,602.0,0,0,0
rule_mencius,60c1s5r10p,rw_zipf_1,concurrent_20,0,0,0,0,0,0,11976,1181.025,2460.08,2522.2025,1192.0455740814964,11976,1181.025,2460.08,2522.2025,1192.0455740814964,1197.6,0,0,0
rule_mencius,60c1s5r10p,rw_zipf_1,concurrent_30,0,0,0,0,0,0,18034,1295.225,2662.2740000000003,2737.2568,1375.792360624376,18034,1295.225,2662.2740000000003,2737.2568,1375.792360624376,1803.4,0,0,0
rule_mencius,60c1s5r10p,rw_zipf_1,concurrent_40,0,0,0,0,0,0,23859,1230.93,2861.3360000000002,2917.8642,1408.780248421979,23859,1230.93,2861.3360000000002,2917.8642,1408.780248421979,2385.9,0,0,0
rule_mencius,60c1s5r10p,rw_zipf_1,concurrent_50,0,0,0,0,0,0,30175,1226.9,2799.492,2839.663,1293.5221852758907,30175,1226.9,2799.492,2839.663,1293.5221852758907,3017.5,0,0,0
rule_mencius,60c1s5r10p,rw_zipf_1,concurrent_60,0,0,0,0,0,0,35957,715.685,2011.188,2040.5944,965.8759849764997,35957,715.685,2011.188,2040.5944,965.8759849764997,3595.7,0,0,0
rule_mencius,60c1s5r10p,rw_zipf_1,concurrent_70,0,0,0,0,0,0,41912,782.435,2496.18,2572.39,1052.9840192737163,41912,782.435,2496.18,2572.39,1052.9840192737163,4191.2,0,0,0
rule_mencius,60c1s5r10p,rw_zipf_1,concurrent_80,0,0,0,0,0,0,47598,1503.725,2947.3320000000003,3034.2374999999997,1396.9668783730408,47598,1503.725,2947.3320000000003,3034.2374999999997,1396.9668783730408,4759.8,0,0,0
rule_mencius,60c1s5r10p,rw_zipf_1,concurrent_90,0,0,0,0,0,0,47169,1826.98,5671.234,14706.756,2785.4448240284933,47169,1826.98,5671.234,14706.756,2785.4448240284933,4716.9,0,0,0
rule_mencius,60c1s5r10p,rw_zipf_1,concurrent_100,0,0,0,0,0,0,0,0,0,0,0,0,0,0,0,0,0.0,0,0,0
rule_mencius,60c1s5r10p,rw_zipf_1,concurrent_1,25,151,168.772,433.307,2157.6899999999996,289.6036569536424,453,1117.15,2162.106,2312.8316,1086.60865209713,604,515.9185,2131.5130000000004,2311.9096000000004,887.3574033112584,60.4,151,109,72.18543046357615
rule_mencius,60c1s5r10p,rw_zipf_1,concurrent_2,25,301,185.098,851.427,2286.66,338.700403654485,893,724.64,2238.36,2325.14,1022.6607656215004,1194,588.014,2222.939,2323.7277,850.2385973199329,119.4,301,217,72.09302325581395
rule_mencius,60c1s5r10p,rw_zipf_1,concurrent_5,25,739,185.819,2068.686,2907.6048,577.5316905277402,2251,1951.8,2850.25,2937.625,1540.4091255886274,2990,852.2135000000001,2839.623,2936.9222,1302.4270438127091,299.0,739,452,61.163734776725306
rule_mencius,60c1s5r10p,rw_zipf_1,concurrent_10,25,1467,193.317,2222.616,2737.8972,628.2467535105659,4510,1716.1100000000001,2672.587,2742.6574,1496.7323446563191,5977,1608.76,2663.318,2742.1924,1283.5704972059564,597.7,1467,833,56.78254942058623
rule_mencius,60c1s5r10p,rw_zipf_1,concurrent_20,25,2936,196.5525,1674.935,2756.3725,673.5861466621253,9093,1460.8,2693.84,2792.7088,1438.6611010337624,12029,1435.94,2684.65,2789.9916,1251.924043420068,1202.9,2936,1581,53.84877384196185
rule_mencius,60c1s5r10p,rw_zipf_1,concurrent_30,25,4480,219.3015,2232.4849999999997,2961.2284,762.0169750446428,13519,1681.18,2906.26,2969.5982,1515.3217644278423,17999,1575.86,2884.618,2968.491,1327.8221557586533,1799.9,4480,2200,49.107142857142854
rule_mencius,60c1s5r10p,rw_zipf_1,concurrent_40,25,6052,221.392,2184.2170000000006,2641.9943000000003,766.162362805684,18002,1936.33,2590.013,2651.1090000000004,1492.9967603044106,24054,1878.85,2573.034,2649.4593999999997,1310.1248149455394,2405.4,6052,2984,49.30601454064772
rule_mencius,60c1s5r10p,rw_zipf_1,concurrent_50,25,7460,224.28,1576.056,2451.9933,610.2084394504021,22478,853.228,2391.089,2456.9223,1121.4087675949818,29938,805.0475,2378.63,2456.5,994.0270304061728,2993.8,7460,3513,47.0911528150134
rule_mencius,60c1s5r10p,rw_zipf_1,concurrent_60,25,8956,227.8155,2195.575,2883.1525,800.9802104175972,26956,1537.5149999999999,2854.8599999999997,2888.7225,1471.4167809838254,35912,1507.3,2811.62,2887.7644999999998,1304.2183535503455,3591.2,8956,4122,46.02501116569897
rule_mencius,60c1s5r10p,rw_zipf_1,concurrent_70,25,10403,210.226,1728.4900000000002,2547.7682,646.2136190233587,31600,1472.7849999999999,2492.773,2557.8703,1197.5200908987342,42003,1298.8,2474.338,2556.6094000000003,1060.9764814679902,4200.3,10403,4885,46.95760838219744
rule_mencius,60c1s5r10p,rw_zipf_1,concurrent_80,25,12059,237.138,1567.538,2295.4388,615.3626448876358,35821,875.407,2238.56,2301.092,1080.0431182490718,47880,847.6085,2222.301,2300.14,963.009245478279,4788.0,12059,5528,45.841280371506755
rule_mencius,60c1s5r10p,rw_zipf_1,concurrent_90,25,13524,287.0105,2150.750000000043,2587.1831,764.1419830671397,40314,1490.185,2511.567,2612.6131000000005,1319.7474418440245,53838,1422.705,2502.003,2608.6426,1180.1804403859728,5383.8,13524,5736,42.41348713398403
rule_mencius,60c1s5r10p,rw_zipf_1,concurrent_100,25,2438,1323.875,7649.011000000003,27693.504000000004,3290.389812223134,5517,2425.6,12233.28,30464.960000000003,4323.11880228385,7955,2092.35,10416.62,29815.232,4006.6143047642995,795.5,3791,1536,40.51701398048009
rule_mencius,60c1s5r10p,rw_zipf_1,concurrent_1,50,306,138.57049999999998,1921.455,2733.7535,436.44720130718963,297,1893.0,2701.862,2893.534,1614.224216835017,603,273.184,2542.404,2845.2502,1016.5463283582089,60.3,306,220,71.89542483660131
rule_mencius,60c1s5r10p,rw_zipf_1,concurrent_2,50,579,185.973,1667.486,2572.8428000000004,450.56513609671845,613,1557.06,2511.872,2632.5464,1314.9090424143556,1192,499.5875,2439.9840000000036,2631.8826,895.0641416107383,119.2,579,381,65.80310880829016
rule_mencius,60c1s5r10p,rw_zipf_1,concurrent_5,50,1501,187.263,1733.82,2337.65,472.26188401065957,1495,1487.64,2288.416,2426.0058,1199.2365916387962,2996,272.6425,2248.075,2414.1595,835.0212925233644,299.6,1501,926,61.692205196535646
rule_mencius,60c1s5r10p,rw_zipf_1,concurrent_10,50,3021,186.599,1451.83,2131.284,433.34229870903675,2946,1071.72,2064.365,2144.5365,1037.8044335709437,5967,300.031,2040.518,2138.4882,731.7745844980727,596.7,3021,1812,59.98013902681232
rule_mencius,60c1s5r10p,rw_zipf_1,concurrent_20,50,5998,205.2535,1847.558,2548.3905999999997,593.5084666555518,5989,1113.94,2490.49,2558.0996,1256.1083268659208,11987,666.258,2466.4379999999996,2554.4696,924.5596523400351,1198.7,5998,3190,53.18439479826609
rule_mencius,60c1s5r10p,rw_zipf_1,concurrent_30,50,8976,207.2385,1409.0549999999998,2481.975,577.0360309491978,9002,1118.27,2415.429,2488.4399,1163.3918961341926,17978,713.44,2399.442,2486.1038000000003,870.6379609967738,1797.8,8976,4689,52.23930481283423
rule_mencius,60c1s5r10p,rw_zipf_1,concurrent_40,50,11974,223.69549999999998,1689.011,2296.5154,585.985573292133,11998,1079.0549999999998,2247.4359999999997,2301.953,1143.8886586347724,23972,806.7795,2210.6,2299.22,865.216393329718,2397.2,11974,5975,49.89978286286955
rule_mencius,60c1s5r10p,rw_zipf_1,concurrent_50,50,15149,227.437,2271.148,3058.6620000000003,898.5966090567034,14835,2031.82,3027.694,3069.5766,1696.533710933603,29984,1151.815,2977.762,3067.0268,1293.3870608424493,2998.4,15149,6970,46.009637599841575
rule_mencius,60c1s5r10p,rw_zipf_1,concurrent_60,50,17982,224.50650000000002,1859.326,2483.6038,639.55785114559,17931,1217.94,2442.52,2486.741,1195.0875272767832,35913,556.562,2404.72,2485.82,916.9282357614235,3591.3,17982,8550,47.547547547547545
rule_mencius,60c1s5r10p,rw_zipf_1,concurrent_70,50,20826,202.62349999999998,1748.895,2241.23,584.5420694660521,20987,1112.94,2201.602,2252.5928000000004,1079.0310350073855,41813,340.846,2160.34,2248.4251999999997,832.7385614617463,4181.3,20826,9842,47.258234898684336
rule_mencius,60c1s5r10p,rw_zipf_1,concurrent_80,50,24011,263.988,2745.91,2925.9669999999996,826.2685535088084,23875,1524.56,2848.222,2949.5237999999995,1442.1887075015707,47886,666.2955,2818.04,2940.092,1133.3539997055505,4788.6,24011,10255,42.70959143725792
rule_mencius,60c1s5r10p,rw_zipf_1,concurrent_90,50,1428,3879.62,20228.089999999997,37356.828,7103.972510504201,445,9861.59,22626.9,37503.756,12156.89051685393,1873,4607.37,20696.56,37421.792,8304.478924185798,187.3,4187,1355,32.36207308335324
rule_mencius,60c1s5r10p,rw_zipf_1,concurrent_100,50,30092,274.867,1667.5920000000003,2135.9372,621.7167488634853,30009,935.213,2073.422,2154.5828,1057.9586649838382,60101,701.111,2044.38,2146.36,839.5364799970051,6010.1,30092,13333,44.307457131463515
rule_mencius,60c1s5r10p,rw_zipf_1,concurrent_1,75,440,183.7055,1369.1440000000011,2878.682600000001,359.55059090909094,153,1486.14,2741.148,2909.6448,1380.5562052287582,593,194.716,1965.208,2909.4372,622.9803699831365,59.3,440,310,70.45454545454545
rule_mencius,60c1s5r10p,rw_zipf_1,concurrent_2,75,864,184.3505,1217.3860000000006,2572.0165,386.422155787037,298,1120.945,2440.8730000000005,2623.4382999999993,1227.1963922818793,1162,211.9795,2030.45,2578.8868000000016,602.0423988812393,116.2,864,591,68.40277777777777
rule_mencius,60c1s5r10p,rw_zipf_1,concurrent_5,75,2224,187.3305,1626.112,2335.9632,473.1976942895684,754,1135.675,2287.801,2359.7491,1184.994472546419,2978,223.8005,1843.619,2346.5676,653.4175635997314,297.8,2224,1374,61.780575539568346
rule_mencius,60c1s5r10p,rw_zipf_1,concurrent_10,75,4457,193.404,1814.2820000000002,2795.9967999999985,610.4574341485303,1521,1608.68,2731.52,2817.424,1423.169633464826,5978,227.813,2646.2309999999998,2812.6326999999997,817.2381727166277,597.8,4457,2586,58.02109041956473
rule_mencius,60c1s5r10p,rw_zipf_1,concurrent_20,75,8965,206.152,1696.46,2693.9952,600.5091876742889,3001,1053.78,2630.64,2699.01,1224.0445909696768,11966,227.459,2570.4049999999997,2697.4075,756.8880732909912,1196.6,8965,4765,53.151143335192415
rule_mencius,60c1s5r10p,rw_zipf_1,concurrent_30,75,13397,218.449,1645.8139999999999,2873.45,609.5824746808987,4542,1009.755,2808.6130000000003,2881.6218,1198.2633722369,17939,270.064,2751.2000000000003,2876.9772,758.6313980712415,1793.9,13397,6857,51.18310069418526
rule_mencius,60c1s5r10p,rw_zipf_1,concurrent_40,75,17987,221.147,1656.56,2872.9828,625.5198257574916,5947,844.18,2810.364,2879.9908,1213.6639070455692,23934,272.045,2778.7019999999998,2874.8402,771.6589103827191,2393.4,17987,8943,49.71924167454272
rule_mencius,60c1s5r10p,rw_zipf_1,concurrent_50,75,22530,221.4025,1353.066,2217.841,541.6074996449179,7452,1112.5700000000002,2159.934,2230.2823,1044.069948644659,29982,270.1905,2113.719,2220.3557,666.4941039390301,2998.2,22530,11164,49.55170883266756
rule_mencius,60c1s5r10p,rw_zipf_1,concurrent_60,75,26949,206.43,1933.91,2592.6252,696.6951076477792,9029,1679.91,2555.922,2596.0472,1292.7159663971647,35978,253.04,2504.811,2594.0623,846.271858263383,3597.8,26949,12761,47.352406397268915
rule_mencius,60c1s5r10p,rw_zipf_1,concurrent_70,75,31370,217.813,1781.1700000000003,2719.8772000000004,699.6454790054191,10549,1557.96,2678.96,2728.2204,1272.8619850507157,41919,269.383,2626.55,2722.8564,843.896556613946,4191.9,31370,13274,42.31431303793433
rule_mencius,60c1s5r10p,rw_zipf_1,concurrent_80,75,35924,266.0075,2535.208,2691.8847999999994,866.3261357393386,11974,1508.7150000000001,2631.977,2710.5405,1519.6973358944379,47898,1254.44,2579.566,2698.1612,1029.6621153346694,4789.8,35924,15410,42.896114018483466
rule_mencius,60c1s5r10p,rw_zipf_1,concurrent_90,75,40430,273.48850000000004,2408.7089999999994,2593.5519999999997,738.2669445733367,13524,1225.78,2502.9429999999998,2619.9313000000006,1253.4162525436263,53954,683.1265,2457.425,2601.4647,867.3932232735293,5395.4,40430,17427,43.10413059609201
rule_mencius,60c1s5r10p,rw_zipf_1,concurrent_100,75,91,11281.2,28592.5,28877.75,15424.869999999999,0,0,0,0,0,91,11281.2,28592.5,28877.75,15424.869999999999,9.1,2319,102,4.3984476067270375
rule_mencius,60c1s5r10p,rw_zipf_1,concurrent_1,100,596,138.83999999999997,941.4749999999999,2536.2275,311.31851308724833,0,0,0,0,0,596,138.83999999999997,941.4749999999999,2536.2275,311.31851308724833,59.6,596,435,72.98657718120805
rule_mencius,60c1s5r10p,rw_zipf_1,concurrent_2,100,1161,185.26,1542.97,2974.174,486.0856758828595,0,0,0,0,0,1161,185.26,1542.97,2974.174,486.0856758828595,116.1,1161,774,66.66666666666667
rule_mencius,60c1s5r10p,rw_zipf_1,concurrent_5,100,2983,185.485,1708.094,2615.9057999999995,480.63414736842105,0,0,0,0,0,2983,185.485,1708.094,2615.9057999999995,480.63414736842105,298.3,2983,1860,62.35333556821991
rule_mencius,60c1s5r10p,rw_zipf_1,concurrent_10,100,6001,191.633,1509.01,2635.19,528.8634486585569,0,0,0,0,0,6001,191.633,1509.01,2635.19,528.8634486585569,600.1,6001,3449,57.47375437427095
rule_mencius,60c1s5r10p,rw_zipf_1,concurrent_20,100,11973,194.526,1707.698,2465.0280000000002,560.2388139229934,0,0,0,0,0,11973,194.526,1707.698,2465.0280000000002,560.2388139229934,1197.3,11973,6517,54.4308026392717
rule_mencius,60c1s5r10p,rw_zipf_1,concurrent_30,100,17980,198.2525,1662.8139999999999,2278.5021,512.0194474805339,0,0,0,0,0,17980,198.2525,1662.8139999999999,2278.5021,512.0194474805339,1798.0,17980,9538,53.04783092324806
rule_mencius,60c1s5r10p,rw_zipf_1,concurrent_40,100,23903,221.749,1668.0,2252.8984,658.5080409195499,0,0,0,0,0,23903,221.749,1668.0,2252.8984,658.5080409195499,2390.3,23903,11758,49.1904781826549
rule_mencius,60c1s5r10p,rw_zipf_1,concurrent_50,100,29994,225.31099999999998,2077.241,2858.2514,720.1269063079283,0,0,0,0,0,29994,225.31099999999998,2077.241,2858.2514,720.1269063079283,2999.4,29994,14315,47.72621190904847
rule_mencius,60c1s5r10p,rw_zipf_1,concurrent_60,100,35868,230.9995,2008.356,2666.0299,786.8308787164046,0,0,0,0,0,35868,230.9995,2008.356,2666.0299,786.8308787164046,3586.8,35868,16524,46.0689193710271
rule_mencius,60c1s5r10p,rw_zipf_1,concurrent_70,100,41764,250.86149999999998,2715.2240000000006,2862.5881000000004,932.4369505770521,0,0,0,0,0,41764,250.86149999999998,2715.2240000000006,2862.5881000000004,932.4369505770521,4176.4,41764,18313,43.84876927497366
rule_mencius,60c1s5r10p,rw_zipf_1,concurrent_80,100,47897,231.415,1360.06,2290.7116,530.943535576341,0,0,0,0,0,47897,231.415,1360.06,2290.7116,530.943535576341,4789.7,47897,22510,46.99668037664154
rule_mencius,60c1s5r10p,rw_zipf_1,concurrent_90,100,53984,242.031,1392.0550000000012,2351.017,608.0850569427978,0,0,0,0,0,53984,242.031,1392.0550000000012,2351.017,608.0850569427978,5398.4,53984,24310,45.03186129223474
rule_mencius,60c1s5r10p,rw_zipf_1,concurrent_100,100,38,25509.949999999997,29387.090000000004,33756.51400000002,23377.924736842102,0,0,0,0,0,38,25509.949999999997,29387.090000000004,33756.51400000002,23377.924736842102,3.8,3036,43,1.4163372859025032
rule_mongodb,60c1s5r10p,rw_1000000,concurrent_1,0,0,0,0,0,0,600,107.40445,182.15360000000098,230.71902,105.21773222333334,600,107.40445,182.15360000000098,230.71902,105.21773222333334,60.0,0,0,0
rule_mongodb,60c1s5r10p,rw_1000000,concurrent_2,0,0,0,0,0,0,1200,107.69645,182.00140000000525,231.16854,105.15001198333334,1200,107.69645,182.00140000000525,231.16854,105.15001198333334,120.0,0,0,0
rule_mongodb,60c1s5r10p,rw_1000000,concurrent_5,0,0,0,0,0,0,3000,107.61005,181.20709999999653,230.534,104.34804278366667,3000,107.61005,181.20709999999653,230.534,104.34804278366667,300.0,0,0,0
rule_mongodb,60c1s5r10p,rw_1000000,concurrent_10,0,0,0,0,0,0,6000,108.13045,183.89900000001546,230.84,104.67219059183334,6000,108.13045,183.89900000001546,230.84,104.67219059183334,600.0,0,0,0
rule_mongodb,60c1s5r10p,rw_1000000,concurrent_20,0,0,0,0,0,0,12000,128.5455,214.1043000000036,228.36201,105.225793568,12000,128.5455,214.1043000000036,228.36201,105.225793568,1200.0,0,0,0
rule_mongodb,60c1s5r10p,rw_1000000,concurrent_30,0,0,0,0,0,0,18000,135.828,226.669,347.7603999999998,115.5304594571111,18000,135.828,226.669,347.7603999999998,115.5304594571111,1800.0,0,0,0
rule_mongodb,60c1s5r10p,rw_1000000,concurrent_40,0,0,0,0,0,0,24000,134.1995,227.2031,415.31537999999995,116.74098614220833,24000,134.1995,227.2031,415.31537999999995,116.74098614220833,2400.0,0,0,0
rule_mongodb,60c1s5r10p,rw_1000000,concurrent_50,0,0,0,0,0,0,30000,134.232,224.6111,454.13923,119.57063974456668,30000,134.232,224.6111,454.13923,119.57063974456668,3000.0,0,0,0
rule_mongodb,60c1s5r10p,rw_1000000,concurrent_60,0,0,0,0,0,0,36000,136.87,227.09810000000002,483.0586900000001,121.07386080427776,36000,136.87,227.09810000000002,483.0586900000001,121.07386080427776,3600.0,0,0,0
rule_mongodb,60c1s5r10p,rw_1000000,concurrent_70,0,0,0,0,0,0,42000,136.13049999999998,224.168,500.46506,123.50666250578571,42000,136.13049999999998,224.168,500.46506,123.50666250578571,4200.0,0,0,0
rule_mongodb,60c1s5r10p,rw_1000000,concurrent_80,0,0,0,0,0,0,48000,137.651,227.31820000000002,521.0044100000003,123.92659268668751,48000,137.651,227.31820000000002,521.0044100000003,123.92659268668751,4800.0,0,0,0
rule_mongodb,60c1s5r10p,rw_1000000,concurrent_90,0,0,0,0,0,0,54000,135.323,223.36819999999997,373.4405400000166,110.87832173068517,54000,135.323,223.36819999999997,373.4405400000166,110.87832173068517,5400.0,0,0,0
rule_mongodb,60c1s5r10p,rw_1000000,concurrent_100,0,0,0,0,0,0,60000,137.02249999999998,221.867,481.1561400000007,118.67839467185001,60000,137.02249999999998,221.867,481.1561400000007,118.67839467185001,6000.0,0,0,0
rule_mongodb,60c1s5r10p,rw_1000000,concurrent_1,25,157,78.4551,220.7434,230.185,103.74071585350319,443,135.774,177.1134,231.12148,105.75703453273138,600,107.4674,181.550300000001,231.08504000000002,105.22943114499999,60.0,157,79,50.318471337579616
rule_mongodb,60c1s5r10p,rw_1000000,concurrent_2,25,305,78.5339,177.41940000000002,227.55592000000001,102.30833235737705,895,135.119,222.8084,228.67442,106.01961695642458,1200,106.9874,183.46240000000594,228.65705,105.07633212083333,120.0,305,186,60.98360655737705
rule_mongodb,60c1s5r10p,rw_1000000,concurrent_5,25,797,134.232,176.1508,228.95508,105.10909737515682,2203,79.6292,215.30859999999998,228.98892,103.91944480163414,3000,107.28854999999999,181.04699999999656,228.974,104.23549583533334,300.0,797,150,18.820577164366373
rule_mongodb,60c1s5r10p,rw_1000000,concurrent_10,25,1522,133.97899999999998,221.8079,227.205,107.10561518856768,4478,80.43700000000001,177.1063,227.31337,103.64717135194282,6000,107.51195,182.29060000001596,227.23309,104.52446327183334,600.0,1522,182,11.957950065703022
rule_mongodb,60c1s5r10p,rw_1000000,concurrent_20,25,2989,78.7559,191.31540000001036,228.47812000000002,104.16699264302441,9011,133.959,205.979,228.519,105.42989591177451,12000,119.31649999999999,207.5452000000057,228.49501,105.11532775591667,1200.0,2989,146,4.884576781532285
rule_mongodb,60c1s5r10p,rw_1000000,concurrent_30,25,4521,79.897,198.362,230.956,104.03778921919928,13479,137.571,220.1062,341.51189999999895,115.36251506929298,18000,136.845,219.837,331.28987999999987,112.5181214266111,1800.0,4521,287,6.348153063481531
rule_mongodb,60c1s5r10p,rw_1000000,concurrent_40,25,5858,79.50999999999999,194.0189,231.023,104.29806475367019,18142,135.341,228.2368,409.08421,116.98444021860874,24000,135.171,227.98420000000002,400.25581999999986,113.88790740720835,2400.0,5858,411,7.01604643222943
rule_mongodb,60c1s5r10p,rw_1000000,concurrent_50,25,7513,81.78,220.7686,229.82616,106.97959117729269,22487,135.973,227.9642,450.41128,119.8621382882999,30000,134.47,227.2001,443.61807,116.63591907346668,3000.0,7513,596,7.932916278450685
rule_mongodb,60c1s5r10p,rw_1000000,concurrent_60,25,9023,79.583,199.53640000000001,224.28278,105.39383201130445,26977,136.885,221.32240000000002,479.37523999999996,120.07352187200208,36000,136.127,220.868,468.2520000000008,116.39422071608334,3600.0,9023,721,7.990690457719162
rule_mongodb,60c1s5r10p,rw_1000000,concurrent_70,25,10429,133.987,223.8934,229.332,106.86145929811103,31571,134.749,227.386,506.25949999999995,123.26912435671977,42000,134.4685,226.9421,498.6478600000008,119.19494485919049,4200.0,10429,929,8.907853101927317
rule_mongodb,60c1s5r10p,rw_1000000,concurrent_80,25,12082,136.31799999999998,223.5991,301.4218100000014,112.15494291499753,35918,137.481,227.18959999999998,524.2433100000002,124.89816342432763,48000,137.337,226.70520000000002,505.3819700000004,121.69058862862501,4800.0,12082,667,5.520609170667108
rule_mongodb,60c1s5r10p,rw_1000000,concurrent_90,25,13450,85.76795,205.59900000000002,230.04657,106.00255379851302,40550,136.82350000000002,224.49009999999998,461.80861000000004,116.34476939785449,54000,135.675,224.087,436.73529000000025,113.76879162357407,5400.0,13450,617,4.587360594795539
rule_mongodb,60c1s5r10p,rw_1000000,concurrent_100,25,15169,86.9258,222.2662,230.43555999999998,105.49593905247544,44831,135.145,226.959,457.47009999999995,115.3198768600522,60000,134.9325,226.141,427.0939100000018,112.83622165,6000.0,15169,669,4.41031050168106
rule_mongodb,60c1s5r10p,rw_1000000,concurrent_1,50,288,134.36200000000002,178.8859,229.08613,104.52198977777776,312,80.0869,215.75490000000136,229.92123,104.96546158974358,600,107.10294999999999,183.98000000000087,229.27741999999998,104.75259512,60.0,288,146,50.69444444444444
rule_mongodb,60c1s5r10p,rw_1000000,concurrent_2,50,632,134.0385,178.9427,229.69114000000002,106.66250887025316,568,80.0221,193.76240000000053,230.06718,103.09854690140845,1200,107.02805,184.5436000000062,229.74111000000002,104.97556687166667,120.0,632,371,58.70253164556962
rule_mongodb,60c1s5r10p,rw_1000000,concurrent_5,50,1446,79.44800000000001,224.13150000000002,228.75785,104.58500613208852,1554,135.1345,179.83429999999998,228.78241,104.8576954015444,3000,107.77695,184.32749999999598,228.77801,104.72625917366668,300.0,1446,276,19.08713692946058
rule_mongodb,60c1s5r10p,rw_1000000,concurrent_10,50,3019,79.2729,226.6748,231.79246,104.5636366157668,2981,134.009,179.147,231.7934,105.1392959912781,6000,107.0515,184.46440000001704,231.79301,104.84964338216666,600.0,3019,271,8.976482278900297
rule_mongodb,60c1s5r10p,rw_1000000,concurrent_20,50,5971,79.1208,215.761,227.8686,104.51959269134149,6029,135.179,194.1529999999996,227.9436,104.90710165350805,12000,122.74199999999999,206.8204000000036,227.884,104.71428365241667,1200.0,5971,329,5.509964830011723
rule_mongodb,60c1s5r10p,rw_1000000,concurrent_30,50,8989,79.585,197.9304,229.041,105.52931426365558,9011,136.19,223.148,341.5573999999998,115.1828711733437,18000,134.73450000000003,222.2831,308.73692999999923,110.36199211438887,1800.0,8989,607,6.752697741684281
rule_mongodb,60c1s5r10p,rw_1000000,concurrent_40,50,11887,133.263,215.3048,231.49714,105.4734188845798,12113,135.99,222.2822,413.72159999999997,116.23436964377116,24000,133.476,221.727,389.66121,110.90456040733334,2400.0,11887,838,7.0497181795238495
rule_mongodb,60c1s5r10p,rw_1000000,concurrent_50,50,14998,133.93349999999998,215.2963,230.35,105.94197654813975,15002,135.21300000000002,226.917,448.81388999999996,119.28751609812026,30000,134.671,221.813,375.08327999999943,112.61563602576666,3000.0,14998,1165,7.767702360314709
rule_mongodb,60c1s5r10p,rw_1000000,concurrent_60,50,18027,80.3269,198.01940000000002,230.357,105.5249834687968,17973,135.111,228.545,478.13535999999993,120.849844264953,36000,133.063,227.233,401.9099400000004,113.17592022127778,3600.0,18027,1281,7.106007655183891
rule_mongodb,60c1s5r10p,rw_1000000,concurrent_70,50,21048,133.885,199.21630000000002,230.339,106.34078689771,20952,137.37349999999998,227.1809,502.69786,123.07183453837341,42000,135.939,223.81210000000002,431.36810000000065,114.68718952073806,4200.0,21048,1796,8.532877232991257
rule_mongodb,60c1s5r10p,rw_1000000,concurrent_80,50,14447,154.23,223.7364,229.13962,130.6491049125078,14353,154.444,228.204,460.35495999999927,140.59148132230195,28800,154.315,227.143,393.84826999996585,135.60406771145833,2880.0,14447,908,6.28504187720634
rule_mongodb,60c1s5r10p,rw_1000000,concurrent_90,50,27030,134.266,215.6202,228.65971,106.81742351698115,26970,135.1275,223.7961,478.7582300000002,118.72114736451611,54000,134.883,223.301,412.4652400000007,112.76267226083334,5400.0,27030,1638,6.059933407325194
rule_mongodb,60c1s5r10p,rw_1000000,concurrent_100,50,30090,134.04950000000002,220.7981,229.47144,108.29444932668662,29910,137.6485,226.63660000000002,539.36099,125.20833178431963,60000,135.01850000000002,223.2641,458.9941600000001,116.72601973181666,6000.0,30090,2261,7.5141242937853105
rule_mongodb,60c1s5r10p,rw_1000000,concurrent_1,75,447,79.0449,175.9992,230.95308,99.92223002908278,153,138.363,224.2256,230.28964000000002,119.58361163398693,600,107.97200000000001,181.46360000000098,230.95202,104.93588233833334,60.0,447,257,57.49440715883669
rule_mongodb,60c1s5r10p,rw_1000000,concurrent_2,75,882,133.9435,176.7428,227.67719,104.89200530272109,318,79.1765,223.5816,228.71266,104.39509304716981,1200,107.2135,182.29790000000608,227.71302,104.760323555,120.0,882,518,58.73015873015873
rule_mongodb,60c1s5r10p,rw_1000000,concurrent_5,75,2254,134.908,221.6402,231.499,104.6613899068323,746,79.0996,177.234,231.49545,103.46141136327077,3000,107.23544999999999,182.35359999999602,231.49901,104.36299524233333,300.0,2254,402,17.834960070984916
rule_mongodb,60c1s5r10p,rw_1000000,concurrent_10,75,4521,136.059,176.204,231.8078,104.91966238885202,1479,79.8169,219.9974,231.79422,103.20317685936443,6000,108.36500000000001,219.9621,231.80601000000001,104.49654870583335,600.0,4521,418,9.245742092457421
rule_mongodb,60c1s5r10p,rw_1000000,concurrent_20,75,9060,134.325,215.7691,228.93,105.1778710700883,2940,79.36789999999999,175.5071,229.03522,102.03973881326529,12000,134.255,215.56650000000005,228.938,104.40902866716665,1200.0,9060,488,5.386313465783664
rule_mongodb,60c1s5r10p,rw_1000000,concurrent_30,75,13495,133.36,214.19120000000854,231.289,106.34276821926639,4505,134.926,229.05859999999998,340.5403600000001,115.98599368856824,18000,133.435,224.19830000000002,248.24989999999923,108.75625326033335,1800.0,13495,868,6.432011856243053
rule_mongodb,60c1s5r10p,rw_1000000,concurrent_40,75,17901,80.771,199.572,229.17,105.50800047628624,6099,135.217,223.3676,411.3896799999992,116.87984360173799,24000,134.327,221.458,279.3260799999998,108.39787011054166,2400.0,17901,1144,6.390704429920116
rule_mongodb,60c1s5r10p,rw_1000000,concurrent_50,75,22453,135.823,221.7128,230.21648000000002,106.15963386518504,7547,136.598,227.2354,458.99464,120.90862789545515,30000,135.994,222.0353,319.21027999999916,109.86998913006667,3000.0,22453,1728,7.696076248162829
rule_mongodb,60c1s5r10p,rw_1000000,concurrent_60,75,26933,135.827,221.3496,227.483,106.0754818705677,9067,136.214,224.9364,477.29350000000005,121.11127805249806,36000,135.96050000000002,221.649,333.2628300000012,109.8624142033889,3600.0,26933,1952,7.247614450673894
rule_mongodb,60c1s5r10p,rw_1000000,concurrent_70,75,31433,133.934,215.959,231.18968,106.61702414370248,10567,135.867,227.8692,496.09712,121.37201615425381,42000,134.125,216.4323,308.1600600000039,110.3293098716905,4200.0,31433,2668,8.487894887538575
rule_mongodb,60c1s5r10p,rw_1000000,concurrent_80,75,35959,134.984,221.31640000000002,226.98742,109.07281522339332,12041,136.035,222.389,520.7962,124.56773126260278,48000,135.1775,221.5111,325.15786000000014,112.95977947397918,4800.0,35959,2623,7.294418643455046
rule_mongodb,60c1s5r10p,rw_1000000,concurrent_90,75,40373,135.069,206.28640000000001,231.33628000000002,106.45408426084263,13627,136.322,222.2208,472.31264,118.04952377104279,54000,135.397,221.594,247.07576000000014,109.38021489427778,5400.0,40373,1988,4.924082926708444
rule_mongodb,60c1s5r10p,rw_1000000,concurrent_100,75,44978,91.11905,217.97150000000002,230.86523000000003,107.11819788160878,15022,135.48250000000002,224.84189999999998,496.15479999999883,122.2438918978831,60000,134.003,219.0013,305.32973000000015,110.90516747348333,6000.0,44978,2899,6.445373293610209
rule_mongodb,60c1s5r10p,rw_1000000,concurrent_1,100,600,107.2595,182.53840000000105,230.76201,104.99677510999999,0,0,0,0,0,600,107.2595,182.53840000000105,230.76201,104.99677510999999,60.0,600,348,58.0
rule_mongodb,60c1s5r10p,rw_1000000,concurrent_2,100,1200,106.021,181.13510000000528,229.37503,104.34884716583333,0,0,0,0,0,1200,106.021,181.13510000000528,229.37503,104.34884716583333,120.0,1200,632,52.666666666666664
rule_mongodb,60c1s5r10p,rw_1000000,concurrent_5,100,3000,106.46100000000001,182.4998999999959,231.81401,104.50661456466668,0,0,0,0,0,3000,106.46100000000001,182.4998999999959,231.81401,104.50661456466668,300.0,3000,577,19.233333333333334
rule_mongodb,60c1s5r10p,rw_1000000,concurrent_10,100,6000,106.50755000000001,182.60920000001576,231.447,104.50769903916668,0,0,0,0,0,6000,106.50755000000001,182.60920000001576,231.447,104.50769903916668,600.0,6000,599,9.983333333333333
rule_mongodb,60c1s5r10p,rw_1000000,concurrent_20,100,12000,106.98745,182.8015000000148,231.176,104.7731597275,0,0,0,0,0,12000,106.98745,182.8015000000148,231.176,104.7731597275,1200.0,12000,622,5.183333333333334
rule_mongodb,60c1s5r10p,rw_1000000,concurrent_30,100,18000,133.243,221.1722,230.39,105.55345362422221,0,0,0,0,0,18000,133.243,221.1722,230.39,105.55345362422221,1800.0,18000,1183,6.572222222222222
rule_mongodb,60c1s5r10p,rw_1000000,concurrent_40,100,24000,133.012,216.30370000000002,227.51801,105.18088762195833,0,0,0,0,0,24000,133.012,216.30370000000002,227.51801,105.18088762195833,2400.0,24000,1535,6.395833333333333
rule_mongodb,60c1s5r10p,rw_1000000,concurrent_50,100,30000,134.918,221.64710000000002,230.289,106.12857750643333,0,0,0,0,0,30000,134.918,221.64710000000002,230.289,106.12857750643333,3000.0,30000,2301,7.67
rule_mongodb,60c1s5r10p,rw_1000000,concurrent_60,100,36000,132.8995,207.02370000002688,231.002,105.79475261633334,0,0,0,0,0,36000,132.8995,207.02370000002688,231.002,105.79475261633334,3600.0,36000,2540,7.055555555555555
rule_mongodb,60c1s5r10p,rw_1000000,concurrent_70,100,42000,133.9495,218.302,229.338,106.43904046709525,0,0,0,0,0,42000,133.9495,218.302,229.338,106.43904046709525,4200.0,42000,3577,8.516666666666667
rule_mongodb,60c1s5r10p,rw_1000000,concurrent_80,100,48000,133.25650000000002,221.673,228.81801000000002,106.78515835504166,0,0,0,0,0,48000,133.25650000000002,221.673,228.81801000000002,106.78515835504166,4800.0,48000,3607,7.514583333333333
rule_mongodb,60c1s5r10p,rw_1000000,concurrent_90,100,54000,133.861,215.448,229.30601000000001,105.9065859732037,0,0,0,0,0,54000,133.861,215.448,229.30601000000001,105.9065859732037,5400.0,54000,1878,3.477777777777778
rule_mongodb,60c1s5r10p,rw_1000000,concurrent_100,100,60000,133.283,221.273,230.40601,106.83630841095001,0,0,0,0,0,60000,133.283,221.273,230.40601,106.83630841095001,6000.0,60000,3554,5.923333333333333
rule_mongodb,60c1s5r10p,rw_zipf_1,concurrent_1,0,0,0,0,0,0,600,107.3676,182.7256000000009,229.58701,104.94152919499999,600,107.3676,182.7256000000009,229.58701,104.94152919499999,60.0,0,0,0
rule_mongodb,60c1s5r10p,rw_zipf_1,concurrent_2,0,0,0,0,0,0,1200,107.79645,181.1088000000061,230.03702,104.79064425916667,1200,107.79645,181.1088000000061,230.03702,104.79064425916667,120.0,0,0,0
rule_mongodb,60c1s5r10p,rw_zipf_1,concurrent_5,0,0,0,0,0,0,3000,107.125,184.8167999999964,228.73711,104.73272133466665,3000,107.125,184.8167999999964,228.73711,104.73272133466665,300.0,0,0,0
rule_mongodb,60c1s5r10p,rw_zipf_1,concurrent_10,0,0,0,0,0,0,6000,107.42945,182.86920000001433,230.372,104.35951720566668,6000,107.42945,182.86920000001433,230.372,104.35951720566668,600.0,0,0,0
rule_mongodb,60c1s5r10p,rw_zipf_1,concurrent_20,0,0,0,0,0,0,12000,115.48599999999999,196.33590000000916,228.469,104.10289526458332,12000,115.48599999999999,196.33590000000916,228.469,104.10289526458332,1200.0,0,0,0
rule_mongodb,60c1s5r10p,rw_zipf_1,concurrent_30,0,0,0,0,0,0,18000,137.3745,223.5521,347.8149099999999,115.31185603827778,18000,137.3745,223.5521,347.8149099999999,115.31185603827778,1800.0,0,0,0
rule_mongodb,60c1s5r10p,rw_zipf_1,concurrent_40,0,0,0,0,0,0,24000,133.893,225.5711,420.71801,116.83365214529167,24000,133.893,225.5711,420.71801,116.83365214529167,2400.0,0,0,0
rule_mongodb,60c1s5r10p,rw_zipf_1,concurrent_50,0,0,0,0,0,0,30000,134.9,223.0461,451.35128,119.4051531979,30000,134.9,223.0461,451.35128,119.4051531979,3000.0,0,0,0
rule_mongodb,60c1s5r10p,rw_zipf_1,concurrent_60,0,0,0,0,0,0,36000,136.184,227.6113,478.07229000000007,120.58385335983333,36000,136.184,227.6113,478.07229000000007,120.58385335983333,3600.0,0,0,0
rule_mongodb,60c1s5r10p,rw_zipf_1,concurrent_70,0,0,0,0,0,0,42000,137.00650000000002,225.841,506.05418000000003,123.8981920851905,42000,137.00650000000002,225.841,506.05418000000003,123.8981920851905,4200.0,0,0,0
rule_mongodb,60c1s5r10p,rw_zipf_1,concurrent_80,0,0,0,0,0,0,48000,135.528,227.08610000000002,515.6180800000001,123.09675139502083,48000,135.528,227.08610000000002,515.6180800000001,123.09675139502083,4800.0,0,0,0
rule_mongodb,60c1s5r10p,rw_zipf_1,concurrent_90,0,0,0,0,0,0,54000,135.1415,222.3251,448.82762000000037,114.86857589896296,54000,135.1415,222.3251,448.82762000000037,114.86857589896296,5400.0,0,0,0
rule_mongodb,60c1s5r10p,rw_zipf_1,concurrent_100,0,0,0,0,0,0,60000,134.2585,220.1511,489.83692000000036,119.56060377571669,60000,134.2585,220.1511,489.83692000000036,119.56060377571669,6000.0,0,0,0
rule_mongodb,60c1s5r10p,rw_zipf_1,concurrent_1,25,145,79.365,176.19060000000002,230.83372,101.14837302068966,455,134.411,223.93259999999998,231.65636,106.44785667032967,600,106.93195,183.547000000001,231.5666,105.16714812166666,60.0,145,31,21.379310344827587
rule_mongodb,60c1s5r10p,rw_zipf_1,concurrent_2,25,316,78.98195000000001,215.363,229.50590000000003,106.14023281329114,884,134.13350000000003,177.858,230.48028,104.1246008337104,1200,106.96195,181.7198000000051,230.0292,104.65538392166667,120.0,316,95,30.063291139240505
rule_mongodb,60c1s5r10p,rw_zipf_1,concurrent_5,25,765,79.4092,177.0656,228.49972,102.70506866405228,2235,135.236,220.812,228.50896,104.93975676957496,3000,107.87745000000001,182.48079999999612,228.50504999999998,104.36991130266667,300.0,765,59,7.712418300653595
rule_mongodb,60c1s5r10p,rw_zipf_1,concurrent_10,25,1510,78.72035,175.8974,228.94182,101.76400692649008,4490,133.98649999999998,215.77530000000002,228.93211,104.72189769376392,6000,106.90254999999999,181.128400000014,228.93801,103.977495184,600.0,1510,68,4.503311258278146
rule_mongodb,60c1s5r10p,rw_zipf_1,concurrent_20,25,2975,79.1021,221.8778,227.25325999999998,103.40676685109243,9025,133.176,178.4118000000005,227.222,104.62260681030469,12000,111.3675,189.25820000001315,227.22801,104.32117982041665,1200.0,2975,55,1.8487394957983194
rule_mongodb,60c1s5r10p,rw_zipf_1,concurrent_30,25,4450,134.018,217.1498,293.05397000000005,108.75478986606743,13550,134.784,222.972,341.22118,115.0392829300369,18000,134.207,222.88510000000002,332.7215599999998,113.48561658922222,1800.0,4450,179,4.022471910112359
rule_mongodb,60c1s5r10p,rw_zipf_1,concurrent_40,25,6000,135.823,221.307,328.5076300000003,109.00293393900002,18000,136.03050000000002,222.73450000000003,416.1345999999986,116.76060621677779,24000,135.949,221.8891,409.5434799999996,114.82118814733333,2400.0,6000,215,3.5833333333333335
rule_mongodb,60c1s5r10p,rw_zipf_1,concurrent_50,25,7547,134.047,223.67340000000002,355.98011999999994,110.78592962514907,22453,134.886,224.3168,451.7288799999999,119.67899974292968,30000,134.417,224.053,445.3592199999998,117.44179973696667,3000.0,7547,322,4.266595998409964
rule_mongodb,60c1s5r10p,rw_zipf_1,concurrent_60,25,8934,135.088,224.1267,363.63279000000017,111.8513927907992,27066,135.358,225.1735,481.92249999999984,120.33778133954037,36000,135.2955,224.5671,471.6177200000002,118.2317425813611,3600.0,8934,360,4.029550033579584
rule_mongodb,60c1s5r10p,rw_zipf_1,concurrent_70,25,10580,135.69549999999998,224.8112,410.7419999999987,113.44663352079395,31420,136.16750000000002,227.321,498.79678,122.45632135009548,42000,136.0575,227.03609999999998,491.8925500000001,120.18673808261903,4200.0,10580,621,5.869565217391305
rule_mongodb,60c1s5r10p,rw_zipf_1,concurrent_80,25,11846,134.6905,223.4115,392.8710999999999,111.3469458867128,36154,135.412,227.3897,514.5258300000002,122.93434923145433,48000,135.249,226.421,495.7057000000012,120.07467464766667,4800.0,11846,561,4.735775789295965
rule_mongodb,60c1s5r10p,rw_zipf_1,concurrent_90,25,13359,134.281,223.8168,230.21724,108.008359870125,40641,134.239,225.845,368.48819999999904,110.53732934509485,54000,134.24349999999998,224.25629999999998,337.12503,109.91169039664815,5400.0,13359,204,1.5270604087132271
rule_mongodb,60c1s5r10p,rw_zipf_1,concurrent_100,25,15092,134.1555,221.8756,418.91161000000045,112.73190095984627,44908,135.3275,227.23930000000001,521.6381500000001,121.25109606684778,60000,134.718,223.94910000000002,481.21512000000024,119.10823452426666,6000.0,15092,646,4.280413464086934
rule_mongodb,60c1s5r10p,rw_zipf_1,concurrent_1,50,292,134.59949999999998,221.2683,227.62811999999997,107.61633297260273,308,80.06944999999999,177.143,228.30311,102.26784531818181,600,107.044,181.68630000000098,228.30522000000002,104.87077597666666,60.0,292,80,27.397260273972602
rule_mongodb,60c1s5r10p,rw_zipf_1,concurrent_2,50,606,79.82849999999999,177.989,228.86615000000003,104.53560489603962,594,133.449,220.64509999999999,229.23207,105.10887584848486,1200,106.9039,182.4662000000056,229.14104,104.81937401749998,120.0,606,150,24.752475247524753
rule_mongodb,60c1s5r10p,rw_zipf_1,concurrent_5,50,1482,134.4755,218.0024,230.28266,106.95257371457488,1518,79.90164999999999,177.23909999999998,230.33998,102.07848245520421,3000,107.06705,182.3099999999964,230.3,104.48628353733335,300.0,1482,129,8.704453441295547
rule_mongodb,60c1s5r10p,rw_zipf_1,concurrent_10,50,2970,80.14,221.1363,227.331,104.67193575555555,3030,134.285,179.232,227.39911,104.38729883234325,6000,107.65944999999999,184.09580000001495,227.33901,104.52819410933333,600.0,2970,121,4.074074074074074
rule_mongodb,60c1s5r10p,rw_zipf_1,concurrent_20,50,6000,82.4879,199.55110000000042,228.96401,104.74126757316665,6000,133.255,223.3871,228.97803000000002,105.23837913033333,12000,126.1005,220.20830000000126,228.96701000000002,104.98982335174999,1200.0,6000,136,2.2666666666666666
rule_mongodb,60c1s5r10p,rw_zipf_1,concurrent_30,50,8988,135.163,221.2096,296.4563299999989,109.84449324109924,9012,135.2475,227.084,340.73903,113.76229923557477,18000,135.20850000000002,221.8693,318.96077999999983,111.806008109,1800.0,8988,417,4.6395193591455275
rule_mongodb,60c1s5r10p,rw_zipf_1,concurrent_40,50,12009,133.903,223.9112,329.60496,110.05957661978516,11991,134.173,228.516,415.4302000000001,117.80940805203902,24000,134.10750000000002,228.4421,395.91545999999994,113.93158614912501,2400.0,12009,380,3.1642934465817305
rule_mongodb,60c1s5r10p,rw_zipf_1,concurrent_50,50,15062,135.2815,216.0288,378.65903999999995,112.01812039410437,14938,135.996,227.12630000000001,452.5718199999999,120.0894909282367,30000,135.8795,224.308,444.82012999999984,116.03712482873335,3000.0,15062,666,4.421723542690214
rule_mongodb,60c1s5r10p,rw_zipf_1,concurrent_60,50,18094,134.63600000000002,220.882,372.9844299999999,112.13720733939427,17906,135.3595,223.8885,483.4470000000002,119.66188488668601,36000,134.99849999999998,223.354,462.00302,115.87989834388888,3600.0,18094,823,4.548469105780922
rule_mongodb,60c1s5r10p,rw_zipf_1,concurrent_70,50,21043,133.366,223.278,395.05569999999733,112.12849721679417,20957,135.244,225.9952,505.3351199999996,123.56927622550937,42000,134.28,225.4601,467.45315000000653,117.83717354264286,4200.0,21043,1113,5.289169795181295
rule_mongodb,60c1s5r10p,rw_zipf_1,concurrent_80,50,23990,134.8025,222.26420000000002,429.5332800000002,114.03094094697789,24010,136.7865,227.5551,521.05182,124.69296067805084,48000,135.60250000000002,223.886,496.1240100000004,119.36417206662502,4800.0,23990,1012,4.218424343476449
rule_mongodb,60c1s5r10p,rw_zipf_1,concurrent_90,50,26946,136.0335,221.71249999999998,300.1182499999991,109.58034163898166,27054,136.1815,222.251,448.40364000000005,114.12675548565831,54000,136.116,221.9033,416.8324100000003,111.85809497616665,5400.0,26946,641,2.3788317375491723
rule_mongodb,60c1s5r10p,rw_zipf_1,concurrent_100,50,29976,134.664,222.2825,379.84700000000004,111.79988685695224,30024,136.1125,224.0711,490.63274000000035,118.98776938569145,60000,135.855,223.21020000000001,457.53020000000004,115.39670327433332,6000.0,29976,1019,3.399386175607152
rule_mongodb,60c1s5r10p,rw_zipf_1,concurrent_1,75,463,134.375,223.65359999999998,228.84212,108.11483928077755,137,78.843,176.66500000000002,227.96732,95.08827604379562,600,107.02995000000001,183.678400000001,228.81474,105.14044067500001,60.0,463,115,24.838012958963283
rule_mongodb,60c1s5r10p,rw_zipf_1,concurrent_2,75,875,133.965,221.7206,229.78582,106.63971123542858,325,79.175,176.2796,230.77123999999998,100.37501895384615,1200,106.7905,183.01190000000585,229.88037,104.94302374249999,120.0,875,247,28.228571428571428
rule_mongodb,60c1s5r10p,rw_zipf_1,concurrent_5,75,2247,80.8281,180.6804,227.74654,103.78928717356474,753,133.808,220.1104,228.12184,106.10138650730411,3000,107.381,184.66719999999643,227.78810000000001,104.36962410633333,300.0,2247,143,6.3640409434801954
rule_mongodb,60c1s5r10p,rw_zipf_1,concurrent_10,75,4452,79.90795,179.01810000000003,228.77347,104.15856942026055,1548,134.23250000000002,221.1468,228.76864999999998,105.48320158204135,6000,107.51599999999999,183.2971000000153,228.77101,104.50032451800001,600.0,4452,162,3.638814016172507
rule_mongodb,60c1s5r10p,rw_zipf_1,concurrent_20,75,8978,134.82,180.21270000000018,228.93822999999998,104.3188182090666,3022,84.41555,215.75279999999998,228.93637,104.60153991826607,12000,115.30695,194.6633000000085,228.938,104.39001695949999,1200.0,8978,197,2.1942526175094677
rule_mongodb,60c1s5r10p,rw_zipf_1,concurrent_30,75,13470,134.10750000000002,226.0401,310.28194999999994,110.2602565321455,4530,134.422,226.5496,341.93580000000003,115.35475027019866,18000,134.12349999999998,226.092,319.6771899999998,111.54237078955555,1800.0,13470,484,3.593170007423905
rule_mongodb,60c1s5r10p,rw_zipf_1,concurrent_40,75,17995,135.935,217.935,322.1074400000002,109.4336093304807,6005,136.048,222.7236,415.05076,116.07286243680268,24000,135.956,221.7191,388.5921799999987,111.09480578479167,2400.0,17995,630,3.5009724923589887
rule_mongodb,60c1s5r10p,rw_zipf_1,concurrent_50,75,22307,133.521,221.283,363.2410999999999,111.79780015349442,7693,135.382,225.2036,455.84792,119.91087029442352,30000,135.0475,221.46710000000002,431.80729999999966,113.8782617733,3000.0,22307,986,4.420137176671
rule_mongodb,60c1s5r10p,rw_zipf_1,concurrent_60,75,26920,133.6255,219.708,383.05334,111.47860040761516,9080,136.20350000000002,220.15140000000002,483.1632099999994,119.01799667874448,36000,136.078,219.83,407.22802000000206,113.38020368933334,3600.0,26920,1116,4.145616641901932
rule_mongodb,60c1s5r10p,rw_zipf_1,concurrent_70,75,31466,134.8295,223.908,416.87154999999973,113.70132788381112,10534,135.51749999999998,227.794,501.76329000000004,124.44433735456616,42000,135.111,226.6561,445.41838000000007,116.39577697345237,4200.0,31466,1509,4.795652450263777
rule_mongodb,60c1s5r10p,rw_zipf_1,concurrent_80,75,35991,135.105,222.073,429.0510999999998,114.57938226089856,12009,135.827,223.582,508.9434,121.0579842624698,48000,135.2095,222.3211,449.80623,116.20024749916666,4800.0,35991,1480,4.112139145897586
rule_mongodb,60c1s5r10p,rw_zipf_1,concurrent_90,75,40419,134.189,220.2956,306.19037999999995,109.1833449407457,13581,134.265,223.29,418.8360000000011,111.65061259031,54000,134.207,220.50359999999998,345.0050300000012,109.80386275461113,5400.0,40419,715,1.7689700388431184
rule_mongodb,60c1s5r10p,rw_zipf_1,concurrent_100,75,45048,135.5325,219.49130000000002,402.2786299999997,112.74360756577428,14952,135.7645,222.748,496.10771999999974,118.90948798909845,60000,135.59199999999998,220.00220000000002,442.2983100000003,114.28014496726666,6000.0,45048,1383,3.0700586041555673
rule_mongodb,60c1s5r10p,rw_zipf_1,concurrent_1,100,600,107.32145,182.43900000000107,228.89311,105.191772275,0,0,0,0,0,600,107.32145,182.43900000000107,228.89311,105.191772275,60.0,600,157,26.166666666666668
rule_mongodb,60c1s5r10p,rw_zipf_1,concurrent_2,100,1200,107.02945,181.44010000000557,228.91703,104.90148382916666,0,0,0,0,0,1200,107.02945,181.44010000000557,228.91703,104.90148382916666,120.0,1200,281,23.416666666666668
rule_mongodb,60c1s5r10p,rw_zipf_1,concurrent_5,100,3000,108.0015,182.4243999999961,230.40601,104.58062255033335,0,0,0,0,0,3000,108.0015,182.4243999999961,230.40601,104.58062255033335,300.0,3000,229,7.633333333333334
rule_mongodb,60c1s5r10p,rw_zipf_1,concurrent_10,100,6000,106.64355,183.2021000000155,229.30601000000001,104.21230481383333,0,0,0,0,0,6000,106.64355,183.2021000000155,229.30601000000001,104.21230481383333,600.0,6000,202,3.3666666666666667
rule_mongodb,60c1s5r10p,rw_zipf_1,concurrent_20,100,12000,116.66095,200.44010000000947,230.109,104.89779224283333,0,0,0,0,0,12000,116.66095,200.44010000000947,230.109,104.89779224283333,1200.0,12000,267,2.225
rule_mongodb,60c1s5r10p,rw_zipf_1,concurrent_30,100,18000,134.43,218.346,309.46777999999983,109.69018997838889,0,0,0,0,0,18000,134.43,218.346,309.46777999999983,109.69018997838889,1800.0,18000,701,3.8944444444444444
rule_mongodb,60c1s5r10p,rw_zipf_1,concurrent_40,100,24000,134.10750000000002,222.6341,366.43435999999997,110.96660278129167,0,0,0,0,0,24000,134.10750000000002,222.6341,366.43435999999997,110.96660278129167,2400.0,24000,941,3.9208333333333334
rule_mongodb,60c1s5r10p,rw_zipf_1,concurrent_50,100,30000,134.53300000000002,225.823,373.79215999999946,112.11753082563334,0,0,0,0,0,30000,134.53300000000002,225.823,373.79215999999946,112.11753082563334,3000.0,30000,1261,4.203333333333333
rule_mongodb,60c1s5r10p,rw_zipf_1,concurrent_60,100,36000,136.104,222.453,393.19780000000054,112.5949957593889,0,0,0,0,0,36000,136.104,222.453,393.19780000000054,112.5949957593889,3600.0,36000,1337,3.713888888888889
rule_mongodb,60c1s5r10p,rw_zipf_1,concurrent_70,100,42000,136.099,223.9361,425.9551,114.8899741242381,0,0,0,0,0,42000,136.099,223.9361,425.9551,114.8899741242381,4200.0,42000,1828,4.352380952380952
rule_mongodb,60c1s5r10p,rw_zipf_1,concurrent_80,100,48000,135.23649999999998,216.9262,434.29168000000016,114.68078450360417,0,0,0,0,0,48000,135.23649999999998,216.9262,434.29168000000016,114.68078450360417,4800.0,48000,1828,3.808333333333333
rule_mongodb,60c1s5r10p,rw_zipf_1,concurrent_90,100,54000,135.433,223.155,394.27516000000026,111.68285990155556,0,0,0,0,0,54000,135.433,223.155,394.27516000000026,111.68285990155556,5400.0,54000,1497,2.772222222222222
rule_mongodb,60c1s5r10p,rw_zipf_1,concurrent_100,100,60000,135.1365,223.1953,418.9930100000002,112.54682334668333,0,0,0,0,0,60000,135.1365,223.1953,418.9930100000002,112.54682334668333,6000.0,60000,1824,3.04
