protocol,site,workload,concurrent,fastpath_percentage,fastpath_count,fastpath_50pct,fastpath_90pct,fastpath_99pct,fastpath_ave,slowpath_count,slowpath_50pct,slowpath_90pct,slowpath_99pct,slowpath_ave,total_count,total_50pct,total_90pct,total_99pct,total_ave,throughput,fastpath_attempt_count,fastpath_success_count,fastpath_success_rate
none_fpga_raft,60c1s5r10p,rw_1000000,concurrent_1,0,0,0,0,0,0,4955,104.327,207.441,273.71346,121.1142467608476,4955,104.327,207.441,273.71346,121.1142467608476,495.5,0,0,0
none_fpga_raft,60c1s5r10p,rw_1000000,concurrent_2,0,0,0,0,0,0,9832,104.797,208.0705,274.80969,121.9867656834825,9832,104.797,208.0705,274.80969,121.9867656834825,983.2,0,0,0
none_fpga_raft,60c1s5r10p,rw_1000000,concurrent_5,0,0,0,0,0,0,24850,103.7675,206.81150000000002,273.84751,120.80289097786718,24850,103.7675,206.81150000000002,273.84751,120.80289097786718,2485.0,0,0,0
none_fpga_raft,60c1s5r10p,rw_1000000,concurrent_10,0,0,0,0,0,0,49005,105.111,208.64479999999998,275.59496,122.29160526272831,49005,105.111,208.64479999999998,275.59496,122.29160526272831,4900.5,0,0,0
none_fpga_raft,60c1s5r10p,rw_1000000,concurrent_20,0,0,0,0,0,0,96334,106.656,214.35789999999952,276.73467,124.321716315112,96334,106.656,214.35789999999952,276.73467,124.321716315112,9633.4,0,0,0
none_fpga_raft,60c1s5r10p,rw_1000000,concurrent_30,0,0,0,0,0,0,127792,124.295,236.232,290.76918,140.99954738559538,127792,124.295,236.232,290.76918,140.99954738559538,12779.2,0,0,0
none_fpga_raft,60c1s5r10p,rw_1000000,concurrent_40,0,0,0,0,0,0,145250,147.825,258.11710000000005,313.26453000000004,165.17624503889846,145250,147.825,258.11710000000005,313.26453000000004,165.17624503889846,14525.0,0,0,0
none_fpga_raft,60c1s5r10p,rw_1000000,concurrent_50,0,0,0,0,0,0,156198,172.004,282.2506,340.13009,192.0434399857873,156198,172.004,282.2506,340.13009,192.0434399857873,15619.8,0,0,0
none_fpga_raft,60c1s5r10p,rw_1000000,concurrent_60,0,0,0,0,0,0,166805,197.773,306.63820000000004,362.33783999999997,215.79089732921676,166805,197.773,306.63820000000004,362.33783999999997,215.79089732921676,16680.5,0,0,0
none_fpga_raft,60c1s5r10p,rw_1000000,concurrent_70,0,0,0,0,0,0,176644,218.4925,335.30510000000004,391.31971000000004,237.74639605081413,176644,218.4925,335.30510000000004,391.31971000000004,237.74639605081413,17664.4,0,0,0
none_fpga_raft,60c1s5r10p,rw_1000000,concurrent_80,0,0,0,0,0,0,178290,248.198,368.4272,426.74343999999996,269.02024811823435,178290,248.198,368.4272,426.74343999999996,269.02024811823435,17829.0,0,0,0
none_fpga_raft,60c1s5r10p,rw_1000000,concurrent_90,0,0,0,0,0,0,176615,286.95,416.5912,473.65457999999995,305.82605945701096,176615,286.95,416.5912,473.65457999999995,305.82605945701096,17661.5,0,0,0
none_fpga_raft,60c1s5r10p,rw_1000000,concurrent_100,0,0,0,0,0,0,173056,327.4615,451.7595,511.88935000000004,346.645739384939,173056,327.4615,451.7595,511.88935000000004,346.645739384939,17305.6,0,0,0
none_copilot,60c1s5r10p,rw_1000000,concurrent_1,0,0,0,0,0,0,2875,172.479,306.7992,364.39761999999996,209.12962643478264,2875,172.479,306.7992,364.39761999999996,209.12962643478264,287.5,0,0,0
none_copilot,60c1s5r10p,rw_1000000,concurrent_2,0,0,0,0,0,0,7299,133.473,267.18940000000003,326.08531999999997,164.2836840252089,7299,133.473,267.18940000000003,326.08531999999997,164.2836840252089,729.9,0,0,0
none_copilot,60c1s5r10p,rw_1000000,concurrent_5,0,0,0,0,0,0,17168,138.3655,272.11440000000005,324.63797,174.38954001630938,17168,138.3655,272.11440000000005,324.63797,174.38954001630938,1716.8,0,0,0
none_copilot,60c1s5r10p,rw_1000000,concurrent_10,0,0,0,0,0,0,34409,135.083,273.9592,325.09779999999995,174.05976998459707,34409,135.083,273.9592,325.09779999999995,174.05976998459707,3440.9,0,0,0
none_copilot,60c1s5r10p,rw_1000000,concurrent_20,0,0,0,0,0,0,68607,136.911,273.881,334.35128000000014,174.6720003906307,68607,136.911,273.881,334.35128000000014,174.6720003906307,6860.7,0,0,0
none_copilot,60c1s5r10p,rw_1000000,concurrent_30,0,0,0,0,0,0,88320,176.06349999999998,286.6302,354.67157999999995,203.6721812613225,88320,176.06349999999998,286.6302,354.67157999999995,203.6721812613225,8832.0,0,0,0
none_copilot,60c1s5r10p,rw_1000000,concurrent_40,0,0,0,0,0,0,113036,189.6465,307.625,379.68149999999963,212.24176684065256,113036,189.6465,307.625,379.68149999999963,212.24176684065256,11303.6,0,0,0
none_copilot,60c1s5r10p,rw_1000000,concurrent_50,0,0,0,0,0,0,131081,210.321,332.545,395.3578,228.49688980477723,131081,210.321,332.545,395.3578,228.49688980477723,13108.1,0,0,0
none_copilot,60c1s5r10p,rw_1000000,concurrent_60,0,0,0,0,0,0,152928,223.29250000000002,353.26230000000004,442.59278000000086,235.37518727048027,152928,223.29250000000002,353.26230000000004,442.59278000000086,235.37518727048027,15292.8,0,0,0
none_copilot,60c1s5r10p,rw_1000000,concurrent_70,0,0,0,0,0,0,173879,235.253,374.1312,480.46344,242.58082508411022,173879,235.253,374.1312,480.46344,242.58082508411022,17387.9,0,0,0
none_copilot,60c1s5r10p,rw_1000000,concurrent_80,0,0,0,0,0,0,252249,168.788,281.919,347.1316,189.54636536358922,252249,168.788,281.919,347.1316,189.54636536358922,25224.9,0,0,0
none_copilot,60c1s5r10p,rw_1000000,concurrent_90,0,0,0,0,0,0,260541,183.291,302.243,363.23240000000004,206.6029619130962,260541,183.291,302.243,363.23240000000004,206.6029619130962,26054.1,0,0,0
none_copilot,60c1s5r10p,rw_1000000,concurrent_100,0,0,0,0,0,0,207574,286.8435,389.021,472.46554,287.4483448452119,207574,286.8435,389.021,472.46554,287.4483448452119,20757.4,0,0,0
none_mencius,60c1s5r10p,rw_1000000,concurrent_1,0,0,0,0,0,0,3441,141.525,306.094,351.532,174.3940641673932,3441,141.525,306.094,351.532,174.3940641673932,344.1,0,0,0
none_mencius,60c1s5r10p,rw_1000000,concurrent_2,0,0,0,0,0,0,6744,141.6485,309.9687,350.7524399999999,177.9943088078292,6744,141.6485,309.9687,350.7524399999999,177.9943088078292,674.4,0,0,0
none_mencius,60c1s5r10p,rw_1000000,concurrent_5,0,0,0,0,0,0,16693,139.766,311.9264,339.75536,179.43168960043133,16693,139.766,311.9264,339.75536,179.43168960043133,1669.3,0,0,0
none_mencius,60c1s5r10p,rw_1000000,concurrent_10,0,0,0,0,0,0,33175,137.759,312.39220000000006,337.87168,180.60174487415225,33175,137.759,312.39220000000006,337.87168,180.60174487415225,3317.5,0,0,0
none_mencius,60c1s5r10p,rw_1000000,concurrent_20,0,0,0,0,0,0,65745,140.245,314.3984,341.25068,182.4474957654574,65745,140.245,314.3984,341.25068,182.4474957654574,6574.5,0,0,0
none_mencius,60c1s5r10p,rw_1000000,concurrent_30,0,0,0,0,0,0,95145,150.939,319.671,349.86904,189.0916231404698,95145,150.939,319.671,349.86904,189.0916231404698,9514.5,0,0,0
none_mencius,60c1s5r10p,rw_1000000,concurrent_40,0,0,0,0,0,0,116562,170.865,337.5699,383.23073,205.80231386729812,116562,170.865,337.5699,383.23073,205.80231386729812,11656.2,0,0,0
none_mencius,60c1s5r10p,rw_1000000,concurrent_50,0,0,0,0,0,0,123730,212.3265,373.1642,431.80584,242.39971718742422,123730,212.3265,373.1642,431.80584,242.39971718742422,12373.0,0,0,0
none_mencius,60c1s5r10p,rw_1000000,concurrent_60,0,0,0,0,0,0,122968,271.267,423.5353,485.81266,292.72402136897415,122968,271.267,423.5353,485.81266,292.72402136897415,12296.8,0,0,0
none_mencius,60c1s5r10p,rw_1000000,concurrent_70,0,0,0,0,0,0,120268,328.6585,490.1703,564.59732,349.053909535371,120268,328.6585,490.1703,564.59732,349.053909535371,12026.8,0,0,0
none_mencius,60c1s5r10p,rw_1000000,concurrent_80,0,0,0,0,0,0,117548,384.87,569.9502,653.77159,408.0995267635349,117548,384.87,569.9502,653.77159,408.0995267635349,11754.8,0,0,0
none_mencius,60c1s5r10p,rw_1000000,concurrent_90,0,0,0,0,0,0,108980,491.1655,673.821,803.8814699999999,494.81672730776285,108980,491.1655,673.821,803.8814699999999,494.81672730776285,10898.0,0,0,0
none_mencius,60c1s5r10p,rw_1000000,concurrent_100,0,0,0,0,0,0,102481,584.199,767.313,905.5718,585.7150451498326,102481,584.199,767.313,905.5718,585.7150451498326,10248.1,0,0,0
none_mongodb,60c1s5r10p,rw_1000000,concurrent_1,0,0,0,0,0,0,3216,168.30349999999999,286.8175,353.65645,187.1524697761194,3216,168.30349999999999,286.8175,353.65645,187.1524697761194,321.6,0,0,0
none_mongodb,60c1s5r10p,rw_1000000,concurrent_2,0,0,0,0,0,0,6356,176.6245,290.3605,357.04564999999997,188.52162611705475,6356,176.6245,290.3605,357.04564999999997,188.52162611705475,635.6,0,0,0
none_mongodb,60c1s5r10p,rw_1000000,concurrent_5,0,0,0,0,0,0,15448,182.76299999999998,297.2538,347.59706,194.04861935525633,15448,182.76299999999998,297.2538,347.59706,194.04861935525633,1544.8,0,0,0
none_mongodb,60c1s5r10p,rw_1000000,concurrent_10,0,0,0,0,0,0,29525,189.613,299.1526,396.0967199999998,203.0192164640135,29525,189.613,299.1526,396.0967199999998,203.0192164640135,2952.5,0,0,0
none_mongodb,60c1s5r10p,rw_1000000,concurrent_20,0,0,0,0,0,0,36396,323.294,514.0895,729.1466000000004,329.5669475162106,36396,323.294,514.0895,729.1466000000004,329.5669475162106,3639.6,0,0,0
none_mongodb,60c1s5r10p,rw_1000000,concurrent_30,0,0,0,0,0,0,33875,515.188,846.0586000000002,1138.6110000000006,532.0139421608857,33875,515.188,846.0586000000002,1138.6110000000006,532.0139421608857,3387.5,0,0,0
none_mongodb,60c1s5r10p,rw_1000000,concurrent_40,0,0,0,0,0,0,36578,644.2755,984.8827,1261.7751000000012,656.1014993985457,36578,644.2755,984.8827,1261.7751000000012,656.1014993985457,3657.8,0,0,0
none_mongodb,60c1s5r10p,rw_1000000,concurrent_50,0,0,0,0,0,0,36996,808.854,1109.11,1347.3275000000003,811.9115439777273,36996,808.854,1109.11,1347.3275000000003,811.9115439777273,3699.6,0,0,0
none_mongodb,60c1s5r10p,rw_1000000,concurrent_60,0,0,0,0,0,0,34158,1057.32,1412.695,1721.6401,1048.7371694771357,34158,1057.32,1412.695,1721.6401,1048.7371694771357,3415.8,0,0,0
none_mongodb,60c1s5r10p,rw_1000000,concurrent_70,0,0,0,0,0,0,35444,1194.3249999999998,1564.986,1859.0051999999998,1188.5577095982394,35444,1194.3249999999998,1564.986,1859.0051999999998,1188.5577095982394,3544.4,0,0,0
none_mongodb,60c1s5r10p,rw_1000000,concurrent_80,0,0,0,0,0,0,34590,1399.98,1795.2340000000002,2040.8188,1391.4972383636887,34590,1399.98,1795.2340000000002,2040.8188,1391.4972383636887,3459.0,0,0,0
none_mongodb,60c1s5r10p,rw_1000000,concurrent_90,0,0,0,0,0,0,35932,1511.975,1858.6670000000001,2165.162800000003,1502.9064984136705,35932,1511.975,1858.6670000000001,2165.162800000003,1502.9064984136705,3593.2,0,0,0
none_mongodb,60c1s5r10p,rw_1000000,concurrent_100,0,0,0,0,0,0,35532,1708.65,2068.389,2364.842700000002,1690.0115962512666,35532,1708.65,2068.389,2364.842700000002,1690.0115962512666,3553.2,0,0,0
rule_fpga_raft,60c1s5r10p,rw_1000000,concurrent_1,0,0,0,0,0,0,4918,104.447,207.9856,275.18048999999996,121.87039577063848,4918,104.447,207.9856,275.18048999999996,121.87039577063848,491.8,0,0,0
rule_fpga_raft,60c1s5r10p,rw_1000000,concurrent_2,0,0,0,0,0,0,9990,103.2625,206.1777,273.44711,120.40845086086085,9990,103.2625,206.1777,273.44711,120.40845086086085,999.0,0,0,0
rule_fpga_raft,60c1s5r10p,rw_1000000,concurrent_5,0,0,0,0,0,0,24689,104.22,207.2322,280.45,121.5504761351209,24689,104.22,207.2322,280.45,121.5504761351209,2468.9,0,0,0
rule_fpga_raft,60c1s5r10p,rw_1000000,concurrent_10,0,0,0,0,0,0,48982,104.9375,208.0877,275.69938,122.2542456820873,48982,104.9375,208.0877,275.69938,122.2542456820873,4898.2,0,0,0
rule_fpga_raft,60c1s5r10p,rw_1000000,concurrent_20,0,0,0,0,0,0,97474,105.6245,216.71759999999915,275.74681,122.90845701520405,97474,105.6245,216.71759999999915,275.74681,122.90845701520405,9747.4,0,0,0
rule_fpga_raft,60c1s5r10p,rw_1000000,concurrent_30,0,0,0,0,0,0,126623,125.533,238.366,294.4558,142.18053095093308,126623,125.533,238.366,294.4558,142.18053095093308,12662.3,0,0,0
rule_fpga_raft,60c1s5r10p,rw_1000000,concurrent_40,0,0,0,0,0,0,138073,156.956,263.4708,320.70956,173.84279929530032,138073,156.956,263.4708,320.70956,173.84279929530032,13807.3,0,0,0
rule_fpga_raft,60c1s5r10p,rw_1000000,concurrent_50,0,0,0,0,0,0,150722,179.777,288.4478,346.07116,199.18524768116131,150722,179.777,288.4478,346.07116,199.18524768116131,15072.2,0,0,0
rule_fpga_raft,60c1s5r10p,rw_1000000,concurrent_60,0,0,0,0,0,0,166246,198.565,306.1685,365.84065,216.5236567496361,166246,198.565,306.1685,365.84065,216.5236567496361,16624.6,0,0,0
rule_fpga_raft,60c1s5r10p,rw_1000000,concurrent_70,0,0,0,0,0,0,169369,229.633,343.85100000000006,408.46432,247.7396812403687,169369,229.633,343.85100000000006,408.46432,247.7396812403687,16936.9,0,0,0
rule_fpga_raft,60c1s5r10p,rw_1000000,concurrent_80,0,0,0,0,0,0,172609,258.94,376.6344,437.6386800000001,277.9813046017299,172609,258.94,376.6344,437.6386800000001,277.9813046017299,17260.9,0,0,0
rule_fpga_raft,60c1s5r10p,rw_1000000,concurrent_90,0,0,0,0,0,0,169598,299.69550000000004,424.99460000000005,483.93406000000004,318.5203849455772,169598,299.69550000000004,424.99460000000005,483.93406000000004,318.5203849455772,16959.8,0,0,0
rule_fpga_raft,60c1s5r10p,rw_1000000,concurrent_100,0,0,0,0,0,0,166038,344.28499999999997,464.8282000000001,529.8346300000001,361.16322853202274,166038,344.28499999999997,464.8282000000001,529.8346300000001,361.16322853202274,16603.8,0,0,0
rule_fpga_raft,60c1s5r10p,rw_1000000,concurrent_1,25,1332,62.1174,205.91690000000037,222.462,94.90900525525525,3878,104.72049999999999,207.5094,274.25345999999996,122.22606000515728,5210,104.0085,207.365,274.14855,115.2421220153551,521.0,1332,1330,99.84984984984985
rule_fpga_raft,60c1s5r10p,rw_1000000,concurrent_2,25,2613,62.6479,190.2758,223.42388,95.21457646383467,7815,104.425,207.476,275.63401999999996,121.78287628918746,10428,103.4685,207.262,275.571,115.12551462408899,1042.8,2613,2615,100.07654037504784
rule_fpga_raft,60c1s5r10p,rw_1000000,concurrent_5,25,6418,63.436,190.8022,222.43249,93.68888161421003,19487,105.135,207.94020000000003,275.06014,122.97779446810694,25905,104.528,207.409,274.90891999999997,115.72142532329666,2590.5,6418,6414,99.9376752882518
rule_fpga_raft,60c1s5r10p,rw_1000000,concurrent_10,25,13054,61.40345,195.55940000000012,228.58294,94.00249590929982,39376,103.9885,207.04250000000002,279.957,121.2704190725315,52430,103.098,206.3591,279.71971,114.48126269311463,5243.0,13054,13048,99.95403707675808
rule_fpga_raft,60c1s5r10p,rw_1000000,concurrent_20,25,25387,63.7151,207.45340000000002,222.99014,96.07442492614331,76045,111.892,224.71540000000002,277.38259999999997,125.6782071273588,101432,105.61,209.7959,277.08669,118.2687976831769,10143.2,25387,25298,99.64942687202111
rule_fpga_raft,60c1s5r10p,rw_1000000,concurrent_30,25,32326,64.1799,202.95499999999998,224.46425,101.47511832580585,96782,134.71050000000002,246.45760000000004,303.17414,152.05242222210742,129108,129.945,232.1919,301.70793000000003,139.38890078461444,12910.8,32326,32285,99.8731671100662
rule_fpga_raft,60c1s5r10p,rw_1000000,concurrent_40,25,35340,64.8535,213.72,226.88866,106.61258655631012,105481,173.086,281.578,340.88419999999996,191.81036194290917,140821,166.147,273.151,339.3309999999999,170.42939332201874,14082.1,35340,35284,99.84153933220148
rule_fpga_raft,60c1s5r10p,rw_1000000,concurrent_50,25,37081,69.9219,212.935,228.8572,110.97125640354898,111334,215.329,322.4237,384.87534,232.42053496685648,148415,199.033,314.08360000000005,382.3189399999996,202.07683184785904,14841.5,37081,37005,99.79504328362233
rule_fpga_raft,60c1s5r10p,rw_1000000,concurrent_60,25,39463,76.478,212.23820000000003,238.25652,115.22110341839193,117899,246.715,362.337,428.00112,266.73286518969627,157362,227.5385,348.92089999999996,420.23855999999995,228.73697892248452,15736.2,39463,39302,99.59202290753363
rule_fpga_raft,60c1s5r10p,rw_1000000,concurrent_70,25,38541,82.718,214.119,247.65999999999997,120.7389258529877,114892,306.589,424.1315000000001,490.17509,325.3252563015701,153433,281.741,411.4626000000001,485.83736,273.9349963065312,15343.3,38541,38310,99.40063828131082
rule_fpga_raft,60c1s5r10p,rw_1000000,concurrent_80,25,38671,84.8308,216.188,379.43550000000005,126.95820593209383,116770,350.35,465.167,529.95462,369.08276028945795,155441,326.565,452.696,525.4590000000001,308.84640925238523,15544.1,38671,37746,97.60802668666443
rule_fpga_raft,60c1s5r10p,rw_1000000,concurrent_90,25,38771,89.144,215.65,310.3058000000015,127.74463145908024,116393,402.163,526.176,607.61232,421.71914095349376,155164,377.721,509.0117,599.4855899999999,348.2634056823748,15516.4,38771,38366,98.9554048128756
rule_fpga_raft,60c1s5r10p,rw_1000000,concurrent_100,25,38982,93.01585,214.8589,379.99557000000397,131.43897356985278,116372,456.52099999999996,566.757,636.23716,471.1642901557076,155354,427.571,553.7428000000001,626.36694,385.9191578053993,15535.4,38982,38550,98.89179621363706
rule_fpga_raft,60c1s5r10p,rw_1000000,concurrent_1,50,2801,63.1851,189.996,222.947,92.58509985719385,2779,110.549,223.7962,274.87144,122.65537941705651,5580,73.85544999999999,206.6073,274.34994,107.56096130824373,558.0,2801,2799,99.92859692966798
rule_fpga_raft,60c1s5r10p,rw_1000000,concurrent_2,50,5589,61.3391,190.3462,228.42723999999998,94.02869962426195,5492,109.02449999999999,207.96189999999999,280.77235,122.74257822286962,11081,77.1531,206.806,274.3422,108.25996225972384,1108.1,5589,5593,100.07156915369475
rule_fpga_raft,60c1s5r10p,rw_1000000,concurrent_5,50,13881,61.564,190.681,223.6822,94.65962244074633,13783,105.081,207.9518,276.30618,122.30425043894653,27664,77.16210000000001,207.3724,275.90674,108.43297075260266,2766.4,13881,13877,99.97118363230315
rule_fpga_raft,60c1s5r10p,rw_1000000,concurrent_10,50,27502,63.5549,192.18400000000005,228.011,93.99836274089157,27588,108.3295,209.04799999999997,280.99378,123.52702477526461,55090,77.4744,207.5221,274.953,108.7857420874932,5509.0,27502,27430,99.73820085811941
rule_fpga_raft,60c1s5r10p,rw_1000000,concurrent_20,50,54601,61.4858,195.662,230.412,94.29627969634257,54615,112.23,223.9872,283.67916,125.33942444749613,109216,78.532,208.534,276.1447,109.81984172557134,10921.6,54601,54322,99.48902034761268
rule_fpga_raft,60c1s5r10p,rw_1000000,concurrent_30,50,64926,64.353,207.779,224.753,101.95557404121615,64624,159.1,268.5657,327.18977,176.15477564527114,129550,129.14100000000002,246.6724,322.9761,138.96869024700888,12955.0,64926,64816,99.83057634845825
rule_fpga_raft,60c1s5r10p,rw_1000000,concurrent_40,50,71300,66.1365,208.3193,230.83506999999997,107.06495391023843,71574,211.0315,320.3684,387.24278000000004,228.74145277614778,142874,174.4405,299.4672,378.3481299999998,168.0198773380741,14287.4,71300,71104,99.72510518934081
rule_fpga_raft,60c1s5r10p,rw_1000000,concurrent_50,50,75355,75.647,208.705,242.37898000000007,114.29830515559686,75446,262.198,383.3935,452.48475,283.43756493385996,150801,204.467,352.032,435.065,198.91896810365978,15080.1,75355,75079,99.63373366067282
rule_fpga_raft,60c1s5r10p,rw_1000000,concurrent_60,50,74325,82.5779,215.23860000000002,277.0171199999991,121.14183032761524,74471,346.875,472.799,547.923,362.5632102026292,148796,243.24450000000002,431.3365,527.1491999999997,241.97096270128228,14879.6,74325,73491,98.8779011099899
rule_fpga_raft,60c1s5r10p,rw_1000000,concurrent_70,50,75252,88.1514,215.28,378.9673900000022,127.2709270065912,75913,407.93,537.322,607.79156,427.7082154571681,151165,310.238,500.59560000000005,588.5372399999999,278.146433096947,15116.5,75252,74213,98.61930579918142
rule_fpga_raft,60c1s5r10p,rw_1000000,concurrent_80,50,75300,96.14745,216.093,467.27946999999926,133.79057133864544,75345,491.336,607.1596,699.95156,503.34689817506137,150645,379.92,571.46,667.5276799999999,318.6239308626241,15064.5,75300,74042,98.32934926958832
rule_fpga_raft,60c1s5r10p,rw_1000000,concurrent_90,50,73519,98.9221,217.4058,568.3960599999998,138.27523756579933,73864,581.313,691.7588,750.67311,593.4667064199068,147383,470.034,663.031,740.84618,366.40373715828827,14738.3,73519,72237,98.2562330826045
rule_fpga_raft,60c1s5r10p,rw_1000000,concurrent_100,50,73688,105.21799999999999,221.99760000000003,645.7091200000001,143.73871918222778,74339,655.113,774.438,844.56224,666.1234567992575,148027,529.863,746.7192,830.3166799999983,406.07977189364107,14802.7,73688,72338,98.16795136250136
rule_fpga_raft,60c1s5r10p,rw_1000000,concurrent_1,75,4474,60.85255,190.5316,222.66666999999998,92.56958375055878,1536,104.934,207.92849999999999,275.1611,121.06029759114584,6010,63.6045,206.7088,228.44791,99.85107068219632,601.0,4474,4474,100.0
rule_fpga_raft,60c1s5r10p,rw_1000000,concurrent_2,75,9062,61.051,189.3768,223.35639,91.4199489627014,3036,111.0065,206.7945,274.6948,122.33018623188404,12098,64.14099999999999,205.43,272.85103,99.17689063481569,1209.8,9062,9064,100.02207018318252
rule_fpga_raft,60c1s5r10p,rw_1000000,concurrent_5,75,22551,64.01,190.366,222.9915,92.60698104740366,7426,110.9025,208.4375,275.35974999999996,123.04216889307835,29977,64.356,205.92340000000002,274.16747999999995,100.14648483170431,2997.7,22551,22522,99.87140259855438
rule_fpga_raft,60c1s5r10p,rw_1000000,concurrent_10,75,44662,62.8281,190.9309,223.04317,92.76309122072455,14978,111.327,209.73510000000064,275.88423,123.62753850313793,59640,64.7798,203.6095,274.48244,100.51439389336016,5964.0,44662,44572,99.7984864090278
rule_fpga_raft,60c1s5r10p,rw_1000000,concurrent_20,75,86655,63.4851,196.34940000000003,223.71646,95.17416084588311,28461,117.129,229.642,282.711,131.83233423280979,115116,65.6926,208.899,275.69515000000007,104.23743852027522,11511.6,86655,83859,96.77341180543534
rule_fpga_raft,60c1s5r10p,rw_1000000,concurrent_30,75,103613,64.55,211.639,227.06976,101.93917855095404,34578,199.1,306.5831,370.0826700000001,214.90629539013247,138191,82.48,225.148,351.52010000000007,130.20568625453174,13819.1,103613,103337,99.73362415913061
rule_fpga_raft,60c1s5r10p,rw_1000000,concurrent_40,75,110683,77.377,211.796,246.51536,113.1010244861451,37254,291.3225,413.9567,500.58217,308.4464847533151,147937,148.415,318.577,458.17264,162.29358467590933,14793.7,110683,110181,99.54645248141088
rule_fpga_raft,60c1s5r10p,rw_1000000,concurrent_50,75,110772,84.229,214.88,268.66973999999993,121.61874137507672,37185,431.322,545.406,614.7770399999999,443.5726033884631,147957,161.372,459.6472,578.93788,202.5331581243199,14795.7,110772,109965,99.27147654641968
rule_fpga_raft,60c1s5r10p,rw_1000000,concurrent_60,75,108929,99.0149,219.03099999999998,597.55936,139.20053002139008,36221,568.388,679.606,745.3056,575.505361171696,145150,182.2545,598.7368,711.4280600000001,248.07684617085778,14515.0,108929,106148,97.44696086441627
rule_fpga_raft,60c1s5r10p,rw_1000000,concurrent_70,75,108215,102.333,224.28760000000003,759.12938,146.35175619184034,36028,717.1759999999999,841.0989,932.1116700000006,728.2356346175197,144243,186.288,751.477,884.6391799999997,291.69061056897044,14424.3,108215,105178,97.19354987755857
rule_fpga_raft,60c1s5r10p,rw_1000000,concurrent_80,75,106460,116.7635,237.80310000000011,924.2513700000009,159.30563440259252,35397,876.33,989.228,1064.86,878.0450631126931,141857,195.384,908.5442,1025.4696000000001,338.64975952896225,14185.7,106460,103042,96.78940447116288
rule_fpga_raft,60c1s5r10p,rw_1000000,concurrent_90,75,106907,120.673,239.5154,1055.9594,167.96845650518677,35824,1001.86,1109.764,1192.1377,1006.4351992518982,142731,195.76,1041.3,1147.24,378.41490886773016,14273.1,106907,103129,96.46608734694641
rule_fpga_raft,60c1s5r10p,rw_1000000,concurrent_100,75,105691,119.24,239.533,1228.5620000000001,175.57898288122925,35365,1170.11,1283.276,1396.8464000000001,1177.5233475470097,141056,195.849,1208.4050000000002,1325.2445,426.78249394354015,14105.6,105691,101898,96.41123652912736
rule_fpga_raft,60c1s5r10p,rw_1000000,concurrent_1,100,6642,61.36805,189.4269,223.40859,90.36338482384824,0,0,0,0,0,6642,61.36805,189.4269,223.40859,90.36338482384824,664.2,6642,6637,99.92472146943692
rule_fpga_raft,60c1s5r10p,rw_1000000,concurrent_2,100,13261,61.509,190.228,223.37040000000002,90.49988141919917,0,0,0,0,0,13261,61.509,190.228,223.37040000000002,90.49988141919917,1326.1,13261,13261,100.0
rule_fpga_raft,60c1s5r10p,rw_1000000,concurrent_5,100,33089,63.4038,190.025,227.627,90.73204383934238,0,0,0,0,0,33089,63.4038,190.025,227.627,90.73204383934238,3308.9,33089,33078,99.96675632385384
rule_fpga_raft,60c1s5r10p,rw_1000000,concurrent_10,100,65876,61.1069,191.1775,228.47424999999998,91.03197064940191,0,0,0,0,0,65876,61.1069,191.1775,228.47424999999998,91.03197064940191,6587.6,65876,65673,99.69184528508106
rule_fpga_raft,60c1s5r10p,rw_1000000,concurrent_20,100,128118,61.627,196.3333,228.84666,93.67121701790538,0,0,0,0,0,128118,61.627,196.3333,228.84666,93.67121701790538,12811.8,128118,126447,98.69573362056853
rule_fpga_raft,60c1s5r10p,rw_1000000,concurrent_30,100,143026,86.926,213.765,682.59325,125.72427564219096,0,0,0,0,0,143026,86.926,213.765,682.59325,125.72427564219096,14302.6,143026,140374,98.14579167424105
rule_fpga_raft,60c1s5r10p,rw_1000000,concurrent_40,100,136164,104.84549999999999,241.3157,1246.9737,175.62885660673894,0,0,0,0,0,136164,104.84549999999999,241.3157,1246.9737,175.62885660673894,13616.4,136164,129899,95.39893070121325
rule_fpga_raft,60c1s5r10p,rw_1000000,concurrent_50,100,132872,123.1385,249.965,1845.3316000000002,225.1637138298513,0,0,0,0,0,132872,123.1385,249.965,1845.3316000000002,225.1637138298513,13287.2,132872,125533,94.4766391715335
rule_fpga_raft,60c1s5r10p,rw_1000000,concurrent_60,100,127155,130.718,279.69840000000005,2425.4492,281.7544081727026,0,0,0,0,0,127155,130.718,279.69840000000005,2425.4492,281.7544081727026,12715.5,127155,119319,93.83744249144745
rule_fpga_raft,60c1s5r10p,rw_1000000,concurrent_70,100,124893,137.562,290.99,2922.1432,332.72367397131944,0,0,0,0,0,124893,137.562,290.99,2922.1432,332.72367397131944,12489.3,124893,116218,93.05405427045551
rule_fpga_raft,60c1s5r10p,rw_1000000,concurrent_80,100,123644,142.337,305.96489999999994,3313.829799999999,384.8218601711365,0,0,0,0,0,123644,142.337,305.96489999999994,3313.829799999999,384.8218601711365,12364.4,123644,114198,92.36032480346802
rule_fpga_raft,60c1s5r10p,rw_1000000,concurrent_90,100,124575,148.26,316.949,3657.2029999999995,431.002216530604,0,0,0,0,0,124575,148.26,316.949,3657.2029999999995,431.002216530604,12457.5,124575,114407,91.8378486855308
rule_fpga_raft,60c1s5r10p,rw_1000000,concurrent_100,100,125627,153.496,316.31280000000004,4057.2322,473.9491129359134,0,0,0,0,0,125627,153.496,316.31280000000004,4057.2322,473.9491129359134,12562.7,125627,114928,91.48351867034953
rule_fpga_raft,60c1s5r10p,rw_zipf_1,concurrent_1,0,0,0,0,0,0,4943,104.128,207.6218,274.8159,121.42392373052802,4943,104.128,207.6218,274.8159,121.42392373052802,494.3,0,0,0
rule_fpga_raft,60c1s5r10p,rw_zipf_1,concurrent_2,0,0,0,0,0,0,9822,104.723,207.2728,275.33379,122.02482239869681,9822,104.723,207.2728,275.33379,122.02482239869681,982.2,0,0,0
rule_fpga_raft,60c1s5r10p,rw_zipf_1,concurrent_5,0,0,0,0,0,0,24584,104.658,208.1235,274.88617,121.98970188333875,24584,104.658,208.1235,274.88617,121.98970188333875,2458.4,0,0,0
rule_fpga_raft,60c1s5r10p,rw_zipf_1,concurrent_10,0,0,0,0,0,0,49286,104.401,207.485,274.34475,121.69793486791379,49286,104.401,207.485,274.34475,121.69793486791379,4928.6,0,0,0
rule_fpga_raft,60c1s5r10p,rw_zipf_1,concurrent_20,0,0,0,0,0,0,96871,106.245,210.323,282.0173,123.63051412084113,96871,106.245,210.323,282.0173,123.63051412084113,9687.1,0,0,0
rule_fpga_raft,60c1s5r10p,rw_zipf_1,concurrent_30,0,0,0,0,0,0,128357,124.105,236.9034,292.52520000000004,140.39241355516253,128357,124.105,236.9034,292.52520000000004,140.39241355516253,12835.7,0,0,0
rule_fpga_raft,60c1s5r10p,rw_zipf_1,concurrent_40,0,0,0,0,0,0,140063,155.251,261.0586,321.22114000000005,171.34096124886656,140063,155.251,261.0586,321.22114000000005,171.34096124886656,14006.3,0,0,0
rule_fpga_raft,60c1s5r10p,rw_zipf_1,concurrent_50,0,0,0,0,0,0,156608,172.523,280.83930000000004,341.09393,191.49125678190128,156608,172.523,280.83930000000004,341.09393,191.49125678190128,15660.8,0,0,0
rule_fpga_raft,60c1s5r10p,rw_zipf_1,concurrent_60,0,0,0,0,0,0,168813,196.109,302.42960000000005,361.956,213.18643194955368,168813,196.109,302.42960000000005,361.956,213.18643194955368,16881.3,0,0,0
rule_fpga_raft,60c1s5r10p,rw_zipf_1,concurrent_70,0,0,0,0,0,0,170928,227.711,342.13460000000003,404.83319000000006,245.53211253276234,170928,227.711,342.13460000000003,404.83319000000006,245.53211253276234,17092.8,0,0,0
rule_fpga_raft,60c1s5r10p,rw_zipf_1,concurrent_80,0,0,0,0,0,0,174864,253.75900000000001,374.4614,428.67248,274.442972424284,174864,253.75900000000001,374.4614,428.67248,274.442972424284,17486.4,0,0,0
rule_fpga_raft,60c1s5r10p,rw_zipf_1,concurrent_90,0,0,0,0,0,0,173431,291.014,410.415,464.40880000000004,310.97114570636154,173431,291.014,410.415,464.40880000000004,310.97114570636154,17343.1,0,0,0
rule_fpga_raft,60c1s5r10p,rw_zipf_1,concurrent_100,0,0,0,0,0,0,170786,333.20799999999997,453.81550000000004,516.8846,351.22902566369606,170786,333.20799999999997,453.81550000000004,516.8846,351.22902566369606,17078.6,0,0,0
rule_fpga_raft,60c1s5r10p,rw_zipf_1,concurrent_1,25,1286,64.001,204.88,230.14815,97.66787760497668,3882,104.41550000000001,207.3481,275.65952,122.34632197320968,5168,103.9585,207.129,275.62865999999997,116.2053623258514,516.8,1286,1092,84.9144634525661
rule_fpga_raft,60c1s5r10p,rw_zipf_1,concurrent_2,25,2569,61.5,202.28920000000002,227.3273600000005,98.69796099649669,7794,104.0775,207.4032,274.83135000000004,121.64883070310495,10363,103.644,206.4308,274.71438,115.95928286210555,1036.3,2569,2087,81.23783573374854
rule_fpga_raft,60c1s5r10p,rw_zipf_1,concurrent_5,25,6487,64.592,204.7454,272.67924,101.2289347772468,19438,103.5885,205.995,273.90389,120.64982269780843,25925,102.998,205.777,273.87275999999997,115.79029328833174,2592.5,6487,4848,74.73408355171883
rule_fpga_raft,60c1s5r10p,rw_zipf_1,concurrent_10,25,12866,63.9451,205.825,272.83545000000004,101.4155153194466,38672,103.7705,207.3454,274.29887,121.37225573282994,51538,103.164,206.805,274.16867,116.39023426985912,5153.8,12866,8994,69.90517643401212
rule_fpga_raft,60c1s5r10p,rw_zipf_1,concurrent_20,25,25315,73.3821,205.2382,274.85157999999996,104.55833269603002,75994,105.9615,210.07949999999997,276.48148999999995,123.11993201963313,101309,104.712,207.7234,276.10292,118.48177660523744,10130.9,25315,16439,64.93778392257555
rule_fpga_raft,60c1s5r10p,rw_zipf_1,concurrent_30,25,32348,80.2749,218.8973,292.81906,117.71232229504143,97839,128.312,240.2692,295.70986,145.06721443391697,130187,125.555,228.7878,295.338,138.27025274873836,13018.7,32348,19864,61.40719673550142
rule_fpga_raft,60c1s5r10p,rw_zipf_1,concurrent_40,25,34482,127.321,250.1527,327.19633,138.49256593005046,103639,165.683,276.413,332.39862,185.43513548953578,138121,162.655,272.629,331.724,173.7158916124268,13812.1,34482,20242,58.703091468012296
rule_fpga_raft,60c1s5r10p,rw_zipf_1,concurrent_50,25,37467,152.404,282.57840000000004,356.14,155.83945664985185,111448,198.925,306.49620000000004,366.58753,216.77540303100997,148915,192.345,302.38660000000004,365.05729999999994,201.44392465030384,14891.5,37467,21263,56.75127445485361
rule_fpga_raft,60c1s5r10p,rw_zipf_1,concurrent_60,25,39677,178.559,310.6168,383.68208,174.38527083700885,118880,225.5765,335.3181,396.58384,244.59740237213992,158557,216.612,330.5664,394.55332000000004,227.02765305221467,15855.7,39677,21032,53.008039922373165
rule_fpga_raft,60c1s5r10p,rw_zipf_1,concurrent_70,25,40365,200.726,344.6438,420.67548,197.14804293323425,122522,258.789,368.08590000000004,428.64437,277.7962116681085,162887,249.276,363.54019999999997,427.1166999999999,257.81080257479107,16288.7,40365,20259,50.189520624303235
rule_fpga_raft,60c1s5r10p,rw_zipf_1,concurrent_80,25,40318,228.1215,392.7493,467.67975000000007,223.48053019743043,120675,305.383,418.8172,479.2403,323.1850401574477,160993,295.346,413.7188000000001,477.41551999999973,298.21571582304824,16099.3,40318,19864,49.268316880797656
rule_fpga_raft,60c1s5r10p,rw_zipf_1,concurrent_90,25,39499,263.436,441.32700000000006,521.1462399999999,251.088890835211,118994,352.1015,470.8157,533.8010499999998,370.5071408390339,158493,340.928,464.4744000000001,532.2971999999999,340.74619583262347,15849.3,39499,19064,48.26451302564622
rule_fpga_raft,60c1s5r10p,rw_zipf_1,concurrent_100,25,40084,308.017,477.6784,556.5186299999999,277.1349631274324,119694,389.8085,507.737,567.0143499999991,408.8124581766839,159778,379.2735,498.0662000000001,564.705,375.7781185832843,15977.8,40084,18728,46.72188404350863
rule_fpga_raft,60c1s5r10p,rw_zipf_1,concurrent_1,50,2772,64.55395,202.6229,229.89829,98.87853232323232,2663,104.549,207.3596,281.16542,122.37064063086743,5435,78.3779,206.4776,274.66732,110.38901703771847,543.5,2772,2308,83.26118326118326
rule_fpga_raft,60c1s5r10p,rw_zipf_1,concurrent_2,50,5468,63.8408,205.5148,229.58598,99.71763229700075,5397,104.007,207.07180000000002,274.42404,121.47906950157495,10865,78.9082,206.0206,274.29252,110.52724818223655,1086.5,5468,4313,78.87710314557425
rule_fpga_raft,60c1s5r10p,rw_zipf_1,concurrent_5,50,13299,63.9609,205.8476,268.2822,101.59708026919317,13540,104.609,206.8125,280.37066,121.79939088626293,26839,79.7859,206.4182,274.02119999999996,111.78893860054397,2683.9,13299,9614,72.29114971050456
rule_fpga_raft,60c1s5r10p,rw_zipf_1,concurrent_10,50,26549,72.926,206.8384,274.24504,103.4945235338431,26282,105.477,208.47410000000005,275.84433,123.52954127159273,52831,104.077,207.376,275.1106,113.46140540591698,5283.1,26549,18025,67.8933293156051
rule_fpga_raft,60c1s5r10p,rw_zipf_1,concurrent_20,50,52236,74.1311,207.3435,274.46865,105.71744030745079,52152,108.173,216.50420000000005,275.80649,123.97653842038656,104388,104.4,208.259,275.45426000000003,114.8396429053148,10438.8,52236,32851,62.889578068764834
rule_fpga_raft,60c1s5r10p,rw_zipf_1,concurrent_30,50,64710,95.2839,224.11,301.6141099999999,122.7986533518776,65003,137.512,247.8588,306.94498,154.66539290494285,129713,131.502,233.63860000000003,305.14252,138.76801394925718,12971.3,64710,38914,60.135991346005255
rule_fpga_raft,60c1s5r10p,rw_zipf_1,concurrent_40,50,68896,146.8365,266.68399999999997,347.3246000000001,146.64898718358103,69378,182.463,290.44530000000003,353.98705999999993,200.45237232407968,138274,171.88299999999998,281.563,351.74154,173.6444545474927,13827.4,68896,39423,57.2210287970274
rule_fpga_raft,60c1s5r10p,rw_zipf_1,concurrent_50,50,74978,169.453,298.79420000000005,375.24836999999997,164.88824703779773,75652,214.46,323.92830000000004,385.562,233.08542531592022,150630,197.965,314.4612,381.6200399999998,199.13941168691497,15063.0,74978,41572,55.445597375230065
rule_fpga_raft,60c1s5r10p,rw_zipf_1,concurrent_60,50,78105,195.968,335.75800000000004,415.3032400000001,190.85076718007812,78755,247.177,362.9798,424.2492600000002,268.0472801472922,156860,228.017,350.9587000000001,420.27,229.60896798801477,15686.0,78105,39526,50.60623519621023
rule_fpga_raft,60c1s5r10p,rw_zipf_1,concurrent_70,50,78076,221.7945,383.578,469.70375,219.68576236999849,78463,297.836,422.958,483.39666000000005,316.5183107197023,156539,274.525,401.5076,477.38519999999994,268.22173258293464,15653.9,78076,38221,48.95358368768892
rule_fpga_raft,60c1s5r10p,rw_zipf_1,concurrent_80,50,77109,268.193,438.9162,516.8564799999999,252.39289875241542,77123,351.763,472.0188,536.39612,370.1455774541965,154232,329.494,457.07789999999994,526.9459700000003,311.27458244657396,15423.2,77109,36575,47.43285478997264
rule_fpga_raft,60c1s5r10p,rw_zipf_1,concurrent_90,50,76614,319.2795,488.70369999999997,573.9426299999998,283.19789894536245,76985,402.452,521.6840000000001,599.58132,419.3506886536338,153599,377.429,505.39300000000003,591.2034199999997,351.4387241831002,15359.9,76614,35348,46.1377816064949
rule_fpga_raft,60c1s5r10p,rw_zipf_1,concurrent_100,50,76805,371.698,535.604,606.1814000000002,308.5211509445999,77857,446.779,558.3728000000002,616.92976,466.3579927431059,154662,426.5185,547.7144,612.6263399999999,387.9763693686878,15466.2,76805,35379,46.063407330251934
rule_fpga_raft,60c1s5r10p,rw_zipf_1,concurrent_1,75,4344,63.396,200.6774,225.98238,97.22421498618783,1427,111.215,224.76440000000002,275.8545,124.15540245269797,5771,73.8398,207.088,274.38419999999996,103.88351225090973,577.1,4344,3566,82.0902394106814
rule_fpga_raft,60c1s5r10p,rw_zipf_1,concurrent_2,75,8733,63.906,203.385,227.973,98.14933430665293,2784,110.65299999999999,224.3808,274.31417,123.16309712643678,11517,72.9861,205.366,273.28684,104.1959016150039,1151.7,8733,6788,77.72815756326577
rule_fpga_raft,60c1s5r10p,rw_zipf_1,concurrent_5,75,20990,65.157,206.2374,268.61633,101.75985930443068,7012,105.106,224.4734,275.20389,123.14299302624073,28002,73.85900000000001,206.8999,274.47887,107.11442446610957,2800.2,20990,14952,71.2339209147213
rule_fpga_raft,60c1s5r10p,rw_zipf_1,concurrent_10,75,41471,73.4438,206.477,275.1293,102.90349102505364,13987,110.917,224.0852,281.40012,123.93138495031101,55458,77.10194999999999,206.75830000000002,275.84586,108.20691257528219,5545.8,41471,27503,66.31863229726797
rule_fpga_raft,60c1s5r10p,rw_zipf_1,concurrent_20,75,80317,76.5681,208.766,277.17384,106.97504822640288,26889,113.527,212.47480000000002,279.1132,126.39379525456506,107206,78.9529,209.3105,277.739,111.84558428632725,10720.6,80317,48845,60.815269494627536
rule_fpga_raft,60c1s5r10p,rw_zipf_1,concurrent_30,75,97037,111.702,235.38200000000003,315.20047999999997,129.65607843193834,31982,151.61399999999998,262.4298,319.93019,169.14138453192422,129019,140.061,243.016,317.09809999999993,139.4439318464722,12901.9,97037,57019,58.76006059544297
rule_fpga_raft,60c1s5r10p,rw_zipf_1,concurrent_40,75,104984,154.02749999999997,283.15479999999997,364.89034,155.64858417854148,35295,199.783,308.1282,373.87433999999985,216.8549191386882,140279,174.773,292.7984,368.16622,171.04844868013032,14027.9,104984,58522,55.74373237826716
rule_fpga_raft,60c1s5r10p,rw_zipf_1,concurrent_50,75,113574,185.116,321.3392,399.65383000000014,179.0475348310353,37929,235.867,346.67260000000005,410.63788,254.74188576023622,151503,202.219,330.55440000000004,403.79366000000016,197.99772747668365,15150.3,113574,60287,53.0816912321482
rule_fpga_raft,60c1s5r10p,rw_zipf_1,concurrent_60,75,115213,216.297,366.5124,444.24592000000007,213.72552699695345,38595,275.953,389.55119999999994,451.66889999999995,294.88177784687133,153808,237.849,373.12470000000013,446.76386,234.09004315705292,15380.8,115213,52948,45.95661947870466
rule_fpga_raft,60c1s5r10p,rw_zipf_1,concurrent_70,75,112340,257.499,441.7524,531.8692,249.7075024897632,37316,358.166,481.573,546.4272999999997,374.46619133883587,149656,304.82899999999995,451.001,537.3479500000001,280.81547833498155,14965.6,112340,55375,49.29232686487449
rule_fpga_raft,60c1s5r10p,rw_zipf_1,concurrent_80,75,113149,323.477,494.6568,581.23412,282.94520710390725,37584,413.209,525.3714,597.9307499999996,425.88125226160065,150733,361.848,504.0012000000001,586.0562,318.58510229080554,15073.3,113149,53293,47.09984180151835
rule_fpga_raft,60c1s5r10p,rw_zipf_1,concurrent_90,75,113570,373.438,543.8539,647.33341,319.53018232103545,37886,446.75,579.8225,689.3390499999999,467.9485441587922,151456,405.0055,553.061,656.8362500000001,356.65633154315447,15145.6,113570,49608,43.68054944087347
rule_fpga_raft,60c1s5r10p,rw_zipf_1,concurrent_100,75,110149,461.357,619.6045999999999,687.24868,363.6983047099837,36537,532.101,638.5104,696.39064,546.2617103210445,146686,490.441,625.2405,690.1505999999999,409.1717592374187,14668.6,110149,47960,43.54102170696057
rule_fpga_raft,60c1s5r10p,rw_zipf_1,concurrent_1,100,6142,64.7085,201.93990000000005,226.18913,97.62268594920222,0,0,0,0,0,6142,64.7085,201.93990000000005,226.18913,97.62268594920222,614.2,6142,4943,80.47867144252686
rule_fpga_raft,60c1s5r10p,rw_zipf_1,concurrent_2,100,12120,64.1279,200.574,229.96343,99.087389669967,0,0,0,0,0,12120,64.1279,200.574,229.96343,99.087389669967,1212.0,12120,9212,76.00660066006601
rule_fpga_raft,60c1s5r10p,rw_zipf_1,concurrent_5,100,29646,64.9215,205.61599999999999,267.90555,101.25218715846997,0,0,0,0,0,29646,64.9215,205.61599999999999,267.90555,101.25218715846997,2964.6,29646,20588,69.44613101261552
rule_fpga_raft,60c1s5r10p,rw_zipf_1,concurrent_10,100,57972,73.43455,203.8238,274.79329,103.46463112709584,0,0,0,0,0,57972,73.43455,203.8238,274.79329,103.46463112709584,5797.2,57972,37450,64.60015179741944
rule_fpga_raft,60c1s5r10p,rw_zipf_1,concurrent_20,100,111001,77.4888,208.96,278.235,108.10674887703715,0,0,0,0,0,111001,77.4888,208.96,278.235,108.10674887703715,11100.1,111001,64964,58.52559886847866
rule_fpga_raft,60c1s5r10p,rw_zipf_1,concurrent_30,100,129601,130.977,252.33,334.092,138.7931777910664,0,0,0,0,0,129601,130.977,252.33,334.092,138.7931777910664,12960.1,129601,73925,57.04045493476131
rule_fpga_raft,60c1s5r10p,rw_zipf_1,concurrent_40,100,142804,175.453,306.3727,386.93279,168.03681649393573,0,0,0,0,0,142804,175.453,306.3727,386.93279,168.03681649393573,14280.4,142804,77608,54.34581664379149
rule_fpga_raft,60c1s5r10p,rw_zipf_1,concurrent_50,100,149142,206.74900000000002,362.11369999999994,449.15558999999996,201.13613665365895,0,0,0,0,0,149142,206.74900000000002,362.11369999999994,449.15558999999996,201.13613665365895,14914.2,149142,77902,52.23344195464725
rule_fpga_raft,60c1s5r10p,rw_zipf_1,concurrent_60,100,149374,253.48250000000002,412.252,486.12334999999996,240.99817920990262,0,0,0,0,0,149374,253.48250000000002,412.252,486.12334999999996,240.99817920990262,14937.4,149374,67849,45.4222287680587
rule_fpga_raft,60c1s5r10p,rw_zipf_1,concurrent_70,100,146766,322.414,493.4575,580.9837,286.1844169432975,0,0,0,0,0,146766,322.414,493.4575,580.9837,286.1844169432975,14676.6,146766,66387,45.23322840439884
rule_fpga_raft,60c1s5r10p,rw_zipf_1,concurrent_80,100,145699,393.586,562.5182000000001,643.781,329.76167799573096,0,0,0,0,0,145699,393.586,562.5182000000001,643.781,329.76167799573096,14569.9,145699,63529,43.602907363811696
rule_fpga_raft,60c1s5r10p,rw_zipf_1,concurrent_90,100,148039,450.504,609.533,687.1733399999999,365.17632123764685,0,0,0,0,0,148039,450.504,609.533,687.1733399999999,365.17632123764685,14803.9,148039,61346,41.43908024236857
rule_fpga_raft,60c1s5r10p,rw_zipf_1,concurrent_100,100,144070,525.3465,700.9653000000001,793.5773699999999,416.36216203095717,0,0,0,0,0,144070,525.3465,700.9653000000001,793.5773699999999,416.36216203095717,14407.0,144070,59094,41.017560907892
rule_copilot,60c1s5r10p,rw_1000000,concurrent_1,0,0,0,0,0,0,2828,175.18,310.20860000000005,366.34079,212.4475042432815,2828,175.18,310.20860000000005,366.34079,212.4475042432815,282.8,0,0,0
rule_copilot,60c1s5r10p,rw_1000000,concurrent_2,0,0,0,0,0,0,5773,169.2,317.21160000000003,358.90315999999996,207.90913701714877,5773,169.2,317.21160000000003,358.90315999999996,207.90913701714877,577.3,0,0,0
rule_copilot,60c1s5r10p,rw_1000000,concurrent_5,0,0,0,0,0,0,14190,178.281,318.67280000000005,370.36054,211.8962226215645,14190,178.281,318.67280000000005,370.36054,211.8962226215645,1419.0,0,0,0
rule_copilot,60c1s5r10p,rw_1000000,concurrent_10,0,0,0,0,0,0,35281,133.907,272.132,336.90779999999995,169.97636858365692,35281,133.907,272.132,336.90779999999995,169.97636858365692,3528.1,0,0,0
rule_copilot,60c1s5r10p,rw_1000000,concurrent_20,0,0,0,0,0,0,59259,171.706,307.2488,359.68219999999997,202.37424673045444,59259,171.706,307.2488,359.68219999999997,202.37424673045444,5925.9,0,0,0
rule_copilot,60c1s5r10p,rw_1000000,concurrent_30,0,0,0,0,0,0,88346,179.451,288.101,369.74860000000007,203.63695664093453,88346,179.451,288.101,369.74860000000007,203.63695664093453,8834.6,0,0,0
rule_copilot,60c1s5r10p,rw_1000000,concurrent_40,0,0,0,0,0,0,109049,190.984,311.8202,381.90308,219.7680902438353,109049,190.984,311.8202,381.90308,219.7680902438353,10904.9,0,0,0
rule_copilot,60c1s5r10p,rw_1000000,concurrent_50,0,0,0,0,0,0,151956,184.7235,304.6005,407.3874500000014,197.25078478901787,151956,184.7235,304.6005,407.3874500000014,197.25078478901787,15195.6,0,0,0
rule_copilot,60c1s5r10p,rw_1000000,concurrent_60,0,0,0,0,0,0,139892,244.6625,356.7952000000001,425.5738099999999,256.9453270165556,139892,244.6625,356.7952000000001,425.5738099999999,256.9453270165556,13989.2,0,0,0
rule_copilot,60c1s5r10p,rw_1000000,concurrent_70,0,0,0,0,0,0,239425,157.785,267.285,331.12204,174.95679484974417,239425,157.785,267.285,331.12204,174.95679484974417,23942.5,0,0,0
rule_copilot,60c1s5r10p,rw_1000000,concurrent_80,0,0,0,0,0,0,153059,306.947,431.89140000000003,512.1035200000001,313.26962534120827,153059,306.947,431.89140000000003,512.1035200000001,313.26962534120827,15305.9,0,0,0
rule_copilot,60c1s5r10p,rw_1000000,concurrent_90,0,0,0,0,0,0,257382,188.6325,307.268,378.34252000000004,209.15490010645658,257382,188.6325,307.268,378.34252000000004,209.15490010645658,25738.2,0,0,0
rule_copilot,60c1s5r10p,rw_1000000,concurrent_100,0,0,0,0,0,0,231553,262.763,360.172,465.35792000000004,257.3510280665766,231553,262.763,360.172,465.35792000000004,257.3510280665766,23155.3,0,0,0
rule_copilot,60c1s5r10p,rw_1000000,concurrent_1,25,879,64.2358,216.1374,222.15959999999998,108.00676086461888,2392,175.096,312.235,376.20609,211.53403595317727,3271,171.928,305.327,373.2287000000002,183.7136523387343,327.1,879,879,100.0
rule_copilot,60c1s5r10p,rw_1000000,concurrent_2,25,1587,62.7729,216.02960000000002,221.8807,103.11427303087585,4869,176.041,316.8246,378.56728,212.7211813514069,6456,173.142,304.69849999999997,378.13654999999994,185.77784747521684,645.6,1587,1587,100.0
rule_copilot,60c1s5r10p,rw_1000000,concurrent_5,25,5113,64.3201,213.7368,234.4564,102.68847895560337,14887,133.558,270.71419999999995,325.54042000000004,166.13291731040508,20000,130.898,256.4219,325.10907999999995,149.913346645,2000.0,5113,5112,99.98044201056132
rule_copilot,60c1s5r10p,rw_1000000,concurrent_10,25,8127,64.8821,215.98700000000002,229.12674,106.10783612649193,24590,178.04250000000002,310.9724,367.95819,208.97349300528674,32717,174.482,301.3924,367.10404,183.42135822966654,3271.7,8127,8117,99.87695336532546
rule_copilot,60c1s5r10p,rw_1000000,concurrent_20,25,16909,64.603,215.643,228.613,105.8499093559643,50786,175.615,284.29150000000004,353.9929000000001,201.07554030638366,67695,167.229,278.8486,350.32218,177.2898811921117,6769.5,16909,16884,99.85214974274055
rule_copilot,60c1s5r10p,rw_1000000,concurrent_30,25,24490,65.00145,216.0761,229.49666000000002,106.99891376480196,73059,183.535,300.298,368.50033999999994,210.53512206572768,97549,178.313,294.2014,365.34556,184.54201356343995,9754.9,24490,24441,99.79991833401388
rule_copilot,60c1s5r10p,rw_1000000,concurrent_40,25,28504,71.12195,216.6954,230.76094,111.14701046168958,86261,217.583,335.244,404.8753999999999,241.35032424850164,114765,203.069,322.92080000000004,398.89716,209.01193487735807,11476.5,28504,28359,99.49129946674151
rule_copilot,60c1s5r10p,rw_1000000,concurrent_50,25,32617,77.135,217.412,236.01656,113.7660113192507,98521,246.351,364.819,430.41380000000004,266.850785903513,131138,231.829,354.92130000000003,426.26289,228.77512444295323,13113.8,32617,32469,99.54624888861636
rule_copilot,60c1s5r10p,rw_1000000,concurrent_60,25,36547,78.635,219.3864,250.35440000000008,117.17952538648862,110252,270.5195,415.8804,557.4622300000007,287.66279072034973,146799,244.417,398.2952,544.3013399999999,245.21936877499166,14679.9,36547,36289,99.29405970394286
rule_copilot,60c1s5r10p,rw_1000000,concurrent_70,25,61867,78.957,218.91540000000003,255.9280999999996,114.72989870528714,184420,168.8145,283.839,349.68424,189.03067998861295,246287,162.808,275.86539999999997,343.19597999999684,170.36641254593223,24628.7,61867,60167,97.25216997753245
rule_copilot,60c1s5r10p,rw_1000000,concurrent_80,25,41726,79.44055,222.786,393.61525,125.05138562287304,125450,326.757,469.9483,615.391959999999,342.5323247508967,167176,284.13599999999997,450.195,590.89575,288.25055185253865,16717.6,41726,40390,96.79815942098452
rule_copilot,60c1s5r10p,rw_1000000,concurrent_90,25,45017,79.4851,225.3092,421.2936799999998,127.38013322522605,135124,338.173,458.9,542.2949399999998,357.6580962301294,180141,315.336,447.467,533.1152000000001,300.11193483104904,18014.1,45017,43339,96.27251927049781
rule_copilot,60c1s5r10p,rw_1000000,concurrent_100,25,46847,146.702,297.5272,479.25444000000005,159.96535357440177,140523,370.889,485.6468,583.7716800000001,372.9073553439651,187370,336.6725,471.5171,563.05896,319.6667407477184,18737.0,46847,43716,93.31654108053877
rule_copilot,60c1s5r10p,rw_1000000,concurrent_1,50,1918,63.55445,215.7446,230.10177,101.7869745046924,1922,175.6945,314.081,369.15677,210.8929323621228,3840,165.91199999999998,277.5546,364.32627,156.396779453125,384.0,1918,1918,100.0
rule_copilot,60c1s5r10p,rw_1000000,concurrent_2,50,4538,61.584450000000004,215.6108,229.45526,100.29244640810929,4562,129.01850000000002,263.79040000000003,320.81234,163.06421775537044,9100,125.11349999999999,229.15949999999998,315.52234,131.76110804395606,910.0,4538,4536,99.9559277214632
rule_copilot,60c1s5r10p,rw_1000000,concurrent_5,50,9494,63.947,215.7041,229.10499,102.92482511059617,9578,178.4305,319.80160000000006,368.06183,211.10558978910004,19072,168.63,278.0984,365.70625,157.25344109689598,1907.2,9494,9486,99.91573625447651
rule_copilot,60c1s5r10p,rw_1000000,concurrent_10,50,19887,63.699,215.80540000000002,229.06714,102.79947545129984,19994,167.211,303.4017,358.43703,197.69714304291287,39881,154.633,267.447,354.68919999999997,150.37561360798372,3988.1,19887,19876,99.94468748428622
rule_copilot,60c1s5r10p,rw_1000000,concurrent_20,50,39453,64.78,215.717,229.236,104.39389991889082,39279,175.108,282.9072,349.55388,200.5734021741898,78732,166.52,266.75860000000006,346.67073000000005,152.3773713039171,7873.2,39453,39386,99.83017767977087
rule_copilot,60c1s5r10p,rw_1000000,concurrent_30,50,53305,66.3911,216.282,230.92192,106.67448691867554,53688,201.017,320.4179,390.97742999999997,229.1198793212636,106993,177.506,299.98879999999997,379.98272000000003,168.11634037927718,10699.3,53305,53057,99.5347528374449
rule_copilot,60c1s5r10p,rw_1000000,concurrent_40,50,64262,74.5444,216.64,240.00191999999998,111.6751748653948,64075,242.589,362.1554,429.69552,262.51394498634414,128337,196.968,331.0314,419.94784,186.98466624745782,12833.7,64262,63340,98.56524851389624
rule_copilot,60c1s5r10p,rw_1000000,concurrent_50,50,72166,78.1389,218.5285,276.15165000000104,116.2241097636006,72008,283.42150000000004,429.798,556.62265,300.3812334379513,144174,212.32049999999998,375.88469999999995,518.6679699999999,208.20176288789932,14417.4,72166,71156,98.60044896488651
rule_copilot,60c1s5r10p,rw_1000000,concurrent_60,50,76938,79.8311,219.73430000000002,314.52642000000066,119.51483873638513,76473,324.242,538.755,744.78112,352.2623000169994,153411,216.636,454.713,703.1375,235.535832058327,15341.1,76938,75816,98.54168291351478
rule_copilot,60c1s5r10p,rw_1000000,concurrent_70,50,91332,78.9656,222.60780000000003,397.14125000000007,123.00956436736303,91243,321.952,447.0486,522.7408,337.8540220718301,182575,232.289,411.84680000000003,505.7474600000002,230.3794280087635,18257.5,91332,87905,96.24775544168529
rule_copilot,60c1s5r10p,rw_1000000,concurrent_80,50,95092,129.19799999999998,281.3591000000007,472.09645,153.2620921129012,95496,346.843,484.6,635.3924000000001,350.2755552284912,190588,238.85750000000002,450.3695000000001,579.83426,251.97763387673945,19058.8,95092,84369,88.72355192865857
rule_copilot,60c1s5r10p,rw_1000000,concurrent_90,50,59398,89.73644999999999,227.942,711.4807599999997,143.08844401495,59850,721.975,1032.1119999999999,1315.9202,761.2514879699248,119248,483.1385,927.7352000000001,1219.5612999999998,453.34151476418896,11924.8,59398,58378,98.28277046365197
rule_copilot,60c1s5r10p,rw_1000000,concurrent_100,50,85107,146.666,332.0914000000011,967.9651600000001,180.6004368430329,84755,487.256,672.7742000000001,1453.18,531.951212329656,169862,361.253,604.5686,1417.1055999999994,355.9117776748184,16986.2,85107,79598,93.52697192945351
rule_copilot,60c1s5r10p,rw_1000000,concurrent_1,75,3541,63.9341,213.315,222.2686,98.55285583168599,1227,171.935,305.3242,363.66764,204.8016251018745,4768,78.7413,221.56130000000002,347.86201,125.89497829278524,476.8,3541,3541,100.0
rule_copilot,60c1s5r10p,rw_1000000,concurrent_2,75,7186,63.27,213.32150000000001,229.02835,99.61200335374339,2355,176.698,306.41659999999996,365.91412,205.5340632696391,9541,79.0662,221.891,337.92359999999996,125.75668956084269,954.1,7186,7186,100.0
rule_copilot,60c1s5r10p,rw_1000000,concurrent_5,75,18064,64.5459,196.2217,228.96911,99.31736853410098,5896,176.553,307.35249999999996,377.06285,204.19027747625512,23960,78.405,222.75220000000002,344.65833999999995,125.12415781302171,2396.0,18064,18059,99.97232063773251
rule_copilot,60c1s5r10p,rw_1000000,concurrent_10,75,39350,61.344,196.3711,223.72151,96.98318331639136,13104,135.666,269.8070000000001,328.58774,166.45738385225886,52454,78.884,216.4947,297.81994000000003,114.33915090364893,5245.4,39350,39283,99.8297331639136
rule_copilot,60c1s5r10p,rw_1000000,concurrent_20,75,70838,63.5449,213.94330000000002,229.68541000000002,100.08780184787825,23866,182.327,295.40099999999995,364.60859999999997,205.56270996396546,94704,77.917,223.2814,350.37391,126.66813802268119,9470.4,70838,70643,99.72472401818233
rule_copilot,60c1s5r10p,rw_1000000,concurrent_30,75,92997,68.8208,216.318,238.33819999999997,106.67882901491447,31084,241.088,356.26520000000005,429.55404,259.68379130742505,124081,88.696,256.146,397.8044,145.00868006302332,12408.1,92997,92153,99.09244384227448
rule_copilot,60c1s5r10p,rw_1000000,concurrent_40,75,107812,77.387,217.6429,292.37489999999997,112.98096306719103,36027,318.122,460.81160000000006,606.8735799999997,329.02877830516,143839,144.775,344.987,522.3132599999999,167.09392714215195,14383.9,107812,106790,99.05205357474122
rule_copilot,60c1s5r10p,rw_1000000,concurrent_50,75,149795,77.582,220.49940000000004,293.8896,112.48924032444343,49864,254.19,390.97600000000006,484.15272000000044,264.82456662120967,199659,102.73,280.7728,439.21484,150.5343507900971,19965.9,149795,145325,97.0159217597383
rule_copilot,60c1s5r10p,rw_1000000,concurrent_60,75,132101,91.679,290.409,495.975,147.79642666293213,43523,370.658,504.8636000000001,692.01014,377.1522230498816,175624,174.5285,418.488,596.1037899999998,204.63519770874143,17562.4,132101,123053,93.15069530132247
rule_copilot,60c1s5r10p,rw_1000000,concurrent_70,75,155052,88.14405,238.5229,528.6404299999999,139.9309128466579,51666,400.8905,549.0409999999999,626.7221,396.06705154260055,206718,163.0845,457.78130000000004,594.9261299999998,203.94822020191756,20671.8,155052,143599,92.61344581172767
rule_copilot,60c1s5r10p,rw_1000000,concurrent_80,75,112600,95.53005,374.59430000000003,1022.6800999999999,183.66920491651865,37607,664.037,1266.1260000000002,1870.4688000000024,764.885039939373,150207,184.495,767.0565999999999,1571.7088,329.18694981325774,15020.7,112600,106070,94.20071047957371
rule_copilot,60c1s5r10p,rw_1000000,concurrent_90,75,136767,94.0471,262.2904000000001,799.3831199999997,162.94132341061805,45383,705.99,830.005,908.3815,689.6119513914902,182150,176.90800000000002,741.7344,870.28206,294.1622573093604,18215.0,136767,128073,93.64320340433
rule_copilot,60c1s5r10p,rw_1000000,concurrent_100,75,69902,149.076,612.0423000000001,1790.48,262.96456823982146,23065,1731.17,2506.718,2830.2172,1789.2367386516369,92967,219.116,1871.72,2717.97,641.6308434831714,9296.7,69902,68494,97.98575148064432
rule_copilot,60c1s5r10p,rw_1000000,concurrent_1,100,6479,61.4868,195.9928,229.1,92.5840902762772,0,0,0,0,0,6479,61.4868,195.9928,229.1,92.5840902762772,647.9,6479,6477,99.96913103874054
rule_copilot,60c1s5r10p,rw_1000000,concurrent_2,100,12869,63.5271,195.724,229.09232,93.24620770844666,0,0,0,0,0,12869,63.5271,195.724,229.09232,93.24620770844666,1286.9,12869,12868,99.99222938845287
rule_copilot,60c1s5r10p,rw_1000000,concurrent_5,100,32019,61.6782,196.078,228.90482,93.59579090539991,0,0,0,0,0,32019,61.6782,196.078,228.90482,93.59579090539991,3201.9,32019,32004,99.9531528155158
rule_copilot,60c1s5r10p,rw_1000000,concurrent_10,100,64087,62.5901,196.1428,228.13714,93.56476305178897,0,0,0,0,0,64087,62.5901,196.1428,228.13714,93.56476305178897,6408.7,64087,64028,99.90793764726075
rule_copilot,60c1s5r10p,rw_1000000,concurrent_20,100,122571,64.314,202.252,232.28170000000003,97.88422789566863,0,0,0,0,0,122571,64.314,202.252,232.28170000000003,97.88422789566863,12257.1,122571,121269,98.9377585236312
rule_copilot,60c1s5r10p,rw_1000000,concurrent_30,100,124189,84.197,245.69519999999997,1255.9647999999986,146.71268396556863,0,0,0,0,0,124189,84.197,245.69519999999997,1255.9647999999986,146.71268396556863,12418.9,124189,121596,97.91205340247527
rule_copilot,60c1s5r10p,rw_1000000,concurrent_40,100,226187,75.5,216.532,253.6128399999999,105.92286575621058,0,0,0,0,0,226187,75.5,216.532,253.6128399999999,105.92286575621058,22618.7,226187,218433,96.57186310442245
rule_copilot,60c1s5r10p,rw_1000000,concurrent_50,100,192502,97.36855,261.7908,743.58895,153.49258489729976,0,0,0,0,0,192502,97.36855,261.7908,743.58895,153.49258489729976,19250.2,192502,166078,86.2733893673832
rule_copilot,60c1s5r10p,rw_1000000,concurrent_60,100,158611,138.247,524.987,1350.2489999999818,225.79030548196533,0,0,0,0,0,158611,138.247,524.987,1350.2489999999818,225.79030548196533,15861.1,158611,144937,91.37890814634547
rule_copilot,60c1s5r10p,rw_1000000,concurrent_70,100,159622,108.6685,430.6517999999999,1595.0258000000001,243.13418001152723,0,0,0,0,0,159622,108.6685,430.6517999999999,1595.0258000000001,243.13418001152723,15962.2,159622,147359,92.31747503476964
rule_copilot,60c1s5r10p,rw_1000000,concurrent_80,100,142762,161.417,757.9790000000007,2518.650699999998,347.1748668644317,0,0,0,0,0,142762,161.417,757.9790000000007,2518.650699999998,347.1748668644317,14276.2,142762,130207,91.20564295821016
rule_copilot,60c1s5r10p,rw_1000000,concurrent_90,100,119727,175.272,689.9282000000002,3851.1666000000005,421.00047206728647,0,0,0,0,0,119727,175.272,689.9282000000002,3851.1666000000005,421.00047206728647,11972.7,119727,110233,92.07029325047817
rule_copilot,60c1s5r10p,rw_1000000,concurrent_100,100,109634,199.778,1107.774999999997,3958.716899999982,485.9999950681358,0,0,0,0,0,109634,199.778,1107.774999999997,3958.716899999982,485.9999950681358,10963.4,109634,100339,91.52179068537133
rule_copilot,60c1s5r10p,rw_zipf_1,concurrent_1,0,0,0,0,0,0,2844,174.767,310.5804000000002,363.3031,211.50958333333332,2844,174.767,310.5804000000002,363.3031,211.50958333333332,284.4,0,0,0
rule_copilot,60c1s5r10p,rw_zipf_1,concurrent_2,0,0,0,0,0,0,5673,175.598,312.1608,373.60804,211.52230407191962,5673,175.598,312.1608,373.60804,211.52230407191962,567.3,0,0,0
rule_copilot,60c1s5r10p,rw_zipf_1,concurrent_5,0,0,0,0,0,0,14187,177.32,317.936,366.5148,211.68978297032498,14187,177.32,317.936,366.5148,211.68978297032498,1418.7,0,0,0
rule_copilot,60c1s5r10p,rw_zipf_1,concurrent_10,0,0,0,0,0,0,28662,178.71949999999998,319.3987,370.88839,209.14442851161817,28662,178.71949999999998,319.3987,370.88839,209.14442851161817,2866.2,0,0,0
rule_copilot,60c1s5r10p,rw_zipf_1,concurrent_20,0,0,0,0,0,0,69515,136.624,275.703,324.93458,172.45760862116092,69515,136.624,275.703,324.93458,172.45760862116092,6951.5,0,0,0
rule_copilot,60c1s5r10p,rw_zipf_1,concurrent_30,0,0,0,0,0,0,89558,178.23950000000002,287.33860000000004,362.25335999999965,200.8894991625539,89558,178.23950000000002,287.33860000000004,362.25335999999965,200.8894991625539,8955.8,0,0,0
rule_copilot,60c1s5r10p,rw_zipf_1,concurrent_40,0,0,0,0,0,0,134512,182.8585,285.915,354.1334999999977,177.63414771321516,134512,182.8585,285.915,354.1334999999977,177.63414771321516,13451.2,0,0,0
rule_copilot,60c1s5r10p,rw_zipf_1,concurrent_50,0,0,0,0,0,0,135152,211.607,333.036,405.85398,221.92107644725937,135152,211.607,333.036,405.85398,221.92107644725937,13515.2,0,0,0
rule_copilot,60c1s5r10p,rw_zipf_1,concurrent_60,0,0,0,0,0,0,138626,243.44,354.44399999999996,429.7705,259.2205405046672,138626,243.44,354.44399999999996,429.7705,259.2205405046672,13862.6,0,0,0
rule_copilot,60c1s5r10p,rw_zipf_1,concurrent_70,0,0,0,0,0,0,147181,266.435,387.078,449.7842000000001,285.03745301363625,147181,266.435,387.078,449.7842000000001,285.03745301363625,14718.1,0,0,0
rule_copilot,60c1s5r10p,rw_zipf_1,concurrent_80,0,0,0,0,0,0,247360,172.14749999999998,285.17330000000004,361.30023,193.34987751334086,247360,172.14749999999998,285.17330000000004,361.30023,193.34987751334086,24736.0,0,0,0
rule_copilot,60c1s5r10p,rw_zipf_1,concurrent_90,0,0,0,0,0,0,177008,295.894,468.86530000000005,615.34865,305.67080706239267,177008,295.894,468.86530000000005,615.34865,305.67080706239267,17700.8,0,0,0
rule_copilot,60c1s5r10p,rw_zipf_1,concurrent_100,0,0,0,0,0,0,182615,322.591,430.50260000000003,510.20743999999996,327.99083110368804,182615,322.591,430.50260000000003,510.20743999999996,327.99083110368804,18261.5,0,0,0
rule_copilot,60c1s5r10p,rw_zipf_1,concurrent_1,25,898,77.9585,216.64339999999999,316.21121999999997,119.85422060133632,2585,162.769,308.2846,349.43348,190.4394661121857,3483,159.093,301.7792,347.53702,172.24091587711743,348.3,898,745,82.96213808463251
rule_copilot,60c1s5r10p,rw_zipf_1,concurrent_2,25,1548,109.742,221.61010000000002,323.64518999999996,129.58714483204133,4691,175.802,319.019,377.9349,213.20039032189297,6239,173.487,308.0358,376.56816,192.4545489982369,623.9,1548,1204,77.77777777777777
rule_copilot,60c1s5r10p,rw_zipf_1,concurrent_5,25,4181,120.791,223.06,325.159,131.9062453719206,12384,177.0335,303.86100000000005,367.26539,197.42309004360465,16565,174.185,278.9482,355.34336,180.8866621792937,1656.5,4181,3003,71.82492226740014
rule_copilot,60c1s5r10p,rw_zipf_1,concurrent_10,25,7880,145.50349999999997,239.2408,348.82777,138.8901238324873,23431,177.513,316.446,378.2728,209.29028987239127,31311,174.849,309.836,369.4650000000001,191.57276860528248,3131.1,7880,5415,68.71827411167513
rule_copilot,60c1s5r10p,rw_zipf_1,concurrent_20,25,16992,131.04149999999998,240.3033,348.67685,137.07839398540492,50905,164.262,297.4538,360.96915999999993,190.34826631961496,67897,163.012,278.34540000000004,358.79107999999997,177.01687213868064,6789.7,16992,10599,62.37641242937853
rule_copilot,60c1s5r10p,rw_zipf_1,concurrent_30,25,23345,148.688,264.389,352.49784000000005,147.98499896765904,70011,181.128,296.148,361.76509999999996,207.68063888531802,93356,176.594,290.731,360.35424999999987,192.7528922608081,9335.6,23345,13784,59.044763332619404
rule_copilot,60c1s5r10p,rw_zipf_1,concurrent_40,25,27156,179.702,303.66200000000003,387.1521000000001,165.49411523788478,82377,201.347,332.6594,401.1981200000001,236.5352387195455,109533,192.947,321.3664,399.05887999999993,218.9223480905298,10953.3,27156,15300,56.34114007954043
rule_copilot,60c1s5r10p,rw_zipf_1,concurrent_50,25,31198,186.986,320.0236,412.01752999999997,180.85886066093983,93815,241.37,363.91200000000003,427.12872000000004,259.51457017534506,125013,233.648,358.74260000000004,425.21356000000003,239.8854050050795,12501.3,31198,16735,53.641259055067636
rule_copilot,60c1s5r10p,rw_zipf_1,concurrent_60,25,35875,199.18,339.94840000000005,429.59992000000074,193.56061399303138,107316,254.1165,371.467,442.50825000000003,270.45620600190097,143191,244.828,367.856,441.3614,251.19082365721312,14319.1,35875,17857,49.77560975609756
rule_copilot,60c1s5r10p,rw_zipf_1,concurrent_70,25,59208,151.2415,264.42760000000004,330.59009000000003,154.92680208755576,177760,164.305,274.73210000000006,336.53264,184.25194640020257,236968,161.619,272.478,335.36528999999985,176.92486787287737,23696.8,59208,24378,41.17349006890961
rule_copilot,60c1s5r10p,rw_zipf_1,concurrent_80,25,58687,170.935,291.77840000000003,399.56334,177.68351357029667,176207,198.632,327.006,405.85888,212.89014811159606,234894,189.65800000000002,320.7807,405.36563000000007,204.09396020843442,23489.4,58687,21849,37.229710157275036
rule_copilot,60c1s5r10p,rw_zipf_1,concurrent_90,25,42752,257.632,423.7186,543.696,256.4359035507111,128168,328.871,447.6494,570.95133,335.05506461831345,170920,311.103,443.56010000000003,569.27786,315.3901548712849,17092.0,42752,16236,37.97717065868263
rule_copilot,60c1s5r10p,rw_zipf_1,concurrent_100,25,44780,288.6735,439.5814,613.6565999999999,276.9017768222421,134744,339.25199999999995,454.815,635.9981300000001,354.48455647746835,179524,333.60249999999996,452.57450000000006,627.7624699999999,335.1325095480271,17952.4,44780,15988,35.70343903528361
rule_copilot,60c1s5r10p,rw_zipf_1,concurrent_1,50,1771,77.6082,216.384,321.4841,122.9444470920384,1808,175.8705,313.9276,370.8674400000003,211.4052157079646,3579,168.908,291.93360000000007,365.18104,167.632088795753,357.9,1771,1446,81.64878599661208
rule_copilot,60c1s5r10p,rw_zipf_1,concurrent_2,50,3558,79.4104,227.2563,348.6911299999998,129.58186557054523,3455,177.232,321.0764,364.89264000000003,213.7314995658466,7013,172.88,303.2928,364.06784,171.03872931698274,701.3,3558,2726,76.61607644744238
rule_copilot,60c1s5r10p,rw_zipf_1,concurrent_5,50,8650,146.3855,228.85049999999998,349.2542400000003,136.34854041618496,8562,178.927,320.5107,381.18234,212.74395176360667,17212,173.51549999999997,301.6877,380.0812899999999,174.35095221938184,1721.2,8650,6183,71.47976878612717
rule_copilot,60c1s5r10p,rw_zipf_1,concurrent_10,50,17351,146.358,238.402,345.032,138.27759935450402,17461,175.316,310.226,358.1308,206.384306798007,34812,166.2055,277.66990000000004,355.71135,172.43855588302884,3481.2,17351,11499,66.27283730044378
rule_copilot,60c1s5r10p,rw_zipf_1,concurrent_20,50,34928,145.6935,246.92299999999992,342.85573,142.37026682604213,34933,176.152,283.68539999999996,347.49772,201.1384136489852,69861,168.118,279.512,345.41839999999996,171.7564432759336,6986.1,34928,21407,61.28893724232707
rule_copilot,60c1s5r10p,rw_zipf_1,concurrent_30,50,49538,151.9015,272.02570000000003,358.68970999999993,150.6077212705398,49415,186.43,302.59819999999996,366.14516000000003,213.2483202266518,98953,180.559,293.14279999999997,363.42875999999995,181.88908916657402,9895.3,49538,29035,58.611570915256976
rule_copilot,60c1s5r10p,rw_zipf_1,concurrent_40,50,57210,184.5765,309.2246,395.46411999999987,175.47276177241744,57252,218.5445,341.06100000000004,410.38926999999995,243.72993690875424,114462,204.212,325.39570000000003,403.63034,209.61387227988325,11446.2,57210,29346,51.29522810697431
rule_copilot,60c1s5r10p,rw_zipf_1,concurrent_50,50,66999,197.06,327.2714000000001,413.5738000000001,191.1804647532053,66589,241.541,356.64860000000004,424.60472,258.0159171184429,133588,222.763,344.0826,420.1453000000001,224.49562732431053,13358.8,66999,31037,46.324572008537444
rule_copilot,60c1s5r10p,rw_zipf_1,concurrent_60,50,75233,196.108,368.0534000000001,542.4028399999997,201.00052929831324,75672,259.0865,415.5697,742.6338999999999,276.26705207077913,150905,229.313,396.284,620.7945999999998,238.74327016997447,15090.5,75233,35586,47.301051400316354
rule_copilot,60c1s5r10p,rw_zipf_1,concurrent_70,50,120865,152.913,267.90840000000003,338.6646,159.24613846440246,120924,166.87849999999997,280.1006,347.84031000000004,187.91303826039496,241789,161.666,274.729,344.12143999999995,173.58308593070822,24178.9,120865,46952,38.846647085591364
rule_copilot,60c1s5r10p,rw_zipf_1,concurrent_80,50,68971,296.067,511.841,628.1179000000006,288.56960046831273,68824,397.597,546.2198,646.36108,409.74343678077423,137795,364.645,535.8282,644.0573,349.09188437098595,13779.5,68971,29201,42.338084122312274
rule_copilot,60c1s5r10p,rw_zipf_1,concurrent_90,50,105346,234.2825,378.3035,474.0767000000001,231.0970760133275,105787,276.589,399.72460000000007,479.9237,280.1925847684498,211133,258.275,389.59180000000003,476.13104,255.69610404152832,21113.3,105346,34362,32.618229453420156
rule_copilot,60c1s5r10p,rw_zipf_1,concurrent_100,50,60828,418.233,729.4312000000001,908.98765,403.8717977987111,61060,583.5605,784.7903,977.70723,586.6380620864722,121888,533.801,765.5457,965.7145200000001,495.428867382351,12188.8,60828,24773,40.7263102518577
rule_copilot,60c1s5r10p,rw_zipf_1,concurrent_1,75,3170,77.51259999999999,216.1554,321.69415,119.6992754258675,1050,175.0195,311.9284,377.46957000000003,209.8772838095238,4220,159.62099999999998,238.2131,359.6605000000001,142.13693154028437,422.0,3170,2595,81.86119873817034
rule_copilot,60c1s5r10p,rw_zipf_1,concurrent_2,75,6007,78.355,222.2172,350.2009599999997,128.79934752788412,2011,177.408,319.177,380.293,212.96065241173545,8018,165.133,275.39990000000006,366.48276999999996,149.90790129708157,801.8,6007,4551,75.76161145330448
rule_copilot,60c1s5r10p,rw_zipf_1,concurrent_5,75,16913,119.018,216.6258,323.12244000000004,120.25426587240584,5664,134.58350000000002,272.7071,335.60605,169.82423940677967,22577,121.581,233.56220000000002,333.8568,132.69012227931083,2257.7,16913,11828,69.93437001123397
rule_copilot,60c1s5r10p,rw_zipf_1,concurrent_10,75,29326,146.407,240.2745,347.343,138.36034815522063,9540,176.58749999999998,306.7979000000001,370.77325,203.35477295597485,38866,165.696,274.61850000000004,354.70534999999995,154.3137987958627,3886.6,29326,19202,65.47773306963104
rule_copilot,60c1s5r10p,rw_zipf_1,concurrent_20,75,57992,146.6615,244.14820000000003,350.68989999999997,140.662036930956,19379,169.279,284.2054,353.65265999999997,198.07666009598017,77371,159.197,270.582,351.82150000000007,155.04259272466427,7737.1,57992,34915,60.2065802179611
rule_copilot,60c1s5r10p,rw_zipf_1,concurrent_30,75,77708,165.231,284.6589,367.42243999999994,157.59364086580533,25984,195.56,310.6685,376.19755,221.3383069196429,103692,179.69,298.8332000000001,370.1496099999999,173.5673071345909,10369.2,77708,43021,55.362382251505636
rule_copilot,60c1s5r10p,rw_zipf_1,concurrent_40,75,88290,195.8845,323.10470000000004,414.32504,187.3096023377506,29431,234.189,352.24,423.65970000000004,253.54467316774827,117721,207.853,331.779,417.2676,203.86879202861002,11772.1,88290,41041,46.484313059236605
rule_copilot,60c1s5r10p,rw_zipf_1,concurrent_50,75,104207,212.87,337.88040000000007,433.21040000000005,198.30341907069584,35506,247.36849999999998,367.4305,451.7310499999998,261.9896535909424,139713,222.579,349.05920000000003,438.19652,214.4883370301976,13971.3,104207,44620,42.81862063009203
rule_copilot,60c1s5r10p,rw_zipf_1,concurrent_60,75,172931,138.23,258.797,331.4254,148.89022638566826,57677,158.737,273.9646,339.53836,177.28728572394544,230608,145.867,263.0496,333.37973999999986,155.99256971917717,23060.8,172931,72887,42.14802435653527
rule_copilot,60c1s5r10p,rw_zipf_1,concurrent_70,75,183074,157.792,273.934,341.1962399999999,164.2357202885172,61520,170.09,285.4808,348.16605,192.8064498959688,244594,161.999,277.34740000000005,342.72928,171.42179715651238,24459.4,183074,64784,35.38678348645903
rule_copilot,60c1s5r10p,rw_zipf_1,concurrent_80,75,143088,233.284,390.5233,469.1686000000001,234.1647539017947,47630,294.5985,415.38649999999996,482.38482999999997,303.1365380369515,190718,257.904,396.6093,472.2174699999999,251.38979861890328,19071.8,143088,53079,37.09535390808453
rule_copilot,60c1s5r10p,rw_zipf_1,concurrent_90,75,155372,234.90699999999998,424.5218,548.9930900000002,248.36212442589397,51788,297.6355,452.53800000000024,564.93399,303.6669387020159,207160,260.3505,432.219,553.17769,262.1877940615949,20716.0,155372,48242,31.04935252168988
rule_copilot,60c1s5r10p,rw_zipf_1,concurrent_100,75,109724,354.269,727.4182,1422.1177,391.93084986511616,36646,454.1625,880.998,1593.39,521.9427670414233,146370,381.3705,767.4021,1428.16,424.48135008266723,14637.0,109724,36734,33.47854617039116
rule_copilot,60c1s5r10p,rw_zipf_1,concurrent_1,100,5021,77.927,218.015,346.2612000000001,119.50384720175262,0,0,0,0,0,5021,77.927,218.015,346.2612000000001,119.50384720175262,502.1,5021,3987,79.40649273053177
rule_copilot,60c1s5r10p,rw_zipf_1,concurrent_2,100,9565,79.009,221.8246,351.95544000000007,125.46124314688969,0,0,0,0,0,9565,79.009,221.8246,351.95544000000007,125.46124314688969,956.5,9565,7197,75.2430737062206
rule_copilot,60c1s5r10p,rw_zipf_1,concurrent_5,100,22607,144.737,228.9408,350.47733999999997,132.85563896138362,0,0,0,0,0,22607,144.737,228.9408,350.47733999999997,132.85563896138362,2260.7,22607,15695,69.42539921263325
rule_copilot,60c1s5r10p,rw_zipf_1,concurrent_10,100,48466,122.502,223.078,309.56419999999997,123.68977219287747,0,0,0,0,0,48466,122.502,223.078,309.56419999999997,123.68977219287747,4846.6,48466,31339,64.66182478438493
rule_copilot,60c1s5r10p,rw_zipf_1,concurrent_20,100,86058,146.551,242.32410000000004,352.55143999999996,139.39711483999164,0,0,0,0,0,86058,146.551,242.32410000000004,352.55143999999996,139.39711483999164,8605.8,86058,51487,59.82825536266239
rule_copilot,60c1s5r10p,rw_zipf_1,concurrent_30,100,106838,178.32,302.1373,380.43986000000007,168.47180335648363,0,0,0,0,0,106838,178.32,302.1373,380.43986000000007,168.47180335648363,10683.8,106838,53354,49.939160223890376
rule_copilot,60c1s5r10p,rw_zipf_1,concurrent_40,100,135937,173.832,325.5264,436.08811999999875,176.83308003266217,0,0,0,0,0,135937,173.832,325.5264,436.08811999999875,176.83308003266217,13593.7,135937,66248,48.73434017228569
rule_copilot,60c1s5r10p,rw_zipf_1,concurrent_50,100,142812,219.1905,359.0378,447.09647999999953,209.99501090034448,0,0,0,0,0,142812,219.1905,359.0378,447.09647999999953,209.99501090034448,14281.2,142812,62465,43.7393216256337
rule_copilot,60c1s5r10p,rw_zipf_1,concurrent_60,100,236165,146.74,261.318,332.01207999999997,152.3171406546271,0,0,0,0,0,236165,146.74,261.318,332.01207999999997,152.3171406546271,23616.5,236165,95588,40.4750915673364
rule_copilot,60c1s5r10p,rw_zipf_1,concurrent_70,100,190009,216.238,392.69480000000004,567.86176,222.78314472261843,0,0,0,0,0,190009,216.238,392.69480000000004,567.86176,222.78314472261843,19000.9,190009,70483,37.09455867879942
rule_copilot,60c1s5r10p,rw_zipf_1,concurrent_80,100,187368,270.133,416.9510000000002,489.735,256.5756813778233,0,0,0,0,0,187368,270.133,416.9510000000002,489.735,256.5756813778233,18736.8,187368,64960,34.66974083087827
rule_copilot,60c1s5r10p,rw_zipf_1,concurrent_90,100,196862,287.986,453.49989999999997,540.5053899999999,274.8184227077851,0,0,0,0,0,196862,287.986,453.49989999999997,540.5053899999999,274.8184227077851,19686.2,196862,65626,33.336042506933794
rule_copilot,60c1s5r10p,rw_zipf_1,concurrent_100,100,189977,351.701,511.1366,585.1763999999998,315.6294117129968,0,0,0,0,0,189977,351.701,511.1366,585.1763999999998,315.6294117129968,18997.7,189977,64789,34.10360201498076
rule_mencius,60c1s5r10p,rw_1000000,concurrent_1,0,0,0,0,0,0,3447,141.049,311.8364,356.05492000000004,174.00668909196403,3447,141.049,311.8364,356.05492000000004,174.00668909196403,344.7,0,0,0
rule_mencius,60c1s5r10p,rw_1000000,concurrent_2,0,0,0,0,0,0,6776,141.425,313.555,351.2905,177.11431834415586,6776,141.425,313.555,351.2905,177.11431834415586,677.6,0,0,0
rule_mencius,60c1s5r10p,rw_1000000,concurrent_5,0,0,0,0,0,0,16600,140.264,312.5351,346.71230999999995,180.841799,16600,140.264,312.5351,346.71230999999995,180.841799,1660.0,0,0,0
rule_mencius,60c1s5r10p,rw_1000000,concurrent_10,0,0,0,0,0,0,33081,137.596,314.215,344.4962,181.35242764729,33081,137.596,314.215,344.4962,181.35242764729,3308.1,0,0,0
rule_mencius,60c1s5r10p,rw_1000000,concurrent_20,0,0,0,0,0,0,65378,149.087,322.96410000000003,358.9208199999999,183.55177409067272,65378,149.087,322.96410000000003,358.9208199999999,183.55177409067272,6537.8,0,0,0
rule_mencius,60c1s5r10p,rw_1000000,concurrent_30,0,0,0,0,0,0,95859,152.166,329.1572,374.45268,187.85937469825475,95859,152.166,329.1572,374.45268,187.85937469825475,9585.9,0,0,0
rule_mencius,60c1s5r10p,rw_1000000,concurrent_40,0,0,0,0,0,0,115039,175.745,342.1961999999999,391.60343999999947,208.55075110875447,115039,175.745,342.1961999999999,391.60343999999947,208.55075110875447,11503.9,0,0,0
rule_mencius,60c1s5r10p,rw_1000000,concurrent_50,0,0,0,0,0,0,120764,221.91699999999997,380.8411,438.313,248.2495845549999,120764,221.91699999999997,380.8411,438.313,248.2495845549999,12076.4,0,0,0
rule_mencius,60c1s5r10p,rw_1000000,concurrent_60,0,0,0,0,0,0,120853,273.527,435.6936,506.76135999999997,297.6089775926125,120853,273.527,435.6936,506.76135999999997,297.6089775926125,12085.3,0,0,0
rule_mencius,60c1s5r10p,rw_1000000,concurrent_70,0,0,0,0,0,0,119029,331.774,496.2636,563.85572,352.3240288165068,119029,331.774,496.2636,563.85572,352.3240288165068,11902.9,0,0,0
rule_mencius,60c1s5r10p,rw_1000000,concurrent_80,0,0,0,0,0,0,115475,398.497,567.6128,668.46578,415.6378845031393,115475,398.497,567.6128,668.46578,415.6378845031393,11547.5,0,0,0
rule_mencius,60c1s5r10p,rw_1000000,concurrent_90,0,0,0,0,0,0,107300,494.441,678.5122,828.46206,503.0625928518173,107300,494.441,678.5122,828.46206,503.0625928518173,10730.0,0,0,0
rule_mencius,60c1s5r10p,rw_1000000,concurrent_100,0,0,0,0,0,0,98952,611.818,823.6779,1019.5049,605.8476414524214,98952,611.818,823.6779,1019.5049,605.8476414524214,9895.2,0,0,0
rule_mencius,60c1s5r10p,rw_1000000,concurrent_1,25,914,108.32,216.1784,264.59448000000003,125.9235419037199,2733,144.471,312.9112,358.62904,177.45184284668863,3647,137.951,303.8354,355.44147999999996,164.5379774609268,364.7,914,883,96.60831509846827
rule_mencius,60c1s5r10p,rw_1000000,concurrent_2,25,1826,117.3275,219.49,266.96725000000004,129.8676661007667,5324,142.81349999999998,313.9606,353.6354199999999,180.87414231780616,7150,138.0015,301.2761,350.2653900000001,167.84787300699298,715.0,1826,1778,97.37130339539978
rule_mencius,60c1s5r10p,rw_1000000,concurrent_5,25,4310,125.85499999999999,216.6521,263.82403,131.89401733178656,13127,143.009,317.5762,345.91392,185.19521392549703,17437,139.826,304.8384,343.6818,172.02046154154957,1743.7,4310,4236,98.2830626450116
rule_mencius,60c1s5r10p,rw_1000000,concurrent_10,25,8827,123.835,221.7184,266.03674,132.72846260337602,26315,138.985,316.9918,347.92258,183.4732821128634,35142,135.95299999999997,301.0879,345.36159999999984,170.72715150532127,3514.2,8827,8704,98.60654809108418
rule_mencius,60c1s5r10p,rw_1000000,concurrent_20,25,17172,126.74,222.1669,266.966,133.89290289424645,51900,140.1685,323.3773,350.17204000000004,186.9390973603083,69072,137.7755,303.6778,348.3560299999999,173.7512752128214,6907.2,17172,16898,98.40437922198929
rule_mencius,60c1s5r10p,rw_1000000,concurrent_30,25,25255,128.737,223.45940000000007,267.4386,136.39757862997425,75992,144.114,327.112,356.98098999999996,191.45187652647647,101247,141.257,307.7302,352.29616,177.71916056080676,10124.7,25255,25000,98.99029895070284
rule_mencius,60c1s5r10p,rw_1000000,concurrent_40,25,31075,137.274,231.57660000000004,276.89591999999993,144.65287929847145,92861,165.906,343.689,371.73879999999997,209.97944278006915,123936,158.789,331.9635,368.64619999999996,193.59983588465013,12393.6,31075,30650,98.63234111021721
rule_mencius,60c1s5r10p,rw_1000000,concurrent_50,25,31830,149.2295,255.34190000000004,299.7839599999999,161.5400785893811,95322,225.03,395.3677,435.88652999999994,260.7285704978913,127152,211.109,386.3927,430.90296,235.89868424012207,12715.2,31830,31557,99.14231856738925
rule_mencius,60c1s5r10p,rw_1000000,concurrent_60,25,30826,170.2835,276.103,332.5965,185.53764504638943,91889,298.415,466.369,524.8186,329.2695852278292,122715,270.861,455.915,519.5636000000001,293.16413122438166,12271.5,30826,30727,99.67884253552197
rule_mencius,60c1s5r10p,rw_1000000,concurrent_70,25,29728,195.222,306.424,361.49318,210.84837786934872,89306,371.69899999999996,540.512,601.05485,399.56524276084474,119034,335.9635,526.8191,596.31867,352.43438133054417,11903.4,29728,29619,99.63334230355221
rule_mencius,60c1s5r10p,rw_1000000,concurrent_80,25,26741,230.918,347.886,417.1324,245.08867307131368,81305,495.609,660.8846000000001,757.96192,509.430523940717,108046,440.034,643.3425,746.849,444.00685777909405,10804.6,26741,26621,99.55125088814928
rule_mencius,60c1s5r10p,rw_1000000,concurrent_90,25,24841,277.763,397.61,467.0745999999999,288.0984862123103,73961,623.427,796.812,900.0716,632.9644112167224,98802,563.072,778.4506,894.20997,546.2575182081334,9880.2,24841,24737,99.58133730526146
rule_mencius,60c1s5r10p,rw_1000000,concurrent_100,25,23022,326.35450000000003,455.5713,541.3854900000001,337.02660724524367,68337,757.344,956.2444,1094.8367999999991,766.3986094355912,91359,697.773,936.4572,1070.2942,658.1990644052584,9135.9,23022,22890,99.42663539223352
rule_mencius,60c1s5r10p,rw_1000000,concurrent_1,50,1951,109.846,222.21,264.572,129.3065252690928,1973,143.358,305.80899999999997,358.67335999999995,175.74162868727828,3924,127.93,267.9832,352.7674,152.6542467380224,392.4,1951,1864,95.5407483341876
rule_mencius,60c1s5r10p,rw_1000000,concurrent_2,50,3754,113.3665,218.4086,265.47047000000003,129.64590988279167,3875,147.801,316.7058,361.4154199999999,184.46952356129034,7629,135.843,274.3528,350.54412,157.49248256652248,762.9,3754,3642,97.01651571656899
rule_mencius,60c1s5r10p,rw_1000000,concurrent_5,50,9640,114.23249999999999,217.39059999999998,265.53371,129.97894873443983,9432,146.0725,317.353,353.0038,185.0598568596268,19072,132.29899999999998,271.8036,347.5539,157.21904549601513,1907.2,9640,9505,98.59958506224066
rule_mencius,60c1s5r10p,rw_1000000,concurrent_10,50,18962,116.37,221.2572,264.75839,130.46277372640017,18806,146.4915,324.0315,352.51075000000003,187.41491335212163,37768,133.8265,274.51500000000016,347.0703000000002,158.8212236787757,3776.8,18962,18696,98.59719438877755
rule_mencius,60c1s5r10p,rw_1000000,concurrent_20,50,37455,117.727,220.15479999999997,265.24384,131.45394780670136,37635,144.93,327.5534,347.6498399999999,188.00337107214028,75090,134.686,275.4202,343.89511,159.79643741377012,7509.0,37455,37069,98.96942998264583
rule_mencius,60c1s5r10p,rw_1000000,concurrent_30,50,53552,125.3735,223.8549,269.89849000000004,136.48472331378846,53839,154.888,339.2250000000001,372.60596,198.55428119393005,107391,145.257,283.466,363.4232,167.6024419932769,10739.1,53552,52619,98.2577681505826
rule_mencius,60c1s5r10p,rw_1000000,concurrent_40,50,63394,139.173,235.75820000000002,286.91649,149.17944620784303,63203,190.613,363.9406,401.33398,230.03386652532316,126597,168.686,318.11660000000006,393.66107999999997,189.54566284272138,12659.7,63394,61826,97.52657980250497
rule_mencius,60c1s5r10p,rw_1000000,concurrent_50,50,62106,161.802,267.6815,319.9761499999999,176.2931348243326,62201,276.365,440.513,497.55,306.2405889776692,124307,229.432,405.8784,484.40840000000003,241.31651722268256,12430.7,62106,61548,99.1015360834702
rule_mencius,60c1s5r10p,rw_1000000,concurrent_60,50,58327,194.599,302.80740000000003,365.85766,208.96658237694376,58236,390.237,548.0435,629.75145,409.16829438835083,116563,296.182,509.607,607.10152,308.989290274787,11656.3,58327,58087,99.58852675433333
rule_mencius,60c1s5r10p,rw_1000000,concurrent_70,50,50505,251.386,362.3732,446.60788,261.32238040392036,50410,563.251,719.9474,797.68682,570.9611829398929,100915,399.966,679.3392,775.8809200000001,415.99603680622306,10091.5,50505,50301,99.59607959607959
rule_mencius,60c1s5r10p,rw_1000000,concurrent_80,50,46143,292.643,423.33540000000005,519.23922,306.1201855536051,46137,738.332,905.942,1050.8156,737.4420372369248,92280,493.70050000000003,850.0825,1005.83,521.7670892284352,9228.0,46143,45891,99.45387165984006
rule_mencius,60c1s5r10p,rw_1000000,concurrent_90,50,42530,362.694,490.2657,610.224469999998,370.06097568774976,42354,900.3515,1095.837,1236.6347,902.0142958870472,84884,601.693,1033.26,1206.6617,635.4861550351068,8488.4,42530,42244,99.32753350576064
rule_mencius,60c1s5r10p,rw_1000000,concurrent_100,50,38961,429.536,559.757,698.0702,434.69169787736456,38842,1100.8449999999998,1320.45,1488.7,1105.1234243344834,77803,734.741,1240.0,1455.1298000000002,769.3948471010114,7780.3,38961,38699,99.327532660866
rule_mencius,60c1s5r10p,rw_1000000,concurrent_1,75,3338,86.02244999999999,216.5769,266.13571,121.89535473337327,1101,147.859,303.045,363.11,176.51623251589461,4439,104.625,255.26860000000002,335.26098,135.44290743410676,443.9,3338,3190,95.56620730976633
rule_mencius,60c1s5r10p,rw_1000000,concurrent_2,75,6493,91.5432,221.8106,266.18816,123.14826534729708,2205,151.893,301.6542,360.67312000000004,181.4241149659864,8698,108.221,257.9833,336.4560300000001,137.92157512071742,869.8,6493,6405,98.64469428615432
rule_mencius,60c1s5r10p,rw_1000000,concurrent_5,75,16295,95.7341,219.13559999999998,265.697,123.65197159251305,5510,138.53300000000002,309.33660000000003,344.93698,178.93813617059894,21805,106.508,258.9254000000001,332.23032,137.62247224948408,2180.5,16295,16268,99.83430500153422
rule_mencius,60c1s5r10p,rw_1000000,concurrent_10,75,32626,96.35204999999999,221.325,264.997,123.49201536504629,11072,136.2815,308.88939999999997,341.14254,178.07601554371388,43698,104.9805,258.37220000000013,329.62942,137.32226045585614,4369.8,32626,32620,99.98160975908785
rule_mencius,60c1s5r10p,rw_1000000,concurrent_20,75,64425,99.804,219.01059999999998,267.21952000000005,125.41563446022505,21398,142.09550000000002,316.2593,355.0000399999999,183.1324455790261,85823,106.07,262.79380000000003,336.8179,139.80599979725713,8582.3,64425,64313,99.82615444315095
rule_mencius,60c1s5r10p,rw_1000000,concurrent_30,75,89087,110.094,225.88,277.78842000000003,134.08487062758877,29839,164.713,336.27020000000005,371.42598,202.60164938838435,118926,120.428,269.80449999999996,355.387,151.2759992407043,11892.6,89087,88320,99.13904385600593
rule_mencius,60c1s5r10p,rw_1000000,concurrent_40,75,93425,149.335,258.5136,325.8244799999999,165.79864389296228,31478,251.872,408.9951,465.57018999999997,269.6436682603723,124903,163.91,315.543,438.08935999999983,191.9696219882629,12490.3,93425,90160,96.5052180893765
rule_mencius,60c1s5r10p,rw_1000000,concurrent_50,75,87164,197.952,306.8271,383.0289199999999,211.2621402127025,29195,387.817,552.2144000000001,638.51266,396.4102033224867,116359,227.225,432.12539999999996,592.0852,257.7166276394606,11635.9,87164,85224,97.77431049515855
rule_mencius,60c1s5r10p,rw_1000000,concurrent_60,75,75543,266.993,379.0114,471.55232,275.73146180718265,25430,589.739,774.6651,955.9639099999999,594.9348164766025,100973,300.416,637.3434000000001,856.03856,356.122668458895,10097.3,75543,74746,98.94497173795057
rule_mencius,60c1s5r10p,rw_1000000,concurrent_70,75,61786,360.986,491.413,609.8833000000001,369.25319216327335,20704,924.9665,1133.587,1294.181700000003,922.2840464161515,82490,401.656,971.3481000000002,1211.4411,508.05729940598866,8249.0,61786,61404,99.38173696306606
rule_mencius,60c1s5r10p,rw_1000000,concurrent_80,75,55607,462.197,600.6637999999999,762.5421600000001,465.87112895858445,18633,1142.98,1444.43,1834.1276,1167.477449471368,74240,500.7315,1210.391,1594.6622,641.9625967672414,7424.0,55607,55180,99.23211106515367
rule_mencius,60c1s5r10p,rw_1000000,concurrent_90,75,47633,609.274,756.7330000000001,982.53412,607.1821523523607,15614,1607.38,1886.012,2109.6148,1607.1181229025233,63247,658.154,1666.0,1988.1586,854.0397146742138,6324.7,47633,47184,99.05737618877669
rule_mencius,60c1s5r10p,rw_1000000,concurrent_100,75,43743,707.168,886.9058,1516.526400000001,714.2248671101662,14575,1921.51,2314.166,2668.6314000000007,1935.284253173242,58318,772.8924999999999,2002.08,2450.7536000000014,1019.395492849549,5831.8,43743,43281,98.94383101296208
rule_mencius,60c1s5r10p,rw_1000000,concurrent_1,100,5269,79.5122,216.52859999999998,265.357,113.87333279559688,0,0,0,0,0,5269,79.5122,216.52859999999998,265.357,113.87333279559688,526.9,5269,4843,91.91497437843994
rule_mencius,60c1s5r10p,rw_1000000,concurrent_2,100,10522,82.42089999999999,216.546,265.24179000000004,113.88429198821517,0,0,0,0,0,10522,82.42089999999999,216.546,265.24179000000004,113.88429198821517,1052.2,10522,9759,92.74852689602737
rule_mencius,60c1s5r10p,rw_1000000,concurrent_5,100,25790,82.55295000000001,216.688,266.32111000000003,116.76708000387748,0,0,0,0,0,25790,82.55295000000001,216.688,266.32111000000003,116.76708000387748,2579.0,25790,24694,95.75029081039162
rule_mencius,60c1s5r10p,rw_1000000,concurrent_10,100,44834,99.6069,230.0777,294.60136,133.16430935450774,0,0,0,0,0,44834,99.6069,230.0777,294.60136,133.16430935450774,4483.4,44834,42521,94.84096890752554
rule_mencius,60c1s5r10p,rw_1000000,concurrent_20,100,48086,229.257,336.62300000000005,415.4322,249.08320120825186,0,0,0,0,0,48086,229.257,336.62300000000005,415.4322,249.08320120825186,4808.6,48086,45182,93.96082019714677
rule_mencius,60c1s5r10p,rw_1000000,concurrent_30,100,41862,411.8185,540.9363,664.49663,424.9259277865367,0,0,0,0,0,41862,411.8185,540.9363,664.49663,424.9259277865367,4186.2,41862,37971,90.70517414361474
rule_mencius,60c1s5r10p,rw_1000000,concurrent_40,100,42199,547.244,707.8064,875.02216,563.4208147823408,0,0,0,0,0,42199,547.244,707.8064,875.02216,563.4208147823408,4219.9,42199,38005,90.06137586198724
rule_mencius,60c1s5r10p,rw_1000000,concurrent_50,100,38563,755.779,994.9764,1205.99,760.9980968804294,0,0,0,0,0,38563,755.779,994.9764,1205.99,760.9980968804294,3856.3,38563,33553,87.00827217799446
rule_mencius,60c1s5r10p,rw_1000000,concurrent_60,100,31818,1074.915,1433.263,2391.2338999999974,1132.0102180212457,0,0,0,0,0,31818,1074.915,1433.263,2391.2338999999974,1132.0102180212457,3181.8,31818,30115,94.64768370104971
rule_mencius,60c1s5r10p,rw_1000000,concurrent_70,100,34083,1181.0,1637.618,2071.4818,1225.684211513071,0,0,0,0,0,34083,1181.0,1637.618,2071.4818,1225.684211513071,3408.3,34083,30981,90.89868849573101
rule_mencius,60c1s5r10p,rw_1000000,concurrent_80,100,29775,1571.78,2034.982,2701.9739999999865,1603.8260501427371,0,0,0,0,0,29775,1571.78,2034.982,2701.9739999999865,1603.8260501427371,2977.5,29775,28067,94.26364399664148
rule_mencius,60c1s5r10p,rw_1000000,concurrent_90,100,33662,1553.8449999999998,2151.129,3524.9381999999996,1658.70636114907,0,0,0,0,0,33662,1553.8449999999998,2151.129,3524.9381999999996,1658.70636114907,3366.2,33687,31243,92.744975806691
rule_mencius,60c1s5r10p,rw_1000000,concurrent_100,100,29539,2033.05,2770.21,4764.602,2093.636880293849,0,0,0,0,0,29539,2033.05,2770.21,4764.602,2093.636880293849,2953.9,29578,28555,96.54134829941172
rule_mencius,60c1s5r10p,rw_zipf_1,concurrent_1,0,0,0,0,0,0,3436,140.9615,310.242,352.85825,174.00529633294528,3436,140.9615,310.242,352.85825,174.00529633294528,343.6,0,0,0
rule_mencius,60c1s5r10p,rw_zipf_1,concurrent_2,0,0,0,0,0,0,6757,140.65,314.30800000000005,356.2072799999998,177.35911904691432,6757,140.65,314.30800000000005,356.2072799999998,177.35911904691432,675.7,0,0,0
rule_mencius,60c1s5r10p,rw_zipf_1,concurrent_5,0,0,0,0,0,0,16662,140.35500000000002,312.9035,341.10573999999997,179.98488223502582,16662,140.35500000000002,312.9035,341.10573999999997,179.98488223502582,1666.2,0,0,0
rule_mencius,60c1s5r10p,rw_zipf_1,concurrent_10,0,0,0,0,0,0,32982,140.255,313.6848,336.89319,181.9064234127706,32982,140.255,313.6848,336.89319,181.9064234127706,3298.2,0,0,0
rule_mencius,60c1s5r10p,rw_zipf_1,concurrent_20,0,0,0,0,0,0,65186,144.3295,318.4865,354.79695000000004,183.8840301705888,65186,144.3295,318.4865,354.79695000000004,183.8840301705888,6518.6,0,0,0
rule_mencius,60c1s5r10p,rw_zipf_1,concurrent_30,0,0,0,0,0,0,96216,145.8305,318.1155,357.08340000000004,187.02674365594078,96216,145.8305,318.1155,357.08340000000004,187.02674365594078,9621.6,0,0,0
rule_mencius,60c1s5r10p,rw_zipf_1,concurrent_40,0,0,0,0,0,0,116627,168.693,339.4654,390.42896,205.81458856354018,116627,168.693,339.4654,390.42896,205.81458856354018,11662.7,0,0,0
rule_mencius,60c1s5r10p,rw_zipf_1,concurrent_50,0,0,0,0,0,0,121875,217.902,381.3086,437.80204,245.8672796923077,121875,217.902,381.3086,437.80204,245.8672796923077,12187.5,0,0,0
rule_mencius,60c1s5r10p,rw_zipf_1,concurrent_60,0,0,0,0,0,0,121729,270.863,430.1382,495.63888000000003,295.533240814432,121729,270.863,430.1382,495.63888000000003,295.533240814432,12172.9,0,0,0
rule_mencius,60c1s5r10p,rw_zipf_1,concurrent_70,0,0,0,0,0,0,121668,322.14599999999996,481.3353,543.12599,344.49894552388463,121668,322.14599999999996,481.3353,543.12599,344.49894552388463,12166.8,0,0,0
rule_mencius,60c1s5r10p,rw_zipf_1,concurrent_80,0,0,0,0,0,0,117110,393.413,577.825,681.95919,410.267480829989,117110,393.413,577.825,681.95919,410.267480829989,11711.0,0,0,0
rule_mencius,60c1s5r10p,rw_zipf_1,concurrent_90,0,0,0,0,0,0,105795,508.895,672.563,788.6153,510.1662383382957,105795,508.895,672.563,788.6153,510.1662383382957,10579.5,0,0,0
rule_mencius,60c1s5r10p,rw_zipf_1,concurrent_100,0,0,0,0,0,0,104251,573.081,766.545,913.7545,575.0966613365819,104251,573.081,766.545,913.7545,575.0966613365819,10425.1,0,0,0
rule_mencius,60c1s5r10p,rw_zipf_1,concurrent_1,25,895,124.382,227.4724,326.0241999999999,139.24016335195532,2704,142.581,307.4911,355.41380999999996,175.8133885724852,3599,138.715,297.7386,353.21407999999997,166.71835201444844,359.9,895,730,81.56424581005587
rule_mencius,60c1s5r10p,rw_zipf_1,concurrent_2,25,1700,125.00450000000001,232.27390000000005,330.12758999999994,139.9132995882353,5294,143.91699999999997,314.9698,353.60124999999994,181.28972631280695,6994,140.0105,307.4871,351.69382,171.2325450957964,699.4,1700,1293,76.05882352941177
rule_mencius,60c1s5r10p,rw_zipf_1,concurrent_5,25,4330,130.06099999999998,262.885,336.42828,147.40466415704387,12815,143.021,316.5808,347.4211,184.22393245415532,17145,140.74,308.8044,345.76716000000005,174.9251612831729,1714.5,4330,3066,70.80831408775981
rule_mencius,60c1s5r10p,rw_zipf_1,concurrent_10,25,8699,130.399,264.5962,339.5203,150.29979497643404,25593,139.038,316.93219999999997,350.2278799999998,183.38599328722697,34292,137.51049999999998,307.8003,348.31842999999986,174.99287421847663,3429.2,8699,5770,66.32946315668468
rule_mencius,60c1s5r10p,rw_zipf_1,concurrent_20,25,17017,131.759,265.4524,335.4184,153.2772319092672,51041,137.828,319.051,348.7428,184.0235060245685,68058,136.6635,308.35710000000006,346.6957399999999,176.33580808134238,6805.8,17017,10512,61.77352059705001
rule_mencius,60c1s5r10p,rw_zipf_1,concurrent_30,25,24734,136.161,268.2585,339.90803,157.5585277148864,74594,143.499,323.3298,347.59741999999994,189.14479864332253,99328,141.85,316.43640000000005,346.40819,181.2793948785841,9932.8,24734,14624,59.12509096789844
rule_mencius,60c1s5r10p,rw_zipf_1,concurrent_40,25,30428,147.396,283.36019999999996,363.95415999999994,167.8608725154463,92734,163.0765,338.3069,377.10074,203.72200718183194,123162,158.71050000000002,333.622,374.6177,194.86227280248778,12316.2,30428,17475,57.43065597476009
rule_mencius,60c1s5r10p,rw_zipf_1,concurrent_50,25,31793,176.215,337.8118,412.80927999999994,196.69734651338345,96102,212.2525,380.7939,426.04095,246.99875563463817,127895,203.861,376.3704,424.10206,234.49449276124946,12789.5,31793,17824,56.062655301481456
rule_mencius,60c1s5r10p,rw_zipf_1,concurrent_60,25,31899,219.887,395.3916,472.44109999999995,232.33588970814134,95253,269.718,436.0306,486.90691999999996,300.0365490115797,127152,255.3635,430.57930000000005,483.51898,283.05228347804206,12715.2,31899,17667,55.3841813222985
rule_mencius,60c1s5r10p,rw_zipf_1,concurrent_70,25,29788,272.7455,471.2416,565.73415,282.1757738451725,89582,351.2935,514.128,582.5012600000006,374.49119771829163,119370,331.116,507.8492,579.97024,351.4544896146435,11937.0,29788,16173,54.293675305492144
rule_mencius,60c1s5r10p,rw_zipf_1,concurrent_80,25,28234,317.012,563.0503000000001,667.3783699999999,336.33914406743634,84797,434.982,613.6954000000001,701.8321599999999,453.2508444520442,113031,406.827,606.38,696.1825,424.0474847661261,11303.1,28234,15006,53.14868598144081
rule_mencius,60c1s5r10p,rw_zipf_1,concurrent_90,25,26865,374.791,654.2516,766.75252,396.4169830857993,80184,529.461,709.7021,792.8586799999999,540.9818611443679,107049,499.392,700.9205999999999,790.23356,504.7018823585461,10704.9,26865,14051,52.30225200074446
rule_mencius,60c1s5r10p,rw_zipf_1,concurrent_100,25,24787,433.777,759.5152,887.52708,465.9469995158753,75349,638.824,815.7772,915.6446000000001,643.308025906117,100136,608.5464999999999,805.191,908.0176,599.4052560617561,10013.6,24787,12746,51.42211643200064
rule_mencius,60c1s5r10p,rw_zipf_1,concurrent_1,50,1930,120.4145,222.363,331.63160000000016,135.95499803108805,1888,145.3535,312.6148,359.88569999999976,178.68913040254236,3818,131.87599999999998,285.3903,352.21601,157.08701529596647,381.8,1930,1491,77.25388601036269
rule_mencius,60c1s5r10p,rw_zipf_1,concurrent_2,50,3645,126.697,247.87919999999994,339.82,141.62382288065842,3779,143.524,313.9612000000001,352.6078399999999,181.2359520508071,7424,135.411,291.06159999999994,349.57502,161.78737839439657,742.4,3645,2715,74.48559670781893
rule_mencius,60c1s5r10p,rw_zipf_1,concurrent_5,50,9132,127.01050000000001,264.5749,335.8776400000004,146.8219487954446,9010,142.99,317.4272,349.624,184.23384962264151,18142,137.16649999999998,292.61909999999995,345.99085,165.4021067963841,1814.2,9132,6330,69.3166885676741
rule_mencius,60c1s5r10p,rw_zipf_1,concurrent_10,50,17713,130.446,264.95120000000003,341.1534000000001,150.765893287416,17840,142.377,321.8027,351.09742000000006,186.53539344730942,35553,137.838,296.0906,347.88196,168.7145300509099,3555.3,17713,11659,65.82171286625642
rule_mencius,60c1s5r10p,rw_zipf_1,concurrent_20,50,35224,131.848,264.83070000000004,337.2390899999999,154.04708366170792,35163,140.876,323.641,343.3936,186.88211401188747,70387,137.176,299.623,340.86123999999995,170.45037080568855,7038.7,35224,21446,60.884624119918236
rule_mencius,60c1s5r10p,rw_zipf_1,concurrent_30,50,50516,138.8275,277.38,347.60785,160.65931811901183,50911,146.98,331.308,353.8596,194.01212258647445,101427,143.527,307.376,351.61848000000003,177.4006653760833,10142.7,50516,29417,58.23303507799509
rule_mencius,60c1s5r10p,rw_zipf_1,concurrent_40,50,62349,151.906,296.7048000000002,365.5883599999999,172.61084189000624,62618,166.461,345.9823,372.48864000000003,211.30720407869944,124967,159.277,329.18620000000004,369.73234,192.00067126521404,12496.7,62349,34802,55.81805642432116
rule_mencius,60c1s5r10p,rw_zipf_1,concurrent_50,50,65049,187.965,353.23,418.8546399999999,204.57984915525222,64680,218.523,390.3364,428.29089,257.8840597093383,129729,205.443,380.1036,424.9186,231.15614542392217,12972.9,65049,35813,55.05541976048825
rule_mencius,60c1s5r10p,rw_zipf_1,concurrent_60,50,61386,245.0595,431.42449999999997,522.04405,254.04044779102725,61070,304.9255,471.54359999999997,538.49934,334.3908377926969,122456,273.8325,457.34450000000004,532.0878,294.11196994920624,12245.6,61386,33274,54.204541752191055
rule_mencius,60c1s5r10p,rw_zipf_1,concurrent_70,50,57353,300.194,524.1062,608.9885199999999,312.57779947518003,57150,397.20550000000003,565.3913,623.242,420.988090376203,114503,356.186,549.9392,617.2198,366.686845744653,11450.3,57353,30308,52.844663749062825
rule_mencius,60c1s5r10p,rw_zipf_1,concurrent_80,50,52975,355.2,628.9331999999996,729.9899600000001,377.69632380745634,53421,505.597,669.319,748.4074,522.2969686078509,106396,454.554,655.1705,741.7752,450.2997209829317,10639.6,52975,27675,52.24162340726758
rule_mencius,60c1s5r10p,rw_zipf_1,concurrent_90,50,48486,430.15549999999996,761.0485,909.70235,462.970355853236,48670,638.2725,818.3423,941.53648,648.0906994452434,97156,577.3734999999999,797.741,923.71305,555.705823787517,9715.6,48486,24838,51.22715835498907
rule_mencius,60c1s5r10p,rw_zipf_1,concurrent_100,50,46532,500.23400000000004,870.5095,993.6177400000004,534.8720831470816,46829,747.88,915.732,1022.28,749.7797681137756,93361,689.218,900.095,1008.14,642.6677577789441,9336.1,46532,23369,50.221353047365255
rule_mencius,60c1s5r10p,rw_zipf_1,concurrent_1,75,3048,108.3155,229.322,326.0662600000001,134.18170859580053,1052,150.6855,308.3529,360.87288,181.9843810836502,4100,123.5365,264.33709999999996,347.5341299999999,146.44717480487805,410.0,3048,2386,78.28083989501312
rule_mencius,60c1s5r10p,rw_zipf_1,concurrent_2,75,5984,123.301,254.4504,339.73005000000006,141.62642790775402,1946,149.4735,306.229,355.56444999999997,182.1015017471737,7930,129.1485,264.6672,349.19755000000004,151.55889873896592,793.0,5984,4472,74.73262032085562
rule_mencius,60c1s5r10p,rw_zipf_1,concurrent_5,75,14420,125.531,262.8686,349.82907,145.83350036061026,4804,148.057,317.73310000000004,358.46917,186.7332748334721,19224,131.85649999999998,269.9801,353.28148,156.0541889044944,1922.4,14420,9942,68.94590846047157
rule_mencius,60c1s5r10p,rw_zipf_1,concurrent_10,75,28458,126.55199999999999,263.8328,347.65191000000004,148.95144811300864,9516,142.78,321.098,357.39045000000004,184.71465145018917,37974,131.5685,273.7354000000002,351.83380999999963,157.91343902670252,3797.4,28458,18544,65.16269590273386
rule_mencius,60c1s5r10p,rw_zipf_1,concurrent_20,75,55737,128.828,265.6992,343.99339999999995,152.93597174946626,18577,142.565,326.81,350.50964000000005,187.1242142434193,74314,134.273,280.94749999999993,346.2794899999999,161.4823422962026,7431.4,55737,33668,60.405116888243
rule_mencius,60c1s5r10p,rw_zipf_1,concurrent_30,75,79080,139.42649999999998,273.6861,352.66210000000007,161.16235326884168,26770,151.385,334.5077,357.77679,196.05884033619728,105850,144.209,293.9418,354.521,169.98785122626361,10585.0,79080,44878,56.75012645422357
rule_mencius,60c1s5r10p,rw_zipf_1,concurrent_40,75,94068,160.937,304.7975,383.66833,180.1521696187864,31457,182.069,360.1268,391.44975999999997,224.1231382522173,125525,167.581,323.8578,386.2813199999998,191.17144673730337,12552.5,94068,51118,54.341540162435685
rule_mencius,60c1s5r10p,rw_zipf_1,concurrent_50,75,94914,209.20999999999998,379.2883,448.76673999999997,220.94860668499908,31678,249.55849999999998,417.26619999999997,461.21526,284.7652678199381,126592,221.701,395.77590000000004,453.22371999999996,236.9178953559467,12659.2,94914,51417,54.17219798975915
rule_mencius,60c1s5r10p,rw_zipf_1,concurrent_60,75,86363,274.485,485.6772,577.3560200000002,285.80432313027575,29320,361.32050000000004,525.1913000000001,602.00072,386.37771490450206,115683,298.924,501.90000000000003,587.4669799999999,311.2947741630145,11568.3,86363,46295,53.605131827287146
rule_mencius,60c1s5r10p,rw_zipf_1,concurrent_70,75,81322,342.0195,591.3829000000001,703.77379,354.63729601952735,26920,470.682,638.4239000000001,722.11024,490.1725886329866,108242,389.2065,609.2636,709.7975399999999,388.34519200402804,10824.2,81322,42291,52.00437765918202
rule_mencius,60c1s5r10p,rw_zipf_1,concurrent_80,75,74832,406.0095,719.2567,833.59321,435.79178728485147,25166,605.2165,766.435,846.8889999999999,610.7171768656123,99998,497.5615,736.4173000000001,839.71424,479.81439127882555,9999.8,74832,38413,51.33231772503742
rule_mencius,60c1s5r10p,rw_zipf_1,concurrent_90,75,66337,506.505,889.4374,1062.1392,550.9761257518429,22337,775.958,944.2468,1119.7828,776.4825798898689,88674,655.9985,906.1845999999999,1080.1754,607.7812508852652,8867.4,66337,33302,50.201245157302864
rule_mencius,60c1s5r10p,rw_zipf_1,concurrent_100,75,63032,620.7560000000001,1038.988,1201.9969,644.2694607976902,21034,909.458,1100.994,1229.1634999999999,911.2653999239326,84066,783.885,1058.42,1209.5035,711.0740260628554,8406.6,63032,31099,49.33843127300419
rule_mencius,60c1s5r10p,rw_zipf_1,concurrent_1,100,4590,95.19149999999999,240.29960000000025,321.5099599999995,130.82516725490194,0,0,0,0,0,4590,95.19149999999999,240.29960000000025,321.5099599999995,130.82516725490194,459.0,4590,3501,76.27450980392157
rule_mencius,60c1s5r10p,rw_zipf_1,concurrent_2,100,8921,102.013,252.499,330.41859999999957,134.5870184172178,0,0,0,0,0,8921,102.013,252.499,330.41859999999957,134.5870184172178,892.1,8921,6722,75.35029705190001
rule_mencius,60c1s5r10p,rw_zipf_1,concurrent_5,100,20970,115.8255,262.926,341.35648000000003,142.95699275631856,0,0,0,0,0,20970,115.8255,262.926,341.35648000000003,142.95699275631856,2097.0,20970,14403,68.68383404864092
rule_mencius,60c1s5r10p,rw_zipf_1,concurrent_10,100,40960,119.5395,263.0212,342.84450999999996,146.4595165966797,0,0,0,0,0,40960,119.5395,263.0212,342.84450999999996,146.4595165966797,4096.0,40960,26533,64.77783203125
rule_mencius,60c1s5r10p,rw_zipf_1,concurrent_20,100,78520,126.82249999999999,265.94250000000005,348.16737999999975,152.81552556418748,0,0,0,0,0,78520,126.82249999999999,265.94250000000005,348.16737999999975,152.81552556418748,7852.0,78520,46896,59.72491085073867
rule_mencius,60c1s5r10p,rw_zipf_1,concurrent_30,100,111005,141.074,274.4162,358.60675999999995,162.09982793477772,0,0,0,0,0,111005,141.074,274.4162,358.60675999999995,162.09982793477772,11100.5,111005,62443,56.25242106211432
rule_mencius,60c1s5r10p,rw_zipf_1,concurrent_40,100,125642,170.87849999999997,320.5819,406.27543999999995,190.90819052625716,0,0,0,0,0,125642,170.87849999999997,320.5819,406.27543999999995,190.90819052625716,12564.2,125642,66737,53.11679215548941
rule_mencius,60c1s5r10p,rw_zipf_1,concurrent_50,100,121760,236.439,415.9048,495.90033000000005,246.34562009937582,0,0,0,0,0,121760,236.439,415.9048,495.90033000000005,246.34562009937582,12176.0,121760,64860,53.26872536136662
rule_mencius,60c1s5r10p,rw_zipf_1,concurrent_60,100,115108,299.574,521.1148000000001,612.00965,312.4787108532856,0,0,0,0,0,115108,299.574,521.1148000000001,612.00965,312.4787108532856,11510.8,115108,60409,52.48027938979046
rule_mencius,60c1s5r10p,rw_zipf_1,concurrent_70,100,98404,400.3855,700.3927,825.51367,426.93334174322183,0,0,0,0,0,98404,400.3855,700.3927,825.51367,426.93334174322183,9840.4,98404,50364,51.18084630706069
rule_mencius,60c1s5r10p,rw_zipf_1,concurrent_80,100,93277,477.115,832.8658000000001,973.3177200000002,515.1665260685915,0,0,0,0,0,93277,477.115,832.8658000000001,973.3177200000002,515.1665260685915,9327.7,93277,47032,50.42186176656625
rule_mencius,60c1s5r10p,rw_zipf_1,concurrent_90,100,84932,632.91,1031.349,1201.2907,637.161662247445,0,0,0,0,0,84932,632.91,1031.349,1201.2907,637.161662247445,8493.2,84932,41581,48.95798992134884
rule_mencius,60c1s5r10p,rw_zipf_1,concurrent_100,100,72626,861.1645,1349.885,1549.7625,826.5031465177759,0,0,0,0,0,72626,861.1645,1349.885,1549.7625,826.5031465177759,7262.6,72626,34875,48.019992840029744
rule_mongodb,60c1s5r10p,rw_1000000,concurrent_1,0,0,0,0,0,0,3229,158.16,289.1214,355.37687999999997,185.61060984825022,3229,158.16,289.1214,355.37687999999997,185.61060984825022,322.9,0,0,0
rule_mongodb,60c1s5r10p,rw_1000000,concurrent_2,0,0,0,0,0,0,6363,172.855,291.8334,355.91300000000007,188.34101860757502,6363,172.855,291.8334,355.91300000000007,188.34101860757502,636.3,0,0,0
rule_mongodb,60c1s5r10p,rw_1000000,concurrent_5,0,0,0,0,0,0,15484,182.97500000000002,295.9674,349.02634,193.52573056057867,15484,182.97500000000002,295.9674,349.02634,193.52573056057867,1548.4,0,0,0
rule_mongodb,60c1s5r10p,rw_1000000,concurrent_10,0,0,0,0,0,0,29274,193.23000000000002,298.1595,389.46413000000007,204.87513278677324,29274,193.23000000000002,298.1595,389.46413000000007,204.87513278677324,2927.4,0,0,0
rule_mongodb,60c1s5r10p,rw_1000000,concurrent_20,0,0,0,0,0,0,35625,335.191,522.9266000000001,716.56356,336.685036794386,35625,335.191,522.9266000000001,716.56356,336.685036794386,3562.5,0,0,0
rule_mongodb,60c1s5r10p,rw_1000000,concurrent_30,0,0,0,0,0,0,35152,479.5885,804.7589,1113.6316999999992,511.539483682294,35152,479.5885,804.7589,1113.6316999999992,511.539483682294,3515.2,0,0,0
rule_mongodb,60c1s5r10p,rw_1000000,concurrent_40,0,0,0,0,0,0,38161,618.72,936.068,1180.8580000000004,626.114893608658,38161,618.72,936.068,1180.8580000000004,626.114893608658,3816.1,0,0,0
rule_mongodb,60c1s5r10p,rw_1000000,concurrent_50,0,0,0,0,0,0,34746,883.887,1179.855,1463.1250000000002,866.7930039141197,34746,883.887,1179.855,1463.1250000000002,866.7930039141197,3474.6,0,0,0
rule_mongodb,60c1s5r10p,rw_1000000,concurrent_60,0,0,0,0,0,0,36598,980.4685,1385.493,1692.835499999999,982.0666683698562,36598,980.4685,1385.493,1692.835499999999,982.0666683698562,3659.8,0,0,0
rule_mongodb,60c1s5r10p,rw_1000000,concurrent_70,0,0,0,0,0,0,34080,1252.435,1588.275,1828.9863,1227.5597045187792,34080,1252.435,1588.275,1828.9863,1227.5597045187792,3408.0,0,0,0
rule_mongodb,60c1s5r10p,rw_1000000,concurrent_80,0,0,0,0,0,0,36484,1307.69,1668.6970000000001,1950.1813999999993,1302.343864378906,36484,1307.69,1668.6970000000001,1950.1813999999993,1302.343864378906,3648.4,0,0,0
rule_mongodb,60c1s5r10p,rw_1000000,concurrent_90,0,0,0,0,0,0,37603,1442.45,1845.342,2218.4956000000025,1443.1589378772971,37603,1442.45,1845.342,2218.4956000000025,1443.1589378772971,3760.3,0,0,0
rule_mongodb,60c1s5r10p,rw_1000000,concurrent_100,0,0,0,0,0,0,35322,1708.865,2053.289,2334.8906,1704.2613876620803,35322,1708.865,2053.289,2334.8906,1704.2613876620803,3532.2,0,0,0
rule_mongodb,60c1s5r10p,rw_1000000,concurrent_1,25,927,62.9519,208.8826,227.36662,104.15036742179073,2717,164.214,286.4366,352.65512,185.20631045270517,3644,154.37349999999998,266.48700000000014,352.53085000000004,164.58642593304063,364.4,927,927,100.0
rule_mongodb,60c1s5r10p,rw_1000000,concurrent_2,25,1816,62.605000000000004,209.0195,228.20250000000001,102.8440648678414,5417,175.409,287.9332,355.62304,187.07262964740633,7233,156.193,267.4448,354.28752,165.92523940273745,723.3,1816,1816,100.0
rule_mongodb,60c1s5r10p,rw_1000000,concurrent_5,25,4402,63.3311,202.86900000000003,229.10895000000002,104.06970597455704,13211,180.699,294.021,346.31309999999996,192.43774877753384,17613,161.023,276.94259999999997,344.92156,170.35200958383012,1761.3,4402,4401,99.97728305315765
rule_mongodb,60c1s5r10p,rw_1000000,concurrent_10,25,8250,61.8916,213.436,230.40551,105.71317695757575,25513,187.552,296.9114,361.3862000000002,200.84587315094265,33763,173.01,287.4818,357.59979999999996,177.60016798270297,3376.3,8250,8247,99.96363636363637
rule_mongodb,60c1s5r10p,rw_1000000,concurrent_20,25,9262,77.54505,215.6499,229.28217,114.79225396242713,27896,362.7025,620.1665,875.06515,390.939388700889,37158,302.9715,580.2262000000001,849.57228,322.1069767856182,3715.8,9262,9252,99.89203195854027
rule_mongodb,60c1s5r10p,rw_1000000,concurrent_30,25,8610,78.47755,211.6201,230.79056,121.31737666666666,26305,627.797,964.7862,1208.0947999999996,642.5141829348033,34915,528.646,923.9242,1181.8624000000002,513.9876326850924,3491.5,8610,8597,99.84901277584204
rule_mongodb,60c1s5r10p,rw_1000000,concurrent_40,25,9482,78.428,215.77659999999997,231.52055000000001,121.89760410251002,28163,795.223,1157.5859999999998,1483.2156000000002,810.3713250719028,37645,690.702,1108.79,1450.1975999999995,636.9589775561163,3764.5,9482,9455,99.7152499472685
rule_mongodb,60c1s5r10p,rw_1000000,concurrent_50,25,8877,78.2371,215.576,230.78412,124.45033461755096,26555,1090.47,1512.604,1841.795399999999,1085.8482742986255,35432,942.8995,1458.8910000000003,1799.7023000000015,844.9832508579816,3543.2,8877,8852,99.71837332432128
rule_mongodb,60c1s5r10p,rw_1000000,concurrent_60,25,9005,78.9211,212.122,232.56175999999968,128.96298427540256,27185,1292.23,1649.5900000000006,1951.5683999999999,1289.3993309177854,36190,1174.07,1596.9640000000004,1915.4411,1000.6530114506769,3619.0,9005,8955,99.44475291504719
rule_mongodb,60c1s5r10p,rw_1000000,concurrent_70,25,8782,80.07945000000001,215.24550000000002,234.79677000000015,133.34954231382372,26031,1544.76,1964.17,2297.4480000000003,1546.5388211747531,34813,1409.49,1908.302,2264.763599999999,1190.044745773131,3481.3,8782,8732,99.43065360965612
rule_mongodb,60c1s5r10p,rw_1000000,concurrent_80,25,8415,103.535,222.55519999999999,235.52102000000005,136.3136761378491,25905,1823.93,2211.794,2468.248,1803.7388877050762,34320,1681.33,2159.947,2444.420199999999,1394.8990521765734,3432.0,8415,8370,99.46524064171123
rule_mongodb,60c1s5r10p,rw_1000000,concurrent_90,25,9063,144.968,215.7192,231.77155999999994,136.2842082754055,27052,1938.315,2332.9200000000005,2631.9073999999996,1934.4936283084428,36115,1807.95,2280.05,2606.0586,1483.235924480133,3611.5,9063,9014,99.45934017433521
rule_mongodb,60c1s5r10p,rw_1000000,concurrent_100,25,8763,78.7419,214.1388,237.17277999999965,140.00479861919436,26234,2225.15,2709.725,3015.2942999999996,2228.5781036060075,34997,2057.63,2655.512,2991.4532,1705.6141960825214,3499.7,8763,8697,99.24683327627525
rule_mongodb,60c1s5r10p,rw_1000000,concurrent_1,50,2098,61.340599999999995,210.16559999999998,228.21633000000003,99.3212220686368,2112,165.5605,280.38360000000006,353.41535,185.16319786931814,4210,140.203,246.49949999999998,345.14111999999983,142.3849400950119,421.0,2098,2097,99.95233555767398
rule_mongodb,60c1s5r10p,rw_1000000,concurrent_2,50,4239,62.8792,208.9802,228.61462,101.62547581976881,4132,172.82350000000002,281.7531,355.55039999999997,186.2530000484027,8371,142.93,246.699,336.59009999999995,143.39837393381916,837.1,4239,4239,100.0
rule_mongodb,60c1s5r10p,rw_1000000,concurrent_5,50,10409,61.718,207.325,228.81828000000002,101.68454311653376,10149,178.257,291.2112000000001,351.05960000000005,191.35637469701447,20558,145.9565,254.1339,346.21395,145.9534125936375,2055.8,10409,10408,99.99039292919589
rule_mongodb,60c1s5r10p,rw_1000000,concurrent_10,50,19917,63.2271,211.187,229.951,102.62867531254707,19662,189.03300000000002,297.37620000000004,367.10119,201.02166886888412,39579,147.578,269.08340000000004,356.0509200000001,151.50820838070695,3957.9,19917,19898,99.90460410704424
rule_mongodb,60c1s5r10p,rw_1000000,concurrent_20,50,17928,77.9175,213.212,229.40676,114.99117551316377,18199,530.353,830.2834,1105.9758000000002,544.0652978295511,36127,223.436,730.4248,1026.2133999999992,331.13754670468074,3612.7,17928,17897,99.82708612226685
rule_mongodb,60c1s5r10p,rw_1000000,concurrent_30,50,18003,77.4131,213.77679999999998,229.64448,120.4296899294562,18028,882.7815,1202.279,1474.3341,873.6544863545595,36031,231.165,1101.22,1386.9999999999989,497.3033995115317,3603.1,18003,17951,99.7111592512359
rule_mongodb,60c1s5r10p,rw_1000000,concurrent_40,50,18553,79.2261,215.443,234.10511999999994,125.94835695574841,18095,1197.48,1556.928,1835.6736000000008,1199.8516986460347,36648,232.215,1433.36,1766.1306,656.1895970748744,3664.8,18553,18462,99.50951328626098
rule_mongodb,60c1s5r10p,rw_1000000,concurrent_50,50,17002,79.36805000000001,215.8558,233.9223200000001,129.67938277261499,17079,1628.08,2018.556,2306.4502000000007,1615.9708098249312,34081,769.194,1892.76,2233.671999999998,874.5041027816085,3408.1,17002,16915,99.48829549464769
rule_mongodb,60c1s5r10p,rw_1000000,concurrent_60,50,17034,78.8579,216.163,236.6527099999991,135.14015850651637,17403,1943.5,2317.7760000000003,2630.5444,1944.648501982417,34437,1333.11,2187.974,2546.7983999999997,1049.5889694224234,3443.7,17034,16916,99.30726781730657
rule_mongodb,60c1s5r10p,rw_1000000,concurrent_70,50,17805,80.426,219.90180000000197,235.8018,138.9763498623982,17654,2217.915,2531.0640000000003,2742.9764,2203.521181601903,35459,1413.7,2428.5679999999998,2687.191,1166.852896283031,3545.9,17805,17680,99.297950014041
rule_mongodb,60c1s5r10p,rw_1000000,concurrent_80,50,17871,79.8611,213.192,244.03299999999967,144.29204221923789,18126,2506.685,2871.09,3178.6099999999997,2502.169363897164,35997,1829.76,2755.416,3104.2344000000003,1331.5822145317666,3599.7,17871,17722,99.16624699233395
rule_mongodb,60c1s5r10p,rw_1000000,concurrent_90,50,18739,79.584,216.93860000000151,2077.7709999998606,149.44685647579914,18826,2704.435,3154.8199999999997,3613.4925,2729.8918591309894,37565,2101.65,2986.976,3492.3804,1442.657494569413,3756.5,18739,18550,98.99140829286515
rule_mongodb,60c1s5r10p,rw_1000000,concurrent_100,50,17861,82.3372,218.753,2676.4280000000167,157.85854915738201,17858,3183.545,3648.368,4006.2218000000003,3183.3018815096875,35719,2354.98,3495.564,3919.3156,1670.45316348442,3571.9,17861,17670,98.93063098370752
rule_mongodb,60c1s5r10p,rw_1000000,concurrent_1,75,3755,61.95,206.1772,227.8088,97.4590770439414,1276,166.2175,272.7435,350.57525,182.58119294670846,5031,77.9321,225.23,310.1715,119.04838729874778,503.1,3755,3755,100.0
rule_mongodb,60c1s5r10p,rw_1000000,concurrent_2,75,7488,63.41055,195.8279,229.69226,97.42724742254273,2515,171.648,280.1968,355.02794,186.31853542743536,10003,78.48,227.6364,326.02731999999946,119.77670151954413,1000.3,7488,7485,99.9599358974359
rule_mongodb,60c1s5r10p,rw_1000000,concurrent_5,75,18604,61.9131,195.9686,229.05270000000002,97.87768988927112,6125,179.39,286.6348,361.56416,192.54978679183674,24729,78.749,225.3654,336.2761200000002,121.32653915645598,2472.9,18604,18595,99.95162330681573
rule_mongodb,60c1s5r10p,rw_1000000,concurrent_10,75,29042,62.001,209.656,229.958,102.35333234970044,9716,295.6825,476.024,672.1557000000006,311.86312202552494,38758,81.0531,325.16100000000006,556.01289,154.87402785747457,3875.8,29042,29019,99.92080435231733
rule_mongodb,60c1s5r10p,rw_1000000,concurrent_20,75,26111,78.0759,215.193,231.8073000000001,119.43957044923594,8551,1042.61,1410.34,1724.405,1040.968342533037,34662,165.7055,1119.4180000000001,1547.8,346.77765048179555,3466.2,26111,26038,99.72042434223124
rule_mongodb,60c1s5r10p,rw_1000000,concurrent_30,75,24858,78.512,215.622,236.67462,128.47935240164134,8285,1802.1,2159.666,2390.8135999999995,1773.3221559444778,33143,173.348,1885.16,2276.8002000000006,539.6528317895181,3314.3,24858,24720,99.44484672942312
rule_mongodb,60c1s5r10p,rw_1000000,concurrent_40,75,26928,79.6841,213.6723,241.5688699999998,138.67596727198455,8907,2269.21,2639.926,2962.9312000000004,2253.670100707309,35835,173.211,2339.4900000000002,2787.7491999999997,664.370197675457,3583.5,26928,26722,99.23499702911468
rule_mongodb,60c1s5r10p,rw_1000000,concurrent_50,75,28670,79.0746,212.7701,261.16132000000533,148.80109683990236,9318,2738.87,3182.7210000000005,3468.3268,2751.3057684052374,37988,173.127,2829.9970000000003,3313.926699999998,787.1642254501421,3798.8,28670,28390,99.023369375654
rule_mongodb,60c1s5r10p,rw_1000000,concurrent_60,75,25734,79.0974,214.4956,3412.108799999999,168.53960263076084,8643,3695.72,4213.664,4580.7224,3708.1405113965056,34377,173.188,3822.6980000000003,4391.0992,1058.459335430666,3437.7,25734,25405,98.72153571151007
rule_mongodb,60c1s5r10p,rw_1000000,concurrent_70,75,27199,82.592,224.0084,3881.4614000000006,183.58775636971947,9021,4025.03,4536.73,5052.703999999995,4040.027800687285,36220,174.19650000000001,4132.771000000001,4762.7778,1144.0776967283268,3622.0,27199,26793,98.50729806242876
rule_mongodb,60c1s5r10p,rw_1000000,concurrent_80,75,26058,81.1615,225.5513,5028.673900000003,206.61629721390742,8580,5143.705,5757.809,6095.684099999997,5127.049015151516,34638,174.3765,5313.151,5934.640999999998,1425.4312611236214,3463.8,26058,25648,98.42658684473099
rule_mongodb,60c1s5r10p,rw_1000000,concurrent_90,75,27673,145.42,221.597,4977.088399999999,216.53452972572546,9503,5069.04,5715.082,6282.6803999999975,5097.75610228349,37176,186.087,5209.0599999999995,5985.1125,1464.2816946712935,3717.6,27673,27179,98.21486647634879
rule_mongodb,60c1s5r10p,rw_1000000,concurrent_100,75,26143,120.638,221.0978,6086.189799999989,243.4559367019852,8616,6137.46,6668.615,7061.901,6140.749045961003,34759,174.705,6266.2,6850.3904,1705.26661679565,3475.9,26143,25630,98.03771564089814
rule_mongodb,60c1s5r10p,rw_1000000,concurrent_1,100,6494,61.3259,195.8481,229.53313999999997,92.30348193717276,0,0,0,0,0,6494,61.3259,195.8481,229.53313999999997,92.30348193717276,649.4,6494,6492,99.96920234062212
rule_mongodb,60c1s5r10p,rw_1000000,concurrent_2,100,13032,61.425,195.8579,228.60107,92.07548795273175,0,0,0,0,0,13032,61.425,195.8579,228.60107,92.07548795273175,1303.2,13032,13032,100.0
rule_mongodb,60c1s5r10p,rw_1000000,concurrent_5,100,32315,61.4958,196.107,228.90618,92.79531273402445,0,0,0,0,0,32315,61.4958,196.107,228.90618,92.79531273402445,3231.5,32315,32295,99.93810923719634
rule_mongodb,60c1s5r10p,rw_1000000,concurrent_10,100,36883,64.3291,211.907,4396.616800000002,170.62967572323294,0,0,0,0,0,36883,64.3291,211.907,4396.616800000002,170.62967572323294,3688.3,36883,36336,98.51693191985467
rule_mongodb,60c1s5r10p,rw_1000000,concurrent_20,100,32890,78.2036,223.392,8619.607100000001,355.6745300699301,0,0,0,0,0,32890,78.2036,223.392,8619.607100000001,355.6745300699301,3289.0,32890,31952,97.14806932198236
rule_mongodb,60c1s5r10p,rw_1000000,concurrent_30,100,30709,79.342,226.468,11511.87599999999,523.9092724868931,0,0,0,0,0,30709,79.342,226.468,11511.87599999999,523.9092724868931,3070.9,30709,29570,96.29098961216582
rule_mongodb,60c1s5r10p,rw_1000000,concurrent_40,100,28324,77.94555,225.56640000000002,14771.877,741.9364681859905,0,0,0,0,0,28324,77.94555,225.56640000000002,14771.877,741.9364681859905,2832.4,28324,27066,95.55853692981218
rule_mongodb,60c1s5r10p,rw_1000000,concurrent_50,100,25746,77.69909999999999,227.712,16407.704999999998,910.7541401343898,0,0,0,0,0,25746,77.69909999999999,227.712,16407.704999999998,910.7541401343898,2574.6,25746,24415,94.83026489551776
rule_mongodb,60c1s5r10p,rw_1000000,concurrent_60,100,28098,70.65905000000001,221.1223,17751.847999999998,1051.7783637838993,0,0,0,0,0,28098,70.65905000000001,221.1223,17751.847999999998,1051.7783637838993,2809.8,28098,26524,94.39817780624955
rule_mongodb,60c1s5r10p,rw_1000000,concurrent_70,100,24809,63.5962,208.918,19529.727999999996,1181.6927844854688,0,0,0,0,0,24809,63.5962,208.918,19529.727999999996,1181.6927844854688,2480.9,24809,23316,93.98202265306945
rule_mongodb,60c1s5r10p,rw_1000000,concurrent_80,100,24059,62.335,213.6834,20210.284,1350.7076624922067,0,0,0,0,0,24059,62.335,213.6834,20210.284,1350.7076624922067,2405.9,24059,22466,93.37877717278357
rule_mongodb,60c1s5r10p,rw_1000000,concurrent_90,100,21324,61.39805,213.38240000000002,23415.602000000003,1668.4800190630276,0,0,0,0,0,21324,61.39805,213.38240000000002,23415.602000000003,1668.4800190630276,2132.4,21324,19790,92.80622772462952
rule_mongodb,60c1s5r10p,rw_1000000,concurrent_100,100,22556,62.4805,213.466,24136.18500000001,1732.0667732532368,0,0,0,0,0,22556,62.4805,213.466,24136.18500000001,1732.0667732532368,2255.6,22556,20880,92.56960453981202
rule_mongodb,60c1s5r10p,rw_zipf_1,concurrent_1,0,0,0,0,0,0,3215,165.122,287.7922,353.57514,186.75091748055988,3215,165.122,287.7922,353.57514,186.75091748055988,321.5,0,0,0
rule_mongodb,60c1s5r10p,rw_zipf_1,concurrent_2,0,0,0,0,0,0,6382,175.9355,289.1345,355.80761999999993,187.93387635537448,6382,175.9355,289.1345,355.80761999999993,187.93387635537448,638.2,0,0,0
rule_mongodb,60c1s5r10p,rw_zipf_1,concurrent_5,0,0,0,0,0,0,15493,180.934,295.3822,349.10836,193.6937243142064,15493,180.934,295.3822,349.10836,193.6937243142064,1549.3,0,0,0
rule_mongodb,60c1s5r10p,rw_zipf_1,concurrent_10,0,0,0,0,0,0,29481,190.012,297.0,422.4866000000001,203.24435139581428,29481,190.012,297.0,422.4866000000001,203.24435139581428,2948.1,0,0,0
rule_mongodb,60c1s5r10p,rw_zipf_1,concurrent_20,0,0,0,0,0,0,36714,317.39300000000003,495.1935000000003,692.5153400000011,326.69115354633107,36714,317.39300000000003,495.1935000000003,692.5153400000011,326.69115354633107,3671.4,0,0,0
rule_mongodb,60c1s5r10p,rw_zipf_1,concurrent_30,0,0,0,0,0,0,34620,509.472,802.133,1076.5374999999983,521.3488067331023,34620,509.472,802.133,1076.5374999999983,521.3488067331023,3462.0,0,0,0
rule_mongodb,60c1s5r10p,rw_zipf_1,concurrent_40,0,0,0,0,0,0,35982,655.3979999999999,963.5513,1283.749800000001,664.2292502945918,35982,655.3979999999999,963.5513,1283.749800000001,664.2292502945918,3598.2,0,0,0
rule_mongodb,60c1s5r10p,rw_zipf_1,concurrent_50,0,0,0,0,0,0,34682,879.231,1190.1290000000001,1418.5561000000005,859.5975763537281,34682,879.231,1190.1290000000001,1418.5561000000005,859.5975763537281,3468.2,0,0,0
rule_mongodb,60c1s5r10p,rw_zipf_1,concurrent_60,0,0,0,0,0,0,36602,980.2415000000001,1373.65,1705.0923999999984,984.6249857903938,36602,980.2415000000001,1373.65,1705.0923999999984,984.6249857903938,3660.2,0,0,0
rule_mongodb,60c1s5r10p,rw_zipf_1,concurrent_70,0,0,0,0,0,0,33101,1270.96,1605.38,1863.84,1260.942301652518,33101,1270.96,1605.38,1863.84,1260.942301652518,3310.1,0,0,0
rule_mongodb,60c1s5r10p,rw_zipf_1,concurrent_80,0,0,0,0,0,0,36326,1325.5,1732.73,2095.0375000000004,1329.92881087926,36326,1325.5,1732.73,2095.0375000000004,1329.92881087926,3632.6,0,0,0
rule_mongodb,60c1s5r10p,rw_zipf_1,concurrent_90,0,0,0,0,0,0,33126,1649.0,2033.2849999999999,2302.505,1626.6348738755055,33126,1649.0,2033.2849999999999,2302.505,1626.6348738755055,3312.6,0,0,0
rule_mongodb,60c1s5r10p,rw_zipf_1,concurrent_100,0,0,0,0,0,0,35143,1715.94,2024.63,2251.1306,1702.271537489685,35143,1715.94,2024.63,2251.1306,1702.271537489685,3514.3,0,0,0
rule_mongodb,60c1s5r10p,rw_zipf_1,concurrent_1,25,897,64.187,215.9862,286.17435999999987,112.1590032329989,2691,163.061,285.144,353.54879999999997,185.69157666295058,3588,153.856,265.7593,352.01696000000004,167.30843330546267,358.8,897,775,86.39910813823857
rule_mongodb,60c1s5r10p,rw_zipf_1,concurrent_2,25,1715,78.873,224.98020000000028,307.8280399999998,122.07500332361516,5288,174.832,286.896,353.46865,187.2188114977307,7003,155.338,270.8778,352.91035999999997,171.2654156647151,700.3,1715,1370,79.88338192419825
rule_mongodb,60c1s5r10p,rw_zipf_1,concurrent_5,25,4270,86.67455000000001,229.6542,334.57114000000047,126.36764426229509,12862,179.1105,292.8684,358.5959,191.18974608148034,17132,160.9885,288.1912,356.92176,175.03340853957508,1713.2,4270,3182,74.51990632318501
rule_mongodb,60c1s5r10p,rw_zipf_1,concurrent_10,25,8166,122.1785,231.109,348.96840000000014,133.06284072985548,24333,187.399,301.147,452.75088000000017,201.9234204701434,32499,175.06,291.0724,423.41418,184.62087287916552,3249.9,8166,5831,71.40582904726917
rule_mongodb,60c1s5r10p,rw_zipf_1,concurrent_20,25,9184,173.49200000000002,442.59090000000003,747.3559100000002,206.91232357360627,27029,352.155,584.696,823.5911600000003,373.54963238003626,36213,323.017,567.985,806.3596399999999,331.2886475381769,3621.3,9184,5942,64.69947735191637
rule_mongodb,60c1s5r10p,rw_zipf_1,concurrent_30,25,8428,195.7865,764.7071,1123.8614999999988,311.23286411960135,25574,576.5854999999999,951.2216999999999,1204.4656000000002,602.48914081098,34002,531.9805,927.5021,1187.8696999999997,530.2960962855127,3400.2,8428,5146,61.05837683910774
rule_mongodb,60c1s5r10p,rw_zipf_1,concurrent_40,25,9298,207.255,940.9519000000001,1257.8218,377.2120906108841,27458,745.04,1080.9569999999999,1339.5488,742.9649439507613,36756,688.74,1056.0149999999999,1326.2669999999998,650.4420897132442,3675.6,9298,5493,59.077220907722094
rule_mongodb,60c1s5r10p,rw_zipf_1,concurrent_50,25,8622,213.0315,1202.9810000000002,1529.5580999999997,496.0281710392021,26129,988.018,1356.552,1641.3996000000004,981.5924676795897,34751,928.219,1327.33,1626.41,861.1200966504562,3475.1,8622,4893,56.75017397355602
rule_mongodb,60c1s5r10p,rw_zipf_1,concurrent_60,25,8760,214.06,1373.8709999999999,1684.2269000000001,586.7589360502284,26311,1173.12,1518.58,1776.615000000001,1167.1935899053628,35071,1123.62,1499.9,1760.3490000000004,1022.2131910638418,3507.1,8760,4863,55.513698630136986
rule_mongodb,60c1s5r10p,rw_zipf_1,concurrent_70,25,8814,216.07850000000002,1608.0049999999999,1996.5773000000013,675.4181275017019,26029,1373.28,1783.1,2089.9892,1370.8337767874295,34843,1304.18,1757.4,2070.2096,1194.9191444996125,3484.3,8814,4921,55.83163149534831
rule_mongodb,60c1s5r10p,rw_zipf_1,concurrent_80,25,8596,227.774,1864.815,2294.360499999996,809.5125908213122,25857,1605.76,2025.2220000000002,2392.0252,1602.1138979386624,34453,1542.62,1993.1999999999998,2374.6868000000004,1404.3604124372332,3445.3,8596,4616,53.69939506747324
rule_mongodb,60c1s5r10p,rw_zipf_1,concurrent_90,25,8606,226.943,2040.3600000000001,2350.0910000000013,906.626134475947,25596,1809.4250000000002,2189.18,2438.3714999999997,1795.5481627598065,34202,1735.855,2143.04,2431.3197,1571.8751911379452,3420.2,8606,4553,52.904950034859404
rule_mongodb,60c1s5r10p,rw_zipf_1,concurrent_100,25,9162,229.861,2209.063,2675.0550999999978,1000.8221182602052,26786,1920.06,2369.5299999999997,2762.2495000000004,1921.3704053983427,35948,1854.2849999999999,2341.4759999999997,2744.172699999999,1686.7519730304884,3594.8,9162,4689,51.17878192534381
rule_mongodb,60c1s5r10p,rw_zipf_1,concurrent_1,50,2024,78.46445,213.7358,320.9986,116.54926166007905,1958,165.027,283.209,351.20014,185.42484933605718,3982,146.3755,256.4976,345.14761000000004,150.41626333500753,398.2,2024,1665,82.26284584980237
rule_mongodb,60c1s5r10p,rw_zipf_1,concurrent_2,50,3772,78.8185,225.2278,319.96633999999995,119.53615978260869,4025,166.6,279.39559999999994,352.80176,186.10470327950307,7797,149.382,257.8404000000001,347.81487999999996,153.90045214826216,779.7,3772,2988,79.2152704135737
rule_mongodb,60c1s5r10p,rw_zipf_1,concurrent_5,50,9486,94.48939999999999,228.6035,333.9665999999992,127.58918507273877,9400,175.5035,292.496,359.15806000000003,190.2393269574468,18886,155.7075,263.7685,346.51515,158.771612993752,1888.6,9486,6873,72.45414294750158
rule_mongodb,60c1s5r10p,rw_zipf_1,concurrent_10,50,17662,131.2805,242.46589999999998,347.08239000000003,135.19904058996718,18011,186.659,298.113,369.1521000000001,200.35400556881902,35673,162.903,283.15439999999995,360.76627999999994,168.09523867350657,3567.3,17662,12030,68.11233155927981
rule_mongodb,60c1s5r10p,rw_zipf_1,concurrent_20,50,17466,193.9195,558.213,879.1146999999976,239.28847446467424,17548,405.024,720.3979,954.7950599999998,443.47378498974246,35014,319.43,655.0252,933.403270000001,341.62022259667566,3501.4,17466,10842,62.07488835451735
rule_mongodb,60c1s5r10p,rw_zipf_1,concurrent_30,50,11680,196.04,1414.8800000000003,2546.3605999999886,518.2187185702055,11786,979.79,1816.76,2937.9474999999966,1096.0055985915492,23466,738.2855,1665.355,2759.7519999999954,808.4171404542742,2346.6,11680,6886,58.955479452054796
rule_mongodb,60c1s5r10p,rw_zipf_1,concurrent_40,50,17802,210.3005,1132.6970000000001,1538.7677000000003,454.81696871138075,17633,897.057,1308.0280000000002,1638.1608000000006,894.3950256337548,35435,724.685,1237.45,1595.8943999999988,673.5577582616058,3543.5,17802,10114,56.81384114144478
rule_mongodb,60c1s5r10p,rw_zipf_1,concurrent_50,50,17817,230.162,1305.236,1683.4996,568.8700007745413,17977,1099.2,1452.9080000000001,1756.2964000000002,1101.3543831006286,35794,967.8720000000001,1399.7939999999999,1721.1342000000002,836.3023006313907,3579.4,17817,9805,55.03171128697311
rule_mongodb,60c1s5r10p,rw_zipf_1,concurrent_60,50,17911,222.07,1514.75,1787.5580000000023,677.9069473898721,17857,1329.51,1619.076,1878.1335999999994,1321.8136333650668,35768,1216.01,1580.13,1846.054800000001,999.3742279607471,3576.8,17911,9661,53.938920216626656
rule_mongodb,60c1s5r10p,rw_zipf_1,concurrent_70,50,16893,229.166,1932.4960000000003,2316.6843999999996,842.3375015923756,17012,1658.7,2084.438,2444.4356000000002,1637.565572713379,33905,1481.33,2036.544,2394.6663999999996,1241.3470856038932,3390.5,16893,8911,52.74965962232878
rule_mongodb,60c1s5r10p,rw_zipf_1,concurrent_80,50,18542,228.65949999999998,1963.039,2375.6566000000007,882.3763059162981,18455,1716.53,2115.474,2471.714399999998,1721.805475318342,36997,1577.03,2049.966,2423.742,1301.1039141362812,3699.7,18542,9745,52.55635853737461
rule_mongodb,60c1s5r10p,rw_zipf_1,concurrent_90,50,17787,229.096,2307.97,2721.0314000000003,1024.8658518524765,17715,1990.26,2480.52,2862.986800000001,1987.843955630821,35502,1817.1100000000001,2423.286,2811.981099999998,1505.3784175792912,3550.2,17787,9206,51.756901107550455
rule_mongodb,60c1s5r10p,rw_zipf_1,concurrent_100,50,17595,229.933,2523.37,2913.9336,1172.163090781472,17411,2267.13,2667.52,2966.478,2265.594699098271,35006,2128.355,2613.9399999999996,2946.6099999999983,1716.005224484374,3500.6,17595,8992,51.1054276783177
rule_mongodb,60c1s5r10p,rw_zipf_1,concurrent_1,75,3436,77.12845,225.288,308.89670000000007,115.18082628055878,1125,163.3,267.85,351.14528,180.78594355555558,4561,121.618,241.493,333.71459999999973,131.36275062486297,456.1,3436,2800,81.49010477299186
rule_mongodb,60c1s5r10p,rw_zipf_1,concurrent_2,75,6646,77.90295,223.43099999999998,312.68995000000007,118.22027451098405,2218,170.09300000000002,276.9859,355.0794,187.54597682596935,8864,132.70499999999998,245.0052,336.53195999999997,135.5673421705776,886.4,6646,5142,77.3698465242251
rule_mongodb,60c1s5r10p,rw_zipf_1,concurrent_5,75,15785,89.5229,227.7482,337.24247999999994,126.51221374089326,5222,177.716,292.2604000000001,356.59853999999996,191.72717370739178,21007,141.523,253.47320000000002,345.80985999999984,142.72359665825675,2100.7,15785,11361,71.97339246119734
rule_mongodb,60c1s5r10p,rw_zipf_1,concurrent_10,75,29243,129.919,240.23559999999998,359.15502,135.78991382895052,9942,187.9865,298.9334,441.3835000000002,203.3439984510159,39185,147.325,269.0952,370.8092399999999,152.92970480285823,3918.5,29243,19627,67.1169168689943
rule_mongodb,60c1s5r10p,rw_zipf_1,concurrent_20,75,27242,195.756,640.8548,987.0496600000001,269.43511576609643,9106,488.54049999999995,804.571,1072.562500000002,510.5901626509993,36348,231.253,715.3033999999999,1014.0918999999998,329.84993520413775,3634.8,27242,16483,60.505836575875485
rule_mongodb,60c1s5r10p,rw_zipf_1,concurrent_30,75,27505,211.669,968.4794,1277.0092,397.4517604435557,9064,780.732,1117.318,1355.8093000000006,775.4316823698147,36569,447.716,1016.6740000000001,1315.3256,491.1379430665317,3656.9,27505,15811,57.48409380112707
rule_mongodb,60c1s5r10p,rw_zipf_1,concurrent_40,75,26567,215.976,1294.474,1692.3212,545.3623602476756,8747,1067.21,1459.4560000000001,1766.2517999999993,1073.4515854578713,35314,761.9625000000001,1345.8890000000001,1724.0382000000022,676.1659070821771,3531.4,26567,14735,55.46354499943539
rule_mongodb,60c1s5r10p,rw_zipf_1,concurrent_50,75,25249,222.544,1652.34,1940.4676000000002,715.118083080518,8344,1450.15,1766.0919999999999,2001.8224,1426.5443069271334,33593,1137.83,1698.0439999999999,1961.1088000000007,891.8257427648616,3359.3,25249,13773,54.5486949978217
rule_mongodb,60c1s5r10p,rw_zipf_1,concurrent_60,75,25561,227.222,1935.32,2283.7560000000003,847.6322241578966,8393,1700.79,2080.9539999999997,2365.766,1682.251687715954,33954,1363.3,1986.474,2315.982000000001,1053.93961526477,3395.4,25561,13618,53.2764758812253
rule_mongodb,60c1s5r10p,rw_zipf_1,concurrent_70,75,26385,228.943,2171.32,2536.1652,983.4473957210537,8475,1922.06,2314.94,2632.2422000000006,1916.0054482595872,34860,1621.16,2230.465,2572.8241,1210.166543605852,3486.0,26385,13720,51.99924199355694
rule_mongodb,60c1s5r10p,rw_zipf_1,concurrent_80,75,25472,230.067,2430.905,2718.2548,1125.1887500471107,8602,2184.6400000000003,2550.093,2817.3338,2167.3654405952097,34074,1902.4650000000001,2465.121,2761.6758999999997,1388.2868275283208,3407.4,25472,12980,50.95791457286432
rule_mongodb,60c1s5r10p,rw_zipf_1,concurrent_90,75,26173,1321.48,2682.96,3097.7947999999997,1259.0220100714478,8910,2401.465,2836.89,3185.3858,2385.3577800224466,35083,2092.55,2738.468,3132.203,1545.0765581506714,3508.3,26173,13062,49.90639208344477
rule_mongodb,60c1s5r10p,rw_zipf_1,concurrent_100,75,25629,1966.25,3075.572,3462.896400000001,1461.9879463849545,8673,2777.59,3228.946,3530.2408,2761.0811403205353,34302,2466.085,3117.873,3484.8597,1790.4537871815055,3430.2,25629,12602,49.17086113387179
rule_mongodb,60c1s5r10p,rw_zipf_1,concurrent_1,100,5277,77.2639,215.714,297.87979999999993,113.6494444949782,0,0,0,0,0,5277,77.2639,215.714,297.87979999999993,113.6494444949782,527.7,5277,4229,80.14023119196513
rule_mongodb,60c1s5r10p,rw_zipf_1,concurrent_2,100,10168,78.324,222.4462,315.19354999999996,118.04077261998425,0,0,0,0,0,10168,78.324,222.4462,315.19354999999996,118.04077261998425,1016.8,10168,7768,76.39653815892997
rule_mongodb,60c1s5r10p,rw_zipf_1,concurrent_5,100,23776,86.9379,229.085,340.63125,126.33765805854642,0,0,0,0,0,23776,86.9379,229.085,340.63125,126.33765805854642,2377.6,23776,16777,70.56275235531629
rule_mongodb,60c1s5r10p,rw_zipf_1,concurrent_10,100,39568,146.768,291.0712000000001,433.69906000000015,151.59631535331582,0,0,0,0,0,39568,146.768,291.0712000000001,433.69906000000015,151.59631535331582,3956.8,39568,25696,64.94136676101901
rule_mongodb,60c1s5r10p,rw_zipf_1,concurrent_20,100,37258,195.848,795.8073,1123.8885000000002,320.8540352085458,0,0,0,0,0,37258,195.848,795.8073,1123.8885000000002,320.8540352085458,3725.8,37258,22132,59.402007622524025
rule_mongodb,60c1s5r10p,rw_zipf_1,concurrent_30,100,34943,213.281,1246.236,1622.0726000000018,514.1081334144177,0,0,0,0,0,34943,213.281,1246.236,1622.0726000000018,514.1081334144177,3494.3,34943,19665,56.27736599605071
rule_mongodb,60c1s5r10p,rw_zipf_1,concurrent_40,100,33923,214.401,1649.052,2034.5883999999996,700.9349887450992,0,0,0,0,0,33923,214.401,1649.052,2034.5883999999996,700.9349887450992,3392.3,33923,18639,54.945022551071546
rule_mongodb,60c1s5r10p,rw_zipf_1,concurrent_50,100,36238,226.251,1863.223,2207.2182,833.4920129780893,0,0,0,0,0,36238,226.251,1863.223,2207.2182,833.4920129780893,3623.8,36238,19323,53.32247916551686
rule_mongodb,60c1s5r10p,rw_zipf_1,concurrent_60,100,37809,229.052,2083.636,2519.1231999999986,957.0942152847206,0,0,0,0,0,37809,229.052,2083.636,2519.1231999999986,957.0942152847206,3780.9,37809,19547,51.699330847152794
rule_mongodb,60c1s5r10p,rw_zipf_1,concurrent_70,100,35962,229.18,2551.569,2939.5708999999997,1165.3332238891053,0,0,0,0,0,35962,229.18,2551.569,2939.5708999999997,1165.3332238891053,3596.2,35962,18369,51.07891663422502
rule_mongodb,60c1s5r10p,rw_zipf_1,concurrent_80,100,35402,231.73950000000002,2839.324,3175.9793999999997,1339.5811981639456,0,0,0,0,0,35402,231.73950000000002,2839.324,3175.9793999999997,1339.5811981639456,3540.2,35402,17903,50.57058923224677
rule_mongodb,60c1s5r10p,rw_zipf_1,concurrent_90,100,36375,1997.09,3087.848,3444.6808000000024,1478.6320679395192,0,0,0,0,0,36375,1997.09,3087.848,3444.6808000000024,1478.6320679395192,3637.5,36375,18024,49.55051546391753
rule_mongodb,60c1s5r10p,rw_zipf_1,concurrent_100,100,37600,2362.25,3280.282,3632.253100000001,1597.5147467101065,0,0,0,0,0,37600,2362.25,3280.282,3632.253100000001,1597.5147467101065,3760.0,37600,18501,49.204787234042556
