protocol,site,ycsb,workload,concurrent,fastpath_attempt_rate,all_efficient_count,all_efficient_50pct,all_efficient_90pct,all_efficient_99pct,all_efficient_ave,throughput,cpu_usage,memory_usage,fp_attempt_cnt,fp_success_cnt,fp_efficient_success_cnt,fp_success_rate,fp_efficient_success_rate
none_fpga_raft,60c1s5r10p,YCSB_A,rw_1000000,concurrent_1,0,600,298.161,328.1668000000012,386.62300999999997,281.5288233333333,60.0,"{0: 5.882, 1: 2.439, 2: 2.439, 3: 28.319, 4: 3.614}","{0: 432.312, 1: 430.938, 2: 431.188, 3: 430.688, 4: 430.875}","{0: 0, 1: 0, 2: 0, 3: 0, 4: 0, 5: 0, 6: 0, 7: 0, 8: 0, 9: 0}","{0: 0, 1: 0, 2: 0, 3: 0, 4: 0, 5: 0, 6: 0, 7: 0, 8: 0, 9: 0}","{0: 0, 1: 0, 2: 0, 3: 0, 4: 0, 5: 0, 6: 0, 7: 0, 8: 0, 9: 0}",0,0
none_fpga_raft,60c1s5r10p,YCSB_A,rw_1000000,concurrent_10,0,6000,301.14,330.44830000001946,396.40403,283.6830613333333,600.0,"{0: 7.317, 1: 3.659, 2: 2.469, 3: 2.469, 4: 2.469}","{0: 448.25, 1: 444.625, 2: 444.375, 3: 444.625, 4: 444.625}","{0: 0, 1: 0, 2: 0, 3: 0, 4: 0, 5: 0, 6: 0, 7: 0, 8: 0, 9: 0}","{0: 0, 1: 0, 2: 0, 3: 0, 4: 0, 5: 0, 6: 0, 7: 0, 8: 0, 9: 0}","{0: 0, 1: 0, 2: 0, 3: 0, 4: 0, 5: 0, 6: 0, 7: 0, 8: 0, 9: 0}",0,0
none_fpga_raft,60c1s5r10p,YCSB_A,rw_1000000,concurrent_20,0,12000,301.679,331.79080000001903,395.87403,284.6712338333333,1200.0,"{0: 12.941, 1: 3.75, 2: 5.952, 3: 14.13, 4: 7.059}","{0: 453.348, 1: 446.062, 2: 446.25, 3: 446.188, 4: 446.25}","{0: 0, 1: 0, 2: 0, 3: 0, 4: 0, 5: 0, 6: 0, 7: 0, 8: 0, 9: 0}","{0: 0, 1: 0, 2: 0, 3: 0, 4: 0, 5: 0, 6: 0, 7: 0, 8: 0, 9: 0}","{0: 0, 1: 0, 2: 0, 3: 0, 4: 0, 5: 0, 6: 0, 7: 0, 8: 0, 9: 0}",0,0
none_fpga_raft,60c1s5r10p,YCSB_A,rw_1000000,concurrent_30,0,18000,304.0225,334.288900000019,392.40101,286.7620822222222,1800.0,"{0: 17.647, 1: 8.333, 2: 7.143, 3: 6.098, 4: 6.024}","{0: 455.75, 1: 447.375, 2: 447.617, 3: 447.375, 4: 447.438}","{0: 0, 1: 0, 2: 0, 3: 0, 4: 0, 5: 0, 6: 0, 7: 0, 8: 0, 9: 0}","{0: 0, 1: 0, 2: 0, 3: 0, 4: 0, 5: 0, 6: 0, 7: 0, 8: 0, 9: 0}","{0: 0, 1: 0, 2: 0, 3: 0, 4: 0, 5: 0, 6: 0, 7: 0, 8: 0, 9: 0}",0,0
none_fpga_raft,60c1s5r10p,YCSB_A,rw_1000000,concurrent_40,0,24000,303.81050000000005,334.07000000011385,393.68903,286.894519125,2400.0,"{0: 18.824, 1: 7.229, 2: 11.364, 3: 20.619, 4: 8.235}","{0: 459.109, 1: 448.812, 2: 449.062, 3: 448.688, 4: 448.75}","{0: 0, 1: 0, 2: 0, 3: 0, 4: 0, 5: 0, 6: 0, 7: 0, 8: 0, 9: 0}","{0: 0, 1: 0, 2: 0, 3: 0, 4: 0, 5: 0, 6: 0, 7: 0, 8: 0, 9: 0}","{0: 0, 1: 0, 2: 0, 3: 0, 4: 0, 5: 0, 6: 0, 7: 0, 8: 0, 9: 0}",0,0
none_fpga_raft,60c1s5r10p,YCSB_A,rw_1000000,concurrent_50,0,30000,304.07500000000005,347.3728000000789,407.7871799999991,287.81810613333334,3000.0,"{0: 21.429, 1: 8.537, 2: 21.212, 3: 12.5, 4: 7.317}","{0: 464.207, 1: 450.375, 2: 450.438, 3: 450.312, 4: 450.375}","{0: 0, 1: 0, 2: 0, 3: 0, 4: 0, 5: 0, 6: 0, 7: 0, 8: 0, 9: 0}","{0: 0, 1: 0, 2: 0, 3: 0, 4: 0, 5: 0, 6: 0, 7: 0, 8: 0, 9: 0}","{0: 0, 1: 0, 2: 0, 3: 0, 4: 0, 5: 0, 6: 0, 7: 0, 8: 0, 9: 0}",0,0
none_fpga_raft,60c1s5r10p,YCSB_A,rw_1000000,concurrent_60,0,36000,304.9565,380.0353,411.05702,289.74053308333333,3600.0,"{0: 25.0, 1: 9.877, 2: 7.317, 3: 9.524, 4: 26.415}","{0: 468.473, 1: 451.621, 2: 452.25, 3: 451.801, 4: 451.688}","{0: 0, 1: 0, 2: 0, 3: 0, 4: 0, 5: 0, 6: 0, 7: 0, 8: 0, 9: 0}","{0: 0, 1: 0, 2: 0, 3: 0, 4: 0, 5: 0, 6: 0, 7: 0, 8: 0, 9: 0}","{0: 0, 1: 0, 2: 0, 3: 0, 4: 0, 5: 0, 6: 0, 7: 0, 8: 0, 9: 0}",0,0
none_fpga_raft,60c1s5r10p,YCSB_A,rw_1000000,concurrent_70,0,42000,317.55449999999996,380.166,417.51502999999997,299.379778,4200.0,"{0: 29.412, 1: 9.756, 2: 7.317, 3: 7.317, 4: 26.214}","{0: 474.391, 1: 453.75, 2: 454.242, 3: 453.562, 4: 453.688}","{0: 0, 1: 0, 2: 0, 3: 0, 4: 0, 5: 0, 6: 0, 7: 0, 8: 0, 9: 0}","{0: 0, 1: 0, 2: 0, 3: 0, 4: 0, 5: 0, 6: 0, 7: 0, 8: 0, 9: 0}","{0: 0, 1: 0, 2: 0, 3: 0, 4: 0, 5: 0, 6: 0, 7: 0, 8: 0, 9: 0}",0,0
none_fpga_raft,60c1s5r10p,YCSB_A,rw_1000000,concurrent_80,0,48000,335.8485,401.941,481.78202,324.7494991666667,4800.0,"{0: 31.395, 1: 10.976, 2: 8.537, 3: 7.317, 4: 8.537}","{0: 481.312, 1: 455.055, 2: 454.992, 3: 455.09, 4: 455.123}","{0: 0, 1: 0, 2: 0, 3: 0, 4: 0, 5: 0, 6: 0, 7: 0, 8: 0, 9: 0}","{0: 0, 1: 0, 2: 0, 3: 0, 4: 0, 5: 0, 6: 0, 7: 0, 8: 0, 9: 0}","{0: 0, 1: 0, 2: 0, 3: 0, 4: 0, 5: 0, 6: 0, 7: 0, 8: 0, 9: 0}",0,0
none_fpga_raft,60c1s5r10p,YCSB_A,rw_1000000,concurrent_100,0,60000,369.639,482.6241,595.3200400000001,365.59260458333335,6000.0,"{0: 39.773, 1: 15.909, 2: 8.537, 3: 11.765, 4: 17.045}","{0: 523.25, 1: 458.309, 2: 458.42, 3: 458.113, 4: 458.336}","{0: 0, 1: 0, 2: 0, 3: 0, 4: 0, 5: 0, 6: 0, 7: 0, 8: 0, 9: 0}","{0: 0, 1: 0, 2: 0, 3: 0, 4: 0, 5: 0, 6: 0, 7: 0, 8: 0, 9: 0}","{0: 0, 1: 0, 2: 0, 3: 0, 4: 0, 5: 0, 6: 0, 7: 0, 8: 0, 9: 0}",0,0
none_fpga_raft,60c1s5r10p,YCSB_A,rw_1000000,concurrent_120,0,72000,472.2445,623.1600999999999,752.80102,472.9627443333333,7200.0,"{0: 47.778, 1: 14.634, 2: 11.765, 3: 29.808, 4: 21.505}","{0: 593.562, 1: 461.949, 2: 462.143, 3: 461.926, 4: 461.838}","{0: 0, 1: 0, 2: 0, 3: 0, 4: 0, 5: 0, 6: 0, 7: 0, 8: 0, 9: 0}","{0: 0, 1: 0, 2: 0, 3: 0, 4: 0, 5: 0, 6: 0, 7: 0, 8: 0, 9: 0}","{0: 0, 1: 0, 2: 0, 3: 0, 4: 0, 5: 0, 6: 0, 7: 0, 8: 0, 9: 0}",0,0
none_fpga_raft,60c1s5r10p,YCSB_A,rw_1000000,concurrent_150,0,75788,2797.74,3611.589000000002,3829.8313,2617.1933480762123,7578.8,"{0: 61.957, 1: 18.072, 2: 33.621, 3: 14.286, 4: 10.976}","{0: 967.438, 1: 504.492, 2: 497.551, 3: 503.434, 4: 500.438}","{0: 0, 1: 0, 2: 0, 3: 0, 4: 0, 5: 0, 6: 0, 7: 0, 8: 0, 9: 0}","{0: 0, 1: 0, 2: 0, 3: 0, 4: 0, 5: 0, 6: 0, 7: 0, 8: 0, 9: 0}","{0: 0, 1: 0, 2: 0, 3: 0, 4: 0, 5: 0, 6: 0, 7: 0, 8: 0, 9: 0}",0,0
none_fpga_raft,60c1s5r10p,YCSB_A,rw_zipf_1,concurrent_1,0,600,297.217,327.2789000000012,385.62006,279.9798616666667,60.0,"{0: 3.704, 1: 14.737, 2: 1.235, 3: 2.439, 4: 1.235}","{0: 447.688, 1: 446.188, 2: 446.562, 3: 446.062, 4: 446.438}","{0: 0, 1: 0, 2: 0, 3: 0, 4: 0, 5: 0, 6: 0, 7: 0, 8: 0, 9: 0}","{0: 0, 1: 0, 2: 0, 3: 0, 4: 0, 5: 0, 6: 0, 7: 0, 8: 0, 9: 0}","{0: 0, 1: 0, 2: 0, 3: 0, 4: 0, 5: 0, 6: 0, 7: 0, 8: 0, 9: 0}",0,0
none_fpga_raft,60c1s5r10p,YCSB_A,rw_zipf_1,concurrent_10,0,6000,302.62850000000003,332.6305000000196,391.32000999999997,285.17162333333334,600.0,"{0: 7.229, 1: 14.13, 2: 10.112, 3: 23.81, 4: 3.614}","{0: 464.125, 1: 460.375, 2: 460.625, 3: 460.5, 4: 460.25}","{0: 0, 1: 0, 2: 0, 3: 0, 4: 0, 5: 0, 6: 0, 7: 0, 8: 0, 9: 0}","{0: 0, 1: 0, 2: 0, 3: 0, 4: 0, 5: 0, 6: 0, 7: 0, 8: 0, 9: 0}","{0: 0, 1: 0, 2: 0, 3: 0, 4: 0, 5: 0, 6: 0, 7: 0, 8: 0, 9: 0}",0,0
none_fpga_raft,60c1s5r10p,YCSB_A,rw_zipf_1,concurrent_20,0,12000,301.9385,330.93370000001926,389.22502000000003,283.12537108333333,1200.0,"{0: 12.048, 1: 7.143, 2: 10.227, 3: 5.952, 4: 4.819}","{0: 467.688, 1: 461.625, 2: 461.75, 3: 461.312, 4: 461.562}","{0: 0, 1: 0, 2: 0, 3: 0, 4: 0, 5: 0, 6: 0, 7: 0, 8: 0, 9: 0}","{0: 0, 1: 0, 2: 0, 3: 0, 4: 0, 5: 0, 6: 0, 7: 0, 8: 0, 9: 0}","{0: 0, 1: 0, 2: 0, 3: 0, 4: 0, 5: 0, 6: 0, 7: 0, 8: 0, 9: 0}",0,0
none_fpga_raft,60c1s5r10p,YCSB_A,rw_zipf_1,concurrent_30,0,18000,300.756,331.95340000001903,397.57402,284.3678221111111,1800.0,"{0: 16.667, 1: 8.235, 2: 5.952, 3: 6.098, 4: 6.024}","{0: 470.92, 1: 463.0, 2: 463.0, 3: 462.875, 4: 463.062}","{0: 0, 1: 0, 2: 0, 3: 0, 4: 0, 5: 0, 6: 0, 7: 0, 8: 0, 9: 0}","{0: 0, 1: 0, 2: 0, 3: 0, 4: 0, 5: 0, 6: 0, 7: 0, 8: 0, 9: 0}","{0: 0, 1: 0, 2: 0, 3: 0, 4: 0, 5: 0, 6: 0, 7: 0, 8: 0, 9: 0}",0,0
none_fpga_raft,60c1s5r10p,YCSB_A,rw_zipf_1,concurrent_40,0,24000,300.80150000000003,330.0007000001185,397.238,284.1594714583333,2400.0,"{0: 20.0, 1: 7.317, 2: 7.059, 3: 18.75, 4: 6.098}","{0: 475.105, 1: 464.562, 2: 464.5, 3: 464.312, 4: 464.25}","{0: 0, 1: 0, 2: 0, 3: 0, 4: 0, 5: 0, 6: 0, 7: 0, 8: 0, 9: 0}","{0: 0, 1: 0, 2: 0, 3: 0, 4: 0, 5: 0, 6: 0, 7: 0, 8: 0, 9: 0}","{0: 0, 1: 0, 2: 0, 3: 0, 4: 0, 5: 0, 6: 0, 7: 0, 8: 0, 9: 0}",0,0
none_fpga_raft,60c1s5r10p,YCSB_A,rw_zipf_1,concurrent_50,0,30000,303.4395,338.123300000098,389.34605,285.1058682,3000.0,"{0: 21.429, 1: 8.434, 2: 13.187, 3: 9.524, 4: 12.36}","{0: 478.938, 1: 465.688, 2: 465.875, 3: 465.719, 4: 465.5}","{0: 0, 1: 0, 2: 0, 3: 0, 4: 0, 5: 0, 6: 0, 7: 0, 8: 0, 9: 0}","{0: 0, 1: 0, 2: 0, 3: 0, 4: 0, 5: 0, 6: 0, 7: 0, 8: 0, 9: 0}","{0: 0, 1: 0, 2: 0, 3: 0, 4: 0, 5: 0, 6: 0, 7: 0, 8: 0, 9: 0}",0,0
none_fpga_raft,60c1s5r10p,YCSB_A,rw_zipf_1,concurrent_60,0,36000,304.883,377.0142,387.67808,286.83583941666666,3600.0,"{0: 24.419, 1: 9.524, 2: 6.098, 3: 8.333, 4: 10.465}","{0: 483.938, 1: 467.062, 2: 467.375, 3: 467.125, 4: 467.062}","{0: 0, 1: 0, 2: 0, 3: 0, 4: 0, 5: 0, 6: 0, 7: 0, 8: 0, 9: 0}","{0: 0, 1: 0, 2: 0, 3: 0, 4: 0, 5: 0, 6: 0, 7: 0, 8: 0, 9: 0}","{0: 0, 1: 0, 2: 0, 3: 0, 4: 0, 5: 0, 6: 0, 7: 0, 8: 0, 9: 0}",0,0
none_fpga_raft,60c1s5r10p,YCSB_A,rw_zipf_1,concurrent_70,0,42000,313.6925,380.654,427.15500999999995,300.2308921904762,4200.0,"{0: 25.882, 1: 9.639, 2: 7.317, 3: 7.229, 4: 6.173}","{0: 491.773, 1: 469.062, 2: 469.328, 3: 468.965, 4: 469.285}","{0: 0, 1: 0, 2: 0, 3: 0, 4: 0, 5: 0, 6: 0, 7: 0, 8: 0, 9: 0}","{0: 0, 1: 0, 2: 0, 3: 0, 4: 0, 5: 0, 6: 0, 7: 0, 8: 0, 9: 0}","{0: 0, 1: 0, 2: 0, 3: 0, 4: 0, 5: 0, 6: 0, 7: 0, 8: 0, 9: 0}",0,0
none_fpga_raft,60c1s5r10p,YCSB_A,rw_zipf_1,concurrent_80,0,48000,326.202,402.1363,484.41610000000065,313.6855745625,4800.0,"{0: 30.233, 1: 10.714, 2: 8.434, 3: 7.229, 4: 10.588}","{0: 499.035, 1: 470.916, 2: 471.311, 3: 471.207, 4: 471.123}","{0: 0, 1: 0, 2: 0, 3: 0, 4: 0, 5: 0, 6: 0, 7: 0, 8: 0, 9: 0}","{0: 0, 1: 0, 2: 0, 3: 0, 4: 0, 5: 0, 6: 0, 7: 0, 8: 0, 9: 0}","{0: 0, 1: 0, 2: 0, 3: 0, 4: 0, 5: 0, 6: 0, 7: 0, 8: 0, 9: 0}",0,0
none_fpga_raft,60c1s5r10p,YCSB_A,rw_zipf_1,concurrent_100,0,60000,424.801,534.3713,664.45502,418.6025718,6000.0,"{0: 39.326, 1: 10.976, 2: 15.385, 3: 9.639, 4: 10.588}","{0: 544.25, 1: 474.238, 2: 474.059, 3: 474.336, 4: 474.0}","{0: 0, 1: 0, 2: 0, 3: 0, 4: 0, 5: 0, 6: 0, 7: 0, 8: 0, 9: 0}","{0: 0, 1: 0, 2: 0, 3: 0, 4: 0, 5: 0, 6: 0, 7: 0, 8: 0, 9: 0}","{0: 0, 1: 0, 2: 0, 3: 0, 4: 0, 5: 0, 6: 0, 7: 0, 8: 0, 9: 0}",0,0
none_fpga_raft,60c1s5r10p,YCSB_A,rw_zipf_1,concurrent_120,0,72000,511.5165,668.4953,799.0690599999999,513.2568728333334,7200.0,"{0: 47.191, 1: 14.286, 2: 8.434, 3: 10.843, 4: 9.756}","{0: 615.5, 1: 477.145, 2: 477.754, 3: 476.977, 4: 477.201}","{0: 0, 1: 0, 2: 0, 3: 0, 4: 0, 5: 0, 6: 0, 7: 0, 8: 0, 9: 0}","{0: 0, 1: 0, 2: 0, 3: 0, 4: 0, 5: 0, 6: 0, 7: 0, 8: 0, 9: 0}","{0: 0, 1: 0, 2: 0, 3: 0, 4: 0, 5: 0, 6: 0, 7: 0, 8: 0, 9: 0}",0,0
none_fpga_raft,60c1s5r10p,YCSB_A,rw_zipf_1,concurrent_150,0,74192,2691.86,3668.72,3870.2975999999976,2522.4399448053696,7419.2,"{0: 57.143, 1: 16.279, 2: 20.619, 3: 16.854, 4: 9.639}","{0: 962.688, 1: 520.688, 2: 512.438, 3: 515.625, 4: 514.609}","{0: 0, 1: 0, 2: 0, 3: 0, 4: 0, 5: 0, 6: 0, 7: 0, 8: 0, 9: 0}","{0: 0, 1: 0, 2: 0, 3: 0, 4: 0, 5: 0, 6: 0, 7: 0, 8: 0, 9: 0}","{0: 0, 1: 0, 2: 0, 3: 0, 4: 0, 5: 0, 6: 0, 7: 0, 8: 0, 9: 0}",0,0
none_fpga_raft,60c1s5r10p,YCSB_A,rw_zipf_0.5,concurrent_50,0,30000,303.0815,379.0144,396.10305,285.25796103333334,3000.0,"{0: 22.093, 1: 8.434, 2: 4.938, 3: 15.385, 4: 7.229}","{0: 478.926, 1: 465.938, 2: 465.875, 3: 465.75, 4: 465.75}","{0: 0, 1: 0, 2: 0, 3: 0, 4: 0, 5: 0, 6: 0, 7: 0, 8: 0, 9: 0}","{0: 0, 1: 0, 2: 0, 3: 0, 4: 0, 5: 0, 6: 0, 7: 0, 8: 0, 9: 0}","{0: 0, 1: 0, 2: 0, 3: 0, 4: 0, 5: 0, 6: 0, 7: 0, 8: 0, 9: 0}",0,0
none_fpga_raft,60c1s5r10p,YCSB_A,rw_zipf_0.55,concurrent_50,0,30000,301.5955,378.64520000000005,399.37107999999995,284.30186166666664,3000.0,"{0: 23.256, 1: 9.412, 2: 4.878, 3: 20.0, 4: 7.229}","{0: 478.93, 1: 465.844, 2: 465.75, 3: 465.938, 4: 465.688}","{0: 0, 1: 0, 2: 0, 3: 0, 4: 0, 5: 0, 6: 0, 7: 0, 8: 0, 9: 0}","{0: 0, 1: 0, 2: 0, 3: 0, 4: 0, 5: 0, 6: 0, 7: 0, 8: 0, 9: 0}","{0: 0, 1: 0, 2: 0, 3: 0, 4: 0, 5: 0, 6: 0, 7: 0, 8: 0, 9: 0}",0,0
none_fpga_raft,60c1s5r10p,YCSB_A,rw_zipf_0.6,concurrent_50,0,30000,302.988,344.2285000000854,391.48803,286.7064618333333,3000.0,"{0: 23.529, 1: 10.465, 2: 15.217, 3: 8.434, 4: 8.434}","{0: 477.633, 1: 465.5, 2: 466.188, 3: 465.625, 4: 465.562}","{0: 0, 1: 0, 2: 0, 3: 0, 4: 0, 5: 0, 6: 0, 7: 0, 8: 0, 9: 0}","{0: 0, 1: 0, 2: 0, 3: 0, 4: 0, 5: 0, 6: 0, 7: 0, 8: 0, 9: 0}","{0: 0, 1: 0, 2: 0, 3: 0, 4: 0, 5: 0, 6: 0, 7: 0, 8: 0, 9: 0}",0,0
none_fpga_raft,60c1s5r10p,YCSB_A,rw_zipf_0.65,concurrent_50,0,30000,305.096,343.42350000008685,402.98802,285.9226127333333,3000.0,"{0: 21.429, 1: 8.434, 2: 4.878, 3: 7.317, 4: 7.317}","{0: 478.688, 1: 465.875, 2: 465.875, 3: 465.75, 4: 465.688}","{0: 0, 1: 0, 2: 0, 3: 0, 4: 0, 5: 0, 6: 0, 7: 0, 8: 0, 9: 0}","{0: 0, 1: 0, 2: 0, 3: 0, 4: 0, 5: 0, 6: 0, 7: 0, 8: 0, 9: 0}","{0: 0, 1: 0, 2: 0, 3: 0, 4: 0, 5: 0, 6: 0, 7: 0, 8: 0, 9: 0}",0,0
none_fpga_raft,60c1s5r10p,YCSB_A,rw_zipf_0.7,concurrent_50,0,30000,302.7215,376.9155,389.91900999999996,284.5038116333333,3000.0,"{0: 21.176, 1: 16.484, 2: 4.938, 3: 13.483, 4: 8.333}","{0: 478.742, 1: 466.312, 2: 466.188, 3: 466.125, 4: 466.125}","{0: 0, 1: 0, 2: 0, 3: 0, 4: 0, 5: 0, 6: 0, 7: 0, 8: 0, 9: 0}","{0: 0, 1: 0, 2: 0, 3: 0, 4: 0, 5: 0, 6: 0, 7: 0, 8: 0, 9: 0}","{0: 0, 1: 0, 2: 0, 3: 0, 4: 0, 5: 0, 6: 0, 7: 0, 8: 0, 9: 0}",0,0
none_fpga_raft,60c1s5r10p,YCSB_A,rw_zipf_0.75,concurrent_50,0,30000,302.98400000000004,335.43950000010796,393.53302,285.7503266333333,3000.0,"{0: 23.81, 1: 8.537, 2: 11.236, 3: 9.412, 4: 9.412}","{0: 481.125, 1: 465.688, 2: 466.125, 3: 465.812, 4: 465.75}","{0: 0, 1: 0, 2: 0, 3: 0, 4: 0, 5: 0, 6: 0, 7: 0, 8: 0, 9: 0}","{0: 0, 1: 0, 2: 0, 3: 0, 4: 0, 5: 0, 6: 0, 7: 0, 8: 0, 9: 0}","{0: 0, 1: 0, 2: 0, 3: 0, 4: 0, 5: 0, 6: 0, 7: 0, 8: 0, 9: 0}",0,0
none_fpga_raft,60c1s5r10p,YCSB_A,rw_zipf_0.8,concurrent_50,0,30000,302.961,341.12860000009283,397.67902,285.7355701,3000.0,"{0: 22.093, 1: 8.434, 2: 8.14, 3: 19.792, 4: 11.494}","{0: 479.75, 1: 465.75, 2: 466.0, 3: 465.562, 4: 465.75}","{0: 0, 1: 0, 2: 0, 3: 0, 4: 0, 5: 0, 6: 0, 7: 0, 8: 0, 9: 0}","{0: 0, 1: 0, 2: 0, 3: 0, 4: 0, 5: 0, 6: 0, 7: 0, 8: 0, 9: 0}","{0: 0, 1: 0, 2: 0, 3: 0, 4: 0, 5: 0, 6: 0, 7: 0, 8: 0, 9: 0}",0,0
none_fpga_raft,60c1s5r10p,YCSB_A,rw_zipf_0.85,concurrent_50,0,30000,301.55150000000003,345.2259000000791,388.57800999999995,284.81675886666665,3000.0,"{0: 23.256, 1: 8.537, 2: 12.36, 3: 7.317, 4: 8.333}","{0: 479.125, 1: 465.875, 2: 466.0, 3: 465.75, 4: 465.812}","{0: 0, 1: 0, 2: 0, 3: 0, 4: 0, 5: 0, 6: 0, 7: 0, 8: 0, 9: 0}","{0: 0, 1: 0, 2: 0, 3: 0, 4: 0, 5: 0, 6: 0, 7: 0, 8: 0, 9: 0}","{0: 0, 1: 0, 2: 0, 3: 0, 4: 0, 5: 0, 6: 0, 7: 0, 8: 0, 9: 0}",0,0
none_fpga_raft,60c1s5r10p,YCSB_A,rw_zipf_0.9,concurrent_50,0,30000,306.48699999999997,341.79940000010737,399.78304,287.36851603333326,3000.0,"{0: 24.138, 1: 8.434, 2: 4.819, 3: 7.229, 4: 6.098}","{0: 479.094, 1: 465.812, 2: 466.125, 3: 465.5, 4: 465.5}","{0: 0, 1: 0, 2: 0, 3: 0, 4: 0, 5: 0, 6: 0, 7: 0, 8: 0, 9: 0}","{0: 0, 1: 0, 2: 0, 3: 0, 4: 0, 5: 0, 6: 0, 7: 0, 8: 0, 9: 0}","{0: 0, 1: 0, 2: 0, 3: 0, 4: 0, 5: 0, 6: 0, 7: 0, 8: 0, 9: 0}",0,0
none_fpga_raft,60c1s5r10p,YCSB_A,rw_zipf_0.95,concurrent_50,0,30000,305.317,380.8377000000002,394.3071,287.59200219999997,3000.0,"{0: 23.256, 1: 7.317, 2: 13.333, 3: 14.607, 4: 15.385}","{0: 477.98, 1: 465.625, 2: 465.625, 3: 465.562, 4: 465.625}","{0: 0, 1: 0, 2: 0, 3: 0, 4: 0, 5: 0, 6: 0, 7: 0, 8: 0, 9: 0}","{0: 0, 1: 0, 2: 0, 3: 0, 4: 0, 5: 0, 6: 0, 7: 0, 8: 0, 9: 0}","{0: 0, 1: 0, 2: 0, 3: 0, 4: 0, 5: 0, 6: 0, 7: 0, 8: 0, 9: 0}",0,0
none_fpga_raft,60c1s5r10p,YCSB_A,rw_zipf_1,concurrent_50,0,30000,303.4395,338.123300000098,389.34605,285.1058682,3000.0,"{0: 21.429, 1: 8.434, 2: 13.187, 3: 9.524, 4: 12.36}","{0: 478.938, 1: 465.688, 2: 465.875, 3: 465.719, 4: 465.5}","{0: 0, 1: 0, 2: 0, 3: 0, 4: 0, 5: 0, 6: 0, 7: 0, 8: 0, 9: 0}","{0: 0, 1: 0, 2: 0, 3: 0, 4: 0, 5: 0, 6: 0, 7: 0, 8: 0, 9: 0}","{0: 0, 1: 0, 2: 0, 3: 0, 4: 0, 5: 0, 6: 0, 7: 0, 8: 0, 9: 0}",0,0
none_fpga_raft,60c1s5r10p,YCSB_B,rw_zipf_0.5,concurrent_50,0,30000,303.794,358.2574000000505,397.24701,287.4713991,3000.0,"{0: 23.256, 1: 8.434, 2: 19.388, 3: 12.644, 4: 18.085}","{0: 479.0, 1: 465.75, 2: 465.938, 3: 465.938, 4: 465.688}","{0: 0, 1: 0, 2: 0, 3: 0, 4: 0, 5: 0, 6: 0, 7: 0, 8: 0, 9: 0}","{0: 0, 1: 0, 2: 0, 3: 0, 4: 0, 5: 0, 6: 0, 7: 0, 8: 0, 9: 0}","{0: 0, 1: 0, 2: 0, 3: 0, 4: 0, 5: 0, 6: 0, 7: 0, 8: 0, 9: 0}",0,0
none_fpga_raft,60c1s5r10p,YCSB_B,rw_zipf_0.55,concurrent_50,0,30000,303.919,332.991200000115,399.433,285.7634308,3000.0,"{0: 22.353, 1: 8.434, 2: 6.024, 3: 8.537, 4: 7.229}","{0: 478.387, 1: 466.0, 2: 465.938, 3: 465.75, 4: 465.75}","{0: 0, 1: 0, 2: 0, 3: 0, 4: 0, 5: 0, 6: 0, 7: 0, 8: 0, 9: 0}","{0: 0, 1: 0, 2: 0, 3: 0, 4: 0, 5: 0, 6: 0, 7: 0, 8: 0, 9: 0}","{0: 0, 1: 0, 2: 0, 3: 0, 4: 0, 5: 0, 6: 0, 7: 0, 8: 0, 9: 0}",0,0
none_fpga_raft,60c1s5r10p,YCSB_B,rw_zipf_0.6,concurrent_50,0,30000,306.271,338.8791000001033,397.31102999999996,287.77673823333333,3000.0,"{0: 21.176, 1: 8.434, 2: 6.098, 3: 8.333, 4: 8.333}","{0: 479.941, 1: 465.906, 2: 465.902, 3: 465.688, 4: 465.906}","{0: 0, 1: 0, 2: 0, 3: 0, 4: 0, 5: 0, 6: 0, 7: 0, 8: 0, 9: 0}","{0: 0, 1: 0, 2: 0, 3: 0, 4: 0, 5: 0, 6: 0, 7: 0, 8: 0, 9: 0}","{0: 0, 1: 0, 2: 0, 3: 0, 4: 0, 5: 0, 6: 0, 7: 0, 8: 0, 9: 0}",0,0
none_fpga_raft,60c1s5r10p,YCSB_B,rw_zipf_0.65,concurrent_50,0,30000,302.8905,353.53390000006476,396.88100999999995,287.1150107,3000.0,"{0: 22.353, 1: 8.333, 2: 8.333, 3: 8.333, 4: 11.494}","{0: 478.895, 1: 465.688, 2: 465.812, 3: 465.625, 4: 465.625}","{0: 0, 1: 0, 2: 0, 3: 0, 4: 0, 5: 0, 6: 0, 7: 0, 8: 0, 9: 0}","{0: 0, 1: 0, 2: 0, 3: 0, 4: 0, 5: 0, 6: 0, 7: 0, 8: 0, 9: 0}","{0: 0, 1: 0, 2: 0, 3: 0, 4: 0, 5: 0, 6: 0, 7: 0, 8: 0, 9: 0}",0,0
none_fpga_raft,60c1s5r10p,YCSB_B,rw_zipf_0.7,concurrent_50,0,30000,301.8575,333.98090000010495,394.2055599999999,283.7280184333333,3000.0,"{0: 22.619, 1: 7.407, 2: 4.878, 3: 11.628, 4: 7.229}","{0: 478.562, 1: 465.625, 2: 465.875, 3: 465.75, 4: 465.812}","{0: 0, 1: 0, 2: 0, 3: 0, 4: 0, 5: 0, 6: 0, 7: 0, 8: 0, 9: 0}","{0: 0, 1: 0, 2: 0, 3: 0, 4: 0, 5: 0, 6: 0, 7: 0, 8: 0, 9: 0}","{0: 0, 1: 0, 2: 0, 3: 0, 4: 0, 5: 0, 6: 0, 7: 0, 8: 0, 9: 0}",0,0
none_fpga_raft,60c1s5r10p,YCSB_B,rw_zipf_0.75,concurrent_50,0,30000,302.8665,342.28420000008646,389.64902,284.40507106666666,3000.0,"{0: 22.353, 1: 8.434, 2: 11.494, 3: 12.5, 4: 6.098}","{0: 480.406, 1: 465.562, 2: 465.75, 3: 465.562, 4: 465.562}","{0: 0, 1: 0, 2: 0, 3: 0, 4: 0, 5: 0, 6: 0, 7: 0, 8: 0, 9: 0}","{0: 0, 1: 0, 2: 0, 3: 0, 4: 0, 5: 0, 6: 0, 7: 0, 8: 0, 9: 0}","{0: 0, 1: 0, 2: 0, 3: 0, 4: 0, 5: 0, 6: 0, 7: 0, 8: 0, 9: 0}",0,0
none_fpga_raft,60c1s5r10p,YCSB_B,rw_zipf_0.8,concurrent_50,0,30000,305.582,343.8865000000921,398.57605,288.13887546666666,3000.0,"{0: 24.138, 1: 7.317, 2: 6.024, 3: 10.465, 4: 7.229}","{0: 480.84, 1: 465.809, 2: 466.094, 3: 465.465, 4: 465.84}","{0: 0, 1: 0, 2: 0, 3: 0, 4: 0, 5: 0, 6: 0, 7: 0, 8: 0, 9: 0}","{0: 0, 1: 0, 2: 0, 3: 0, 4: 0, 5: 0, 6: 0, 7: 0, 8: 0, 9: 0}","{0: 0, 1: 0, 2: 0, 3: 0, 4: 0, 5: 0, 6: 0, 7: 0, 8: 0, 9: 0}",0,0
none_fpga_raft,60c1s5r10p,YCSB_B,rw_zipf_0.85,concurrent_50,0,30000,305.577,340.5276000000977,391.637,286.78803159999995,3000.0,"{0: 22.093, 1: 8.434, 2: 4.878, 3: 7.229, 4: 10.465}","{0: 479.34, 1: 465.875, 2: 465.812, 3: 465.5, 4: 465.562}","{0: 0, 1: 0, 2: 0, 3: 0, 4: 0, 5: 0, 6: 0, 7: 0, 8: 0, 9: 0}","{0: 0, 1: 0, 2: 0, 3: 0, 4: 0, 5: 0, 6: 0, 7: 0, 8: 0, 9: 0}","{0: 0, 1: 0, 2: 0, 3: 0, 4: 0, 5: 0, 6: 0, 7: 0, 8: 0, 9: 0}",0,0
none_fpga_raft,60c1s5r10p,YCSB_B,rw_zipf_0.9,concurrent_50,0,30000,300.30150000000003,336.18640000010384,390.599,284.22609876666667,3000.0,"{0: 23.529, 1: 7.317, 2: 9.302, 3: 8.333, 4: 7.229}","{0: 478.004, 1: 465.688, 2: 465.688, 3: 465.688, 4: 465.688}","{0: 0, 1: 0, 2: 0, 3: 0, 4: 0, 5: 0, 6: 0, 7: 0, 8: 0, 9: 0}","{0: 0, 1: 0, 2: 0, 3: 0, 4: 0, 5: 0, 6: 0, 7: 0, 8: 0, 9: 0}","{0: 0, 1: 0, 2: 0, 3: 0, 4: 0, 5: 0, 6: 0, 7: 0, 8: 0, 9: 0}",0,0
none_fpga_raft,60c1s5r10p,YCSB_B,rw_zipf_0.95,concurrent_50,0,30000,304.494,350.0953000000762,393.183,286.8032259333333,3000.0,"{0: 21.176, 1: 7.229, 2: 6.024, 3: 13.636, 4: 7.317}","{0: 478.062, 1: 465.812, 2: 466.0, 3: 465.625, 4: 465.625}","{0: 0, 1: 0, 2: 0, 3: 0, 4: 0, 5: 0, 6: 0, 7: 0, 8: 0, 9: 0}","{0: 0, 1: 0, 2: 0, 3: 0, 4: 0, 5: 0, 6: 0, 7: 0, 8: 0, 9: 0}","{0: 0, 1: 0, 2: 0, 3: 0, 4: 0, 5: 0, 6: 0, 7: 0, 8: 0, 9: 0}",0,0
none_fpga_raft,60c1s5r10p,YCSB_B,rw_zipf_1,concurrent_50,0,30000,299.6425,336.3385000000991,389.22504000000004,283.83958333333334,3000.0,"{0: 21.687, 1: 7.317, 2: 4.878, 3: 7.317, 4: 13.483}","{0: 479.73, 1: 465.746, 2: 465.875, 3: 465.738, 4: 465.84}","{0: 0, 1: 0, 2: 0, 3: 0, 4: 0, 5: 0, 6: 0, 7: 0, 8: 0, 9: 0}","{0: 0, 1: 0, 2: 0, 3: 0, 4: 0, 5: 0, 6: 0, 7: 0, 8: 0, 9: 0}","{0: 0, 1: 0, 2: 0, 3: 0, 4: 0, 5: 0, 6: 0, 7: 0, 8: 0, 9: 0}",0,0
none_copilot,60c1s5r10p,YCSB_A,rw_1000000,concurrent_1,0,600,446.7865,476.77030000000127,526.97227,428.0749416666667,60.0,"{0: 3.061, 1: 3.061, 2: 2.02, 3: 3.0, 4: 3.0}","{0: 434.5, 1: 434.375, 2: 432.438, 3: 431.875, 4: 431.75}","{0: 0, 1: 0, 2: 0, 3: 0, 4: 0, 5: 0, 6: 0, 7: 0, 8: 0, 9: 0}","{0: 0, 1: 0, 2: 0, 3: 0, 4: 0, 5: 0, 6: 0, 7: 0, 8: 0, 9: 0}","{0: 0, 1: 0, 2: 0, 3: 0, 4: 0, 5: 0, 6: 0, 7: 0, 8: 0, 9: 0}",0,0
none_copilot,60c1s5r10p,YCSB_A,rw_1000000,concurrent_10,0,6000,450.87300000000005,479.1604000000179,535.2320199999999,432.6734443333333,600.0,"{0: 7.143, 1: 8.0, 2: 3.061, 3: 4.04, 4: 3.061}","{0: 487.625, 1: 486.375, 2: 474.812, 3: 470.25, 4: 472.375}","{0: 0, 1: 0, 2: 0, 3: 0, 4: 0, 5: 0, 6: 0, 7: 0, 8: 0, 9: 0}","{0: 0, 1: 0, 2: 0, 3: 0, 4: 0, 5: 0, 6: 0, 7: 0, 8: 0, 9: 0}","{0: 0, 1: 0, 2: 0, 3: 0, 4: 0, 5: 0, 6: 0, 7: 0, 8: 0, 9: 0}",0,0
none_copilot,60c1s5r10p,YCSB_A,rw_1000000,concurrent_20,0,12000,449.42949999999996,479.1331000000149,536.32301,432.2535219166666,1200.0,"{0: 12.245, 1: 14.141, 2: 5.102, 3: 5.051, 4: 5.051}","{0: 504.25, 1: 506.125, 2: 486.0, 3: 485.875, 4: 485.562}","{0: 0, 1: 0, 2: 0, 3: 0, 4: 0, 5: 0, 6: 0, 7: 0, 8: 0, 9: 0}","{0: 0, 1: 0, 2: 0, 3: 0, 4: 0, 5: 0, 6: 0, 7: 0, 8: 0, 9: 0}","{0: 0, 1: 0, 2: 0, 3: 0, 4: 0, 5: 0, 6: 0, 7: 0, 8: 0, 9: 0}",0,0
none_copilot,60c1s5r10p,YCSB_A,rw_1000000,concurrent_30,0,18000,450.0315,481.82120000001913,536.57001,432.8181632777777,1800.0,"{0: 18.182, 1: 18.75, 2: 6.122, 3: 8.081, 4: 7.071}","{0: 510.5, 1: 512.812, 2: 488.938, 3: 488.75, 4: 488.938}","{0: 0, 1: 0, 2: 0, 3: 0, 4: 0, 5: 0, 6: 0, 7: 0, 8: 0, 9: 0}","{0: 0, 1: 0, 2: 0, 3: 0, 4: 0, 5: 0, 6: 0, 7: 0, 8: 0, 9: 0}","{0: 0, 1: 0, 2: 0, 3: 0, 4: 0, 5: 0, 6: 0, 7: 0, 8: 0, 9: 0}",0,0
none_copilot,60c1s5r10p,YCSB_A,rw_1000000,concurrent_40,0,24000,458.24199999999996,487.914700000109,545.88003,439.0985248333333,2400.0,"{0: 24.242, 1: 26.531, 2: 7.071, 3: 8.247, 4: 9.091}","{0: 519.0, 1: 521.312, 2: 490.375, 3: 490.188, 4: 490.375}","{0: 0, 1: 0, 2: 0, 3: 0, 4: 0, 5: 0, 6: 0, 7: 0, 8: 0, 9: 0}","{0: 0, 1: 0, 2: 0, 3: 0, 4: 0, 5: 0, 6: 0, 7: 0, 8: 0, 9: 0}","{0: 0, 1: 0, 2: 0, 3: 0, 4: 0, 5: 0, 6: 0, 7: 0, 8: 0, 9: 0}",0,0
none_copilot,60c1s5r10p,YCSB_A,rw_1000000,concurrent_50,0,30000,468.4315,507.46330000006435,556.29601,449.05151839999996,3000.0,"{0: 31.313, 1: 34.343, 2: 9.091, 3: 10.204, 4: 9.091}","{0: 526.477, 1: 528.625, 2: 491.562, 3: 492.746, 4: 492.688}","{0: 0, 1: 0, 2: 0, 3: 0, 4: 0, 5: 0, 6: 0, 7: 0, 8: 0, 9: 0}","{0: 0, 1: 0, 2: 0, 3: 0, 4: 0, 5: 0, 6: 0, 7: 0, 8: 0, 9: 0}","{0: 0, 1: 0, 2: 0, 3: 0, 4: 0, 5: 0, 6: 0, 7: 0, 8: 0, 9: 0}",0,0
none_copilot,60c1s5r10p,YCSB_A,rw_1000000,concurrent_60,0,36000,520.182,600.1842,654.9310700000001,510.9075629444444,3600.0,"{0: 37.0, 1: 40.404, 2: 44.444, 3: 11.0, 4: 11.111}","{0: 563.688, 1: 557.25, 2: 507.998, 3: 495.67, 4: 495.125}","{0: 0, 1: 0, 2: 0, 3: 0, 4: 0, 5: 0, 6: 0, 7: 0, 8: 0, 9: 0}","{0: 0, 1: 0, 2: 0, 3: 0, 4: 0, 5: 0, 6: 0, 7: 0, 8: 0, 9: 0}","{0: 0, 1: 0, 2: 0, 3: 0, 4: 0, 5: 0, 6: 0, 7: 0, 8: 0, 9: 0}",0,0
none_copilot,60c1s5r10p,YCSB_A,rw_1000000,concurrent_70,0,42000,594.6120000000001,680.6544,758.69704,585.6477420952382,4200.0,"{0: 47.423, 1: 50.0, 2: 83.0, 3: 13.131, 4: 13.265}","{0: 604.188, 1: 612.434, 2: 515.559, 3: 499.23, 4: 498.309}","{0: 0, 1: 0, 2: 0, 3: 0, 4: 0, 5: 0, 6: 0, 7: 0, 8: 0, 9: 0}","{0: 0, 1: 0, 2: 0, 3: 0, 4: 0, 5: 0, 6: 0, 7: 0, 8: 0, 9: 0}","{0: 0, 1: 0, 2: 0, 3: 0, 4: 0, 5: 0, 6: 0, 7: 0, 8: 0, 9: 0}",0,0
none_copilot,60c1s5r10p,YCSB_A,rw_1000000,concurrent_80,0,47823,753.884,864.3182,996.09456,742.6409105451352,4782.3,"{0: 58.0, 1: 59.596, 2: 69.0, 3: 15.306, 4: 55.556}","{0: 707.688, 1: 692.188, 2: 520.562, 3: 503.027, 4: 508.875}","{0: 0, 1: 0, 2: 0, 3: 0, 4: 0, 5: 0, 6: 0, 7: 0, 8: 0, 9: 0}","{0: 0, 1: 0, 2: 0, 3: 0, 4: 0, 5: 0, 6: 0, 7: 0, 8: 0, 9: 0}","{0: 0, 1: 0, 2: 0, 3: 0, 4: 0, 5: 0, 6: 0, 7: 0, 8: 0, 9: 0}",0,0
none_copilot,60c1s5r10p,YCSB_A,rw_1000000,concurrent_100,0,6427,2591.94,8607.27,18290.9,4041.5594227477823,642.7,"{0: 100.0, 1: 78.0, 2: 6.0, 3: 14.141, 4: 34.0}","{0: 1613.797, 1: 1640.562, 2: 597.559, 3: 604.562, 4: 593.312}","{0: 0, 1: 0, 2: 0, 3: 0, 4: 0, 5: 0, 6: 0, 7: 0, 8: 0, 9: 0}","{0: 0, 1: 0, 2: 0, 3: 0, 4: 0, 5: 0, 6: 0, 7: 0, 8: 0, 9: 0}","{0: 0, 1: 0, 2: 0, 3: 0, 4: 0, 5: 0, 6: 0, 7: 0, 8: 0, 9: 0}",0,0
none_copilot,60c1s5r10p,YCSB_A,rw_zipf_1,concurrent_1,0,600,449.35450000000003,479.1472000000008,533.66801,431.87144333333333,60.0,"{0: 3.03, 1: 3.03, 2: 2.02, 3: 1.02, 4: 2.02}","{0: 450.0, 1: 449.625, 2: 447.875, 3: 447.438, 4: 447.375}","{0: 0, 1: 0, 2: 0, 3: 0, 4: 0, 5: 0, 6: 0, 7: 0, 8: 0, 9: 0}","{0: 0, 1: 0, 2: 0, 3: 0, 4: 0, 5: 0, 6: 0, 7: 0, 8: 0, 9: 0}","{0: 0, 1: 0, 2: 0, 3: 0, 4: 0, 5: 0, 6: 0, 7: 0, 8: 0, 9: 0}",0,0
none_copilot,60c1s5r10p,YCSB_A,rw_zipf_1,concurrent_10,0,6000,448.9225,477.31830000002043,533.5510300000001,430.06524366666673,600.0,"{0: 6.186, 1: 7.071, 2: 3.03, 3: 2.062, 4: 3.061}","{0: 500.75, 1: 502.625, 2: 491.0, 3: 486.188, 4: 488.312}","{0: 0, 1: 0, 2: 0, 3: 0, 4: 0, 5: 0, 6: 0, 7: 0, 8: 0, 9: 0}","{0: 0, 1: 0, 2: 0, 3: 0, 4: 0, 5: 0, 6: 0, 7: 0, 8: 0, 9: 0}","{0: 0, 1: 0, 2: 0, 3: 0, 4: 0, 5: 0, 6: 0, 7: 0, 8: 0, 9: 0}",0,0
none_copilot,60c1s5r10p,YCSB_A,rw_zipf_1,concurrent_20,0,12000,451.9055,484.3691000000198,537.814,434.02789475,1200.0,"{0: 12.245, 1: 13.131, 2: 4.124, 3: 4.082, 4: 5.051}","{0: 519.375, 1: 521.25, 2: 502.625, 3: 502.5, 4: 502.375}","{0: 0, 1: 0, 2: 0, 3: 0, 4: 0, 5: 0, 6: 0, 7: 0, 8: 0, 9: 0}","{0: 0, 1: 0, 2: 0, 3: 0, 4: 0, 5: 0, 6: 0, 7: 0, 8: 0, 9: 0}","{0: 0, 1: 0, 2: 0, 3: 0, 4: 0, 5: 0, 6: 0, 7: 0, 8: 0, 9: 0}",0,0
none_copilot,60c1s5r10p,YCSB_A,rw_zipf_1,concurrent_30,0,18000,449.68399999999997,479.60150000000806,537.13901,433.26628111111114,1800.0,"{0: 18.182, 1: 20.202, 2: 6.061, 3: 6.122, 4: 6.122}","{0: 527.5, 1: 530.0, 2: 504.062, 3: 503.938, 4: 504.0}","{0: 0, 1: 0, 2: 0, 3: 0, 4: 0, 5: 0, 6: 0, 7: 0, 8: 0, 9: 0}","{0: 0, 1: 0, 2: 0, 3: 0, 4: 0, 5: 0, 6: 0, 7: 0, 8: 0, 9: 0}","{0: 0, 1: 0, 2: 0, 3: 0, 4: 0, 5: 0, 6: 0, 7: 0, 8: 0, 9: 0}",0,0
none_copilot,60c1s5r10p,YCSB_A,rw_zipf_1,concurrent_40,0,24000,454.70399999999995,485.9054000001054,543.4140199999999,436.616456875,2400.0,"{0: 23.762, 1: 26.804, 2: 7.0, 3: 7.216, 4: 8.0}","{0: 533.436, 1: 534.5, 2: 506.25, 3: 506.062, 4: 506.125}","{0: 0, 1: 0, 2: 0, 3: 0, 4: 0, 5: 0, 6: 0, 7: 0, 8: 0, 9: 0}","{0: 0, 1: 0, 2: 0, 3: 0, 4: 0, 5: 0, 6: 0, 7: 0, 8: 0, 9: 0}","{0: 0, 1: 0, 2: 0, 3: 0, 4: 0, 5: 0, 6: 0, 7: 0, 8: 0, 9: 0}",0,0
none_copilot,60c1s5r10p,YCSB_A,rw_zipf_1,concurrent_50,0,30000,459.29650000000004,505.73650000006234,548.70304,443.0699753999999,3000.0,"{0: 29.0, 1: 32.653, 2: 10.0, 3: 9.091, 4: 8.081}","{0: 542.688, 1: 543.125, 2: 508.809, 3: 523.062, 4: 538.312}","{0: 0, 1: 0, 2: 0, 3: 0, 4: 0, 5: 0, 6: 0, 7: 0, 8: 0, 9: 0}","{0: 0, 1: 0, 2: 0, 3: 0, 4: 0, 5: 0, 6: 0, 7: 0, 8: 0, 9: 0}","{0: 0, 1: 0, 2: 0, 3: 0, 4: 0, 5: 0, 6: 0, 7: 0, 8: 0, 9: 0}",0,0
none_copilot,60c1s5r10p,YCSB_A,rw_zipf_1,concurrent_60,0,36000,528.7555,613.6544,684.53907,525.4719450833333,3600.0,"{0: 36.735, 1: 41.584, 2: 46.465, 3: 10.204, 4: 11.0}","{0: 566.188, 1: 562.613, 2: 520.125, 3: 513.588, 4: 512.715}","{0: 0, 1: 0, 2: 0, 3: 0, 4: 0, 5: 0, 6: 0, 7: 0, 8: 0, 9: 0}","{0: 0, 1: 0, 2: 0, 3: 0, 4: 0, 5: 0, 6: 0, 7: 0, 8: 0, 9: 0}","{0: 0, 1: 0, 2: 0, 3: 0, 4: 0, 5: 0, 6: 0, 7: 0, 8: 0, 9: 0}",0,0
none_copilot,60c1s5r10p,YCSB_A,rw_zipf_1,concurrent_70,0,42000,602.953,703.4343,802.12504,595.3526140476189,4200.0,"{0: 44.444, 1: 49.495, 2: 100.0, 3: 12.245, 4: 12.371}","{0: 675.438, 1: 655.309, 2: 545.684, 3: 513.684, 4: 513.625}","{0: 0, 1: 0, 2: 0, 3: 0, 4: 0, 5: 0, 6: 0, 7: 0, 8: 0, 9: 0}","{0: 0, 1: 0, 2: 0, 3: 0, 4: 0, 5: 0, 6: 0, 7: 0, 8: 0, 9: 0}","{0: 0, 1: 0, 2: 0, 3: 0, 4: 0, 5: 0, 6: 0, 7: 0, 8: 0, 9: 0}",0,0
none_copilot,60c1s5r10p,YCSB_A,rw_zipf_1,concurrent_80,0,47840,731.7805,866.6613,986.60383,736.02902305602,4784.0,"{0: 62.626, 1: 69.697, 2: 35.354, 3: 14.286, 4: 58.163}","{0: 730.938, 1: 717.438, 2: 516.875, 3: 518.375, 4: 530.621}","{0: 0, 1: 0, 2: 0, 3: 0, 4: 0, 5: 0, 6: 0, 7: 0, 8: 0, 9: 0}","{0: 0, 1: 0, 2: 0, 3: 0, 4: 0, 5: 0, 6: 0, 7: 0, 8: 0, 9: 0}","{0: 0, 1: 0, 2: 0, 3: 0, 4: 0, 5: 0, 6: 0, 7: 0, 8: 0, 9: 0}",0,0
none_copilot,60c1s5r10p,YCSB_A,rw_zipf_1,concurrent_100,0,33433,5194.84,28893.0,29421.0,9062.78773427452,3343.3,"{0: 80.612, 1: 80.0, 2: 13.131, 3: 22.222, 4: 20.202}","{0: 1163.301, 1: 1107.688, 2: 587.0, 3: 582.312, 4: 591.062}","{0: 0, 1: 0, 2: 0, 3: 0, 4: 0, 5: 0, 6: 0, 7: 0, 8: 0, 9: 0}","{0: 0, 1: 0, 2: 0, 3: 0, 4: 0, 5: 0, 6: 0, 7: 0, 8: 0, 9: 0}","{0: 0, 1: 0, 2: 0, 3: 0, 4: 0, 5: 0, 6: 0, 7: 0, 8: 0, 9: 0}",0,0
none_copilot,60c1s5r10p,YCSB_A,rw_zipf_0.5,concurrent_50,0,30000,468.6685,508.8999000000006,558.9830599999999,448.4436161333333,3000.0,"{0: 31.313, 1: 33.673, 2: 9.0, 3: 10.101, 4: 9.091}","{0: 540.688, 1: 543.0, 2: 509.125, 3: 514.75, 4: 514.871}","{0: 0, 1: 0, 2: 0, 3: 0, 4: 0, 5: 0, 6: 0, 7: 0, 8: 0, 9: 0}","{0: 0, 1: 0, 2: 0, 3: 0, 4: 0, 5: 0, 6: 0, 7: 0, 8: 0, 9: 0}","{0: 0, 1: 0, 2: 0, 3: 0, 4: 0, 5: 0, 6: 0, 7: 0, 8: 0, 9: 0}",0,0
none_copilot,60c1s5r10p,YCSB_A,rw_zipf_0.55,concurrent_50,0,30000,466.866,507.0548,553.08,448.81972513333335,3000.0,"{0: 29.897, 1: 34.343, 2: 10.101, 3: 9.184, 4: 9.184}","{0: 543.555, 1: 542.938, 2: 507.75, 3: 511.375, 4: 511.188}","{0: 0, 1: 0, 2: 0, 3: 0, 4: 0, 5: 0, 6: 0, 7: 0, 8: 0, 9: 0}","{0: 0, 1: 0, 2: 0, 3: 0, 4: 0, 5: 0, 6: 0, 7: 0, 8: 0, 9: 0}","{0: 0, 1: 0, 2: 0, 3: 0, 4: 0, 5: 0, 6: 0, 7: 0, 8: 0, 9: 0}",0,0
none_copilot,60c1s5r10p,YCSB_A,rw_zipf_0.6,concurrent_50,0,30000,460.253,528.8194,562.20705,446.1836879333333,3000.0,"{0: 29.293, 1: 34.694, 2: 9.091, 3: 9.091, 4: 9.091}","{0: 543.746, 1: 546.305, 2: 509.395, 3: 511.188, 4: 511.312}","{0: 0, 1: 0, 2: 0, 3: 0, 4: 0, 5: 0, 6: 0, 7: 0, 8: 0, 9: 0}","{0: 0, 1: 0, 2: 0, 3: 0, 4: 0, 5: 0, 6: 0, 7: 0, 8: 0, 9: 0}","{0: 0, 1: 0, 2: 0, 3: 0, 4: 0, 5: 0, 6: 0, 7: 0, 8: 0, 9: 0}",0,0
none_copilot,60c1s5r10p,YCSB_A,rw_zipf_0.65,concurrent_50,0,30000,454.9385,485.6163,542.89302,436.30016673333336,3000.0,"{0: 29.897, 1: 33.673, 2: 10.0, 3: 10.204, 4: 9.184}","{0: 542.059, 1: 543.938, 2: 508.062, 3: 508.25, 4: 508.5}","{0: 0, 1: 0, 2: 0, 3: 0, 4: 0, 5: 0, 6: 0, 7: 0, 8: 0, 9: 0}","{0: 0, 1: 0, 2: 0, 3: 0, 4: 0, 5: 0, 6: 0, 7: 0, 8: 0, 9: 0}","{0: 0, 1: 0, 2: 0, 3: 0, 4: 0, 5: 0, 6: 0, 7: 0, 8: 0, 9: 0}",0,0
none_copilot,60c1s5r10p,YCSB_A,rw_zipf_0.7,concurrent_50,0,30000,459.5345,506.4970000000598,553.4300199999951,443.33696719999995,3000.0,"{0: 30.693, 1: 34.343, 2: 9.091, 3: 10.204, 4: 10.101}","{0: 541.75, 1: 544.188, 2: 507.625, 3: 513.875, 4: 513.863}","{0: 0, 1: 0, 2: 0, 3: 0, 4: 0, 5: 0, 6: 0, 7: 0, 8: 0, 9: 0}","{0: 0, 1: 0, 2: 0, 3: 0, 4: 0, 5: 0, 6: 0, 7: 0, 8: 0, 9: 0}","{0: 0, 1: 0, 2: 0, 3: 0, 4: 0, 5: 0, 6: 0, 7: 0, 8: 0, 9: 0}",0,0
none_copilot,60c1s5r10p,YCSB_A,rw_zipf_0.75,concurrent_50,0,30000,466.681,517.3616,563.67606,450.0723026333333,3000.0,"{0: 30.612, 1: 34.021, 2: 9.091, 3: 9.091, 4: 9.091}","{0: 542.48, 1: 544.812, 2: 508.0, 3: 516.75, 4: 519.688}","{0: 0, 1: 0, 2: 0, 3: 0, 4: 0, 5: 0, 6: 0, 7: 0, 8: 0, 9: 0}","{0: 0, 1: 0, 2: 0, 3: 0, 4: 0, 5: 0, 6: 0, 7: 0, 8: 0, 9: 0}","{0: 0, 1: 0, 2: 0, 3: 0, 4: 0, 5: 0, 6: 0, 7: 0, 8: 0, 9: 0}",0,0
none_copilot,60c1s5r10p,YCSB_A,rw_zipf_0.8,concurrent_50,0,30000,465.453,506.76790000006986,550.43706,448.1610068666667,3000.0,"{0: 29.592, 1: 33.333, 2: 9.091, 3: 10.0, 4: 9.091}","{0: 542.125, 1: 543.812, 2: 508.0, 3: 507.938, 4: 508.5}","{0: 0, 1: 0, 2: 0, 3: 0, 4: 0, 5: 0, 6: 0, 7: 0, 8: 0, 9: 0}","{0: 0, 1: 0, 2: 0, 3: 0, 4: 0, 5: 0, 6: 0, 7: 0, 8: 0, 9: 0}","{0: 0, 1: 0, 2: 0, 3: 0, 4: 0, 5: 0, 6: 0, 7: 0, 8: 0, 9: 0}",0,0
none_copilot,60c1s5r10p,YCSB_A,rw_zipf_0.85,concurrent_50,0,30000,459.26,496.8571000000446,553.59101,441.67984893333335,3000.0,"{0: 30.0, 1: 33.673, 2: 8.163, 3: 9.184, 4: 9.091}","{0: 542.25, 1: 543.625, 2: 507.75, 3: 507.75, 4: 508.375}","{0: 0, 1: 0, 2: 0, 3: 0, 4: 0, 5: 0, 6: 0, 7: 0, 8: 0, 9: 0}","{0: 0, 1: 0, 2: 0, 3: 0, 4: 0, 5: 0, 6: 0, 7: 0, 8: 0, 9: 0}","{0: 0, 1: 0, 2: 0, 3: 0, 4: 0, 5: 0, 6: 0, 7: 0, 8: 0, 9: 0}",0,0
none_copilot,60c1s5r10p,YCSB_A,rw_zipf_0.9,concurrent_50,0,30000,461.07500000000005,502.2044000000219,544.92202,443.4932043,3000.0,"{0: 30.0, 1: 32.292, 2: 9.0, 3: 10.101, 4: 9.0}","{0: 542.688, 1: 543.99, 2: 507.5, 3: 511.125, 4: 511.625}","{0: 0, 1: 0, 2: 0, 3: 0, 4: 0, 5: 0, 6: 0, 7: 0, 8: 0, 9: 0}","{0: 0, 1: 0, 2: 0, 3: 0, 4: 0, 5: 0, 6: 0, 7: 0, 8: 0, 9: 0}","{0: 0, 1: 0, 2: 0, 3: 0, 4: 0, 5: 0, 6: 0, 7: 0, 8: 0, 9: 0}",0,0
none_copilot,60c1s5r10p,YCSB_A,rw_zipf_0.95,concurrent_50,0,30000,459.973,529.3865,544.41204,442.32399626666665,3000.0,"{0: 29.293, 1: 32.323, 2: 8.081, 3: 9.184, 4: 8.081}","{0: 539.562, 1: 541.938, 2: 508.812, 3: 508.375, 4: 508.375}","{0: 0, 1: 0, 2: 0, 3: 0, 4: 0, 5: 0, 6: 0, 7: 0, 8: 0, 9: 0}","{0: 0, 1: 0, 2: 0, 3: 0, 4: 0, 5: 0, 6: 0, 7: 0, 8: 0, 9: 0}","{0: 0, 1: 0, 2: 0, 3: 0, 4: 0, 5: 0, 6: 0, 7: 0, 8: 0, 9: 0}",0,0
none_copilot,60c1s5r10p,YCSB_A,rw_zipf_1,concurrent_50,0,30000,459.29650000000004,505.73650000006234,548.70304,443.0699753999999,3000.0,"{0: 29.0, 1: 32.653, 2: 10.0, 3: 9.091, 4: 8.081}","{0: 542.688, 1: 543.125, 2: 508.809, 3: 523.062, 4: 538.312}","{0: 0, 1: 0, 2: 0, 3: 0, 4: 0, 5: 0, 6: 0, 7: 0, 8: 0, 9: 0}","{0: 0, 1: 0, 2: 0, 3: 0, 4: 0, 5: 0, 6: 0, 7: 0, 8: 0, 9: 0}","{0: 0, 1: 0, 2: 0, 3: 0, 4: 0, 5: 0, 6: 0, 7: 0, 8: 0, 9: 0}",0,0
none_copilot,60c1s5r10p,YCSB_B,rw_zipf_0.5,concurrent_50,0,30000,455.84900000000005,490.41920000007156,542.642,437.60576123333334,3000.0,"{0: 29.592, 1: 33.0, 2: 9.091, 3: 9.184, 4: 9.184}","{0: 538.625, 1: 541.625, 2: 506.492, 3: 506.812, 4: 507.375}","{0: 0, 1: 0, 2: 0, 3: 0, 4: 0, 5: 0, 6: 0, 7: 0, 8: 0, 9: 0}","{0: 0, 1: 0, 2: 0, 3: 0, 4: 0, 5: 0, 6: 0, 7: 0, 8: 0, 9: 0}","{0: 0, 1: 0, 2: 0, 3: 0, 4: 0, 5: 0, 6: 0, 7: 0, 8: 0, 9: 0}",0,0
none_copilot,60c1s5r10p,YCSB_B,rw_zipf_0.55,concurrent_50,0,30000,454.1125,495.5780000000311,550.39302,435.8564367,3000.0,"{0: 29.293, 1: 31.633, 2: 10.204, 3: 10.101, 4: 8.081}","{0: 542.188, 1: 543.746, 2: 507.559, 3: 524.123, 4: 531.0}","{0: 0, 1: 0, 2: 0, 3: 0, 4: 0, 5: 0, 6: 0, 7: 0, 8: 0, 9: 0}","{0: 0, 1: 0, 2: 0, 3: 0, 4: 0, 5: 0, 6: 0, 7: 0, 8: 0, 9: 0}","{0: 0, 1: 0, 2: 0, 3: 0, 4: 0, 5: 0, 6: 0, 7: 0, 8: 0, 9: 0}",0,0
none_copilot,60c1s5r10p,YCSB_B,rw_zipf_0.6,concurrent_50,0,30000,458.5825,495.57810000008664,548.32105,440.15305723333336,3000.0,"{0: 30.0, 1: 34.021, 2: 9.091, 3: 10.101, 4: 9.091}","{0: 540.5, 1: 541.496, 2: 506.438, 3: 520.875, 4: 522.0}","{0: 0, 1: 0, 2: 0, 3: 0, 4: 0, 5: 0, 6: 0, 7: 0, 8: 0, 9: 0}","{0: 0, 1: 0, 2: 0, 3: 0, 4: 0, 5: 0, 6: 0, 7: 0, 8: 0, 9: 0}","{0: 0, 1: 0, 2: 0, 3: 0, 4: 0, 5: 0, 6: 0, 7: 0, 8: 0, 9: 0}",0,0
none_copilot,60c1s5r10p,YCSB_B,rw_zipf_0.65,concurrent_50,0,30000,451.52,488.39930000008985,537.0740699999999,431.63000703333336,3000.0,"{0: 30.0, 1: 32.653, 2: 8.163, 3: 9.278, 4: 9.091}","{0: 536.375, 1: 539.188, 2: 507.25, 3: 515.117, 4: 514.871}","{0: 0, 1: 0, 2: 0, 3: 0, 4: 0, 5: 0, 6: 0, 7: 0, 8: 0, 9: 0}","{0: 0, 1: 0, 2: 0, 3: 0, 4: 0, 5: 0, 6: 0, 7: 0, 8: 0, 9: 0}","{0: 0, 1: 0, 2: 0, 3: 0, 4: 0, 5: 0, 6: 0, 7: 0, 8: 0, 9: 0}",0,0
none_copilot,60c1s5r10p,YCSB_B,rw_zipf_0.7,concurrent_50,0,30000,457.472,505.4435000000643,544.11513,438.8580548666667,3000.0,"{0: 30.0, 1: 33.333, 2: 8.081, 3: 10.101, 4: 9.184}","{0: 537.375, 1: 541.25, 2: 507.125, 3: 507.375, 4: 507.75}","{0: 0, 1: 0, 2: 0, 3: 0, 4: 0, 5: 0, 6: 0, 7: 0, 8: 0, 9: 0}","{0: 0, 1: 0, 2: 0, 3: 0, 4: 0, 5: 0, 6: 0, 7: 0, 8: 0, 9: 0}","{0: 0, 1: 0, 2: 0, 3: 0, 4: 0, 5: 0, 6: 0, 7: 0, 8: 0, 9: 0}",0,0
none_copilot,60c1s5r10p,YCSB_B,rw_zipf_0.75,concurrent_50,0,30000,462.307,537.8952,554.582,444.72818209999997,3000.0,"{0: 30.303, 1: 34.694, 2: 8.081, 3: 10.101, 4: 9.091}","{0: 538.938, 1: 540.812, 2: 508.562, 3: 507.5, 4: 507.562}","{0: 0, 1: 0, 2: 0, 3: 0, 4: 0, 5: 0, 6: 0, 7: 0, 8: 0, 9: 0}","{0: 0, 1: 0, 2: 0, 3: 0, 4: 0, 5: 0, 6: 0, 7: 0, 8: 0, 9: 0}","{0: 0, 1: 0, 2: 0, 3: 0, 4: 0, 5: 0, 6: 0, 7: 0, 8: 0, 9: 0}",0,0
none_copilot,60c1s5r10p,YCSB_B,rw_zipf_0.8,concurrent_50,0,30000,452.901,500.60040000000004,542.47613,434.8338822333333,3000.0,"{0: 31.0, 1: 32.323, 2: 8.081, 3: 9.091, 4: 9.184}","{0: 539.43, 1: 541.998, 2: 506.875, 3: 508.062, 4: 508.25}","{0: 0, 1: 0, 2: 0, 3: 0, 4: 0, 5: 0, 6: 0, 7: 0, 8: 0, 9: 0}","{0: 0, 1: 0, 2: 0, 3: 0, 4: 0, 5: 0, 6: 0, 7: 0, 8: 0, 9: 0}","{0: 0, 1: 0, 2: 0, 3: 0, 4: 0, 5: 0, 6: 0, 7: 0, 8: 0, 9: 0}",0,0
none_copilot,60c1s5r10p,YCSB_B,rw_zipf_0.85,concurrent_50,0,30000,456.8165,494.33930000008985,555.08103,439.21051350000005,3000.0,"{0: 28.571, 1: 34.343, 2: 9.091, 3: 9.091, 4: 9.0}","{0: 539.438, 1: 540.0, 2: 506.5, 3: 525.998, 4: 525.875}","{0: 0, 1: 0, 2: 0, 3: 0, 4: 0, 5: 0, 6: 0, 7: 0, 8: 0, 9: 0}","{0: 0, 1: 0, 2: 0, 3: 0, 4: 0, 5: 0, 6: 0, 7: 0, 8: 0, 9: 0}","{0: 0, 1: 0, 2: 0, 3: 0, 4: 0, 5: 0, 6: 0, 7: 0, 8: 0, 9: 0}",0,0
none_copilot,60c1s5r10p,YCSB_B,rw_zipf_0.9,concurrent_50,0,30000,462.898,504.6571000000343,559.31403,444.9485107666667,3000.0,"{0: 29.592, 1: 33.333, 2: 8.081, 3: 9.184, 4: 9.0}","{0: 537.375, 1: 539.188, 2: 508.188, 3: 509.625, 4: 509.75}","{0: 0, 1: 0, 2: 0, 3: 0, 4: 0, 5: 0, 6: 0, 7: 0, 8: 0, 9: 0}","{0: 0, 1: 0, 2: 0, 3: 0, 4: 0, 5: 0, 6: 0, 7: 0, 8: 0, 9: 0}","{0: 0, 1: 0, 2: 0, 3: 0, 4: 0, 5: 0, 6: 0, 7: 0, 8: 0, 9: 0}",0,0
none_copilot,60c1s5r10p,YCSB_B,rw_zipf_0.95,concurrent_50,0,30000,455.9525,525.8085,543.2170199999999,437.9988666666667,3000.0,"{0: 28.125, 1: 31.633, 2: 8.0, 3: 9.278, 4: 9.091}","{0: 538.875, 1: 540.922, 2: 506.5, 3: 508.0, 4: 507.812}","{0: 0, 1: 0, 2: 0, 3: 0, 4: 0, 5: 0, 6: 0, 7: 0, 8: 0, 9: 0}","{0: 0, 1: 0, 2: 0, 3: 0, 4: 0, 5: 0, 6: 0, 7: 0, 8: 0, 9: 0}","{0: 0, 1: 0, 2: 0, 3: 0, 4: 0, 5: 0, 6: 0, 7: 0, 8: 0, 9: 0}",0,0
none_copilot,60c1s5r10p,YCSB_B,rw_zipf_1,concurrent_50,0,30000,463.1635,507.0584000000628,560.5460400000001,446.8247027,3000.0,"{0: 30.303, 1: 34.694, 2: 9.091, 3: 9.184, 4: 9.091}","{0: 540.25, 1: 542.062, 2: 507.562, 3: 506.75, 4: 506.75}","{0: 0, 1: 0, 2: 0, 3: 0, 4: 0, 5: 0, 6: 0, 7: 0, 8: 0, 9: 0}","{0: 0, 1: 0, 2: 0, 3: 0, 4: 0, 5: 0, 6: 0, 7: 0, 8: 0, 9: 0}","{0: 0, 1: 0, 2: 0, 3: 0, 4: 0, 5: 0, 6: 0, 7: 0, 8: 0, 9: 0}",0,0
none_mencius,60c1s5r10p,YCSB_A,rw_1000000,concurrent_1,0,600,153.1125,285.0453000000003,295.94991,184.80308,60.0,"{0: 2.0, 1: 1.02, 2: 2.02, 3: 2.02, 4: 2.0}","{0: 432.25, 1: 432.188, 2: 432.5, 3: 431.938, 4: 432.062}","{0: 0, 1: 0, 2: 0, 3: 0, 4: 0, 5: 0, 6: 0, 7: 0, 8: 0, 9: 0}","{0: 0, 1: 0, 2: 0, 3: 0, 4: 0, 5: 0, 6: 0, 7: 0, 8: 0, 9: 0}","{0: 0, 1: 0, 2: 0, 3: 0, 4: 0, 5: 0, 6: 0, 7: 0, 8: 0, 9: 0}",0,0
none_mencius,60c1s5r10p,YCSB_A,rw_1000000,concurrent_10,0,6000,154.563,299.20020000000153,363.29501,201.13371416666666,600.0,"{0: 9.184, 1: 9.091, 2: 9.091, 3: 9.091, 4: 9.184}","{0: 462.5, 1: 461.312, 2: 462.688, 3: 459.625, 4: 460.562}","{0: 0, 1: 0, 2: 0, 3: 0, 4: 0, 5: 0, 6: 0, 7: 0, 8: 0, 9: 0}","{0: 0, 1: 0, 2: 0, 3: 0, 4: 0, 5: 0, 6: 0, 7: 0, 8: 0, 9: 0}","{0: 0, 1: 0, 2: 0, 3: 0, 4: 0, 5: 0, 6: 0, 7: 0, 8: 0, 9: 0}",0,0
none_mencius,60c1s5r10p,YCSB_A,rw_1000000,concurrent_11,0,6600,155.284,301.3625,356.43303,199.0218984848485,660.0,"{0: 10.204, 1: 11.111, 2: 9.184, 3: 9.278, 4: 10.204}","{0: 464.812, 1: 463.812, 2: 465.438, 3: 462.188, 4: 463.375}","{0: 0, 1: 0, 2: 0, 3: 0, 4: 0, 5: 0, 6: 0, 7: 0, 8: 0, 9: 0}","{0: 0, 1: 0, 2: 0, 3: 0, 4: 0, 5: 0, 6: 0, 7: 0, 8: 0, 9: 0}","{0: 0, 1: 0, 2: 0, 3: 0, 4: 0, 5: 0, 6: 0, 7: 0, 8: 0, 9: 0}",0,0
none_mencius,60c1s5r10p,YCSB_A,rw_1000000,concurrent_12,0,7200,155.301,299.26560000000035,362.73402999999996,200.87373347222223,720.0,"{0: 14.141, 1: 14.0, 2: 12.371, 3: 14.141, 4: 13.265}","{0: 468.875, 1: 467.875, 2: 469.938, 3: 465.812, 4: 466.812}","{0: 0, 1: 0, 2: 0, 3: 0, 4: 0, 5: 0, 6: 0, 7: 0, 8: 0, 9: 0}","{0: 0, 1: 0, 2: 0, 3: 0, 4: 0, 5: 0, 6: 0, 7: 0, 8: 0, 9: 0}","{0: 0, 1: 0, 2: 0, 3: 0, 4: 0, 5: 0, 6: 0, 7: 0, 8: 0, 9: 0}",0,0
none_mencius,60c1s5r10p,YCSB_A,rw_1000000,concurrent_13,0,7800,157.354,301.328,360.86491,201.95999064102563,780.0,"{0: 12.245, 1: 13.131, 2: 10.204, 3: 11.224, 4: 11.224}","{0: 471.812, 1: 470.312, 2: 472.312, 3: 469.5, 4: 469.125}","{0: 0, 1: 0, 2: 0, 3: 0, 4: 0, 5: 0, 6: 0, 7: 0, 8: 0, 9: 0}","{0: 0, 1: 0, 2: 0, 3: 0, 4: 0, 5: 0, 6: 0, 7: 0, 8: 0, 9: 0}","{0: 0, 1: 0, 2: 0, 3: 0, 4: 0, 5: 0, 6: 0, 7: 0, 8: 0, 9: 0}",0,0
none_mencius,60c1s5r10p,YCSB_A,rw_1000000,concurrent_14,0,8400,153.5865,302.4412,360.72041,202.8328017857143,840.0,"{0: 15.152, 1: 16.0, 2: 13.265, 3: 14.286, 4: 15.306}","{0: 474.625, 1: 473.25, 2: 475.75, 3: 471.188, 4: 472.75}","{0: 0, 1: 0, 2: 0, 3: 0, 4: 0, 5: 0, 6: 0, 7: 0, 8: 0, 9: 0}","{0: 0, 1: 0, 2: 0, 3: 0, 4: 0, 5: 0, 6: 0, 7: 0, 8: 0, 9: 0}","{0: 0, 1: 0, 2: 0, 3: 0, 4: 0, 5: 0, 6: 0, 7: 0, 8: 0, 9: 0}",0,0
none_mencius,60c1s5r10p,YCSB_A,rw_1000000,concurrent_15,0,9000,154.502,301.20840000000095,360.30238,200.89973688888892,900.0,"{0: 13.131, 1: 14.141, 2: 13.0, 3: 13.131, 4: 13.0}","{0: 479.062, 1: 477.0, 2: 479.0, 3: 475.5, 4: 475.562}","{0: 0, 1: 0, 2: 0, 3: 0, 4: 0, 5: 0, 6: 0, 7: 0, 8: 0, 9: 0}","{0: 0, 1: 0, 2: 0, 3: 0, 4: 0, 5: 0, 6: 0, 7: 0, 8: 0, 9: 0}","{0: 0, 1: 0, 2: 0, 3: 0, 4: 0, 5: 0, 6: 0, 7: 0, 8: 0, 9: 0}",0,0
none_mencius,60c1s5r10p,YCSB_A,rw_1000000,concurrent_16,0,9600,156.508,303.4765,361.0786700000001,201.85996604166667,960.0,"{0: 19.588, 1: 20.202, 2: 16.327, 3: 20.202, 4: 18.367}","{0: 481.5, 1: 480.562, 2: 482.812, 3: 477.5, 4: 479.5}","{0: 0, 1: 0, 2: 0, 3: 0, 4: 0, 5: 0, 6: 0, 7: 0, 8: 0, 9: 0}","{0: 0, 1: 0, 2: 0, 3: 0, 4: 0, 5: 0, 6: 0, 7: 0, 8: 0, 9: 0}","{0: 0, 1: 0, 2: 0, 3: 0, 4: 0, 5: 0, 6: 0, 7: 0, 8: 0, 9: 0}",0,0
none_mencius,60c1s5r10p,YCSB_A,rw_1000000,concurrent_17,0,10200,160.5685,301.4998,360.42121,202.73090009803923,1020.0,"{0: 22.222, 1: 23.232, 2: 19.388, 3: 21.429, 4: 22.222}","{0: 484.062, 1: 482.125, 2: 485.25, 3: 479.25, 4: 481.438}","{0: 0, 1: 0, 2: 0, 3: 0, 4: 0, 5: 0, 6: 0, 7: 0, 8: 0, 9: 0}","{0: 0, 1: 0, 2: 0, 3: 0, 4: 0, 5: 0, 6: 0, 7: 0, 8: 0, 9: 0}","{0: 0, 1: 0, 2: 0, 3: 0, 4: 0, 5: 0, 6: 0, 7: 0, 8: 0, 9: 0}",0,0
none_mencius,60c1s5r10p,YCSB_A,rw_1000000,concurrent_18,0,10800,159.172,302.75280000000004,360.08304000000004,204.16903398148148,1080.0,"{0: 20.408, 1: 19.588, 2: 16.495, 3: 19.388, 4: 19.192}","{0: 490.062, 1: 488.25, 2: 492.0, 3: 486.938, 4: 488.062}","{0: 0, 1: 0, 2: 0, 3: 0, 4: 0, 5: 0, 6: 0, 7: 0, 8: 0, 9: 0}","{0: 0, 1: 0, 2: 0, 3: 0, 4: 0, 5: 0, 6: 0, 7: 0, 8: 0, 9: 0}","{0: 0, 1: 0, 2: 0, 3: 0, 4: 0, 5: 0, 6: 0, 7: 0, 8: 0, 9: 0}",0,0
none_mencius,60c1s5r10p,YCSB_A,rw_1000000,concurrent_19,0,11400,158.196,302.663,360.18617,202.7526462280702,1140.0,"{0: 23.711, 1: 23.469, 2: 19.588, 3: 22.449, 4: 22.449}","{0: 489.25, 1: 487.438, 2: 490.938, 3: 483.875, 4: 486.812}","{0: 0, 1: 0, 2: 0, 3: 0, 4: 0, 5: 0, 6: 0, 7: 0, 8: 0, 9: 0}","{0: 0, 1: 0, 2: 0, 3: 0, 4: 0, 5: 0, 6: 0, 7: 0, 8: 0, 9: 0}","{0: 0, 1: 0, 2: 0, 3: 0, 4: 0, 5: 0, 6: 0, 7: 0, 8: 0, 9: 0}",0,0
none_mencius,60c1s5r10p,YCSB_A,rw_1000000,concurrent_20,0,12000,158.8265,305.7321,358.29308000000003,203.76746316666663,1200.0,"{0: 19.388, 1: 20.202, 2: 19.388, 3: 20.202, 4: 20.408}","{0: 497.375, 1: 495.625, 2: 497.625, 3: 492.5, 4: 493.5}","{0: 0, 1: 0, 2: 0, 3: 0, 4: 0, 5: 0, 6: 0, 7: 0, 8: 0, 9: 0}","{0: 0, 1: 0, 2: 0, 3: 0, 4: 0, 5: 0, 6: 0, 7: 0, 8: 0, 9: 0}","{0: 0, 1: 0, 2: 0, 3: 0, 4: 0, 5: 0, 6: 0, 7: 0, 8: 0, 9: 0}",0,0
none_mencius,60c1s5r10p,YCSB_A,rw_1000000,concurrent_25,0,15000,166.048,307.083,361.54829000000007,208.8082216,1500.0,"{0: 38.776, 1: 38.384, 2: 34.343, 3: 37.755, 4: 37.374}","{0: 509.25, 1: 506.688, 2: 510.812, 3: 502.062, 4: 505.625}","{0: 0, 1: 0, 2: 0, 3: 0, 4: 0, 5: 0, 6: 0, 7: 0, 8: 0, 9: 0}","{0: 0, 1: 0, 2: 0, 3: 0, 4: 0, 5: 0, 6: 0, 7: 0, 8: 0, 9: 0}","{0: 0, 1: 0, 2: 0, 3: 0, 4: 0, 5: 0, 6: 0, 7: 0, 8: 0, 9: 0}",0,0
none_mencius,60c1s5r10p,YCSB_A,rw_1000000,concurrent_30,0,18000,168.913,311.7295,365.94827999999995,211.04172816666664,1800.0,"{0: 47.959, 1: 47.475, 2: 34.021, 3: 44.0, 4: 43.878}","{0: 529.875, 1: 530.438, 2: 533.25, 3: 525.75, 4: 526.188}","{0: 0, 1: 0, 2: 0, 3: 0, 4: 0, 5: 0, 6: 0, 7: 0, 8: 0, 9: 0}","{0: 0, 1: 0, 2: 0, 3: 0, 4: 0, 5: 0, 6: 0, 7: 0, 8: 0, 9: 0}","{0: 0, 1: 0, 2: 0, 3: 0, 4: 0, 5: 0, 6: 0, 7: 0, 8: 0, 9: 0}",0,0
none_mencius,60c1s5r10p,YCSB_A,rw_1000000,concurrent_35,0,21000,251.5605,380.2534,453.13387999999935,270.7982009047619,2100.0,"{0: 86.0, 1: 84.0, 2: 71.0, 3: 85.859, 4: 82.828}","{0: 544.875, 1: 541.125, 2: 548.48, 3: 534.75, 4: 539.467}","{0: 0, 1: 0, 2: 0, 3: 0, 4: 0, 5: 0, 6: 0, 7: 0, 8: 0, 9: 0}","{0: 0, 1: 0, 2: 0, 3: 0, 4: 0, 5: 0, 6: 0, 7: 0, 8: 0, 9: 0}","{0: 0, 1: 0, 2: 0, 3: 0, 4: 0, 5: 0, 6: 0, 7: 0, 8: 0, 9: 0}",0,0
none_mencius,60c1s5r10p,YCSB_A,rw_1000000,concurrent_40,0,24000,224.5995,356.4223000000005,437.1737499999983,250.97326370833332,2400.0,"{0: 80.612, 1: 79.0, 2: 66.667, 3: 78.0, 4: 76.0}","{0: 565.438, 1: 561.625, 2: 566.875, 3: 556.312, 4: 557.688}","{0: 0, 1: 0, 2: 0, 3: 0, 4: 0, 5: 0, 6: 0, 7: 0, 8: 0, 9: 0}","{0: 0, 1: 0, 2: 0, 3: 0, 4: 0, 5: 0, 6: 0, 7: 0, 8: 0, 9: 0}","{0: 0, 1: 0, 2: 0, 3: 0, 4: 0, 5: 0, 6: 0, 7: 0, 8: 0, 9: 0}",0,0
none_mencius,60c1s5r10p,YCSB_A,rw_1000000,concurrent_45,0,11108,660.4055000000001,2809.733,17700.7,1612.7585732805187,1110.8,"{0: 100.0, 1: 100.0, 2: 100.0, 3: 100.0, 4: 100.0}","{0: 601.562, 1: 593.875, 2: 607.875, 3: 590.25, 4: 587.938}","{0: 0, 1: 0, 2: 0, 3: 0, 4: 0, 5: 0, 6: 0, 7: 0, 8: 0, 9: 0}","{0: 0, 1: 0, 2: 0, 3: 0, 4: 0, 5: 0, 6: 0, 7: 0, 8: 0, 9: 0}","{0: 0, 1: 0, 2: 0, 3: 0, 4: 0, 5: 0, 6: 0, 7: 0, 8: 0, 9: 0}",0,0
none_mencius,60c1s5r10p,YCSB_A,rw_zipf_1,concurrent_1,0,600,152.403,286.68900000000025,299.29109,184.22039666666666,60.0,"{0: 2.02, 1: 1.02, 2: 2.02, 3: 2.02, 4: 2.02}","{0: 447.688, 1: 447.562, 2: 447.875, 3: 447.312, 4: 447.312}","{0: 0, 1: 0, 2: 0, 3: 0, 4: 0, 5: 0, 6: 0, 7: 0, 8: 0, 9: 0}","{0: 0, 1: 0, 2: 0, 3: 0, 4: 0, 5: 0, 6: 0, 7: 0, 8: 0, 9: 0}","{0: 0, 1: 0, 2: 0, 3: 0, 4: 0, 5: 0, 6: 0, 7: 0, 8: 0, 9: 0}",0,0
none_mencius,60c1s5r10p,YCSB_A,rw_zipf_1,concurrent_10,0,6000,153.413,304.0142,356.6992800000004,200.16984116666666,600.0,"{0: 7.143, 1: 8.081, 2: 8.081, 3: 7.143, 4: 8.081}","{0: 477.188, 1: 475.75, 2: 477.188, 3: 474.938, 4: 475.25}","{0: 0, 1: 0, 2: 0, 3: 0, 4: 0, 5: 0, 6: 0, 7: 0, 8: 0, 9: 0}","{0: 0, 1: 0, 2: 0, 3: 0, 4: 0, 5: 0, 6: 0, 7: 0, 8: 0, 9: 0}","{0: 0, 1: 0, 2: 0, 3: 0, 4: 0, 5: 0, 6: 0, 7: 0, 8: 0, 9: 0}",0,0
none_mencius,60c1s5r10p,YCSB_A,rw_zipf_1,concurrent_11,0,6600,155.12349999999998,301.51460000000003,356.05901,200.3674693939394,660.0,"{0: 12.245, 1: 12.245, 2: 10.204, 3: 12.121, 4: 11.224}","{0: 480.25, 1: 479.188, 2: 480.875, 3: 477.062, 4: 478.438}","{0: 0, 1: 0, 2: 0, 3: 0, 4: 0, 5: 0, 6: 0, 7: 0, 8: 0, 9: 0}","{0: 0, 1: 0, 2: 0, 3: 0, 4: 0, 5: 0, 6: 0, 7: 0, 8: 0, 9: 0}","{0: 0, 1: 0, 2: 0, 3: 0, 4: 0, 5: 0, 6: 0, 7: 0, 8: 0, 9: 0}",0,0
none_mencius,60c1s5r10p,YCSB_A,rw_zipf_1,concurrent_12,0,7200,156.3675,299.3325,358.10423,200.48254083333333,720.0,"{0: 15.152, 1: 13.402, 2: 13.131, 3: 14.141, 4: 14.141}","{0: 484.062, 1: 482.625, 2: 484.75, 3: 480.625, 4: 481.938}","{0: 0, 1: 0, 2: 0, 3: 0, 4: 0, 5: 0, 6: 0, 7: 0, 8: 0, 9: 0}","{0: 0, 1: 0, 2: 0, 3: 0, 4: 0, 5: 0, 6: 0, 7: 0, 8: 0, 9: 0}","{0: 0, 1: 0, 2: 0, 3: 0, 4: 0, 5: 0, 6: 0, 7: 0, 8: 0, 9: 0}",0,0
none_mencius,60c1s5r10p,YCSB_A,rw_zipf_1,concurrent_13,0,7800,154.514,299.23969999999997,356.13302,201.74386846153848,780.0,"{0: 13.131, 1: 13.265, 2: 11.224, 3: 12.245, 4: 12.245}","{0: 485.625, 1: 484.375, 2: 486.125, 3: 482.312, 4: 483.812}","{0: 0, 1: 0, 2: 0, 3: 0, 4: 0, 5: 0, 6: 0, 7: 0, 8: 0, 9: 0}","{0: 0, 1: 0, 2: 0, 3: 0, 4: 0, 5: 0, 6: 0, 7: 0, 8: 0, 9: 0}","{0: 0, 1: 0, 2: 0, 3: 0, 4: 0, 5: 0, 6: 0, 7: 0, 8: 0, 9: 0}",0,0
none_mencius,60c1s5r10p,YCSB_A,rw_zipf_1,concurrent_14,0,8400,156.749,305.2771,357.03108000000003,202.81183726190477,840.0,"{0: 14.286, 1: 13.265, 2: 11.224, 3: 13.131, 4: 13.265}","{0: 490.625, 1: 489.25, 2: 491.438, 3: 488.75, 4: 488.375}","{0: 0, 1: 0, 2: 0, 3: 0, 4: 0, 5: 0, 6: 0, 7: 0, 8: 0, 9: 0}","{0: 0, 1: 0, 2: 0, 3: 0, 4: 0, 5: 0, 6: 0, 7: 0, 8: 0, 9: 0}","{0: 0, 1: 0, 2: 0, 3: 0, 4: 0, 5: 0, 6: 0, 7: 0, 8: 0, 9: 0}",0,0
none_mencius,60c1s5r10p,YCSB_A,rw_zipf_1,concurrent_15,0,9000,155.322,302.3138000000004,360.04105,202.92257133333334,900.0,"{0: 14.433, 1: 15.306, 2: 16.327, 3: 16.327, 4: 16.162}","{0: 491.688, 1: 492.438, 2: 493.438, 3: 487.812, 4: 489.062}","{0: 0, 1: 0, 2: 0, 3: 0, 4: 0, 5: 0, 6: 0, 7: 0, 8: 0, 9: 0}","{0: 0, 1: 0, 2: 0, 3: 0, 4: 0, 5: 0, 6: 0, 7: 0, 8: 0, 9: 0}","{0: 0, 1: 0, 2: 0, 3: 0, 4: 0, 5: 0, 6: 0, 7: 0, 8: 0, 9: 0}",0,0
none_mencius,60c1s5r10p,YCSB_A,rw_zipf_1,concurrent_16,0,9600,157.3795,300.5702,359.7061,201.1287119791667,960.0,"{0: 20.202, 1: 20.408, 2: 17.0, 3: 19.388, 4: 19.192}","{0: 495.812, 1: 496.75, 2: 497.75, 3: 493.25, 4: 493.312}","{0: 0, 1: 0, 2: 0, 3: 0, 4: 0, 5: 0, 6: 0, 7: 0, 8: 0, 9: 0}","{0: 0, 1: 0, 2: 0, 3: 0, 4: 0, 5: 0, 6: 0, 7: 0, 8: 0, 9: 0}","{0: 0, 1: 0, 2: 0, 3: 0, 4: 0, 5: 0, 6: 0, 7: 0, 8: 0, 9: 0}",0,0
none_mencius,60c1s5r10p,YCSB_A,rw_zipf_1,concurrent_17,0,10200,158.085,301.906,360.0513200000001,201.16728970588235,1020.0,"{0: 17.0, 1: 16.327, 2: 12.371, 3: 15.152, 4: 15.306}","{0: 498.438, 1: 496.5, 2: 499.875, 3: 496.688, 4: 495.938}","{0: 0, 1: 0, 2: 0, 3: 0, 4: 0, 5: 0, 6: 0, 7: 0, 8: 0, 9: 0}","{0: 0, 1: 0, 2: 0, 3: 0, 4: 0, 5: 0, 6: 0, 7: 0, 8: 0, 9: 0}","{0: 0, 1: 0, 2: 0, 3: 0, 4: 0, 5: 0, 6: 0, 7: 0, 8: 0, 9: 0}",0,0
none_mencius,60c1s5r10p,YCSB_A,rw_zipf_1,concurrent_18,0,10800,160.079,302.5975,362.249,205.34675222222222,1080.0,"{0: 22.449, 1: 23.232, 2: 19.388, 3: 22.449, 4: 23.232}","{0: 502.75, 1: 501.438, 2: 504.25, 3: 498.375, 4: 500.0}","{0: 0, 1: 0, 2: 0, 3: 0, 4: 0, 5: 0, 6: 0, 7: 0, 8: 0, 9: 0}","{0: 0, 1: 0, 2: 0, 3: 0, 4: 0, 5: 0, 6: 0, 7: 0, 8: 0, 9: 0}","{0: 0, 1: 0, 2: 0, 3: 0, 4: 0, 5: 0, 6: 0, 7: 0, 8: 0, 9: 0}",0,0
none_mencius,60c1s5r10p,YCSB_A,rw_zipf_1,concurrent_19,0,11400,158.6925,302.44340000000005,366.30823,204.02550087719297,1140.0,"{0: 20.202, 1: 20.202, 2: 17.172, 3: 20.202, 4: 19.388}","{0: 505.875, 1: 503.875, 2: 506.625, 3: 502.25, 4: 502.5}","{0: 0, 1: 0, 2: 0, 3: 0, 4: 0, 5: 0, 6: 0, 7: 0, 8: 0, 9: 0}","{0: 0, 1: 0, 2: 0, 3: 0, 4: 0, 5: 0, 6: 0, 7: 0, 8: 0, 9: 0}","{0: 0, 1: 0, 2: 0, 3: 0, 4: 0, 5: 0, 6: 0, 7: 0, 8: 0, 9: 0}",0,0
none_mencius,60c1s5r10p,YCSB_A,rw_zipf_1,concurrent_20,0,12000,159.192,306.0052,360.06179,203.94195741666667,1200.0,"{0: 24.49, 1: 23.711, 2: 23.469, 3: 23.711, 4: 24.49}","{0: 509.312, 1: 507.688, 2: 510.25, 3: 504.688, 4: 506.438}","{0: 0, 1: 0, 2: 0, 3: 0, 4: 0, 5: 0, 6: 0, 7: 0, 8: 0, 9: 0}","{0: 0, 1: 0, 2: 0, 3: 0, 4: 0, 5: 0, 6: 0, 7: 0, 8: 0, 9: 0}","{0: 0, 1: 0, 2: 0, 3: 0, 4: 0, 5: 0, 6: 0, 7: 0, 8: 0, 9: 0}",0,0
none_mencius,60c1s5r10p,YCSB_A,rw_zipf_1,concurrent_25,0,15000,167.0625,306.6001,361.76567000000006,208.05260633333333,1500.0,"{0: 34.343, 1: 32.653, 2: 35.354, 3: 35.0, 4: 36.364}","{0: 523.625, 1: 521.0, 2: 524.375, 3: 517.188, 4: 519.625}","{0: 0, 1: 0, 2: 0, 3: 0, 4: 0, 5: 0, 6: 0, 7: 0, 8: 0, 9: 0}","{0: 0, 1: 0, 2: 0, 3: 0, 4: 0, 5: 0, 6: 0, 7: 0, 8: 0, 9: 0}","{0: 0, 1: 0, 2: 0, 3: 0, 4: 0, 5: 0, 6: 0, 7: 0, 8: 0, 9: 0}",0,0
none_mencius,60c1s5r10p,YCSB_A,rw_zipf_1,concurrent_30,0,18000,183.6655,318.0857,374.7883699999993,217.95727277777777,1800.0,"{0: 53.061, 1: 52.525, 2: 48.0, 3: 52.525, 4: 52.041}","{0: 542.0, 1: 539.375, 2: 543.75, 3: 534.25, 4: 536.938}","{0: 0, 1: 0, 2: 0, 3: 0, 4: 0, 5: 0, 6: 0, 7: 0, 8: 0, 9: 0}","{0: 0, 1: 0, 2: 0, 3: 0, 4: 0, 5: 0, 6: 0, 7: 0, 8: 0, 9: 0}","{0: 0, 1: 0, 2: 0, 3: 0, 4: 0, 5: 0, 6: 0, 7: 0, 8: 0, 9: 0}",0,0
none_mencius,60c1s5r10p,YCSB_A,rw_zipf_1,concurrent_35,0,21000,180.7975,317.6722000000001,372.98340999999755,217.14806866666666,2100.0,"{0: 50.0, 1: 51.515, 2: 55.556, 3: 55.556, 4: 56.436}","{0: 556.375, 1: 552.375, 2: 557.312, 3: 549.25, 4: 550.562}","{0: 0, 1: 0, 2: 0, 3: 0, 4: 0, 5: 0, 6: 0, 7: 0, 8: 0, 9: 0}","{0: 0, 1: 0, 2: 0, 3: 0, 4: 0, 5: 0, 6: 0, 7: 0, 8: 0, 9: 0}","{0: 0, 1: 0, 2: 0, 3: 0, 4: 0, 5: 0, 6: 0, 7: 0, 8: 0, 9: 0}",0,0
none_mencius,60c1s5r10p,YCSB_A,rw_zipf_1,concurrent_40,0,24000,330.022,445.6251,555.3240199999999,337.4436292916667,2400.0,"{0: 84.0, 1: 85.149, 2: 88.119, 3: 97.0, 4: 91.0}","{0: 574.5, 1: 570.688, 2: 575.75, 3: 563.0, 4: 567.375}","{0: 0, 1: 0, 2: 0, 3: 0, 4: 0, 5: 0, 6: 0, 7: 0, 8: 0, 9: 0}","{0: 0, 1: 0, 2: 0, 3: 0, 4: 0, 5: 0, 6: 0, 7: 0, 8: 0, 9: 0}","{0: 0, 1: 0, 2: 0, 3: 0, 4: 0, 5: 0, 6: 0, 7: 0, 8: 0, 9: 0}",0,0
none_mencius,60c1s5r10p,YCSB_A,rw_zipf_1,concurrent_45,0,10489,519.439,3305.062,24164.7,2040.1839207741443,1048.9,"{0: 100.0, 1: 100.0, 2: 100.0, 3: 100.0, 4: 100.0}","{0: 612.938, 1: 602.812, 2: 621.469, 3: 591.938, 4: 600.625}","{0: 0, 1: 0, 2: 0, 3: 0, 4: 0, 5: 0, 6: 0, 7: 0, 8: 0, 9: 0}","{0: 0, 1: 0, 2: 0, 3: 0, 4: 0, 5: 0, 6: 0, 7: 0, 8: 0, 9: 0}","{0: 0, 1: 0, 2: 0, 3: 0, 4: 0, 5: 0, 6: 0, 7: 0, 8: 0, 9: 0}",0,0
none_mencius,60c1s5r10p,YCSB_A,rw_zipf_0.5,concurrent_16,0,9600,156.37,301.4941,357.18324000000007,200.32283833333335,960.0,"{0: 18.0, 1: 18.182, 2: 14.433, 3: 17.172, 4: 17.172}","{0: 495.562, 1: 493.688, 2: 496.125, 3: 491.688, 4: 493.938}","{0: 0, 1: 0, 2: 0, 3: 0, 4: 0, 5: 0, 6: 0, 7: 0, 8: 0, 9: 0}","{0: 0, 1: 0, 2: 0, 3: 0, 4: 0, 5: 0, 6: 0, 7: 0, 8: 0, 9: 0}","{0: 0, 1: 0, 2: 0, 3: 0, 4: 0, 5: 0, 6: 0, 7: 0, 8: 0, 9: 0}",0,0
none_mencius,60c1s5r10p,YCSB_A,rw_zipf_0.55,concurrent_16,0,9600,158.012,304.0406,361.64909,202.5535447916667,960.0,"{0: 22.449, 1: 22.68, 2: 19.388, 3: 21.429, 4: 22.222}","{0: 495.875, 1: 496.5, 2: 498.375, 3: 492.688, 4: 493.312}","{0: 0, 1: 0, 2: 0, 3: 0, 4: 0, 5: 0, 6: 0, 7: 0, 8: 0, 9: 0}","{0: 0, 1: 0, 2: 0, 3: 0, 4: 0, 5: 0, 6: 0, 7: 0, 8: 0, 9: 0}","{0: 0, 1: 0, 2: 0, 3: 0, 4: 0, 5: 0, 6: 0, 7: 0, 8: 0, 9: 0}",0,0
none_mencius,60c1s5r10p,YCSB_A,rw_zipf_0.6,concurrent_16,0,9600,155.2225,299.11080000000004,357.33664,201.18973770833333,960.0,"{0: 23.232, 1: 22.449, 2: 18.367, 3: 22.222, 4: 22.449}","{0: 497.125, 1: 497.688, 2: 499.812, 3: 493.75, 4: 494.75}","{0: 0, 1: 0, 2: 0, 3: 0, 4: 0, 5: 0, 6: 0, 7: 0, 8: 0, 9: 0}","{0: 0, 1: 0, 2: 0, 3: 0, 4: 0, 5: 0, 6: 0, 7: 0, 8: 0, 9: 0}","{0: 0, 1: 0, 2: 0, 3: 0, 4: 0, 5: 0, 6: 0, 7: 0, 8: 0, 9: 0}",0,0
none_mencius,60c1s5r10p,YCSB_A,rw_zipf_0.65,concurrent_16,0,9600,157.631,300.1155,354.28916,200.3491315625,960.0,"{0: 21.212, 1: 21.429, 2: 18.367, 3: 20.202, 4: 20.202}","{0: 496.312, 1: 496.875, 2: 499.938, 3: 493.812, 4: 495.812}","{0: 0, 1: 0, 2: 0, 3: 0, 4: 0, 5: 0, 6: 0, 7: 0, 8: 0, 9: 0}","{0: 0, 1: 0, 2: 0, 3: 0, 4: 0, 5: 0, 6: 0, 7: 0, 8: 0, 9: 0}","{0: 0, 1: 0, 2: 0, 3: 0, 4: 0, 5: 0, 6: 0, 7: 0, 8: 0, 9: 0}",0,0
none_mencius,60c1s5r10p,YCSB_A,rw_zipf_0.7,concurrent_16,0,9600,155.37,299.6121,356.75316,199.65813375,960.0,"{0: 19.192, 1: 19.388, 2: 17.172, 3: 17.347, 4: 18.367}","{0: 495.562, 1: 495.938, 2: 497.75, 3: 492.062, 4: 493.375}","{0: 0, 1: 0, 2: 0, 3: 0, 4: 0, 5: 0, 6: 0, 7: 0, 8: 0, 9: 0}","{0: 0, 1: 0, 2: 0, 3: 0, 4: 0, 5: 0, 6: 0, 7: 0, 8: 0, 9: 0}","{0: 0, 1: 0, 2: 0, 3: 0, 4: 0, 5: 0, 6: 0, 7: 0, 8: 0, 9: 0}",0,0
none_mencius,60c1s5r10p,YCSB_A,rw_zipf_0.75,concurrent_16,0,9600,156.431,303.5504,358.76205,202.03378791666668,960.0,"{0: 23.0, 1: 23.469, 2: 20.202, 3: 22.222, 4: 22.449}","{0: 495.875, 1: 496.875, 2: 498.75, 3: 492.562, 4: 493.125}","{0: 0, 1: 0, 2: 0, 3: 0, 4: 0, 5: 0, 6: 0, 7: 0, 8: 0, 9: 0}","{0: 0, 1: 0, 2: 0, 3: 0, 4: 0, 5: 0, 6: 0, 7: 0, 8: 0, 9: 0}","{0: 0, 1: 0, 2: 0, 3: 0, 4: 0, 5: 0, 6: 0, 7: 0, 8: 0, 9: 0}",0,0
none_mencius,60c1s5r10p,YCSB_A,rw_zipf_0.8,concurrent_16,0,9600,158.9665,302.5162,360.34205,202.68471302083336,960.0,"{0: 23.232, 1: 22.222, 2: 20.202, 3: 22.222, 4: 22.222}","{0: 495.688, 1: 496.625, 2: 498.938, 3: 492.5, 4: 493.75}","{0: 0, 1: 0, 2: 0, 3: 0, 4: 0, 5: 0, 6: 0, 7: 0, 8: 0, 9: 0}","{0: 0, 1: 0, 2: 0, 3: 0, 4: 0, 5: 0, 6: 0, 7: 0, 8: 0, 9: 0}","{0: 0, 1: 0, 2: 0, 3: 0, 4: 0, 5: 0, 6: 0, 7: 0, 8: 0, 9: 0}",0,0
none_mencius,60c1s5r10p,YCSB_A,rw_zipf_0.85,concurrent_16,0,9600,157.2905,300.893,355.2269700000002,201.66367729166663,960.0,"{0: 17.172, 1: 17.172, 2: 16.327, 3: 17.347, 4: 18.367}","{0: 495.5, 1: 496.125, 2: 496.938, 3: 492.25, 4: 493.125}","{0: 0, 1: 0, 2: 0, 3: 0, 4: 0, 5: 0, 6: 0, 7: 0, 8: 0, 9: 0}","{0: 0, 1: 0, 2: 0, 3: 0, 4: 0, 5: 0, 6: 0, 7: 0, 8: 0, 9: 0}","{0: 0, 1: 0, 2: 0, 3: 0, 4: 0, 5: 0, 6: 0, 7: 0, 8: 0, 9: 0}",0,0
none_mencius,60c1s5r10p,YCSB_A,rw_zipf_0.9,concurrent_16,0,9600,158.6,304.3002,358.30904000000004,202.92850552083334,960.0,"{0: 16.327, 1: 16.327, 2: 14.433, 3: 16.327, 4: 16.495}","{0: 496.0, 1: 496.5, 2: 497.688, 3: 493.812, 4: 494.062}","{0: 0, 1: 0, 2: 0, 3: 0, 4: 0, 5: 0, 6: 0, 7: 0, 8: 0, 9: 0}","{0: 0, 1: 0, 2: 0, 3: 0, 4: 0, 5: 0, 6: 0, 7: 0, 8: 0, 9: 0}","{0: 0, 1: 0, 2: 0, 3: 0, 4: 0, 5: 0, 6: 0, 7: 0, 8: 0, 9: 0}",0,0
none_mencius,60c1s5r10p,YCSB_A,rw_zipf_0.95,concurrent_16,0,9600,156.70350000000002,300.67629999999997,359.16213,200.64379239583334,960.0,"{0: 17.347, 1: 17.347, 2: 15.306, 3: 16.327, 4: 16.327}","{0: 495.375, 1: 495.812, 2: 496.875, 3: 493.25, 4: 492.875}","{0: 0, 1: 0, 2: 0, 3: 0, 4: 0, 5: 0, 6: 0, 7: 0, 8: 0, 9: 0}","{0: 0, 1: 0, 2: 0, 3: 0, 4: 0, 5: 0, 6: 0, 7: 0, 8: 0, 9: 0}","{0: 0, 1: 0, 2: 0, 3: 0, 4: 0, 5: 0, 6: 0, 7: 0, 8: 0, 9: 0}",0,0
none_mencius,60c1s5r10p,YCSB_A,rw_zipf_1,concurrent_16,0,9600,157.3795,300.5702,359.7061,201.1287119791667,960.0,"{0: 20.202, 1: 20.408, 2: 17.0, 3: 19.388, 4: 19.192}","{0: 495.812, 1: 496.75, 2: 497.75, 3: 493.25, 4: 493.312}","{0: 0, 1: 0, 2: 0, 3: 0, 4: 0, 5: 0, 6: 0, 7: 0, 8: 0, 9: 0}","{0: 0, 1: 0, 2: 0, 3: 0, 4: 0, 5: 0, 6: 0, 7: 0, 8: 0, 9: 0}","{0: 0, 1: 0, 2: 0, 3: 0, 4: 0, 5: 0, 6: 0, 7: 0, 8: 0, 9: 0}",0,0
none_mencius,60c1s5r10p,YCSB_B,rw_zipf_0.5,concurrent_16,0,9600,157.95,302.1773,356.27102,200.8284559375,960.0,"{0: 16.495, 1: 16.327, 2: 14.141, 3: 15.306, 4: 17.172}","{0: 498.688, 1: 496.625, 2: 499.0, 3: 494.938, 4: 495.5}","{0: 0, 1: 0, 2: 0, 3: 0, 4: 0, 5: 0, 6: 0, 7: 0, 8: 0, 9: 0}","{0: 0, 1: 0, 2: 0, 3: 0, 4: 0, 5: 0, 6: 0, 7: 0, 8: 0, 9: 0}","{0: 0, 1: 0, 2: 0, 3: 0, 4: 0, 5: 0, 6: 0, 7: 0, 8: 0, 9: 0}",0,0
none_mencius,60c1s5r10p,YCSB_B,rw_zipf_0.55,concurrent_16,0,9600,158.35,302.3727,355.91937,200.4728446875,960.0,"{0: 18.182, 1: 18.367, 2: 15.464, 3: 17.347, 4: 18.182}","{0: 496.375, 1: 494.562, 2: 497.688, 3: 493.812, 4: 493.125}","{0: 0, 1: 0, 2: 0, 3: 0, 4: 0, 5: 0, 6: 0, 7: 0, 8: 0, 9: 0}","{0: 0, 1: 0, 2: 0, 3: 0, 4: 0, 5: 0, 6: 0, 7: 0, 8: 0, 9: 0}","{0: 0, 1: 0, 2: 0, 3: 0, 4: 0, 5: 0, 6: 0, 7: 0, 8: 0, 9: 0}",0,0
none_mencius,60c1s5r10p,YCSB_B,rw_zipf_0.6,concurrent_16,0,9600,155.276,300.3084,357.088,200.65437375,960.0,"{0: 19.388, 1: 20.408, 2: 16.327, 3: 19.588, 4: 20.202}","{0: 497.125, 1: 495.375, 2: 498.938, 3: 494.125, 4: 493.625}","{0: 0, 1: 0, 2: 0, 3: 0, 4: 0, 5: 0, 6: 0, 7: 0, 8: 0, 9: 0}","{0: 0, 1: 0, 2: 0, 3: 0, 4: 0, 5: 0, 6: 0, 7: 0, 8: 0, 9: 0}","{0: 0, 1: 0, 2: 0, 3: 0, 4: 0, 5: 0, 6: 0, 7: 0, 8: 0, 9: 0}",0,0
none_mencius,60c1s5r10p,YCSB_B,rw_zipf_0.65,concurrent_16,0,9600,159.173,303.4095,360.25800999999996,204.09509770833336,960.0,"{0: 20.202, 1: 20.202, 2: 17.347, 3: 19.388, 4: 19.388}","{0: 496.438, 1: 495.188, 2: 498.375, 3: 493.188, 4: 494.438}","{0: 0, 1: 0, 2: 0, 3: 0, 4: 0, 5: 0, 6: 0, 7: 0, 8: 0, 9: 0}","{0: 0, 1: 0, 2: 0, 3: 0, 4: 0, 5: 0, 6: 0, 7: 0, 8: 0, 9: 0}","{0: 0, 1: 0, 2: 0, 3: 0, 4: 0, 5: 0, 6: 0, 7: 0, 8: 0, 9: 0}",0,0
none_mencius,60c1s5r10p,YCSB_B,rw_zipf_0.7,concurrent_16,0,9600,157.7825,301.57529999999997,361.37109,202.79682770833335,960.0,"{0: 18.367, 1: 19.192, 2: 16.162, 3: 18.182, 4: 18.182}","{0: 496.938, 1: 495.188, 2: 498.25, 3: 493.375, 4: 493.938}","{0: 0, 1: 0, 2: 0, 3: 0, 4: 0, 5: 0, 6: 0, 7: 0, 8: 0, 9: 0}","{0: 0, 1: 0, 2: 0, 3: 0, 4: 0, 5: 0, 6: 0, 7: 0, 8: 0, 9: 0}","{0: 0, 1: 0, 2: 0, 3: 0, 4: 0, 5: 0, 6: 0, 7: 0, 8: 0, 9: 0}",0,0
none_mencius,60c1s5r10p,YCSB_B,rw_zipf_0.75,concurrent_16,0,9600,159.6975,304.9755,360.63401,204.67010520833335,960.0,"{0: 26.263, 1: 26.263, 2: 23.469, 3: 25.0, 4: 25.51}","{0: 497.188, 1: 497.625, 2: 501.562, 3: 494.688, 4: 494.375}","{0: 0, 1: 0, 2: 0, 3: 0, 4: 0, 5: 0, 6: 0, 7: 0, 8: 0, 9: 0}","{0: 0, 1: 0, 2: 0, 3: 0, 4: 0, 5: 0, 6: 0, 7: 0, 8: 0, 9: 0}","{0: 0, 1: 0, 2: 0, 3: 0, 4: 0, 5: 0, 6: 0, 7: 0, 8: 0, 9: 0}",0,0
none_mencius,60c1s5r10p,YCSB_B,rw_zipf_0.8,concurrent_16,0,9600,160.2575,303.10720000000003,359.63009,203.3330970833333,960.0,"{0: 22.222, 1: 21.429, 2: 18.367, 3: 21.212, 4: 20.619}","{0: 496.688, 1: 497.0, 2: 499.438, 3: 494.125, 4: 493.875}","{0: 0, 1: 0, 2: 0, 3: 0, 4: 0, 5: 0, 6: 0, 7: 0, 8: 0, 9: 0}","{0: 0, 1: 0, 2: 0, 3: 0, 4: 0, 5: 0, 6: 0, 7: 0, 8: 0, 9: 0}","{0: 0, 1: 0, 2: 0, 3: 0, 4: 0, 5: 0, 6: 0, 7: 0, 8: 0, 9: 0}",0,0
none_mencius,60c1s5r10p,YCSB_B,rw_zipf_0.85,concurrent_16,0,9600,157.2495,303.9477,358.47528000000005,203.0212540625,960.0,"{0: 20.408, 1: 20.619, 2: 17.347, 3: 20.202, 4: 20.408}","{0: 496.562, 1: 497.062, 2: 499.625, 3: 494.125, 4: 494.375}","{0: 0, 1: 0, 2: 0, 3: 0, 4: 0, 5: 0, 6: 0, 7: 0, 8: 0, 9: 0}","{0: 0, 1: 0, 2: 0, 3: 0, 4: 0, 5: 0, 6: 0, 7: 0, 8: 0, 9: 0}","{0: 0, 1: 0, 2: 0, 3: 0, 4: 0, 5: 0, 6: 0, 7: 0, 8: 0, 9: 0}",0,0
none_mencius,60c1s5r10p,YCSB_B,rw_zipf_0.9,concurrent_16,0,9600,158.285,302.3472,358.20707,200.54082,960.0,"{0: 18.367, 1: 19.192, 2: 16.495, 3: 18.182, 4: 18.182}","{0: 497.062, 1: 495.375, 2: 498.188, 3: 493.562, 4: 494.25}","{0: 0, 1: 0, 2: 0, 3: 0, 4: 0, 5: 0, 6: 0, 7: 0, 8: 0, 9: 0}","{0: 0, 1: 0, 2: 0, 3: 0, 4: 0, 5: 0, 6: 0, 7: 0, 8: 0, 9: 0}","{0: 0, 1: 0, 2: 0, 3: 0, 4: 0, 5: 0, 6: 0, 7: 0, 8: 0, 9: 0}",0,0
none_mencius,60c1s5r10p,YCSB_B,rw_zipf_0.95,concurrent_16,0,9600,156.479,301.5591,362.94724,201.74021750000003,960.0,"{0: 17.526, 1: 18.367, 2: 15.306, 3: 19.0, 4: 18.367}","{0: 496.688, 1: 495.0, 2: 498.062, 3: 493.125, 4: 494.0}","{0: 0, 1: 0, 2: 0, 3: 0, 4: 0, 5: 0, 6: 0, 7: 0, 8: 0, 9: 0}","{0: 0, 1: 0, 2: 0, 3: 0, 4: 0, 5: 0, 6: 0, 7: 0, 8: 0, 9: 0}","{0: 0, 1: 0, 2: 0, 3: 0, 4: 0, 5: 0, 6: 0, 7: 0, 8: 0, 9: 0}",0,0
none_mencius,60c1s5r10p,YCSB_B,rw_zipf_1,concurrent_16,0,9600,155.882,301.9561,355.96419000000003,200.94465187500003,960.0,"{0: 18.0, 1: 18.367, 2: 15.306, 3: 17.172, 4: 17.172}","{0: 496.188, 1: 494.875, 2: 498.0, 3: 493.25, 4: 493.312}","{0: 0, 1: 0, 2: 0, 3: 0, 4: 0, 5: 0, 6: 0, 7: 0, 8: 0, 9: 0}","{0: 0, 1: 0, 2: 0, 3: 0, 4: 0, 5: 0, 6: 0, 7: 0, 8: 0, 9: 0}","{0: 0, 1: 0, 2: 0, 3: 0, 4: 0, 5: 0, 6: 0, 7: 0, 8: 0, 9: 0}",0,0
none_mongodb,60c1s5r10p,YCSB_A,rw_1000000,concurrent_1,0,600,181.683,400.7404,468.13509,230.76882045000002,60.0,"{0: 39.796, 1: 2.041, 2: 1.02, 3: 1.02, 4: 1.02}","{0: 657.887, 1: 427.75, 2: 427.875, 3: 427.5, 4: 427.625}","{0: 0, 1: 0, 2: 0, 3: 0, 4: 0, 5: 0, 6: 0, 7: 0, 8: 0, 9: 0}","{0: 0, 1: 0, 2: 0, 3: 0, 4: 0, 5: 0, 6: 0, 7: 0, 8: 0, 9: 0}","{0: 0, 1: 0, 2: 0, 3: 0, 4: 0, 5: 0, 6: 0, 7: 0, 8: 0, 9: 0}",0,0
none_mongodb,60c1s5r10p,YCSB_A,rw_1000000,concurrent_10,0,6000,229.0575,411.4294,485.99959,243.43603147833338,600.0,"{0: 52.525, 1: 6.061, 2: 4.04, 3: 4.082, 4: 3.061}","{0: 773.418, 1: 429.0, 2: 429.0, 3: 428.938, 4: 428.75}","{0: 0, 1: 0, 2: 0, 3: 0, 4: 0, 5: 0, 6: 0, 7: 0, 8: 0, 9: 0}","{0: 0, 1: 0, 2: 0, 3: 0, 4: 0, 5: 0, 6: 0, 7: 0, 8: 0, 9: 0}","{0: 0, 1: 0, 2: 0, 3: 0, 4: 0, 5: 0, 6: 0, 7: 0, 8: 0, 9: 0}",0,0
none_mongodb,60c1s5r10p,YCSB_A,rw_1000000,concurrent_20,0,12000,228.3225,411.96680000000003,481.717,244.8442619275,1200.0,"{0: 57.0, 1: 9.091, 2: 5.155, 3: 6.186, 4: 5.155}","{0: 810.336, 1: 430.062, 2: 430.125, 3: 430.062, 4: 430.0}","{0: 0, 1: 0, 2: 0, 3: 0, 4: 0, 5: 0, 6: 0, 7: 0, 8: 0, 9: 0}","{0: 0, 1: 0, 2: 0, 3: 0, 4: 0, 5: 0, 6: 0, 7: 0, 8: 0, 9: 0}","{0: 0, 1: 0, 2: 0, 3: 0, 4: 0, 5: 0, 6: 0, 7: 0, 8: 0, 9: 0}",0,0
none_mongodb,60c1s5r10p,YCSB_A,rw_1000000,concurrent_30,0,18000,231.4565,416.0174,494.3216999999999,249.81935480833334,1800.0,"{0: 64.0, 1: 11.34, 2: 7.143, 3: 9.0, 4: 7.143}","{0: 845.25, 1: 431.25, 2: 431.562, 3: 431.25, 4: 431.125}","{0: 0, 1: 0, 2: 0, 3: 0, 4: 0, 5: 0, 6: 0, 7: 0, 8: 0, 9: 0}","{0: 0, 1: 0, 2: 0, 3: 0, 4: 0, 5: 0, 6: 0, 7: 0, 8: 0, 9: 0}","{0: 0, 1: 0, 2: 0, 3: 0, 4: 0, 5: 0, 6: 0, 7: 0, 8: 0, 9: 0}",0,0
none_mongodb,60c1s5r10p,YCSB_A,rw_1000000,concurrent_35,0,21000,231.9795,420.3552,491.19914,251.86646804857142,2100.0,"{0: 66.0, 1: 12.5, 2: 8.247, 3: 9.278, 4: 8.247}","{0: 867.707, 1: 431.875, 2: 431.875, 3: 432.0, 4: 431.75}","{0: 0, 1: 0, 2: 0, 3: 0, 4: 0, 5: 0, 6: 0, 7: 0, 8: 0, 9: 0}","{0: 0, 1: 0, 2: 0, 3: 0, 4: 0, 5: 0, 6: 0, 7: 0, 8: 0, 9: 0}","{0: 0, 1: 0, 2: 0, 3: 0, 4: 0, 5: 0, 6: 0, 7: 0, 8: 0, 9: 0}",0,0
none_mongodb,60c1s5r10p,YCSB_A,rw_1000000,concurrent_40,0,24000,232.203,430.43300000000005,498.41434999999996,254.1505057729167,2400.0,"{0: 68.041, 1: 14.141, 2: 9.278, 3: 9.375, 4: 8.333}","{0: 879.023, 1: 432.688, 2: 432.375, 3: 432.25, 4: 432.312}","{0: 0, 1: 0, 2: 0, 3: 0, 4: 0, 5: 0, 6: 0, 7: 0, 8: 0, 9: 0}","{0: 0, 1: 0, 2: 0, 3: 0, 4: 0, 5: 0, 6: 0, 7: 0, 8: 0, 9: 0}","{0: 0, 1: 0, 2: 0, 3: 0, 4: 0, 5: 0, 6: 0, 7: 0, 8: 0, 9: 0}",0,0
none_mongodb,60c1s5r10p,YCSB_A,rw_1000000,concurrent_45,0,27000,236.23000000000002,428.49940000000004,505.7521,255.8352022459259,2700.0,"{0: 73.0, 1: 14.737, 2: 9.375, 3: 12.245, 4: 10.309}","{0: 902.23, 1: 433.125, 2: 433.25, 3: 433.062, 4: 433.062}","{0: 0, 1: 0, 2: 0, 3: 0, 4: 0, 5: 0, 6: 0, 7: 0, 8: 0, 9: 0}","{0: 0, 1: 0, 2: 0, 3: 0, 4: 0, 5: 0, 6: 0, 7: 0, 8: 0, 9: 0}","{0: 0, 1: 0, 2: 0, 3: 0, 4: 0, 5: 0, 6: 0, 7: 0, 8: 0, 9: 0}",0,0
none_mongodb,60c1s5r10p,YCSB_A,rw_1000000,concurrent_50,0,30000,235.35,430.5377000000001,501.50907,257.094144936,3000.0,"{0: 74.0, 1: 15.789, 2: 10.309, 3: 12.371, 4: 10.417}","{0: 928.482, 1: 433.562, 2: 433.562, 3: 433.812, 4: 433.688}","{0: 0, 1: 0, 2: 0, 3: 0, 4: 0, 5: 0, 6: 0, 7: 0, 8: 0, 9: 0}","{0: 0, 1: 0, 2: 0, 3: 0, 4: 0, 5: 0, 6: 0, 7: 0, 8: 0, 9: 0}","{0: 0, 1: 0, 2: 0, 3: 0, 4: 0, 5: 0, 6: 0, 7: 0, 8: 0, 9: 0}",0,0
none_mongodb,60c1s5r10p,YCSB_A,rw_1000000,concurrent_60,0,36000,238.2655,437.3188,517.9450300000001,263.1777632783333,3600.0,"{0: 81.818, 1: 20.619, 2: 14.286, 3: 15.152, 4: 13.402}","{0: 946.961, 1: 435.0, 2: 435.0, 3: 434.812, 4: 434.875}","{0: 0, 1: 0, 2: 0, 3: 0, 4: 0, 5: 0, 6: 0, 7: 0, 8: 0, 9: 0}","{0: 0, 1: 0, 2: 0, 3: 0, 4: 0, 5: 0, 6: 0, 7: 0, 8: 0, 9: 0}","{0: 0, 1: 0, 2: 0, 3: 0, 4: 0, 5: 0, 6: 0, 7: 0, 8: 0, 9: 0}",0,0
none_mongodb,60c1s5r10p,YCSB_A,rw_zipf_1,concurrent_1,0,600,223.1935,410.31239999999997,481.92572,244.3285440666667,60.0,"{0: 38.776, 1: 2.041, 2: 1.02, 3: 1.02, 4: 1.02}","{0: 671.445, 1: 443.0, 2: 443.375, 3: 442.812, 4: 443.5}","{0: 0, 1: 0, 2: 0, 3: 0, 4: 0, 5: 0, 6: 0, 7: 0, 8: 0, 9: 0}","{0: 0, 1: 0, 2: 0, 3: 0, 4: 0, 5: 0, 6: 0, 7: 0, 8: 0, 9: 0}","{0: 0, 1: 0, 2: 0, 3: 0, 4: 0, 5: 0, 6: 0, 7: 0, 8: 0, 9: 0}",0,0
none_mongodb,60c1s5r10p,YCSB_A,rw_zipf_1,concurrent_10,0,6000,224.882,410.49680000000006,475.0981,242.74411690333335,600.0,"{0: 53.608, 1: 5.155, 2: 3.093, 3: 4.082, 4: 3.125}","{0: 788.402, 1: 444.562, 2: 444.5, 3: 444.375, 4: 444.312}","{0: 0, 1: 0, 2: 0, 3: 0, 4: 0, 5: 0, 6: 0, 7: 0, 8: 0, 9: 0}","{0: 0, 1: 0, 2: 0, 3: 0, 4: 0, 5: 0, 6: 0, 7: 0, 8: 0, 9: 0}","{0: 0, 1: 0, 2: 0, 3: 0, 4: 0, 5: 0, 6: 0, 7: 0, 8: 0, 9: 0}",0,0
none_mongodb,60c1s5r10p,YCSB_A,rw_zipf_1,concurrent_20,0,12000,220.737,410.7598000000001,488.08315000000005,243.97454394,1200.0,"{0: 57.143, 1: 9.184, 2: 5.155, 3: 6.122, 4: 6.061}","{0: 825.184, 1: 445.688, 2: 445.625, 3: 445.5, 4: 445.375}","{0: 0, 1: 0, 2: 0, 3: 0, 4: 0, 5: 0, 6: 0, 7: 0, 8: 0, 9: 0}","{0: 0, 1: 0, 2: 0, 3: 0, 4: 0, 5: 0, 6: 0, 7: 0, 8: 0, 9: 0}","{0: 0, 1: 0, 2: 0, 3: 0, 4: 0, 5: 0, 6: 0, 7: 0, 8: 0, 9: 0}",0,0
none_mongodb,60c1s5r10p,YCSB_A,rw_zipf_1,concurrent_30,0,18000,229.4855,422.7131,489.33325999999596,248.69684507000002,1800.0,"{0: 64.356, 1: 13.131, 2: 8.081, 3: 8.163, 4: 7.216}","{0: 877.324, 1: 447.0, 2: 446.625, 3: 446.75, 4: 446.75}","{0: 0, 1: 0, 2: 0, 3: 0, 4: 0, 5: 0, 6: 0, 7: 0, 8: 0, 9: 0}","{0: 0, 1: 0, 2: 0, 3: 0, 4: 0, 5: 0, 6: 0, 7: 0, 8: 0, 9: 0}","{0: 0, 1: 0, 2: 0, 3: 0, 4: 0, 5: 0, 6: 0, 7: 0, 8: 0, 9: 0}",0,0
none_mongodb,60c1s5r10p,YCSB_A,rw_zipf_1,concurrent_35,0,21000,232.531,421.91380000000004,492.81606,250.49251558857145,2100.0,"{0: 68.0, 1: 12.5, 2: 8.163, 3: 10.204, 4: 8.081}","{0: 881.953, 1: 447.438, 2: 447.5, 3: 447.25, 4: 447.25}","{0: 0, 1: 0, 2: 0, 3: 0, 4: 0, 5: 0, 6: 0, 7: 0, 8: 0, 9: 0}","{0: 0, 1: 0, 2: 0, 3: 0, 4: 0, 5: 0, 6: 0, 7: 0, 8: 0, 9: 0}","{0: 0, 1: 0, 2: 0, 3: 0, 4: 0, 5: 0, 6: 0, 7: 0, 8: 0, 9: 0}",0,0
none_mongodb,60c1s5r10p,YCSB_A,rw_zipf_1,concurrent_40,0,24000,233.42000000000002,421.62190000000004,494.35801,251.49092083875001,2400.0,"{0: 68.041, 1: 13.402, 2: 9.091, 3: 11.224, 4: 9.278}","{0: 896.402, 1: 448.0, 2: 448.0, 3: 447.938, 4: 447.938}","{0: 0, 1: 0, 2: 0, 3: 0, 4: 0, 5: 0, 6: 0, 7: 0, 8: 0, 9: 0}","{0: 0, 1: 0, 2: 0, 3: 0, 4: 0, 5: 0, 6: 0, 7: 0, 8: 0, 9: 0}","{0: 0, 1: 0, 2: 0, 3: 0, 4: 0, 5: 0, 6: 0, 7: 0, 8: 0, 9: 0}",0,0
none_mongodb,60c1s5r10p,YCSB_A,rw_zipf_1,concurrent_45,0,27000,245.42899999999997,451.48120000000006,739.60203,272.6354959425926,2700.0,"{0: 71.717, 1: 15.625, 2: 10.0, 3: 11.34, 4: 10.204}","{0: 922.566, 1: 448.75, 2: 448.688, 3: 448.312, 4: 448.438}","{0: 0, 1: 0, 2: 0, 3: 0, 4: 0, 5: 0, 6: 0, 7: 0, 8: 0, 9: 0}","{0: 0, 1: 0, 2: 0, 3: 0, 4: 0, 5: 0, 6: 0, 7: 0, 8: 0, 9: 0}","{0: 0, 1: 0, 2: 0, 3: 0, 4: 0, 5: 0, 6: 0, 7: 0, 8: 0, 9: 0}",0,0
none_mongodb,60c1s5r10p,YCSB_A,rw_zipf_1,concurrent_50,0,30000,241.638,458.5413,540.94102,269.8838440193333,3000.0,"{0: 71.717, 1: 12.5, 2: 10.309, 3: 14.583, 4: 11.224}","{0: 939.168, 1: 449.562, 2: 449.25, 3: 449.0, 4: 448.938}","{0: 0, 1: 0, 2: 0, 3: 0, 4: 0, 5: 0, 6: 0, 7: 0, 8: 0, 9: 0}","{0: 0, 1: 0, 2: 0, 3: 0, 4: 0, 5: 0, 6: 0, 7: 0, 8: 0, 9: 0}","{0: 0, 1: 0, 2: 0, 3: 0, 4: 0, 5: 0, 6: 0, 7: 0, 8: 0, 9: 0}",0,0
none_mongodb,60c1s5r10p,YCSB_A,rw_zipf_1,concurrent_60,0,36000,241.965,437.3697,530.7293200000001,264.0331077286111,3600.0,"{0: 79.381, 1: 16.495, 2: 12.245, 3: 15.625, 4: 12.371}","{0: 963.043, 1: 450.562, 2: 450.75, 3: 450.125, 4: 450.25}","{0: 0, 1: 0, 2: 0, 3: 0, 4: 0, 5: 0, 6: 0, 7: 0, 8: 0, 9: 0}","{0: 0, 1: 0, 2: 0, 3: 0, 4: 0, 5: 0, 6: 0, 7: 0, 8: 0, 9: 0}","{0: 0, 1: 0, 2: 0, 3: 0, 4: 0, 5: 0, 6: 0, 7: 0, 8: 0, 9: 0}",0,0
none_mongodb,60c1s5r10p,YCSB_A,rw_zipf_0.5,concurrent_50,0,30000,245.26850000000002,459.5981,525.6626699999999,274.3707640296667,3000.0,"{0: 73.0, 1: 16.0, 2: 10.309, 3: 14.433, 4: 9.474}","{0: 939.234, 1: 449.125, 2: 449.062, 3: 449.0, 4: 448.875}","{0: 0, 1: 0, 2: 0, 3: 0, 4: 0, 5: 0, 6: 0, 7: 0, 8: 0, 9: 0}","{0: 0, 1: 0, 2: 0, 3: 0, 4: 0, 5: 0, 6: 0, 7: 0, 8: 0, 9: 0}","{0: 0, 1: 0, 2: 0, 3: 0, 4: 0, 5: 0, 6: 0, 7: 0, 8: 0, 9: 0}",0,0
none_mongodb,60c1s5r10p,YCSB_A,rw_zipf_0.55,concurrent_50,0,30000,239.673,460.52400000000006,557.6402499999999,270.37491060366665,3000.0,"{0: 73.0, 1: 13.402, 2: 11.224, 3: 14.433, 4: 10.309}","{0: 936.025, 1: 449.25, 2: 449.312, 3: 449.0, 4: 448.938}","{0: 0, 1: 0, 2: 0, 3: 0, 4: 0, 5: 0, 6: 0, 7: 0, 8: 0, 9: 0}","{0: 0, 1: 0, 2: 0, 3: 0, 4: 0, 5: 0, 6: 0, 7: 0, 8: 0, 9: 0}","{0: 0, 1: 0, 2: 0, 3: 0, 4: 0, 5: 0, 6: 0, 7: 0, 8: 0, 9: 0}",0,0
none_mongodb,60c1s5r10p,YCSB_A,rw_zipf_0.6,concurrent_50,0,30000,242.118,460.2121,545.39409,268.2157933336666,3000.0,"{0: 74.227, 1: 12.5, 2: 10.204, 3: 14.433, 4: 10.204}","{0: 933.051, 1: 449.125, 2: 449.125, 3: 449.125, 4: 448.938}","{0: 0, 1: 0, 2: 0, 3: 0, 4: 0, 5: 0, 6: 0, 7: 0, 8: 0, 9: 0}","{0: 0, 1: 0, 2: 0, 3: 0, 4: 0, 5: 0, 6: 0, 7: 0, 8: 0, 9: 0}","{0: 0, 1: 0, 2: 0, 3: 0, 4: 0, 5: 0, 6: 0, 7: 0, 8: 0, 9: 0}",0,0
none_mongodb,60c1s5r10p,YCSB_A,rw_zipf_0.65,concurrent_50,0,30000,244.08100000000002,460.8892,541.8291399999999,269.5285777586667,3000.0,"{0: 72.727, 1: 13.265, 2: 10.417, 3: 15.306, 4: 10.309}","{0: 937.965, 1: 448.938, 2: 449.125, 3: 449.062, 4: 449.0}","{0: 0, 1: 0, 2: 0, 3: 0, 4: 0, 5: 0, 6: 0, 7: 0, 8: 0, 9: 0}","{0: 0, 1: 0, 2: 0, 3: 0, 4: 0, 5: 0, 6: 0, 7: 0, 8: 0, 9: 0}","{0: 0, 1: 0, 2: 0, 3: 0, 4: 0, 5: 0, 6: 0, 7: 0, 8: 0, 9: 0}",0,0
none_mongodb,60c1s5r10p,YCSB_A,rw_zipf_0.7,concurrent_50,0,30000,241.74650000000003,462.6681,530.82904,272.08615524566665,3000.0,"{0: 72.449, 1: 13.402, 2: 10.204, 3: 15.306, 4: 10.309}","{0: 935.643, 1: 449.125, 2: 449.188, 3: 449.0, 4: 448.938}","{0: 0, 1: 0, 2: 0, 3: 0, 4: 0, 5: 0, 6: 0, 7: 0, 8: 0, 9: 0}","{0: 0, 1: 0, 2: 0, 3: 0, 4: 0, 5: 0, 6: 0, 7: 0, 8: 0, 9: 0}","{0: 0, 1: 0, 2: 0, 3: 0, 4: 0, 5: 0, 6: 0, 7: 0, 8: 0, 9: 0}",0,0
none_mongodb,60c1s5r10p,YCSB_A,rw_zipf_0.75,concurrent_50,0,30000,242.5285,463.5781,528.17621,272.69118363833337,3000.0,"{0: 71.569, 1: 12.5, 2: 10.309, 3: 13.542, 4: 11.224}","{0: 937.912, 1: 449.188, 2: 449.562, 3: 449.125, 4: 449.125}","{0: 0, 1: 0, 2: 0, 3: 0, 4: 0, 5: 0, 6: 0, 7: 0, 8: 0, 9: 0}","{0: 0, 1: 0, 2: 0, 3: 0, 4: 0, 5: 0, 6: 0, 7: 0, 8: 0, 9: 0}","{0: 0, 1: 0, 2: 0, 3: 0, 4: 0, 5: 0, 6: 0, 7: 0, 8: 0, 9: 0}",0,0
none_mongodb,60c1s5r10p,YCSB_A,rw_zipf_0.8,concurrent_50,0,30000,242.50349999999997,456.7711,529.82702,267.8704019506667,3000.0,"{0: 74.257, 1: 12.371, 2: 10.309, 3: 14.583, 4: 11.224}","{0: 941.758, 1: 449.438, 2: 449.125, 3: 449.188, 4: 449.25}","{0: 0, 1: 0, 2: 0, 3: 0, 4: 0, 5: 0, 6: 0, 7: 0, 8: 0, 9: 0}","{0: 0, 1: 0, 2: 0, 3: 0, 4: 0, 5: 0, 6: 0, 7: 0, 8: 0, 9: 0}","{0: 0, 1: 0, 2: 0, 3: 0, 4: 0, 5: 0, 6: 0, 7: 0, 8: 0, 9: 0}",0,0
none_mongodb,60c1s5r10p,YCSB_A,rw_zipf_0.85,concurrent_50,0,30000,237.41649999999998,454.8481,531.95209,265.966807835,3000.0,"{0: 73.737, 1: 12.5, 2: 10.309, 3: 15.306, 4: 10.309}","{0: 933.949, 1: 449.438, 2: 449.25, 3: 448.938, 4: 449.125}","{0: 0, 1: 0, 2: 0, 3: 0, 4: 0, 5: 0, 6: 0, 7: 0, 8: 0, 9: 0}","{0: 0, 1: 0, 2: 0, 3: 0, 4: 0, 5: 0, 6: 0, 7: 0, 8: 0, 9: 0}","{0: 0, 1: 0, 2: 0, 3: 0, 4: 0, 5: 0, 6: 0, 7: 0, 8: 0, 9: 0}",0,0
none_mongodb,60c1s5r10p,YCSB_A,rw_zipf_0.9,concurrent_50,0,30000,241.003,458.2283,548.53423,270.50960604066665,3000.0,"{0: 72.277, 1: 13.265, 2: 10.204, 3: 14.286, 4: 10.309}","{0: 963.482, 1: 449.625, 2: 449.5, 3: 449.062, 4: 448.875}","{0: 0, 1: 0, 2: 0, 3: 0, 4: 0, 5: 0, 6: 0, 7: 0, 8: 0, 9: 0}","{0: 0, 1: 0, 2: 0, 3: 0, 4: 0, 5: 0, 6: 0, 7: 0, 8: 0, 9: 0}","{0: 0, 1: 0, 2: 0, 3: 0, 4: 0, 5: 0, 6: 0, 7: 0, 8: 0, 9: 0}",0,0
none_mongodb,60c1s5r10p,YCSB_A,rw_zipf_0.95,concurrent_50,0,30000,242.155,456.45730000000003,537.79903,269.0947497073334,3000.0,"{0: 72.727, 1: 13.265, 2: 10.309, 3: 14.433, 4: 11.224}","{0: 937.676, 1: 449.062, 2: 449.188, 3: 449.25, 4: 449.125}","{0: 0, 1: 0, 2: 0, 3: 0, 4: 0, 5: 0, 6: 0, 7: 0, 8: 0, 9: 0}","{0: 0, 1: 0, 2: 0, 3: 0, 4: 0, 5: 0, 6: 0, 7: 0, 8: 0, 9: 0}","{0: 0, 1: 0, 2: 0, 3: 0, 4: 0, 5: 0, 6: 0, 7: 0, 8: 0, 9: 0}",0,0
none_mongodb,60c1s5r10p,YCSB_A,rw_zipf_1,concurrent_50,0,30000,241.638,458.5413,540.94102,269.8838440193333,3000.0,"{0: 71.717, 1: 12.5, 2: 10.309, 3: 14.583, 4: 11.224}","{0: 939.168, 1: 449.562, 2: 449.25, 3: 449.0, 4: 448.938}","{0: 0, 1: 0, 2: 0, 3: 0, 4: 0, 5: 0, 6: 0, 7: 0, 8: 0, 9: 0}","{0: 0, 1: 0, 2: 0, 3: 0, 4: 0, 5: 0, 6: 0, 7: 0, 8: 0, 9: 0}","{0: 0, 1: 0, 2: 0, 3: 0, 4: 0, 5: 0, 6: 0, 7: 0, 8: 0, 9: 0}",0,0
none_mongodb,60c1s5r10p,YCSB_B,rw_zipf_0.5,concurrent_50,0,30000,161.628,244.7251,443.735179999999,156.52570358399998,3000.0,"{0: 69.0, 1: 4.04, 2: 3.061, 3: 4.04, 4: 3.061}","{0: 934.533, 1: 449.25, 2: 449.188, 3: 449.125, 4: 448.938}","{0: 0, 1: 0, 2: 0, 3: 0, 4: 0, 5: 0, 6: 0, 7: 0, 8: 0, 9: 0}","{0: 0, 1: 0, 2: 0, 3: 0, 4: 0, 5: 0, 6: 0, 7: 0, 8: 0, 9: 0}","{0: 0, 1: 0, 2: 0, 3: 0, 4: 0, 5: 0, 6: 0, 7: 0, 8: 0, 9: 0}",0,0
none_mongodb,60c1s5r10p,YCSB_B,rw_zipf_0.55,concurrent_50,0,30000,160.318,236.99640000000002,443.60206,152.93552067733333,3000.0,"{0: 70.297, 1: 4.082, 2: 3.03, 3: 4.124, 4: 3.03}","{0: 933.125, 1: 449.188, 2: 449.062, 3: 449.0, 4: 449.0}","{0: 0, 1: 0, 2: 0, 3: 0, 4: 0, 5: 0, 6: 0, 7: 0, 8: 0, 9: 0}","{0: 0, 1: 0, 2: 0, 3: 0, 4: 0, 5: 0, 6: 0, 7: 0, 8: 0, 9: 0}","{0: 0, 1: 0, 2: 0, 3: 0, 4: 0, 5: 0, 6: 0, 7: 0, 8: 0, 9: 0}",0,0
none_mongodb,60c1s5r10p,YCSB_B,rw_zipf_0.6,concurrent_50,0,30000,159.8,240.8313,438.78637999999995,153.52084567033333,3000.0,"{0: 69.0, 1: 4.124, 2: 2.083, 3: 4.082, 4: 3.061}","{0: 932.766, 1: 448.938, 2: 449.188, 3: 449.125, 4: 448.812}","{0: 0, 1: 0, 2: 0, 3: 0, 4: 0, 5: 0, 6: 0, 7: 0, 8: 0, 9: 0}","{0: 0, 1: 0, 2: 0, 3: 0, 4: 0, 5: 0, 6: 0, 7: 0, 8: 0, 9: 0}","{0: 0, 1: 0, 2: 0, 3: 0, 4: 0, 5: 0, 6: 0, 7: 0, 8: 0, 9: 0}",0,0
none_mongodb,60c1s5r10p,YCSB_B,rw_zipf_0.65,concurrent_50,0,30000,160.94850000000002,252.3762,438.6813699999999,156.44789854633333,3000.0,"{0: 68.367, 1: 4.124, 2: 3.093, 3: 4.082, 4: 3.061}","{0: 932.852, 1: 449.188, 2: 449.125, 3: 448.938, 4: 449.188}","{0: 0, 1: 0, 2: 0, 3: 0, 4: 0, 5: 0, 6: 0, 7: 0, 8: 0, 9: 0}","{0: 0, 1: 0, 2: 0, 3: 0, 4: 0, 5: 0, 6: 0, 7: 0, 8: 0, 9: 0}","{0: 0, 1: 0, 2: 0, 3: 0, 4: 0, 5: 0, 6: 0, 7: 0, 8: 0, 9: 0}",0,0
none_mongodb,60c1s5r10p,YCSB_B,rw_zipf_0.7,concurrent_50,0,30000,163.9715,242.97310000000002,445.20432999999997,156.696737512,3000.0,"{0: 68.687, 1: 4.082, 2: 3.03, 3: 5.0, 4: 3.093}","{0: 933.668, 1: 449.25, 2: 449.25, 3: 448.938, 4: 449.0}","{0: 0, 1: 0, 2: 0, 3: 0, 4: 0, 5: 0, 6: 0, 7: 0, 8: 0, 9: 0}","{0: 0, 1: 0, 2: 0, 3: 0, 4: 0, 5: 0, 6: 0, 7: 0, 8: 0, 9: 0}","{0: 0, 1: 0, 2: 0, 3: 0, 4: 0, 5: 0, 6: 0, 7: 0, 8: 0, 9: 0}",0,0
none_mongodb,60c1s5r10p,YCSB_B,rw_zipf_0.75,concurrent_50,0,30000,161.528,250.8074,438.50870999999876,156.86432400433335,3000.0,"{0: 69.0, 1: 4.082, 2: 3.061, 3: 4.082, 4: 3.061}","{0: 932.41, 1: 449.312, 2: 449.25, 3: 448.812, 4: 449.125}","{0: 0, 1: 0, 2: 0, 3: 0, 4: 0, 5: 0, 6: 0, 7: 0, 8: 0, 9: 0}","{0: 0, 1: 0, 2: 0, 3: 0, 4: 0, 5: 0, 6: 0, 7: 0, 8: 0, 9: 0}","{0: 0, 1: 0, 2: 0, 3: 0, 4: 0, 5: 0, 6: 0, 7: 0, 8: 0, 9: 0}",0,0
none_mongodb,60c1s5r10p,YCSB_B,rw_zipf_0.8,concurrent_50,0,30000,161.462,243.263,438.36906,157.038032688,3000.0,"{0: 68.687, 1: 5.0, 2: 3.061, 3: 4.082, 4: 3.061}","{0: 932.488, 1: 449.25, 2: 449.188, 3: 448.875, 4: 449.188}","{0: 0, 1: 0, 2: 0, 3: 0, 4: 0, 5: 0, 6: 0, 7: 0, 8: 0, 9: 0}","{0: 0, 1: 0, 2: 0, 3: 0, 4: 0, 5: 0, 6: 0, 7: 0, 8: 0, 9: 0}","{0: 0, 1: 0, 2: 0, 3: 0, 4: 0, 5: 0, 6: 0, 7: 0, 8: 0, 9: 0}",0,0
none_mongodb,60c1s5r10p,YCSB_B,rw_zipf_0.85,concurrent_50,0,30000,159.5865,242.60250000000002,443.0465799999999,154.9342753343333,3000.0,"{0: 70.0, 1: 4.082, 2: 3.061, 3: 4.082, 4: 3.061}","{0: 936.484, 1: 448.875, 2: 449.062, 3: 448.875, 4: 448.938}","{0: 0, 1: 0, 2: 0, 3: 0, 4: 0, 5: 0, 6: 0, 7: 0, 8: 0, 9: 0}","{0: 0, 1: 0, 2: 0, 3: 0, 4: 0, 5: 0, 6: 0, 7: 0, 8: 0, 9: 0}","{0: 0, 1: 0, 2: 0, 3: 0, 4: 0, 5: 0, 6: 0, 7: 0, 8: 0, 9: 0}",0,0
none_mongodb,60c1s5r10p,YCSB_B,rw_zipf_0.9,concurrent_50,0,30000,161.461,236.0121,439.9068399999999,154.89911550666665,3000.0,"{0: 69.697, 1: 5.051, 2: 3.03, 3: 5.051, 4: 3.061}","{0: 933.455, 1: 448.875, 2: 449.375, 3: 448.875, 4: 449.0}","{0: 0, 1: 0, 2: 0, 3: 0, 4: 0, 5: 0, 6: 0, 7: 0, 8: 0, 9: 0}","{0: 0, 1: 0, 2: 0, 3: 0, 4: 0, 5: 0, 6: 0, 7: 0, 8: 0, 9: 0}","{0: 0, 1: 0, 2: 0, 3: 0, 4: 0, 5: 0, 6: 0, 7: 0, 8: 0, 9: 0}",0,0
none_mongodb,60c1s5r10p,YCSB_B,rw_zipf_0.95,concurrent_50,0,30000,161.5985,237.08010000000002,441.73319,155.09947654433336,3000.0,"{0: 69.0, 1: 4.082, 2: 3.061, 3: 4.124, 4: 2.062}","{0: 932.631, 1: 448.938, 2: 449.125, 3: 448.938, 4: 449.062}","{0: 0, 1: 0, 2: 0, 3: 0, 4: 0, 5: 0, 6: 0, 7: 0, 8: 0, 9: 0}","{0: 0, 1: 0, 2: 0, 3: 0, 4: 0, 5: 0, 6: 0, 7: 0, 8: 0, 9: 0}","{0: 0, 1: 0, 2: 0, 3: 0, 4: 0, 5: 0, 6: 0, 7: 0, 8: 0, 9: 0}",0,0
none_mongodb,60c1s5r10p,YCSB_B,rw_zipf_1,concurrent_50,0,30000,161.643,242.7611,438.5485399999999,154.65663705233334,3000.0,"{0: 68.687, 1: 3.093, 2: 3.061, 3: 4.082, 4: 3.061}","{0: 933.199, 1: 449.125, 2: 449.062, 3: 449.062, 4: 448.875}","{0: 0, 1: 0, 2: 0, 3: 0, 4: 0, 5: 0, 6: 0, 7: 0, 8: 0, 9: 0}","{0: 0, 1: 0, 2: 0, 3: 0, 4: 0, 5: 0, 6: 0, 7: 0, 8: 0, 9: 0}","{0: 0, 1: 0, 2: 0, 3: 0, 4: 0, 5: 0, 6: 0, 7: 0, 8: 0, 9: 0}",0,0
rule_fpga_raft,60c1s5r10p,YCSB_A,rw_1000000,concurrent_1,0,600,299.0535,330.02130000000125,385.44005,281.6126483333333,60.0,"{0: 5.952, 1: 2.439, 2: 15.789, 3: 13.043, 4: 2.439}","{0: 432.562, 1: 430.938, 2: 431.062, 3: 431.25, 4: 430.938}","{0: 0, 1: 0, 2: 0, 3: 0, 4: 0, 5: 0, 6: 0, 7: 0, 8: 0, 9: 0}","{0: 0, 1: 0, 2: 0, 3: 0, 4: 0, 5: 0, 6: 0, 7: 0, 8: 0, 9: 0}","{0: 0, 1: 0, 2: 0, 3: 0, 4: 0, 5: 0, 6: 0, 7: 0, 8: 0, 9: 0}",0,0
rule_fpga_raft,60c1s5r10p,YCSB_A,rw_1000000,concurrent_10,0,6000,302.1055,332.43470000001963,400.30343,285.0647778333333,600.0,"{0: 8.537, 1: 3.659, 2: 5.952, 3: 2.469, 4: 2.469}","{0: 453.375, 1: 446.875, 2: 446.812, 3: 446.562, 4: 446.75}","{0: 0, 1: 0, 2: 0, 3: 0, 4: 0, 5: 0, 6: 0, 7: 0, 8: 0, 9: 0}","{0: 0, 1: 0, 2: 0, 3: 0, 4: 0, 5: 0, 6: 0, 7: 0, 8: 0, 9: 0}","{0: 0, 1: 0, 2: 0, 3: 0, 4: 0, 5: 0, 6: 0, 7: 0, 8: 0, 9: 0}",0,0
rule_fpga_raft,60c1s5r10p,YCSB_A,rw_1000000,concurrent_20,0,12000,303.01800000000003,332.39910000002,392.86205,285.83103158333336,1200.0,"{0: 13.253, 1: 4.878, 2: 4.878, 3: 8.235, 4: 3.704}","{0: 462.438, 1: 450.125, 2: 450.5, 3: 450.062, 4: 449.938}","{0: 0, 1: 0, 2: 0, 3: 0, 4: 0, 5: 0, 6: 0, 7: 0, 8: 0, 9: 0}","{0: 0, 1: 0, 2: 0, 3: 0, 4: 0, 5: 0, 6: 0, 7: 0, 8: 0, 9: 0}","{0: 0, 1: 0, 2: 0, 3: 0, 4: 0, 5: 0, 6: 0, 7: 0, 8: 0, 9: 0}",0,0
rule_fpga_raft,60c1s5r10p,YCSB_A,rw_1000000,concurrent_30,0,18000,300.409,330.88480000001925,390.511,283.4488025,1800.0,"{0: 17.857, 1: 8.434, 2: 20.619, 3: 11.364, 4: 7.229}","{0: 471.0, 1: 453.625, 2: 453.625, 3: 453.25, 4: 453.5}","{0: 0, 1: 0, 2: 0, 3: 0, 4: 0, 5: 0, 6: 0, 7: 0, 8: 0, 9: 0}","{0: 0, 1: 0, 2: 0, 3: 0, 4: 0, 5: 0, 6: 0, 7: 0, 8: 0, 9: 0}","{0: 0, 1: 0, 2: 0, 3: 0, 4: 0, 5: 0, 6: 0, 7: 0, 8: 0, 9: 0}",0,0
rule_fpga_raft,60c1s5r10p,YCSB_A,rw_1000000,concurrent_40,0,24000,300.554,334.6545000001077,389.915,284.03101425,2400.0,"{0: 20.238, 1: 7.407, 2: 17.895, 3: 9.524, 4: 7.229}","{0: 480.5, 1: 457.062, 2: 457.562, 3: 456.938, 4: 457.0}","{0: 0, 1: 0, 2: 0, 3: 0, 4: 0, 5: 0, 6: 0, 7: 0, 8: 0, 9: 0}","{0: 0, 1: 0, 2: 0, 3: 0, 4: 0, 5: 0, 6: 0, 7: 0, 8: 0, 9: 0}","{0: 0, 1: 0, 2: 0, 3: 0, 4: 0, 5: 0, 6: 0, 7: 0, 8: 0, 9: 0}",0,0
rule_fpga_raft,60c1s5r10p,YCSB_A,rw_1000000,concurrent_50,0,30000,301.1055,342.4257000000821,397.434,283.30746389999996,3000.0,"{0: 24.419, 1: 8.537, 2: 10.345, 3: 8.333, 4: 8.333}","{0: 487.312, 1: 460.062, 2: 460.438, 3: 459.188, 4: 459.438}","{0: 0, 1: 0, 2: 0, 3: 0, 4: 0, 5: 0, 6: 0, 7: 0, 8: 0, 9: 0}","{0: 0, 1: 0, 2: 0, 3: 0, 4: 0, 5: 0, 6: 0, 7: 0, 8: 0, 9: 0}","{0: 0, 1: 0, 2: 0, 3: 0, 4: 0, 5: 0, 6: 0, 7: 0, 8: 0, 9: 0}",0,0
rule_fpga_raft,60c1s5r10p,YCSB_A,rw_1000000,concurrent_60,0,36000,305.8625,381.6475,404.88508,290.05587966666667,3600.0,"{0: 27.059, 1: 11.765, 2: 8.434, 3: 8.434, 4: 14.607}","{0: 496.938, 1: 463.125, 2: 464.312, 3: 462.375, 4: 462.938}","{0: 0, 1: 0, 2: 0, 3: 0, 4: 0, 5: 0, 6: 0, 7: 0, 8: 0, 9: 0}","{0: 0, 1: 0, 2: 0, 3: 0, 4: 0, 5: 0, 6: 0, 7: 0, 8: 0, 9: 0}","{0: 0, 1: 0, 2: 0, 3: 0, 4: 0, 5: 0, 6: 0, 7: 0, 8: 0, 9: 0}",0,0
rule_fpga_raft,60c1s5r10p,YCSB_A,rw_1000000,concurrent_70,0,42000,315.512,386.8451,419.18802999999997,301.65050661904763,4200.0,"{0: 32.184, 1: 10.843, 2: 8.537, 3: 8.537, 4: 8.434}","{0: 508.812, 1: 466.5, 2: 467.188, 3: 465.438, 4: 466.188}","{0: 0, 1: 0, 2: 0, 3: 0, 4: 0, 5: 0, 6: 0, 7: 0, 8: 0, 9: 0}","{0: 0, 1: 0, 2: 0, 3: 0, 4: 0, 5: 0, 6: 0, 7: 0, 8: 0, 9: 0}","{0: 0, 1: 0, 2: 0, 3: 0, 4: 0, 5: 0, 6: 0, 7: 0, 8: 0, 9: 0}",0,0
rule_fpga_raft,60c1s5r10p,YCSB_A,rw_1000000,concurrent_80,0,48000,353.925,417.9314,498.53204,339.71044716666665,4800.0,"{0: 32.184, 1: 13.095, 2: 9.639, 3: 8.537, 4: 9.756}","{0: 522.812, 1: 471.188, 2: 472.312, 3: 469.812, 4: 471.0}","{0: 0, 1: 0, 2: 0, 3: 0, 4: 0, 5: 0, 6: 0, 7: 0, 8: 0, 9: 0}","{0: 0, 1: 0, 2: 0, 3: 0, 4: 0, 5: 0, 6: 0, 7: 0, 8: 0, 9: 0}","{0: 0, 1: 0, 2: 0, 3: 0, 4: 0, 5: 0, 6: 0, 7: 0, 8: 0, 9: 0}",0,0
rule_fpga_raft,60c1s5r10p,YCSB_A,rw_1000000,concurrent_100,0,60000,402.0475,522.1264,655.04901,402.7088447833334,6000.0,"{0: 40.23, 1: 14.458, 2: 10.714, 3: 14.943, 4: 33.929}","{0: 581.625, 1: 478.312, 2: 475.973, 3: 476.875, 4: 476.688}","{0: 0, 1: 0, 2: 0, 3: 0, 4: 0, 5: 0, 6: 0, 7: 0, 8: 0, 9: 0}","{0: 0, 1: 0, 2: 0, 3: 0, 4: 0, 5: 0, 6: 0, 7: 0, 8: 0, 9: 0}","{0: 0, 1: 0, 2: 0, 3: 0, 4: 0, 5: 0, 6: 0, 7: 0, 8: 0, 9: 0}",0,0
rule_fpga_raft,60c1s5r10p,YCSB_A,rw_1000000,concurrent_120,0,72000,464.5005,614.2166,744.22605,465.43331233333333,7200.0,"{0: 48.889, 1: 14.634, 2: 9.639, 3: 17.978, 4: 17.045}","{0: 658.688, 1: 483.75, 2: 478.938, 3: 481.996, 4: 481.688}","{0: 0, 1: 0, 2: 0, 3: 0, 4: 0, 5: 0, 6: 0, 7: 0, 8: 0, 9: 0}","{0: 0, 1: 0, 2: 0, 3: 0, 4: 0, 5: 0, 6: 0, 7: 0, 8: 0, 9: 0}","{0: 0, 1: 0, 2: 0, 3: 0, 4: 0, 5: 0, 6: 0, 7: 0, 8: 0, 9: 0}",0,0
rule_fpga_raft,60c1s5r10p,YCSB_A,rw_1000000,concurrent_150,0,73432,2594.2349999999997,3796.17,4014.1038000000003,2481.8100668645825,7343.2,"{0: 61.538, 1: 18.824, 2: 8.537, 3: 15.294, 4: 23.158}","{0: 1040.25, 1: 529.625, 2: 514.125, 3: 522.062, 4: 520.312}","{0: 0, 1: 0, 2: 0, 3: 0, 4: 0, 5: 0, 6: 0, 7: 0, 8: 0, 9: 0}","{0: 0, 1: 0, 2: 0, 3: 0, 4: 0, 5: 0, 6: 0, 7: 0, 8: 0, 9: 0}","{0: 0, 1: 0, 2: 0, 3: 0, 4: 0, 5: 0, 6: 0, 7: 0, 8: 0, 9: 0}",0,0
rule_fpga_raft,60c1s5r10p,YCSB_A,rw_1000000,concurrent_1,101,600,153.70999999999998,196.1993000000008,243.00903,163.62776666666667,60.0,"{0: 4.878, 1: 4.706, 2: 4.762, 3: 3.614, 4: 4.762}","{0: 433.0, 1: 432.312, 2: 432.562, 3: 432.062, 4: 432.062}","{0: 25, 1: 60, 2: 60, 3: 60, 4: 60, 5: 60, 6: 60, 7: 60, 8: 60, 9: 60}","{0: 25, 1: 60, 2: 60, 3: 60, 4: 60, 5: 60, 6: 60, 7: 60, 8: 60, 9: 60}","{0: 0, 1: 60, 2: 60, 3: 60, 4: 60, 5: 60, 6: 60, 7: 60, 8: 60, 9: 60}",100.0,95.57522123893806
rule_fpga_raft,60c1s5r10p,YCSB_A,rw_1000000,concurrent_10,101,6000,153.5205,227.4615,238.627,163.7345505,600.0,"{0: 7.407, 1: 4.762, 2: 5.882, 3: 7.059, 4: 3.659}","{0: 454.25, 1: 451.125, 2: 451.875, 3: 451.062, 4: 451.375}","{0: 36, 1: 600, 2: 600, 3: 600, 4: 600, 5: 600, 6: 600, 7: 600, 8: 600, 9: 600}","{0: 36, 1: 600, 2: 600, 3: 599, 4: 600, 5: 600, 6: 600, 7: 600, 8: 600, 9: 600}","{0: 0, 1: 600, 2: 600, 3: 599, 4: 600, 5: 600, 6: 600, 7: 600, 8: 600, 9: 600}",99.98160412067696,99.31935246504783
rule_fpga_raft,60c1s5r10p,YCSB_A,rw_1000000,concurrent_20,101,12000,154.566,228.2708,241.754,164.50236066666668,1200.0,"{0: 15.294, 1: 6.024, 2: 12.5, 3: 6.024, 4: 7.143}","{0: 463.125, 1: 458.375, 2: 459.125, 3: 457.75, 4: 458.25}","{0: 67, 1: 1200, 2: 1200, 3: 1200, 4: 1200, 5: 1200, 6: 1200, 7: 1200, 8: 1200, 9: 1200}","{0: 67, 1: 1199, 2: 1200, 3: 1200, 4: 1199, 5: 1199, 6: 1198, 7: 1200, 8: 1198, 9: 1199}","{0: 0, 1: 1199, 2: 1200, 3: 1200, 4: 1199, 5: 1199, 6: 1198, 7: 1200, 8: 1198, 9: 1199}",99.92638262629981,99.30983712156069
rule_fpga_raft,60c1s5r10p,YCSB_A,rw_1000000,concurrent_30,101,18000,152.942,226.6509,237.69003,164.47815666666668,1800.0,"{0: 19.048, 1: 7.229, 2: 8.333, 3: 7.229, 4: 16.304}","{0: 472.938, 1: 465.312, 2: 466.5, 3: 464.688, 4: 465.125}","{0: 92, 1: 1800, 2: 1800, 3: 1800, 4: 1800, 5: 1800, 6: 1800, 7: 1800, 8: 1800, 9: 1800}","{0: 92, 1: 1800, 2: 1799, 3: 1799, 4: 1799, 5: 1799, 6: 1800, 7: 1799, 8: 1800, 9: 1799}","{0: 0, 1: 1800, 2: 1799, 3: 1799, 4: 1799, 5: 1799, 6: 1800, 7: 1799, 8: 1800, 9: 1799}",99.96317210901056,99.39847778050577
rule_fpga_raft,60c1s5r10p,YCSB_A,rw_1000000,concurrent_40,101,24000,152.943,227.22710000000004,239.13302000000002,164.74611033333335,2400.0,"{0: 23.529, 1: 9.524, 2: 19.792, 3: 10.588, 4: 8.537}","{0: 480.938, 1: 472.0, 2: 473.188, 3: 471.438, 4: 472.0}","{0: 98, 1: 2400, 2: 2400, 3: 2400, 4: 2400, 5: 2400, 6: 2400, 7: 2400, 8: 2400, 9: 2400}","{0: 98, 1: 2399, 2: 2399, 3: 2397, 4: 2399, 5: 2398, 6: 2400, 7: 2398, 8: 2400, 9: 2399}","{0: 0, 1: 2399, 2: 2397, 3: 2397, 4: 2397, 5: 2398, 6: 2400, 7: 2396, 8: 2400, 9: 2399}",99.94930408332566,99.46999723476819
rule_fpga_raft,60c1s5r10p,YCSB_A,rw_1000000,concurrent_50,101,30000,153.97449999999998,230.2971,345.84211999999997,172.08975103333336,3000.0,"{0: 27.907, 1: 11.765, 2: 9.524, 3: 13.793, 4: 9.639}","{0: 491.375, 1: 478.438, 2: 480.375, 3: 477.438, 4: 478.5}","{0: 149, 1: 3000, 2: 3000, 3: 3000, 4: 3000, 5: 3000, 6: 3000, 7: 3000, 8: 3000, 9: 3000}","{0: 148, 1: 2996, 2: 2994, 3: 2997, 4: 3000, 5: 2998, 6: 2999, 7: 2997, 8: 2999, 9: 2998}","{0: 0, 1: 2996, 2: 2980, 3: 2989, 4: 2986, 5: 2998, 6: 2992, 7: 2983, 8: 2999, 9: 2998}",99.91528233084091,99.16019006224907
rule_fpga_raft,60c1s5r10p,YCSB_A,rw_1000000,concurrent_60,101,36000,161.78,297.142,453.20608000000004,189.69092174999997,3600.0,"{0: 31.034, 1: 12.941, 2: 9.639, 3: 19.565, 4: 19.355}","{0: 499.562, 1: 483.438, 2: 485.5, 3: 483.5, 4: 483.75}","{0: 183, 1: 3600, 2: 3600, 3: 3600, 4: 3600, 5: 3600, 6: 3600, 7: 3600, 8: 3600, 9: 3600}","{0: 183, 1: 3594, 2: 3597, 3: 3597, 4: 3596, 5: 3596, 6: 3597, 7: 3595, 8: 3596, 9: 3598}","{0: 6, 1: 3594, 2: 3581, 3: 3596, 4: 3577, 5: 3596, 6: 3593, 7: 3580, 8: 3596, 9: 3598}",99.89565110640518,99.18362336187583
rule_fpga_raft,60c1s5r10p,YCSB_A,rw_1000000,concurrent_70,101,42000,169.325,306.43629999999996,456.77712,201.25540126190475,4200.0,"{0: 32.184, 1: 13.253, 2: 19.565, 3: 16.854, 4: 27.451}","{0: 512.5, 1: 491.562, 2: 495.188, 3: 491.188, 4: 491.5}","{0: 534, 1: 4200, 2: 4200, 3: 4200, 4: 4200, 5: 4200, 6: 4200, 7: 4200, 8: 4200, 9: 4200}","{0: 534, 1: 4194, 2: 4194, 3: 4189, 4: 4193, 5: 4194, 6: 4194, 7: 4197, 8: 4194, 9: 4193}","{0: 138, 1: 4175, 2: 4176, 3: 4189, 4: 4180, 5: 4194, 6: 4191, 7: 4184, 8: 4194, 9: 4193}",99.84869828350811,98.6435018521417
rule_fpga_raft,60c1s5r10p,YCSB_A,rw_1000000,concurrent_80,101,48000,173.2295,314.35699999999997,456.26404,212.35431054166665,4800.0,"{0: 37.5, 1: 14.458, 2: 22.105, 3: 20.652, 4: 21.505}","{0: 528.0, 1: 500.0, 2: 501.938, 3: 497.562, 4: 499.812}","{0: 4281, 1: 4800, 2: 4800, 3: 4800, 4: 4800, 5: 4800, 6: 4800, 7: 4800, 8: 4800, 9: 4800}","{0: 4277, 1: 4794, 2: 4793, 3: 4796, 4: 4791, 5: 4792, 6: 4792, 7: 4786, 8: 4791, 9: 4789}","{0: 3349, 1: 4691, 2: 4776, 3: 4796, 4: 4785, 5: 4792, 6: 4792, 7: 4781, 8: 4791, 9: 4789}",99.83151155198922,97.60114572144647
rule_fpga_raft,60c1s5r10p,YCSB_A,rw_1000000,concurrent_100,101,60000,194.8315,339.2052,469.70109,229.61309336666665,6000.0,"{0: 45.455, 1: 17.442, 2: 22.34, 3: 16.667, 4: 18.072}","{0: 587.125, 1: 513.812, 2: 517.625, 3: 513.5, 4: 514.5}","{0: 6000, 1: 6000, 2: 6000, 3: 6000, 4: 6000, 5: 6000, 6: 6000, 7: 6000, 8: 6000, 9: 6000}","{0: 5981, 1: 5986, 2: 5982, 3: 5983, 4: 5984, 5: 5985, 6: 5980, 7: 5984, 8: 5985, 9: 5981}","{0: 5422, 1: 5866, 2: 5981, 3: 5983, 4: 5984, 5: 5985, 6: 5980, 7: 5984, 8: 5985, 9: 5981}",99.71833333333333,98.585
rule_fpga_raft,60c1s5r10p,YCSB_A,rw_1000000,concurrent_120,101,72000,252.94400000000002,339.972,457.83906999999994,244.04254719444447,7200.0,"{0: 56.044, 1: 22.093, 2: 16.471, 3: 22.222, 4: 18.824}","{0: 651.312, 1: 525.75, 2: 530.375, 3: 523.438, 4: 526.188}","{0: 7200, 1: 7200, 2: 7200, 3: 7200, 4: 7200, 5: 7200, 6: 7200, 7: 7200, 8: 7200, 9: 7200}","{0: 7127, 1: 7138, 2: 7130, 3: 7128, 4: 7130, 5: 7152, 6: 7144, 7: 7134, 8: 7150, 9: 7161}","{0: 6255, 1: 7097, 2: 7130, 3: 7128, 4: 7130, 5: 7152, 6: 7144, 7: 7134, 8: 7150, 9: 7161}",99.15833333333333,97.89027777777778
rule_fpga_raft,60c1s5r10p,YCSB_A,rw_1000000,concurrent_150,101,89684,281.5575,346.867,2788.7888999999964,314.7722915458722,8968.4,"{0: 67.742, 1: 23.256, 2: 16.667, 3: 22.093, 4: 20.93}","{0: 1026.688, 1: 564.375, 2: 564.875, 3: 561.375, 4: 561.562}","{0: 8967, 1: 8949, 2: 8959, 3: 8958, 4: 8958, 5: 8982, 6: 8972, 7: 8968, 8: 8981, 9: 8990}","{0: 8649, 1: 8646, 2: 8634, 3: 8663, 4: 8640, 5: 8840, 6: 8776, 7: 8752, 8: 8833, 9: 8835}","{0: 8649, 1: 8646, 2: 8634, 3: 8663, 4: 8640, 5: 8840, 6: 8776, 7: 8752, 8: 8833, 9: 8835}",97.30609696266893,97.30609696266893
rule_fpga_raft,60c1s5r10p,YCSB_A,rw_1000000,concurrent_1,100,600,151.95100000000002,194.93550000000084,242.80001000000001,163.54494833333334,60.0,"{0: 4.878, 1: 2.469, 2: 3.614, 3: 2.439, 4: 2.439}","{0: 433.0, 1: 432.438, 2: 432.5, 3: 432.312, 4: 432.125}","{0: 60, 1: 60, 2: 60, 3: 60, 4: 60, 5: 60, 6: 60, 7: 60, 8: 60, 9: 60}","{0: 60, 1: 60, 2: 60, 3: 60, 4: 60, 5: 60, 6: 60, 7: 60, 8: 60, 9: 60}","{0: 0, 1: 60, 2: 60, 3: 60, 4: 60, 5: 60, 6: 60, 7: 60, 8: 60, 9: 60}",100.0,90.0
rule_fpga_raft,60c1s5r10p,YCSB_A,rw_1000000,concurrent_10,100,6000,152.837,227.29460000000003,229.85201,163.28164916666665,600.0,"{0: 8.537, 1: 6.977, 2: 15.957, 3: 4.819, 4: 4.819}","{0: 454.375, 1: 451.5, 2: 451.875, 3: 451.125, 4: 451.625}","{0: 600, 1: 600, 2: 600, 3: 600, 4: 600, 5: 600, 6: 600, 7: 600, 8: 600, 9: 600}","{0: 600, 1: 600, 2: 600, 3: 600, 4: 600, 5: 600, 6: 600, 7: 598, 8: 600, 9: 600}","{0: 0, 1: 600, 2: 600, 3: 600, 4: 600, 5: 600, 6: 600, 7: 598, 8: 600, 9: 600}",99.96666666666667,89.96666666666667
rule_fpga_raft,60c1s5r10p,YCSB_A,rw_1000000,concurrent_20,100,12000,152.977,227.11730000000003,238.596,164.046832,1200.0,"{0: 14.458, 1: 6.098, 2: 6.024, 3: 6.024, 4: 9.302}","{0: 463.562, 1: 459.0, 2: 459.312, 3: 458.562, 4: 458.0}","{0: 1200, 1: 1200, 2: 1200, 3: 1200, 4: 1200, 5: 1200, 6: 1200, 7: 1200, 8: 1200, 9: 1200}","{0: 1200, 1: 1200, 2: 1199, 3: 1199, 4: 1199, 5: 1199, 6: 1199, 7: 1198, 8: 1200, 9: 1200}","{0: 0, 1: 1200, 2: 1199, 3: 1199, 4: 1199, 5: 1199, 6: 1199, 7: 1198, 8: 1200, 9: 1200}",99.94166666666666,89.94166666666666
rule_fpga_raft,60c1s5r10p,YCSB_A,rw_1000000,concurrent_30,100,18000,152.732,227.20630000000003,237.70102,164.06229283333332,1800.0,"{0: 18.824, 1: 8.434, 2: 7.229, 3: 7.229, 4: 10.465}","{0: 475.75, 1: 466.25, 2: 466.938, 3: 465.25, 4: 466.062}","{0: 1800, 1: 1800, 2: 1800, 3: 1800, 4: 1800, 5: 1800, 6: 1800, 7: 1800, 8: 1800, 9: 1800}","{0: 1799, 1: 1800, 2: 1799, 3: 1799, 4: 1800, 5: 1800, 6: 1800, 7: 1798, 8: 1800, 9: 1800}","{0: 0, 1: 1800, 2: 1799, 3: 1799, 4: 1800, 5: 1800, 6: 1800, 7: 1798, 8: 1800, 9: 1800}",99.97222222222223,89.97777777777777
rule_fpga_raft,60c1s5r10p,YCSB_A,rw_1000000,concurrent_40,100,24000,154.524,227.76420000000002,235.39501,164.81894520833333,2400.0,"{0: 22.619, 1: 9.524, 2: 9.412, 3: 12.644, 4: 8.537}","{0: 483.812, 1: 472.688, 2: 473.938, 3: 472.125, 4: 472.312}","{0: 2400, 1: 2400, 2: 2400, 3: 2400, 4: 2400, 5: 2400, 6: 2400, 7: 2400, 8: 2400, 9: 2400}","{0: 2398, 1: 2398, 2: 2399, 3: 2400, 4: 2400, 5: 2394, 6: 2400, 7: 2400, 8: 2398, 9: 2399}","{0: 0, 1: 2398, 2: 2397, 3: 2400, 4: 2400, 5: 2394, 6: 2400, 7: 2399, 8: 2398, 9: 2399}",99.94166666666666,89.9375
rule_fpga_raft,60c1s5r10p,YCSB_A,rw_1000000,concurrent_50,100,30000,153.66,237.8811,341.10213999999996,172.1236553,3000.0,"{0: 25.581, 1: 11.905, 2: 7.317, 3: 19.355, 4: 11.765}","{0: 492.312, 1: 480.0, 2: 481.25, 3: 478.375, 4: 479.688}","{0: 3000, 1: 3000, 2: 3000, 3: 3000, 4: 3000, 5: 3000, 6: 3000, 7: 3000, 8: 3000, 9: 3000}","{0: 3000, 1: 2993, 2: 2996, 3: 2999, 4: 2999, 5: 2999, 6: 2999, 7: 3000, 8: 2998, 9: 2997}","{0: 0, 1: 2993, 2: 2983, 3: 2993, 4: 2986, 5: 2999, 6: 2989, 7: 2983, 8: 2998, 9: 2997}",99.93333333333334,89.73666666666666
rule_fpga_raft,60c1s5r10p,YCSB_A,rw_1000000,concurrent_60,100,36000,168.052,301.33320000000003,457.13009,190.6930261111111,3600.0,"{0: 30.233, 1: 14.118, 2: 10.976, 3: 23.469, 4: 11.905}","{0: 502.688, 1: 485.75, 2: 487.562, 3: 483.875, 4: 484.125}","{0: 3600, 1: 3600, 2: 3600, 3: 3600, 4: 3600, 5: 3600, 6: 3600, 7: 3600, 8: 3600, 9: 3600}","{0: 3598, 1: 3597, 2: 3597, 3: 3598, 4: 3598, 5: 3599, 6: 3598, 7: 3598, 8: 3597, 9: 3598}","{0: 409, 1: 3597, 2: 3576, 3: 3598, 4: 3575, 5: 3599, 6: 3598, 7: 3578, 8: 3597, 9: 3598}",99.93888888888888,90.90277777777777
rule_fpga_raft,60c1s5r10p,YCSB_A,rw_1000000,concurrent_70,100,42000,170.143,305.771,454.20101,201.8792487619048,4200.0,"{0: 31.034, 1: 15.476, 2: 12.195, 3: 13.095, 4: 19.565}","{0: 511.688, 1: 492.812, 2: 495.562, 3: 492.375, 4: 492.688}","{0: 4200, 1: 4200, 2: 4200, 3: 4200, 4: 4200, 5: 4200, 6: 4200, 7: 4200, 8: 4200, 9: 4200}","{0: 4197, 1: 4197, 2: 4197, 3: 4197, 4: 4196, 5: 4193, 6: 4196, 7: 4196, 8: 4196, 9: 4194}","{0: 827, 1: 4162, 2: 4180, 3: 4197, 4: 4180, 5: 4193, 6: 4196, 7: 4187, 8: 4196, 9: 4194}",99.90238095238095,91.6952380952381
rule_fpga_raft,60c1s5r10p,YCSB_A,rw_1000000,concurrent_80,100,48000,171.909,334.5314,459.04708000000005,212.46498114583332,4800.0,"{0: 36.364, 1: 15.476, 2: 12.048, 3: 22.105, 4: 21.277}","{0: 527.375, 1: 499.688, 2: 502.062, 3: 497.438, 4: 500.25}","{0: 4800, 1: 4800, 2: 4800, 3: 4800, 4: 4800, 5: 4800, 6: 4800, 7: 4800, 8: 4800, 9: 4800}","{0: 4792, 1: 4796, 2: 4793, 3: 4792, 4: 4794, 5: 4795, 6: 4794, 7: 4796, 8: 4789, 9: 4790}","{0: 3645, 1: 4722, 2: 4776, 3: 4792, 4: 4790, 5: 4795, 6: 4794, 7: 4790, 8: 4789, 9: 4790}",99.85625,97.25625
rule_fpga_raft,60c1s5r10p,YCSB_A,rw_1000000,concurrent_100,100,60000,190.968,337.1241,458.89807,228.65648213333333,6000.0,"{0: 43.182, 1: 18.072, 2: 16.279, 3: 15.663, 4: 19.54}","{0: 590.625, 1: 514.625, 2: 518.0, 3: 511.875, 4: 512.25}","{0: 6000, 1: 6000, 2: 6000, 3: 6000, 4: 6000, 5: 6000, 6: 6000, 7: 6000, 8: 6000, 9: 6000}","{0: 5983, 1: 5987, 2: 5984, 3: 5980, 4: 5985, 5: 5983, 6: 5980, 7: 5988, 8: 5989, 9: 5991}","{0: 5530, 1: 5781, 2: 5982, 3: 5980, 4: 5985, 5: 5983, 6: 5980, 7: 5988, 8: 5989, 9: 5991}",99.75,98.64833333333333
rule_fpga_raft,60c1s5r10p,YCSB_A,rw_1000000,concurrent_120,100,72000,249.48,342.4133,486.65306999999996,244.03246306944447,7200.0,"{0: 54.348, 1: 22.093, 2: 15.476, 3: 21.176, 4: 21.591}","{0: 660.125, 1: 526.0, 2: 529.875, 3: 524.875, 4: 525.625}","{0: 7200, 1: 7200, 2: 7200, 3: 7200, 4: 7200, 5: 7200, 6: 7200, 7: 7200, 8: 7200, 9: 7200}","{0: 7132, 1: 7131, 2: 7125, 3: 7137, 4: 7129, 5: 7150, 6: 7143, 7: 7147, 8: 7164, 9: 7146}","{0: 6294, 1: 6943, 2: 7125, 3: 7137, 4: 7129, 5: 7150, 6: 7143, 7: 7147, 8: 7164, 9: 7146}",99.17222222222222,97.74722222222222
rule_fpga_raft,60c1s5r10p,YCSB_A,rw_1000000,concurrent_150,100,89700,280.956,347.26210000000003,2575.1188999999954,313.55086005574134,8970.0,"{0: 63.043, 1: 24.706, 2: 15.476, 3: 21.176, 4: 18.824}","{0: 1017.5, 1: 566.0, 2: 565.938, 3: 558.406, 4: 557.312}","{0: 8952, 1: 8973, 2: 8972, 3: 8955, 4: 8968, 5: 8983, 6: 8953, 7: 8958, 8: 8987, 9: 8999}","{0: 8615, 1: 8635, 2: 8673, 3: 8663, 4: 8642, 5: 8790, 6: 8687, 7: 8742, 8: 8847, 9: 8866}","{0: 8615, 1: 8635, 2: 8673, 3: 8663, 4: 8642, 5: 8790, 6: 8687, 7: 8742, 8: 8847, 9: 8866}",97.16833890746935,97.16833890746935
rule_fpga_raft,60c1s5r10p,YCSB_A,rw_zipf_1,concurrent_1,0,600,299.5,329.6627000000013,385.62304,281.96146,60.0,"{0: 12.222, 1: 12.088, 2: 2.439, 3: 1.235, 4: 1.25}","{0: 448.062, 1: 446.562, 2: 446.312, 3: 446.188, 4: 446.375}","{0: 0, 1: 0, 2: 0, 3: 0, 4: 0, 5: 0, 6: 0, 7: 0, 8: 0, 9: 0}","{0: 0, 1: 0, 2: 0, 3: 0, 4: 0, 5: 0, 6: 0, 7: 0, 8: 0, 9: 0}","{0: 0, 1: 0, 2: 0, 3: 0, 4: 0, 5: 0, 6: 0, 7: 0, 8: 0, 9: 0}",0,0
rule_fpga_raft,60c1s5r10p,YCSB_A,rw_zipf_1,concurrent_10,0,6000,298.4285,328.8564000000196,388.63902,281.5998173333333,600.0,"{0: 6.173, 1: 4.819, 2: 2.469, 3: 13.187, 4: 3.659}","{0: 466.5, 1: 461.438, 2: 461.25, 3: 461.25, 4: 461.125}","{0: 0, 1: 0, 2: 0, 3: 0, 4: 0, 5: 0, 6: 0, 7: 0, 8: 0, 9: 0}","{0: 0, 1: 0, 2: 0, 3: 0, 4: 0, 5: 0, 6: 0, 7: 0, 8: 0, 9: 0}","{0: 0, 1: 0, 2: 0, 3: 0, 4: 0, 5: 0, 6: 0, 7: 0, 8: 0, 9: 0}",0,0
rule_fpga_raft,60c1s5r10p,YCSB_A,rw_zipf_1,concurrent_20,0,12000,299.93,330.87070000001927,390.061,283.15093466666667,1200.0,"{0: 12.048, 1: 6.024, 2: 4.878, 3: 3.704, 4: 3.659}","{0: 472.312, 1: 463.438, 2: 463.812, 3: 463.375, 4: 463.5}","{0: 0, 1: 0, 2: 0, 3: 0, 4: 0, 5: 0, 6: 0, 7: 0, 8: 0, 9: 0}","{0: 0, 1: 0, 2: 0, 3: 0, 4: 0, 5: 0, 6: 0, 7: 0, 8: 0, 9: 0}","{0: 0, 1: 0, 2: 0, 3: 0, 4: 0, 5: 0, 6: 0, 7: 0, 8: 0, 9: 0}",0,0
rule_fpga_raft,60c1s5r10p,YCSB_A,rw_zipf_1,concurrent_30,0,18000,302.6145,380.9184,390.68600999999995,284.5998728888889,1800.0,"{0: 16.471, 1: 18.557, 2: 6.024, 3: 6.024, 4: 6.024}","{0: 478.75, 1: 465.812, 2: 466.125, 3: 465.562, 4: 465.438}","{0: 0, 1: 0, 2: 0, 3: 0, 4: 0, 5: 0, 6: 0, 7: 0, 8: 0, 9: 0}","{0: 0, 1: 0, 2: 0, 3: 0, 4: 0, 5: 0, 6: 0, 7: 0, 8: 0, 9: 0}","{0: 0, 1: 0, 2: 0, 3: 0, 4: 0, 5: 0, 6: 0, 7: 0, 8: 0, 9: 0}",0,0
rule_fpga_raft,60c1s5r10p,YCSB_A,rw_zipf_1,concurrent_40,0,24000,301.8135,333.08730000011144,396.12304,284.3213178333333,2400.0,"{0: 20.0, 1: 8.333, 2: 4.819, 3: 7.229, 4: 6.098}","{0: 484.875, 1: 467.938, 2: 468.25, 3: 467.812, 4: 467.625}","{0: 0, 1: 0, 2: 0, 3: 0, 4: 0, 5: 0, 6: 0, 7: 0, 8: 0, 9: 0}","{0: 0, 1: 0, 2: 0, 3: 0, 4: 0, 5: 0, 6: 0, 7: 0, 8: 0, 9: 0}","{0: 0, 1: 0, 2: 0, 3: 0, 4: 0, 5: 0, 6: 0, 7: 0, 8: 0, 9: 0}",0,0
rule_fpga_raft,60c1s5r10p,YCSB_A,rw_zipf_1,concurrent_50,0,30000,307.1535,381.46630000000033,394.85804,288.4377818666667,3000.0,"{0: 25.581, 1: 8.537, 2: 4.878, 3: 11.628, 4: 18.085}","{0: 491.688, 1: 470.0, 2: 470.5, 3: 469.938, 4: 469.875}","{0: 0, 1: 0, 2: 0, 3: 0, 4: 0, 5: 0, 6: 0, 7: 0, 8: 0, 9: 0}","{0: 0, 1: 0, 2: 0, 3: 0, 4: 0, 5: 0, 6: 0, 7: 0, 8: 0, 9: 0}","{0: 0, 1: 0, 2: 0, 3: 0, 4: 0, 5: 0, 6: 0, 7: 0, 8: 0, 9: 0}",0,0
rule_fpga_raft,60c1s5r10p,YCSB_A,rw_zipf_1,concurrent_60,0,36000,307.725,380.90360000000004,414.19902,292.30533222222226,3600.0,"{0: 27.907, 1: 10.588, 2: 6.098, 3: 8.434, 4: 14.444}","{0: 497.75, 1: 472.062, 2: 472.75, 3: 471.812, 4: 472.125}","{0: 0, 1: 0, 2: 0, 3: 0, 4: 0, 5: 0, 6: 0, 7: 0, 8: 0, 9: 0}","{0: 0, 1: 0, 2: 0, 3: 0, 4: 0, 5: 0, 6: 0, 7: 0, 8: 0, 9: 0}","{0: 0, 1: 0, 2: 0, 3: 0, 4: 0, 5: 0, 6: 0, 7: 0, 8: 0, 9: 0}",0,0
rule_fpga_raft,60c1s5r10p,YCSB_A,rw_zipf_1,concurrent_70,0,42000,310.07550000000003,386.3913,432.52004,296.31576223809526,4200.0,"{0: 31.034, 1: 14.943, 2: 7.229, 3: 11.628, 4: 8.333}","{0: 504.188, 1: 474.5, 2: 474.875, 3: 474.062, 4: 474.062}","{0: 0, 1: 0, 2: 0, 3: 0, 4: 0, 5: 0, 6: 0, 7: 0, 8: 0, 9: 0}","{0: 0, 1: 0, 2: 0, 3: 0, 4: 0, 5: 0, 6: 0, 7: 0, 8: 0, 9: 0}","{0: 0, 1: 0, 2: 0, 3: 0, 4: 0, 5: 0, 6: 0, 7: 0, 8: 0, 9: 0}",0,0
rule_fpga_raft,60c1s5r10p,YCSB_A,rw_zipf_1,concurrent_80,0,48000,343.245,417.90389999999996,536.84704,335.48613814583337,4800.0,"{0: 31.395, 1: 11.765, 2: 21.053, 3: 15.556, 4: 27.358}","{0: 518.938, 1: 477.25, 2: 477.5, 3: 477.0, 4: 476.938}","{0: 0, 1: 0, 2: 0, 3: 0, 4: 0, 5: 0, 6: 0, 7: 0, 8: 0, 9: 0}","{0: 0, 1: 0, 2: 0, 3: 0, 4: 0, 5: 0, 6: 0, 7: 0, 8: 0, 9: 0}","{0: 0, 1: 0, 2: 0, 3: 0, 4: 0, 5: 0, 6: 0, 7: 0, 8: 0, 9: 0}",0,0
rule_fpga_raft,60c1s5r10p,YCSB_A,rw_zipf_1,concurrent_100,0,60000,412.2555,527.4075,667.56803,407.61575218333337,6000.0,"{0: 39.773, 1: 11.905, 2: 8.537, 3: 10.843, 4: 13.793}","{0: 572.438, 1: 481.562, 2: 480.684, 3: 481.625, 4: 481.5}","{0: 0, 1: 0, 2: 0, 3: 0, 4: 0, 5: 0, 6: 0, 7: 0, 8: 0, 9: 0}","{0: 0, 1: 0, 2: 0, 3: 0, 4: 0, 5: 0, 6: 0, 7: 0, 8: 0, 9: 0}","{0: 0, 1: 0, 2: 0, 3: 0, 4: 0, 5: 0, 6: 0, 7: 0, 8: 0, 9: 0}",0,0
rule_fpga_raft,60c1s5r10p,YCSB_A,rw_zipf_1,concurrent_120,0,72000,454.83799999999997,604.2864,745.55504,460.5607059305556,7200.0,"{0: 50.0, 1: 14.458, 2: 9.524, 3: 12.048, 4: 11.905}","{0: 629.812, 1: 485.75, 2: 484.422, 3: 485.43, 4: 485.168}","{0: 0, 1: 0, 2: 0, 3: 0, 4: 0, 5: 0, 6: 0, 7: 0, 8: 0, 9: 0}","{0: 0, 1: 0, 2: 0, 3: 0, 4: 0, 5: 0, 6: 0, 7: 0, 8: 0, 9: 0}","{0: 0, 1: 0, 2: 0, 3: 0, 4: 0, 5: 0, 6: 0, 7: 0, 8: 0, 9: 0}",0,0
rule_fpga_raft,60c1s5r10p,YCSB_A,rw_zipf_1,concurrent_150,0,71530,3003.8450000000003,4021.811,4234.1871,2817.6262269397457,7153.0,"{0: 60.44, 1: 16.667, 2: 9.524, 3: 29.126, 4: 9.756}","{0: 1031.188, 1: 531.625, 2: 524.375, 3: 525.188, 4: 524.684}","{0: 0, 1: 0, 2: 0, 3: 0, 4: 0, 5: 0, 6: 0, 7: 0, 8: 0, 9: 0}","{0: 0, 1: 0, 2: 0, 3: 0, 4: 0, 5: 0, 6: 0, 7: 0, 8: 0, 9: 0}","{0: 0, 1: 0, 2: 0, 3: 0, 4: 0, 5: 0, 6: 0, 7: 0, 8: 0, 9: 0}",0,0
rule_fpga_raft,60c1s5r10p,YCSB_A,rw_zipf_1,concurrent_1,101,600,153.2145,228.3477,319.73830000000004,170.74509,60.0,"{0: 11.236, 1: 3.614, 2: 17.526, 3: 2.469, 4: 3.614}","{0: 448.375, 1: 447.438, 2: 447.625, 3: 447.188, 4: 447.438}","{0: 21, 1: 60, 2: 60, 3: 60, 4: 60, 5: 60, 6: 60, 7: 60, 8: 60, 9: 60}","{0: 20, 1: 56, 2: 56, 3: 57, 4: 59, 5: 57, 6: 56, 7: 54, 8: 55, 9: 57}","{0: 0, 1: 56, 2: 56, 3: 57, 4: 59, 5: 57, 6: 56, 7: 54, 8: 55, 9: 57}",93.93939393939394,90.37433155080214
rule_fpga_raft,60c1s5r10p,YCSB_A,rw_zipf_1,concurrent_10,101,6000,167.668,307.5319,381.37037000000004,191.9352496666667,600.0,"{0: 10.465, 1: 3.659, 2: 9.195, 3: 3.659, 4: 17.708}","{0: 468.062, 1: 464.438, 2: 464.812, 3: 464.438, 4: 464.562}","{0: 29, 1: 600, 2: 600, 3: 600, 4: 600, 5: 600, 6: 600, 7: 600, 8: 600, 9: 600}","{0: 19, 1: 437, 2: 460, 3: 470, 4: 450, 5: 451, 6: 475, 7: 459, 8: 464, 9: 448}","{0: 0, 1: 435, 2: 460, 3: 470, 4: 450, 5: 451, 6: 475, 7: 459, 8: 464, 9: 448}",76.12820040523117,75.74138883772333
rule_fpga_raft,60c1s5r10p,YCSB_A,rw_zipf_1,concurrent_20,101,12000,168.128,305.976,384.02218,195.60094008333337,1200.0,"{0: 14.286, 1: 6.024, 2: 5.952, 3: 6.024, 4: 13.187}","{0: 474.438, 1: 469.188, 2: 469.5, 3: 469.375, 4: 469.125}","{0: 65, 1: 1200, 2: 1200, 3: 1200, 4: 1200, 5: 1200, 6: 1200, 7: 1200, 8: 1200, 9: 1200}","{0: 46, 1: 911, 2: 905, 3: 862, 4: 891, 5: 864, 6: 896, 7: 881, 8: 929, 9: 878}","{0: 0, 1: 908, 2: 905, 3: 862, 4: 891, 5: 864, 6: 896, 7: 881, 8: 929, 9: 878}",74.21076852277957,73.75977910722503
rule_fpga_raft,60c1s5r10p,YCSB_A,rw_zipf_1,concurrent_30,101,18000,168.865,308.01709999999997,382.52304000000004,199.27548311111113,1800.0,"{0: 19.048, 1: 8.333, 2: 6.098, 3: 6.098, 4: 7.229}","{0: 482.125, 1: 473.375, 2: 473.75, 3: 473.312, 4: 473.25}","{0: 71, 1: 1800, 2: 1800, 3: 1800, 4: 1800, 5: 1800, 6: 1800, 7: 1800, 8: 1800, 9: 1800}","{0: 50, 1: 1271, 2: 1273, 3: 1327, 4: 1282, 5: 1264, 6: 1278, 7: 1267, 8: 1292, 9: 1274}","{0: 0, 1: 1269, 2: 1273, 3: 1327, 4: 1282, 5: 1264, 6: 1278, 7: 1267, 8: 1292, 9: 1274}",71.15727367709421,70.83768668182657
rule_fpga_raft,60c1s5r10p,YCSB_A,rw_zipf_1,concurrent_40,101,24000,170.517,308.9283,390.47513,202.7606483333333,2400.0,"{0: 22.093, 1: 8.434, 2: 7.229, 3: 8.434, 4: 8.434}","{0: 486.625, 1: 477.312, 2: 478.125, 3: 477.438, 4: 477.25}","{0: 126, 1: 2400, 2: 2400, 3: 2400, 4: 2400, 5: 2400, 6: 2400, 7: 2400, 8: 2400, 9: 2400}","{0: 83, 1: 1650, 2: 1635, 3: 1644, 4: 1637, 5: 1622, 6: 1660, 7: 1651, 8: 1664, 9: 1697}","{0: 0, 1: 1646, 2: 1635, 3: 1644, 4: 1637, 5: 1622, 6: 1660, 7: 1651, 8: 1664, 9: 1697}",68.77934272300469,68.3789008561171
rule_fpga_raft,60c1s5r10p,YCSB_A,rw_zipf_1,concurrent_50,101,30000,171.4715,323.4728,468.20320999999996,212.13415656666663,3000.0,"{0: 25.581, 1: 10.714, 2: 14.444, 3: 10.843, 4: 8.434}","{0: 495.5, 1: 481.375, 2: 482.312, 3: 480.812, 4: 481.188}","{0: 162, 1: 3000, 2: 3000, 3: 3000, 4: 3000, 5: 3000, 6: 3000, 7: 3000, 8: 3000, 9: 3000}","{0: 104, 1: 1958, 2: 1974, 3: 2028, 4: 1996, 5: 2025, 6: 2046, 7: 2010, 8: 2030, 9: 2021}","{0: 0, 1: 1953, 2: 1968, 3: 2028, 4: 1989, 5: 2025, 6: 2045, 7: 2004, 8: 2030, 9: 2021}",66.9759222443119,66.50099403578528
rule_fpga_raft,60c1s5r10p,YCSB_A,rw_zipf_1,concurrent_60,101,36000,190.471,347.2019000000001,507.14023000000003,236.10606575000003,3600.0,"{0: 29.07, 1: 11.905, 2: 20.0, 3: 10.843, 4: 11.765}","{0: 501.375, 1: 485.0, 2: 486.25, 3: 484.812, 4: 484.875}","{0: 193, 1: 3600, 2: 3600, 3: 3600, 4: 3600, 5: 3600, 6: 3600, 7: 3600, 8: 3600, 9: 3600}","{0: 130, 1: 2383, 2: 2307, 3: 2304, 4: 2291, 5: 2358, 6: 2265, 7: 2311, 8: 2367, 9: 2339}","{0: 5, 1: 2376, 2: 2297, 3: 2304, 4: 2281, 5: 2358, 6: 2265, 7: 2296, 8: 2367, 9: 2339}",64.59976068480962,64.08738072592274
rule_fpga_raft,60c1s5r10p,YCSB_A,rw_zipf_1,concurrent_70,101,42000,211.333,407.03909999999996,512.57425,250.73798983333336,4200.0,"{0: 32.558, 1: 15.294, 2: 10.843, 3: 10.843, 4: 10.714}","{0: 507.625, 1: 488.812, 2: 490.125, 3: 488.688, 4: 489.25}","{0: 1467, 1: 4200, 2: 4200, 3: 4200, 4: 4200, 5: 4200, 6: 4200, 7: 4200, 8: 4200, 9: 4200}","{0: 900, 1: 2694, 2: 2665, 3: 2603, 4: 2689, 5: 2696, 6: 2668, 7: 2625, 8: 2646, 9: 2689}","{0: 645, 1: 2678, 2: 2650, 3: 2603, 4: 2684, 5: 2696, 6: 2668, 7: 2620, 8: 2646, 9: 2689}",63.3483586726768,62.594545037818015
rule_fpga_raft,60c1s5r10p,YCSB_A,rw_zipf_1,concurrent_80,101,48000,238.95,458.4577,548.5751700000002,269.44809841666665,4800.0,"{0: 34.118, 1: 15.294, 2: 20.43, 3: 11.905, 4: 10.843}","{0: 520.0, 1: 493.375, 2: 494.75, 3: 493.0, 4: 493.062}","{0: 4111, 1: 4800, 2: 4800, 3: 4800, 4: 4800, 5: 4800, 6: 4800, 7: 4800, 8: 4800, 9: 4800}","{0: 2538, 1: 2969, 2: 2989, 3: 2997, 4: 2949, 5: 2989, 6: 3024, 7: 2953, 8: 2932, 9: 3000}","{0: 2046, 1: 2848, 2: 2979, 3: 2997, 4: 2947, 5: 2989, 6: 3024, 7: 2952, 8: 2932, 9: 3000}",62.01517617467397,60.69201665574602
rule_fpga_raft,60c1s5r10p,YCSB_A,rw_zipf_1,concurrent_100,101,60000,299.328,542.1521,673.2643200000001,320.96198071666663,6000.0,"{0: 42.045, 1: 16.471, 2: 15.476, 3: 15.476, 4: 17.241}","{0: 571.75, 1: 501.625, 2: 503.312, 3: 500.812, 4: 501.438}","{0: 6000, 1: 6000, 2: 6000, 3: 6000, 4: 6000, 5: 6000, 6: 6000, 7: 6000, 8: 6000, 9: 6000}","{0: 3368, 1: 3498, 2: 3451, 3: 3491, 4: 3471, 5: 3500, 6: 3476, 7: 3466, 8: 3492, 9: 3478}","{0: 2947, 1: 3262, 2: 3448, 3: 3491, 4: 3471, 5: 3500, 6: 3476, 7: 3466, 8: 3492, 9: 3478}",57.818333333333335,56.718333333333334
rule_fpga_raft,60c1s5r10p,YCSB_A,rw_zipf_1,concurrent_120,101,72000,334.553,637.2832,748.3252899999999,375.2165176944444,7200.0,"{0: 52.747, 1: 18.824, 2: 14.118, 3: 17.647, 4: 16.667}","{0: 641.125, 1: 508.875, 2: 511.875, 3: 509.188, 4: 509.75}","{0: 7200, 1: 7200, 2: 7200, 3: 7200, 4: 7200, 5: 7200, 6: 7200, 7: 7200, 8: 7200, 9: 7200}","{0: 3757, 1: 3827, 2: 3751, 3: 3761, 4: 3657, 5: 3944, 6: 3716, 7: 3777, 8: 3867, 9: 3948}","{0: 3260, 1: 3810, 2: 3751, 3: 3761, 4: 3657, 5: 3944, 6: 3716, 7: 3777, 8: 3867, 9: 3948}",52.78472222222222,52.07083333333333
rule_fpga_raft,60c1s5r10p,YCSB_A,rw_zipf_1,concurrent_150,101,77600,1623.915,3495.582,3848.55,1623.8544404639174,7760.0,"{0: 64.516, 1: 22.093, 2: 15.116, 3: 19.048, 4: 18.824}","{0: 1005.875, 1: 550.062, 2: 546.688, 3: 545.375, 4: 546.812}","{0: 7698, 1: 7691, 2: 7764, 3: 7803, 4: 7772, 5: 7817, 6: 7659, 7: 7734, 8: 7822, 9: 7840}","{0: 2997, 1: 3110, 2: 3079, 3: 3128, 4: 3071, 5: 3468, 6: 3155, 7: 3237, 8: 3468, 9: 3421}","{0: 2997, 1: 3110, 2: 3079, 3: 3128, 4: 3071, 5: 3468, 6: 3155, 7: 3237, 8: 3468, 9: 3421}",41.40979381443299,41.40979381443299
rule_fpga_raft,60c1s5r10p,YCSB_A,rw_zipf_1,concurrent_1,100,600,152.90699999999998,236.1792,321.8747399999995,174.246585,60.0,"{0: 3.704, 1: 3.659, 2: 2.439, 3: 2.439, 4: 8.046}","{0: 448.688, 1: 447.75, 2: 447.812, 3: 447.375, 4: 447.375}","{0: 60, 1: 60, 2: 60, 3: 60, 4: 60, 5: 60, 6: 60, 7: 60, 8: 60, 9: 60}","{0: 54, 1: 56, 2: 54, 3: 55, 4: 56, 5: 56, 6: 50, 7: 57, 8: 55, 9: 50}","{0: 0, 1: 56, 2: 54, 3: 55, 4: 56, 5: 56, 6: 50, 7: 57, 8: 55, 9: 50}",90.5,81.5
rule_fpga_raft,60c1s5r10p,YCSB_A,rw_zipf_1,concurrent_10,100,6000,167.9515,299.5784,384.68901,189.44685216666664,600.0,"{0: 9.524, 1: 4.819, 2: 3.659, 3: 14.13, 4: 14.894}","{0: 467.5, 1: 464.438, 2: 465.0, 3: 464.812, 4: 464.688}","{0: 600, 1: 600, 2: 600, 3: 600, 4: 600, 5: 600, 6: 600, 7: 600, 8: 600, 9: 600}","{0: 452, 1: 458, 2: 470, 3: 466, 4: 480, 5: 464, 6: 468, 7: 475, 8: 459, 9: 459}","{0: 0, 1: 454, 2: 470, 3: 466, 4: 480, 5: 464, 6: 468, 7: 475, 8: 459, 9: 459}",77.51666666666667,69.91666666666667
rule_fpga_raft,60c1s5r10p,YCSB_A,rw_zipf_1,concurrent_20,100,12000,168.08,305.0422,380.48964,194.68323108333334,1200.0,"{0: 13.253, 1: 6.024, 2: 5.952, 3: 16.129, 4: 6.098}","{0: 474.312, 1: 469.5, 2: 469.688, 3: 469.25, 4: 469.5}","{0: 1200, 1: 1200, 2: 1200, 3: 1200, 4: 1200, 5: 1200, 6: 1200, 7: 1200, 8: 1200, 9: 1200}","{0: 874, 1: 918, 2: 912, 3: 862, 4: 884, 5: 887, 6: 869, 7: 885, 8: 895, 9: 903}","{0: 0, 1: 912, 2: 912, 3: 862, 4: 884, 5: 887, 6: 869, 7: 885, 8: 895, 9: 903}",74.075,66.74166666666666
rule_fpga_raft,60c1s5r10p,YCSB_A,rw_zipf_1,concurrent_30,100,18000,169.442,308.4291,389.80002,198.7988582222222,1800.0,"{0: 17.857, 1: 7.317, 2: 7.229, 3: 6.173, 4: 9.412}","{0: 481.562, 1: 473.812, 2: 474.438, 3: 473.438, 4: 473.438}","{0: 1800, 1: 1800, 2: 1800, 3: 1800, 4: 1800, 5: 1800, 6: 1800, 7: 1800, 8: 1800, 9: 1800}","{0: 1272, 1: 1244, 2: 1295, 3: 1279, 4: 1328, 5: 1323, 6: 1309, 7: 1250, 8: 1271, 9: 1296}","{0: 0, 1: 1240, 2: 1295, 3: 1279, 4: 1328, 5: 1323, 6: 1309, 7: 1250, 8: 1271, 9: 1296}",71.48333333333333,64.39444444444445
rule_fpga_raft,60c1s5r10p,YCSB_A,rw_zipf_1,concurrent_40,100,24000,170.0645,307.5157,382.24802999999997,201.87408908333333,2400.0,"{0: 23.529, 1: 8.537, 2: 7.229, 3: 20.0, 4: 8.434}","{0: 487.125, 1: 477.812, 2: 478.375, 3: 477.312, 4: 477.312}","{0: 2400, 1: 2400, 2: 2400, 3: 2400, 4: 2400, 5: 2400, 6: 2400, 7: 2400, 8: 2400, 9: 2400}","{0: 1642, 1: 1659, 2: 1659, 3: 1646, 4: 1670, 5: 1684, 6: 1686, 7: 1652, 8: 1651, 9: 1656}","{0: 0, 1: 1658, 2: 1657, 3: 1645, 4: 1670, 5: 1684, 6: 1686, 7: 1652, 8: 1651, 9: 1656}",69.1875,62.329166666666666
rule_fpga_raft,60c1s5r10p,YCSB_A,rw_zipf_1,concurrent_50,100,30000,171.781,323.59069999999997,453.80505999999997,212.62172216666667,3000.0,"{0: 24.706, 1: 10.843, 2: 7.229, 3: 11.765, 4: 9.639}","{0: 495.438, 1: 482.0, 2: 483.375, 3: 481.312, 4: 481.938}","{0: 3000, 1: 3000, 2: 3000, 3: 3000, 4: 3000, 5: 3000, 6: 3000, 7: 3000, 8: 3000, 9: 3000}","{0: 1999, 1: 2032, 2: 2017, 3: 1989, 4: 2006, 5: 2038, 6: 2015, 7: 1963, 8: 1953, 9: 1978}","{0: 21, 1: 2022, 2: 2010, 3: 1989, 4: 2000, 5: 2038, 6: 2014, 7: 1959, 8: 1953, 9: 1978}",66.63333333333334,59.946666666666665
rule_fpga_raft,60c1s5r10p,YCSB_A,rw_zipf_1,concurrent_60,100,36000,188.375,347.64700000000005,502.53708,233.67691572222222,3600.0,"{0: 29.885, 1: 13.095, 2: 8.434, 3: 12.791, 4: 12.644}","{0: 501.562, 1: 485.438, 2: 486.25, 3: 485.125, 4: 485.125}","{0: 3600, 1: 3600, 2: 3600, 3: 3600, 4: 3600, 5: 3600, 6: 3600, 7: 3600, 8: 3600, 9: 3600}","{0: 2363, 1: 2297, 2: 2322, 3: 2362, 4: 2248, 5: 2336, 6: 2259, 7: 2330, 8: 2328, 9: 2270}","{0: 40, 1: 2289, 2: 2316, 3: 2362, 4: 2239, 5: 2336, 6: 2252, 7: 2316, 8: 2328, 9: 2270}",64.20833333333333,57.63333333333333
rule_fpga_raft,60c1s5r10p,YCSB_A,rw_zipf_1,concurrent_70,100,42000,207.8195,417.0277999999998,518.7631,251.6050424047619,4200.0,"{0: 31.765, 1: 13.253, 2: 22.68, 3: 10.843, 4: 10.714}","{0: 510.625, 1: 489.438, 2: 490.75, 3: 489.125, 4: 489.562}","{0: 4200, 1: 4200, 2: 4200, 3: 4200, 4: 4200, 5: 4200, 6: 4200, 7: 4200, 8: 4200, 9: 4200}","{0: 2692, 1: 2609, 2: 2619, 3: 2663, 4: 2617, 5: 2612, 6: 2708, 7: 2592, 8: 2622, 9: 2622}","{0: 1194, 1: 2597, 2: 2604, 3: 2663, 4: 2604, 5: 2612, 6: 2708, 7: 2584, 8: 2622, 9: 2622}",62.75238095238095,59.07142857142857
rule_fpga_raft,60c1s5r10p,YCSB_A,rw_zipf_1,concurrent_80,100,48000,249.0085,467.9373,554.39615,273.7021626041667,4800.0,"{0: 35.227, 1: 13.253, 2: 11.905, 3: 11.905, 4: 14.943}","{0: 521.688, 1: 493.625, 2: 494.625, 3: 492.625, 4: 493.125}","{0: 4800, 1: 4800, 2: 4800, 3: 4800, 4: 4800, 5: 4800, 6: 4800, 7: 4800, 8: 4800, 9: 4800}","{0: 2993, 1: 2978, 2: 2862, 3: 2884, 4: 2876, 5: 2885, 6: 2926, 7: 2939, 8: 2874, 9: 2890}","{0: 2165, 1: 2922, 2: 2849, 3: 2884, 4: 2873, 5: 2885, 6: 2922, 7: 2933, 8: 2874, 9: 2890}",60.639583333333334,58.74375
rule_fpga_raft,60c1s5r10p,YCSB_A,rw_zipf_1,concurrent_100,100,60000,301.224,552.0631,704.3300800000001,325.03667348333335,6000.0,"{0: 43.182, 1: 18.824, 2: 13.253, 3: 15.476, 4: 17.442}","{0: 570.625, 1: 502.438, 2: 504.312, 3: 501.562, 4: 502.061}","{0: 6000, 1: 6000, 2: 6000, 3: 6000, 4: 6000, 5: 6000, 6: 6000, 7: 6000, 8: 6000, 9: 6000}","{0: 3474, 1: 3478, 2: 3442, 3: 3377, 4: 3410, 5: 3438, 6: 3469, 7: 3506, 8: 3489, 9: 3468}","{0: 3126, 1: 3335, 2: 3442, 3: 3377, 4: 3410, 5: 3438, 6: 3469, 7: 3506, 8: 3489, 9: 3468}",57.585,56.766666666666666
rule_fpga_raft,60c1s5r10p,YCSB_A,rw_zipf_1,concurrent_120,100,72000,335.95000000000005,616.587,736.1741099999999,369.67340343055554,7200.0,"{0: 51.685, 1: 18.605, 2: 15.294, 3: 16.867, 4: 19.54}","{0: 646.188, 1: 509.812, 2: 512.25, 3: 508.688, 4: 509.5}","{0: 7200, 1: 7200, 2: 7200, 3: 7200, 4: 7200, 5: 7200, 6: 7200, 7: 7200, 8: 7200, 9: 7200}","{0: 3674, 1: 3691, 2: 3643, 3: 3747, 4: 3729, 5: 3862, 6: 3749, 7: 3679, 8: 3881, 9: 3778}","{0: 3180, 1: 3592, 2: 3643, 3: 3747, 4: 3729, 5: 3862, 6: 3749, 7: 3679, 8: 3881, 9: 3778}",51.99027777777778,51.166666666666664
rule_fpga_raft,60c1s5r10p,YCSB_A,rw_zipf_1,concurrent_150,100,75589,1461.28,3816.114,4251.86,1680.7879916125364,7558.9,"{0: 63.441, 1: 22.353, 2: 15.294, 3: 17.647, 4: 24.468}","{0: 1039.562, 1: 552.5, 2: 548.75, 3: 547.25, 4: 547.312}","{0: 7607, 1: 7458, 2: 7521, 3: 7409, 4: 7407, 5: 7757, 6: 7367, 7: 7320, 8: 7940, 9: 7803}","{0: 3024, 1: 2979, 2: 2994, 3: 3011, 4: 2895, 5: 3503, 6: 3045, 7: 2989, 8: 3529, 9: 3468}","{0: 3024, 1: 2979, 2: 2994, 3: 3011, 4: 2895, 5: 3503, 6: 3045, 7: 2989, 8: 3529, 9: 3468}",41.58938469883184,41.58938469883184
rule_fpga_raft,60c1s5r10p,YCSB_A,rw_zipf_0.5,concurrent_50,0,30000,302.874,378.1975,394.34206,284.98565073333333,3000.0,"{0: 24.706, 1: 8.537, 2: 8.235, 3: 9.412, 4: 8.434}","{0: 502.188, 1: 475.125, 2: 475.562, 3: 474.625, 4: 474.938}","{0: 0, 1: 0, 2: 0, 3: 0, 4: 0, 5: 0, 6: 0, 7: 0, 8: 0, 9: 0}","{0: 0, 1: 0, 2: 0, 3: 0, 4: 0, 5: 0, 6: 0, 7: 0, 8: 0, 9: 0}","{0: 0, 1: 0, 2: 0, 3: 0, 4: 0, 5: 0, 6: 0, 7: 0, 8: 0, 9: 0}",0,0
rule_fpga_raft,60c1s5r10p,YCSB_A,rw_zipf_0.5,concurrent_50,101,30000,156.0045,229.6191,343.06705999999997,173.91221776666666,3000.0,"{0: 28.235, 1: 11.905, 2: 26.923, 3: 10.976, 4: 16.484}","{0: 506.125, 1: 492.875, 2: 494.625, 3: 493.0, 4: 492.938}","{0: 147, 1: 3000, 2: 3000, 3: 3000, 4: 3000, 5: 3000, 6: 3000, 7: 3000, 8: 3000, 9: 3000}","{0: 147, 1: 2988, 2: 2990, 3: 2994, 4: 2993, 5: 2988, 6: 2991, 7: 2995, 8: 2990, 9: 2992}","{0: 0, 1: 2988, 2: 2980, 3: 2994, 4: 2981, 5: 2988, 6: 2991, 7: 2979, 8: 2990, 9: 2992}",99.70899178546432,99.02751685269091
rule_fpga_raft,60c1s5r10p,YCSB_A,rw_zipf_0.5,concurrent_50,100,30000,155.0,229.2193,343.53002,172.99811863333335,3000.0,"{0: 25.581, 1: 13.095, 2: 8.434, 3: 14.943, 4: 9.756}","{0: 507.125, 1: 494.125, 2: 495.316, 3: 492.75, 4: 493.75}","{0: 3000, 1: 3000, 2: 3000, 3: 3000, 4: 3000, 5: 3000, 6: 3000, 7: 3000, 8: 3000, 9: 3000}","{0: 2991, 1: 2994, 2: 2995, 3: 2987, 4: 2990, 5: 2992, 6: 2996, 7: 2994, 8: 2995, 9: 2993}","{0: 0, 1: 2994, 2: 2987, 3: 2987, 4: 2977, 5: 2992, 6: 2996, 7: 2970, 8: 2995, 9: 2993}",99.75666666666666,89.63666666666667
rule_fpga_raft,60c1s5r10p,YCSB_A,rw_zipf_0.55,concurrent_50,0,30000,305.30150000000003,381.1117,392.03204,286.70214496666665,3000.0,"{0: 23.256, 1: 8.434, 2: 8.235, 3: 13.483, 4: 9.524}","{0: 502.5, 1: 474.938, 2: 475.75, 3: 474.812, 4: 474.812}","{0: 0, 1: 0, 2: 0, 3: 0, 4: 0, 5: 0, 6: 0, 7: 0, 8: 0, 9: 0}","{0: 0, 1: 0, 2: 0, 3: 0, 4: 0, 5: 0, 6: 0, 7: 0, 8: 0, 9: 0}","{0: 0, 1: 0, 2: 0, 3: 0, 4: 0, 5: 0, 6: 0, 7: 0, 8: 0, 9: 0}",0,0
rule_fpga_raft,60c1s5r10p,YCSB_A,rw_zipf_0.55,concurrent_50,101,30000,154.542,229.2451,342.81323,173.2241063,3000.0,"{0: 27.059, 1: 10.843, 2: 15.556, 3: 9.877, 4: 9.639}","{0: 506.0, 1: 492.312, 2: 494.25, 3: 492.188, 4: 492.375}","{0: 213, 1: 3000, 2: 3000, 3: 3000, 4: 3000, 5: 3000, 6: 3000, 7: 3000, 8: 3000, 9: 3000}","{0: 212, 1: 2987, 2: 2986, 3: 2987, 4: 2990, 5: 2981, 6: 2992, 7: 2986, 8: 2992, 9: 2984}","{0: 37, 1: 2987, 2: 2974, 3: 2986, 4: 2980, 5: 2981, 6: 2985, 7: 2979, 8: 2992, 9: 2984}",99.57373314224819,98.79469371256384
rule_fpga_raft,60c1s5r10p,YCSB_A,rw_zipf_0.55,concurrent_50,100,30000,154.673,230.474,339.00114999999994,172.0121879666667,3000.0,"{0: 27.059, 1: 10.976, 2: 8.537, 3: 20.213, 4: 18.28}","{0: 505.062, 1: 493.375, 2: 494.75, 3: 492.125, 4: 493.438}","{0: 3000, 1: 3000, 2: 3000, 3: 3000, 4: 3000, 5: 3000, 6: 3000, 7: 3000, 8: 3000, 9: 3000}","{0: 2987, 1: 2983, 2: 2989, 3: 2990, 4: 2979, 5: 2985, 6: 2992, 7: 2984, 8: 2984, 9: 2991}","{0: 0, 1: 2982, 2: 2973, 3: 2990, 4: 2958, 5: 2985, 6: 2988, 7: 2974, 8: 2984, 9: 2991}",99.54666666666667,89.41666666666667
rule_fpga_raft,60c1s5r10p,YCSB_A,rw_zipf_0.6,concurrent_50,0,30000,302.336,349.36440000006826,397.43090999999407,285.12017083333336,3000.0,"{0: 23.81, 1: 9.524, 2: 4.878, 3: 21.875, 4: 9.412}","{0: 501.938, 1: 474.75, 2: 475.25, 3: 474.188, 4: 474.5}","{0: 0, 1: 0, 2: 0, 3: 0, 4: 0, 5: 0, 6: 0, 7: 0, 8: 0, 9: 0}","{0: 0, 1: 0, 2: 0, 3: 0, 4: 0, 5: 0, 6: 0, 7: 0, 8: 0, 9: 0}","{0: 0, 1: 0, 2: 0, 3: 0, 4: 0, 5: 0, 6: 0, 7: 0, 8: 0, 9: 0}",0,0
rule_fpga_raft,60c1s5r10p,YCSB_A,rw_zipf_0.6,concurrent_50,101,30000,155.58,230.56910000000008,342.90309,173.39542476666665,3000.0,"{0: 27.059, 1: 10.714, 2: 9.412, 3: 10.714, 4: 13.793}","{0: 504.312, 1: 492.125, 2: 493.0, 3: 491.188, 4: 491.312}","{0: 160, 1: 3000, 2: 3000, 3: 3000, 4: 3000, 5: 3000, 6: 3000, 7: 3000, 8: 3000, 9: 3000}","{0: 159, 1: 2975, 2: 2977, 3: 2966, 4: 2975, 5: 2966, 6: 2975, 7: 2972, 8: 2974, 9: 2973}","{0: 0, 1: 2975, 2: 2967, 3: 2966, 4: 2964, 5: 2966, 6: 2975, 7: 2955, 8: 2974, 9: 2973}",99.08689248895435,98.36156111929307
rule_fpga_raft,60c1s5r10p,YCSB_A,rw_zipf_0.6,concurrent_50,100,30000,155.085,229.37630000000001,341.3841,173.09063349999997,3000.0,"{0: 26.744, 1: 10.843, 2: 8.333, 3: 11.905, 4: 11.765}","{0: 505.188, 1: 493.125, 2: 494.625, 3: 492.625, 4: 492.625}","{0: 3000, 1: 3000, 2: 3000, 3: 3000, 4: 3000, 5: 3000, 6: 3000, 7: 3000, 8: 3000, 9: 3000}","{0: 2972, 1: 2983, 2: 2972, 3: 2978, 4: 2973, 5: 2971, 6: 2982, 7: 2984, 8: 2982, 9: 2975}","{0: 0, 1: 2983, 2: 2962, 3: 2978, 4: 2957, 5: 2971, 6: 2982, 7: 2972, 8: 2982, 9: 2975}",99.24,89.20666666666666
rule_fpga_raft,60c1s5r10p,YCSB_A,rw_zipf_0.65,concurrent_50,0,30000,302.6225,379.99649999999997,390.728,285.998362,3000.0,"{0: 24.706, 1: 8.537, 2: 14.286, 3: 8.434, 4: 7.317}","{0: 501.125, 1: 474.312, 2: 475.062, 3: 473.938, 4: 474.062}","{0: 0, 1: 0, 2: 0, 3: 0, 4: 0, 5: 0, 6: 0, 7: 0, 8: 0, 9: 0}","{0: 0, 1: 0, 2: 0, 3: 0, 4: 0, 5: 0, 6: 0, 7: 0, 8: 0, 9: 0}","{0: 0, 1: 0, 2: 0, 3: 0, 4: 0, 5: 0, 6: 0, 7: 0, 8: 0, 9: 0}",0,0
rule_fpga_raft,60c1s5r10p,YCSB_A,rw_zipf_0.65,concurrent_50,101,30000,155.254,237.902,342.8221,173.47560036666667,3000.0,"{0: 28.235, 1: 11.765, 2: 8.333, 3: 9.639, 4: 19.355}","{0: 503.5, 1: 491.562, 2: 492.375, 3: 490.562, 4: 490.688}","{0: 135, 1: 3000, 2: 3000, 3: 3000, 4: 3000, 5: 3000, 6: 3000, 7: 3000, 8: 3000, 9: 3000}","{0: 134, 1: 2953, 2: 2961, 3: 2959, 4: 2936, 5: 2965, 6: 2951, 7: 2951, 8: 2953, 9: 2948}","{0: 0, 1: 2953, 2: 2946, 3: 2959, 4: 2923, 5: 2965, 6: 2951, 7: 2941, 8: 2953, 9: 2948}",98.43744241754192,97.80357471899761
rule_fpga_raft,60c1s5r10p,YCSB_A,rw_zipf_0.65,concurrent_50,100,30000,155.2765,229.361,343.67354999999975,174.24288123333335,3000.0,"{0: 28.235, 1: 12.048, 2: 9.524, 3: 11.905, 4: 11.628}","{0: 504.0, 1: 492.375, 2: 493.812, 3: 491.125, 4: 491.75}","{0: 3000, 1: 3000, 2: 3000, 3: 3000, 4: 3000, 5: 3000, 6: 3000, 7: 3000, 8: 3000, 9: 3000}","{0: 2948, 1: 2961, 2: 2952, 3: 2950, 4: 2962, 5: 2952, 6: 2944, 7: 2945, 8: 2937, 9: 2943}","{0: 341, 1: 2956, 2: 2937, 3: 2950, 4: 2946, 5: 2952, 6: 2944, 7: 2931, 8: 2937, 9: 2943}",98.31333333333333,89.45666666666666
rule_fpga_raft,60c1s5r10p,YCSB_A,rw_zipf_0.7,concurrent_50,0,30000,298.6245,375.7342000000001,381.55005,282.75224720000006,3000.0,"{0: 24.706, 1: 8.434, 2: 16.304, 3: 8.434, 4: 10.588}","{0: 500.75, 1: 473.938, 2: 474.625, 3: 473.812, 4: 473.812}","{0: 0, 1: 0, 2: 0, 3: 0, 4: 0, 5: 0, 6: 0, 7: 0, 8: 0, 9: 0}","{0: 0, 1: 0, 2: 0, 3: 0, 4: 0, 5: 0, 6: 0, 7: 0, 8: 0, 9: 0}","{0: 0, 1: 0, 2: 0, 3: 0, 4: 0, 5: 0, 6: 0, 7: 0, 8: 0, 9: 0}",0,0
rule_fpga_raft,60c1s5r10p,YCSB_A,rw_zipf_0.7,concurrent_50,101,30000,155.004,237.3821,376.21421999999995,176.22666403333338,3000.0,"{0: 26.437, 1: 10.714, 2: 23.762, 3: 10.843, 4: 21.875}","{0: 503.125, 1: 490.438, 2: 492.312, 3: 490.125, 4: 490.875}","{0: 171, 1: 3000, 2: 3000, 3: 3000, 4: 3000, 5: 3000, 6: 3000, 7: 3000, 8: 3000, 9: 3000}","{0: 168, 1: 2900, 2: 2920, 3: 2905, 4: 2918, 5: 2905, 6: 2904, 7: 2916, 8: 2910, 9: 2910}","{0: 0, 1: 2853, 2: 2912, 3: 2905, 4: 2902, 5: 2905, 6: 2903, 7: 2900, 8: 2910, 9: 2910}",97.00047845128998,96.05829744948659
rule_fpga_raft,60c1s5r10p,YCSB_A,rw_zipf_0.7,concurrent_50,100,30000,155.982,239.0783,382.96314,177.08579669999997,3000.0,"{0: 26.744, 1: 12.195, 2: 7.317, 3: 12.048, 4: 15.556}","{0: 504.062, 1: 491.125, 2: 493.438, 3: 490.688, 4: 491.125}","{0: 3000, 1: 3000, 2: 3000, 3: 3000, 4: 3000, 5: 3000, 6: 3000, 7: 3000, 8: 3000, 9: 3000}","{0: 2926, 1: 2930, 2: 2912, 3: 2912, 4: 2895, 5: 2925, 6: 2938, 7: 2927, 8: 2919, 9: 2915}","{0: 0, 1: 2928, 2: 2903, 3: 2912, 4: 2881, 5: 2925, 6: 2936, 7: 2909, 8: 2919, 9: 2915}",97.33,87.42666666666666
rule_fpga_raft,60c1s5r10p,YCSB_A,rw_zipf_0.75,concurrent_50,0,30000,301.505,335.1408000001015,387.79404,284.24719856666667,3000.0,"{0: 25.287, 1: 8.537, 2: 4.938, 3: 8.434, 4: 18.947}","{0: 500.312, 1: 473.875, 2: 474.375, 3: 473.312, 4: 473.75}","{0: 0, 1: 0, 2: 0, 3: 0, 4: 0, 5: 0, 6: 0, 7: 0, 8: 0, 9: 0}","{0: 0, 1: 0, 2: 0, 3: 0, 4: 0, 5: 0, 6: 0, 7: 0, 8: 0, 9: 0}","{0: 0, 1: 0, 2: 0, 3: 0, 4: 0, 5: 0, 6: 0, 7: 0, 8: 0, 9: 0}",0,0
rule_fpga_raft,60c1s5r10p,YCSB_A,rw_zipf_0.75,concurrent_50,101,30000,155.41250000000002,236.6132,385.1438499999981,177.85912096666667,3000.0,"{0: 27.059, 1: 10.714, 2: 8.434, 3: 15.73, 4: 10.588}","{0: 502.625, 1: 489.5, 2: 491.188, 3: 489.125, 4: 489.688}","{0: 134, 1: 3000, 2: 3000, 3: 3000, 4: 3000, 5: 3000, 6: 3000, 7: 3000, 8: 3000, 9: 3000}","{0: 124, 1: 2868, 2: 2852, 3: 2866, 4: 2856, 5: 2860, 6: 2858, 7: 2829, 8: 2867, 9: 2851}","{0: 0, 1: 2867, 2: 2842, 3: 2866, 4: 2838, 5: 2860, 6: 2858, 7: 2819, 8: 2867, 9: 2851}",95.19790668533943,94.597184344365
rule_fpga_raft,60c1s5r10p,YCSB_A,rw_zipf_0.75,concurrent_50,100,30000,154.08749999999998,238.2391,377.60026999999997,177.29525986666667,3000.0,"{0: 26.437, 1: 11.905, 2: 19.792, 3: 10.714, 4: 10.714}","{0: 502.25, 1: 490.25, 2: 491.188, 3: 488.688, 4: 490.0}","{0: 3000, 1: 3000, 2: 3000, 3: 3000, 4: 3000, 5: 3000, 6: 3000, 7: 3000, 8: 3000, 9: 3000}","{0: 2866, 1: 2859, 2: 2875, 3: 2854, 4: 2867, 5: 2869, 6: 2854, 7: 2862, 8: 2857, 9: 2868}","{0: 0, 1: 2856, 2: 2863, 3: 2853, 4: 2858, 5: 2869, 6: 2844, 7: 2854, 8: 2857, 9: 2868}",95.43666666666667,85.74
rule_fpga_raft,60c1s5r10p,YCSB_A,rw_zipf_0.8,concurrent_50,0,30000,306.424,381.4935,415.60204,288.8236728666667,3000.0,"{0: 23.529, 1: 9.877, 2: 4.878, 3: 8.333, 4: 15.385}","{0: 500.875, 1: 473.812, 2: 474.25, 3: 472.812, 4: 473.312}","{0: 0, 1: 0, 2: 0, 3: 0, 4: 0, 5: 0, 6: 0, 7: 0, 8: 0, 9: 0}","{0: 0, 1: 0, 2: 0, 3: 0, 4: 0, 5: 0, 6: 0, 7: 0, 8: 0, 9: 0}","{0: 0, 1: 0, 2: 0, 3: 0, 4: 0, 5: 0, 6: 0, 7: 0, 8: 0, 9: 0}",0,0
rule_fpga_raft,60c1s5r10p,YCSB_A,rw_zipf_0.8,concurrent_50,101,30000,155.99200000000002,255.00900000000004,382.96223,180.95176236666669,3000.0,"{0: 27.586, 1: 10.714, 2: 7.317, 3: 10.843, 4: 9.639}","{0: 501.312, 1: 488.25, 2: 489.688, 3: 487.938, 4: 487.938}","{0: 147, 1: 3000, 2: 3000, 3: 3000, 4: 3000, 5: 3000, 6: 3000, 7: 3000, 8: 3000, 9: 3000}","{0: 132, 1: 2725, 2: 2759, 3: 2784, 4: 2769, 5: 2772, 6: 2768, 7: 2778, 8: 2767, 9: 2760}","{0: 0, 1: 2722, 2: 2751, 3: 2783, 4: 2761, 5: 2772, 6: 2768, 7: 2763, 8: 2767, 9: 2760}",92.14277820753675,91.52760894389803
rule_fpga_raft,60c1s5r10p,YCSB_A,rw_zipf_0.8,concurrent_50,100,30000,154.61,279.9653,388.99,181.6498968666667,3000.0,"{0: 25.882, 1: 14.773, 2: 8.434, 3: 11.765, 4: 11.765}","{0: 501.062, 1: 488.5, 2: 489.5, 3: 487.188, 4: 488.125}","{0: 3000, 1: 3000, 2: 3000, 3: 3000, 4: 3000, 5: 3000, 6: 3000, 7: 3000, 8: 3000, 9: 3000}","{0: 2791, 1: 2755, 2: 2759, 3: 2761, 4: 2726, 5: 2749, 6: 2756, 7: 2774, 8: 2746, 9: 2758}","{0: 0, 1: 2746, 2: 2748, 3: 2760, 4: 2713, 5: 2749, 6: 2754, 7: 2763, 8: 2746, 9: 2758}",91.91666666666667,82.45666666666666
rule_fpga_raft,60c1s5r10p,YCSB_A,rw_zipf_0.85,concurrent_50,0,30000,303.71900000000005,379.82950000000005,397.16502,286.6023328333333,3000.0,"{0: 24.419, 1: 8.434, 2: 10.465, 3: 9.524, 4: 13.636}","{0: 496.312, 1: 472.312, 2: 472.688, 3: 472.125, 4: 472.062}","{0: 0, 1: 0, 2: 0, 3: 0, 4: 0, 5: 0, 6: 0, 7: 0, 8: 0, 9: 0}","{0: 0, 1: 0, 2: 0, 3: 0, 4: 0, 5: 0, 6: 0, 7: 0, 8: 0, 9: 0}","{0: 0, 1: 0, 2: 0, 3: 0, 4: 0, 5: 0, 6: 0, 7: 0, 8: 0, 9: 0}",0,0
rule_fpga_raft,60c1s5r10p,YCSB_A,rw_zipf_0.85,concurrent_50,101,30000,155.861,296.0617,396.15235999999993,186.06277293333335,3000.0,"{0: 25.882, 1: 10.714, 2: 19.149, 3: 11.905, 4: 10.714}","{0: 500.312, 1: 486.625, 2: 488.0, 3: 486.125, 4: 486.375}","{0: 147, 1: 3000, 2: 3000, 3: 3000, 4: 3000, 5: 3000, 6: 3000, 7: 3000, 8: 3000, 9: 3000}","{0: 132, 1: 2641, 2: 2623, 3: 2602, 4: 2646, 5: 2575, 6: 2652, 7: 2644, 8: 2620, 9: 2626}","{0: 0, 1: 2638, 2: 2616, 3: 2595, 4: 2640, 5: 2575, 6: 2643, 7: 2636, 8: 2620, 9: 2626}",87.5271669061038,86.89357940103879
rule_fpga_raft,60c1s5r10p,YCSB_A,rw_zipf_0.85,concurrent_50,100,30000,155.7865,296.2931,444.3902499999999,186.99903573333336,3000.0,"{0: 26.744, 1: 10.714, 2: 7.317, 3: 11.765, 4: 11.765}","{0: 500.438, 1: 487.062, 2: 488.312, 3: 486.625, 4: 486.812}","{0: 3000, 1: 3000, 2: 3000, 3: 3000, 4: 3000, 5: 3000, 6: 3000, 7: 3000, 8: 3000, 9: 3000}","{0: 2610, 1: 2662, 2: 2636, 3: 2621, 4: 2625, 5: 2625, 6: 2646, 7: 2630, 8: 2662, 9: 2644}","{0: 0, 1: 2576, 2: 2625, 3: 2617, 4: 2608, 5: 2625, 6: 2637, 7: 2623, 8: 2662, 9: 2644}",87.87,78.72333333333333
rule_fpga_raft,60c1s5r10p,YCSB_A,rw_zipf_0.9,concurrent_50,0,30000,303.6805,379.40960000000035,388.21403,284.9984476333334,3000.0,"{0: 24.096, 1: 8.537, 2: 5.952, 3: 23.232, 4: 8.333}","{0: 494.688, 1: 471.625, 2: 472.188, 3: 471.375, 4: 471.438}","{0: 0, 1: 0, 2: 0, 3: 0, 4: 0, 5: 0, 6: 0, 7: 0, 8: 0, 9: 0}","{0: 0, 1: 0, 2: 0, 3: 0, 4: 0, 5: 0, 6: 0, 7: 0, 8: 0, 9: 0}","{0: 0, 1: 0, 2: 0, 3: 0, 4: 0, 5: 0, 6: 0, 7: 0, 8: 0, 9: 0}",0,0
rule_fpga_raft,60c1s5r10p,YCSB_A,rw_zipf_0.9,concurrent_50,101,30000,168.05700000000002,305.7077,441.54807,193.11599943333334,3000.0,"{0: 27.059, 1: 10.714, 2: 17.391, 3: 12.791, 4: 10.714}","{0: 498.625, 1: 484.812, 2: 485.875, 3: 484.25, 4: 485.0}","{0: 151, 1: 3000, 2: 3000, 3: 3000, 4: 3000, 5: 3000, 6: 3000, 7: 3000, 8: 3000, 9: 3000}","{0: 132, 1: 2490, 2: 2428, 3: 2467, 4: 2437, 5: 2401, 6: 2472, 7: 2484, 8: 2470, 9: 2478}","{0: 0, 1: 2486, 2: 2419, 3: 2466, 4: 2427, 5: 2401, 6: 2467, 7: 2473, 8: 2470, 9: 2478}",81.98224743103384,81.34875326875621
rule_fpga_raft,60c1s5r10p,YCSB_A,rw_zipf_0.9,concurrent_50,100,30000,168.983,304.2841,453.08507,194.7351038,3000.0,"{0: 27.586, 1: 10.843, 2: 8.333, 3: 16.667, 4: 9.639}","{0: 497.875, 1: 485.312, 2: 486.312, 3: 484.25, 4: 484.75}","{0: 3000, 1: 3000, 2: 3000, 3: 3000, 4: 3000, 5: 3000, 6: 3000, 7: 3000, 8: 3000, 9: 3000}","{0: 2460, 1: 2462, 2: 2462, 3: 2397, 4: 2452, 5: 2463, 6: 2442, 7: 2448, 8: 2449, 9: 2450}","{0: 0, 1: 2448, 2: 2456, 3: 2390, 4: 2434, 5: 2463, 6: 2431, 7: 2440, 8: 2449, 9: 2450}",81.61666666666666,73.20333333333333
rule_fpga_raft,60c1s5r10p,YCSB_A,rw_zipf_0.95,concurrent_50,0,30000,302.488,349.41430000007017,399.592,285.97041916666666,3000.0,"{0: 23.256, 1: 8.434, 2: 7.143, 3: 9.524, 4: 15.385}","{0: 492.375, 1: 470.875, 2: 471.312, 3: 470.375, 4: 470.875}","{0: 0, 1: 0, 2: 0, 3: 0, 4: 0, 5: 0, 6: 0, 7: 0, 8: 0, 9: 0}","{0: 0, 1: 0, 2: 0, 3: 0, 4: 0, 5: 0, 6: 0, 7: 0, 8: 0, 9: 0}","{0: 0, 1: 0, 2: 0, 3: 0, 4: 0, 5: 0, 6: 0, 7: 0, 8: 0, 9: 0}",0,0
rule_fpga_raft,60c1s5r10p,YCSB_A,rw_zipf_0.95,concurrent_50,101,30000,169.5815,310.8199,453.27909,201.92880306666666,3000.0,"{0: 25.882, 1: 10.843, 2: 8.333, 3: 10.714, 4: 8.537}","{0: 494.875, 1: 482.75, 2: 483.625, 3: 482.875, 4: 482.812}","{0: 147, 1: 3000, 2: 3000, 3: 3000, 4: 3000, 5: 3000, 6: 3000, 7: 3000, 8: 3000, 9: 3000}","{0: 110, 1: 2282, 2: 2269, 3: 2257, 4: 2235, 5: 2271, 6: 2241, 7: 2260, 8: 2239, 9: 2265}","{0: 0, 1: 2277, 2: 2263, 3: 2257, 4: 2228, 5: 2271, 6: 2241, 7: 2255, 8: 2239, 9: 2265}",75.25325081961175,74.76332559767194
rule_fpga_raft,60c1s5r10p,YCSB_A,rw_zipf_0.95,concurrent_50,100,30000,169.689,323.4578000000001,455.85505,204.13568569999998,3000.0,"{0: 25.882, 1: 10.843, 2: 17.895, 3: 9.756, 4: 11.628}","{0: 496.125, 1: 483.562, 2: 484.375, 3: 482.75, 4: 483.375}","{0: 3000, 1: 3000, 2: 3000, 3: 3000, 4: 3000, 5: 3000, 6: 3000, 7: 3000, 8: 3000, 9: 3000}","{0: 2253, 1: 2259, 2: 2233, 3: 2233, 4: 2219, 5: 2226, 6: 2254, 7: 2248, 8: 2278, 9: 2255}","{0: 6, 1: 2250, 2: 2227, 3: 2233, 4: 2213, 5: 2226, 6: 2254, 7: 2238, 8: 2278, 9: 2255}",74.86,67.26666666666667
rule_fpga_raft,60c1s5r10p,YCSB_A,rw_zipf_1,concurrent_50,0,30000,307.1535,381.46630000000033,394.85804,288.4377818666667,3000.0,"{0: 25.581, 1: 8.537, 2: 4.878, 3: 11.628, 4: 18.085}","{0: 491.688, 1: 470.0, 2: 470.5, 3: 469.938, 4: 469.875}","{0: 0, 1: 0, 2: 0, 3: 0, 4: 0, 5: 0, 6: 0, 7: 0, 8: 0, 9: 0}","{0: 0, 1: 0, 2: 0, 3: 0, 4: 0, 5: 0, 6: 0, 7: 0, 8: 0, 9: 0}","{0: 0, 1: 0, 2: 0, 3: 0, 4: 0, 5: 0, 6: 0, 7: 0, 8: 0, 9: 0}",0,0
rule_fpga_raft,60c1s5r10p,YCSB_A,rw_zipf_1,concurrent_50,101,30000,171.4715,323.4728,468.20320999999996,212.13415656666663,3000.0,"{0: 25.581, 1: 10.714, 2: 14.444, 3: 10.843, 4: 8.434}","{0: 495.5, 1: 481.375, 2: 482.312, 3: 480.812, 4: 481.188}","{0: 162, 1: 3000, 2: 3000, 3: 3000, 4: 3000, 5: 3000, 6: 3000, 7: 3000, 8: 3000, 9: 3000}","{0: 104, 1: 1958, 2: 1974, 3: 2028, 4: 1996, 5: 2025, 6: 2046, 7: 2010, 8: 2030, 9: 2021}","{0: 0, 1: 1953, 2: 1968, 3: 2028, 4: 1989, 5: 2025, 6: 2045, 7: 2004, 8: 2030, 9: 2021}",66.9759222443119,66.50099403578528
rule_fpga_raft,60c1s5r10p,YCSB_A,rw_zipf_1,concurrent_50,100,30000,171.781,323.59069999999997,453.80505999999997,212.62172216666667,3000.0,"{0: 24.706, 1: 10.843, 2: 7.229, 3: 11.765, 4: 9.639}","{0: 495.438, 1: 482.0, 2: 483.375, 3: 481.312, 4: 481.938}","{0: 3000, 1: 3000, 2: 3000, 3: 3000, 4: 3000, 5: 3000, 6: 3000, 7: 3000, 8: 3000, 9: 3000}","{0: 1999, 1: 2032, 2: 2017, 3: 1989, 4: 2006, 5: 2038, 6: 2015, 7: 1963, 8: 1953, 9: 1978}","{0: 21, 1: 2022, 2: 2010, 3: 1989, 4: 2000, 5: 2038, 6: 2014, 7: 1959, 8: 1953, 9: 1978}",66.63333333333334,59.946666666666665
rule_fpga_raft,60c1s5r10p,YCSB_B,rw_zipf_0.5,concurrent_50,0,30000,301.6515,335.5107000001016,397.27902,283.35412983333333,3000.0,"{0: 24.706, 1: 9.524, 2: 4.938, 3: 8.434, 4: 8.434}","{0: 502.562, 1: 475.25, 2: 475.938, 3: 474.5, 4: 475.0}","{0: 0, 1: 0, 2: 0, 3: 0, 4: 0, 5: 0, 6: 0, 7: 0, 8: 0, 9: 0}","{0: 0, 1: 0, 2: 0, 3: 0, 4: 0, 5: 0, 6: 0, 7: 0, 8: 0, 9: 0}","{0: 0, 1: 0, 2: 0, 3: 0, 4: 0, 5: 0, 6: 0, 7: 0, 8: 0, 9: 0}",0,0
rule_fpga_raft,60c1s5r10p,YCSB_B,rw_zipf_0.5,concurrent_50,101,30000,153.218,228.095,318.81947999999943,167.98570056666662,3000.0,"{0: 27.907, 1: 11.905, 2: 7.317, 3: 10.714, 4: 23.469}","{0: 505.375, 1: 492.625, 2: 494.438, 3: 492.0, 4: 492.465}","{0: 166, 1: 3000, 2: 3000, 3: 3000, 4: 3000, 5: 3000, 6: 3000, 7: 3000, 8: 3000, 9: 3000}","{0: 166, 1: 2998, 2: 2999, 3: 2998, 4: 2997, 5: 2997, 6: 3000, 7: 2999, 8: 3000, 9: 2999}","{0: 0, 1: 2998, 2: 2989, 3: 2994, 4: 2987, 5: 2997, 6: 2993, 7: 2987, 8: 3000, 9: 2999}",99.95214606493411,99.18280203195171
rule_fpga_raft,60c1s5r10p,YCSB_B,rw_zipf_0.5,concurrent_50,100,30000,154.815,228.757,334.107,168.88376463333333,3000.0,"{0: 28.235, 1: 13.253, 2: 7.317, 3: 11.905, 4: 22.917}","{0: 505.188, 1: 493.25, 2: 495.254, 3: 492.32, 4: 492.625}","{0: 3000, 1: 3000, 2: 3000, 3: 3000, 4: 3000, 5: 3000, 6: 3000, 7: 3000, 8: 3000, 9: 3000}","{0: 2997, 1: 2998, 2: 2998, 3: 2999, 4: 3000, 5: 2999, 6: 2998, 7: 3000, 8: 3000, 9: 2999}","{0: 0, 1: 2998, 2: 2990, 3: 2999, 4: 2985, 5: 2999, 6: 2997, 7: 2994, 8: 3000, 9: 2999}",99.96,89.87
rule_fpga_raft,60c1s5r10p,YCSB_B,rw_zipf_0.55,concurrent_50,0,30000,302.8855,344.62520000008607,392.2999699999997,285.8768366,3000.0,"{0: 24.138, 1: 7.407, 2: 6.024, 3: 11.628, 4: 11.494}","{0: 504.438, 1: 475.062, 2: 475.875, 3: 474.5, 4: 474.938}","{0: 0, 1: 0, 2: 0, 3: 0, 4: 0, 5: 0, 6: 0, 7: 0, 8: 0, 9: 0}","{0: 0, 1: 0, 2: 0, 3: 0, 4: 0, 5: 0, 6: 0, 7: 0, 8: 0, 9: 0}","{0: 0, 1: 0, 2: 0, 3: 0, 4: 0, 5: 0, 6: 0, 7: 0, 8: 0, 9: 0}",0,0
rule_fpga_raft,60c1s5r10p,YCSB_B,rw_zipf_0.55,concurrent_50,101,30000,153.977,227.679,302.93651999999975,167.80392296666665,3000.0,"{0: 26.437, 1: 10.714, 2: 23.762, 3: 12.048, 4: 9.639}","{0: 505.312, 1: 492.125, 2: 493.75, 3: 491.75, 4: 492.25}","{0: 171, 1: 3000, 2: 3000, 3: 3000, 4: 3000, 5: 3000, 6: 3000, 7: 3000, 8: 3000, 9: 3000}","{0: 171, 1: 2998, 2: 2998, 3: 2999, 4: 2999, 5: 2999, 6: 2997, 7: 2999, 8: 2998, 9: 2997}","{0: 0, 1: 2998, 2: 2988, 3: 2998, 4: 2993, 5: 2999, 6: 2996, 7: 2989, 8: 2998, 9: 2997}",99.94111368738729,99.20871517426669
rule_fpga_raft,60c1s5r10p,YCSB_B,rw_zipf_0.55,concurrent_50,100,30000,154.73450000000003,228.8572,306.99609,167.98810073333334,3000.0,"{0: 27.059, 1: 9.877, 2: 8.434, 3: 11.765, 4: 10.843}","{0: 506.375, 1: 493.062, 2: 495.188, 3: 492.375, 4: 492.75}","{0: 3000, 1: 3000, 2: 3000, 3: 3000, 4: 3000, 5: 3000, 6: 3000, 7: 3000, 8: 3000, 9: 3000}","{0: 2997, 1: 2999, 2: 2998, 3: 2999, 4: 2999, 5: 2997, 6: 2996, 7: 2998, 8: 2999, 9: 2999}","{0: 0, 1: 2999, 2: 2991, 3: 2999, 4: 2991, 5: 2997, 6: 2996, 7: 2992, 8: 2999, 9: 2999}",99.93666666666667,89.87666666666667
rule_fpga_raft,60c1s5r10p,YCSB_B,rw_zipf_0.6,concurrent_50,0,30000,304.8195,341.25720000009727,399.88402,287.5800654,3000.0,"{0: 26.744, 1: 11.628, 2: 18.75, 3: 10.588, 4: 10.465}","{0: 501.562, 1: 475.062, 2: 475.5, 3: 474.699, 4: 474.688}","{0: 0, 1: 0, 2: 0, 3: 0, 4: 0, 5: 0, 6: 0, 7: 0, 8: 0, 9: 0}","{0: 0, 1: 0, 2: 0, 3: 0, 4: 0, 5: 0, 6: 0, 7: 0, 8: 0, 9: 0}","{0: 0, 1: 0, 2: 0, 3: 0, 4: 0, 5: 0, 6: 0, 7: 0, 8: 0, 9: 0}",0,0
rule_fpga_raft,60c1s5r10p,YCSB_B,rw_zipf_0.6,concurrent_50,101,30000,154.61849999999998,228.5033,308.58011,167.89942286666667,3000.0,"{0: 28.235, 1: 10.843, 2: 7.317, 3: 11.765, 4: 14.773}","{0: 504.562, 1: 492.188, 2: 493.75, 3: 491.062, 4: 491.75}","{0: 146, 1: 3000, 2: 3000, 3: 3000, 4: 3000, 5: 3000, 6: 3000, 7: 3000, 8: 3000, 9: 3000}","{0: 146, 1: 2998, 2: 3000, 3: 2995, 4: 2997, 5: 2997, 6: 2997, 7: 2996, 8: 2992, 9: 2997}","{0: 0, 1: 2998, 2: 2991, 3: 2995, 4: 2987, 5: 2997, 6: 2997, 7: 2986, 8: 2992, 9: 2997}",99.88580269652988,99.24114049952111
rule_fpga_raft,60c1s5r10p,YCSB_B,rw_zipf_0.6,concurrent_50,100,30000,154.331,228.3021,334.39912,168.4968502,3000.0,"{0: 25.581, 1: 10.976, 2: 11.494, 3: 11.905, 4: 10.714}","{0: 505.75, 1: 493.125, 2: 494.75, 3: 492.875, 4: 492.562}","{0: 3000, 1: 3000, 2: 3000, 3: 3000, 4: 3000, 5: 3000, 6: 3000, 7: 3000, 8: 3000, 9: 3000}","{0: 2998, 1: 2995, 2: 2999, 3: 2997, 4: 2996, 5: 2994, 6: 2995, 7: 2996, 8: 2999, 9: 2992}","{0: 0, 1: 2995, 2: 2984, 3: 2990, 4: 2988, 5: 2994, 6: 2985, 7: 2988, 8: 2999, 9: 2992}",99.87,89.71666666666667
rule_fpga_raft,60c1s5r10p,YCSB_B,rw_zipf_0.65,concurrent_50,0,30000,301.657,334.15520000011213,392.11204000000004,284.6913469333333,3000.0,"{0: 22.353, 1: 9.524, 2: 9.302, 3: 9.524, 4: 8.537}","{0: 500.875, 1: 474.938, 2: 475.312, 3: 474.125, 4: 474.188}","{0: 0, 1: 0, 2: 0, 3: 0, 4: 0, 5: 0, 6: 0, 7: 0, 8: 0, 9: 0}","{0: 0, 1: 0, 2: 0, 3: 0, 4: 0, 5: 0, 6: 0, 7: 0, 8: 0, 9: 0}","{0: 0, 1: 0, 2: 0, 3: 0, 4: 0, 5: 0, 6: 0, 7: 0, 8: 0, 9: 0}",0,0
rule_fpga_raft,60c1s5r10p,YCSB_B,rw_zipf_0.65,concurrent_50,101,30000,153.9805,228.765,307.59200999999985,168.77680536666668,3000.0,"{0: 27.907, 1: 9.639, 2: 7.317, 3: 10.714, 4: 12.791}","{0: 504.5, 1: 491.75, 2: 493.125, 3: 490.875, 4: 491.5}","{0: 160, 1: 3000, 2: 3000, 3: 3000, 4: 3000, 5: 3000, 6: 3000, 7: 3000, 8: 3000, 9: 3000}","{0: 160, 1: 2992, 2: 2997, 3: 2988, 4: 2997, 5: 2995, 6: 2997, 7: 2990, 8: 2994, 9: 2990}","{0: 0, 1: 2992, 2: 2986, 3: 2984, 4: 2987, 5: 2995, 6: 2992, 7: 2986, 8: 2994, 9: 2990}",99.77908689248895,99.06480117820324
rule_fpga_raft,60c1s5r10p,YCSB_B,rw_zipf_0.65,concurrent_50,100,30000,154.423,228.8041,305.32104000000004,168.31748033333335,3000.0,"{0: 28.736, 1: 10.976, 2: 12.5, 3: 11.765, 4: 10.843}","{0: 504.375, 1: 492.125, 2: 493.75, 3: 492.0, 4: 491.438}","{0: 3000, 1: 3000, 2: 3000, 3: 3000, 4: 3000, 5: 3000, 6: 3000, 7: 3000, 8: 3000, 9: 3000}","{0: 2995, 1: 2993, 2: 2994, 3: 2995, 4: 2997, 5: 2989, 6: 2995, 7: 2994, 8: 2992, 9: 2994}","{0: 0, 1: 2993, 2: 2984, 3: 2992, 4: 2992, 5: 2989, 6: 2992, 7: 2990, 8: 2992, 9: 2994}",99.79333333333334,89.72666666666667
rule_fpga_raft,60c1s5r10p,YCSB_B,rw_zipf_0.7,concurrent_50,0,30000,301.207,331.45940000011143,389.476,284.41091236666665,3000.0,"{0: 25.882, 1: 9.639, 2: 4.938, 3: 8.434, 4: 7.317}","{0: 501.125, 1: 474.25, 2: 475.0, 3: 473.75, 4: 474.062}","{0: 0, 1: 0, 2: 0, 3: 0, 4: 0, 5: 0, 6: 0, 7: 0, 8: 0, 9: 0}","{0: 0, 1: 0, 2: 0, 3: 0, 4: 0, 5: 0, 6: 0, 7: 0, 8: 0, 9: 0}","{0: 0, 1: 0, 2: 0, 3: 0, 4: 0, 5: 0, 6: 0, 7: 0, 8: 0, 9: 0}",0,0
rule_fpga_raft,60c1s5r10p,YCSB_B,rw_zipf_0.7,concurrent_50,101,30000,154.401,230.0611,333.542,172.99837646666666,3000.0,"{0: 27.059, 1: 10.588, 2: 7.317, 3: 11.765, 4: 20.213}","{0: 503.25, 1: 490.062, 2: 492.438, 3: 490.062, 4: 490.125}","{0: 151, 1: 2118, 2: 3000, 3: 3000, 4: 3000, 5: 3000, 6: 3000, 7: 3000, 8: 3000, 9: 3000}","{0: 151, 1: 2108, 2: 2990, 3: 2986, 4: 2984, 5: 2982, 6: 2991, 7: 2985, 8: 2989, 9: 2991}","{0: 0, 1: 2089, 2: 2984, 3: 2984, 4: 2979, 5: 2982, 6: 2986, 7: 2977, 8: 2989, 9: 2991}",99.57364193536107,98.82751532224295
rule_fpga_raft,60c1s5r10p,YCSB_B,rw_zipf_0.7,concurrent_50,100,30000,155.47050000000002,230.4031,329.51036999999883,170.19133466666665,3000.0,"{0: 27.059, 1: 10.843, 2: 23.232, 3: 10.976, 4: 9.639}","{0: 504.25, 1: 491.375, 2: 492.25, 3: 490.125, 4: 491.125}","{0: 3000, 1: 3000, 2: 3000, 3: 3000, 4: 3000, 5: 3000, 6: 3000, 7: 3000, 8: 3000, 9: 3000}","{0: 2991, 1: 2988, 2: 2986, 3: 2985, 4: 2983, 5: 2987, 6: 2986, 7: 2984, 8: 2984, 9: 2993}","{0: 0, 1: 2988, 2: 2979, 3: 2985, 4: 2976, 5: 2987, 6: 2986, 7: 2974, 8: 2984, 9: 2993}",99.55666666666667,89.50666666666666
rule_fpga_raft,60c1s5r10p,YCSB_B,rw_zipf_0.75,concurrent_50,0,30000,306.55600000000004,358.5482000000531,392.00300999999996,287.8659509333333,3000.0,"{0: 23.81, 1: 8.434, 2: 15.217, 3: 10.714, 4: 7.317}","{0: 499.0, 1: 473.812, 2: 474.125, 3: 473.25, 4: 473.688}","{0: 0, 1: 0, 2: 0, 3: 0, 4: 0, 5: 0, 6: 0, 7: 0, 8: 0, 9: 0}","{0: 0, 1: 0, 2: 0, 3: 0, 4: 0, 5: 0, 6: 0, 7: 0, 8: 0, 9: 0}","{0: 0, 1: 0, 2: 0, 3: 0, 4: 0, 5: 0, 6: 0, 7: 0, 8: 0, 9: 0}",0,0
rule_fpga_raft,60c1s5r10p,YCSB_B,rw_zipf_0.75,concurrent_50,101,30000,155.2975,236.5402,336.8198099999999,172.52898116666668,3000.0,"{0: 25.882, 1: 9.639, 2: 7.407, 3: 10.714, 4: 20.833}","{0: 501.312, 1: 489.375, 2: 490.562, 3: 489.312, 4: 489.375}","{0: 154, 1: 3000, 2: 3000, 3: 3000, 4: 3000, 5: 3000, 6: 3000, 7: 3000, 8: 3000, 9: 3000}","{0: 154, 1: 2972, 2: 2975, 3: 2981, 4: 2979, 5: 2976, 6: 2971, 7: 2971, 8: 2975, 9: 2978}","{0: 0, 1: 2970, 2: 2966, 3: 2981, 4: 2971, 5: 2976, 6: 2971, 7: 2969, 8: 2975, 9: 2978}",99.18244089268616,98.53796862340724
rule_fpga_raft,60c1s5r10p,YCSB_B,rw_zipf_0.75,concurrent_50,100,30000,154.087,228.539,326.28531999999944,169.13746529999997,3000.0,"{0: 25.882, 1: 10.976, 2: 7.317, 3: 16.854, 4: 20.833}","{0: 503.5, 1: 490.125, 2: 491.062, 3: 488.75, 4: 489.5}","{0: 3000, 1: 3000, 2: 3000, 3: 3000, 4: 3000, 5: 3000, 6: 3000, 7: 3000, 8: 3000, 9: 3000}","{0: 2967, 1: 2972, 2: 2979, 3: 2966, 4: 2970, 5: 2970, 6: 2969, 7: 2974, 8: 2970, 9: 2972}","{0: 0, 1: 2969, 2: 2970, 3: 2959, 4: 2959, 5: 2970, 6: 2965, 7: 2968, 8: 2970, 9: 2972}",99.03,89.00666666666666
rule_fpga_raft,60c1s5r10p,YCSB_B,rw_zipf_0.8,concurrent_50,0,30000,298.48400000000004,331.10670000011,382.95523999999983,282.56714186666665,3000.0,"{0: 23.529, 1: 9.639, 2: 14.286, 3: 9.412, 4: 14.607}","{0: 498.75, 1: 473.438, 2: 473.75, 3: 472.875, 4: 472.938}","{0: 0, 1: 0, 2: 0, 3: 0, 4: 0, 5: 0, 6: 0, 7: 0, 8: 0, 9: 0}","{0: 0, 1: 0, 2: 0, 3: 0, 4: 0, 5: 0, 6: 0, 7: 0, 8: 0, 9: 0}","{0: 0, 1: 0, 2: 0, 3: 0, 4: 0, 5: 0, 6: 0, 7: 0, 8: 0, 9: 0}",0,0
rule_fpga_raft,60c1s5r10p,YCSB_B,rw_zipf_0.8,concurrent_50,101,30000,153.395,228.83490000000003,334.46612999999996,169.86767926666664,3000.0,"{0: 28.235, 1: 10.714, 2: 9.412, 3: 11.905, 4: 9.756}","{0: 499.375, 1: 487.562, 2: 488.938, 3: 486.75, 4: 487.625}","{0: 154, 1: 3000, 2: 3000, 3: 3000, 4: 3000, 5: 3000, 6: 3000, 7: 3000, 8: 3000, 9: 3000}","{0: 153, 1: 2956, 2: 2938, 3: 2944, 4: 2940, 5: 2946, 6: 2948, 7: 2942, 8: 2947, 9: 2950}","{0: 0, 1: 2954, 2: 2927, 3: 2940, 4: 2933, 5: 2946, 6: 2945, 7: 2938, 8: 2947, 9: 2950}",98.195477646019,97.51786108860573
rule_fpga_raft,60c1s5r10p,YCSB_B,rw_zipf_0.8,concurrent_50,100,30000,154.332,233.6701,341.78714999999994,171.39892600000002,3000.0,"{0: 28.736, 1: 10.843, 2: 9.524, 3: 10.714, 4: 17.391}","{0: 500.75, 1: 488.688, 2: 489.75, 3: 487.625, 4: 488.375}","{0: 3000, 1: 3000, 2: 3000, 3: 3000, 4: 3000, 5: 3000, 6: 3000, 7: 3000, 8: 3000, 9: 3000}","{0: 2942, 1: 2956, 2: 2927, 3: 2944, 4: 2937, 5: 2925, 6: 2937, 7: 2957, 8: 2953, 9: 2939}","{0: 0, 1: 2956, 2: 2912, 3: 2943, 4: 2929, 5: 2925, 6: 2932, 7: 2955, 8: 2953, 9: 2939}",98.05666666666667,88.14666666666666
rule_fpga_raft,60c1s5r10p,YCSB_B,rw_zipf_0.85,concurrent_50,0,30000,300.9845,369.8110000000206,407.26700999999997,285.1945782333333,3000.0,"{0: 24.419, 1: 8.434, 2: 4.878, 3: 9.524, 4: 11.494}","{0: 495.875, 1: 472.188, 2: 472.375, 3: 471.938, 4: 472.125}","{0: 0, 1: 0, 2: 0, 3: 0, 4: 0, 5: 0, 6: 0, 7: 0, 8: 0, 9: 0}","{0: 0, 1: 0, 2: 0, 3: 0, 4: 0, 5: 0, 6: 0, 7: 0, 8: 0, 9: 0}","{0: 0, 1: 0, 2: 0, 3: 0, 4: 0, 5: 0, 6: 0, 7: 0, 8: 0, 9: 0}",0,0
rule_fpga_raft,60c1s5r10p,YCSB_B,rw_zipf_0.85,concurrent_50,101,30000,156.9185,228.717,340.49309,172.97474286666667,3000.0,"{0: 27.907, 1: 10.714, 2: 8.434, 3: 14.773, 4: 14.773}","{0: 498.25, 1: 486.375, 2: 487.5, 3: 485.812, 4: 486.125}","{0: 482, 1: 3000, 2: 3000, 3: 3000, 4: 3000, 5: 3000, 6: 3000, 7: 3000, 8: 3000, 9: 3000}","{0: 467, 1: 2911, 2: 2915, 3: 2895, 4: 2903, 5: 2907, 6: 2888, 7: 2893, 8: 2908, 9: 2894}","{0: 131, 1: 2911, 2: 2903, 3: 2895, 4: 2890, 5: 2907, 6: 2888, 7: 2885, 8: 2908, 9: 2894}",96.7214904300997,95.37879339203843
rule_fpga_raft,60c1s5r10p,YCSB_B,rw_zipf_0.85,concurrent_50,100,30000,154.1175,230.295,335.71101,172.82886696666668,3000.0,"{0: 25.882, 1: 13.253, 2: 8.333, 3: 16.854, 4: 10.714}","{0: 500.625, 1: 487.562, 2: 488.312, 3: 486.125, 4: 487.0}","{0: 3000, 1: 3000, 2: 3000, 3: 3000, 4: 3000, 5: 3000, 6: 3000, 7: 3000, 8: 3000, 9: 3000}","{0: 2901, 1: 2918, 2: 2912, 3: 2882, 4: 2885, 5: 2890, 6: 2904, 7: 2891, 8: 2897, 9: 2911}","{0: 385, 1: 2918, 2: 2900, 3: 2882, 4: 2880, 5: 2890, 6: 2894, 7: 2886, 8: 2897, 9: 2911}",96.63666666666667,88.14333333333333
rule_fpga_raft,60c1s5r10p,YCSB_B,rw_zipf_0.9,concurrent_50,0,30000,302.22749999999996,341.7001000000864,396.50800999999996,283.5751782333333,3000.0,"{0: 23.529, 1: 8.537, 2: 13.333, 3: 8.333, 4: 7.229}","{0: 493.875, 1: 471.375, 2: 471.75, 3: 471.25, 4: 470.938}","{0: 0, 1: 0, 2: 0, 3: 0, 4: 0, 5: 0, 6: 0, 7: 0, 8: 0, 9: 0}","{0: 0, 1: 0, 2: 0, 3: 0, 4: 0, 5: 0, 6: 0, 7: 0, 8: 0, 9: 0}","{0: 0, 1: 0, 2: 0, 3: 0, 4: 0, 5: 0, 6: 0, 7: 0, 8: 0, 9: 0}",0,0
rule_fpga_raft,60c1s5r10p,YCSB_B,rw_zipf_0.9,concurrent_50,101,30000,154.548,229.97910000000002,341.05111999999997,174.74661726666668,3000.0,"{0: 27.059, 1: 10.588, 2: 8.434, 3: 10.843, 4: 20.833}","{0: 496.688, 1: 484.562, 2: 485.25, 3: 484.375, 4: 484.25}","{0: 140, 1: 3000, 2: 3000, 3: 3000, 4: 3000, 5: 3000, 6: 3000, 7: 3000, 8: 3000, 9: 3000}","{0: 132, 1: 2854, 2: 2851, 3: 2823, 4: 2802, 5: 2813, 6: 2833, 7: 2849, 8: 2819, 9: 2814}","{0: 2, 1: 2854, 2: 2844, 3: 2823, 4: 2785, 5: 2813, 6: 2830, 7: 2847, 8: 2819, 9: 2814}",94.28887251289609,93.7030213706706
rule_fpga_raft,60c1s5r10p,YCSB_B,rw_zipf_0.9,concurrent_50,100,30000,153.765,229.55620000000002,337.68714,174.16287693333334,3000.0,"{0: 25.882, 1: 12.791, 2: 10.465, 3: 10.843, 4: 14.773}","{0: 498.562, 1: 486.0, 2: 486.812, 3: 485.312, 4: 485.375}","{0: 3000, 1: 3000, 2: 3000, 3: 3000, 4: 3000, 5: 3000, 6: 3000, 7: 3000, 8: 3000, 9: 3000}","{0: 2834, 1: 2860, 2: 2867, 3: 2838, 4: 2801, 5: 2822, 6: 2839, 7: 2832, 8: 2844, 9: 2828}","{0: 0, 1: 2856, 2: 2860, 3: 2836, 4: 2794, 5: 2822, 6: 2835, 7: 2825, 8: 2844, 9: 2828}",94.55,85.0
rule_fpga_raft,60c1s5r10p,YCSB_B,rw_zipf_0.95,concurrent_50,0,30000,300.53099999999995,330.4238000001151,390.34802,284.1625703333333,3000.0,"{0: 22.093, 1: 7.407, 2: 6.024, 3: 8.434, 4: 18.085}","{0: 492.0, 1: 470.875, 2: 470.625, 3: 470.312, 4: 470.688}","{0: 0, 1: 0, 2: 0, 3: 0, 4: 0, 5: 0, 6: 0, 7: 0, 8: 0, 9: 0}","{0: 0, 1: 0, 2: 0, 3: 0, 4: 0, 5: 0, 6: 0, 7: 0, 8: 0, 9: 0}","{0: 0, 1: 0, 2: 0, 3: 0, 4: 0, 5: 0, 6: 0, 7: 0, 8: 0, 9: 0}",0,0
rule_fpga_raft,60c1s5r10p,YCSB_B,rw_zipf_0.95,concurrent_50,101,30000,154.451,280.9295000000001,385.6611,181.40578013333337,3000.0,"{0: 25.882, 1: 10.843, 2: 12.5, 3: 10.714, 4: 15.556}","{0: 494.375, 1: 483.0, 2: 483.812, 3: 482.875, 4: 482.688}","{0: 137, 1: 3000, 2: 3000, 3: 3000, 4: 3000, 5: 3000, 6: 3000, 7: 3000, 8: 3000, 9: 3000}","{0: 124, 1: 2701, 2: 2693, 3: 2654, 4: 2679, 5: 2667, 6: 2681, 7: 2686, 8: 2670, 9: 2702}","{0: 0, 1: 2698, 2: 2679, 3: 2653, 4: 2667, 5: 2667, 6: 2674, 7: 2675, 8: 2670, 9: 2702}",89.38718355013451,88.75336256771197
rule_fpga_raft,60c1s5r10p,YCSB_B,rw_zipf_0.95,concurrent_50,100,30000,154.561,238.49020000000002,381.15214,179.4202708,3000.0,"{0: 25.581, 1: 10.843, 2: 9.412, 3: 12.644, 4: 8.537}","{0: 495.75, 1: 484.0, 2: 484.438, 3: 483.0, 4: 483.5}","{0: 3000, 1: 3000, 2: 3000, 3: 3000, 4: 3000, 5: 3000, 6: 3000, 7: 3000, 8: 3000, 9: 3000}","{0: 2716, 1: 2692, 2: 2706, 3: 2700, 4: 2693, 5: 2725, 6: 2696, 7: 2729, 8: 2735, 9: 2739}","{0: 0, 1: 2594, 2: 2694, 3: 2700, 4: 2683, 5: 2725, 6: 2691, 7: 2725, 8: 2735, 9: 2739}",90.43666666666667,80.95333333333333
rule_fpga_raft,60c1s5r10p,YCSB_B,rw_zipf_1,concurrent_50,0,30000,302.346,333.3396000001095,390.82705,285.09356553333333,3000.0,"{0: 21.429, 1: 7.407, 2: 15.054, 3: 7.229, 4: 6.098}","{0: 491.938, 1: 470.062, 2: 470.188, 3: 469.812, 4: 469.812}","{0: 0, 1: 0, 2: 0, 3: 0, 4: 0, 5: 0, 6: 0, 7: 0, 8: 0, 9: 0}","{0: 0, 1: 0, 2: 0, 3: 0, 4: 0, 5: 0, 6: 0, 7: 0, 8: 0, 9: 0}","{0: 0, 1: 0, 2: 0, 3: 0, 4: 0, 5: 0, 6: 0, 7: 0, 8: 0, 9: 0}",0,0
rule_fpga_raft,60c1s5r10p,YCSB_B,rw_zipf_1,concurrent_50,101,30000,154.783,294.5583,384.064179999999,183.63964523333334,3000.0,"{0: 25.882, 1: 10.843, 2: 11.628, 3: 10.588, 4: 8.537}","{0: 493.312, 1: 481.375, 2: 482.562, 3: 480.938, 4: 481.625}","{0: 145, 1: 3000, 2: 3000, 3: 3000, 4: 3000, 5: 3000, 6: 3000, 7: 3000, 8: 3000, 9: 3000}","{0: 127, 1: 2548, 2: 2623, 3: 2621, 4: 2615, 5: 2575, 6: 2589, 7: 2609, 8: 2602, 9: 2586}","{0: 0, 1: 2548, 2: 2615, 3: 2613, 4: 2603, 5: 2575, 6: 2588, 7: 2603, 8: 2602, 9: 2586}",86.55369312948977,85.95689813962056
rule_fpga_raft,60c1s5r10p,YCSB_B,rw_zipf_1,concurrent_50,100,30000,156.857,302.2787,392.11803,186.4649296,3000.0,"{0: 26.744, 1: 9.639, 2: 8.333, 3: 9.639, 4: 9.524}","{0: 495.938, 1: 482.5, 2: 483.062, 3: 482.0, 4: 482.188}","{0: 3000, 1: 3000, 2: 3000, 3: 3000, 4: 3000, 5: 3000, 6: 3000, 7: 3000, 8: 3000, 9: 3000}","{0: 2568, 1: 2526, 2: 2556, 3: 2588, 4: 2554, 5: 2622, 6: 2610, 7: 2516, 8: 2531, 9: 2538}","{0: 0, 1: 2526, 2: 2549, 3: 2588, 4: 2545, 5: 2622, 6: 2610, 7: 2512, 8: 2531, 9: 2538}",85.36333333333333,76.73666666666666
rule_copilot,60c1s5r10p,YCSB_A,rw_1000000,concurrent_1,0,600,449.718,481.4937000000012,541.89107,430.50912666666665,60.0,"{0: 3.061, 1: 4.04, 2: 2.02, 3: 1.031, 4: 2.0}","{0: 434.875, 1: 434.5, 2: 432.625, 3: 432.25, 4: 432.188}","{0: 0, 1: 0, 2: 0, 3: 0, 4: 0, 5: 0, 6: 0, 7: 0, 8: 0, 9: 0}","{0: 0, 1: 0, 2: 0, 3: 0, 4: 0, 5: 0, 6: 0, 7: 0, 8: 0, 9: 0}","{0: 0, 1: 0, 2: 0, 3: 0, 4: 0, 5: 0, 6: 0, 7: 0, 8: 0, 9: 0}",0,0
rule_copilot,60c1s5r10p,YCSB_A,rw_1000000,concurrent_10,0,6000,455.145,483.2091000000106,545.84902,436.21653566666663,600.0,"{0: 7.143, 1: 8.163, 2: 4.0, 3: 3.061, 4: 3.03}","{0: 492.312, 1: 491.625, 2: 477.562, 3: 474.062, 4: 474.25}","{0: 0, 1: 0, 2: 0, 3: 0, 4: 0, 5: 0, 6: 0, 7: 0, 8: 0, 9: 0}","{0: 0, 1: 0, 2: 0, 3: 0, 4: 0, 5: 0, 6: 0, 7: 0, 8: 0, 9: 0}","{0: 0, 1: 0, 2: 0, 3: 0, 4: 0, 5: 0, 6: 0, 7: 0, 8: 0, 9: 0}",0,0
rule_copilot,60c1s5r10p,YCSB_A,rw_1000000,concurrent_20,0,12000,450.4715,481.53030000001195,533.46103,433.64023466666663,1200.0,"{0: 14.286, 1: 13.265, 2: 5.051, 3: 5.051, 4: 4.124}","{0: 514.188, 1: 515.062, 2: 490.938, 3: 490.5, 4: 490.625}","{0: 0, 1: 0, 2: 0, 3: 0, 4: 0, 5: 0, 6: 0, 7: 0, 8: 0, 9: 0}","{0: 0, 1: 0, 2: 0, 3: 0, 4: 0, 5: 0, 6: 0, 7: 0, 8: 0, 9: 0}","{0: 0, 1: 0, 2: 0, 3: 0, 4: 0, 5: 0, 6: 0, 7: 0, 8: 0, 9: 0}",0,0
rule_copilot,60c1s5r10p,YCSB_A,rw_1000000,concurrent_30,0,18000,447.9245,478.33780000001457,538.60602,430.3660123888889,1800.0,"{0: 18.367, 1: 20.202, 2: 6.122, 3: 7.071, 4: 7.071}","{0: 525.312, 1: 527.375, 2: 495.0, 3: 494.312, 4: 494.312}","{0: 0, 1: 0, 2: 0, 3: 0, 4: 0, 5: 0, 6: 0, 7: 0, 8: 0, 9: 0}","{0: 0, 1: 0, 2: 0, 3: 0, 4: 0, 5: 0, 6: 0, 7: 0, 8: 0, 9: 0}","{0: 0, 1: 0, 2: 0, 3: 0, 4: 0, 5: 0, 6: 0, 7: 0, 8: 0, 9: 0}",0,0
rule_copilot,60c1s5r10p,YCSB_A,rw_1000000,concurrent_40,0,24000,458.96900000000005,490.40750000010803,548.59208,440.18029745833337,2400.0,"{0: 24.242, 1: 27.835, 2: 8.163, 3: 9.184, 4: 8.163}","{0: 539.25, 1: 539.375, 2: 498.688, 3: 497.188, 4: 497.375}","{0: 0, 1: 0, 2: 0, 3: 0, 4: 0, 5: 0, 6: 0, 7: 0, 8: 0, 9: 0}","{0: 0, 1: 0, 2: 0, 3: 0, 4: 0, 5: 0, 6: 0, 7: 0, 8: 0, 9: 0}","{0: 0, 1: 0, 2: 0, 3: 0, 4: 0, 5: 0, 6: 0, 7: 0, 8: 0, 9: 0}",0,0
rule_copilot,60c1s5r10p,YCSB_A,rw_1000000,concurrent_50,0,30000,466.0665,518.5747000000516,570.6777299999992,450.8227519333334,3000.0,"{0: 32.323, 1: 36.364, 2: 10.101, 3: 9.184, 4: 10.101}","{0: 551.938, 1: 552.5, 2: 502.062, 3: 502.0, 4: 502.688}","{0: 0, 1: 0, 2: 0, 3: 0, 4: 0, 5: 0, 6: 0, 7: 0, 8: 0, 9: 0}","{0: 0, 1: 0, 2: 0, 3: 0, 4: 0, 5: 0, 6: 0, 7: 0, 8: 0, 9: 0}","{0: 0, 1: 0, 2: 0, 3: 0, 4: 0, 5: 0, 6: 0, 7: 0, 8: 0, 9: 0}",0,0
rule_copilot,60c1s5r10p,YCSB_A,rw_1000000,concurrent_60,0,36000,507.0335,571.6945,625.41904,491.9656514166666,3600.0,"{0: 36.634, 1: 41.0, 2: 100.0, 3: 11.111, 4: 11.111}","{0: 652.375, 1: 624.865, 2: 584.82, 3: 508.875, 4: 506.188}","{0: 0, 1: 0, 2: 0, 3: 0, 4: 0, 5: 0, 6: 0, 7: 0, 8: 0, 9: 0}","{0: 0, 1: 0, 2: 0, 3: 0, 4: 0, 5: 0, 6: 0, 7: 0, 8: 0, 9: 0}","{0: 0, 1: 0, 2: 0, 3: 0, 4: 0, 5: 0, 6: 0, 7: 0, 8: 0, 9: 0}",0,0
rule_copilot,60c1s5r10p,YCSB_A,rw_1000000,concurrent_70,0,42000,619.877,732.9498,826.76402,617.7263352142858,4200.0,"{0: 52.0, 1: 55.0, 2: 65.306, 3: 14.0, 4: 15.0}","{0: 663.062, 1: 655.188, 2: 526.75, 3: 511.0, 4: 512.75}","{0: 0, 1: 0, 2: 0, 3: 0, 4: 0, 5: 0, 6: 0, 7: 0, 8: 0, 9: 0}","{0: 0, 1: 0, 2: 0, 3: 0, 4: 0, 5: 0, 6: 0, 7: 0, 8: 0, 9: 0}","{0: 0, 1: 0, 2: 0, 3: 0, 4: 0, 5: 0, 6: 0, 7: 0, 8: 0, 9: 0}",0,0
rule_copilot,60c1s5r10p,YCSB_A,rw_1000000,concurrent_80,0,47400,805.3815,1009.241,1154.1301,798.2365592194094,4740.0,"{0: 61.224, 1: 64.0, 2: 49.0, 3: 17.172, 4: 75.758}","{0: 765.688, 1: 752.438, 2: 520.062, 3: 526.625, 4: 524.562}","{0: 0, 1: 0, 2: 0, 3: 0, 4: 0, 5: 0, 6: 0, 7: 0, 8: 0, 9: 0}","{0: 0, 1: 0, 2: 0, 3: 0, 4: 0, 5: 0, 6: 0, 7: 0, 8: 0, 9: 0}","{0: 0, 1: 0, 2: 0, 3: 0, 4: 0, 5: 0, 6: 0, 7: 0, 8: 0, 9: 0}",0,0
rule_copilot,60c1s5r10p,YCSB_A,rw_1000000,concurrent_100,0,18863,5232.92,17870.8,32700.0,7668.185960875787,1886.3,"{0: 87.0, 1: 93.939, 2: 13.131, 3: 16.327, 4: 20.202}","{0: 1401.812, 1: 1349.801, 2: 584.688, 3: 591.25, 4: 588.062}","{0: 0, 1: 0, 2: 0, 3: 0, 4: 0, 5: 0, 6: 0, 7: 0, 8: 0, 9: 0}","{0: 0, 1: 0, 2: 0, 3: 0, 4: 0, 5: 0, 6: 0, 7: 0, 8: 0, 9: 0}","{0: 0, 1: 0, 2: 0, 3: 0, 4: 0, 5: 0, 6: 0, 7: 0, 8: 0, 9: 0}",0,0
rule_copilot,60c1s5r10p,YCSB_A,rw_1000000,concurrent_1,101,600,167.1565,207.53220000000047,242.62903,165.14418666666668,60.0,"{0: 3.093, 1: 3.061, 2: 2.041, 3: 2.041, 4: 2.02}","{0: 435.125, 1: 435.188, 2: 433.625, 3: 433.438, 4: 433.5}","{0: 60, 1: 60, 2: 60, 3: 60, 4: 60, 5: 60, 6: 60, 7: 60, 8: 60, 9: 60}","{0: 60, 1: 60, 2: 60, 3: 60, 4: 60, 5: 60, 6: 60, 7: 60, 8: 60, 9: 60}","{0: 60, 1: 60, 2: 60, 3: 60, 4: 60, 5: 60, 6: 60, 7: 60, 8: 60, 9: 60}",100.0,100.0
rule_copilot,60c1s5r10p,YCSB_A,rw_1000000,concurrent_10,101,6000,167.26350000000002,227.2558,244.933,165.60717566666668,600.0,"{0: 8.163, 1: 7.216, 2: 4.04, 3: 4.04, 4: 4.082}","{0: 493.5, 1: 492.25, 2: 482.938, 3: 476.938, 4: 479.188}","{0: 600, 1: 600, 2: 600, 3: 600, 4: 600, 5: 600, 6: 600, 7: 600, 8: 600, 9: 600}","{0: 600, 1: 600, 2: 599, 3: 599, 4: 599, 5: 600, 6: 600, 7: 600, 8: 600, 9: 600}","{0: 600, 1: 600, 2: 599, 3: 599, 4: 599, 5: 600, 6: 600, 7: 600, 8: 600, 9: 600}",99.95,99.95
rule_copilot,60c1s5r10p,YCSB_A,rw_1000000,concurrent_20,101,12000,167.3345,227.5053,237.69502,165.80253333333332,1200.0,"{0: 14.286, 1: 14.141, 2: 6.061, 3: 6.061, 4: 6.061}","{0: 515.562, 1: 516.812, 2: 498.875, 3: 497.5, 4: 497.75}","{0: 1200, 1: 1200, 2: 1200, 3: 1200, 4: 1200, 5: 1200, 6: 1200, 7: 1200, 8: 1200, 9: 1200}","{0: 1197, 1: 1198, 2: 1199, 3: 1200, 4: 1199, 5: 1200, 6: 1200, 7: 1200, 8: 1200, 9: 1199}","{0: 1197, 1: 1198, 2: 1199, 3: 1200, 4: 1199, 5: 1200, 6: 1200, 7: 1200, 8: 1200, 9: 1199}",99.93333333333334,99.93333333333334
rule_copilot,60c1s5r10p,YCSB_A,rw_1000000,concurrent_30,101,18000,167.264,228.0612,234.30202,166.20467805555555,1800.0,"{0: 20.408, 1: 22.0, 2: 7.143, 3: 7.143, 4: 7.143}","{0: 528.125, 1: 529.625, 2: 507.938, 3: 506.312, 4: 506.438}","{0: 1800, 1: 1800, 2: 1800, 3: 1800, 4: 1800, 5: 1800, 6: 1800, 7: 1800, 8: 1800, 9: 1800}","{0: 1799, 1: 1800, 2: 1797, 3: 1799, 4: 1800, 5: 1798, 6: 1797, 7: 1798, 8: 1796, 9: 1799}","{0: 1799, 1: 1800, 2: 1797, 3: 1799, 4: 1800, 5: 1798, 6: 1797, 7: 1798, 8: 1796, 9: 1799}",99.90555555555555,99.90555555555555
rule_copilot,60c1s5r10p,YCSB_A,rw_1000000,concurrent_40,101,24000,167.6605,228.3734,238.11903,167.15975529166667,2400.0,"{0: 25.773, 1: 28.866, 2: 8.081, 3: 10.204, 4: 10.101}","{0: 539.938, 1: 540.75, 2: 515.125, 3: 513.75, 4: 515.125}","{0: 2400, 1: 2400, 2: 2400, 3: 2400, 4: 2400, 5: 2400, 6: 2400, 7: 2400, 8: 2400, 9: 2400}","{0: 2394, 1: 2395, 2: 2390, 3: 2393, 4: 2396, 5: 2396, 6: 2397, 7: 2396, 8: 2399, 9: 2398}","{0: 2394, 1: 2395, 2: 2390, 3: 2393, 4: 2396, 5: 2396, 6: 2397, 7: 2396, 8: 2399, 9: 2398}",99.80833333333334,99.80833333333334
rule_copilot,60c1s5r10p,YCSB_A,rw_1000000,concurrent_50,101,30000,169.002,231.84160000000003,345.19011,175.22714903333332,3000.0,"{0: 34.694, 1: 38.384, 2: 10.204, 3: 12.121, 4: 12.0}","{0: 554.75, 1: 556.5, 2: 522.5, 3: 521.562, 4: 522.375}","{0: 3000, 1: 3000, 2: 3000, 3: 3000, 4: 3000, 5: 3000, 6: 3000, 7: 3000, 8: 3000, 9: 3000}","{0: 2995, 1: 2990, 2: 2990, 3: 2992, 4: 2992, 5: 2995, 6: 2992, 7: 2993, 8: 2995, 9: 2995}","{0: 2977, 1: 2990, 2: 2990, 3: 2992, 4: 2992, 5: 2995, 6: 2992, 7: 2993, 8: 2995, 9: 2995}",99.76333333333334,99.70333333333333
rule_copilot,60c1s5r10p,YCSB_A,rw_1000000,concurrent_60,101,36000,171.184,304.4392,466.27004999999997,197.0346215277778,3600.0,"{0: 42.424, 1: 47.475, 2: 54.545, 3: 13.265, 4: 13.265}","{0: 595.125, 1: 591.625, 2: 543.25, 3: 530.438, 4: 529.0}","{0: 3600, 1: 3600, 2: 3600, 3: 3600, 4: 3600, 5: 3600, 6: 3600, 7: 3600, 8: 3600, 9: 3600}","{0: 3590, 1: 3594, 2: 3596, 3: 3594, 4: 3590, 5: 3595, 6: 3589, 7: 3595, 8: 3590, 9: 3595}","{0: 3590, 1: 3594, 2: 3596, 3: 3594, 4: 3590, 5: 3595, 6: 3589, 7: 3595, 8: 3590, 9: 3595}",99.8,99.8
rule_copilot,60c1s5r10p,YCSB_A,rw_1000000,concurrent_70,101,42000,174.483,324.706,475.51109,211.6399794047619,4200.0,"{0: 50.0, 1: 53.535, 2: 33.0, 3: 16.327, 4: 17.172}","{0: 639.688, 1: 634.5, 2: 546.562, 3: 537.188, 4: 537.25}","{0: 4200, 1: 4200, 2: 4200, 3: 4200, 4: 4200, 5: 4200, 6: 4200, 7: 4200, 8: 4200, 9: 4200}","{0: 4188, 1: 4190, 2: 4188, 3: 4185, 4: 4182, 5: 4180, 6: 4185, 7: 4185, 8: 4182, 9: 4182}","{0: 4188, 1: 4190, 2: 4188, 3: 4185, 4: 4182, 5: 4180, 6: 4185, 7: 4185, 8: 4182, 9: 4182}",99.63571428571429,99.63571428571429
rule_copilot,60c1s5r10p,YCSB_A,rw_1000000,concurrent_80,101,47987,241.869,395.0898,626.79126,266.9981394544356,4798.7,"{0: 77.0, 1: 76.0, 2: 78.0, 3: 20.619, 4: 70.707}","{0: 778.688, 1: 793.375, 2: 572.125, 3: 548.125, 4: 553.438}","{0: 4798, 1: 4800, 2: 4797, 3: 4801, 4: 4795, 5: 4800, 6: 4798, 7: 4800, 8: 4800, 9: 4800}","{0: 4750, 1: 4754, 2: 4746, 3: 4769, 4: 4746, 5: 4773, 6: 4774, 7: 4772, 8: 4775, 9: 4785}","{0: 4747, 1: 4754, 2: 4745, 3: 4767, 4: 4745, 5: 4773, 6: 4774, 7: 4772, 8: 4775, 9: 4785}",99.28108524870282,99.26649857258955
rule_copilot,60c1s5r10p,YCSB_A,rw_1000000,concurrent_100,101,52200,350.7025,2224.442,8962.9201,925.463498888889,5220.0,"{0: 100.0, 1: 90.816, 2: 17.0, 3: 14.0, 4: 14.433}","{0: 1313.059, 1: 1254.562, 2: 602.375, 3: 605.625, 4: 604.188}","{0: 4865, 1: 4995, 2: 4596, 3: 4706, 4: 4837, 5: 5887, 6: 5529, 7: 5530, 8: 5916, 9: 5891}","{0: 4691, 1: 4830, 2: 4460, 3: 4565, 4: 4700, 5: 5795, 6: 5410, 7: 5414, 8: 5828, 9: 5812}","{0: 4691, 1: 4830, 2: 4460, 3: 4565, 4: 4700, 5: 5795, 6: 5410, 7: 5414, 8: 5828, 9: 5812}",97.63610858356081,97.63610858356081
rule_copilot,60c1s5r10p,YCSB_A,rw_1000000,concurrent_1,100,600,159.97449999999998,195.6991000000008,238.15705,165.47769666666667,60.0,"{0: 3.061, 1: 3.093, 2: 2.02, 3: 2.02, 4: 2.041}","{0: 435.375, 1: 435.0, 2: 433.875, 3: 432.938, 4: 433.25}","{0: 60, 1: 60, 2: 60, 3: 60, 4: 60, 5: 60, 6: 60, 7: 60, 8: 60, 9: 60}","{0: 60, 1: 60, 2: 60, 3: 60, 4: 60, 5: 60, 6: 60, 7: 60, 8: 60, 9: 60}","{0: 60, 1: 60, 2: 60, 3: 60, 4: 60, 5: 60, 6: 60, 7: 60, 8: 60, 9: 60}",100.0,100.0
rule_copilot,60c1s5r10p,YCSB_A,rw_1000000,concurrent_10,100,6000,161.02499999999998,227.0461,238.628,165.73123900000002,600.0,"{0: 9.091, 1: 8.163, 2: 4.04, 3: 3.093, 4: 4.04}","{0: 493.125, 1: 492.125, 2: 482.125, 3: 476.688, 4: 478.375}","{0: 600, 1: 600, 2: 600, 3: 600, 4: 600, 5: 600, 6: 600, 7: 600, 8: 600, 9: 600}","{0: 600, 1: 600, 2: 600, 3: 600, 4: 600, 5: 600, 6: 600, 7: 598, 8: 600, 9: 600}","{0: 600, 1: 600, 2: 600, 3: 600, 4: 600, 5: 600, 6: 600, 7: 598, 8: 600, 9: 600}",99.96666666666667,99.96666666666667
rule_copilot,60c1s5r10p,YCSB_A,rw_1000000,concurrent_20,100,12000,167.4265,227.6433,237.88004999999998,166.29328383333333,1200.0,"{0: 14.141, 1: 15.152, 2: 6.122, 3: 6.122, 4: 6.122}","{0: 516.75, 1: 517.188, 2: 499.0, 3: 498.0, 4: 498.25}","{0: 1200, 1: 1200, 2: 1200, 3: 1200, 4: 1200, 5: 1200, 6: 1200, 7: 1200, 8: 1200, 9: 1200}","{0: 1200, 1: 1200, 2: 1198, 3: 1200, 4: 1198, 5: 1200, 6: 1200, 7: 1199, 8: 1197, 9: 1199}","{0: 1200, 1: 1200, 2: 1198, 3: 1200, 4: 1198, 5: 1200, 6: 1200, 7: 1199, 8: 1197, 9: 1199}",99.925,99.925
rule_copilot,60c1s5r10p,YCSB_A,rw_1000000,concurrent_30,100,18000,167.69400000000002,227.30030000000002,238.11001000000002,166.420351,1800.0,"{0: 20.408, 1: 22.222, 2: 7.143, 3: 8.0, 4: 8.163}","{0: 527.5, 1: 529.0, 2: 520.062, 3: 515.0, 4: 517.0}","{0: 1800, 1: 1800, 2: 1800, 3: 1800, 4: 1800, 5: 1800, 6: 1800, 7: 1800, 8: 1800, 9: 1800}","{0: 1800, 1: 1799, 2: 1796, 3: 1799, 4: 1800, 5: 1798, 6: 1799, 7: 1800, 8: 1798, 9: 1798}","{0: 1800, 1: 1799, 2: 1796, 3: 1799, 4: 1800, 5: 1798, 6: 1799, 7: 1800, 8: 1798, 9: 1798}",99.92777777777778,99.92777777777778
rule_copilot,60c1s5r10p,YCSB_A,rw_1000000,concurrent_40,100,24000,168.167,227.4961,229.72102999999998,166.71196158333333,2400.0,"{0: 26.0, 1: 31.0, 2: 9.0, 3: 10.204, 4: 10.204}","{0: 539.938, 1: 541.25, 2: 515.438, 3: 514.75, 4: 514.688}","{0: 2400, 1: 2400, 2: 2400, 3: 2400, 4: 2400, 5: 2400, 6: 2400, 7: 2400, 8: 2400, 9: 2400}","{0: 2397, 1: 2398, 2: 2395, 3: 2399, 4: 2397, 5: 2400, 6: 2398, 7: 2398, 8: 2398, 9: 2398}","{0: 2397, 1: 2398, 2: 2395, 3: 2399, 4: 2397, 5: 2400, 6: 2398, 7: 2398, 8: 2398, 9: 2398}",99.90833333333333,99.90833333333333
rule_copilot,60c1s5r10p,YCSB_A,rw_1000000,concurrent_50,100,30000,168.8435,234.39370000000002,345.57629999999995,175.85537783333334,3000.0,"{0: 34.021, 1: 37.374, 2: 11.224, 3: 12.121, 4: 10.309}","{0: 554.375, 1: 557.438, 2: 521.625, 3: 517.875, 4: 519.438}","{0: 3000, 1: 3000, 2: 3000, 3: 3000, 4: 3000, 5: 3000, 6: 3000, 7: 3000, 8: 3000, 9: 3000}","{0: 2987, 1: 2989, 2: 2995, 3: 2990, 4: 2993, 5: 2995, 6: 2996, 7: 2991, 8: 2992, 9: 2992}","{0: 2987, 1: 2989, 2: 2995, 3: 2990, 4: 2993, 5: 2995, 6: 2996, 7: 2991, 8: 2992, 9: 2992}",99.73333333333333,99.73333333333333
rule_copilot,60c1s5r10p,YCSB_A,rw_1000000,concurrent_60,100,36000,170.317,303.718,461.01601,194.99764875,3600.0,"{0: 41.837, 1: 45.455, 2: 86.869, 3: 13.131, 4: 13.131}","{0: 599.562, 1: 591.812, 2: 551.875, 3: 527.062, 4: 528.062}","{0: 3600, 1: 3600, 2: 3600, 3: 3600, 4: 3600, 5: 3600, 6: 3600, 7: 3600, 8: 3600, 9: 3600}","{0: 3590, 1: 3590, 2: 3584, 3: 3596, 4: 3591, 5: 3592, 6: 3593, 7: 3591, 8: 3590, 9: 3593}","{0: 3590, 1: 3590, 2: 3584, 3: 3596, 4: 3591, 5: 3592, 6: 3593, 7: 3591, 8: 3590, 9: 3593}",99.75,99.75
rule_copilot,60c1s5r10p,YCSB_A,rw_1000000,concurrent_70,100,42000,173.8605,326.8976,464.39809,211.22339938095237,4200.0,"{0: 51.0, 1: 56.122, 2: 68.0, 3: 14.433, 4: 16.0}","{0: 663.0, 1: 653.5, 2: 557.25, 3: 534.5, 4: 535.5}","{0: 4200, 1: 4200, 2: 4200, 3: 4200, 4: 4200, 5: 4200, 6: 4200, 7: 4200, 8: 4200, 9: 4200}","{0: 4185, 1: 4184, 2: 4185, 3: 4188, 4: 4190, 5: 4191, 6: 4186, 7: 4185, 8: 4190, 9: 4183}","{0: 4185, 1: 4184, 2: 4185, 3: 4188, 4: 4190, 5: 4191, 6: 4186, 7: 4185, 8: 4190, 9: 4183}",99.68333333333334,99.68333333333334
rule_copilot,60c1s5r10p,YCSB_A,rw_1000000,concurrent_80,100,47999,219.913,388.0248,584.64318,252.42082074626555,4799.9,"{0: 71.0, 1: 79.0, 2: 49.495, 3: 19.802, 4: 65.347}","{0: 789.5, 1: 772.25, 2: 553.875, 3: 549.812, 4: 553.375}","{0: 4800, 1: 4799, 2: 4800, 3: 4800, 4: 4800, 5: 4800, 6: 4800, 7: 4800, 8: 4800, 9: 4800}","{0: 4771, 1: 4762, 2: 4768, 3: 4763, 4: 4767, 5: 4779, 6: 4766, 7: 4767, 8: 4775, 9: 4776}","{0: 4767, 1: 4760, 2: 4768, 3: 4762, 4: 4767, 5: 4779, 6: 4766, 7: 4767, 8: 4775, 9: 4776}",99.36457009521031,99.3499864580512
rule_copilot,60c1s5r10p,YCSB_A,rw_1000000,concurrent_100,100,57217,308.289,630.7252,4694.759199999999,494.66377705926567,5721.7,"{0: 89.899, 1: 91.0, 2: 12.245, 3: 22.449, 4: 21.429}","{0: 1201.0, 1: 1190.688, 2: 589.25, 3: 603.438, 4: 598.188}","{0: 5579, 1: 5662, 2: 5387, 3: 5675, 4: 5606, 5: 5944, 6: 5839, 7: 5871, 8: 5969, 9: 5978}","{0: 5403, 1: 5494, 2: 5219, 3: 5505, 4: 5449, 5: 5855, 6: 5720, 7: 5763, 8: 5875, 9: 5900}","{0: 5403, 1: 5494, 2: 5219, 3: 5505, 4: 5449, 5: 5855, 6: 5720, 7: 5763, 8: 5875, 9: 5900}",97.69257520431229,97.69257520431229
rule_copilot,60c1s5r10p,YCSB_A,rw_zipf_1,concurrent_1,0,600,449.4615,480.90400000000125,547.2148099999999,432.36069333333336,60.0,"{0: 3.061, 1: 3.061, 2: 1.02, 3: 2.02, 4: 1.02}","{0: 450.25, 1: 449.938, 2: 448.25, 3: 447.5, 4: 447.5}","{0: 0, 1: 0, 2: 0, 3: 0, 4: 0, 5: 0, 6: 0, 7: 0, 8: 0, 9: 0}","{0: 0, 1: 0, 2: 0, 3: 0, 4: 0, 5: 0, 6: 0, 7: 0, 8: 0, 9: 0}","{0: 0, 1: 0, 2: 0, 3: 0, 4: 0, 5: 0, 6: 0, 7: 0, 8: 0, 9: 0}",0,0
rule_copilot,60c1s5r10p,YCSB_A,rw_zipf_1,concurrent_10,0,6000,448.3115,481.79880000001833,536.09303,432.96022999999997,600.0,"{0: 7.143, 1: 7.216, 2: 3.061, 3: 2.062, 4: 3.03}","{0: 505.438, 1: 505.062, 2: 490.5, 3: 486.75, 4: 486.0}","{0: 0, 1: 0, 2: 0, 3: 0, 4: 0, 5: 0, 6: 0, 7: 0, 8: 0, 9: 0}","{0: 0, 1: 0, 2: 0, 3: 0, 4: 0, 5: 0, 6: 0, 7: 0, 8: 0, 9: 0}","{0: 0, 1: 0, 2: 0, 3: 0, 4: 0, 5: 0, 6: 0, 7: 0, 8: 0, 9: 0}",0,0
rule_copilot,60c1s5r10p,YCSB_A,rw_zipf_1,concurrent_20,0,12000,452.5145,479.9612000000122,545.26542,434.68443741666664,1200.0,"{0: 13.131, 1: 12.371, 2: 4.124, 3: 4.082, 4: 5.102}","{0: 524.438, 1: 526.375, 2: 504.25, 3: 504.188, 4: 504.25}","{0: 0, 1: 0, 2: 0, 3: 0, 4: 0, 5: 0, 6: 0, 7: 0, 8: 0, 9: 0}","{0: 0, 1: 0, 2: 0, 3: 0, 4: 0, 5: 0, 6: 0, 7: 0, 8: 0, 9: 0}","{0: 0, 1: 0, 2: 0, 3: 0, 4: 0, 5: 0, 6: 0, 7: 0, 8: 0, 9: 0}",0,0
rule_copilot,60c1s5r10p,YCSB_A,rw_zipf_1,concurrent_30,0,18000,446.7735,476.3778000000123,537.41305,429.2887595,1800.0,"{0: 19.192, 1: 19.588, 2: 6.122, 3: 7.0, 4: 6.122}","{0: 533.188, 1: 534.938, 2: 511.938, 3: 511.812, 4: 511.688}","{0: 0, 1: 0, 2: 0, 3: 0, 4: 0, 5: 0, 6: 0, 7: 0, 8: 0, 9: 0}","{0: 0, 1: 0, 2: 0, 3: 0, 4: 0, 5: 0, 6: 0, 7: 0, 8: 0, 9: 0}","{0: 0, 1: 0, 2: 0, 3: 0, 4: 0, 5: 0, 6: 0, 7: 0, 8: 0, 9: 0}",0,0
rule_copilot,60c1s5r10p,YCSB_A,rw_zipf_1,concurrent_40,0,24000,456.48900000000003,489.3683000001091,543.27806,439.25802304166666,2400.0,"{0: 27.0, 1: 28.0, 2: 7.071, 3: 8.247, 4: 8.081}","{0: 543.062, 1: 544.75, 2: 509.312, 3: 509.312, 4: 509.5}","{0: 0, 1: 0, 2: 0, 3: 0, 4: 0, 5: 0, 6: 0, 7: 0, 8: 0, 9: 0}","{0: 0, 1: 0, 2: 0, 3: 0, 4: 0, 5: 0, 6: 0, 7: 0, 8: 0, 9: 0}","{0: 0, 1: 0, 2: 0, 3: 0, 4: 0, 5: 0, 6: 0, 7: 0, 8: 0, 9: 0}",0,0
rule_copilot,60c1s5r10p,YCSB_A,rw_zipf_1,concurrent_50,0,30000,468.491,513.6019000000589,564.8138899999999,452.27759199999997,3000.0,"{0: 30.612, 1: 35.354, 2: 9.091, 3: 10.101, 4: 9.091}","{0: 554.559, 1: 554.125, 2: 513.062, 3: 513.125, 4: 513.062}","{0: 0, 1: 0, 2: 0, 3: 0, 4: 0, 5: 0, 6: 0, 7: 0, 8: 0, 9: 0}","{0: 0, 1: 0, 2: 0, 3: 0, 4: 0, 5: 0, 6: 0, 7: 0, 8: 0, 9: 0}","{0: 0, 1: 0, 2: 0, 3: 0, 4: 0, 5: 0, 6: 0, 7: 0, 8: 0, 9: 0}",0,0
rule_copilot,60c1s5r10p,YCSB_A,rw_zipf_1,concurrent_60,0,36000,529.2895000000001,612.6994,677.99003,525.2634066666667,3600.0,"{0: 38.384, 1: 41.414, 2: 32.673, 3: 11.0, 4: 10.204}","{0: 584.0, 1: 580.75, 2: 525.938, 3: 516.375, 4: 517.625}","{0: 0, 1: 0, 2: 0, 3: 0, 4: 0, 5: 0, 6: 0, 7: 0, 8: 0, 9: 0}","{0: 0, 1: 0, 2: 0, 3: 0, 4: 0, 5: 0, 6: 0, 7: 0, 8: 0, 9: 0}","{0: 0, 1: 0, 2: 0, 3: 0, 4: 0, 5: 0, 6: 0, 7: 0, 8: 0, 9: 0}",0,0
rule_copilot,60c1s5r10p,YCSB_A,rw_zipf_1,concurrent_70,0,42000,594.045,672.9435,747.49106,585.5870614047619,4200.0,"{0: 48.485, 1: 54.082, 2: 93.939, 3: 12.121, 4: 13.861}","{0: 662.562, 1: 652.688, 2: 543.809, 3: 519.812, 4: 519.688}","{0: 0, 1: 0, 2: 0, 3: 0, 4: 0, 5: 0, 6: 0, 7: 0, 8: 0, 9: 0}","{0: 0, 1: 0, 2: 0, 3: 0, 4: 0, 5: 0, 6: 0, 7: 0, 8: 0, 9: 0}","{0: 0, 1: 0, 2: 0, 3: 0, 4: 0, 5: 0, 6: 0, 7: 0, 8: 0, 9: 0}",0,0
rule_copilot,60c1s5r10p,YCSB_A,rw_zipf_1,concurrent_80,0,46646,760.894,990.0630000000001,1313.1855,778.3121498520773,4664.6,"{0: 66.667, 1: 76.471, 2: 11.111, 3: 16.327, 4: 52.525}","{0: 749.312, 1: 736.562, 2: 527.562, 3: 524.875, 4: 528.375}","{0: 0, 1: 0, 2: 0, 3: 0, 4: 0, 5: 0, 6: 0, 7: 0, 8: 0, 9: 0}","{0: 0, 1: 0, 2: 0, 3: 0, 4: 0, 5: 0, 6: 0, 7: 0, 8: 0, 9: 0}","{0: 0, 1: 0, 2: 0, 3: 0, 4: 0, 5: 0, 6: 0, 7: 0, 8: 0, 9: 0}",0,0
rule_copilot,60c1s5r10p,YCSB_A,rw_zipf_1,concurrent_100,0,10949,2454.34,11483.9,21463.1,5146.296772673303,1094.9,"{0: 100.0, 1: 100.0, 2: 6.061, 3: 5.051, 4: 7.0}","{0: 1599.092, 1: 1536.312, 2: 604.188, 3: 609.625, 4: 603.246}","{0: 0, 1: 0, 2: 0, 3: 0, 4: 0, 5: 0, 6: 0, 7: 0, 8: 0, 9: 0}","{0: 0, 1: 0, 2: 0, 3: 0, 4: 0, 5: 0, 6: 0, 7: 0, 8: 0, 9: 0}","{0: 0, 1: 0, 2: 0, 3: 0, 4: 0, 5: 0, 6: 0, 7: 0, 8: 0, 9: 0}",0,0
rule_copilot,60c1s5r10p,YCSB_A,rw_zipf_1,concurrent_1,101,600,169.113,320.0781,528.67314,195.4351783333333,60.0,"{0: 4.04, 1: 3.03, 2: 3.0, 3: 2.02, 4: 2.02}","{0: 450.75, 1: 450.25, 2: 448.875, 3: 448.5, 4: 448.375}","{0: 60, 1: 60, 2: 60, 3: 60, 4: 60, 5: 60, 6: 60, 7: 60, 8: 60, 9: 60}","{0: 52, 1: 50, 2: 52, 3: 50, 4: 55, 5: 55, 6: 56, 7: 55, 8: 52, 9: 53}","{0: 52, 1: 50, 2: 52, 3: 50, 4: 55, 5: 55, 6: 56, 7: 55, 8: 52, 9: 53}",88.33333333333333,88.33333333333333
rule_copilot,60c1s5r10p,YCSB_A,rw_zipf_1,concurrent_10,101,6000,171.186,455.1857,530.3341499999999,235.06108533333335,600.0,"{0: 8.081, 1: 7.143, 2: 4.082, 3: 4.082, 4: 4.082}","{0: 506.875, 1: 505.562, 2: 496.75, 3: 492.625, 4: 493.25}","{0: 600, 1: 600, 2: 600, 3: 600, 4: 600, 5: 600, 6: 600, 7: 600, 8: 600, 9: 600}","{0: 444, 1: 443, 2: 442, 3: 445, 4: 442, 5: 458, 6: 437, 7: 428, 8: 435, 9: 448}","{0: 444, 1: 443, 2: 442, 3: 445, 4: 442, 5: 458, 6: 437, 7: 428, 8: 435, 9: 448}",73.7,73.7
rule_copilot,60c1s5r10p,YCSB_A,rw_zipf_1,concurrent_20,101,12000,172.17149999999998,458.5957,534.5740499999999,253.58711516666668,1200.0,"{0: 14.286, 1: 13.265, 2: 5.155, 3: 5.102, 4: 6.122}","{0: 526.625, 1: 527.75, 2: 510.0, 3: 509.062, 4: 509.125}","{0: 1200, 1: 1200, 2: 1200, 3: 1200, 4: 1200, 5: 1200, 6: 1200, 7: 1200, 8: 1200, 9: 1200}","{0: 790, 1: 825, 2: 795, 3: 787, 4: 796, 5: 807, 6: 774, 7: 811, 8: 830, 9: 843}","{0: 790, 1: 825, 2: 795, 3: 787, 4: 796, 5: 807, 6: 774, 7: 811, 8: 830, 9: 843}",67.15,67.15
rule_copilot,60c1s5r10p,YCSB_A,rw_zipf_1,concurrent_30,101,18000,173.647,459.6307,541.17005,256.8933,1800.0,"{0: 21.212, 1: 21.429, 2: 7.071, 3: 8.081, 4: 8.081}","{0: 536.75, 1: 539.375, 2: 515.062, 3: 514.188, 4: 514.125}","{0: 1800, 1: 1800, 2: 1800, 3: 1800, 4: 1800, 5: 1800, 6: 1800, 7: 1800, 8: 1800, 9: 1800}","{0: 1198, 1: 1179, 2: 1169, 3: 1168, 4: 1215, 5: 1225, 6: 1214, 7: 1182, 8: 1183, 9: 1191}","{0: 1198, 1: 1179, 2: 1169, 3: 1168, 4: 1215, 5: 1225, 6: 1214, 7: 1182, 8: 1183, 9: 1191}",66.24444444444444,66.24444444444444
rule_copilot,60c1s5r10p,YCSB_A,rw_zipf_1,concurrent_40,101,24000,188.241,474.3934,539.47421,270.15364900000003,2400.0,"{0: 25.773, 1: 28.283, 2: 8.081, 3: 11.111, 4: 10.101}","{0: 547.438, 1: 547.875, 2: 519.562, 3: 519.25, 4: 519.312}","{0: 2400, 1: 2400, 2: 2400, 3: 2400, 4: 2400, 5: 2400, 6: 2400, 7: 2400, 8: 2400, 9: 2400}","{0: 1491, 1: 1488, 2: 1458, 3: 1495, 4: 1495, 5: 1446, 6: 1490, 7: 1474, 8: 1518, 9: 1478}","{0: 1491, 1: 1488, 2: 1458, 3: 1495, 4: 1495, 5: 1446, 6: 1490, 7: 1474, 8: 1518, 9: 1478}",61.80416666666667,61.80416666666667
rule_copilot,60c1s5r10p,YCSB_A,rw_zipf_1,concurrent_50,101,30000,192.54649999999998,480.5081,602.59823,284.20093383333335,3000.0,"{0: 32.653, 1: 38.0, 2: 10.0, 3: 11.111, 4: 11.111}","{0: 553.938, 1: 557.25, 2: 524.188, 3: 523.312, 4: 523.312}","{0: 3000, 1: 3000, 2: 3000, 3: 3000, 4: 3000, 5: 3000, 6: 3000, 7: 3000, 8: 3000, 9: 3000}","{0: 1749, 1: 1764, 2: 1798, 3: 1766, 4: 1785, 5: 1807, 6: 1849, 7: 1848, 8: 1847, 9: 1821}","{0: 1749, 1: 1764, 2: 1798, 3: 1766, 4: 1785, 5: 1807, 6: 1849, 7: 1848, 8: 1847, 9: 1821}",60.11333333333334,60.11333333333334
rule_copilot,60c1s5r10p,YCSB_A,rw_zipf_1,concurrent_60,101,36000,289.822,601.5812000000001,723.9415000000001,339.2931685277778,3600.0,"{0: 41.414, 1: 45.0, 2: 83.838, 3: 13.0, 4: 12.245}","{0: 603.375, 1: 594.5, 2: 550.625, 3: 528.938, 4: 527.938}","{0: 3600, 1: 3600, 2: 3600, 3: 3600, 4: 3600, 5: 3600, 6: 3600, 7: 3600, 8: 3600, 9: 3600}","{0: 2087, 1: 2058, 2: 2070, 3: 2074, 4: 2103, 5: 2066, 6: 2106, 7: 2048, 8: 2070, 9: 2113}","{0: 2078, 1: 2047, 2: 2069, 3: 2073, 4: 2102, 5: 2066, 6: 2103, 7: 2048, 8: 2068, 9: 2111}",57.763888888888886,57.68055555555556
rule_copilot,60c1s5r10p,YCSB_A,rw_zipf_1,concurrent_70,101,42000,316.25,694.9493,831.78214,383.93360545238096,4200.0,"{0: 49.0, 1: 54.545, 2: 16.832, 3: 15.152, 4: 14.286}","{0: 639.5, 1: 644.0, 2: 541.125, 3: 534.688, 4: 533.438}","{0: 4200, 1: 4200, 2: 4200, 3: 4200, 4: 4200, 5: 4200, 6: 4200, 7: 4200, 8: 4200, 9: 4200}","{0: 2336, 1: 2419, 2: 2334, 3: 2332, 4: 2369, 5: 2361, 6: 2368, 7: 2330, 8: 2376, 9: 2343}","{0: 2336, 1: 2419, 2: 2334, 3: 2332, 4: 2369, 5: 2361, 6: 2368, 7: 2330, 8: 2376, 9: 2343}",56.114285714285714,56.114285714285714
rule_copilot,60c1s5r10p,YCSB_A,rw_zipf_1,concurrent_80,101,46671,458.952,912.031,2649.9470000000006,560.8221232028454,4667.1,"{0: 64.0, 1: 65.306, 2: 50.505, 3: 18.182, 4: 71.717}","{0: 742.25, 1: 724.25, 2: 555.25, 3: 541.062, 4: 552.0}","{0: 4744, 1: 4769, 2: 4529, 3: 4626, 4: 4539, 5: 4769, 6: 4660, 7: 4631, 8: 4766, 9: 4740}","{0: 2392, 1: 2483, 2: 2250, 3: 2402, 4: 2278, 5: 2543, 6: 2398, 7: 2424, 8: 2572, 9: 2523}","{0: 2391, 1: 2483, 2: 2250, 3: 2402, 4: 2278, 5: 2543, 6: 2398, 7: 2424, 8: 2572, 9: 2523}",51.878220340794904,51.87608235520493
rule_copilot,60c1s5r10p,YCSB_A,rw_zipf_1,concurrent_100,101,10382,1386.5,10432.7,32764.5,4068.268186476594,1038.2,"{0: 100.0, 1: 43.434, 2: 100.0, 3: 100.0, 4: 100.0}","{0: 1717.043, 1: 1822.426, 2: 661.809, 3: 672.375, 4: 629.812}","{0: 757, 1: 899, 2: 761, 3: 976, 4: 948, 5: 2525, 6: 1712, 7: 1527, 8: 2739, 9: 2615}","{0: 245, 1: 348, 2: 279, 3: 378, 4: 336, 5: 1162, 6: 729, 7: 626, 8: 1257, 9: 1221}","{0: 245, 1: 348, 2: 279, 3: 378, 4: 336, 5: 1162, 6: 729, 7: 626, 8: 1257, 9: 1221}",42.57067080664985,42.57067080664985
rule_copilot,60c1s5r10p,YCSB_A,rw_zipf_1,concurrent_1,100,600,168.0725,306.8802,535.13765,194.70970333333332,60.0,"{0: 3.061, 1: 3.061, 2: 1.031, 3: 2.02, 4: 2.041}","{0: 450.75, 1: 450.375, 2: 449.0, 3: 448.5, 4: 448.625}","{0: 60, 1: 60, 2: 60, 3: 60, 4: 60, 5: 60, 6: 60, 7: 60, 8: 60, 9: 60}","{0: 50, 1: 53, 2: 47, 3: 55, 4: 55, 5: 56, 6: 52, 7: 55, 8: 57, 9: 53}","{0: 50, 1: 53, 2: 47, 3: 55, 4: 55, 5: 56, 6: 52, 7: 55, 8: 57, 9: 53}",88.83333333333333,88.83333333333333
rule_copilot,60c1s5r10p,YCSB_A,rw_zipf_1,concurrent_10,100,6000,172.408,460.3636,535.75805,241.13924749999998,600.0,"{0: 7.216, 1: 7.216, 2: 4.04, 3: 4.04, 4: 4.082}","{0: 505.688, 1: 504.875, 2: 494.125, 3: 490.75, 4: 490.75}","{0: 600, 1: 600, 2: 600, 3: 600, 4: 600, 5: 600, 6: 600, 7: 600, 8: 600, 9: 600}","{0: 426, 1: 431, 2: 419, 3: 449, 4: 430, 5: 440, 6: 412, 7: 430, 8: 444, 9: 440}","{0: 426, 1: 431, 2: 419, 3: 449, 4: 430, 5: 440, 6: 412, 7: 430, 8: 444, 9: 440}",72.01666666666667,72.01666666666667
rule_copilot,60c1s5r10p,YCSB_A,rw_zipf_1,concurrent_20,100,12000,171.958,454.4261,533.3190199999999,247.12718583333333,1200.0,"{0: 14.286, 1: 14.433, 2: 7.0, 3: 6.122, 4: 6.061}","{0: 526.375, 1: 527.812, 2: 510.562, 3: 509.875, 4: 510.5}","{0: 1200, 1: 1200, 2: 1200, 3: 1200, 4: 1200, 5: 1200, 6: 1200, 7: 1200, 8: 1200, 9: 1200}","{0: 817, 1: 828, 2: 838, 3: 826, 4: 861, 5: 826, 6: 835, 7: 825, 8: 820, 9: 833}","{0: 817, 1: 828, 2: 838, 3: 826, 4: 861, 5: 826, 6: 835, 7: 825, 8: 820, 9: 833}",69.24166666666666,69.24166666666666
rule_copilot,60c1s5r10p,YCSB_A,rw_zipf_1,concurrent_30,100,18000,173.385,458.7954,532.761,253.4650328333334,1800.0,"{0: 18.557, 1: 20.833, 2: 7.0, 3: 7.143, 4: 7.071}","{0: 535.688, 1: 537.0, 2: 521.5, 3: 521.5, 4: 521.312}","{0: 1800, 1: 1800, 2: 1800, 3: 1800, 4: 1800, 5: 1800, 6: 1800, 7: 1800, 8: 1800, 9: 1800}","{0: 1193, 1: 1170, 2: 1211, 3: 1195, 4: 1209, 5: 1251, 6: 1212, 7: 1224, 8: 1213, 9: 1231}","{0: 1193, 1: 1170, 2: 1211, 3: 1195, 4: 1209, 5: 1251, 6: 1212, 7: 1224, 8: 1213, 9: 1231}",67.27222222222223,67.27222222222223
rule_copilot,60c1s5r10p,YCSB_A,rw_zipf_1,concurrent_40,100,24000,188.8005,475.92,540.02815,269.0808665416667,2400.0,"{0: 27.273, 1: 29.293, 2: 8.0, 3: 9.091, 4: 10.101}","{0: 546.625, 1: 547.438, 2: 519.688, 3: 518.812, 4: 518.938}","{0: 2400, 1: 2400, 2: 2400, 3: 2400, 4: 2400, 5: 2400, 6: 2400, 7: 2400, 8: 2400, 9: 2400}","{0: 1479, 1: 1503, 2: 1499, 3: 1502, 4: 1477, 5: 1521, 6: 1490, 7: 1493, 8: 1509, 9: 1540}","{0: 1479, 1: 1503, 2: 1499, 3: 1502, 4: 1477, 5: 1521, 6: 1490, 7: 1493, 8: 1509, 9: 1540}",62.55416666666667,62.55416666666667
rule_copilot,60c1s5r10p,YCSB_A,rw_zipf_1,concurrent_50,100,30000,189.88850000000002,479.2697,592.24508,283.51469876666664,3000.0,"{0: 32.653, 1: 35.714, 2: 9.184, 3: 11.224, 4: 10.204}","{0: 558.375, 1: 560.0, 2: 523.062, 3: 522.688, 4: 523.25}","{0: 3000, 1: 3000, 2: 3000, 3: 3000, 4: 3000, 5: 3000, 6: 3000, 7: 3000, 8: 3000, 9: 3000}","{0: 1718, 1: 1810, 2: 1811, 3: 1820, 4: 1791, 5: 1795, 6: 1813, 7: 1777, 8: 1780, 9: 1841}","{0: 1718, 1: 1810, 2: 1811, 3: 1820, 4: 1791, 5: 1795, 6: 1813, 7: 1777, 8: 1780, 9: 1841}",59.85333333333333,59.85333333333333
rule_copilot,60c1s5r10p,YCSB_A,rw_zipf_1,concurrent_60,100,36000,293.51099999999997,586.2769000000002,717.9583200000001,335.6774353888889,3600.0,"{0: 39.796, 1: 43.0, 2: 81.633, 3: 12.245, 4: 13.131}","{0: 601.188, 1: 595.312, 2: 545.562, 3: 527.25, 4: 527.188}","{0: 3600, 1: 3600, 2: 3600, 3: 3600, 4: 3600, 5: 3600, 6: 3600, 7: 3600, 8: 3600, 9: 3600}","{0: 2077, 1: 2035, 2: 2013, 3: 2090, 4: 2039, 5: 2078, 6: 2037, 7: 2018, 8: 2071, 9: 2055}","{0: 2070, 1: 2031, 2: 2013, 3: 2090, 4: 2039, 5: 2078, 6: 2037, 7: 2018, 8: 2071, 9: 2055}",56.980555555555554,56.95
rule_copilot,60c1s5r10p,YCSB_A,rw_zipf_1,concurrent_70,100,42000,314.8855,701.3308,841.5046700000012,388.2902247380953,4200.0,"{0: 50.515, 1: 58.586, 2: 40.404, 3: 14.286, 4: 14.286}","{0: 661.375, 1: 656.625, 2: 541.812, 3: 536.062, 4: 534.875}","{0: 4200, 1: 4200, 2: 4200, 3: 4200, 4: 4200, 5: 4200, 6: 4200, 7: 4200, 8: 4200, 9: 4200}","{0: 2421, 1: 2377, 2: 2336, 3: 2416, 4: 2352, 5: 2357, 6: 2337, 7: 2411, 8: 2440, 9: 2448}","{0: 2421, 1: 2377, 2: 2336, 3: 2416, 4: 2352, 5: 2357, 6: 2337, 7: 2411, 8: 2440, 9: 2448}",56.892857142857146,56.892857142857146
rule_copilot,60c1s5r10p,YCSB_A,rw_zipf_1,concurrent_80,100,39541,688.968,3067.78,25615.159999999967,1705.1139781998434,3954.1,"{0: 83.673, 1: 86.869, 2: 23.0, 3: 14.433, 4: 21.429}","{0: 809.234, 1: 824.125, 2: 549.5, 3: 549.188, 4: 561.375}","{0: 3616, 1: 3627, 2: 3398, 3: 3583, 4: 3474, 5: 4512, 6: 4186, 7: 4097, 8: 4576, 9: 4472}","{0: 1765, 1: 1819, 2: 1606, 3: 1757, 4: 1690, 5: 2403, 6: 2115, 7: 2056, 8: 2429, 9: 2321}","{0: 1765, 1: 1819, 2: 1606, 3: 1757, 4: 1690, 5: 2403, 6: 2115, 7: 2056, 8: 2429, 9: 2321}",50.48177840722288,50.48177840722288
rule_copilot,60c1s5r10p,YCSB_A,rw_zipf_1,concurrent_100,100,25731,1058.95,11279.7,15834.2,2865.356566243053,2573.1,"{0: 90.0, 1: 90.0, 2: 17.0, 3: 30.612, 4: 30.303}","{0: 1271.312, 1: 1250.625, 2: 598.688, 3: 598.375, 4: 605.0}","{0: 2453, 1: 2497, 2: 2490, 3: 2763, 4: 2576, 5: 3969, 6: 3255, 7: 3269, 8: 4095, 9: 4045}","{0: 968, 1: 933, 2: 952, 3: 1124, 4: 990, 5: 1864, 6: 1397, 7: 1418, 8: 1913, 9: 1941}","{0: 968, 1: 933, 2: 952, 3: 1124, 4: 990, 5: 1864, 6: 1397, 7: 1418, 8: 1913, 9: 1941}",42.97720616324971,42.97720616324971
rule_copilot,60c1s5r10p,YCSB_A,rw_zipf_0.5,concurrent_50,0,30000,456.239,512.9225000000366,544.13802,439.06465883333334,3000.0,"{0: 32.0, 1: 34.343, 2: 10.204, 3: 11.111, 4: 10.101}","{0: 564.688, 1: 564.938, 2: 518.75, 3: 518.5, 4: 518.5}","{0: 0, 1: 0, 2: 0, 3: 0, 4: 0, 5: 0, 6: 0, 7: 0, 8: 0, 9: 0}","{0: 0, 1: 0, 2: 0, 3: 0, 4: 0, 5: 0, 6: 0, 7: 0, 8: 0, 9: 0}","{0: 0, 1: 0, 2: 0, 3: 0, 4: 0, 5: 0, 6: 0, 7: 0, 8: 0, 9: 0}",0,0
rule_copilot,60c1s5r10p,YCSB_A,rw_zipf_0.5,concurrent_50,101,30000,168.74450000000002,230.0052,454.59909,177.05261006666666,3000.0,"{0: 34.343, 1: 36.735, 2: 12.245, 3: 13.0, 4: 11.224}","{0: 568.625, 1: 569.312, 2: 537.375, 3: 534.0, 4: 534.688}","{0: 3000, 1: 3000, 2: 3000, 3: 3000, 4: 3000, 5: 3000, 6: 3000, 7: 3000, 8: 3000, 9: 3000}","{0: 2976, 1: 2970, 2: 2971, 3: 2971, 4: 2967, 5: 2975, 6: 2975, 7: 2977, 8: 2977, 9: 2979}","{0: 2976, 1: 2970, 2: 2971, 3: 2971, 4: 2967, 5: 2975, 6: 2975, 7: 2977, 8: 2977, 9: 2979}",99.12666666666667,99.12666666666667
rule_copilot,60c1s5r10p,YCSB_A,rw_zipf_0.5,concurrent_50,100,30000,169.026,237.8451,454.22304,177.721978,3000.0,"{0: 32.0, 1: 37.113, 2: 12.121, 3: 12.121, 4: 12.0}","{0: 568.875, 1: 568.562, 2: 538.188, 3: 534.375, 4: 534.938}","{0: 3000, 1: 3000, 2: 3000, 3: 3000, 4: 3000, 5: 3000, 6: 3000, 7: 3000, 8: 3000, 9: 3000}","{0: 2976, 1: 2972, 2: 2971, 3: 2971, 4: 2980, 5: 2974, 6: 2978, 7: 2983, 8: 2973, 9: 2983}","{0: 2976, 1: 2972, 2: 2971, 3: 2971, 4: 2980, 5: 2974, 6: 2978, 7: 2983, 8: 2973, 9: 2983}",99.20333333333333,99.20333333333333
rule_copilot,60c1s5r10p,YCSB_A,rw_zipf_0.55,concurrent_50,0,30000,459.196,504.567100000054,550.1020699999999,441.2674298666667,3000.0,"{0: 33.333, 1: 35.354, 2: 10.0, 3: 10.101, 4: 10.204}","{0: 564.0, 1: 564.438, 2: 517.312, 3: 516.625, 4: 516.625}","{0: 0, 1: 0, 2: 0, 3: 0, 4: 0, 5: 0, 6: 0, 7: 0, 8: 0, 9: 0}","{0: 0, 1: 0, 2: 0, 3: 0, 4: 0, 5: 0, 6: 0, 7: 0, 8: 0, 9: 0}","{0: 0, 1: 0, 2: 0, 3: 0, 4: 0, 5: 0, 6: 0, 7: 0, 8: 0, 9: 0}",0,0
rule_copilot,60c1s5r10p,YCSB_A,rw_zipf_0.55,concurrent_50,101,30000,169.461,232.229,458.99917,178.5132409,3000.0,"{0: 32.0, 1: 37.374, 2: 11.111, 3: 11.224, 4: 11.224}","{0: 569.375, 1: 570.0, 2: 537.812, 3: 535.062, 4: 535.938}","{0: 3000, 1: 3000, 2: 3000, 3: 3000, 4: 3000, 5: 3000, 6: 3000, 7: 3000, 8: 3000, 9: 3000}","{0: 2963, 1: 2945, 2: 2963, 3: 2967, 4: 2967, 5: 2970, 6: 2952, 7: 2965, 8: 2955, 9: 2966}","{0: 2963, 1: 2945, 2: 2963, 3: 2967, 4: 2967, 5: 2970, 6: 2952, 7: 2965, 8: 2955, 9: 2966}",98.71,98.71
rule_copilot,60c1s5r10p,YCSB_A,rw_zipf_0.55,concurrent_50,100,30000,169.908,231.9882,459.18201,179.1327221,3000.0,"{0: 33.673, 1: 38.776, 2: 10.204, 3: 12.121, 4: 12.121}","{0: 569.438, 1: 572.625, 2: 536.438, 3: 535.562, 4: 535.25}","{0: 3000, 1: 3000, 2: 3000, 3: 3000, 4: 3000, 5: 3000, 6: 3000, 7: 3000, 8: 3000, 9: 3000}","{0: 2959, 1: 2967, 2: 2963, 3: 2965, 4: 2964, 5: 2971, 6: 2960, 7: 2968, 8: 2945, 9: 2968}","{0: 2959, 1: 2967, 2: 2963, 3: 2965, 4: 2964, 5: 2971, 6: 2960, 7: 2968, 8: 2945, 9: 2968}",98.76666666666667,98.76666666666667
rule_copilot,60c1s5r10p,YCSB_A,rw_zipf_0.6,concurrent_50,0,30000,465.5125,514.7403000000164,546.65304,447.4764715,3000.0,"{0: 31.313, 1: 35.354, 2: 9.091, 3: 10.204, 4: 10.101}","{0: 564.312, 1: 564.438, 2: 516.938, 3: 516.875, 4: 517.0}","{0: 0, 1: 0, 2: 0, 3: 0, 4: 0, 5: 0, 6: 0, 7: 0, 8: 0, 9: 0}","{0: 0, 1: 0, 2: 0, 3: 0, 4: 0, 5: 0, 6: 0, 7: 0, 8: 0, 9: 0}","{0: 0, 1: 0, 2: 0, 3: 0, 4: 0, 5: 0, 6: 0, 7: 0, 8: 0, 9: 0}",0,0
rule_copilot,60c1s5r10p,YCSB_A,rw_zipf_0.6,concurrent_50,101,30000,168.472,230.69390000000004,459.41823999999997,179.74295243333336,3000.0,"{0: 33.333, 1: 36.364, 2: 12.245, 3: 11.34, 4: 10.309}","{0: 568.625, 1: 567.5, 2: 536.812, 3: 535.438, 4: 535.25}","{0: 3000, 1: 3000, 2: 3000, 3: 3000, 4: 3000, 5: 3000, 6: 3000, 7: 3000, 8: 3000, 9: 3000}","{0: 2952, 1: 2955, 2: 2950, 3: 2952, 4: 2950, 5: 2957, 6: 2955, 7: 2948, 8: 2958, 9: 2947}","{0: 2952, 1: 2955, 2: 2950, 3: 2952, 4: 2950, 5: 2957, 6: 2955, 7: 2948, 8: 2958, 9: 2947}",98.41333333333333,98.41333333333333
rule_copilot,60c1s5r10p,YCSB_A,rw_zipf_0.6,concurrent_50,100,30000,169.62150000000003,230.3172,462.39659999999975,179.63018513333333,3000.0,"{0: 34.0, 1: 36.735, 2: 11.0, 3: 12.245, 4: 11.111}","{0: 567.438, 1: 569.312, 2: 536.812, 3: 537.25, 4: 537.25}","{0: 3000, 1: 3000, 2: 3000, 3: 3000, 4: 3000, 5: 3000, 6: 3000, 7: 3000, 8: 3000, 9: 3000}","{0: 2961, 1: 2950, 2: 2951, 3: 2945, 4: 2949, 5: 2957, 6: 2962, 7: 2951, 8: 2960, 9: 2964}","{0: 2961, 1: 2950, 2: 2951, 3: 2945, 4: 2949, 5: 2957, 6: 2962, 7: 2951, 8: 2960, 9: 2964}",98.5,98.5
rule_copilot,60c1s5r10p,YCSB_A,rw_zipf_0.65,concurrent_50,0,30000,461.494,508.15960000005475,550.61901,445.0898266666667,3000.0,"{0: 30.928, 1: 35.644, 2: 8.163, 3: 9.091, 4: 9.091}","{0: 563.75, 1: 563.562, 2: 516.438, 3: 533.562, 4: 533.938}","{0: 0, 1: 0, 2: 0, 3: 0, 4: 0, 5: 0, 6: 0, 7: 0, 8: 0, 9: 0}","{0: 0, 1: 0, 2: 0, 3: 0, 4: 0, 5: 0, 6: 0, 7: 0, 8: 0, 9: 0}","{0: 0, 1: 0, 2: 0, 3: 0, 4: 0, 5: 0, 6: 0, 7: 0, 8: 0, 9: 0}",0,0
rule_copilot,60c1s5r10p,YCSB_A,rw_zipf_0.65,concurrent_50,101,30000,168.707,239.61020000000002,483.3031499999995,184.9487629,3000.0,"{0: 33.0, 1: 37.0, 2: 12.121, 3: 11.224, 4: 12.121}","{0: 568.25, 1: 569.625, 2: 534.875, 3: 533.375, 4: 533.312}","{0: 3000, 1: 3000, 2: 3000, 3: 3000, 4: 3000, 5: 3000, 6: 3000, 7: 3000, 8: 3000, 9: 3000}","{0: 2893, 1: 2883, 2: 2881, 3: 2896, 4: 2898, 5: 2896, 6: 2886, 7: 2893, 8: 2898, 9: 2896}","{0: 2893, 1: 2883, 2: 2881, 3: 2896, 4: 2898, 5: 2896, 6: 2886, 7: 2893, 8: 2898, 9: 2896}",96.4,96.4
rule_copilot,60c1s5r10p,YCSB_A,rw_zipf_0.65,concurrent_50,100,30000,170.29950000000002,235.96760000000003,483.03842999999995,183.18679946666668,3000.0,"{0: 34.0, 1: 37.374, 2: 11.111, 3: 12.121, 4: 12.0}","{0: 568.375, 1: 568.5, 2: 535.062, 3: 532.75, 4: 533.688}","{0: 3000, 1: 3000, 2: 3000, 3: 3000, 4: 3000, 5: 3000, 6: 3000, 7: 3000, 8: 3000, 9: 3000}","{0: 2923, 1: 2904, 2: 2919, 3: 2910, 4: 2924, 5: 2926, 6: 2921, 7: 2927, 8: 2921, 9: 2904}","{0: 2923, 1: 2904, 2: 2919, 3: 2910, 4: 2924, 5: 2926, 6: 2921, 7: 2927, 8: 2921, 9: 2904}",97.26333333333334,97.26333333333334
rule_copilot,60c1s5r10p,YCSB_A,rw_zipf_0.7,concurrent_50,0,30000,466.938,534.9216,556.3128099999998,449.82695036666667,3000.0,"{0: 31.633, 1: 35.052, 2: 9.091, 3: 11.111, 4: 9.184}","{0: 561.5, 1: 562.625, 2: 517.0, 3: 517.0, 4: 516.688}","{0: 0, 1: 0, 2: 0, 3: 0, 4: 0, 5: 0, 6: 0, 7: 0, 8: 0, 9: 0}","{0: 0, 1: 0, 2: 0, 3: 0, 4: 0, 5: 0, 6: 0, 7: 0, 8: 0, 9: 0}","{0: 0, 1: 0, 2: 0, 3: 0, 4: 0, 5: 0, 6: 0, 7: 0, 8: 0, 9: 0}",0,0
rule_copilot,60c1s5r10p,YCSB_A,rw_zipf_0.7,concurrent_50,101,30000,169.085,288.4234000000001,503.99176999999975,192.13775273333334,3000.0,"{0: 33.673, 1: 37.374, 2: 11.34, 3: 13.131, 4: 11.111}","{0: 567.875, 1: 567.688, 2: 535.25, 3: 532.188, 4: 533.188}","{0: 3000, 1: 3000, 2: 3000, 3: 3000, 4: 3000, 5: 3000, 6: 3000, 7: 3000, 8: 3000, 9: 3000}","{0: 2827, 1: 2831, 2: 2813, 3: 2800, 4: 2827, 5: 2825, 6: 2815, 7: 2851, 8: 2832, 9: 2833}","{0: 2827, 1: 2831, 2: 2813, 3: 2800, 4: 2827, 5: 2825, 6: 2815, 7: 2851, 8: 2832, 9: 2833}",94.18,94.18
rule_copilot,60c1s5r10p,YCSB_A,rw_zipf_0.7,concurrent_50,100,30000,170.036,254.88350000000003,476.23503,188.47815716666665,3000.0,"{0: 31.633, 1: 36.735, 2: 12.0, 3: 12.121, 4: 11.111}","{0: 565.0, 1: 565.75, 2: 534.438, 3: 532.812, 4: 533.812}","{0: 3000, 1: 3000, 2: 3000, 3: 3000, 4: 3000, 5: 3000, 6: 3000, 7: 3000, 8: 3000, 9: 3000}","{0: 2864, 1: 2831, 2: 2863, 3: 2820, 4: 2831, 5: 2850, 6: 2859, 7: 2853, 8: 2851, 9: 2842}","{0: 2864, 1: 2831, 2: 2863, 3: 2820, 4: 2831, 5: 2850, 6: 2859, 7: 2853, 8: 2851, 9: 2842}",94.88,94.88
rule_copilot,60c1s5r10p,YCSB_A,rw_zipf_0.75,concurrent_50,0,30000,460.75649999999996,508.275200000016,551.5603799999997,443.37633403333325,3000.0,"{0: 32.323, 1: 35.0, 2: 9.091, 3: 9.184, 4: 9.184}","{0: 560.25, 1: 562.188, 2: 515.812, 3: 515.438, 4: 516.0}","{0: 0, 1: 0, 2: 0, 3: 0, 4: 0, 5: 0, 6: 0, 7: 0, 8: 0, 9: 0}","{0: 0, 1: 0, 2: 0, 3: 0, 4: 0, 5: 0, 6: 0, 7: 0, 8: 0, 9: 0}","{0: 0, 1: 0, 2: 0, 3: 0, 4: 0, 5: 0, 6: 0, 7: 0, 8: 0, 9: 0}",0,0
rule_copilot,60c1s5r10p,YCSB_A,rw_zipf_0.75,concurrent_50,101,30000,169.38850000000002,309.2802,533.6711599999998,198.18388546666668,3000.0,"{0: 33.333, 1: 36.364, 2: 11.0, 3: 12.245, 4: 10.204}","{0: 565.75, 1: 567.5, 2: 532.938, 3: 531.875, 4: 532.688}","{0: 3000, 1: 3000, 2: 3000, 3: 3000, 4: 3000, 5: 3000, 6: 3000, 7: 3000, 8: 3000, 9: 3000}","{0: 2689, 1: 2762, 2: 2738, 3: 2744, 4: 2746, 5: 2760, 6: 2765, 7: 2754, 8: 2741, 9: 2773}","{0: 2689, 1: 2762, 2: 2738, 3: 2744, 4: 2746, 5: 2760, 6: 2765, 7: 2754, 8: 2741, 9: 2773}",91.57333333333334,91.57333333333334
rule_copilot,60c1s5r10p,YCSB_A,rw_zipf_0.75,concurrent_50,100,30000,169.904,319.6214000000001,541.36428,198.60750960000001,3000.0,"{0: 33.333, 1: 37.755, 2: 11.224, 3: 11.34, 4: 10.309}","{0: 565.375, 1: 565.312, 2: 534.0, 3: 532.0, 4: 532.0}","{0: 3000, 1: 3000, 2: 3000, 3: 3000, 4: 3000, 5: 3000, 6: 3000, 7: 3000, 8: 3000, 9: 3000}","{0: 2750, 1: 2746, 2: 2743, 3: 2728, 4: 2748, 5: 2748, 6: 2759, 7: 2754, 8: 2756, 9: 2754}","{0: 2750, 1: 2746, 2: 2743, 3: 2728, 4: 2748, 5: 2748, 6: 2759, 7: 2754, 8: 2756, 9: 2754}",91.62,91.62
rule_copilot,60c1s5r10p,YCSB_A,rw_zipf_0.8,concurrent_50,0,30000,461.9355,519.2665,551.7510699999999,443.88595670000007,3000.0,"{0: 32.0, 1: 34.694, 2: 9.091, 3: 11.111, 4: 10.101}","{0: 559.188, 1: 562.438, 2: 515.125, 3: 513.625, 4: 513.875}","{0: 0, 1: 0, 2: 0, 3: 0, 4: 0, 5: 0, 6: 0, 7: 0, 8: 0, 9: 0}","{0: 0, 1: 0, 2: 0, 3: 0, 4: 0, 5: 0, 6: 0, 7: 0, 8: 0, 9: 0}","{0: 0, 1: 0, 2: 0, 3: 0, 4: 0, 5: 0, 6: 0, 7: 0, 8: 0, 9: 0}",0,0
rule_copilot,60c1s5r10p,YCSB_A,rw_zipf_0.8,concurrent_50,101,30000,169.776,445.3751,556.4054199999998,211.8144343333333,3000.0,"{0: 32.323, 1: 37.0, 2: 12.121, 3: 12.0, 4: 10.309}","{0: 564.25, 1: 566.312, 2: 531.688, 3: 529.312, 4: 529.938}","{0: 3000, 1: 3000, 2: 3000, 3: 3000, 4: 3000, 5: 3000, 6: 3000, 7: 3000, 8: 3000, 9: 3000}","{0: 2558, 1: 2615, 2: 2568, 3: 2640, 4: 2586, 5: 2624, 6: 2631, 7: 2628, 8: 2621, 9: 2593}","{0: 2558, 1: 2615, 2: 2568, 3: 2640, 4: 2586, 5: 2624, 6: 2631, 7: 2628, 8: 2621, 9: 2593}",86.88,86.88
rule_copilot,60c1s5r10p,YCSB_A,rw_zipf_0.8,concurrent_50,100,30000,170.684,344.3627000000001,542.598,206.82080263333333,3000.0,"{0: 34.0, 1: 36.735, 2: 12.121, 3: 12.121, 4: 11.224}","{0: 562.688, 1: 564.875, 2: 530.562, 3: 529.812, 4: 531.062}","{0: 3000, 1: 3000, 2: 3000, 3: 3000, 4: 3000, 5: 3000, 6: 3000, 7: 3000, 8: 3000, 9: 3000}","{0: 2624, 1: 2652, 2: 2639, 3: 2649, 4: 2672, 5: 2646, 6: 2660, 7: 2657, 8: 2677, 9: 2673}","{0: 2624, 1: 2652, 2: 2639, 3: 2649, 4: 2672, 5: 2646, 6: 2660, 7: 2657, 8: 2677, 9: 2673}",88.49666666666667,88.49666666666667
rule_copilot,60c1s5r10p,YCSB_A,rw_zipf_0.85,concurrent_50,0,30000,464.794,511.6204000000618,557.578,449.57329200000004,3000.0,"{0: 32.653, 1: 36.364, 2: 10.0, 3: 9.184, 4: 8.247}","{0: 559.438, 1: 560.875, 2: 514.312, 3: 519.0, 4: 520.375}","{0: 0, 1: 0, 2: 0, 3: 0, 4: 0, 5: 0, 6: 0, 7: 0, 8: 0, 9: 0}","{0: 0, 1: 0, 2: 0, 3: 0, 4: 0, 5: 0, 6: 0, 7: 0, 8: 0, 9: 0}","{0: 0, 1: 0, 2: 0, 3: 0, 4: 0, 5: 0, 6: 0, 7: 0, 8: 0, 9: 0}",0,0
rule_copilot,60c1s5r10p,YCSB_A,rw_zipf_0.85,concurrent_50,101,30000,169.36,459.0795,553.38009,221.19425196666666,3000.0,"{0: 31.633, 1: 36.0, 2: 12.0, 3: 11.111, 4: 11.0}","{0: 563.875, 1: 564.125, 2: 529.875, 3: 529.562, 4: 530.0}","{0: 3000, 1: 3000, 2: 3000, 3: 3000, 4: 3000, 5: 3000, 6: 3000, 7: 3000, 8: 3000, 9: 3000}","{0: 2498, 1: 2522, 2: 2462, 3: 2468, 4: 2508, 5: 2499, 6: 2523, 7: 2467, 8: 2527, 9: 2483}","{0: 2498, 1: 2522, 2: 2462, 3: 2468, 4: 2508, 5: 2499, 6: 2523, 7: 2467, 8: 2527, 9: 2483}",83.19,83.19
rule_copilot,60c1s5r10p,YCSB_A,rw_zipf_0.85,concurrent_50,100,30000,170.58,463.4424,555.28417,223.8014054666667,3000.0,"{0: 32.99, 1: 37.374, 2: 11.111, 3: 12.121, 4: 10.204}","{0: 562.0, 1: 562.938, 2: 529.625, 3: 528.688, 4: 529.812}","{0: 3000, 1: 3000, 2: 3000, 3: 3000, 4: 3000, 5: 3000, 6: 3000, 7: 3000, 8: 3000, 9: 3000}","{0: 2433, 1: 2443, 2: 2470, 3: 2484, 4: 2453, 5: 2488, 6: 2482, 7: 2457, 8: 2473, 9: 2510}","{0: 2433, 1: 2443, 2: 2470, 3: 2484, 4: 2453, 5: 2488, 6: 2482, 7: 2457, 8: 2473, 9: 2510}",82.31,82.31
rule_copilot,60c1s5r10p,YCSB_A,rw_zipf_0.9,concurrent_50,0,30000,458.34,496.60690000000005,547.588,441.48040619999995,3000.0,"{0: 31.0, 1: 34.694, 2: 11.111, 3: 10.204, 4: 10.101}","{0: 557.062, 1: 558.312, 2: 513.625, 3: 513.375, 4: 513.562}","{0: 0, 1: 0, 2: 0, 3: 0, 4: 0, 5: 0, 6: 0, 7: 0, 8: 0, 9: 0}","{0: 0, 1: 0, 2: 0, 3: 0, 4: 0, 5: 0, 6: 0, 7: 0, 8: 0, 9: 0}","{0: 0, 1: 0, 2: 0, 3: 0, 4: 0, 5: 0, 6: 0, 7: 0, 8: 0, 9: 0}",0,0
rule_copilot,60c1s5r10p,YCSB_A,rw_zipf_0.9,concurrent_50,101,30000,171.2425,473.4973,558.9314799999994,237.72685493333333,3000.0,"{0: 31.633, 1: 36.0, 2: 12.0, 3: 12.121, 4: 11.111}","{0: 560.938, 1: 561.934, 2: 530.125, 3: 529.438, 4: 529.812}","{0: 3000, 1: 3000, 2: 3000, 3: 3000, 4: 3000, 5: 3000, 6: 3000, 7: 3000, 8: 3000, 9: 3000}","{0: 2297, 1: 2298, 2: 2304, 3: 2342, 4: 2313, 5: 2340, 6: 2331, 7: 2319, 8: 2322, 9: 2333}","{0: 2287, 1: 2298, 2: 2304, 3: 2342, 4: 2313, 5: 2340, 6: 2331, 7: 2319, 8: 2322, 9: 2333}",77.33,77.29666666666667
rule_copilot,60c1s5r10p,YCSB_A,rw_zipf_0.9,concurrent_50,100,30000,172.131,473.8693,567.5699899999988,245.1002835333333,3000.0,"{0: 32.653, 1: 36.364, 2: 12.121, 3: 11.224, 4: 11.224}","{0: 560.375, 1: 559.812, 2: 529.25, 3: 526.75, 4: 526.688}","{0: 3000, 1: 3000, 2: 3000, 3: 3000, 4: 3000, 5: 3000, 6: 3000, 7: 3000, 8: 3000, 9: 3000}","{0: 2224, 1: 2260, 2: 2262, 3: 2251, 4: 2228, 5: 2257, 6: 2292, 7: 2230, 8: 2270, 9: 2280}","{0: 2224, 1: 2260, 2: 2262, 3: 2251, 4: 2228, 5: 2257, 6: 2292, 7: 2230, 8: 2270, 9: 2280}",75.18,75.18
rule_copilot,60c1s5r10p,YCSB_A,rw_zipf_0.95,concurrent_50,0,30000,468.269,510.8056000000639,558.2067499999976,450.0733766666667,3000.0,"{0: 30.612, 1: 34.694, 2: 13.0, 3: 10.101, 4: 9.0}","{0: 557.25, 1: 554.812, 2: 515.625, 3: 514.438, 4: 514.5}","{0: 0, 1: 0, 2: 0, 3: 0, 4: 0, 5: 0, 6: 0, 7: 0, 8: 0, 9: 0}","{0: 0, 1: 0, 2: 0, 3: 0, 4: 0, 5: 0, 6: 0, 7: 0, 8: 0, 9: 0}","{0: 0, 1: 0, 2: 0, 3: 0, 4: 0, 5: 0, 6: 0, 7: 0, 8: 0, 9: 0}",0,0
rule_copilot,60c1s5r10p,YCSB_A,rw_zipf_0.95,concurrent_50,101,30000,174.43,474.4705,580.1015899999999,259.2200319666667,3000.0,"{0: 32.653, 1: 36.082, 2: 11.111, 3: 11.34, 4: 11.0}","{0: 558.125, 1: 560.062, 2: 527.062, 3: 525.375, 4: 525.188}","{0: 3000, 1: 3000, 2: 3000, 3: 3000, 4: 3000, 5: 3000, 6: 3000, 7: 3000, 8: 3000, 9: 3000}","{0: 2067, 1: 2042, 2: 2084, 3: 2033, 4: 2053, 5: 2088, 6: 2121, 7: 2027, 8: 2100, 9: 2018}","{0: 2067, 1: 2042, 2: 2083, 3: 2033, 4: 2053, 5: 2088, 6: 2121, 7: 2027, 8: 2100, 9: 2018}",68.77666666666667,68.77333333333333
rule_copilot,60c1s5r10p,YCSB_A,rw_zipf_0.95,concurrent_50,100,30000,174.2655,473.7033,584.7185999999996,265.0932270333333,3000.0,"{0: 32.323, 1: 34.694, 2: 11.111, 3: 11.111, 4: 11.111}","{0: 556.625, 1: 558.375, 2: 524.938, 3: 524.188, 4: 525.25}","{0: 3000, 1: 3000, 2: 3000, 3: 3000, 4: 3000, 5: 3000, 6: 3000, 7: 3000, 8: 3000, 9: 3000}","{0: 2002, 1: 2014, 2: 1980, 3: 1959, 4: 1973, 5: 2019, 6: 2024, 7: 2008, 8: 1997, 9: 2016}","{0: 2002, 1: 2014, 2: 1980, 3: 1959, 4: 1973, 5: 2019, 6: 2024, 7: 2008, 8: 1997, 9: 2016}",66.64,66.64
rule_copilot,60c1s5r10p,YCSB_A,rw_zipf_1,concurrent_50,0,30000,468.491,513.6019000000589,564.8138899999999,452.27759199999997,3000.0,"{0: 30.612, 1: 35.354, 2: 9.091, 3: 10.101, 4: 9.091}","{0: 554.559, 1: 554.125, 2: 513.062, 3: 513.125, 4: 513.062}","{0: 0, 1: 0, 2: 0, 3: 0, 4: 0, 5: 0, 6: 0, 7: 0, 8: 0, 9: 0}","{0: 0, 1: 0, 2: 0, 3: 0, 4: 0, 5: 0, 6: 0, 7: 0, 8: 0, 9: 0}","{0: 0, 1: 0, 2: 0, 3: 0, 4: 0, 5: 0, 6: 0, 7: 0, 8: 0, 9: 0}",0,0
rule_copilot,60c1s5r10p,YCSB_A,rw_zipf_1,concurrent_50,101,30000,192.54649999999998,480.5081,602.59823,284.20093383333335,3000.0,"{0: 32.653, 1: 38.0, 2: 10.0, 3: 11.111, 4: 11.111}","{0: 553.938, 1: 557.25, 2: 524.188, 3: 523.312, 4: 523.312}","{0: 3000, 1: 3000, 2: 3000, 3: 3000, 4: 3000, 5: 3000, 6: 3000, 7: 3000, 8: 3000, 9: 3000}","{0: 1749, 1: 1764, 2: 1798, 3: 1766, 4: 1785, 5: 1807, 6: 1849, 7: 1848, 8: 1847, 9: 1821}","{0: 1749, 1: 1764, 2: 1798, 3: 1766, 4: 1785, 5: 1807, 6: 1849, 7: 1848, 8: 1847, 9: 1821}",60.11333333333334,60.11333333333334
rule_copilot,60c1s5r10p,YCSB_A,rw_zipf_1,concurrent_50,100,30000,189.88850000000002,479.2697,592.24508,283.51469876666664,3000.0,"{0: 32.653, 1: 35.714, 2: 9.184, 3: 11.224, 4: 10.204}","{0: 558.375, 1: 560.0, 2: 523.062, 3: 522.688, 4: 523.25}","{0: 3000, 1: 3000, 2: 3000, 3: 3000, 4: 3000, 5: 3000, 6: 3000, 7: 3000, 8: 3000, 9: 3000}","{0: 1718, 1: 1810, 2: 1811, 3: 1820, 4: 1791, 5: 1795, 6: 1813, 7: 1777, 8: 1780, 9: 1841}","{0: 1718, 1: 1810, 2: 1811, 3: 1820, 4: 1791, 5: 1795, 6: 1813, 7: 1777, 8: 1780, 9: 1841}",59.85333333333333,59.85333333333333
rule_copilot,60c1s5r10p,YCSB_B,rw_zipf_0.5,concurrent_50,0,30000,462.572,511.678400000057,548.26807,444.88166186666666,3000.0,"{0: 31.313, 1: 34.694, 2: 8.081, 3: 11.224, 4: 9.184}","{0: 563.5, 1: 565.562, 2: 516.188, 3: 518.812, 4: 519.0}","{0: 0, 1: 0, 2: 0, 3: 0, 4: 0, 5: 0, 6: 0, 7: 0, 8: 0, 9: 0}","{0: 0, 1: 0, 2: 0, 3: 0, 4: 0, 5: 0, 6: 0, 7: 0, 8: 0, 9: 0}","{0: 0, 1: 0, 2: 0, 3: 0, 4: 0, 5: 0, 6: 0, 7: 0, 8: 0, 9: 0}",0,0
rule_copilot,60c1s5r10p,YCSB_B,rw_zipf_0.5,concurrent_50,101,30000,168.76749999999998,228.8523,336.4441,170.73178326666667,3000.0,"{0: 31.683, 1: 35.052, 2: 11.0, 3: 11.34, 4: 11.111}","{0: 564.812, 1: 567.625, 2: 535.812, 3: 534.0, 4: 535.125}","{0: 3000, 1: 3000, 2: 3000, 3: 3000, 4: 3000, 5: 3000, 6: 3000, 7: 3000, 8: 3000, 9: 3000}","{0: 2996, 1: 2998, 2: 2997, 3: 2997, 4: 2997, 5: 2999, 6: 2997, 7: 2994, 8: 2996, 9: 3000}","{0: 2996, 1: 2998, 2: 2997, 3: 2997, 4: 2997, 5: 2999, 6: 2997, 7: 2994, 8: 2996, 9: 3000}",99.90333333333334,99.90333333333334
rule_copilot,60c1s5r10p,YCSB_B,rw_zipf_0.5,concurrent_50,100,30000,168.4835,230.39450000000002,340.93306,171.69715606666668,3000.0,"{0: 32.99, 1: 37.0, 2: 11.0, 3: 11.224, 4: 12.121}","{0: 566.375, 1: 568.562, 2: 536.625, 3: 534.375, 4: 534.5}","{0: 3000, 1: 3000, 2: 3000, 3: 3000, 4: 3000, 5: 3000, 6: 3000, 7: 3000, 8: 3000, 9: 3000}","{0: 2995, 1: 2999, 2: 2996, 3: 2998, 4: 2998, 5: 2999, 6: 2999, 7: 2996, 8: 2999, 9: 2995}","{0: 2995, 1: 2999, 2: 2996, 3: 2998, 4: 2998, 5: 2999, 6: 2999, 7: 2996, 8: 2999, 9: 2995}",99.91333333333333,99.91333333333333
rule_copilot,60c1s5r10p,YCSB_B,rw_zipf_0.55,concurrent_50,0,30000,455.5295,501.7652000000651,545.52501,437.718269,3000.0,"{0: 30.303, 1: 33.333, 2: 8.081, 3: 10.101, 4: 10.0}","{0: 562.875, 1: 563.375, 2: 516.625, 3: 527.562, 4: 527.562}","{0: 0, 1: 0, 2: 0, 3: 0, 4: 0, 5: 0, 6: 0, 7: 0, 8: 0, 9: 0}","{0: 0, 1: 0, 2: 0, 3: 0, 4: 0, 5: 0, 6: 0, 7: 0, 8: 0, 9: 0}","{0: 0, 1: 0, 2: 0, 3: 0, 4: 0, 5: 0, 6: 0, 7: 0, 8: 0, 9: 0}",0,0
rule_copilot,60c1s5r10p,YCSB_B,rw_zipf_0.55,concurrent_50,101,30000,168.727,228.9341,308.67398999999887,170.7808741,3000.0,"{0: 32.323, 1: 35.354, 2: 11.111, 3: 12.371, 4: 11.34}","{0: 565.625, 1: 567.0, 2: 535.938, 3: 533.5, 4: 534.25}","{0: 3000, 1: 3000, 2: 3000, 3: 3000, 4: 3000, 5: 3000, 6: 3000, 7: 3000, 8: 3000, 9: 3000}","{0: 2991, 1: 2989, 2: 2993, 3: 2994, 4: 2993, 5: 2992, 6: 2996, 7: 2994, 8: 2994, 9: 2995}","{0: 2991, 1: 2989, 2: 2993, 3: 2994, 4: 2993, 5: 2992, 6: 2996, 7: 2994, 8: 2994, 9: 2995}",99.77,99.77
rule_copilot,60c1s5r10p,YCSB_B,rw_zipf_0.55,concurrent_50,100,30000,168.46,228.467,308.6306899999983,170.4611027,3000.0,"{0: 32.653, 1: 35.0, 2: 10.204, 3: 12.121, 4: 12.121}","{0: 564.125, 1: 565.812, 2: 535.688, 3: 532.688, 4: 533.688}","{0: 3000, 1: 3000, 2: 3000, 3: 3000, 4: 3000, 5: 3000, 6: 3000, 7: 3000, 8: 3000, 9: 3000}","{0: 2994, 1: 2996, 2: 2995, 3: 2998, 4: 2995, 5: 2994, 6: 2996, 7: 2997, 8: 2994, 9: 2998}","{0: 2994, 1: 2996, 2: 2995, 3: 2998, 4: 2995, 5: 2994, 6: 2996, 7: 2997, 8: 2994, 9: 2998}",99.85666666666667,99.85666666666667
rule_copilot,60c1s5r10p,YCSB_B,rw_zipf_0.6,concurrent_50,0,30000,459.9035,503.3383000000655,553.02912,442.1181605333333,3000.0,"{0: 30.612, 1: 34.694, 2: 10.0, 3: 10.204, 4: 9.184}","{0: 563.938, 1: 565.562, 2: 516.25, 3: 518.812, 4: 519.562}","{0: 0, 1: 0, 2: 0, 3: 0, 4: 0, 5: 0, 6: 0, 7: 0, 8: 0, 9: 0}","{0: 0, 1: 0, 2: 0, 3: 0, 4: 0, 5: 0, 6: 0, 7: 0, 8: 0, 9: 0}","{0: 0, 1: 0, 2: 0, 3: 0, 4: 0, 5: 0, 6: 0, 7: 0, 8: 0, 9: 0}",0,0
rule_copilot,60c1s5r10p,YCSB_B,rw_zipf_0.6,concurrent_50,101,30000,168.195,229.1364,336.87912,170.76983510000002,3000.0,"{0: 32.0, 1: 37.0, 2: 10.101, 3: 13.131, 4: 10.204}","{0: 563.125, 1: 564.125, 2: 535.25, 3: 534.812, 4: 535.0}","{0: 3000, 1: 3000, 2: 3000, 3: 3000, 4: 3000, 5: 3000, 6: 3000, 7: 3000, 8: 3000, 9: 3000}","{0: 2991, 1: 2991, 2: 2988, 3: 2992, 4: 2994, 5: 2993, 6: 2995, 7: 2996, 8: 2994, 9: 2992}","{0: 2991, 1: 2991, 2: 2988, 3: 2992, 4: 2994, 5: 2993, 6: 2995, 7: 2996, 8: 2994, 9: 2992}",99.75333333333333,99.75333333333333
rule_copilot,60c1s5r10p,YCSB_B,rw_zipf_0.6,concurrent_50,100,30000,168.955,228.3281,342.19909,172.31791656666664,3000.0,"{0: 31.633, 1: 36.082, 2: 12.245, 3: 11.34, 4: 11.111}","{0: 566.125, 1: 565.5, 2: 535.125, 3: 532.875, 4: 532.625}","{0: 3000, 1: 3000, 2: 3000, 3: 3000, 4: 3000, 5: 3000, 6: 3000, 7: 3000, 8: 3000, 9: 3000}","{0: 2992, 1: 2996, 2: 2994, 3: 2995, 4: 2990, 5: 2986, 6: 2996, 7: 2989, 8: 2990, 9: 2997}","{0: 2992, 1: 2996, 2: 2994, 3: 2995, 4: 2990, 5: 2986, 6: 2996, 7: 2989, 8: 2990, 9: 2997}",99.75,99.75
rule_copilot,60c1s5r10p,YCSB_B,rw_zipf_0.65,concurrent_50,0,30000,455.5965,498.6046000000742,545.96603,438.9700861333334,3000.0,"{0: 30.928, 1: 34.694, 2: 9.091, 3: 10.204, 4: 10.0}","{0: 561.562, 1: 563.375, 2: 514.812, 3: 516.312, 4: 516.312}","{0: 0, 1: 0, 2: 0, 3: 0, 4: 0, 5: 0, 6: 0, 7: 0, 8: 0, 9: 0}","{0: 0, 1: 0, 2: 0, 3: 0, 4: 0, 5: 0, 6: 0, 7: 0, 8: 0, 9: 0}","{0: 0, 1: 0, 2: 0, 3: 0, 4: 0, 5: 0, 6: 0, 7: 0, 8: 0, 9: 0}",0,0
rule_copilot,60c1s5r10p,YCSB_B,rw_zipf_0.65,concurrent_50,101,30000,169.047,228.9481,338.59312,171.89250463333335,3000.0,"{0: 31.313, 1: 36.364, 2: 10.204, 3: 11.34, 4: 12.121}","{0: 562.562, 1: 564.375, 2: 534.0, 3: 531.938, 4: 532.562}","{0: 3000, 1: 3000, 2: 3000, 3: 3000, 4: 3000, 5: 3000, 6: 3000, 7: 3000, 8: 3000, 9: 3000}","{0: 2986, 1: 2989, 2: 2985, 3: 2988, 4: 2977, 5: 2987, 6: 2984, 7: 2991, 8: 2986, 9: 2980}","{0: 2986, 1: 2989, 2: 2985, 3: 2988, 4: 2977, 5: 2987, 6: 2984, 7: 2991, 8: 2986, 9: 2980}",99.51,99.51
rule_copilot,60c1s5r10p,YCSB_B,rw_zipf_0.65,concurrent_50,100,30000,168.6255,229.175,343.99007,172.5887531333333,3000.0,"{0: 33.673, 1: 37.755, 2: 11.224, 3: 12.121, 4: 11.111}","{0: 564.25, 1: 565.062, 2: 533.312, 3: 532.062, 4: 532.938}","{0: 3000, 1: 3000, 2: 3000, 3: 3000, 4: 3000, 5: 3000, 6: 3000, 7: 3000, 8: 3000, 9: 3000}","{0: 2977, 1: 2989, 2: 2987, 3: 2982, 4: 2986, 5: 2987, 6: 2982, 7: 2980, 8: 2985, 9: 2988}","{0: 2977, 1: 2989, 2: 2987, 3: 2982, 4: 2986, 5: 2987, 6: 2982, 7: 2980, 8: 2985, 9: 2988}",99.47666666666667,99.47666666666667
rule_copilot,60c1s5r10p,YCSB_B,rw_zipf_0.7,concurrent_50,0,30000,460.50350000000003,534.7035999999999,553.5510400000001,443.458597,3000.0,"{0: 30.303, 1: 35.354, 2: 10.101, 3: 9.184, 4: 9.184}","{0: 560.438, 1: 560.375, 2: 515.188, 3: 518.812, 4: 519.25}","{0: 0, 1: 0, 2: 0, 3: 0, 4: 0, 5: 0, 6: 0, 7: 0, 8: 0, 9: 0}","{0: 0, 1: 0, 2: 0, 3: 0, 4: 0, 5: 0, 6: 0, 7: 0, 8: 0, 9: 0}","{0: 0, 1: 0, 2: 0, 3: 0, 4: 0, 5: 0, 6: 0, 7: 0, 8: 0, 9: 0}",0,0
rule_copilot,60c1s5r10p,YCSB_B,rw_zipf_0.7,concurrent_50,101,30000,168.41,230.74210000000005,344.20912999999996,173.12022473333334,3000.0,"{0: 33.333, 1: 36.364, 2: 10.204, 3: 12.371, 4: 10.309}","{0: 562.938, 1: 564.25, 2: 533.125, 3: 531.25, 4: 532.125}","{0: 3000, 1: 3000, 2: 3000, 3: 3000, 4: 3000, 5: 3000, 6: 3000, 7: 3000, 8: 3000, 9: 3000}","{0: 2971, 1: 2983, 2: 2973, 3: 2969, 4: 2981, 5: 2969, 6: 2974, 7: 2969, 8: 2981, 9: 2975}","{0: 2971, 1: 2983, 2: 2973, 3: 2969, 4: 2981, 5: 2969, 6: 2974, 7: 2969, 8: 2981, 9: 2975}",99.15,99.15
rule_copilot,60c1s5r10p,YCSB_B,rw_zipf_0.7,concurrent_50,100,30000,168.493,229.2451,433.1486799999999,172.40282886666668,3000.0,"{0: 32.323, 1: 37.374, 2: 10.309, 3: 11.224, 4: 11.224}","{0: 565.688, 1: 567.562, 2: 533.688, 3: 534.938, 4: 535.438}","{0: 3000, 1: 3000, 2: 3000, 3: 3000, 4: 3000, 5: 3000, 6: 3000, 7: 3000, 8: 3000, 9: 3000}","{0: 2967, 1: 2963, 2: 2973, 3: 2968, 4: 2973, 5: 2975, 6: 2971, 7: 2972, 8: 2968, 9: 2982}","{0: 2966, 1: 2963, 2: 2973, 3: 2968, 4: 2973, 5: 2975, 6: 2971, 7: 2972, 8: 2968, 9: 2982}",99.04,99.03666666666666
rule_copilot,60c1s5r10p,YCSB_B,rw_zipf_0.75,concurrent_50,0,30000,458.113,503.9233000000366,549.21501,440.0910137666666,3000.0,"{0: 30.928, 1: 35.354, 2: 10.101, 3: 9.184, 4: 9.184}","{0: 559.562, 1: 559.5, 2: 514.875, 3: 514.875, 4: 515.125}","{0: 0, 1: 0, 2: 0, 3: 0, 4: 0, 5: 0, 6: 0, 7: 0, 8: 0, 9: 0}","{0: 0, 1: 0, 2: 0, 3: 0, 4: 0, 5: 0, 6: 0, 7: 0, 8: 0, 9: 0}","{0: 0, 1: 0, 2: 0, 3: 0, 4: 0, 5: 0, 6: 0, 7: 0, 8: 0, 9: 0}",0,0
rule_copilot,60c1s5r10p,YCSB_B,rw_zipf_0.75,concurrent_50,101,30000,168.894,229.2432,458.46124,175.64030673333332,3000.0,"{0: 32.323, 1: 36.364, 2: 10.309, 3: 11.224, 4: 11.111}","{0: 560.938, 1: 563.938, 2: 530.938, 3: 531.062, 4: 531.812}","{0: 3000, 1: 3000, 2: 3000, 3: 3000, 4: 3000, 5: 3000, 6: 3000, 7: 3000, 8: 3000, 9: 3000}","{0: 2940, 1: 2946, 2: 2948, 3: 2938, 4: 2940, 5: 2949, 6: 2938, 7: 2951, 8: 2937, 9: 2944}","{0: 2940, 1: 2946, 2: 2948, 3: 2938, 4: 2940, 5: 2949, 6: 2938, 7: 2951, 8: 2937, 9: 2944}",98.10333333333334,98.10333333333334
rule_copilot,60c1s5r10p,YCSB_B,rw_zipf_0.75,concurrent_50,100,30000,169.211,229.43710000000002,456.5825099999999,174.75660176666665,3000.0,"{0: 31.313, 1: 35.354, 2: 10.101, 3: 11.34, 4: 11.224}","{0: 561.688, 1: 564.062, 2: 531.938, 3: 529.688, 4: 531.062}","{0: 3000, 1: 3000, 2: 3000, 3: 3000, 4: 3000, 5: 3000, 6: 3000, 7: 3000, 8: 3000, 9: 3000}","{0: 2951, 1: 2947, 2: 2946, 3: 2958, 4: 2948, 5: 2958, 6: 2951, 7: 2942, 8: 2955, 9: 2958}","{0: 2951, 1: 2947, 2: 2946, 3: 2958, 4: 2948, 5: 2958, 6: 2951, 7: 2942, 8: 2955, 9: 2958}",98.38,98.38
rule_copilot,60c1s5r10p,YCSB_B,rw_zipf_0.8,concurrent_50,0,30000,459.7585,490.2613000000718,552.1660400000001,441.56118713333336,3000.0,"{0: 31.633, 1: 33.673, 2: 10.0, 3: 9.184, 4: 9.091}","{0: 557.875, 1: 559.312, 2: 514.438, 3: 518.375, 4: 518.312}","{0: 0, 1: 0, 2: 0, 3: 0, 4: 0, 5: 0, 6: 0, 7: 0, 8: 0, 9: 0}","{0: 0, 1: 0, 2: 0, 3: 0, 4: 0, 5: 0, 6: 0, 7: 0, 8: 0, 9: 0}","{0: 0, 1: 0, 2: 0, 3: 0, 4: 0, 5: 0, 6: 0, 7: 0, 8: 0, 9: 0}",0,0
rule_copilot,60c1s5r10p,YCSB_B,rw_zipf_0.8,concurrent_50,101,30000,168.54250000000002,235.057,481.3954899999991,181.17068959999997,3000.0,"{0: 33.673, 1: 38.776, 2: 10.101, 3: 11.224, 4: 10.204}","{0: 559.0, 1: 561.5, 2: 530.812, 3: 530.875, 4: 531.312}","{0: 3000, 1: 3000, 2: 3000, 3: 3000, 4: 3000, 5: 3000, 6: 3000, 7: 3000, 8: 3000, 9: 3000}","{0: 2883, 1: 2893, 2: 2867, 3: 2875, 4: 2904, 5: 2883, 6: 2868, 7: 2870, 8: 2880, 9: 2875}","{0: 2883, 1: 2893, 2: 2867, 3: 2875, 4: 2904, 5: 2883, 6: 2868, 7: 2870, 8: 2880, 9: 2875}",95.99333333333334,95.99333333333334
rule_copilot,60c1s5r10p,YCSB_B,rw_zipf_0.8,concurrent_50,100,30000,168.898,238.1921,475.39414,180.77883529999997,3000.0,"{0: 32.0, 1: 36.0, 2: 11.111, 3: 12.0, 4: 10.309}","{0: 562.062, 1: 560.438, 2: 531.312, 3: 530.062, 4: 530.625}","{0: 3000, 1: 3000, 2: 3000, 3: 3000, 4: 3000, 5: 3000, 6: 3000, 7: 3000, 8: 3000, 9: 3000}","{0: 2887, 1: 2885, 2: 2895, 3: 2874, 4: 2884, 5: 2903, 6: 2899, 7: 2899, 8: 2904, 9: 2912}","{0: 2887, 1: 2885, 2: 2895, 3: 2874, 4: 2884, 5: 2903, 6: 2899, 7: 2899, 8: 2904, 9: 2912}",96.47333333333333,96.47333333333333
rule_copilot,60c1s5r10p,YCSB_B,rw_zipf_0.85,concurrent_50,0,30000,460.4395,497.64480000004204,552.14006,441.55073780000004,3000.0,"{0: 31.25, 1: 35.354, 2: 9.091, 3: 9.184, 4: 9.091}","{0: 557.625, 1: 558.625, 2: 513.25, 3: 527.188, 4: 527.0}","{0: 0, 1: 0, 2: 0, 3: 0, 4: 0, 5: 0, 6: 0, 7: 0, 8: 0, 9: 0}","{0: 0, 1: 0, 2: 0, 3: 0, 4: 0, 5: 0, 6: 0, 7: 0, 8: 0, 9: 0}","{0: 0, 1: 0, 2: 0, 3: 0, 4: 0, 5: 0, 6: 0, 7: 0, 8: 0, 9: 0}",0,0
rule_copilot,60c1s5r10p,YCSB_B,rw_zipf_0.85,concurrent_50,101,30000,169.252,234.7855,475.854,184.9153508,3000.0,"{0: 31.633, 1: 35.052, 2: 10.101, 3: 11.224, 4: 10.309}","{0: 558.312, 1: 561.25, 2: 529.938, 3: 529.625, 4: 530.312}","{0: 3000, 1: 3000, 2: 3000, 3: 3000, 4: 3000, 5: 3000, 6: 3000, 7: 3000, 8: 3000, 9: 3000}","{0: 2844, 1: 2835, 2: 2867, 3: 2849, 4: 2840, 5: 2825, 6: 2866, 7: 2836, 8: 2813, 9: 2814}","{0: 2844, 1: 2835, 2: 2867, 3: 2849, 4: 2840, 5: 2825, 6: 2866, 7: 2836, 8: 2813, 9: 2814}",94.63,94.63
rule_copilot,60c1s5r10p,YCSB_B,rw_zipf_0.85,concurrent_50,100,30000,169.2825,238.9815,485.77954999999974,186.68670926666667,3000.0,"{0: 32.99, 1: 36.0, 2: 10.0, 3: 13.131, 4: 11.111}","{0: 559.188, 1: 561.688, 2: 528.625, 3: 527.625, 4: 528.125}","{0: 3000, 1: 3000, 2: 3000, 3: 3000, 4: 3000, 5: 3000, 6: 3000, 7: 3000, 8: 3000, 9: 3000}","{0: 2834, 1: 2848, 2: 2816, 3: 2824, 4: 2858, 5: 2844, 6: 2847, 7: 2815, 8: 2836, 9: 2818}","{0: 2834, 1: 2848, 2: 2816, 3: 2824, 4: 2858, 5: 2844, 6: 2847, 7: 2815, 8: 2836, 9: 2818}",94.46666666666667,94.46666666666667
rule_copilot,60c1s5r10p,YCSB_B,rw_zipf_0.9,concurrent_50,0,30000,458.9425,501.0089000000637,550.9243399999997,440.77018723333333,3000.0,"{0: 30.0, 1: 34.343, 2: 9.091, 3: 8.163, 4: 9.0}","{0: 553.375, 1: 555.438, 2: 512.312, 3: 541.875, 4: 544.812}","{0: 0, 1: 0, 2: 0, 3: 0, 4: 0, 5: 0, 6: 0, 7: 0, 8: 0, 9: 0}","{0: 0, 1: 0, 2: 0, 3: 0, 4: 0, 5: 0, 6: 0, 7: 0, 8: 0, 9: 0}","{0: 0, 1: 0, 2: 0, 3: 0, 4: 0, 5: 0, 6: 0, 7: 0, 8: 0, 9: 0}",0,0
rule_copilot,60c1s5r10p,YCSB_B,rw_zipf_0.9,concurrent_50,101,30000,169.31349999999998,293.61460000000005,492.87300999999997,193.46150556666666,3000.0,"{0: 32.653, 1: 35.354, 2: 11.111, 3: 12.121, 4: 10.204}","{0: 557.375, 1: 558.0, 2: 527.312, 3: 524.125, 4: 524.438}","{0: 3000, 1: 3000, 2: 3000, 3: 3000, 4: 3000, 5: 3000, 6: 3000, 7: 3000, 8: 3000, 9: 3000}","{0: 2789, 1: 2756, 2: 2755, 3: 2763, 4: 2735, 5: 2732, 6: 2787, 7: 2766, 8: 2746, 9: 2703}","{0: 2789, 1: 2756, 2: 2755, 3: 2763, 4: 2735, 5: 2732, 6: 2787, 7: 2766, 8: 2746, 9: 2703}",91.77333333333333,91.77333333333333
rule_copilot,60c1s5r10p,YCSB_B,rw_zipf_0.9,concurrent_50,100,30000,170.695,306.63100000000003,528.21916,196.20583616666667,3000.0,"{0: 33.673, 1: 36.735, 2: 12.121, 3: 12.245, 4: 11.224}","{0: 558.625, 1: 559.062, 2: 527.188, 3: 524.562, 4: 525.562}","{0: 3000, 1: 3000, 2: 3000, 3: 3000, 4: 3000, 5: 3000, 6: 3000, 7: 3000, 8: 3000, 9: 3000}","{0: 2714, 1: 2746, 2: 2739, 3: 2755, 4: 2710, 5: 2749, 6: 2740, 7: 2713, 8: 2713, 9: 2715}","{0: 2714, 1: 2746, 2: 2739, 3: 2755, 4: 2710, 5: 2749, 6: 2740, 7: 2713, 8: 2713, 9: 2715}",90.98,90.98
rule_copilot,60c1s5r10p,YCSB_B,rw_zipf_0.95,concurrent_50,0,30000,457.65,502.5494000000676,542.9110499999999,440.02131176666666,3000.0,"{0: 30.0, 1: 35.354, 2: 9.091, 3: 10.101, 4: 9.091}","{0: 552.688, 1: 554.125, 2: 511.875, 3: 512.688, 4: 512.375}","{0: 0, 1: 0, 2: 0, 3: 0, 4: 0, 5: 0, 6: 0, 7: 0, 8: 0, 9: 0}","{0: 0, 1: 0, 2: 0, 3: 0, 4: 0, 5: 0, 6: 0, 7: 0, 8: 0, 9: 0}","{0: 0, 1: 0, 2: 0, 3: 0, 4: 0, 5: 0, 6: 0, 7: 0, 8: 0, 9: 0}",0,0
rule_copilot,60c1s5r10p,YCSB_B,rw_zipf_0.95,concurrent_50,101,30000,170.70749999999998,444.6992,541.58417,208.3984269,3000.0,"{0: 31.313, 1: 35.354, 2: 11.224, 3: 11.224, 4: 10.309}","{0: 557.062, 1: 557.625, 2: 525.0, 3: 525.312, 4: 525.0}","{0: 3000, 1: 3000, 2: 3000, 3: 3000, 4: 3000, 5: 3000, 6: 3000, 7: 3000, 8: 3000, 9: 3000}","{0: 2611, 1: 2584, 2: 2586, 3: 2596, 4: 2585, 5: 2579, 6: 2590, 7: 2576, 8: 2561, 9: 2602}","{0: 2611, 1: 2584, 2: 2586, 3: 2596, 4: 2585, 5: 2579, 6: 2590, 7: 2576, 8: 2561, 9: 2602}",86.23333333333333,86.23333333333333
rule_copilot,60c1s5r10p,YCSB_B,rw_zipf_0.95,concurrent_50,100,30000,170.137,440.62800000000004,539.53816,207.05216603333335,3000.0,"{0: 32.0, 1: 36.0, 2: 11.111, 3: 11.224, 4: 9.278}","{0: 555.375, 1: 556.0, 2: 524.688, 3: 523.875, 4: 524.75}","{0: 3000, 1: 3000, 2: 3000, 3: 3000, 4: 3000, 5: 3000, 6: 3000, 7: 3000, 8: 3000, 9: 3000}","{0: 2615, 1: 2600, 2: 2598, 3: 2598, 4: 2581, 5: 2611, 6: 2607, 7: 2626, 8: 2613, 9: 2604}","{0: 2615, 1: 2600, 2: 2598, 3: 2598, 4: 2581, 5: 2611, 6: 2607, 7: 2626, 8: 2613, 9: 2604}",86.84333333333333,86.84333333333333
rule_copilot,60c1s5r10p,YCSB_B,rw_zipf_1,concurrent_50,0,30000,457.15200000000004,491.17080000006314,541.3340099999999,437.97317133333337,3000.0,"{0: 31.313, 1: 35.354, 2: 10.101, 3: 9.184, 4: 10.204}","{0: 552.062, 1: 553.5, 2: 510.562, 3: 511.062, 4: 511.688}","{0: 0, 1: 0, 2: 0, 3: 0, 4: 0, 5: 0, 6: 0, 7: 0, 8: 0, 9: 0}","{0: 0, 1: 0, 2: 0, 3: 0, 4: 0, 5: 0, 6: 0, 7: 0, 8: 0, 9: 0}","{0: 0, 1: 0, 2: 0, 3: 0, 4: 0, 5: 0, 6: 0, 7: 0, 8: 0, 9: 0}",0,0
rule_copilot,60c1s5r10p,YCSB_B,rw_zipf_1,concurrent_50,101,30000,170.752,457.5011,541.07403,221.54038396666667,3000.0,"{0: 33.333, 1: 35.354, 2: 11.111, 3: 11.111, 4: 11.111}","{0: 552.438, 1: 554.938, 2: 522.875, 3: 522.125, 4: 522.625}","{0: 3000, 1: 3000, 2: 3000, 3: 3000, 4: 3000, 5: 3000, 6: 3000, 7: 3000, 8: 3000, 9: 3000}","{0: 2423, 1: 2433, 2: 2433, 3: 2436, 4: 2427, 5: 2407, 6: 2445, 7: 2454, 8: 2447, 9: 2446}","{0: 2423, 1: 2433, 2: 2433, 3: 2436, 4: 2427, 5: 2407, 6: 2445, 7: 2454, 8: 2447, 9: 2446}",81.17,81.17
rule_copilot,60c1s5r10p,YCSB_B,rw_zipf_1,concurrent_50,100,30000,171.419,460.87940000000003,548.2131599999999,225.48229516666666,3000.0,"{0: 32.323, 1: 36.364, 2: 12.121, 3: 12.121, 4: 11.224}","{0: 555.438, 1: 555.438, 2: 523.938, 3: 522.438, 4: 522.25}","{0: 3000, 1: 3000, 2: 3000, 3: 3000, 4: 3000, 5: 3000, 6: 3000, 7: 3000, 8: 3000, 9: 3000}","{0: 2427, 1: 2409, 2: 2359, 3: 2400, 4: 2472, 5: 2369, 6: 2406, 7: 2430, 8: 2413, 9: 2409}","{0: 2427, 1: 2409, 2: 2359, 3: 2400, 4: 2472, 5: 2369, 6: 2406, 7: 2430, 8: 2413, 9: 2409}",80.31333333333333,80.31333333333333
rule_mencius,60c1s5r10p,YCSB_A,rw_1000000,concurrent_1,0,600,153.332,300.3417000000002,355.55512999999996,199.84533166666665,60.0,"{0: 2.0, 1: 2.02, 2: 2.02, 3: 2.02, 4: 2.02}","{0: 433.062, 1: 432.5, 2: 432.562, 3: 432.188, 4: 432.312}","{0: 0, 1: 0, 2: 0, 3: 0, 4: 0, 5: 0, 6: 0, 7: 0, 8: 0, 9: 0}","{0: 0, 1: 0, 2: 0, 3: 0, 4: 0, 5: 0, 6: 0, 7: 0, 8: 0, 9: 0}","{0: 0, 1: 0, 2: 0, 3: 0, 4: 0, 5: 0, 6: 0, 7: 0, 8: 0, 9: 0}",0,0
rule_mencius,60c1s5r10p,YCSB_A,rw_1000000,concurrent_10,0,6000,156.23149999999998,305.2202,358.67174,202.38735499999999,600.0,"{0: 13.265, 1: 13.131, 2: 15.0, 3: 14.141, 4: 14.0}","{0: 464.75, 1: 463.625, 2: 465.312, 3: 461.75, 4: 461.75}","{0: 0, 1: 0, 2: 0, 3: 0, 4: 0, 5: 0, 6: 0, 7: 0, 8: 0, 9: 0}","{0: 0, 1: 0, 2: 0, 3: 0, 4: 0, 5: 0, 6: 0, 7: 0, 8: 0, 9: 0}","{0: 0, 1: 0, 2: 0, 3: 0, 4: 0, 5: 0, 6: 0, 7: 0, 8: 0, 9: 0}",0,0
rule_mencius,60c1s5r10p,YCSB_A,rw_1000000,concurrent_11,0,6600,153.426,302.23810000000003,359.36182,200.9706137878788,660.0,"{0: 14.286, 1: 15.152, 2: 14.433, 3: 16.162, 4: 16.0}","{0: 467.75, 1: 466.25, 2: 467.812, 3: 463.75, 4: 464.562}","{0: 0, 1: 0, 2: 0, 3: 0, 4: 0, 5: 0, 6: 0, 7: 0, 8: 0, 9: 0}","{0: 0, 1: 0, 2: 0, 3: 0, 4: 0, 5: 0, 6: 0, 7: 0, 8: 0, 9: 0}","{0: 0, 1: 0, 2: 0, 3: 0, 4: 0, 5: 0, 6: 0, 7: 0, 8: 0, 9: 0}",0,0
rule_mencius,60c1s5r10p,YCSB_A,rw_1000000,concurrent_12,0,7200,154.35399999999998,302.9359,356.50216,201.45219680555556,720.0,"{0: 14.583, 1: 15.306, 2: 16.495, 3: 16.495, 4: 15.464}","{0: 471.375, 1: 470.562, 2: 472.062, 3: 469.062, 4: 468.438}","{0: 0, 1: 0, 2: 0, 3: 0, 4: 0, 5: 0, 6: 0, 7: 0, 8: 0, 9: 0}","{0: 0, 1: 0, 2: 0, 3: 0, 4: 0, 5: 0, 6: 0, 7: 0, 8: 0, 9: 0}","{0: 0, 1: 0, 2: 0, 3: 0, 4: 0, 5: 0, 6: 0, 7: 0, 8: 0, 9: 0}",0,0
rule_mencius,60c1s5r10p,YCSB_A,rw_1000000,concurrent_13,0,7800,157.595,305.7811,361.94822,203.52206512820513,780.0,"{0: 16.327, 1: 15.464, 2: 17.347, 3: 18.367, 4: 17.0}","{0: 474.0, 1: 472.188, 2: 474.375, 3: 469.875, 4: 471.938}","{0: 0, 1: 0, 2: 0, 3: 0, 4: 0, 5: 0, 6: 0, 7: 0, 8: 0, 9: 0}","{0: 0, 1: 0, 2: 0, 3: 0, 4: 0, 5: 0, 6: 0, 7: 0, 8: 0, 9: 0}","{0: 0, 1: 0, 2: 0, 3: 0, 4: 0, 5: 0, 6: 0, 7: 0, 8: 0, 9: 0}",0,0
rule_mencius,60c1s5r10p,YCSB_A,rw_1000000,concurrent_14,0,8400,152.418,301.8151,357.44603,199.93263333333334,840.0,"{0: 14.286, 1: 15.152, 2: 15.0, 3: 15.152, 4: 14.0}","{0: 478.188, 1: 476.688, 2: 478.5, 3: 475.062, 4: 476.188}","{0: 0, 1: 0, 2: 0, 3: 0, 4: 0, 5: 0, 6: 0, 7: 0, 8: 0, 9: 0}","{0: 0, 1: 0, 2: 0, 3: 0, 4: 0, 5: 0, 6: 0, 7: 0, 8: 0, 9: 0}","{0: 0, 1: 0, 2: 0, 3: 0, 4: 0, 5: 0, 6: 0, 7: 0, 8: 0, 9: 0}",0,0
rule_mencius,60c1s5r10p,YCSB_A,rw_1000000,concurrent_15,0,9000,158.165,307.395,361.03362000000004,203.4415266666667,900.0,"{0: 16.832, 1: 16.327, 2: 17.172, 3: 17.172, 4: 17.172}","{0: 480.375, 1: 478.688, 2: 480.875, 3: 477.312, 4: 477.375}","{0: 0, 1: 0, 2: 0, 3: 0, 4: 0, 5: 0, 6: 0, 7: 0, 8: 0, 9: 0}","{0: 0, 1: 0, 2: 0, 3: 0, 4: 0, 5: 0, 6: 0, 7: 0, 8: 0, 9: 0}","{0: 0, 1: 0, 2: 0, 3: 0, 4: 0, 5: 0, 6: 0, 7: 0, 8: 0, 9: 0}",0,0
rule_mencius,60c1s5r10p,YCSB_A,rw_1000000,concurrent_16,0,9600,157.765,305.17740000000003,361.09607,204.84775864583332,960.0,"{0: 24.0, 1: 22.222, 2: 21.212, 3: 21.649, 4: 22.449}","{0: 485.25, 1: 483.5, 2: 486.438, 3: 479.688, 4: 482.812}","{0: 0, 1: 0, 2: 0, 3: 0, 4: 0, 5: 0, 6: 0, 7: 0, 8: 0, 9: 0}","{0: 0, 1: 0, 2: 0, 3: 0, 4: 0, 5: 0, 6: 0, 7: 0, 8: 0, 9: 0}","{0: 0, 1: 0, 2: 0, 3: 0, 4: 0, 5: 0, 6: 0, 7: 0, 8: 0, 9: 0}",0,0
rule_mencius,60c1s5r10p,YCSB_A,rw_1000000,concurrent_17,0,10200,158.3705,306.997,365.65022,204.04358235294117,1020.0,"{0: 20.408, 1: 20.408, 2: 18.182, 3: 19.192, 4: 18.182}","{0: 487.75, 1: 485.812, 2: 487.875, 3: 484.812, 4: 484.812}","{0: 0, 1: 0, 2: 0, 3: 0, 4: 0, 5: 0, 6: 0, 7: 0, 8: 0, 9: 0}","{0: 0, 1: 0, 2: 0, 3: 0, 4: 0, 5: 0, 6: 0, 7: 0, 8: 0, 9: 0}","{0: 0, 1: 0, 2: 0, 3: 0, 4: 0, 5: 0, 6: 0, 7: 0, 8: 0, 9: 0}",0,0
rule_mencius,60c1s5r10p,YCSB_A,rw_1000000,concurrent_18,0,10800,161.648,306.2662,362.67677,206.11255027777779,1080.0,"{0: 31.313, 1: 30.612, 2: 30.303, 3: 30.303, 4: 30.303}","{0: 492.75, 1: 490.688, 2: 493.812, 3: 487.062, 4: 488.375}","{0: 0, 1: 0, 2: 0, 3: 0, 4: 0, 5: 0, 6: 0, 7: 0, 8: 0, 9: 0}","{0: 0, 1: 0, 2: 0, 3: 0, 4: 0, 5: 0, 6: 0, 7: 0, 8: 0, 9: 0}","{0: 0, 1: 0, 2: 0, 3: 0, 4: 0, 5: 0, 6: 0, 7: 0, 8: 0, 9: 0}",0,0
rule_mencius,60c1s5r10p,YCSB_A,rw_1000000,concurrent_19,0,11400,160.8675,305.0261,360.36602,205.8746966666667,1140.0,"{0: 27.551, 1: 27.551, 2: 28.866, 3: 28.283, 4: 26.804}","{0: 494.875, 1: 493.062, 2: 496.375, 3: 490.938, 4: 491.062}","{0: 0, 1: 0, 2: 0, 3: 0, 4: 0, 5: 0, 6: 0, 7: 0, 8: 0, 9: 0}","{0: 0, 1: 0, 2: 0, 3: 0, 4: 0, 5: 0, 6: 0, 7: 0, 8: 0, 9: 0}","{0: 0, 1: 0, 2: 0, 3: 0, 4: 0, 5: 0, 6: 0, 7: 0, 8: 0, 9: 0}",0,0
rule_mencius,60c1s5r10p,YCSB_A,rw_1000000,concurrent_20,0,12000,169.21050000000002,311.10360000000003,360.69026,210.39816933333336,1200.0,"{0: 39.796, 1: 41.837, 2: 37.374, 3: 41.0, 4: 39.394}","{0: 499.125, 1: 496.562, 2: 502.375, 3: 496.125, 4: 495.0}","{0: 0, 1: 0, 2: 0, 3: 0, 4: 0, 5: 0, 6: 0, 7: 0, 8: 0, 9: 0}","{0: 0, 1: 0, 2: 0, 3: 0, 4: 0, 5: 0, 6: 0, 7: 0, 8: 0, 9: 0}","{0: 0, 1: 0, 2: 0, 3: 0, 4: 0, 5: 0, 6: 0, 7: 0, 8: 0, 9: 0}",0,0
rule_mencius,60c1s5r10p,YCSB_A,rw_1000000,concurrent_25,0,15000,173.442,309.7453,368.90704,211.07446006666663,1500.0,"{0: 42.857, 1: 43.434, 2: 45.0, 3: 43.564, 4: 45.455}","{0: 514.5, 1: 512.125, 2: 516.062, 3: 511.188, 4: 509.688}","{0: 0, 1: 0, 2: 0, 3: 0, 4: 0, 5: 0, 6: 0, 7: 0, 8: 0, 9: 0}","{0: 0, 1: 0, 2: 0, 3: 0, 4: 0, 5: 0, 6: 0, 7: 0, 8: 0, 9: 0}","{0: 0, 1: 0, 2: 0, 3: 0, 4: 0, 5: 0, 6: 0, 7: 0, 8: 0, 9: 0}",0,0
rule_mencius,60c1s5r10p,YCSB_A,rw_1000000,concurrent_30,0,18000,187.2135,327.08,373.55719999999997,223.22589955555554,1800.0,"{0: 54.545, 1: 55.102, 2: 59.184, 3: 59.596, 4: 58.0}","{0: 533.875, 1: 530.875, 2: 536.926, 3: 524.688, 4: 527.688}","{0: 0, 1: 0, 2: 0, 3: 0, 4: 0, 5: 0, 6: 0, 7: 0, 8: 0, 9: 0}","{0: 0, 1: 0, 2: 0, 3: 0, 4: 0, 5: 0, 6: 0, 7: 0, 8: 0, 9: 0}","{0: 0, 1: 0, 2: 0, 3: 0, 4: 0, 5: 0, 6: 0, 7: 0, 8: 0, 9: 0}",0,0
rule_mencius,60c1s5r10p,YCSB_A,rw_1000000,concurrent_35,0,21000,219.825,339.4835,399.66107,242.77883700000004,2100.0,"{0: 66.667, 1: 67.0, 2: 78.0, 3: 75.758, 4: 78.788}","{0: 549.186, 1: 544.859, 2: 550.875, 3: 542.312, 4: 541.375}","{0: 0, 1: 0, 2: 0, 3: 0, 4: 0, 5: 0, 6: 0, 7: 0, 8: 0, 9: 0}","{0: 0, 1: 0, 2: 0, 3: 0, 4: 0, 5: 0, 6: 0, 7: 0, 8: 0, 9: 0}","{0: 0, 1: 0, 2: 0, 3: 0, 4: 0, 5: 0, 6: 0, 7: 0, 8: 0, 9: 0}",0,0
rule_mencius,60c1s5r10p,YCSB_A,rw_1000000,concurrent_40,0,4954,1039.775,9460.168,28366.0,3248.7132129592246,495.4,"{0: 100.0, 1: 100.0, 2: 100.0, 3: 100.0, 4: 100.0}","{0: 601.562, 1: 604.312, 2: 604.938, 3: 575.25, 4: 577.062}","{0: 0, 1: 0, 2: 0, 3: 0, 4: 0, 5: 0, 6: 0, 7: 0, 8: 0, 9: 0}","{0: 0, 1: 0, 2: 0, 3: 0, 4: 0, 5: 0, 6: 0, 7: 0, 8: 0, 9: 0}","{0: 0, 1: 0, 2: 0, 3: 0, 4: 0, 5: 0, 6: 0, 7: 0, 8: 0, 9: 0}",0,0
rule_mencius,60c1s5r10p,YCSB_A,rw_1000000,concurrent_45,0,2557,1074.51,14462.44,29058.0,3928.23496206492,255.7,"{0: 100.0, 1: 100.0, 2: 100.0, 3: 100.0, 4: 100.0}","{0: 616.562, 1: 615.551, 2: 637.688, 3: 600.125, 4: 608.875}","{0: 0, 1: 0, 2: 0, 3: 0, 4: 0, 5: 0, 6: 0, 7: 0, 8: 0, 9: 0}","{0: 0, 1: 0, 2: 0, 3: 0, 4: 0, 5: 0, 6: 0, 7: 0, 8: 0, 9: 0}","{0: 0, 1: 0, 2: 0, 3: 0, 4: 0, 5: 0, 6: 0, 7: 0, 8: 0, 9: 0}",0,0
rule_mencius,60c1s5r10p,YCSB_A,rw_1000000,concurrent_1,101,600,148.2855,209.248,275.28943999999984,156.77433666666667,60.0,"{0: 3.061, 1: 3.061, 2: 3.03, 3: 3.061, 4: 3.061}","{0: 434.25, 1: 434.0, 2: 434.188, 3: 433.938, 4: 433.812}","{0: 19, 1: 21, 2: 13, 3: 19, 4: 22, 5: 45, 6: 60, 7: 60, 8: 60, 9: 47}","{0: 19, 1: 21, 2: 13, 3: 19, 4: 22, 5: 45, 6: 60, 7: 60, 8: 60, 9: 47}","{0: 0, 1: 0, 2: 0, 3: 0, 4: 0, 5: 0, 6: 60, 7: 60, 8: 60, 9: 0}",100.0,49.18032786885246
rule_mencius,60c1s5r10p,YCSB_A,rw_1000000,concurrent_10,101,6000,148.9675,209.5551,215.4061,155.95700416666668,600.0,"{0: 31.959, 1: 32.653, 2: 27.0, 3: 30.928, 4: 31.313}","{0: 468.625, 1: 467.438, 2: 471.062, 3: 466.312, 4: 466.812}","{0: 35, 1: 33, 2: 39, 3: 37, 4: 33, 5: 566, 6: 600, 7: 600, 8: 600, 9: 558}","{0: 35, 1: 33, 2: 39, 3: 37, 4: 33, 5: 566, 6: 600, 7: 600, 8: 600, 9: 558}","{0: 0, 1: 0, 2: 0, 3: 0, 4: 0, 5: 50, 6: 600, 7: 600, 8: 600, 9: 0}",100.0,59.65817478232828
rule_mencius,60c1s5r10p,YCSB_A,rw_1000000,concurrent_11,101,6600,148.413,209.5881,215.5321,155.79553621212122,660.0,"{0: 31.633, 1: 30.303, 2: 21.875, 3: 29.293, 4: 29.897}","{0: 471.688, 1: 471.625, 2: 473.75, 3: 469.5, 4: 469.5}","{0: 27, 1: 40, 2: 33, 3: 33, 4: 38, 5: 620, 6: 660, 7: 660, 8: 660, 9: 622}","{0: 27, 1: 40, 2: 33, 3: 33, 4: 38, 5: 620, 6: 660, 7: 660, 8: 660, 9: 622}","{0: 0, 1: 0, 2: 0, 3: 0, 4: 0, 5: 66, 6: 660, 7: 660, 8: 660, 9: 11}",100.0,60.62481579722959
rule_mencius,60c1s5r10p,YCSB_A,rw_1000000,concurrent_12,101,7200,149.75,211.82920000000001,219.73509,157.18080041666667,720.0,"{0: 40.0, 1: 39.0, 2: 36.735, 3: 38.384, 4: 38.776}","{0: 476.188, 1: 474.188, 2: 478.188, 3: 472.188, 4: 474.188}","{0: 36, 1: 35, 2: 35, 3: 34, 4: 37, 5: 700, 6: 720, 7: 720, 8: 720, 9: 691}","{0: 36, 1: 35, 2: 35, 3: 34, 4: 37, 5: 700, 6: 720, 7: 719, 8: 719, 9: 691}","{0: 0, 1: 0, 2: 0, 3: 0, 4: 0, 5: 188, 6: 720, 7: 719, 8: 719, 9: 276}",99.94635193133047,70.33261802575107
rule_mencius,60c1s5r10p,YCSB_A,rw_1000000,concurrent_13,101,7800,152.9915,210.9071,259.28117000000003,159.85894423076925,780.0,"{0: 54.545, 1: 54.0, 2: 36.364, 3: 48.485, 4: 50.505}","{0: 479.188, 1: 477.875, 2: 481.812, 3: 476.688, 4: 476.688}","{0: 41, 1: 41, 2: 35, 3: 39, 4: 49, 5: 728, 6: 780, 7: 780, 8: 776, 9: 705}","{0: 41, 1: 41, 2: 35, 3: 39, 4: 49, 5: 728, 6: 780, 7: 780, 8: 776, 9: 705}","{0: 0, 1: 0, 2: 0, 3: 0, 4: 0, 5: 205, 6: 780, 7: 780, 8: 750, 9: 26}",100.0,63.94061399094112
rule_mencius,60c1s5r10p,YCSB_A,rw_1000000,concurrent_14,101,8400,152.372,210.143,217.75306999999998,159.70050702380954,840.0,"{0: 47.475, 1: 47.959, 2: 39.0, 3: 44.444, 4: 44.444}","{0: 483.562, 1: 483.688, 2: 486.625, 3: 481.25, 4: 481.25}","{0: 40, 1: 37, 2: 32, 3: 40, 4: 47, 5: 839, 6: 840, 7: 840, 8: 840, 9: 784}","{0: 40, 1: 37, 2: 32, 3: 40, 4: 47, 5: 839, 6: 840, 7: 840, 8: 839, 9: 784}","{0: 0, 1: 0, 2: 0, 3: 0, 4: 0, 5: 699, 6: 840, 7: 840, 8: 839, 9: 126}",99.9769532150265,77.06844895137128
rule_mencius,60c1s5r10p,YCSB_A,rw_1000000,concurrent_15,101,9000,154.119,209.7314,217.13804000000002,159.95363322222224,900.0,"{0: 57.0, 1: 53.535, 2: 44.898, 3: 50.505, 4: 51.546}","{0: 485.688, 1: 486.25, 2: 488.188, 3: 482.438, 4: 482.875}","{0: 43, 1: 46, 2: 49, 3: 47, 4: 53, 5: 880, 6: 900, 7: 900, 8: 900, 9: 844}","{0: 43, 1: 46, 2: 49, 3: 47, 4: 53, 5: 880, 6: 899, 7: 900, 8: 900, 9: 844}","{0: 0, 1: 0, 2: 0, 3: 0, 4: 0, 5: 491, 6: 899, 7: 900, 8: 900, 9: 362}",99.97854997854998,76.19047619047619
rule_mencius,60c1s5r10p,YCSB_A,rw_1000000,concurrent_16,101,9600,156.5365,210.5451,229.4141,162.2188909375,960.0,"{0: 52.0, 1: 52.475, 2: 51.515, 3: 53.535, 4: 55.0}","{0: 490.188, 1: 489.938, 2: 492.75, 3: 487.562, 4: 486.938}","{0: 39, 1: 44, 2: 49, 3: 53, 4: 43, 5: 946, 6: 960, 7: 960, 8: 960, 9: 926}","{0: 39, 1: 44, 2: 49, 3: 53, 4: 43, 5: 946, 6: 960, 7: 960, 8: 960, 9: 926}","{0: 0, 1: 0, 2: 0, 3: 12, 4: 0, 5: 763, 6: 960, 7: 960, 8: 960, 9: 512}",100.0,83.67469879518072
rule_mencius,60c1s5r10p,YCSB_A,rw_1000000,concurrent_17,101,10200,159.716,210.503,219.95510000000002,164.62725764705883,1020.0,"{0: 75.51, 1: 76.0, 2: 55.0, 3: 66.327, 4: 67.347}","{0: 495.312, 1: 493.188, 2: 497.562, 3: 491.5, 4: 492.75}","{0: 55, 1: 51, 2: 57, 3: 47, 4: 54, 5: 968, 6: 1020, 7: 1020, 8: 1020, 9: 1003}","{0: 55, 1: 51, 2: 57, 3: 47, 4: 54, 5: 968, 6: 1020, 7: 1020, 8: 1020, 9: 1003}","{0: 0, 1: 0, 2: 0, 3: 3, 4: 0, 5: 542, 6: 1020, 7: 1020, 8: 1020, 9: 632}",100.0,80.01888574126535
rule_mencius,60c1s5r10p,YCSB_A,rw_1000000,concurrent_18,101,10800,154.832,212.0781,228.69004999999999,163.53747824074074,1080.0,"{0: 64.646, 1: 62.626, 2: 50.0, 3: 56.0, 4: 58.163}","{0: 497.062, 1: 497.688, 2: 500.375, 3: 495.125, 4: 495.188}","{0: 60, 1: 56, 2: 58, 3: 60, 4: 41, 5: 986, 6: 1080, 7: 1080, 8: 1080, 9: 995}","{0: 60, 1: 56, 2: 58, 3: 60, 4: 41, 5: 986, 6: 1080, 7: 1080, 8: 1080, 9: 995}","{0: 0, 1: 0, 2: 0, 3: 0, 4: 0, 5: 219, 6: 1080, 7: 1080, 8: 1080, 9: 283}",100.0,68.08588064046579
rule_mencius,60c1s5r10p,YCSB_A,rw_1000000,concurrent_19,101,11400,160.887,211.3861,240.83602000000002,167.06113614035087,1140.0,"{0: 70.0, 1: 69.0, 2: 57.0, 3: 46.465, 4: 43.0}","{0: 500.875, 1: 501.5, 2: 503.5, 3: 498.375, 4: 501.0}","{0: 56, 1: 59, 2: 57, 3: 53, 4: 60, 5: 1065, 6: 1140, 7: 1140, 8: 1140, 9: 1065}","{0: 56, 1: 59, 2: 57, 3: 53, 4: 60, 5: 1065, 6: 1140, 7: 1140, 8: 1140, 9: 1065}","{0: 0, 1: 2, 2: 0, 3: 0, 4: 0, 5: 476, 6: 1140, 7: 1121, 8: 1083, 9: 298}",100.0,70.60839760068552
rule_mencius,60c1s5r10p,YCSB_A,rw_1000000,concurrent_20,101,1109,735.805,7945.41,11797.7,2302.9774697926064,110.9,"{0: 100.0, 1: 100.0, 2: 100.0, 3: 100.0, 4: 100.0}","{0: 607.188, 1: 592.312, 2: 595.375, 3: 586.75, 4: 590.562}","{0: 1, 1: 0, 2: 0, 3: 0, 4: 0, 5: 282, 6: 20, 7: 20, 8: 421, 9: 345}","{0: 0, 1: 0, 2: 0, 3: 0, 4: 0, 5: 280, 6: 20, 7: 20, 8: 419, 9: 345}","{0: 0, 1: 0, 2: 0, 3: 0, 4: 0, 5: 280, 6: 20, 7: 20, 8: 419, 9: 345}",99.54086317722681,99.54086317722681
rule_mencius,60c1s5r10p,YCSB_A,rw_1000000,concurrent_25,101,25,14573.8,14573.9,14573.976,14573.816,2.5,"{0: 100.0, 1: 100.0, 2: 100.0, 3: 100.0, 4: 100.0}","{0: 666.812, 1: 637.562, 2: 640.438, 3: 627.875, 4: 634.5}","{0: 0, 1: 0, 2: 0, 3: 0, 4: 0, 5: 0, 6: 0, 7: 0, 8: 25, 9: 0}","{0: 0, 1: 0, 2: 0, 3: 0, 4: 0, 5: 0, 6: 0, 7: 0, 8: 25, 9: 0}","{0: 0, 1: 0, 2: 0, 3: 0, 4: 0, 5: 0, 6: 0, 7: 0, 8: 25, 9: 0}",100.0,100.0
rule_mencius,60c1s5r10p,YCSB_A,rw_1000000,concurrent_30,101,30,31030.9,31031.0,31031.0,31030.91,3.0,"{0: 100.0, 1: 100.0, 2: 100.0, 3: 100.0, 4: 100.0}","{0: 655.938, 1: 667.062, 2: 677.0, 3: 670.625, 4: 673.312}","{0: 0, 1: 0, 2: 0, 3: 0, 4: 0, 5: 1, 6: 0, 7: 0, 8: 30, 9: 0}","{0: 0, 1: 0, 2: 0, 3: 0, 4: 0, 5: 0, 6: 0, 7: 0, 8: 30, 9: 0}","{0: 0, 1: 0, 2: 0, 3: 0, 4: 0, 5: 0, 6: 0, 7: 0, 8: 30, 9: 0}",96.7741935483871,96.7741935483871
rule_mencius,60c1s5r10p,YCSB_A,rw_1000000,concurrent_35,101,0,0,0,0,0,0.0,"{0: 100.0, 1: 100.0, 2: 100.0, 3: 100.0, 4: 100.0}","{0: 685.125, 1: 688.625, 2: 709.5, 3: 672.25, 4: 696.875}","{0: 0, 1: 0, 2: 0, 3: 0, 4: 0, 5: 0, 6: 0, 7: 0, 8: 0, 9: 0}","{0: 0, 1: 0, 2: 0, 3: 0, 4: 0, 5: 0, 6: 0, 7: 0, 8: 0, 9: 0}","{0: 0, 1: 0, 2: 0, 3: 0, 4: 0, 5: 0, 6: 0, 7: 0, 8: 0, 9: 0}",0,0
rule_mencius,60c1s5r10p,YCSB_A,rw_1000000,concurrent_40,101,0,0,0,0,0,0.0,"{0: 100.0, 1: 100.0, 2: 100.0, 3: 100.0, 4: 100.0}","{0: 709.062, 1: 709.562, 2: 706.5, 3: 697.812, 4: 703.375}","{0: 0, 1: 0, 2: 0, 3: 0, 4: 0, 5: 0, 6: 0, 7: 0, 8: 1, 9: 1}","{0: 0, 1: 0, 2: 0, 3: 0, 4: 0, 5: 0, 6: 0, 7: 0, 8: 0, 9: 0}","{0: 0, 1: 0, 2: 0, 3: 0, 4: 0, 5: 0, 6: 0, 7: 0, 8: 0, 9: 0}",0.0,0.0
rule_mencius,60c1s5r10p,YCSB_A,rw_1000000,concurrent_45,101,0,0,0,0,0,0.0,"{0: 100.0, 1: 100.0, 2: 100.0, 3: 100.0, 4: 100.0}","{0: 705.938, 1: 759.438, 2: 726.188, 3: 712.938, 4: 697.312}","{0: 0, 1: 0, 2: 0, 3: 0, 4: 0, 5: 0, 6: 0, 7: 0, 8: 0, 9: 0}","{0: 0, 1: 0, 2: 0, 3: 0, 4: 0, 5: 0, 6: 0, 7: 0, 8: 0, 9: 0}","{0: 0, 1: 0, 2: 0, 3: 0, 4: 0, 5: 0, 6: 0, 7: 0, 8: 0, 9: 0}",0,0
rule_mencius,60c1s5r10p,YCSB_A,rw_1000000,concurrent_1,100,600,144.027,181.66810000000066,213.14902,150.4872583333333,60.0,"{0: 4.082, 1: 4.082, 2: 4.082, 3: 4.082, 4: 4.082}","{0: 434.188, 1: 434.188, 2: 434.5, 3: 434.062, 4: 434.312}","{0: 60, 1: 60, 2: 60, 3: 60, 4: 60, 5: 60, 6: 60, 7: 60, 8: 60, 9: 60}","{0: 60, 1: 60, 2: 60, 3: 60, 4: 60, 5: 60, 6: 60, 7: 60, 8: 60, 9: 60}","{0: 0, 1: 0, 2: 0, 3: 0, 4: 0, 5: 0, 6: 60, 7: 60, 8: 60, 9: 0}",100.0,30.0
rule_mencius,60c1s5r10p,YCSB_A,rw_1000000,concurrent_10,100,6000,148.03,185.2190000000097,215.32328000000004,154.838451,600.0,"{0: 38.776, 1: 39.0, 2: 37.113, 3: 35.0, 4: 37.374}","{0: 470.938, 1: 471.312, 2: 472.688, 3: 468.688, 4: 468.875}","{0: 600, 1: 600, 2: 600, 3: 600, 4: 600, 5: 600, 6: 600, 7: 600, 8: 600, 9: 600}","{0: 600, 1: 600, 2: 600, 3: 600, 4: 600, 5: 599, 6: 600, 7: 600, 8: 600, 9: 600}","{0: 0, 1: 0, 2: 0, 3: 0, 4: 0, 5: 0, 6: 600, 7: 600, 8: 600, 9: 0}",99.98333333333333,30.0
rule_mencius,60c1s5r10p,YCSB_A,rw_1000000,concurrent_11,100,6600,148.482,186.36500000001044,214.54837,155.01705757575758,660.0,"{0: 45.0, 1: 44.898, 2: 46.465, 3: 41.837, 4: 42.857}","{0: 474.188, 1: 472.562, 2: 475.0, 3: 470.0, 4: 472.375}","{0: 660, 1: 660, 2: 660, 3: 660, 4: 660, 5: 660, 6: 660, 7: 660, 8: 660, 9: 660}","{0: 660, 1: 660, 2: 660, 3: 660, 4: 660, 5: 660, 6: 660, 7: 660, 8: 660, 9: 660}","{0: 0, 1: 0, 2: 0, 3: 0, 4: 0, 5: 44, 6: 660, 7: 660, 8: 660, 9: 0}",100.0,30.666666666666668
rule_mencius,60c1s5r10p,YCSB_A,rw_1000000,concurrent_12,100,7200,150.6255,189.7193000000084,216.43903,157.58804319444445,720.0,"{0: 57.0, 1: 53.061, 2: 53.061, 3: 48.98, 4: 50.0}","{0: 479.375, 1: 477.312, 2: 480.0, 3: 475.875, 4: 476.312}","{0: 720, 1: 720, 2: 720, 3: 720, 4: 720, 5: 720, 6: 720, 7: 720, 8: 720, 9: 720}","{0: 720, 1: 720, 2: 719, 3: 720, 4: 720, 5: 720, 6: 720, 7: 720, 8: 720, 9: 719}","{0: 0, 1: 0, 2: 0, 3: 0, 4: 0, 5: 288, 6: 720, 7: 720, 8: 720, 9: 120}",99.97222222222223,35.666666666666664
rule_mencius,60c1s5r10p,YCSB_A,rw_1000000,concurrent_13,100,7800,156.471,210.43,214.92212,159.33386115384616,780.0,"{0: 61.616, 1: 61.224, 2: 60.606, 3: 57.0, 4: 58.0}","{0: 481.75, 1: 480.188, 2: 482.562, 3: 477.312, 4: 479.312}","{0: 780, 1: 780, 2: 780, 3: 780, 4: 780, 5: 780, 6: 780, 7: 780, 8: 780, 9: 780}","{0: 780, 1: 779, 2: 779, 3: 780, 4: 780, 5: 780, 6: 780, 7: 778, 8: 780, 9: 780}","{0: 0, 1: 0, 2: 0, 3: 0, 4: 0, 5: 154, 6: 780, 7: 778, 8: 780, 9: 286}",99.94871794871794,35.61538461538461
rule_mencius,60c1s5r10p,YCSB_A,rw_1000000,concurrent_14,100,8400,158.57850000000002,213.0642,229.42007999999998,164.61888380952382,840.0,"{0: 71.717, 1: 69.697, 2: 69.697, 3: 64.0, 4: 69.0}","{0: 486.875, 1: 484.938, 2: 488.188, 3: 483.812, 4: 484.688}","{0: 840, 1: 840, 2: 840, 3: 840, 4: 840, 5: 840, 6: 840, 7: 840, 8: 840, 9: 840}","{0: 839, 1: 840, 2: 839, 3: 840, 4: 840, 5: 839, 6: 840, 7: 840, 8: 840, 9: 840}","{0: 0, 1: 0, 2: 0, 3: 168, 4: 70, 5: 559, 6: 840, 7: 840, 8: 840, 9: 392}",99.96428571428571,44.154761904761905
rule_mencius,60c1s5r10p,YCSB_A,rw_1000000,concurrent_15,100,9000,168.8375,214.067,232.20811,171.43517477777777,900.0,"{0: 83.0, 1: 83.168, 2: 84.848, 3: 78.0, 4: 80.808}","{0: 490.688, 1: 488.875, 2: 492.125, 3: 488.0, 4: 487.688}","{0: 900, 1: 900, 2: 900, 3: 900, 4: 900, 5: 900, 6: 900, 7: 900, 8: 900, 9: 900}","{0: 900, 1: 900, 2: 899, 3: 899, 4: 900, 5: 900, 6: 899, 7: 899, 8: 900, 9: 900}","{0: 0, 1: 0, 2: 105, 3: 119, 4: 195, 5: 495, 6: 899, 7: 899, 8: 900, 9: 540}",99.95555555555555,46.13333333333333
rule_mencius,60c1s5r10p,YCSB_A,rw_1000000,concurrent_16,100,1247,771.125,14601.6,21390.8,3331.6615396952684,124.7,"{0: 100.0, 1: 100.0, 2: 100.0, 3: 100.0, 4: 100.0}","{0: 615.188, 1: 589.75, 2: 586.188, 3: 578.875, 4: 585.938}","{0: 0, 1: 1, 2: 0, 3: 0, 4: 2, 5: 336, 6: 97, 7: 114, 8: 368, 9: 336}","{0: 0, 1: 0, 2: 0, 3: 0, 4: 0, 5: 335, 6: 96, 7: 112, 8: 368, 9: 336}","{0: 0, 1: 0, 2: 0, 3: 0, 4: 0, 5: 335, 6: 96, 7: 112, 8: 352, 9: 304}",99.44178628389155,95.6140350877193
rule_mencius,60c1s5r10p,YCSB_A,rw_1000000,concurrent_17,100,1088,571.658,6187.856000000001,25715.9,1896.9054549632351,108.8,"{0: 100.0, 1: 100.0, 2: 100.0, 3: 100.0, 4: 100.0}","{0: 592.0, 1: 582.875, 2: 592.875, 3: 589.562, 4: 593.688}","{0: 0, 1: 0, 2: 0, 3: 1, 4: 0, 5: 325, 6: 35, 7: 34, 8: 358, 9: 340}","{0: 0, 1: 0, 2: 0, 3: 0, 4: 0, 5: 323, 6: 34, 7: 34, 8: 357, 9: 340}","{0: 0, 1: 0, 2: 0, 3: 0, 4: 0, 5: 306, 6: 34, 7: 34, 8: 357, 9: 289}",99.54254345837145,93.32113449222324
rule_mencius,60c1s5r10p,YCSB_A,rw_1000000,concurrent_18,100,702,687.5635,2954.519,14026.3,1503.2900925925926,70.2,"{0: 100.0, 1: 100.0, 2: 100.0, 3: 100.0, 4: 100.0}","{0: 596.938, 1: 609.875, 2: 622.375, 3: 594.0, 4: 610.875}","{0: 0, 1: 1, 2: 0, 3: 0, 4: 1, 5: 162, 6: 0, 7: 1, 8: 324, 9: 216}","{0: 0, 1: 0, 2: 0, 3: 0, 4: 0, 5: 162, 6: 0, 7: 0, 8: 324, 9: 216}","{0: 0, 1: 0, 2: 0, 3: 0, 4: 0, 5: 162, 6: 0, 7: 0, 8: 324, 9: 216}",99.57446808510639,99.57446808510639
rule_mencius,60c1s5r10p,YCSB_A,rw_1000000,concurrent_19,100,285,5444.18,8061.446,8283.6216,4541.776340350878,28.5,"{0: 100.0, 1: 100.0, 2: 100.0, 3: 100.0, 4: 100.0}","{0: 605.25, 1: 610.938, 2: 623.625, 3: 596.75, 4: 599.562}","{0: 0, 1: 0, 2: 0, 3: 0, 4: 0, 5: 95, 6: 0, 7: 0, 8: 95, 9: 95}","{0: 0, 1: 0, 2: 0, 3: 0, 4: 0, 5: 95, 6: 0, 7: 0, 8: 95, 9: 95}","{0: 0, 1: 0, 2: 0, 3: 0, 4: 0, 5: 95, 6: 0, 7: 0, 8: 95, 9: 95}",100.0,100.0
rule_mencius,60c1s5r10p,YCSB_A,rw_1000000,concurrent_20,100,40,13002.6,21458.8,21458.8,13002.585000000001,4.0,"{0: 100.0, 1: 100.0, 2: 100.0, 3: 100.0, 4: 100.0}","{0: 637.125, 1: 616.0, 2: 617.062, 3: 596.0, 4: 611.312}","{0: 0, 1: 0, 2: 0, 3: 0, 4: 0, 5: 20, 6: 0, 7: 0, 8: 20, 9: 1}","{0: 0, 1: 0, 2: 0, 3: 0, 4: 0, 5: 20, 6: 0, 7: 0, 8: 20, 9: 0}","{0: 0, 1: 0, 2: 0, 3: 0, 4: 0, 5: 20, 6: 0, 7: 0, 8: 20, 9: 0}",97.5609756097561,97.5609756097561
rule_mencius,60c1s5r10p,YCSB_A,rw_1000000,concurrent_25,100,199,4142.87,20576.9,20577.1,5406.975778894472,19.9,"{0: 100.0, 1: 100.0, 2: 100.0, 3: 100.0, 4: 100.0}","{0: 675.688, 1: 652.0, 2: 647.277, 3: 650.062, 4: 660.562}","{0: 0, 1: 0, 2: 0, 3: 0, 4: 0, 5: 51, 6: 0, 7: 0, 8: 101, 9: 51}","{0: 0, 1: 0, 2: 0, 3: 0, 4: 0, 5: 50, 6: 0, 7: 0, 8: 100, 9: 49}","{0: 0, 1: 0, 2: 0, 3: 0, 4: 0, 5: 50, 6: 0, 7: 0, 8: 100, 9: 49}",98.0295566502463,98.0295566502463
rule_mencius,60c1s5r10p,YCSB_A,rw_1000000,concurrent_30,100,59,19261.5,19261.8,19261.8,12829.836779661018,5.9,"{0: 100.0, 1: 100.0, 2: 100.0, 3: 100.0, 4: 100.0}","{0: 719.562, 1: 665.812, 2: 700.062, 3: 669.688, 4: 659.188}","{0: 0, 1: 0, 2: 0, 3: 0, 4: 0, 5: 30, 6: 0, 7: 0, 8: 30, 9: 1}","{0: 0, 1: 0, 2: 0, 3: 0, 4: 0, 5: 30, 6: 0, 7: 0, 8: 29, 9: 0}","{0: 0, 1: 0, 2: 0, 3: 0, 4: 0, 5: 30, 6: 0, 7: 0, 8: 29, 9: 0}",96.72131147540983,96.72131147540983
rule_mencius,60c1s5r10p,YCSB_A,rw_1000000,concurrent_35,100,0,0,0,0,0,0.0,"{0: 100.0, 1: 100.0, 2: 100.0, 3: 100.0, 4: 100.0}","{0: 679.625, 1: 727.062, 2: 702.375, 3: 665.688, 4: 675.562}","{0: 0, 1: 0, 2: 0, 3: 0, 4: 0, 5: 1, 6: 0, 7: 0, 8: 0, 9: 1}","{0: 0, 1: 0, 2: 0, 3: 0, 4: 0, 5: 0, 6: 0, 7: 0, 8: 0, 9: 0}","{0: 0, 1: 0, 2: 0, 3: 0, 4: 0, 5: 0, 6: 0, 7: 0, 8: 0, 9: 0}",0.0,0.0
rule_mencius,60c1s5r10p,YCSB_A,rw_1000000,concurrent_40,100,0,0,0,0,0,0.0,"{0: 100.0, 1: 100.0, 2: 100.0, 3: 100.0, 4: 100.0}","{0: 696.812, 1: 706.688, 2: 710.125, 3: 687.062, 4: 703.875}","{0: 0, 1: 0, 2: 0, 3: 0, 4: 0, 5: 0, 6: 0, 7: 1, 8: 0, 9: 0}","{0: 0, 1: 0, 2: 0, 3: 0, 4: 0, 5: 0, 6: 0, 7: 0, 8: 0, 9: 0}","{0: 0, 1: 0, 2: 0, 3: 0, 4: 0, 5: 0, 6: 0, 7: 0, 8: 0, 9: 0}",0.0,0.0
rule_mencius,60c1s5r10p,YCSB_A,rw_1000000,concurrent_45,100,0,0,0,0,0,0.0,"{0: 100.0, 1: 100.0, 2: 100.0, 3: 100.0, 4: 100.0}","{0: 709.938, 1: 717.312, 2: 718.562, 3: 706.375, 4: 701.988}","{0: 0, 1: 0, 2: 0, 3: 0, 4: 0, 5: 0, 6: 0, 7: 0, 8: 0, 9: 0}","{0: 0, 1: 0, 2: 0, 3: 0, 4: 0, 5: 0, 6: 0, 7: 0, 8: 0, 9: 0}","{0: 0, 1: 0, 2: 0, 3: 0, 4: 0, 5: 0, 6: 0, 7: 0, 8: 0, 9: 0}",0,0
rule_mencius,60c1s5r10p,YCSB_A,rw_zipf_1,concurrent_1,0,600,152.49,298.9458000000001,361.02404,201.77326666666667,60.0,"{0: 1.02, 1: 2.02, 2: 2.02, 3: 1.02, 4: 2.02}","{0: 448.312, 1: 447.688, 2: 447.938, 3: 447.812, 4: 447.812}","{0: 0, 1: 0, 2: 0, 3: 0, 4: 0, 5: 0, 6: 0, 7: 0, 8: 0, 9: 0}","{0: 0, 1: 0, 2: 0, 3: 0, 4: 0, 5: 0, 6: 0, 7: 0, 8: 0, 9: 0}","{0: 0, 1: 0, 2: 0, 3: 0, 4: 0, 5: 0, 6: 0, 7: 0, 8: 0, 9: 0}",0,0
rule_mencius,60c1s5r10p,YCSB_A,rw_zipf_1,concurrent_10,0,6000,155.3595,305.19750000000005,363.38117,202.33985800000002,600.0,"{0: 11.224, 1: 11.34, 2: 12.245, 3: 12.121, 4: 11.881}","{0: 479.125, 1: 477.875, 2: 479.062, 3: 476.062, 4: 477.0}","{0: 0, 1: 0, 2: 0, 3: 0, 4: 0, 5: 0, 6: 0, 7: 0, 8: 0, 9: 0}","{0: 0, 1: 0, 2: 0, 3: 0, 4: 0, 5: 0, 6: 0, 7: 0, 8: 0, 9: 0}","{0: 0, 1: 0, 2: 0, 3: 0, 4: 0, 5: 0, 6: 0, 7: 0, 8: 0, 9: 0}",0,0
rule_mencius,60c1s5r10p,YCSB_A,rw_zipf_1,concurrent_11,0,6600,157.5755,306.5631,357.09803,202.16573984848483,660.0,"{0: 15.464, 1: 15.464, 2: 17.0, 3: 16.327, 4: 16.327}","{0: 481.5, 1: 480.188, 2: 481.562, 3: 477.5, 4: 477.75}","{0: 0, 1: 0, 2: 0, 3: 0, 4: 0, 5: 0, 6: 0, 7: 0, 8: 0, 9: 0}","{0: 0, 1: 0, 2: 0, 3: 0, 4: 0, 5: 0, 6: 0, 7: 0, 8: 0, 9: 0}","{0: 0, 1: 0, 2: 0, 3: 0, 4: 0, 5: 0, 6: 0, 7: 0, 8: 0, 9: 0}",0,0
rule_mencius,60c1s5r10p,YCSB_A,rw_zipf_1,concurrent_12,0,7200,155.66649999999998,304.4961,359.22502000000003,201.2761525,720.0,"{0: 15.152, 1: 14.286, 2: 16.162, 3: 16.327, 4: 15.152}","{0: 485.562, 1: 484.375, 2: 486.125, 3: 481.312, 4: 483.125}","{0: 0, 1: 0, 2: 0, 3: 0, 4: 0, 5: 0, 6: 0, 7: 0, 8: 0, 9: 0}","{0: 0, 1: 0, 2: 0, 3: 0, 4: 0, 5: 0, 6: 0, 7: 0, 8: 0, 9: 0}","{0: 0, 1: 0, 2: 0, 3: 0, 4: 0, 5: 0, 6: 0, 7: 0, 8: 0, 9: 0}",0,0
rule_mencius,60c1s5r10p,YCSB_A,rw_zipf_1,concurrent_13,0,7800,156.9235,304.9751,361.40209,203.42672615384615,780.0,"{0: 16.0, 1: 15.464, 2: 16.832, 3: 16.327, 4: 17.172}","{0: 487.75, 1: 486.0, 2: 487.625, 3: 483.562, 4: 484.875}","{0: 0, 1: 0, 2: 0, 3: 0, 4: 0, 5: 0, 6: 0, 7: 0, 8: 0, 9: 0}","{0: 0, 1: 0, 2: 0, 3: 0, 4: 0, 5: 0, 6: 0, 7: 0, 8: 0, 9: 0}","{0: 0, 1: 0, 2: 0, 3: 0, 4: 0, 5: 0, 6: 0, 7: 0, 8: 0, 9: 0}",0,0
rule_mencius,60c1s5r10p,YCSB_A,rw_zipf_1,concurrent_14,0,8400,158.52,306.9744,361.72405,203.94889988095235,840.0,"{0: 16.495, 1: 17.172, 2: 16.495, 3: 18.0, 4: 17.172}","{0: 492.062, 1: 490.688, 2: 492.75, 3: 487.5, 4: 489.875}","{0: 0, 1: 0, 2: 0, 3: 0, 4: 0, 5: 0, 6: 0, 7: 0, 8: 0, 9: 0}","{0: 0, 1: 0, 2: 0, 3: 0, 4: 0, 5: 0, 6: 0, 7: 0, 8: 0, 9: 0}","{0: 0, 1: 0, 2: 0, 3: 0, 4: 0, 5: 0, 6: 0, 7: 0, 8: 0, 9: 0}",0,0
rule_mencius,60c1s5r10p,YCSB_A,rw_zipf_1,concurrent_15,0,9000,158.19299999999998,305.22540000000004,361.56613,204.66959611111113,900.0,"{0: 18.182, 1: 17.347, 2: 18.367, 3: 19.192, 4: 18.367}","{0: 493.812, 1: 492.312, 2: 494.25, 3: 489.375, 4: 491.0}","{0: 0, 1: 0, 2: 0, 3: 0, 4: 0, 5: 0, 6: 0, 7: 0, 8: 0, 9: 0}","{0: 0, 1: 0, 2: 0, 3: 0, 4: 0, 5: 0, 6: 0, 7: 0, 8: 0, 9: 0}","{0: 0, 1: 0, 2: 0, 3: 0, 4: 0, 5: 0, 6: 0, 7: 0, 8: 0, 9: 0}",0,0
rule_mencius,60c1s5r10p,YCSB_A,rw_zipf_1,concurrent_16,0,9600,157.7335,304.6803,357.64118,202.83302833333335,960.0,"{0: 24.242, 1: 23.0, 2: 22.449, 3: 22.222, 4: 23.0}","{0: 496.938, 1: 497.812, 2: 499.438, 3: 493.5, 4: 495.75}","{0: 0, 1: 0, 2: 0, 3: 0, 4: 0, 5: 0, 6: 0, 7: 0, 8: 0, 9: 0}","{0: 0, 1: 0, 2: 0, 3: 0, 4: 0, 5: 0, 6: 0, 7: 0, 8: 0, 9: 0}","{0: 0, 1: 0, 2: 0, 3: 0, 4: 0, 5: 0, 6: 0, 7: 0, 8: 0, 9: 0}",0,0
rule_mencius,60c1s5r10p,YCSB_A,rw_zipf_1,concurrent_17,0,10200,158.7735,304.493,359.99504,205.3620681372549,1020.0,"{0: 25.51, 1: 24.242, 2: 22.449, 3: 22.0, 4: 21.212}","{0: 501.062, 1: 498.625, 2: 501.75, 3: 495.875, 4: 497.438}","{0: 0, 1: 0, 2: 0, 3: 0, 4: 0, 5: 0, 6: 0, 7: 0, 8: 0, 9: 0}","{0: 0, 1: 0, 2: 0, 3: 0, 4: 0, 5: 0, 6: 0, 7: 0, 8: 0, 9: 0}","{0: 0, 1: 0, 2: 0, 3: 0, 4: 0, 5: 0, 6: 0, 7: 0, 8: 0, 9: 0}",0,0
rule_mencius,60c1s5r10p,YCSB_A,rw_zipf_1,concurrent_18,0,10800,162.4765,305.0442,363.65403,207.48411740740738,1080.0,"{0: 31.313, 1: 30.612, 2: 27.273, 3: 31.0, 4: 29.897}","{0: 504.938, 1: 503.188, 2: 506.312, 3: 501.562, 4: 501.562}","{0: 0, 1: 0, 2: 0, 3: 0, 4: 0, 5: 0, 6: 0, 7: 0, 8: 0, 9: 0}","{0: 0, 1: 0, 2: 0, 3: 0, 4: 0, 5: 0, 6: 0, 7: 0, 8: 0, 9: 0}","{0: 0, 1: 0, 2: 0, 3: 0, 4: 0, 5: 0, 6: 0, 7: 0, 8: 0, 9: 0}",0,0
rule_mencius,60c1s5r10p,YCSB_A,rw_zipf_1,concurrent_19,0,11400,160.70600000000002,304.3854,359.55334,205.11494149122808,1140.0,"{0: 31.0, 1: 30.612, 2: 31.0, 3: 30.303, 4: 31.633}","{0: 507.0, 1: 505.312, 2: 508.062, 3: 500.812, 4: 503.812}","{0: 0, 1: 0, 2: 0, 3: 0, 4: 0, 5: 0, 6: 0, 7: 0, 8: 0, 9: 0}","{0: 0, 1: 0, 2: 0, 3: 0, 4: 0, 5: 0, 6: 0, 7: 0, 8: 0, 9: 0}","{0: 0, 1: 0, 2: 0, 3: 0, 4: 0, 5: 0, 6: 0, 7: 0, 8: 0, 9: 0}",0,0
rule_mencius,60c1s5r10p,YCSB_A,rw_zipf_1,concurrent_20,0,12000,163.4885,308.5077,363.32628000000005,208.43271041666665,1200.0,"{0: 34.0, 1: 33.333, 2: 32.323, 3: 31.633, 4: 32.653}","{0: 510.0, 1: 511.062, 2: 513.25, 3: 505.875, 4: 509.188}","{0: 0, 1: 0, 2: 0, 3: 0, 4: 0, 5: 0, 6: 0, 7: 0, 8: 0, 9: 0}","{0: 0, 1: 0, 2: 0, 3: 0, 4: 0, 5: 0, 6: 0, 7: 0, 8: 0, 9: 0}","{0: 0, 1: 0, 2: 0, 3: 0, 4: 0, 5: 0, 6: 0, 7: 0, 8: 0, 9: 0}",0,0
rule_mencius,60c1s5r10p,YCSB_A,rw_zipf_1,concurrent_25,0,15000,188.745,319.4129,371.99131,220.93142133333336,1500.0,"{0: 54.545, 1: 57.0, 2: 61.616, 3: 61.765, 4: 60.0}","{0: 526.562, 1: 523.875, 2: 526.938, 3: 519.312, 4: 518.812}","{0: 0, 1: 0, 2: 0, 3: 0, 4: 0, 5: 0, 6: 0, 7: 0, 8: 0, 9: 0}","{0: 0, 1: 0, 2: 0, 3: 0, 4: 0, 5: 0, 6: 0, 7: 0, 8: 0, 9: 0}","{0: 0, 1: 0, 2: 0, 3: 0, 4: 0, 5: 0, 6: 0, 7: 0, 8: 0, 9: 0}",0,0
rule_mencius,60c1s5r10p,YCSB_A,rw_zipf_1,concurrent_30,0,18000,183.79250000000002,318.47060000000005,366.4996099999999,218.80519288888888,1800.0,"{0: 49.495, 1: 49.495, 2: 57.576, 3: 58.163, 4: 57.143}","{0: 543.938, 1: 541.062, 2: 545.438, 3: 541.312, 4: 538.938}","{0: 0, 1: 0, 2: 0, 3: 0, 4: 0, 5: 0, 6: 0, 7: 0, 8: 0, 9: 0}","{0: 0, 1: 0, 2: 0, 3: 0, 4: 0, 5: 0, 6: 0, 7: 0, 8: 0, 9: 0}","{0: 0, 1: 0, 2: 0, 3: 0, 4: 0, 5: 0, 6: 0, 7: 0, 8: 0, 9: 0}",0,0
rule_mencius,60c1s5r10p,YCSB_A,rw_zipf_1,concurrent_35,0,21000,254.2615,365.3174,439.21681999999987,267.4524527142857,2100.0,"{0: 74.747, 1: 76.531, 2: 85.0, 3: 83.0, 4: 84.0}","{0: 559.625, 1: 555.75, 2: 560.062, 3: 549.5, 4: 552.375}","{0: 0, 1: 0, 2: 0, 3: 0, 4: 0, 5: 0, 6: 0, 7: 0, 8: 0, 9: 0}","{0: 0, 1: 0, 2: 0, 3: 0, 4: 0, 5: 0, 6: 0, 7: 0, 8: 0, 9: 0}","{0: 0, 1: 0, 2: 0, 3: 0, 4: 0, 5: 0, 6: 0, 7: 0, 8: 0, 9: 0}",0,0
rule_mencius,60c1s5r10p,YCSB_A,rw_zipf_1,concurrent_40,0,4258,1392.365,10718.6,27602.443,3846.385999530296,425.8,"{0: 100.0, 1: 100.0, 2: 100.0, 3: 100.0, 4: 100.0}","{0: 613.375, 1: 611.625, 2: 631.25, 3: 591.875, 4: 604.062}","{0: 0, 1: 0, 2: 0, 3: 0, 4: 0, 5: 0, 6: 0, 7: 0, 8: 0, 9: 0}","{0: 0, 1: 0, 2: 0, 3: 0, 4: 0, 5: 0, 6: 0, 7: 0, 8: 0, 9: 0}","{0: 0, 1: 0, 2: 0, 3: 0, 4: 0, 5: 0, 6: 0, 7: 0, 8: 0, 9: 0}",0,0
rule_mencius,60c1s5r10p,YCSB_A,rw_zipf_1,concurrent_45,0,2156,1391.91,9831.05,36091.6,4030.9648455473093,215.6,"{0: 100.0, 1: 100.0, 2: 100.0, 3: 100.0, 4: 100.0}","{0: 637.312, 1: 635.688, 2: 647.5, 3: 609.75, 4: 627.438}","{0: 0, 1: 0, 2: 0, 3: 0, 4: 0, 5: 0, 6: 0, 7: 0, 8: 0, 9: 0}","{0: 0, 1: 0, 2: 0, 3: 0, 4: 0, 5: 0, 6: 0, 7: 0, 8: 0, 9: 0}","{0: 0, 1: 0, 2: 0, 3: 0, 4: 0, 5: 0, 6: 0, 7: 0, 8: 0, 9: 0}",0,0
rule_mencius,60c1s5r10p,YCSB_A,rw_zipf_1,concurrent_1,101,600,147.04950000000002,208.79940000000002,274.7472599999998,156.61329,60.0,"{0: 4.04, 1: 3.061, 2: 3.061, 3: 3.061, 4: 4.04}","{0: 449.688, 1: 449.188, 2: 449.75, 3: 448.938, 4: 449.062}","{0: 22, 1: 17, 2: 22, 3: 23, 4: 21, 5: 46, 6: 60, 7: 60, 8: 57, 9: 49}","{0: 19, 1: 16, 2: 20, 3: 22, 4: 20, 5: 43, 6: 55, 7: 54, 8: 48, 9: 47}","{0: 0, 1: 0, 2: 0, 3: 0, 4: 0, 5: 0, 6: 55, 7: 54, 8: 44, 9: 0}",91.24668435013263,40.58355437665782
rule_mencius,60c1s5r10p,YCSB_A,rw_zipf_1,concurrent_10,101,6000,151.234,209.6759,247.64943000000002,157.435928,600.0,"{0: 22.449, 1: 21.212, 2: 27.551, 3: 28.283, 4: 27.273}","{0: 481.562, 1: 481.875, 2: 482.125, 3: 479.438, 4: 479.562}","{0: 31, 1: 24, 2: 41, 3: 24, 4: 32, 5: 593, 6: 600, 7: 600, 8: 600, 9: 582}","{0: 28, 1: 21, 2: 38, 3: 23, 4: 24, 5: 472, 6: 486, 7: 499, 8: 473, 9: 473}","{0: 0, 1: 0, 2: 0, 3: 0, 4: 0, 5: 101, 6: 486, 7: 499, 8: 473, 9: 109}",81.13207547169812,53.34186120882635
rule_mencius,60c1s5r10p,YCSB_A,rw_zipf_1,concurrent_11,101,6600,150.5205,210.0663,247.00108,159.14946939393937,660.0,"{0: 35.714, 1: 36.082, 2: 25.51, 3: 34.343, 4: 34.0}","{0: 486.0, 1: 484.25, 2: 487.5, 3: 484.25, 4: 483.812}","{0: 38, 1: 30, 2: 31, 3: 24, 4: 30, 5: 634, 6: 660, 7: 660, 8: 660, 9: 654}","{0: 29, 1: 25, 2: 24, 3: 18, 4: 18, 5: 506, 6: 529, 7: 525, 8: 516, 9: 521}","{0: 0, 1: 0, 2: 0, 3: 0, 4: 0, 5: 154, 6: 529, 7: 525, 8: 516, 9: 43}",79.24583455130079,51.65156387021339
rule_mencius,60c1s5r10p,YCSB_A,rw_zipf_1,concurrent_12,101,7200,150.91649999999998,211.2601,250.04915,159.32263305555557,720.0,"{0: 47.475, 1: 42.424, 2: 37.374, 3: 41.237, 4: 41.237}","{0: 488.75, 1: 487.0, 2: 490.25, 3: 485.562, 4: 486.125}","{0: 32, 1: 33, 2: 30, 3: 32, 4: 27, 5: 674, 6: 720, 7: 720, 8: 720, 9: 664}","{0: 28, 1: 24, 2: 23, 3: 23, 4: 22, 5: 543, 6: 560, 7: 566, 8: 593, 9: 534}","{0: 0, 1: 0, 2: 0, 3: 0, 4: 0, 5: 79, 6: 560, 7: 566, 8: 593, 9: 45}",79.84665936473165,50.465498357064625
rule_mencius,60c1s5r10p,YCSB_A,rw_zipf_1,concurrent_13,101,7800,150.3305,209.9162,247.16703,158.31979358974357,780.0,"{0: 37.755, 1: 37.755, 2: 34.343, 3: 36.735, 4: 38.776}","{0: 493.375, 1: 491.188, 2: 493.812, 3: 490.375, 4: 490.562}","{0: 44, 1: 41, 2: 45, 3: 29, 4: 48, 5: 771, 6: 780, 7: 780, 8: 780, 9: 752}","{0: 34, 1: 33, 2: 39, 3: 21, 4: 40, 5: 605, 6: 629, 7: 617, 8: 618, 9: 590}","{0: 0, 1: 0, 2: 0, 3: 0, 4: 0, 5: 393, 6: 629, 7: 617, 8: 618, 9: 263}",79.26289926289927,61.91646191646192
rule_mencius,60c1s5r10p,YCSB_A,rw_zipf_1,concurrent_14,101,8400,152.24099999999999,213.4189,253.72118,161.89789250000004,840.0,"{0: 35.354, 1: 37.374, 2: 51.515, 3: 52.525, 4: 51.546}","{0: 495.562, 1: 494.0, 2: 496.375, 3: 491.688, 4: 493.688}","{0: 41, 1: 32, 2: 39, 3: 112, 4: 51, 5: 827, 6: 840, 7: 840, 8: 840, 9: 797}","{0: 29, 1: 23, 2: 25, 3: 97, 4: 45, 5: 650, 6: 655, 7: 633, 8: 650, 9: 631}","{0: 0, 1: 0, 2: 0, 3: 37, 4: 0, 5: 504, 6: 655, 7: 633, 8: 650, 9: 338}",77.80040733197556,63.74745417515275
rule_mencius,60c1s5r10p,YCSB_A,rw_zipf_1,concurrent_15,101,9000,152.405,210.68720000000002,251.09931000000012,162.1007631111111,900.0,"{0: 41.237, 1: 39.394, 2: 43.878, 3: 46.939, 4: 47.959}","{0: 499.75, 1: 497.812, 2: 500.875, 3: 496.688, 4: 497.5}","{0: 43, 1: 50, 2: 37, 3: 49, 4: 72, 5: 881, 6: 900, 7: 900, 8: 900, 9: 867}","{0: 35, 1: 44, 2: 26, 3: 40, 4: 57, 5: 677, 6: 710, 7: 710, 8: 702, 9: 665}","{0: 0, 1: 0, 2: 0, 3: 3, 4: 0, 5: 464, 6: 710, 7: 710, 8: 702, 9: 343}",78.0165992764418,62.39625452223878
rule_mencius,60c1s5r10p,YCSB_A,rw_zipf_1,concurrent_16,101,9600,158.363,213.4881,258.86120999999997,166.91149729166668,960.0,"{0: 75.0, 1: 73.196, 2: 71.287, 3: 54.455, 4: 62.626}","{0: 503.562, 1: 501.5, 2: 504.75, 3: 498.438, 4: 500.75}","{0: 52, 1: 47, 2: 57, 3: 200, 4: 41, 5: 912, 6: 960, 7: 960, 8: 960, 9: 927}","{0: 44, 1: 35, 2: 44, 3: 158, 4: 33, 5: 706, 6: 736, 7: 716, 8: 756, 9: 693}","{0: 0, 1: 1, 2: 0, 3: 90, 4: 0, 5: 364, 6: 736, 7: 716, 8: 756, 9: 386}",76.6419077404222,59.59734167318217
rule_mencius,60c1s5r10p,YCSB_A,rw_zipf_1,concurrent_17,101,10200,157.6365,213.3863,256.67550000000034,163.82224637254905,1020.0,"{0: 58.416, 1: 57.143, 2: 45.0, 3: 51.515, 4: 52.041}","{0: 505.312, 1: 505.938, 2: 507.562, 3: 501.062, 4: 504.312}","{0: 59, 1: 55, 2: 45, 3: 67, 4: 88, 5: 971, 6: 1020, 7: 1020, 8: 1020, 9: 968}","{0: 46, 1: 44, 2: 30, 3: 50, 4: 69, 5: 764, 6: 788, 7: 792, 8: 786, 9: 736}","{0: 0, 1: 0, 2: 0, 3: 0, 4: 0, 5: 326, 6: 788, 7: 792, 8: 786, 9: 182}",77.26331639375118,54.09373235460192
rule_mencius,60c1s5r10p,YCSB_A,rw_zipf_1,concurrent_18,101,10800,153.245,212.9278,255.1182,162.24060453703706,1080.0,"{0: 56.0, 1: 53.535, 2: 39.0, 3: 46.535, 4: 47.475}","{0: 508.812, 1: 509.312, 2: 511.125, 3: 506.125, 4: 507.188}","{0: 62, 1: 51, 2: 53, 3: 65, 4: 60, 5: 1019, 6: 1080, 7: 1080, 8: 1080, 9: 977}","{0: 45, 1: 32, 2: 36, 3: 51, 4: 45, 5: 788, 6: 832, 7: 835, 8: 839, 9: 762}","{0: 0, 1: 0, 2: 0, 3: 1, 4: 0, 5: 360, 6: 832, 7: 835, 8: 839, 9: 46}",77.16663651166998,52.70490320246065
rule_mencius,60c1s5r10p,YCSB_A,rw_zipf_1,concurrent_19,101,11400,153.13400000000001,213.2931,270.69843,161.54632938596492,1140.0,"{0: 55.102, 1: 55.0, 2: 40.404, 3: 36.364, 4: 38.144}","{0: 512.188, 1: 512.812, 2: 513.75, 3: 508.75, 4: 510.188}","{0: 65, 1: 65, 2: 69, 3: 53, 4: 52, 5: 991, 6: 1140, 7: 1140, 8: 1140, 9: 1012}","{0: 42, 1: 48, 2: 56, 3: 38, 4: 41, 5: 751, 6: 878, 7: 880, 8: 887, 9: 761}","{0: 0, 1: 0, 2: 0, 3: 0, 4: 0, 5: 48, 6: 878, 7: 880, 8: 887, 9: 71}",76.51475467085734,48.26261568011175
rule_mencius,60c1s5r10p,YCSB_A,rw_zipf_1,concurrent_20,101,1307,500.501,4684.048,23099.9,1948.5905195103292,130.7,"{0: 100.0, 1: 100.0, 2: 100.0, 3: 100.0, 4: 100.0}","{0: 606.5, 1: 615.812, 2: 617.625, 3: 612.188, 4: 609.0}","{0: 7, 1: 7, 2: 11, 3: 11, 4: 10, 5: 454, 6: 126, 7: 88, 8: 534, 9: 338}","{0: 0, 1: 0, 2: 0, 3: 0, 4: 0, 5: 293, 6: 56, 7: 32, 8: 361, 9: 227}","{0: 0, 1: 0, 2: 0, 3: 0, 4: 0, 5: 278, 6: 56, 7: 32, 8: 361, 9: 227}",61.097099621689786,60.15132408575032
rule_mencius,60c1s5r10p,YCSB_A,rw_zipf_1,concurrent_25,101,7,28917.1,28917.2,28917.2,28917.142857142862,0.7,"{0: 100.0, 1: 100.0, 2: 100.0, 3: 100.0, 4: 100.0}","{0: 649.188, 1: 640.0, 2: 650.0, 3: 620.375, 4: 631.375}","{0: 6, 1: 16, 2: 0, 3: 5, 4: 0, 5: 32, 6: 12, 7: 4, 8: 18, 9: 23}","{0: 0, 1: 0, 2: 0, 3: 0, 4: 0, 5: 7, 6: 0, 7: 0, 8: 0, 9: 0}","{0: 0, 1: 0, 2: 0, 3: 0, 4: 0, 5: 7, 6: 0, 7: 0, 8: 0, 9: 0}",6.0344827586206895,6.0344827586206895
rule_mencius,60c1s5r10p,YCSB_A,rw_zipf_1,concurrent_30,101,9,6130.63,6130.744000000001,6130.8304,6130.647777777778,0.9,"{0: 100.0, 1: 100.0, 2: 100.0, 3: 100.0, 4: 100.0}","{0: 674.961, 1: 665.062, 2: 704.188, 3: 664.312, 4: 661.938}","{0: 8, 1: 0, 2: 0, 3: 4, 4: 0, 5: 19, 6: 11, 7: 0, 8: 38, 9: 10}","{0: 0, 1: 0, 2: 0, 3: 0, 4: 0, 5: 0, 6: 0, 7: 0, 8: 9, 9: 0}","{0: 0, 1: 0, 2: 0, 3: 0, 4: 0, 5: 0, 6: 0, 7: 0, 8: 9, 9: 0}",10.0,10.0
rule_mencius,60c1s5r10p,YCSB_A,rw_zipf_1,concurrent_35,101,0,0,0,0,0,0.0,"{0: 100.0, 1: 100.0, 2: 100.0, 3: 100.0, 4: 100.0}","{0: 714.5, 1: 698.188, 2: 697.375, 3: 675.562, 4: 704.312}","{0: 0, 1: 0, 2: 5, 3: 3, 4: 0, 5: 6, 6: 6, 7: 0, 8: 4, 9: 11}","{0: 0, 1: 0, 2: 0, 3: 0, 4: 0, 5: 0, 6: 0, 7: 0, 8: 0, 9: 0}","{0: 0, 1: 0, 2: 0, 3: 0, 4: 0, 5: 0, 6: 0, 7: 0, 8: 0, 9: 0}",0.0,0.0
rule_mencius,60c1s5r10p,YCSB_A,rw_zipf_1,concurrent_40,101,0,0,0,0,0,0.0,"{0: 100.0, 1: 100.0, 2: 100.0, 3: 100.0, 4: 100.0}","{0: 712.375, 1: 711.5, 2: 720.125, 3: 707.125, 4: 754.625}","{0: 0, 1: 0, 2: 0, 3: 0, 4: 0, 5: 25, 6: 0, 7: 8, 8: 60, 9: 21}","{0: 0, 1: 0, 2: 0, 3: 0, 4: 0, 5: 0, 6: 0, 7: 0, 8: 0, 9: 0}","{0: 0, 1: 0, 2: 0, 3: 0, 4: 0, 5: 0, 6: 0, 7: 0, 8: 0, 9: 0}",0.0,0.0
rule_mencius,60c1s5r10p,YCSB_A,rw_zipf_1,concurrent_45,101,0,0,0,0,0,0.0,"{0: 100.0, 1: 100.0, 2: 100.0, 3: 100.0, 4: 100.0}","{0: 718.75, 1: 720.375, 2: 747.625, 3: 735.25, 4: 729.75}","{0: 0, 1: 0, 2: 0, 3: 0, 4: 0, 5: 12, 6: 0, 7: 7, 8: 9, 9: 11}","{0: 0, 1: 0, 2: 0, 3: 0, 4: 0, 5: 0, 6: 0, 7: 0, 8: 0, 9: 0}","{0: 0, 1: 0, 2: 0, 3: 0, 4: 0, 5: 0, 6: 0, 7: 0, 8: 0, 9: 0}",0.0,0.0
rule_mencius,60c1s5r10p,YCSB_A,rw_zipf_1,concurrent_1,100,600,146.3265,208.30849999999998,211.36602000000002,151.38484833333334,60.0,"{0: 4.082, 1: 4.082, 2: 4.082, 3: 4.082, 4: 3.093}","{0: 449.875, 1: 449.625, 2: 449.812, 3: 449.375, 4: 449.562}","{0: 60, 1: 60, 2: 60, 3: 60, 4: 60, 5: 60, 6: 60, 7: 60, 8: 60, 9: 60}","{0: 49, 1: 55, 2: 54, 3: 58, 4: 55, 5: 55, 6: 58, 7: 58, 8: 56, 9: 55}","{0: 0, 1: 0, 2: 0, 3: 0, 4: 0, 5: 0, 6: 58, 7: 58, 8: 56, 9: 0}",92.16666666666667,28.666666666666668
rule_mencius,60c1s5r10p,YCSB_A,rw_zipf_1,concurrent_10,100,6000,149.2305,211.8222,247.20420000000001,156.5512105,600.0,"{0: 39.394, 1: 37.374, 2: 37.755, 3: 35.052, 4: 37.0}","{0: 483.062, 1: 481.812, 2: 484.812, 3: 480.875, 4: 481.625}","{0: 600, 1: 600, 2: 600, 3: 600, 4: 600, 5: 600, 6: 600, 7: 600, 8: 600, 9: 600}","{0: 460, 1: 476, 2: 478, 3: 482, 4: 483, 5: 486, 6: 463, 7: 484, 8: 470, 9: 460}","{0: 0, 1: 0, 2: 0, 3: 0, 4: 0, 5: 36, 6: 463, 7: 484, 8: 470, 9: 0}",79.03333333333333,24.216666666666665
rule_mencius,60c1s5r10p,YCSB_A,rw_zipf_1,concurrent_11,100,6600,151.747,210.5851,255.45419,159.59586303030304,660.0,"{0: 44.898, 1: 45.918, 2: 44.898, 3: 42.857, 4: 44.444}","{0: 486.438, 1: 486.562, 2: 488.812, 3: 484.688, 4: 485.812}","{0: 660, 1: 660, 2: 660, 3: 660, 4: 660, 5: 660, 6: 660, 7: 660, 8: 660, 9: 660}","{0: 514, 1: 521, 2: 506, 3: 501, 4: 516, 5: 534, 6: 504, 7: 508, 8: 514, 9: 521}","{0: 0, 1: 0, 2: 0, 3: 0, 4: 0, 5: 167, 6: 504, 7: 508, 8: 514, 9: 159}",77.86363636363636,28.060606060606062
rule_mencius,60c1s5r10p,YCSB_A,rw_zipf_1,concurrent_12,100,7200,151.9665,213.0239,250.73822,160.06649333333334,720.0,"{0: 53.0, 1: 51.02, 2: 52.577, 3: 51.02, 4: 52.041}","{0: 491.375, 1: 489.938, 2: 494.188, 3: 487.438, 4: 489.625}","{0: 720, 1: 720, 2: 720, 3: 720, 4: 720, 5: 720, 6: 720, 7: 720, 8: 720, 9: 720}","{0: 548, 1: 569, 2: 520, 3: 553, 4: 550, 5: 565, 6: 552, 7: 539, 8: 576, 9: 571}","{0: 0, 1: 0, 2: 0, 3: 0, 4: 0, 5: 337, 6: 552, 7: 539, 8: 576, 9: 245}",76.98611111111111,31.23611111111111
rule_mencius,60c1s5r10p,YCSB_A,rw_zipf_1,concurrent_13,100,7800,155.255,213.8518,251.12524000000005,162.33832346153847,780.0,"{0: 61.616, 1: 60.204, 2: 61.616, 3: 57.143, 4: 59.0}","{0: 494.875, 1: 492.75, 2: 494.625, 3: 490.0, 4: 490.438}","{0: 780, 1: 780, 2: 780, 3: 780, 4: 780, 5: 780, 6: 780, 7: 780, 8: 780, 9: 780}","{0: 582, 1: 567, 2: 594, 3: 625, 4: 576, 5: 595, 6: 600, 7: 593, 8: 614, 9: 605}","{0: 0, 1: 0, 2: 0, 3: 0, 4: 0, 5: 324, 6: 600, 7: 593, 8: 614, 9: 203}",76.2948717948718,29.923076923076923
rule_mencius,60c1s5r10p,YCSB_A,rw_zipf_1,concurrent_14,100,8400,162.22199999999998,213.8153,263.34264,170.5080786904762,840.0,"{0: 72.727, 1: 71.0, 2: 68.687, 3: 67.347, 4: 67.677}","{0: 499.25, 1: 497.375, 2: 499.062, 3: 494.438, 4: 497.062}","{0: 840, 1: 840, 2: 840, 3: 840, 4: 840, 5: 840, 6: 840, 7: 840, 8: 840, 9: 840}","{0: 646, 1: 640, 2: 618, 3: 659, 4: 630, 5: 642, 6: 619, 7: 648, 8: 627, 9: 645}","{0: 0, 1: 0, 2: 0, 3: 160, 4: 75, 5: 395, 6: 619, 7: 648, 8: 627, 9: 351}",75.88095238095238,34.226190476190474
rule_mencius,60c1s5r10p,YCSB_A,rw_zipf_1,concurrent_15,100,9000,172.7045,216.72910000000002,280.1366100000001,178.70933311111114,900.0,"{0: 83.168, 1: 84.536, 2: 81.0, 3: 77.778, 4: 79.798}","{0: 501.625, 1: 501.812, 2: 504.312, 3: 499.125, 4: 501.062}","{0: 900, 1: 900, 2: 900, 3: 900, 4: 900, 5: 900, 6: 900, 7: 900, 8: 900, 9: 900}","{0: 682, 1: 685, 2: 688, 3: 699, 4: 686, 5: 687, 6: 696, 7: 682, 8: 710, 9: 688}","{0: 0, 1: 0, 2: 0, 3: 232, 4: 214, 5: 561, 6: 696, 7: 682, 8: 710, 9: 611}",76.7,41.17777777777778
rule_mencius,60c1s5r10p,YCSB_A,rw_zipf_1,concurrent_16,100,2973,194.148,2808.578,18293.928,1527.1475563403967,297.3,{0: 100.0},{0: 597.062},{0: 29},{0: 11},{0: 11},37.93103448275862,37.93103448275862
rule_mencius,60c1s5r10p,YCSB_A,rw_zipf_1,concurrent_17,100,644,929.517,8056.3240000000005,17904.5,2868.972649068323,64.4,"{0: 100.0, 1: 100.0, 2: 100.0, 3: 100.0, 4: 100.0}","{0: 618.188, 1: 605.5, 2: 608.312, 3: 598.062, 4: 607.625}","{0: 7, 1: 14, 2: 10, 3: 19, 4: 14, 5: 310, 6: 48, 7: 56, 8: 243, 9: 223}","{0: 0, 1: 0, 2: 0, 3: 0, 4: 0, 5: 181, 6: 14, 7: 11, 8: 149, 9: 124}","{0: 0, 1: 0, 2: 0, 3: 0, 4: 0, 5: 181, 6: 14, 7: 11, 8: 149, 9: 124}",50.74152542372882,50.74152542372882
rule_mencius,60c1s5r10p,YCSB_A,rw_zipf_1,concurrent_18,100,643,795.148,4584.798,9876.53940000003,1796.463628304821,64.3,"{0: 100.0, 1: 100.0, 2: 100.0, 3: 100.0, 4: 100.0}","{0: 608.75, 1: 611.812, 2: 643.25, 3: 614.438, 4: 604.188}","{0: 6, 1: 10, 2: 6, 3: 11, 4: 18, 5: 225, 6: 32, 7: 22, 8: 312, 9: 245}","{0: 0, 1: 0, 2: 0, 3: 0, 4: 0, 5: 130, 6: 10, 7: 0, 8: 186, 9: 156}","{0: 0, 1: 0, 2: 0, 3: 0, 4: 0, 5: 116, 6: 10, 7: 0, 8: 186, 9: 156}",54.340473506200674,52.76211950394588
rule_mencius,60c1s5r10p,YCSB_A,rw_zipf_1,concurrent_19,100,294,1400.835,12334.7,23276.2,3741.296585034013,29.4,"{0: 100.0, 1: 100.0, 2: 100.0, 3: 100.0, 4: 100.0}","{0: 622.625, 1: 627.688, 2: 635.438, 3: 616.5, 4: 619.0}","{0: 3, 1: 2, 2: 0, 3: 3, 4: 3, 5: 144, 6: 22, 7: 22, 8: 178, 9: 143}","{0: 0, 1: 0, 2: 0, 3: 0, 4: 0, 5: 69, 6: 0, 7: 0, 8: 92, 9: 71}","{0: 0, 1: 0, 2: 0, 3: 0, 4: 0, 5: 69, 6: 0, 7: 0, 8: 92, 9: 71}",44.61538461538461,44.61538461538461
rule_mencius,60c1s5r10p,YCSB_A,rw_zipf_1,concurrent_20,100,201,3841.63,13851.4,19189.9,4965.569338308457,20.1,"{0: 100.0, 1: 100.0, 2: 100.0, 3: 100.0, 4: 100.0}","{0: 629.062, 1: 644.75, 2: 657.25, 3: 634.688, 4: 635.125}","{0: 11, 1: 2, 2: 2, 3: 8, 4: 0, 5: 115, 6: 38, 7: 17, 8: 138, 9: 119}","{0: 0, 1: 0, 2: 0, 3: 0, 4: 0, 5: 48, 6: 3, 7: 0, 8: 65, 9: 64}","{0: 0, 1: 0, 2: 0, 3: 0, 4: 0, 5: 48, 6: 3, 7: 0, 8: 65, 9: 64}",40.0,40.0
rule_mencius,60c1s5r10p,YCSB_A,rw_zipf_1,concurrent_25,100,0,0,0,0,0,0.0,"{0: 100.0, 1: 100.0, 2: 100.0, 3: 100.0, 4: 100.0}","{0: 662.375, 1: 659.375, 2: 659.438, 3: 653.688, 4: 647.25}","{0: 0, 1: 0, 2: 0, 3: 0, 4: 0, 5: 21, 6: 6, 7: 8, 8: 26, 9: 14}","{0: 0, 1: 0, 2: 0, 3: 0, 4: 0, 5: 0, 6: 0, 7: 0, 8: 0, 9: 0}","{0: 0, 1: 0, 2: 0, 3: 0, 4: 0, 5: 0, 6: 0, 7: 0, 8: 0, 9: 0}",0.0,0.0
rule_mencius,60c1s5r10p,YCSB_A,rw_zipf_1,concurrent_30,100,0,0,0,0,0,0.0,"{0: 100.0, 1: 100.0, 2: 100.0, 3: 100.0, 4: 100.0}","{0: 743.562, 1: 677.312, 2: 698.625, 3: 677.312, 4: 728.438}","{0: 0, 1: 0, 2: 0, 3: 16, 4: 0, 5: 26, 6: 3, 7: 0, 8: 21, 9: 27}","{0: 0, 1: 0, 2: 0, 3: 0, 4: 0, 5: 0, 6: 0, 7: 0, 8: 0, 9: 0}","{0: 0, 1: 0, 2: 0, 3: 0, 4: 0, 5: 0, 6: 0, 7: 0, 8: 0, 9: 0}",0.0,0.0
rule_mencius,60c1s5r10p,YCSB_A,rw_zipf_1,concurrent_35,100,0,0,0,0,0,0.0,"{0: 100.0, 1: 100.0, 2: 100.0, 3: 100.0, 4: 100.0}","{0: 713.062, 1: 699.0, 2: 693.125, 3: 729.25, 4: 682.625}","{0: 0, 1: 0, 2: 0, 3: 0, 4: 0, 5: 0, 6: 0, 7: 0, 8: 9, 9: 3}","{0: 0, 1: 0, 2: 0, 3: 0, 4: 0, 5: 0, 6: 0, 7: 0, 8: 0, 9: 0}","{0: 0, 1: 0, 2: 0, 3: 0, 4: 0, 5: 0, 6: 0, 7: 0, 8: 0, 9: 0}",0.0,0.0
rule_mencius,60c1s5r10p,YCSB_A,rw_zipf_1,concurrent_40,100,0,0,0,0,0,0.0,"{0: 100.0, 1: 100.0, 2: 100.0, 3: 100.0, 4: 100.0}","{0: 715.25, 1: 720.199, 2: 743.062, 3: 710.25, 4: 720.125}","{0: 0, 1: 0, 2: 0, 3: 0, 4: 0, 5: 8, 6: 4, 7: 25, 8: 5, 9: 5}","{0: 0, 1: 0, 2: 0, 3: 0, 4: 0, 5: 0, 6: 0, 7: 0, 8: 0, 9: 0}","{0: 0, 1: 0, 2: 0, 3: 0, 4: 0, 5: 0, 6: 0, 7: 0, 8: 0, 9: 0}",0.0,0.0
rule_mencius,60c1s5r10p,YCSB_A,rw_zipf_1,concurrent_45,100,0,0,0,0,0,0.0,"{0: 100.0, 1: 100.0, 2: 100.0, 3: 100.0, 4: 100.0}","{0: 754.766, 1: 742.875, 2: 731.125, 3: 721.375, 4: 754.312}","{0: 0, 1: 0, 2: 0, 3: 0, 4: 0, 5: 37, 6: 3, 7: 0, 8: 18, 9: 17}","{0: 0, 1: 0, 2: 0, 3: 0, 4: 0, 5: 0, 6: 0, 7: 0, 8: 0, 9: 0}","{0: 0, 1: 0, 2: 0, 3: 0, 4: 0, 5: 0, 6: 0, 7: 0, 8: 0, 9: 0}",0.0,0.0
rule_mencius,60c1s5r10p,YCSB_A,rw_zipf_0.5,concurrent_16,0,9600,160.07350000000002,305.64840000000004,361.04823,205.45409927083335,960.0,"{0: 28.571, 1: 28.283, 2: 25.773, 3: 26.0, 4: 27.273}","{0: 500.0, 1: 498.312, 2: 502.5, 3: 494.938, 4: 495.75}","{0: 0, 1: 0, 2: 0, 3: 0, 4: 0, 5: 0, 6: 0, 7: 0, 8: 0, 9: 0}","{0: 0, 1: 0, 2: 0, 3: 0, 4: 0, 5: 0, 6: 0, 7: 0, 8: 0, 9: 0}","{0: 0, 1: 0, 2: 0, 3: 0, 4: 0, 5: 0, 6: 0, 7: 0, 8: 0, 9: 0}",0,0
rule_mencius,60c1s5r10p,YCSB_A,rw_zipf_0.5,concurrent_16,101,9600,153.6435,210.0477,216.94907,160.44878593750002,960.0,"{0: 51.515, 1: 53.061, 2: 48.485, 3: 52.041, 4: 54.082}","{0: 506.438, 1: 504.75, 2: 508.875, 3: 503.375, 4: 503.125}","{0: 52, 1: 47, 2: 48, 3: 55, 4: 49, 5: 954, 6: 960, 7: 960, 8: 960, 9: 890}","{0: 52, 1: 47, 2: 48, 3: 55, 4: 49, 5: 953, 6: 960, 7: 960, 8: 959, 9: 890}","{0: 0, 1: 0, 2: 0, 3: 3, 4: 0, 5: 782, 6: 960, 7: 960, 8: 959, 9: 301}",99.95979899497488,79.69849246231156
rule_mencius,60c1s5r10p,YCSB_A,rw_zipf_0.5,concurrent_16,100,1423,500.074,3546.088,20932.6,1517.7789156711176,142.3,"{0: 100.0, 1: 100.0, 2: 100.0, 3: 100.0, 4: 100.0}","{0: 617.75, 1: 614.812, 2: 614.438, 3: 588.75, 4: 590.25}","{0: 0, 1: 1, 2: 0, 3: 1, 4: 0, 5: 416, 6: 81, 7: 80, 8: 400, 9: 449}","{0: 0, 1: 0, 2: 0, 3: 0, 4: 0, 5: 416, 6: 80, 7: 80, 8: 400, 9: 447}","{0: 0, 1: 0, 2: 0, 3: 0, 4: 0, 5: 400, 6: 80, 7: 80, 8: 368, 9: 383}",99.64985994397759,91.80672268907563
rule_mencius,60c1s5r10p,YCSB_A,rw_zipf_0.55,concurrent_16,0,9600,157.38850000000002,306.9816,360.15400999999997,203.67076458333338,960.0,"{0: 21.212, 1: 18.182, 2: 18.367, 3: 18.557, 4: 18.0}","{0: 500.312, 1: 498.188, 2: 501.125, 3: 496.688, 4: 497.562}","{0: 0, 1: 0, 2: 0, 3: 0, 4: 0, 5: 0, 6: 0, 7: 0, 8: 0, 9: 0}","{0: 0, 1: 0, 2: 0, 3: 0, 4: 0, 5: 0, 6: 0, 7: 0, 8: 0, 9: 0}","{0: 0, 1: 0, 2: 0, 3: 0, 4: 0, 5: 0, 6: 0, 7: 0, 8: 0, 9: 0}",0,0
rule_mencius,60c1s5r10p,YCSB_A,rw_zipf_0.55,concurrent_16,101,9600,154.0975,210.57649999999998,216.5311,161.4953675,960.0,"{0: 63.636, 1: 65.0, 2: 50.505, 3: 57.576, 4: 58.586}","{0: 505.5, 1: 503.312, 2: 507.625, 3: 501.875, 4: 502.75}","{0: 50, 1: 59, 2: 47, 3: 44, 4: 43, 5: 941, 6: 960, 7: 960, 8: 960, 9: 921}","{0: 50, 1: 58, 2: 47, 3: 44, 4: 43, 5: 938, 6: 958, 7: 960, 8: 959, 9: 920}","{0: 0, 1: 0, 2: 0, 3: 0, 4: 0, 5: 722, 6: 958, 7: 960, 8: 959, 9: 318}",99.839518555667,78.57572718154464
rule_mencius,60c1s5r10p,YCSB_A,rw_zipf_0.55,concurrent_16,100,3865,259.867,6781.198,25443.236,2297.2478271668824,386.5,"{0: 100.0, 1: 100.0, 2: 100.0, 3: 100.0, 4: 100.0}","{0: 565.0, 1: 562.188, 2: 574.438, 3: 554.75, 4: 559.312}","{0: 80, 1: 128, 2: 112, 3: 224, 4: 192, 5: 815, 6: 480, 7: 336, 8: 736, 9: 768}","{0: 76, 1: 126, 2: 111, 3: 224, 4: 192, 5: 814, 6: 480, 7: 336, 8: 735, 9: 765}","{0: 76, 1: 126, 2: 111, 3: 224, 4: 192, 5: 750, 6: 480, 7: 336, 8: 719, 9: 653}",99.69000258331181,94.7300439163007
rule_mencius,60c1s5r10p,YCSB_A,rw_zipf_0.6,concurrent_16,0,9600,160.6345,306.92040000000003,362.62613999999996,204.7845384375,960.0,"{0: 21.649, 1: 21.212, 2: 19.0, 3: 21.429, 4: 20.202}","{0: 500.625, 1: 498.5, 2: 501.062, 3: 497.125, 4: 497.125}","{0: 0, 1: 0, 2: 0, 3: 0, 4: 0, 5: 0, 6: 0, 7: 0, 8: 0, 9: 0}","{0: 0, 1: 0, 2: 0, 3: 0, 4: 0, 5: 0, 6: 0, 7: 0, 8: 0, 9: 0}","{0: 0, 1: 0, 2: 0, 3: 0, 4: 0, 5: 0, 6: 0, 7: 0, 8: 0, 9: 0}",0,0
rule_mencius,60c1s5r10p,YCSB_A,rw_zipf_0.6,concurrent_16,101,9600,159.517,211.5773,225.4111,166.4232646875,960.0,"{0: 71.717, 1: 71.429, 2: 50.505, 3: 57.576, 4: 60.0}","{0: 504.312, 1: 504.438, 2: 508.875, 3: 503.25, 4: 502.375}","{0: 49, 1: 59, 2: 44, 3: 177, 4: 181, 5: 935, 6: 960, 7: 960, 8: 960, 9: 903}","{0: 49, 1: 59, 2: 44, 3: 177, 4: 181, 5: 934, 6: 959, 7: 960, 8: 958, 9: 901}","{0: 0, 1: 0, 2: 0, 3: 63, 4: 0, 5: 815, 6: 959, 7: 960, 8: 958, 9: 569}",99.88523335883703,82.70849273144606
rule_mencius,60c1s5r10p,YCSB_A,rw_zipf_0.6,concurrent_16,100,1338,798.1005,5431.152999999999,23323.063,2845.298825859492,133.8,"{0: 100.0, 1: 100.0, 2: 100.0, 3: 100.0, 4: 100.0}","{0: 581.062, 1: 600.938, 2: 601.5, 3: 584.688, 4: 598.938}","{0: 0, 1: 2, 2: 2, 3: 1, 4: 0, 5: 368, 6: 83, 7: 130, 8: 400, 9: 369}","{0: 0, 1: 0, 2: 0, 3: 0, 4: 0, 5: 365, 6: 80, 7: 124, 8: 399, 9: 366}","{0: 0, 1: 0, 2: 0, 3: 0, 4: 0, 5: 301, 6: 80, 7: 124, 8: 383, 9: 303}",98.45018450184502,87.89667896678966
rule_mencius,60c1s5r10p,YCSB_A,rw_zipf_0.65,concurrent_16,0,9600,158.36700000000002,305.3511,360.31202,204.36896604166668,960.0,"{0: 25.253, 1: 24.242, 2: 20.619, 3: 21.429, 4: 21.429}","{0: 500.875, 1: 498.875, 2: 502.938, 3: 495.312, 4: 497.875}","{0: 0, 1: 0, 2: 0, 3: 0, 4: 0, 5: 0, 6: 0, 7: 0, 8: 0, 9: 0}","{0: 0, 1: 0, 2: 0, 3: 0, 4: 0, 5: 0, 6: 0, 7: 0, 8: 0, 9: 0}","{0: 0, 1: 0, 2: 0, 3: 0, 4: 0, 5: 0, 6: 0, 7: 0, 8: 0, 9: 0}",0,0
rule_mencius,60c1s5r10p,YCSB_A,rw_zipf_0.65,concurrent_16,101,9600,152.7155,209.9789,222.74416,161.2658875,960.0,"{0: 58.333, 1: 58.586, 2: 55.556, 3: 58.0, 4: 58.763}","{0: 505.125, 1: 505.375, 2: 506.812, 3: 502.438, 4: 501.875}","{0: 64, 1: 45, 2: 45, 3: 50, 4: 39, 5: 954, 6: 960, 7: 960, 8: 960, 9: 942}","{0: 64, 1: 45, 2: 45, 3: 49, 4: 37, 5: 949, 6: 958, 7: 956, 8: 958, 9: 941}","{0: 0, 1: 0, 2: 0, 3: 0, 4: 0, 5: 719, 6: 958, 7: 956, 8: 958, 9: 585}",99.66128710898586,83.2038254632397
rule_mencius,60c1s5r10p,YCSB_A,rw_zipf_0.65,concurrent_16,100,985,873.995,11980.6,18514.115999999998,3092.5344436548226,98.5,"{0: 100.0, 1: 100.0, 2: 100.0, 3: 100.0, 4: 100.0}","{0: 603.562, 1: 601.25, 2: 595.625, 3: 581.121, 4: 605.812}","{0: 0, 1: 1, 2: 0, 3: 0, 4: 0, 5: 303, 6: 35, 7: 20, 8: 338, 9: 305}","{0: 0, 1: 0, 2: 0, 3: 0, 4: 0, 5: 300, 6: 32, 7: 16, 8: 331, 9: 301}","{0: 0, 1: 0, 2: 0, 3: 0, 4: 0, 5: 300, 6: 32, 7: 16, 8: 331, 9: 301}",97.80439121756487,97.80439121756487
rule_mencius,60c1s5r10p,YCSB_A,rw_zipf_0.7,concurrent_16,0,9600,159.5815,306.914,358.14741,205.09835593750003,960.0,"{0: 26.531, 1: 23.232, 2: 23.469, 3: 24.49, 4: 23.469}","{0: 500.562, 1: 498.875, 2: 501.25, 3: 497.188, 4: 495.5}","{0: 0, 1: 0, 2: 0, 3: 0, 4: 0, 5: 0, 6: 0, 7: 0, 8: 0, 9: 0}","{0: 0, 1: 0, 2: 0, 3: 0, 4: 0, 5: 0, 6: 0, 7: 0, 8: 0, 9: 0}","{0: 0, 1: 0, 2: 0, 3: 0, 4: 0, 5: 0, 6: 0, 7: 0, 8: 0, 9: 0}",0,0
rule_mencius,60c1s5r10p,YCSB_A,rw_zipf_0.7,concurrent_16,101,9600,159.29649999999998,210.4996,221.47487000000007,164.3346859375,960.0,"{0: 64.286, 1: 63.0, 2: 62.626, 3: 63.636, 4: 64.286}","{0: 506.438, 1: 504.188, 2: 507.5, 3: 501.375, 4: 503.812}","{0: 47, 1: 46, 2: 50, 3: 50, 4: 45, 5: 946, 6: 960, 7: 960, 8: 960, 9: 941}","{0: 47, 1: 45, 2: 49, 3: 50, 4: 45, 5: 935, 6: 955, 7: 953, 8: 957, 9: 932}","{0: 0, 1: 0, 2: 0, 3: 0, 4: 0, 5: 871, 6: 955, 7: 953, 8: 957, 9: 570}",99.26073926073926,86.03396603396604
rule_mencius,60c1s5r10p,YCSB_A,rw_zipf_0.7,concurrent_16,100,2357,316.927,11133.1,27135.7,2792.537108188375,235.7,"{0: 100.0, 1: 100.0, 2: 100.0, 3: 100.0, 4: 100.0}","{0: 579.875, 1: 579.562, 2: 586.562, 3: 572.312, 4: 580.75}","{0: 23, 1: 32, 2: 16, 3: 35, 4: 28, 5: 564, 6: 290, 7: 239, 8: 615, 9: 580}","{0: 16, 1: 30, 2: 14, 3: 29, 4: 17, 5: 554, 6: 277, 7: 232, 8: 595, 9: 572}","{0: 16, 1: 30, 2: 14, 3: 29, 4: 17, 5: 539, 6: 277, 7: 232, 8: 579, 9: 524}",96.44921552436003,93.18744838976053
rule_mencius,60c1s5r10p,YCSB_A,rw_zipf_0.75,concurrent_16,0,9600,157.80149999999998,304.5361,359.62606,204.3938444791667,960.0,"{0: 31.633, 1: 30.303, 2: 28.283, 3: 30.612, 4: 29.592}","{0: 500.0, 1: 498.188, 2: 503.625, 3: 496.438, 4: 496.5}","{0: 0, 1: 0, 2: 0, 3: 0, 4: 0, 5: 0, 6: 0, 7: 0, 8: 0, 9: 0}","{0: 0, 1: 0, 2: 0, 3: 0, 4: 0, 5: 0, 6: 0, 7: 0, 8: 0, 9: 0}","{0: 0, 1: 0, 2: 0, 3: 0, 4: 0, 5: 0, 6: 0, 7: 0, 8: 0, 9: 0}",0,0
rule_mencius,60c1s5r10p,YCSB_A,rw_zipf_0.75,concurrent_16,101,9600,153.095,212.6112,219.07711,160.43572749999998,960.0,"{0: 55.102, 1: 55.102, 2: 47.959, 3: 52.0, 4: 54.545}","{0: 505.938, 1: 504.125, 2: 507.438, 3: 502.25, 4: 502.562}","{0: 37, 1: 39, 2: 52, 3: 95, 4: 44, 5: 948, 6: 960, 7: 960, 8: 960, 9: 951}","{0: 36, 1: 38, 2: 50, 3: 94, 4: 43, 5: 931, 6: 935, 7: 938, 8: 946, 9: 934}","{0: 0, 1: 0, 2: 0, 3: 30, 4: 0, 5: 835, 6: 935, 7: 938, 8: 946, 9: 638}",97.99841458581054,85.65200158541418
rule_mencius,60c1s5r10p,YCSB_A,rw_zipf_0.75,concurrent_16,100,1495,388.142,5319.328,11854.606,1618.5074301003344,149.5,"{0: 100.0, 1: 100.0, 2: 100.0, 3: 100.0, 4: 100.0}","{0: 603.625, 1: 593.875, 2: 609.312, 3: 619.812, 4: 590.188}","{0: 4, 1: 0, 2: 0, 3: 5, 4: 24, 5: 466, 6: 92, 7: 93, 8: 431, 9: 453}","{0: 0, 1: 0, 2: 0, 3: 0, 4: 12, 5: 452, 6: 80, 7: 80, 8: 408, 9: 436}","{0: 0, 1: 0, 2: 0, 3: 0, 4: 12, 5: 404, 6: 80, 7: 80, 8: 408, 9: 389}",93.62244897959184,87.56377551020408
rule_mencius,60c1s5r10p,YCSB_A,rw_zipf_0.8,concurrent_16,0,9600,156.33249999999998,303.984,361.04100999999997,203.58781854166665,960.0,"{0: 23.469, 1: 21.429, 2: 21.429, 3: 22.222, 4: 20.202}","{0: 499.688, 1: 498.438, 2: 501.188, 3: 496.75, 4: 496.312}","{0: 0, 1: 0, 2: 0, 3: 0, 4: 0, 5: 0, 6: 0, 7: 0, 8: 0, 9: 0}","{0: 0, 1: 0, 2: 0, 3: 0, 4: 0, 5: 0, 6: 0, 7: 0, 8: 0, 9: 0}","{0: 0, 1: 0, 2: 0, 3: 0, 4: 0, 5: 0, 6: 0, 7: 0, 8: 0, 9: 0}",0,0
rule_mencius,60c1s5r10p,YCSB_A,rw_zipf_0.8,concurrent_16,101,9600,158.4985,212.673,238.13612,163.49509312499998,960.0,"{0: 62.626, 1: 63.265, 2: 60.0, 3: 62.245, 4: 63.0}","{0: 506.438, 1: 504.0, 2: 507.312, 3: 502.438, 4: 502.875}","{0: 57, 1: 57, 2: 50, 3: 54, 4: 36, 5: 915, 6: 960, 7: 960, 8: 960, 9: 914}","{0: 55, 1: 54, 2: 49, 3: 53, 4: 36, 5: 884, 6: 927, 7: 922, 8: 920, 9: 889}","{0: 0, 1: 0, 2: 0, 3: 0, 4: 0, 5: 337, 6: 927, 7: 922, 8: 920, 9: 427}",96.49405601450735,71.18678218819262
rule_mencius,60c1s5r10p,YCSB_A,rw_zipf_0.8,concurrent_16,100,2569,349.95,7888.634,23979.4,2597.544833787466,256.9,"{0: 100.0, 1: 100.0, 2: 100.0, 3: 100.0, 4: 100.0}","{0: 585.938, 1: 575.0, 2: 588.125, 3: 572.75, 4: 581.812}","{0: 45, 1: 63, 2: 51, 3: 114, 4: 92, 5: 618, 6: 244, 7: 244, 8: 650, 9: 612}","{0: 32, 1: 36, 2: 43, 3: 98, 4: 71, 5: 576, 6: 218, 7: 218, 8: 621, 9: 556}","{0: 32, 1: 36, 2: 43, 3: 98, 4: 71, 5: 482, 6: 218, 7: 218, 8: 621, 9: 496}",90.34028540065862,84.70545188437615
rule_mencius,60c1s5r10p,YCSB_A,rw_zipf_0.85,concurrent_16,0,9600,158.516,304.5641,361.22827,203.62997885416667,960.0,"{0: 23.469, 1: 23.0, 2: 20.619, 3: 20.408, 4: 20.619}","{0: 499.125, 1: 497.5, 2: 500.5, 3: 496.25, 4: 495.75}","{0: 0, 1: 0, 2: 0, 3: 0, 4: 0, 5: 0, 6: 0, 7: 0, 8: 0, 9: 0}","{0: 0, 1: 0, 2: 0, 3: 0, 4: 0, 5: 0, 6: 0, 7: 0, 8: 0, 9: 0}","{0: 0, 1: 0, 2: 0, 3: 0, 4: 0, 5: 0, 6: 0, 7: 0, 8: 0, 9: 0}",0,0
rule_mencius,60c1s5r10p,YCSB_A,rw_zipf_0.85,concurrent_16,101,9600,158.449,213.8,250.25504,163.31330479166667,960.0,"{0: 58.586, 1: 57.576, 2: 63.636, 3: 65.0, 4: 65.306}","{0: 505.375, 1: 503.688, 2: 506.562, 3: 501.25, 4: 502.312}","{0: 50, 1: 51, 2: 49, 3: 37, 4: 47, 5: 910, 6: 960, 7: 960, 8: 958, 9: 955}","{0: 46, 1: 48, 2: 47, 3: 35, 4: 43, 5: 845, 6: 892, 7: 897, 8: 907, 9: 897}","{0: 0, 1: 0, 2: 0, 3: 1, 4: 0, 5: 341, 6: 892, 7: 897, 8: 907, 9: 832}",93.57042395017079,77.75768535262206
rule_mencius,60c1s5r10p,YCSB_A,rw_zipf_0.85,concurrent_16,100,2855,259.849,7462.102,21299.946,1888.8403401050791,285.5,"{0: 100.0, 1: 100.0, 2: 100.0, 3: 100.0, 4: 100.0}","{0: 573.25, 1: 573.625, 2: 588.75, 3: 564.125, 4: 579.125}","{0: 23, 1: 49, 2: 46, 3: 50, 4: 56, 5: 664, 6: 328, 7: 439, 8: 672, 9: 743}","{0: 1, 1: 33, 2: 26, 3: 36, 4: 37, 5: 593, 6: 291, 7: 360, 8: 599, 9: 651}","{0: 1, 1: 33, 2: 26, 3: 36, 4: 37, 5: 524, 6: 291, 7: 360, 8: 569, 9: 507}",85.57003257328991,77.65472312703584
rule_mencius,60c1s5r10p,YCSB_A,rw_zipf_0.9,concurrent_16,0,9600,159.26299999999998,306.2833,366.5974,204.5535815625,960.0,"{0: 23.232, 1: 20.408, 2: 20.0, 3: 22.0, 4: 21.212}","{0: 499.188, 1: 497.5, 2: 499.938, 3: 495.0, 4: 496.062}","{0: 0, 1: 0, 2: 0, 3: 0, 4: 0, 5: 0, 6: 0, 7: 0, 8: 0, 9: 0}","{0: 0, 1: 0, 2: 0, 3: 0, 4: 0, 5: 0, 6: 0, 7: 0, 8: 0, 9: 0}","{0: 0, 1: 0, 2: 0, 3: 0, 4: 0, 5: 0, 6: 0, 7: 0, 8: 0, 9: 0}",0,0
rule_mencius,60c1s5r10p,YCSB_A,rw_zipf_0.9,concurrent_16,101,9600,155.8485,210.312,249.71951,162.00346270833333,960.0,"{0: 52.041, 1: 53.535, 2: 41.837, 3: 50.0, 4: 51.0}","{0: 503.812, 1: 503.688, 2: 505.438, 3: 500.812, 4: 501.75}","{0: 42, 1: 44, 2: 49, 3: 45, 4: 57, 5: 946, 6: 960, 7: 960, 8: 960, 9: 917}","{0: 35, 1: 39, 2: 46, 3: 38, 4: 51, 5: 835, 6: 867, 7: 851, 8: 846, 9: 821}","{0: 0, 1: 0, 2: 0, 3: 0, 4: 0, 5: 732, 6: 867, 7: 851, 8: 846, 9: 435}",88.93574297188755,74.91967871485944
rule_mencius,60c1s5r10p,YCSB_A,rw_zipf_0.9,concurrent_16,100,2944,237.7185,7352.527,17935.2,1847.4645499320652,294.4,"{0: 100.0, 1: 100.0, 2: 100.0, 3: 100.0, 4: 100.0}","{0: 583.312, 1: 582.312, 2: 588.5, 3: 571.875, 4: 578.688}","{0: 45, 1: 53, 2: 36, 3: 47, 4: 49, 5: 745, 6: 314, 7: 341, 8: 770, 9: 775}","{0: 21, 1: 24, 2: 21, 3: 18, 4: 28, 5: 625, 6: 249, 7: 287, 8: 654, 9: 669}","{0: 21, 1: 24, 2: 21, 3: 18, 4: 28, 5: 583, 6: 249, 7: 287, 8: 640, 9: 508}",81.76377952755905,74.92913385826772
rule_mencius,60c1s5r10p,YCSB_A,rw_zipf_0.95,concurrent_16,0,9600,160.567,307.8822,360.35204999999996,203.6801434375,960.0,"{0: 22.0, 1: 21.212, 2: 20.0, 3: 19.388, 4: 19.588}","{0: 497.938, 1: 496.438, 2: 498.875, 3: 492.562, 4: 495.312}","{0: 0, 1: 0, 2: 0, 3: 0, 4: 0, 5: 0, 6: 0, 7: 0, 8: 0, 9: 0}","{0: 0, 1: 0, 2: 0, 3: 0, 4: 0, 5: 0, 6: 0, 7: 0, 8: 0, 9: 0}","{0: 0, 1: 0, 2: 0, 3: 0, 4: 0, 5: 0, 6: 0, 7: 0, 8: 0, 9: 0}",0,0
rule_mencius,60c1s5r10p,YCSB_A,rw_zipf_0.95,concurrent_16,101,9600,157.107,212.7091,255.36529000000002,163.6008927083333,960.0,"{0: 62.0, 1: 61.0, 2: 55.556, 3: 56.566, 4: 58.586}","{0: 503.25, 1: 500.75, 2: 504.438, 3: 500.562, 4: 499.625}","{0: 53, 1: 46, 2: 47, 3: 50, 4: 48, 5: 914, 6: 960, 7: 960, 8: 960, 9: 919}","{0: 39, 1: 37, 2: 40, 3: 42, 4: 41, 5: 755, 6: 797, 7: 816, 8: 817, 9: 767}","{0: 0, 1: 0, 2: 0, 3: 0, 4: 0, 5: 360, 6: 797, 7: 816, 8: 817, 9: 245}",83.74016542263466,61.22654831551341
rule_mencius,60c1s5r10p,YCSB_A,rw_zipf_0.95,concurrent_16,100,1704,277.5765,5867.094,13381.0,1671.902103286385,170.4,"{0: 100.0, 1: 100.0, 2: 100.0, 3: 100.0, 4: 100.0}","{0: 597.996, 1: 597.312, 2: 612.875, 3: 594.5, 4: 581.562}","{0: 30, 1: 16, 2: 28, 3: 12, 4: 16, 5: 523, 6: 205, 7: 161, 8: 551, 9: 499}","{0: 0, 1: 0, 2: 0, 3: 0, 4: 0, 5: 394, 6: 143, 7: 98, 8: 411, 9: 379}","{0: 0, 1: 0, 2: 0, 3: 0, 4: 0, 5: 382, 6: 143, 7: 98, 8: 398, 9: 374}",69.8187163155316,68.34884860362567
rule_mencius,60c1s5r10p,YCSB_A,rw_zipf_1,concurrent_16,0,9600,157.7335,304.6803,357.64118,202.83302833333335,960.0,"{0: 24.242, 1: 23.0, 2: 22.449, 3: 22.222, 4: 23.0}","{0: 496.938, 1: 497.812, 2: 499.438, 3: 493.5, 4: 495.75}","{0: 0, 1: 0, 2: 0, 3: 0, 4: 0, 5: 0, 6: 0, 7: 0, 8: 0, 9: 0}","{0: 0, 1: 0, 2: 0, 3: 0, 4: 0, 5: 0, 6: 0, 7: 0, 8: 0, 9: 0}","{0: 0, 1: 0, 2: 0, 3: 0, 4: 0, 5: 0, 6: 0, 7: 0, 8: 0, 9: 0}",0,0
rule_mencius,60c1s5r10p,YCSB_A,rw_zipf_1,concurrent_16,101,9600,158.363,213.4881,258.86120999999997,166.91149729166668,960.0,"{0: 75.0, 1: 73.196, 2: 71.287, 3: 54.455, 4: 62.626}","{0: 503.562, 1: 501.5, 2: 504.75, 3: 498.438, 4: 500.75}","{0: 52, 1: 47, 2: 57, 3: 200, 4: 41, 5: 912, 6: 960, 7: 960, 8: 960, 9: 927}","{0: 44, 1: 35, 2: 44, 3: 158, 4: 33, 5: 706, 6: 736, 7: 716, 8: 756, 9: 693}","{0: 0, 1: 1, 2: 0, 3: 90, 4: 0, 5: 364, 6: 736, 7: 716, 8: 756, 9: 386}",76.6419077404222,59.59734167318217
rule_mencius,60c1s5r10p,YCSB_A,rw_zipf_1,concurrent_16,100,2973,194.148,2808.578,18293.928,1527.1475563403967,297.3,{0: 100.0},{0: 597.062},{0: 29},{0: 11},{0: 11},37.93103448275862,37.93103448275862
rule_mencius,60c1s5r10p,YCSB_B,rw_zipf_0.5,concurrent_16,0,9600,157.3865,304.7341,360.60701,203.70790208333338,960.0,"{0: 21.429, 1: 21.782, 2: 21.212, 3: 21.649, 4: 21.212}","{0: 499.312, 1: 497.062, 2: 500.5, 3: 493.562, 4: 495.5}","{0: 0, 1: 0, 2: 0, 3: 0, 4: 0, 5: 0, 6: 0, 7: 0, 8: 0, 9: 0}","{0: 0, 1: 0, 2: 0, 3: 0, 4: 0, 5: 0, 6: 0, 7: 0, 8: 0, 9: 0}","{0: 0, 1: 0, 2: 0, 3: 0, 4: 0, 5: 0, 6: 0, 7: 0, 8: 0, 9: 0}",0,0
rule_mencius,60c1s5r10p,YCSB_B,rw_zipf_0.5,concurrent_16,101,9600,155.216,210.07840000000002,222.29507999999998,161.05927541666668,960.0,"{0: 52.577, 1: 52.577, 2: 57.576, 3: 58.0, 4: 57.576}","{0: 505.875, 1: 503.688, 2: 506.562, 3: 500.188, 4: 503.625}","{0: 52, 1: 37, 2: 44, 3: 47, 4: 73, 5: 947, 6: 960, 7: 960, 8: 960, 9: 942}","{0: 52, 1: 37, 2: 44, 3: 47, 4: 73, 5: 947, 6: 960, 7: 960, 8: 960, 9: 942}","{0: 0, 1: 0, 2: 0, 3: 0, 4: 0, 5: 768, 6: 960, 7: 960, 8: 960, 9: 660}",100.0,85.78255675029868
rule_mencius,60c1s5r10p,YCSB_B,rw_zipf_0.5,concurrent_16,100,3104,262.1855,8659.134,29373.945999999778,2132.143140141753,310.4,"{0: 100.0, 1: 100.0, 2: 100.0, 3: 100.0, 4: 100.0}","{0: 577.875, 1: 570.562, 2: 584.75, 3: 561.938, 4: 564.125}","{0: 32, 1: 48, 2: 32, 3: 48, 4: 80, 5: 704, 6: 400, 7: 336, 8: 752, 9: 672}","{0: 32, 1: 48, 2: 32, 3: 48, 4: 80, 5: 704, 6: 400, 7: 336, 8: 752, 9: 672}","{0: 32, 1: 48, 2: 32, 3: 48, 4: 80, 5: 608, 6: 400, 7: 336, 8: 704, 9: 480}",100.0,89.17525773195877
rule_mencius,60c1s5r10p,YCSB_B,rw_zipf_0.55,concurrent_16,0,9600,157.427,303.13329999999996,364.56602999999996,203.02452833333334,960.0,"{0: 21.429, 1: 20.202, 2: 19.0, 3: 20.0, 4: 20.202}","{0: 501.125, 1: 499.438, 2: 501.812, 3: 495.188, 4: 497.75}","{0: 0, 1: 0, 2: 0, 3: 0, 4: 0, 5: 0, 6: 0, 7: 0, 8: 0, 9: 0}","{0: 0, 1: 0, 2: 0, 3: 0, 4: 0, 5: 0, 6: 0, 7: 0, 8: 0, 9: 0}","{0: 0, 1: 0, 2: 0, 3: 0, 4: 0, 5: 0, 6: 0, 7: 0, 8: 0, 9: 0}",0,0
rule_mencius,60c1s5r10p,YCSB_B,rw_zipf_0.55,concurrent_16,101,9600,155.62349999999998,210.769,226.42209,161.7057125,960.0,"{0: 61.386, 1: 62.245, 2: 45.455, 3: 56.122, 4: 58.0}","{0: 505.188, 1: 502.75, 2: 507.375, 3: 502.625, 4: 501.812}","{0: 25, 1: 52, 2: 52, 3: 42, 4: 56, 5: 948, 6: 960, 7: 960, 8: 960, 9: 873}","{0: 25, 1: 52, 2: 52, 3: 42, 4: 56, 5: 948, 6: 959, 7: 960, 8: 960, 9: 873}","{0: 0, 1: 0, 2: 0, 3: 0, 4: 0, 5: 679, 6: 959, 7: 960, 8: 960, 9: 253}",99.97970779220779,77.3336038961039
rule_mencius,60c1s5r10p,YCSB_B,rw_zipf_0.55,concurrent_16,100,5806,228.4135,1166.415,17441.0,1006.2080082673097,580.6,"{0: 100.0, 1: 100.0, 2: 100.0, 3: 100.0, 4: 100.0}","{0: 560.625, 1: 540.375, 2: 551.812, 3: 533.312, 4: 542.75}","{0: 239, 1: 321, 2: 240, 3: 416, 4: 352, 5: 944, 6: 751, 7: 640, 8: 960, 9: 944}","{0: 238, 1: 320, 2: 240, 3: 416, 4: 352, 5: 944, 6: 750, 7: 640, 8: 960, 9: 943}","{0: 222, 1: 256, 2: 208, 3: 320, 4: 352, 5: 752, 6: 750, 7: 640, 8: 928, 9: 831}",99.93111761666954,90.56311348372654
rule_mencius,60c1s5r10p,YCSB_B,rw_zipf_0.6,concurrent_16,0,9600,156.5675,304.2216,357.87602,202.22277854166668,960.0,"{0: 20.408, 1: 19.0, 2: 17.347, 3: 17.347, 4: 17.526}","{0: 500.375, 1: 498.25, 2: 501.062, 3: 496.562, 4: 497.438}","{0: 0, 1: 0, 2: 0, 3: 0, 4: 0, 5: 0, 6: 0, 7: 0, 8: 0, 9: 0}","{0: 0, 1: 0, 2: 0, 3: 0, 4: 0, 5: 0, 6: 0, 7: 0, 8: 0, 9: 0}","{0: 0, 1: 0, 2: 0, 3: 0, 4: 0, 5: 0, 6: 0, 7: 0, 8: 0, 9: 0}",0,0
rule_mencius,60c1s5r10p,YCSB_B,rw_zipf_0.6,concurrent_16,101,9600,152.796,209.425,216.95001,159.20346614583332,960.0,"{0: 43.75, 1: 42.857, 2: 28.283, 3: 32.0, 4: 32.653}","{0: 506.188, 1: 506.0, 2: 509.375, 3: 503.562, 4: 502.875}","{0: 44, 1: 44, 2: 39, 3: 79, 4: 79, 5: 950, 6: 960, 7: 960, 8: 960, 9: 932}","{0: 44, 1: 44, 2: 39, 3: 79, 4: 79, 5: 950, 6: 960, 7: 960, 8: 960, 9: 932}","{0: 0, 1: 0, 2: 0, 3: 0, 4: 0, 5: 766, 6: 960, 7: 960, 8: 960, 9: 512}",100.0,82.38557558945908
rule_mencius,60c1s5r10p,YCSB_B,rw_zipf_0.6,concurrent_16,100,9600,174.9685,218.3829,235.64212,179.13284645833335,960.0,"{0: 88.0, 1: 87.0, 2: 88.889, 3: 85.859, 4: 85.0}","{0: 509.5, 1: 509.812, 2: 512.625, 3: 505.688, 4: 506.938}","{0: 960, 1: 960, 2: 960, 3: 960, 4: 960, 5: 960, 6: 960, 7: 960, 8: 960, 9: 960}","{0: 959, 1: 960, 2: 959, 3: 960, 4: 960, 5: 960, 6: 959, 7: 957, 8: 960, 9: 959}","{0: 0, 1: 32, 2: 0, 3: 480, 4: 160, 5: 816, 6: 959, 7: 957, 8: 960, 9: 624}",99.92708333333333,51.958333333333336
rule_mencius,60c1s5r10p,YCSB_B,rw_zipf_0.65,concurrent_16,0,9600,156.39,304.322,358.50606999999997,203.0274309375,960.0,"{0: 18.182, 1: 17.822, 2: 19.388, 3: 19.802, 4: 18.367}","{0: 499.0, 1: 497.438, 2: 499.5, 3: 495.938, 4: 495.625}","{0: 0, 1: 0, 2: 0, 3: 0, 4: 0, 5: 0, 6: 0, 7: 0, 8: 0, 9: 0}","{0: 0, 1: 0, 2: 0, 3: 0, 4: 0, 5: 0, 6: 0, 7: 0, 8: 0, 9: 0}","{0: 0, 1: 0, 2: 0, 3: 0, 4: 0, 5: 0, 6: 0, 7: 0, 8: 0, 9: 0}",0,0
rule_mencius,60c1s5r10p,YCSB_B,rw_zipf_0.65,concurrent_16,101,7485,215.472,2251.918,24106.3,1359.7624102872412,748.5,"{0: 100.0, 1: 100.0, 2: 100.0, 3: 100.0, 4: 100.0}","{0: 527.5, 1: 523.875, 2: 532.0, 3: 515.0, 4: 515.5}","{0: 188, 1: 269, 2: 149, 3: 392, 4: 248, 5: 960, 6: 879, 7: 903, 8: 960, 9: 944}","{0: 188, 1: 266, 2: 148, 3: 389, 4: 246, 5: 957, 6: 876, 7: 902, 8: 960, 9: 943}","{0: 159, 1: 231, 2: 93, 3: 156, 4: 68, 5: 829, 6: 748, 7: 726, 8: 864, 9: 818}",99.71147318397827,79.63340122199592
rule_mencius,60c1s5r10p,YCSB_B,rw_zipf_0.65,concurrent_16,100,4489,247.925,6958.906,14399.212000000001,1606.2034907551795,448.9,"{0: 100.0, 1: 100.0, 2: 100.0, 3: 100.0, 4: 100.0}","{0: 575.438, 1: 559.5, 2: 565.438, 3: 565.625, 4: 565.312}","{0: 145, 1: 191, 2: 129, 3: 176, 4: 224, 5: 912, 6: 514, 7: 464, 8: 896, 9: 848}","{0: 143, 1: 191, 2: 127, 3: 175, 4: 224, 5: 909, 6: 511, 7: 464, 8: 895, 9: 847}","{0: 143, 1: 175, 2: 127, 3: 175, 4: 224, 5: 653, 6: 511, 7: 464, 8: 767, 9: 607}",99.71104689931096,85.48566348077351
rule_mencius,60c1s5r10p,YCSB_B,rw_zipf_0.7,concurrent_16,0,9600,160.72199999999998,306.88370000000003,366.5492,205.48475583333337,960.0,"{0: 25.51, 1: 22.68, 2: 21.429, 3: 21.649, 4: 21.429}","{0: 499.938, 1: 498.0, 2: 502.062, 3: 496.562, 4: 496.5}","{0: 0, 1: 0, 2: 0, 3: 0, 4: 0, 5: 0, 6: 0, 7: 0, 8: 0, 9: 0}","{0: 0, 1: 0, 2: 0, 3: 0, 4: 0, 5: 0, 6: 0, 7: 0, 8: 0, 9: 0}","{0: 0, 1: 0, 2: 0, 3: 0, 4: 0, 5: 0, 6: 0, 7: 0, 8: 0, 9: 0}",0,0
rule_mencius,60c1s5r10p,YCSB_B,rw_zipf_0.7,concurrent_16,101,9600,152.6585,211.1188,222.3231,159.21141760416666,960.0,"{0: 46.939, 1: 48.485, 2: 44.554, 3: 46.939, 4: 48.98}","{0: 506.312, 1: 504.25, 2: 507.375, 3: 503.188, 4: 503.0}","{0: 44, 1: 45, 2: 46, 3: 47, 4: 43, 5: 892, 6: 960, 7: 960, 8: 960, 9: 878}","{0: 44, 1: 45, 2: 46, 3: 47, 4: 43, 5: 892, 6: 959, 7: 959, 8: 959, 9: 877}","{0: 0, 1: 0, 2: 0, 3: 0, 4: 0, 5: 318, 6: 959, 7: 959, 8: 959, 9: 224}",99.91794871794872,70.13333333333334
rule_mencius,60c1s5r10p,YCSB_B,rw_zipf_0.7,concurrent_16,100,3039,277.704,5689.972,14800.962,1705.2802750904907,303.9,"{0: 100.0, 1: 100.0, 2: 100.0, 3: 100.0, 4: 100.0}","{0: 582.0, 1: 578.312, 2: 603.438, 3: 572.312, 4: 574.438}","{0: 48, 1: 35, 2: 16, 3: 64, 4: 17, 5: 690, 6: 385, 7: 320, 8: 751, 9: 736}","{0: 45, 1: 32, 2: 15, 3: 63, 4: 16, 5: 684, 6: 383, 7: 317, 8: 749, 9: 730}","{0: 45, 1: 32, 2: 15, 3: 63, 4: 16, 5: 652, 6: 383, 7: 317, 8: 749, 9: 573}",99.08556499020249,92.91312867406924
rule_mencius,60c1s5r10p,YCSB_B,rw_zipf_0.75,concurrent_16,0,9600,158.293,307.4742,360.16448,203.74660781250003,960.0,"{0: 18.367, 1: 18.182, 2: 17.0, 3: 18.182, 4: 17.347}","{0: 498.875, 1: 497.0, 2: 500.062, 3: 495.562, 4: 495.5}","{0: 0, 1: 0, 2: 0, 3: 0, 4: 0, 5: 0, 6: 0, 7: 0, 8: 0, 9: 0}","{0: 0, 1: 0, 2: 0, 3: 0, 4: 0, 5: 0, 6: 0, 7: 0, 8: 0, 9: 0}","{0: 0, 1: 0, 2: 0, 3: 0, 4: 0, 5: 0, 6: 0, 7: 0, 8: 0, 9: 0}",0,0
rule_mencius,60c1s5r10p,YCSB_B,rw_zipf_0.75,concurrent_16,101,9600,154.186,211.1795,218.72310000000002,160.63377447916665,960.0,"{0: 48.0, 1: 47.475, 2: 56.0, 3: 54.0, 4: 55.102}","{0: 504.812, 1: 502.312, 2: 505.5, 3: 501.5, 4: 501.5}","{0: 37, 1: 54, 2: 51, 3: 45, 4: 52, 5: 929, 6: 960, 7: 960, 8: 960, 9: 889}","{0: 37, 1: 54, 2: 51, 3: 45, 4: 52, 5: 926, 6: 957, 7: 956, 8: 957, 9: 888}","{0: 0, 1: 0, 2: 0, 3: 0, 4: 0, 5: 494, 6: 957, 7: 956, 8: 957, 9: 279}",99.71642697994734,73.78975086084667
rule_mencius,60c1s5r10p,YCSB_B,rw_zipf_0.75,concurrent_16,100,3329,306.369,12404.4,26117.5,3076.2759128867524,332.9,"{0: 100.0, 1: 100.0, 2: 100.0, 3: 100.0, 4: 100.0}","{0: 584.0, 1: 580.125, 2: 583.309, 3: 573.5, 4: 576.062}","{0: 48, 1: 32, 2: 50, 3: 96, 4: 129, 5: 721, 6: 463, 7: 418, 8: 751, 9: 657}","{0: 45, 1: 31, 2: 46, 3: 89, 4: 124, 5: 719, 6: 455, 7: 412, 8: 746, 9: 652}","{0: 45, 1: 31, 2: 46, 3: 89, 4: 124, 5: 655, 6: 455, 7: 412, 8: 730, 9: 492}",98.6329866270431,91.50074294205052
rule_mencius,60c1s5r10p,YCSB_B,rw_zipf_0.8,concurrent_16,0,9600,158.64249999999998,307.314,360.42935,202.94457677083332,960.0,"{0: 19.388, 1: 19.388, 2: 19.588, 3: 19.802, 4: 20.202}","{0: 498.688, 1: 496.562, 2: 499.062, 3: 493.438, 4: 495.0}","{0: 0, 1: 0, 2: 0, 3: 0, 4: 0, 5: 0, 6: 0, 7: 0, 8: 0, 9: 0}","{0: 0, 1: 0, 2: 0, 3: 0, 4: 0, 5: 0, 6: 0, 7: 0, 8: 0, 9: 0}","{0: 0, 1: 0, 2: 0, 3: 0, 4: 0, 5: 0, 6: 0, 7: 0, 8: 0, 9: 0}",0,0
rule_mencius,60c1s5r10p,YCSB_B,rw_zipf_0.8,concurrent_16,101,9600,152.592,210.3134,223.1911,159.74927739583333,960.0,"{0: 46.939, 1: 45.918, 2: 49.485, 3: 52.525, 4: 52.577}","{0: 504.0, 1: 501.812, 2: 504.812, 3: 500.938, 4: 501.438}","{0: 49, 1: 63, 2: 41, 3: 56, 4: 60, 5: 908, 6: 960, 7: 960, 8: 960, 9: 859}","{0: 47, 1: 63, 2: 39, 3: 56, 4: 60, 5: 904, 6: 957, 7: 955, 8: 955, 9: 853}","{0: 0, 1: 0, 2: 0, 3: 0, 4: 0, 5: 380, 6: 957, 7: 955, 8: 955, 9: 234}",99.45077298616762,70.80960130187144
rule_mencius,60c1s5r10p,YCSB_B,rw_zipf_0.8,concurrent_16,100,9600,174.8065,218.406,241.39309,177.55553208333333,960.0,"{0: 91.089, 1: 90.0, 2: 87.879, 3: 81.818, 4: 86.869}","{0: 508.25, 1: 508.062, 2: 510.875, 3: 503.625, 4: 506.438}","{0: 960, 1: 960, 2: 960, 3: 960, 4: 960, 5: 960, 6: 960, 7: 960, 8: 960, 9: 960}","{0: 948, 1: 952, 2: 954, 3: 956, 4: 952, 5: 954, 6: 953, 7: 955, 8: 953, 9: 952}","{0: 15, 1: 0, 2: 0, 3: 334, 4: 301, 5: 763, 6: 953, 7: 955, 8: 953, 9: 761}",99.26041666666667,52.447916666666664
rule_mencius,60c1s5r10p,YCSB_B,rw_zipf_0.85,concurrent_16,0,9600,158.27550000000002,306.6906,357.44405,202.73880239583335,960.0,"{0: 22.449, 1: 20.408, 2: 20.408, 3: 20.202, 4: 20.202}","{0: 499.562, 1: 497.875, 2: 500.688, 3: 494.438, 4: 496.312}","{0: 0, 1: 0, 2: 0, 3: 0, 4: 0, 5: 0, 6: 0, 7: 0, 8: 0, 9: 0}","{0: 0, 1: 0, 2: 0, 3: 0, 4: 0, 5: 0, 6: 0, 7: 0, 8: 0, 9: 0}","{0: 0, 1: 0, 2: 0, 3: 0, 4: 0, 5: 0, 6: 0, 7: 0, 8: 0, 9: 0}",0,0
rule_mencius,60c1s5r10p,YCSB_B,rw_zipf_0.85,concurrent_16,101,9600,152.168,211.5634,222.20811,160.06032489583333,960.0,"{0: 51.515, 1: 51.02, 2: 51.515, 3: 53.0, 4: 55.0}","{0: 503.5, 1: 501.25, 2: 504.375, 3: 500.312, 4: 500.812}","{0: 37, 1: 56, 2: 55, 3: 54, 4: 46, 5: 946, 6: 960, 7: 960, 8: 960, 9: 910}","{0: 37, 1: 54, 2: 52, 3: 54, 4: 45, 5: 935, 6: 945, 7: 946, 8: 949, 9: 905}","{0: 0, 1: 0, 2: 0, 3: 0, 4: 0, 5: 751, 6: 945, 7: 946, 8: 949, 9: 442}",98.75601926163723,80.91894060995185
rule_mencius,60c1s5r10p,YCSB_B,rw_zipf_0.85,concurrent_16,100,9600,174.505,232.7517000000001,264.67913,182.72840520833333,960.0,"{0: 91.919, 1: 89.899, 2: 91.919, 3: 85.859, 4: 87.879}","{0: 507.75, 1: 505.312, 2: 510.562, 3: 504.812, 4: 505.438}","{0: 960, 1: 960, 2: 960, 3: 960, 4: 960, 5: 960, 6: 960, 7: 960, 8: 960, 9: 960}","{0: 941, 1: 938, 2: 944, 3: 946, 4: 948, 5: 943, 6: 946, 7: 947, 8: 946, 9: 943}","{0: 0, 1: 0, 2: 48, 3: 189, 4: 363, 5: 785, 6: 946, 7: 947, 8: 946, 9: 848}",98.35416666666667,52.833333333333336
rule_mencius,60c1s5r10p,YCSB_B,rw_zipf_0.9,concurrent_16,0,9600,157.0245,305.52299999999997,359.05377,203.04462260416665,960.0,"{0: 18.182, 1: 18.367, 2: 18.557, 3: 17.347, 4: 18.367}","{0: 497.812, 1: 495.938, 2: 497.938, 3: 492.562, 4: 495.062}","{0: 0, 1: 0, 2: 0, 3: 0, 4: 0, 5: 0, 6: 0, 7: 0, 8: 0, 9: 0}","{0: 0, 1: 0, 2: 0, 3: 0, 4: 0, 5: 0, 6: 0, 7: 0, 8: 0, 9: 0}","{0: 0, 1: 0, 2: 0, 3: 0, 4: 0, 5: 0, 6: 0, 7: 0, 8: 0, 9: 0}",0,0
rule_mencius,60c1s5r10p,YCSB_B,rw_zipf_0.9,concurrent_16,101,9600,156.036,211.36440000000002,265.51135,161.25452656250002,960.0,"{0: 59.596, 1: 59.596, 2: 48.039, 3: 55.0, 4: 55.67}","{0: 503.938, 1: 504.5, 2: 506.5, 3: 501.688, 4: 502.25}","{0: 48, 1: 49, 2: 52, 3: 50, 4: 52, 5: 876, 6: 960, 7: 960, 8: 960, 9: 833}","{0: 47, 1: 49, 2: 50, 3: 49, 4: 50, 5: 855, 6: 926, 7: 923, 8: 942, 9: 814}","{0: 0, 1: 0, 2: 0, 3: 0, 4: 1, 5: 142, 6: 926, 7: 923, 8: 942, 9: 108}",97.2107438016529,62.85123966942149
rule_mencius,60c1s5r10p,YCSB_B,rw_zipf_0.9,concurrent_16,100,9600,179.2105,219.50130000000001,255.0492,180.32793020833336,960.0,"{0: 93.939, 1: 91.089, 2: 89.109, 3: 86.0, 4: 89.0}","{0: 506.938, 1: 505.312, 2: 508.875, 3: 503.875, 4: 504.625}","{0: 960, 1: 960, 2: 960, 3: 960, 4: 960, 5: 960, 6: 960, 7: 960, 8: 960, 9: 960}","{0: 935, 1: 920, 2: 922, 3: 932, 4: 921, 5: 939, 6: 928, 7: 927, 8: 939, 9: 933}","{0: 0, 1: 0, 2: 29, 3: 462, 4: 325, 5: 831, 6: 928, 7: 927, 8: 939, 9: 745}",96.83333333333333,54.020833333333336
rule_mencius,60c1s5r10p,YCSB_B,rw_zipf_0.95,concurrent_16,0,9600,157.329,304.2626,361.89914,202.73541145833332,960.0,"{0: 18.367, 1: 18.0, 2: 17.347, 3: 19.0, 4: 19.0}","{0: 496.938, 1: 495.375, 2: 497.375, 3: 494.0, 4: 493.75}","{0: 0, 1: 0, 2: 0, 3: 0, 4: 0, 5: 0, 6: 0, 7: 0, 8: 0, 9: 0}","{0: 0, 1: 0, 2: 0, 3: 0, 4: 0, 5: 0, 6: 0, 7: 0, 8: 0, 9: 0}","{0: 0, 1: 0, 2: 0, 3: 0, 4: 0, 5: 0, 6: 0, 7: 0, 8: 0, 9: 0}",0,0
rule_mencius,60c1s5r10p,YCSB_B,rw_zipf_0.95,concurrent_16,101,9600,156.6375,213.5887,253.18807999999999,164.798636875,960.0,"{0: 65.657, 1: 65.657, 2: 60.0, 3: 65.347, 4: 64.646}","{0: 504.438, 1: 502.125, 2: 505.25, 3: 499.0, 4: 501.312}","{0: 39, 1: 44, 2: 56, 3: 38, 4: 135, 5: 933, 6: 960, 7: 960, 8: 960, 9: 906}","{0: 35, 1: 43, 2: 53, 3: 37, 4: 129, 5: 884, 6: 909, 7: 906, 8: 909, 9: 852}","{0: 0, 1: 0, 2: 0, 3: 0, 4: 32, 5: 674, 6: 894, 7: 875, 8: 909, 9: 309}",94.5537666467899,73.40488968395945
rule_mencius,60c1s5r10p,YCSB_B,rw_zipf_0.95,concurrent_16,100,2966,264.139,5861.535,25218.4,1884.7416065407951,296.6,"{0: 100.0, 1: 100.0, 2: 100.0, 3: 100.0, 4: 100.0}","{0: 587.562, 1: 570.688, 2: 594.938, 3: 569.438, 4: 580.25}","{0: 31, 1: 48, 2: 17, 3: 72, 4: 64, 5: 660, 6: 408, 7: 388, 8: 713, 9: 721}","{0: 21, 1: 39, 2: 9, 3: 50, 4: 56, 5: 607, 6: 358, 7: 359, 8: 651, 9: 661}","{0: 21, 1: 39, 2: 9, 3: 50, 4: 56, 5: 500, 6: 358, 7: 359, 8: 606, 9: 508}",90.03843689942344,80.26905829596413
rule_mencius,60c1s5r10p,YCSB_B,rw_zipf_1,concurrent_16,0,9600,159.5615,306.7542,360.31205,203.71298197916667,960.0,"{0: 19.0, 1: 18.182, 2: 18.367, 3: 18.182, 4: 17.172}","{0: 497.188, 1: 494.688, 2: 497.75, 3: 493.812, 4: 494.062}","{0: 0, 1: 0, 2: 0, 3: 0, 4: 0, 5: 0, 6: 0, 7: 0, 8: 0, 9: 0}","{0: 0, 1: 0, 2: 0, 3: 0, 4: 0, 5: 0, 6: 0, 7: 0, 8: 0, 9: 0}","{0: 0, 1: 0, 2: 0, 3: 0, 4: 0, 5: 0, 6: 0, 7: 0, 8: 0, 9: 0}",0,0
rule_mencius,60c1s5r10p,YCSB_B,rw_zipf_1,concurrent_16,101,9600,154.564,210.6943,248.75758000000002,160.85342166666666,960.0,"{0: 55.556, 1: 56.566, 2: 51.02, 3: 54.545, 4: 55.556}","{0: 503.312, 1: 502.125, 2: 504.188, 3: 498.75, 4: 500.812}","{0: 46, 1: 50, 2: 48, 3: 50, 4: 80, 5: 940, 6: 960, 7: 960, 8: 960, 9: 921}","{0: 41, 1: 44, 2: 43, 3: 45, 4: 67, 5: 832, 6: 870, 7: 874, 8: 872, 9: 830}","{0: 0, 1: 0, 2: 0, 3: 0, 4: 1, 5: 455, 6: 870, 7: 874, 8: 872, 9: 399}",90.08973080757727,69.2123629112662
rule_mencius,60c1s5r10p,YCSB_B,rw_zipf_1,concurrent_16,100,9600,175.1455,222.96259999999998,257.9447900000003,179.49852270833333,960.0,"{0: 88.889, 1: 85.714, 2: 90.816, 3: 84.0, 4: 85.0}","{0: 505.562, 1: 503.688, 2: 507.375, 3: 502.375, 4: 502.375}","{0: 960, 1: 960, 2: 960, 3: 960, 4: 960, 5: 960, 6: 960, 7: 960, 8: 960, 9: 960}","{0: 858, 1: 853, 2: 858, 3: 847, 4: 839, 5: 872, 6: 862, 7: 866, 8: 862, 9: 861}","{0: 15, 1: 15, 2: 0, 3: 293, 4: 206, 5: 736, 6: 862, 7: 866, 8: 862, 9: 643}",89.35416666666667,46.854166666666664
rule_mongodb,60c1s5r10p,YCSB_A,rw_1000000,concurrent_1,0,600,229.07850000000002,404.6572,476.56865,241.3829832666667,60.0,"{0: 38.384, 1: 2.02, 2: 1.02, 3: 2.02, 4: 1.02}","{0: 652.797, 1: 428.0, 2: 428.125, 3: 427.688, 4: 428.0}","{0: 0, 1: 0, 2: 0, 3: 0, 4: 0, 5: 0, 6: 0, 7: 0, 8: 0, 9: 0}","{0: 0, 1: 0, 2: 0, 3: 0, 4: 0, 5: 0, 6: 0, 7: 0, 8: 0, 9: 0}","{0: 0, 1: 0, 2: 0, 3: 0, 4: 0, 5: 0, 6: 0, 7: 0, 8: 0, 9: 0}",0,0
rule_mongodb,60c1s5r10p,YCSB_A,rw_1000000,concurrent_10,0,6000,224.521,415.9083,476.18304000000006,242.77740482,600.0,"{0: 51.546, 1: 5.051, 2: 4.04, 3: 4.124, 4: 3.125}","{0: 775.562, 1: 430.938, 2: 431.062, 3: 430.812, 4: 430.875}","{0: 0, 1: 0, 2: 0, 3: 0, 4: 0, 5: 0, 6: 0, 7: 0, 8: 0, 9: 0}","{0: 0, 1: 0, 2: 0, 3: 0, 4: 0, 5: 0, 6: 0, 7: 0, 8: 0, 9: 0}","{0: 0, 1: 0, 2: 0, 3: 0, 4: 0, 5: 0, 6: 0, 7: 0, 8: 0, 9: 0}",0,0
rule_mongodb,60c1s5r10p,YCSB_A,rw_1000000,concurrent_20,0,12000,228.074,415.7176,477.55913000000004,244.43013907583338,1200.0,"{0: 58.163, 1: 7.143, 2: 5.155, 3: 8.0, 4: 5.155}","{0: 818.559, 1: 434.188, 2: 434.375, 3: 433.938, 4: 433.75}","{0: 0, 1: 0, 2: 0, 3: 0, 4: 0, 5: 0, 6: 0, 7: 0, 8: 0, 9: 0}","{0: 0, 1: 0, 2: 0, 3: 0, 4: 0, 5: 0, 6: 0, 7: 0, 8: 0, 9: 0}","{0: 0, 1: 0, 2: 0, 3: 0, 4: 0, 5: 0, 6: 0, 7: 0, 8: 0, 9: 0}",0,0
rule_mongodb,60c1s5r10p,YCSB_A,rw_1000000,concurrent_30,0,18000,232.231,421.193,492.47723999999994,250.711910935,1800.0,"{0: 63.265, 1: 9.375, 2: 8.081, 3: 9.184, 4: 7.216}","{0: 862.234, 1: 437.062, 2: 437.562, 3: 436.812, 4: 437.0}","{0: 0, 1: 0, 2: 0, 3: 0, 4: 0, 5: 0, 6: 0, 7: 0, 8: 0, 9: 0}","{0: 0, 1: 0, 2: 0, 3: 0, 4: 0, 5: 0, 6: 0, 7: 0, 8: 0, 9: 0}","{0: 0, 1: 0, 2: 0, 3: 0, 4: 0, 5: 0, 6: 0, 7: 0, 8: 0, 9: 0}",0,0
rule_mongodb,60c1s5r10p,YCSB_A,rw_1000000,concurrent_35,0,21000,232.7455,427.659,496.58704,253.03676973666668,2100.0,"{0: 66.327, 1: 10.417, 2: 7.292, 3: 11.111, 4: 8.163}","{0: 885.543, 1: 438.938, 2: 439.527, 3: 438.312, 4: 438.25}","{0: 0, 1: 0, 2: 0, 3: 0, 4: 0, 5: 0, 6: 0, 7: 0, 8: 0, 9: 0}","{0: 0, 1: 0, 2: 0, 3: 0, 4: 0, 5: 0, 6: 0, 7: 0, 8: 0, 9: 0}","{0: 0, 1: 0, 2: 0, 3: 0, 4: 0, 5: 0, 6: 0, 7: 0, 8: 0, 9: 0}",0,0
rule_mongodb,60c1s5r10p,YCSB_A,rw_1000000,concurrent_40,0,24000,234.077,432.7589000000001,521.6256599999999,256.20865730375,2400.0,"{0: 68.0, 1: 11.34, 2: 8.247, 3: 11.34, 4: 9.091}","{0: 905.844, 1: 440.312, 2: 440.938, 3: 440.0, 4: 440.062}","{0: 0, 1: 0, 2: 0, 3: 0, 4: 0, 5: 0, 6: 0, 7: 0, 8: 0, 9: 0}","{0: 0, 1: 0, 2: 0, 3: 0, 4: 0, 5: 0, 6: 0, 7: 0, 8: 0, 9: 0}","{0: 0, 1: 0, 2: 0, 3: 0, 4: 0, 5: 0, 6: 0, 7: 0, 8: 0, 9: 0}",0,0
rule_mongodb,60c1s5r10p,YCSB_A,rw_1000000,concurrent_45,0,27000,234.57299999999998,430.512,509.9365499999999,256.49523629148143,2700.0,"{0: 74.0, 1: 11.579, 2: 9.184, 3: 12.371, 4: 10.309}","{0: 929.34, 1: 441.875, 2: 442.5, 3: 441.688, 4: 441.688}","{0: 0, 1: 0, 2: 0, 3: 0, 4: 0, 5: 0, 6: 0, 7: 0, 8: 0, 9: 0}","{0: 0, 1: 0, 2: 0, 3: 0, 4: 0, 5: 0, 6: 0, 7: 0, 8: 0, 9: 0}","{0: 0, 1: 0, 2: 0, 3: 0, 4: 0, 5: 0, 6: 0, 7: 0, 8: 0, 9: 0}",0,0
rule_mongodb,60c1s5r10p,YCSB_A,rw_1000000,concurrent_50,0,30000,237.297,436.8683,504.95304,260.40528339599996,3000.0,"{0: 73.0, 1: 12.632, 2: 10.417, 3: 13.402, 4: 11.224}","{0: 947.637, 1: 443.5, 2: 443.938, 3: 442.664, 4: 443.312}","{0: 0, 1: 0, 2: 0, 3: 0, 4: 0, 5: 0, 6: 0, 7: 0, 8: 0, 9: 0}","{0: 0, 1: 0, 2: 0, 3: 0, 4: 0, 5: 0, 6: 0, 7: 0, 8: 0, 9: 0}","{0: 0, 1: 0, 2: 0, 3: 0, 4: 0, 5: 0, 6: 0, 7: 0, 8: 0, 9: 0}",0,0
rule_mongodb,60c1s5r10p,YCSB_A,rw_1000000,concurrent_60,0,36000,250.4275,471.8142,553.0192900000001,279.2410311913889,3600.0,"{0: 79.798, 1: 12.5, 2: 12.245, 3: 17.526, 4: 13.265}","{0: 974.332, 1: 446.75, 2: 446.75, 3: 445.5, 4: 446.188}","{0: 0, 1: 0, 2: 0, 3: 0, 4: 0, 5: 0, 6: 0, 7: 0, 8: 0, 9: 0}","{0: 0, 1: 0, 2: 0, 3: 0, 4: 0, 5: 0, 6: 0, 7: 0, 8: 0, 9: 0}","{0: 0, 1: 0, 2: 0, 3: 0, 4: 0, 5: 0, 6: 0, 7: 0, 8: 0, 9: 0}",0,0
rule_mongodb,60c1s5r10p,YCSB_A,rw_1000000,concurrent_1,101,600,152.427,227.4536,260.53051999999997,150.92923543333333,60.0,"{0: 40.404, 1: 2.02, 2: 2.0, 3: 2.02, 4: 1.02}","{0: 660.168, 1: 428.875, 2: 429.0, 3: 429.0, 4: 429.125}","{0: 51, 1: 52, 2: 60, 3: 60, 4: 60, 5: 60, 6: 53, 7: 60, 8: 60, 9: 60}","{0: 51, 1: 52, 2: 60, 3: 60, 4: 60, 5: 60, 6: 53, 7: 60, 8: 60, 9: 60}","{0: 23, 1: 32, 2: 60, 3: 60, 4: 60, 5: 60, 6: 28, 7: 60, 8: 60, 9: 60}",100.0,87.32638888888889
rule_mongodb,60c1s5r10p,YCSB_A,rw_1000000,concurrent_10,101,6000,154.03,228.9649,248.56912,151.33689363833332,600.0,"{0: 53.061, 1: 4.124, 2: 4.082, 3: 5.155, 4: 4.124}","{0: 779.289, 1: 435.375, 2: 436.0, 3: 435.812, 4: 435.75}","{0: 466, 1: 468, 2: 598, 3: 598, 4: 600, 5: 599, 6: 454, 7: 585, 8: 600, 9: 596}","{0: 466, 1: 468, 2: 598, 3: 598, 4: 600, 5: 599, 6: 454, 7: 585, 8: 600, 9: 596}","{0: 307, 1: 300, 2: 420, 3: 402, 4: 410, 5: 444, 6: 306, 7: 421, 8: 446, 9: 412}",100.0,69.51833213515457
rule_mongodb,60c1s5r10p,YCSB_A,rw_1000000,concurrent_20,101,12000,155.65300000000002,227.91330000000002,240.55503000000002,150.95807980333333,1200.0,"{0: 57.576, 1: 6.186, 2: 6.122, 3: 8.247, 4: 6.122}","{0: 821.086, 1: 442.188, 2: 442.75, 3: 441.375, 4: 441.75}","{0: 949, 1: 939, 2: 1081, 3: 1122, 4: 1168, 5: 1157, 6: 883, 7: 1112, 8: 1152, 9: 1124}","{0: 948, 1: 939, 2: 1081, 3: 1122, 4: 1168, 5: 1157, 6: 883, 7: 1112, 8: 1152, 9: 1124}","{0: 608, 1: 588, 2: 687, 3: 680, 4: 722, 5: 727, 6: 565, 7: 691, 8: 710, 9: 713}",99.9906428370918,62.6087770188079
rule_mongodb,60c1s5r10p,YCSB_A,rw_1000000,concurrent_30,101,18000,158.05849999999998,228.5019,244.97601,153.70161245,1800.0,"{0: 62.887, 1: 8.247, 2: 8.081, 3: 11.224, 4: 7.216}","{0: 868.383, 1: 448.688, 2: 449.5, 3: 448.188, 4: 448.812}","{0: 1440, 1: 1423, 2: 1702, 3: 1676, 4: 1682, 5: 1680, 6: 1429, 7: 1713, 8: 1683, 9: 1674}","{0: 1440, 1: 1422, 2: 1702, 3: 1676, 4: 1682, 5: 1680, 6: 1428, 7: 1713, 8: 1683, 9: 1673}","{0: 886, 1: 872, 2: 1025, 3: 1058, 4: 995, 5: 1029, 6: 894, 7: 1059, 8: 1033, 9: 1023}",99.98136877406533,61.32157495963234
rule_mongodb,60c1s5r10p,YCSB_A,rw_1000000,concurrent_35,101,21000,157.3505,230.85080000000002,252.74904999999998,155.05065535285715,2100.0,"{0: 67.677, 1: 8.421, 2: 9.091, 3: 12.371, 4: 8.247}","{0: 883.211, 1: 451.375, 2: 452.375, 3: 450.25, 4: 451.188}","{0: 1629, 1: 1655, 2: 1910, 3: 1964, 4: 1997, 5: 1904, 6: 1700, 7: 1971, 8: 1981, 9: 1914}","{0: 1629, 1: 1654, 2: 1909, 3: 1964, 4: 1997, 5: 1903, 6: 1700, 7: 1968, 8: 1981, 9: 1914}","{0: 1049, 1: 1069, 2: 1110, 3: 1158, 4: 1159, 5: 1131, 6: 1081, 7: 1202, 8: 1166, 9: 1223}",99.96778523489932,60.92885906040269
rule_mongodb,60c1s5r10p,YCSB_A,rw_1000000,concurrent_40,101,24000,160.4075,233.3711,255.97707,157.31743499541668,2400.0,"{0: 68.687, 1: 10.417, 2: 8.333, 3: 13.265, 4: 9.375}","{0: 937.297, 1: 455.188, 2: 456.188, 3: 454.246, 4: 455.0}","{0: 1965, 1: 1980, 2: 2153, 3: 2256, 4: 2152, 5: 2167, 6: 1963, 7: 2147, 8: 2260, 9: 2166}","{0: 1963, 1: 1980, 2: 2150, 3: 2255, 4: 2150, 5: 2167, 6: 1960, 7: 2147, 8: 2259, 9: 2165}","{0: 1159, 1: 1197, 2: 1246, 3: 1355, 4: 1275, 5: 1265, 6: 1190, 7: 1306, 8: 1332, 9: 1329}",99.93870526663208,59.66335046442548
rule_mongodb,60c1s5r10p,YCSB_A,rw_1000000,concurrent_45,101,27000,160.05,233.622,258.5244199999999,158.05706101666667,2700.0,"{0: 74.0, 1: 11.458, 2: 10.309, 3: 14.433, 4: 10.417}","{0: 931.148, 1: 457.5, 2: 458.375, 3: 456.25, 4: 457.062}","{0: 2156, 1: 2134, 2: 2335, 3: 2346, 4: 2312, 5: 2438, 6: 2193, 7: 2450, 8: 2425, 9: 2435}","{0: 2156, 1: 2131, 2: 2333, 3: 2345, 4: 2310, 5: 2437, 6: 2192, 7: 2448, 8: 2425, 9: 2434}","{0: 1344, 1: 1317, 2: 1504, 3: 1505, 4: 1454, 5: 1459, 6: 1371, 7: 1460, 8: 1494, 9: 1458}",99.94402342404409,61.858422321736136
rule_mongodb,60c1s5r10p,YCSB_A,rw_1000000,concurrent_50,101,30000,168.844,237.58040000000003,396.16686999999973,166.901697017,3000.0,"{0: 76.0, 1: 12.5, 2: 11.458, 3: 15.464, 4: 10.417}","{0: 954.844, 1: 460.375, 2: 461.75, 3: 459.188, 4: 460.125}","{0: 2314, 1: 2327, 2: 2547, 3: 2585, 4: 2543, 5: 2585, 6: 2265, 7: 2529, 8: 2509, 9: 2704}","{0: 2314, 1: 2326, 2: 2547, 3: 2584, 4: 2541, 5: 2582, 6: 2260, 7: 2525, 8: 2508, 9: 2703}","{0: 1474, 1: 1498, 2: 1552, 3: 1647, 4: 1560, 5: 1556, 6: 1453, 7: 1606, 8: 1658, 9: 1629}",99.92773406134575,62.76296772121407
rule_mongodb,60c1s5r10p,YCSB_A,rw_1000000,concurrent_60,101,36000,173.637,302.9196,472.93908000000005,183.80727514944442,3600.0,"{0: 85.0, 1: 14.737, 2: 13.542, 3: 18.75, 4: 14.433}","{0: 988.699, 1: 466.5, 2: 468.438, 3: 464.934, 4: 466.125}","{0: 3039, 1: 2950, 2: 3226, 3: 3135, 4: 3223, 5: 3236, 6: 3004, 7: 3115, 8: 3189, 9: 3212}","{0: 3036, 1: 2945, 2: 3220, 3: 3131, 4: 3219, 5: 3234, 6: 2997, 7: 3111, 8: 3188, 9: 3210}","{0: 1848, 1: 1756, 2: 1948, 3: 1940, 4: 1967, 5: 1946, 6: 1877, 7: 1882, 8: 1934, 9: 1872}",99.87870662964026,60.55092725589709
rule_mongodb,60c1s5r10p,YCSB_A,rw_1000000,concurrent_1,100,600,153.6635,196.98270000000076,237.71124,148.78449548333336,60.0,"{0: 37.374, 1: 1.02, 2: 1.02, 3: 2.02, 4: 2.0}","{0: 656.145, 1: 429.125, 2: 429.125, 3: 428.875, 4: 429.125}","{0: 60, 1: 60, 2: 60, 3: 60, 4: 60, 5: 60, 6: 60, 7: 60, 8: 60, 9: 60}","{0: 60, 1: 60, 2: 60, 3: 60, 4: 60, 5: 60, 6: 60, 7: 60, 8: 60, 9: 60}","{0: 30, 1: 28, 2: 60, 3: 60, 4: 60, 5: 60, 6: 27, 7: 60, 8: 59, 9: 60}",100.0,84.0
rule_mongodb,60c1s5r10p,YCSB_A,rw_1000000,concurrent_10,100,6000,153.937,228.1127,239.46720000000002,149.35249182666666,600.0,"{0: 52.041, 1: 4.082, 2: 4.082, 3: 5.155, 4: 4.082}","{0: 805.898, 1: 436.0, 2: 436.125, 3: 435.75, 4: 435.625}","{0: 600, 1: 600, 2: 600, 3: 600, 4: 600, 5: 600, 6: 600, 7: 600, 8: 600, 9: 600}","{0: 600, 1: 600, 2: 600, 3: 600, 4: 599, 5: 600, 6: 600, 7: 600, 8: 600, 9: 600}","{0: 291, 1: 265, 2: 429, 3: 430, 4: 416, 5: 456, 6: 298, 7: 459, 8: 432, 9: 443}",99.98333333333333,65.31666666666666
rule_mongodb,60c1s5r10p,YCSB_A,rw_1000000,concurrent_20,100,12000,154.6735,197.3819000000132,242.20401,152.20551037750002,1200.0,"{0: 57.143, 1: 6.25, 2: 6.186, 3: 9.278, 4: 7.071}","{0: 822.742, 1: 442.625, 2: 443.5, 3: 442.5, 4: 442.562}","{0: 1200, 1: 1200, 2: 1200, 3: 1200, 4: 1200, 5: 1200, 6: 1200, 7: 1200, 8: 1200, 9: 1200}","{0: 1200, 1: 1200, 2: 1200, 3: 1200, 4: 1200, 5: 1200, 6: 1200, 7: 1200, 8: 1200, 9: 1200}","{0: 601, 1: 597, 2: 682, 3: 674, 4: 716, 5: 696, 6: 582, 7: 689, 8: 652, 9: 677}",100.0,54.71666666666667
rule_mongodb,60c1s5r10p,YCSB_A,rw_1000000,concurrent_30,100,18000,159.065,230.1603,244.12502999999998,154.59957202055554,1800.0,"{0: 65.0, 1: 9.184, 2: 8.081, 3: 11.458, 4: 8.247}","{0: 865.098, 1: 449.688, 2: 450.625, 3: 449.625, 4: 449.5}","{0: 1800, 1: 1800, 2: 1800, 3: 1800, 4: 1800, 5: 1800, 6: 1800, 7: 1800, 8: 1800, 9: 1800}","{0: 1800, 1: 1800, 2: 1800, 3: 1800, 4: 1800, 5: 1800, 6: 1799, 7: 1797, 8: 1800, 9: 1800}","{0: 881, 1: 878, 2: 982, 3: 1030, 4: 1067, 5: 1028, 6: 921, 7: 970, 8: 1010, 9: 1059}",99.97777777777777,54.58888888888889
rule_mongodb,60c1s5r10p,YCSB_A,rw_1000000,concurrent_35,100,21000,158.144,232.80190000000002,245.32007,155.12435105238094,2100.0,"{0: 67.677, 1: 9.278, 2: 9.091, 3: 13.402, 4: 9.278}","{0: 890.363, 1: 453.0, 2: 454.375, 3: 452.75, 4: 452.625}","{0: 2100, 1: 2100, 2: 2100, 3: 2100, 4: 2100, 5: 2100, 6: 2100, 7: 2100, 8: 2100, 9: 2100}","{0: 2098, 1: 2097, 2: 2100, 3: 2099, 4: 2100, 5: 2100, 6: 2100, 7: 2100, 8: 2100, 9: 2100}","{0: 1047, 1: 1052, 2: 1235, 3: 1238, 4: 1194, 5: 1218, 6: 1067, 7: 1236, 8: 1226, 9: 1266}",99.97142857142858,56.09047619047619
rule_mongodb,60c1s5r10p,YCSB_A,rw_1000000,concurrent_40,100,24000,159.814,233.0278,260.33615,156.54009447833332,2400.0,"{0: 70.588, 1: 10.309, 2: 11.0, 3: 14.737, 4: 10.309}","{0: 907.059, 1: 455.875, 2: 457.375, 3: 454.891, 4: 455.562}","{0: 2400, 1: 2400, 2: 2400, 3: 2400, 4: 2400, 5: 2400, 6: 2400, 7: 2400, 8: 2400, 9: 2400}","{0: 2399, 1: 2398, 2: 2399, 3: 2398, 4: 2400, 5: 2400, 6: 2399, 7: 2400, 8: 2398, 9: 2400}","{0: 1208, 1: 1161, 2: 1320, 3: 1329, 4: 1346, 5: 1304, 6: 1226, 7: 1291, 8: 1310, 9: 1277}",99.9625,53.21666666666667
rule_mongodb,60c1s5r10p,YCSB_A,rw_1000000,concurrent_45,100,27000,163.54149999999998,234.3312,298.19318999999996,160.00342167185184,2700.0,"{0: 75.0, 1: 11.34, 2: 10.309, 3: 14.286, 4: 14.0}","{0: 935.945, 1: 460.016, 2: 461.375, 3: 458.688, 4: 459.188}","{0: 2700, 1: 2700, 2: 2700, 3: 2700, 4: 2700, 5: 2700, 6: 2700, 7: 2700, 8: 2700, 9: 2700}","{0: 2698, 1: 2699, 2: 2697, 3: 2698, 4: 2699, 5: 2694, 6: 2696, 7: 2698, 8: 2699, 9: 2695}","{0: 1359, 1: 1306, 2: 1598, 3: 1560, 4: 1514, 5: 1717, 6: 1381, 7: 1563, 8: 1583, 9: 1457}",99.9,55.696296296296296
rule_mongodb,60c1s5r10p,YCSB_A,rw_1000000,concurrent_50,100,30000,162.339,239.81210000000004,352.39867999999746,164.50784340766668,3000.0,"{0: 77.551, 1: 13.542, 2: 11.458, 3: 16.162, 4: 14.583}","{0: 957.969, 1: 463.188, 2: 464.812, 3: 461.75, 4: 462.875}","{0: 3000, 1: 3000, 2: 3000, 3: 3000, 4: 3000, 5: 3000, 6: 3000, 7: 3000, 8: 3000, 9: 3000}","{0: 2998, 1: 3000, 2: 3000, 3: 2997, 4: 2998, 5: 2999, 6: 2999, 7: 2999, 8: 2998, 9: 2998}","{0: 1456, 1: 1489, 2: 1821, 3: 1741, 4: 1774, 5: 1735, 6: 1494, 7: 1721, 8: 1730, 9: 1740}",99.95333333333333,55.67
rule_mongodb,60c1s5r10p,YCSB_A,rw_1000000,concurrent_60,100,36000,172.798,308.0771,479.27207,186.1415150652778,3600.0,"{0: 87.0, 1: 15.789, 2: 13.402, 3: 19.388, 4: 15.625}","{0: 979.02, 1: 469.625, 2: 470.812, 3: 467.75, 4: 468.961}","{0: 3600, 1: 3600, 2: 3600, 3: 3600, 4: 3600, 5: 3600, 6: 3600, 7: 3600, 8: 3600, 9: 3600}","{0: 3597, 1: 3592, 2: 3595, 3: 3599, 4: 3596, 5: 3598, 6: 3596, 7: 3594, 8: 3598, 9: 3598}","{0: 1799, 1: 1804, 2: 1999, 3: 2129, 4: 2042, 5: 2083, 6: 1907, 7: 2154, 8: 2139, 9: 2086}",99.89722222222223,55.95
rule_mongodb,60c1s5r10p,YCSB_A,rw_zipf_1,concurrent_1,0,600,229.39,421.61570000000006,506.99406,245.13569916666668,60.0,"{0: 36.082, 1: 1.031, 2: 1.02, 3: 2.02, 4: 2.041}","{0: 672.141, 1: 443.375, 2: 443.25, 3: 443.312, 4: 443.562}","{0: 0, 1: 0, 2: 0, 3: 0, 4: 0, 5: 0, 6: 0, 7: 0, 8: 0, 9: 0}","{0: 0, 1: 0, 2: 0, 3: 0, 4: 0, 5: 0, 6: 0, 7: 0, 8: 0, 9: 0}","{0: 0, 1: 0, 2: 0, 3: 0, 4: 0, 5: 0, 6: 0, 7: 0, 8: 0, 9: 0}",0,0
rule_mongodb,60c1s5r10p,YCSB_A,rw_zipf_1,concurrent_10,0,6000,229.633,432.7928000000001,508.62518,249.91089729666666,600.0,"{0: 51.02, 1: 4.082, 2: 3.093, 3: 4.082, 4: 5.051}","{0: 789.953, 1: 445.75, 2: 445.25, 3: 445.438, 4: 445.25}","{0: 0, 1: 0, 2: 0, 3: 0, 4: 0, 5: 0, 6: 0, 7: 0, 8: 0, 9: 0}","{0: 0, 1: 0, 2: 0, 3: 0, 4: 0, 5: 0, 6: 0, 7: 0, 8: 0, 9: 0}","{0: 0, 1: 0, 2: 0, 3: 0, 4: 0, 5: 0, 6: 0, 7: 0, 8: 0, 9: 0}",0,0
rule_mongodb,60c1s5r10p,YCSB_A,rw_zipf_1,concurrent_20,0,12000,231.293,433.8275000000002,501.45613000000003,252.6946064591667,1200.0,"{0: 56.566, 1: 6.122, 2: 6.061, 3: 7.143, 4: 6.186}","{0: 828.945, 1: 447.5, 2: 447.562, 3: 447.562, 4: 447.438}","{0: 0, 1: 0, 2: 0, 3: 0, 4: 0, 5: 0, 6: 0, 7: 0, 8: 0, 9: 0}","{0: 0, 1: 0, 2: 0, 3: 0, 4: 0, 5: 0, 6: 0, 7: 0, 8: 0, 9: 0}","{0: 0, 1: 0, 2: 0, 3: 0, 4: 0, 5: 0, 6: 0, 7: 0, 8: 0, 9: 0}",0,0
rule_mongodb,60c1s5r10p,YCSB_A,rw_zipf_1,concurrent_30,0,18000,234.2145,439.65250000000003,516.51612,255.59948920722223,1800.0,"{0: 64.0, 1: 8.333, 2: 7.216, 3: 10.204, 4: 8.247}","{0: 867.598, 1: 449.688, 2: 449.562, 3: 449.25, 4: 449.562}","{0: 0, 1: 0, 2: 0, 3: 0, 4: 0, 5: 0, 6: 0, 7: 0, 8: 0, 9: 0}","{0: 0, 1: 0, 2: 0, 3: 0, 4: 0, 5: 0, 6: 0, 7: 0, 8: 0, 9: 0}","{0: 0, 1: 0, 2: 0, 3: 0, 4: 0, 5: 0, 6: 0, 7: 0, 8: 0, 9: 0}",0,0
rule_mongodb,60c1s5r10p,YCSB_A,rw_zipf_1,concurrent_35,0,21000,234.581,447.54,523.8644899999999,259.8720116809524,2100.0,"{0: 66.0, 1: 8.247, 2: 8.333, 3: 11.224, 4: 9.278}","{0: 892.344, 1: 450.312, 2: 450.5, 3: 450.25, 4: 450.125}","{0: 0, 1: 0, 2: 0, 3: 0, 4: 0, 5: 0, 6: 0, 7: 0, 8: 0, 9: 0}","{0: 0, 1: 0, 2: 0, 3: 0, 4: 0, 5: 0, 6: 0, 7: 0, 8: 0, 9: 0}","{0: 0, 1: 0, 2: 0, 3: 0, 4: 0, 5: 0, 6: 0, 7: 0, 8: 0, 9: 0}",0,0
rule_mongodb,60c1s5r10p,YCSB_A,rw_zipf_1,concurrent_40,0,24000,242.584,445.3637,530.2723599999999,262.60186893708334,2400.0,"{0: 67.347, 1: 9.278, 2: 9.184, 3: 11.111, 4: 10.417}","{0: 912.016, 1: 451.688, 2: 452.125, 3: 451.062, 4: 451.25}","{0: 0, 1: 0, 2: 0, 3: 0, 4: 0, 5: 0, 6: 0, 7: 0, 8: 0, 9: 0}","{0: 0, 1: 0, 2: 0, 3: 0, 4: 0, 5: 0, 6: 0, 7: 0, 8: 0, 9: 0}","{0: 0, 1: 0, 2: 0, 3: 0, 4: 0, 5: 0, 6: 0, 7: 0, 8: 0, 9: 0}",0,0
rule_mongodb,60c1s5r10p,YCSB_A,rw_zipf_1,concurrent_45,0,27000,237.31900000000002,454.1473,522.48001,266.0086071281482,2700.0,"{0: 70.707, 1: 11.224, 2: 10.309, 3: 14.0, 4: 11.458}","{0: 933.559, 1: 452.559, 2: 452.688, 3: 452.312, 4: 452.312}","{0: 0, 1: 0, 2: 0, 3: 0, 4: 0, 5: 0, 6: 0, 7: 0, 8: 0, 9: 0}","{0: 0, 1: 0, 2: 0, 3: 0, 4: 0, 5: 0, 6: 0, 7: 0, 8: 0, 9: 0}","{0: 0, 1: 0, 2: 0, 3: 0, 4: 0, 5: 0, 6: 0, 7: 0, 8: 0, 9: 0}",0,0
rule_mongodb,60c1s5r10p,YCSB_A,rw_zipf_1,concurrent_50,0,30000,236.4015,451.9981,530.51603,268.90490757366666,3000.0,"{0: 73.737, 1: 12.632, 2: 9.375, 3: 14.433, 4: 11.224}","{0: 947.352, 1: 453.5, 2: 453.625, 3: 453.125, 4: 453.25}","{0: 0, 1: 0, 2: 0, 3: 0, 4: 0, 5: 0, 6: 0, 7: 0, 8: 0, 9: 0}","{0: 0, 1: 0, 2: 0, 3: 0, 4: 0, 5: 0, 6: 0, 7: 0, 8: 0, 9: 0}","{0: 0, 1: 0, 2: 0, 3: 0, 4: 0, 5: 0, 6: 0, 7: 0, 8: 0, 9: 0}",0,0
rule_mongodb,60c1s5r10p,YCSB_A,rw_zipf_1,concurrent_60,0,36000,243.55349999999999,458.0228,539.41803,270.88577445972226,3600.0,"{0: 79.798, 1: 12.632, 2: 12.371, 3: 16.495, 4: 14.433}","{0: 1017.641, 1: 455.25, 2: 455.75, 3: 455.062, 4: 455.0}","{0: 0, 1: 0, 2: 0, 3: 0, 4: 0, 5: 0, 6: 0, 7: 0, 8: 0, 9: 0}","{0: 0, 1: 0, 2: 0, 3: 0, 4: 0, 5: 0, 6: 0, 7: 0, 8: 0, 9: 0}","{0: 0, 1: 0, 2: 0, 3: 0, 4: 0, 5: 0, 6: 0, 7: 0, 8: 0, 9: 0}",0,0
rule_mongodb,60c1s5r10p,YCSB_A,rw_zipf_1,concurrent_1,101,600,153.81,227.9628,407.46686999999986,156.15968178333333,60.0,"{0: 38.776, 1: 2.02, 2: 2.0, 3: 2.02, 4: 2.02}","{0: 671.297, 1: 444.125, 2: 444.25, 3: 444.375, 4: 444.25}","{0: 52, 1: 51, 2: 60, 3: 60, 4: 60, 5: 60, 6: 55, 7: 60, 8: 60, 9: 60}","{0: 45, 1: 50, 2: 54, 3: 57, 4: 54, 5: 60, 6: 52, 7: 57, 8: 56, 9: 59}","{0: 26, 1: 20, 2: 54, 3: 57, 4: 53, 5: 60, 6: 28, 7: 57, 8: 56, 9: 59}",94.11764705882354,81.31487889273356
rule_mongodb,60c1s5r10p,YCSB_A,rw_zipf_1,concurrent_10,101,6000,156.043,282.8353000000004,460.52431,174.24457704333335,600.0,"{0: 53.0, 1: 4.082, 2: 4.04, 3: 5.155, 4: 4.082}","{0: 790.461, 1: 448.75, 2: 449.188, 3: 448.812, 4: 448.562}","{0: 426, 1: 435, 2: 600, 3: 600, 4: 600, 5: 600, 6: 419, 7: 600, 8: 600, 9: 600}","{0: 307, 1: 342, 2: 456, 3: 477, 4: 470, 5: 466, 6: 337, 7: 481, 8: 456, 9: 469}","{0: 211, 1: 234, 2: 323, 3: 341, 4: 335, 5: 338, 6: 227, 7: 375, 8: 348, 9: 343}",77.75547445255475,56.113138686131386
rule_mongodb,60c1s5r10p,YCSB_A,rw_zipf_1,concurrent_20,101,12000,157.5315,342.19390000000004,472.82237000000055,180.95449739833336,1200.0,"{0: 58.586, 1: 7.071, 2: 5.155, 3: 7.292, 4: 6.122}","{0: 829.59, 1: 452.75, 2: 453.438, 3: 452.688, 4: 452.688}","{0: 850, 1: 845, 2: 1121, 3: 1178, 4: 1200, 5: 1175, 6: 832, 7: 1096, 8: 1107, 9: 1114}","{0: 605, 1: 629, 2: 810, 3: 851, 4: 880, 5: 886, 6: 620, 7: 835, 8: 811, 9: 812}","{0: 425, 1: 469, 2: 494, 3: 510, 4: 503, 5: 566, 6: 423, 7: 505, 8: 514, 9: 496}",73.57862711542118,46.6343411294923
rule_mongodb,60c1s5r10p,YCSB_A,rw_zipf_1,concurrent_30,101,18000,164.577,362.1956,479.39723999999995,187.2618269811111,1800.0,"{0: 62.0, 1: 8.247, 2: 8.247, 3: 10.309, 4: 7.292}","{0: 874.375, 1: 456.812, 2: 457.375, 3: 456.688, 4: 457.0}","{0: 1248, 1: 1288, 2: 1736, 3: 1624, 4: 1715, 5: 1529, 6: 1253, 7: 1555, 8: 1624, 9: 1627}","{0: 845, 1: 918, 2: 1238, 3: 1148, 4: 1176, 5: 1091, 6: 862, 7: 1081, 8: 1147, 9: 1166}","{0: 565, 1: 635, 2: 744, 3: 720, 4: 725, 5: 678, 6: 626, 7: 668, 8: 710, 9: 695}",70.21514573327192,44.51608658464372
rule_mongodb,60c1s5r10p,YCSB_A,rw_zipf_1,concurrent_35,101,21000,162.91199999999998,362.15290000000044,480.30337999999995,187.74276062380952,2100.0,"{0: 67.01, 1: 9.375, 2: 9.184, 3: 11.458, 4: 8.333}","{0: 891.41, 1: 458.188, 2: 458.75, 3: 458.312, 4: 458.375}","{0: 1512, 1: 1508, 2: 1855, 3: 1962, 4: 1757, 5: 1818, 6: 1509, 7: 1765, 8: 1782, 9: 1823}","{0: 1102, 1: 1062, 2: 1303, 3: 1389, 4: 1249, 5: 1265, 6: 1077, 7: 1235, 8: 1278, 9: 1287}","{0: 787, 1: 758, 2: 844, 3: 834, 4: 796, 5: 796, 6: 765, 7: 762, 8: 830, 9: 789}",70.82875484356023,46.04129315829044
rule_mongodb,60c1s5r10p,YCSB_A,rw_zipf_1,concurrent_40,101,24000,165.1705,368.97120000000007,484.9215099999983,188.9400044175,2400.0,"{0: 70.408, 1: 9.375, 2: 9.278, 3: 13.402, 4: 9.278}","{0: 915.246, 1: 460.188, 2: 461.062, 3: 460.062, 4: 460.312}","{0: 1671, 1: 1753, 2: 1946, 3: 2036, 4: 1966, 5: 1947, 6: 1750, 7: 2171, 8: 1955, 9: 1975}","{0: 1155, 1: 1221, 2: 1341, 3: 1365, 4: 1386, 5: 1315, 6: 1221, 7: 1542, 8: 1367, 9: 1374}","{0: 783, 1: 817, 2: 865, 3: 856, 4: 900, 5: 845, 6: 871, 7: 970, 8: 825, 9: 892}",69.3114241001565,44.98695878977569
rule_mongodb,60c1s5r10p,YCSB_A,rw_zipf_1,concurrent_45,101,27000,169.1485,375.22580000000005,495.43512,193.60664841851855,2700.0,"{0: 74.0, 1: 11.579, 2: 13.131, 3: 14.583, 4: 10.417}","{0: 936.105, 1: 462.125, 2: 462.188, 3: 461.25, 4: 461.75}","{0: 1847, 1: 1873, 2: 2046, 3: 2037, 4: 2072, 5: 2244, 6: 1858, 7: 2160, 8: 2265, 9: 2098}","{0: 1291, 1: 1277, 2: 1398, 3: 1416, 4: 1372, 5: 1545, 6: 1287, 7: 1494, 8: 1555, 9: 1388}","{0: 920, 1: 901, 2: 969, 3: 989, 4: 931, 5: 1030, 6: 928, 7: 1003, 8: 1041, 9: 967}",68.40487804878049,47.21463414634146
rule_mongodb,60c1s5r10p,YCSB_A,rw_zipf_1,concurrent_50,101,30000,172.8845,379.85280000000006,517.84832,197.83986209766667,3000.0,"{0: 76.0, 1: 13.402, 2: 12.5, 3: 14.583, 4: 12.245}","{0: 953.242, 1: 463.438, 2: 464.188, 3: 463.375, 4: 463.688}","{0: 2077, 1: 2095, 2: 2348, 3: 2376, 4: 2192, 5: 2382, 6: 2134, 7: 2322, 8: 2382, 9: 2399}","{0: 1374, 1: 1375, 2: 1603, 3: 1599, 4: 1468, 5: 1586, 6: 1462, 7: 1535, 8: 1575, 9: 1606}","{0: 984, 1: 968, 2: 1083, 3: 1067, 4: 1043, 5: 1032, 6: 1050, 7: 1030, 8: 1084, 9: 1057}",66.86484344034879,45.792046505482894
rule_mongodb,60c1s5r10p,YCSB_A,rw_zipf_1,concurrent_60,101,36000,177.9565,410.7274000000001,575.5233200000001,219.5339222513889,3600.0,"{0: 84.0, 1: 14.433, 2: 14.583, 3: 19.588, 4: 13.402}","{0: 995.035, 1: 467.062, 2: 468.125, 3: 467.375, 4: 467.125}","{0: 2557, 1: 2622, 2: 2901, 3: 2942, 4: 3198, 5: 3069, 6: 2674, 7: 2928, 8: 2815, 9: 2834}","{0: 1753, 1: 1799, 2: 1987, 3: 1992, 4: 2228, 5: 2080, 6: 1821, 7: 1997, 8: 1901, 9: 1899}","{0: 1118, 1: 1183, 2: 1193, 3: 1215, 4: 1230, 5: 1201, 6: 1157, 7: 1246, 8: 1238, 9: 1253}",68.17449194113524,42.165381920112125
rule_mongodb,60c1s5r10p,YCSB_A,rw_zipf_1,concurrent_1,100,600,154.699,228.5737,446.49211999999994,162.13322283333332,60.0,"{0: 39.175, 1: 2.02, 2: 2.02, 3: 2.02, 4: 2.02}","{0: 674.715, 1: 444.625, 2: 444.562, 3: 444.125, 4: 444.25}","{0: 60, 1: 60, 2: 60, 3: 60, 4: 60, 5: 60, 6: 60, 7: 60, 8: 60, 9: 60}","{0: 56, 1: 49, 2: 48, 3: 50, 4: 57, 5: 58, 6: 54, 7: 56, 8: 53, 9: 56}","{0: 31, 1: 16, 2: 48, 3: 50, 4: 57, 5: 58, 6: 27, 7: 56, 8: 53, 9: 55}",89.5,75.16666666666667
rule_mongodb,60c1s5r10p,YCSB_A,rw_zipf_1,concurrent_10,100,6000,156.2315,256.2583000000006,465.40314,174.6298246766667,600.0,"{0: 52.525, 1: 4.082, 2: 4.082, 3: 5.102, 4: 5.102}","{0: 788.949, 1: 448.938, 2: 449.0, 3: 449.062, 4: 448.625}","{0: 600, 1: 600, 2: 600, 3: 600, 4: 600, 5: 600, 6: 600, 7: 600, 8: 600, 9: 600}","{0: 488, 1: 463, 2: 467, 3: 482, 4: 461, 5: 471, 6: 468, 7: 474, 8: 468, 9: 450}","{0: 255, 1: 213, 2: 319, 3: 349, 4: 334, 5: 346, 6: 251, 7: 340, 8: 338, 9: 326}",78.2,51.18333333333333
rule_mongodb,60c1s5r10p,YCSB_A,rw_zipf_1,concurrent_20,100,12000,157.147,335.6956000000001,463.9213,179.96603980833333,1200.0,"{0: 57.143, 1: 6.186, 2: 5.155, 3: 8.247, 4: 7.143}","{0: 831.004, 1: 453.5, 2: 454.25, 3: 453.625, 4: 453.25}","{0: 1200, 1: 1200, 2: 1200, 3: 1200, 4: 1200, 5: 1200, 6: 1200, 7: 1200, 8: 1200, 9: 1200}","{0: 909, 1: 877, 2: 899, 3: 882, 4: 915, 5: 881, 6: 892, 7: 879, 8: 905, 9: 910}","{0: 459, 1: 434, 2: 518, 3: 548, 4: 535, 5: 565, 6: 438, 7: 505, 8: 523, 9: 512}",74.575,41.975
rule_mongodb,60c1s5r10p,YCSB_A,rw_zipf_1,concurrent_30,100,18000,160.986,361.978,478.13091999999983,185.72321898055554,1800.0,"{0: 66.0, 1: 8.333, 2: 8.081, 3: 10.417, 4: 9.375}","{0: 869.227, 1: 457.438, 2: 457.938, 3: 456.75, 4: 457.188}","{0: 1800, 1: 1800, 2: 1800, 3: 1800, 4: 1800, 5: 1800, 6: 1800, 7: 1800, 8: 1800, 9: 1800}","{0: 1252, 1: 1264, 2: 1287, 3: 1265, 4: 1246, 5: 1283, 6: 1313, 7: 1309, 8: 1278, 9: 1276}","{0: 614, 1: 617, 2: 776, 3: 736, 4: 711, 5: 768, 6: 640, 7: 769, 8: 697, 9: 751}",70.96111111111111,39.327777777777776
rule_mongodb,60c1s5r10p,YCSB_A,rw_zipf_1,concurrent_35,100,21000,165.14100000000002,365.5643,483.1556399999999,189.25553405142858,2100.0,"{0: 66.667, 1: 9.375, 2: 9.184, 3: 13.265, 4: 9.091}","{0: 897.645, 1: 459.562, 2: 460.25, 3: 458.938, 4: 459.438}","{0: 2100, 1: 2100, 2: 2100, 3: 2100, 4: 2100, 5: 2100, 6: 2100, 7: 2100, 8: 2100, 9: 2100}","{0: 1476, 1: 1477, 2: 1494, 3: 1536, 4: 1458, 5: 1464, 6: 1462, 7: 1508, 8: 1505, 9: 1435}","{0: 715, 1: 732, 2: 860, 3: 902, 4: 809, 5: 826, 6: 704, 7: 829, 8: 834, 9: 752}",70.54761904761905,37.91904761904762
rule_mongodb,60c1s5r10p,YCSB_A,rw_zipf_1,concurrent_40,100,24000,171.4425,374.5928,495.3627699999999,193.03510880833332,2400.0,"{0: 68.367, 1: 11.224, 2: 10.309, 3: 14.433, 4: 10.526}","{0: 909.809, 1: 461.25, 2: 462.0, 3: 460.625, 4: 461.062}","{0: 2400, 1: 2400, 2: 2400, 3: 2400, 4: 2400, 5: 2400, 6: 2400, 7: 2400, 8: 2400, 9: 2400}","{0: 1692, 1: 1652, 2: 1671, 3: 1670, 4: 1671, 5: 1647, 6: 1659, 7: 1658, 8: 1692, 9: 1681}","{0: 831, 1: 793, 2: 892, 3: 891, 4: 912, 5: 878, 6: 823, 7: 925, 8: 891, 9: 920}",69.55416666666666,36.483333333333334
rule_mongodb,60c1s5r10p,YCSB_A,rw_zipf_1,concurrent_45,100,27000,171.597,381.7221000000001,499.66411,196.20585990333333,2700.0,"{0: 73.737, 1: 12.371, 2: 11.224, 3: 16.667, 4: 11.224}","{0: 934.719, 1: 463.125, 2: 464.25, 3: 462.875, 4: 463.438}","{0: 2700, 1: 2700, 2: 2700, 3: 2700, 4: 2700, 5: 2700, 6: 2700, 7: 2700, 8: 2700, 9: 2700}","{0: 1917, 1: 1838, 2: 1838, 3: 1832, 4: 1881, 5: 1847, 6: 1816, 7: 1835, 8: 1840, 9: 1835}","{0: 907, 1: 884, 2: 1019, 3: 1006, 4: 1053, 5: 1123, 6: 896, 7: 1024, 8: 1121, 9: 1074}",68.44074074074074,37.43333333333333
rule_mongodb,60c1s5r10p,YCSB_A,rw_zipf_1,concurrent_50,100,30000,173.768,405.0425000000001,516.5808199999999,206.78835236366663,3000.0,"{0: 78.0, 1: 15.306, 2: 12.371, 3: 16.495, 4: 12.245}","{0: 954.652, 1: 465.625, 2: 466.25, 3: 464.688, 4: 464.812}","{0: 3000, 1: 3000, 2: 3000, 3: 3000, 4: 3000, 5: 3000, 6: 3000, 7: 3000, 8: 3000, 9: 3000}","{0: 2195, 1: 2175, 2: 2205, 3: 2146, 4: 2162, 5: 2225, 6: 2172, 7: 2136, 8: 2199, 9: 2167}","{0: 954, 1: 967, 2: 1118, 3: 1207, 4: 1132, 5: 1197, 6: 988, 7: 1146, 8: 1130, 9: 1211}",72.60666666666667,36.833333333333336
rule_mongodb,60c1s5r10p,YCSB_A,rw_zipf_1,concurrent_60,100,36000,183.7515,427.56880000000007,606.01718,229.97410520416665,3600.0,"{0: 87.0, 1: 15.625, 2: 14.286, 3: 21.649, 4: 14.433}","{0: 979.977, 1: 468.875, 2: 469.625, 3: 468.0, 4: 468.625}","{0: 3600, 1: 3600, 2: 3600, 3: 3600, 4: 3600, 5: 3600, 6: 3600, 7: 3600, 8: 3600, 9: 3600}","{0: 2658, 1: 2625, 2: 2610, 3: 2508, 4: 2571, 5: 2457, 6: 2533, 7: 2574, 8: 2463, 9: 2473}","{0: 1130, 1: 1167, 2: 1362, 3: 1310, 4: 1264, 5: 1343, 6: 1193, 7: 1371, 8: 1338, 9: 1377}",70.75555555555556,35.708333333333336
rule_mongodb,60c1s5r10p,YCSB_A,rw_zipf_0.5,concurrent_50,0,30000,244.128,458.5852,542.0187799999968,270.61975070933335,3000.0,"{0: 73.0, 1: 13.402, 2: 11.111, 3: 14.433, 4: 11.111}","{0: 959.18, 1: 458.375, 2: 459.125, 3: 458.039, 4: 458.062}","{0: 0, 1: 0, 2: 0, 3: 0, 4: 0, 5: 0, 6: 0, 7: 0, 8: 0, 9: 0}","{0: 0, 1: 0, 2: 0, 3: 0, 4: 0, 5: 0, 6: 0, 7: 0, 8: 0, 9: 0}","{0: 0, 1: 0, 2: 0, 3: 0, 4: 0, 5: 0, 6: 0, 7: 0, 8: 0, 9: 0}",0,0
rule_mongodb,60c1s5r10p,YCSB_A,rw_zipf_0.5,concurrent_50,101,30000,161.489,235.71380000000002,347.8765299999999,164.80017205833335,3000.0,"{0: 76.768, 1: 13.402, 2: 13.265, 3: 15.625, 4: 11.458}","{0: 970.156, 1: 475.438, 2: 476.488, 3: 474.312, 4: 475.062}","{0: 2276, 1: 2330, 2: 2495, 3: 2474, 4: 2602, 5: 2539, 6: 2349, 7: 2542, 8: 2588, 9: 2575}","{0: 2275, 1: 2324, 2: 2491, 3: 2469, 4: 2595, 5: 2538, 6: 2344, 7: 2537, 8: 2581, 9: 2569}","{0: 1449, 1: 1500, 2: 1616, 3: 1586, 4: 1602, 5: 1630, 6: 1523, 7: 1614, 8: 1685, 9: 1594}",99.81025433992733,63.78280177634235
rule_mongodb,60c1s5r10p,YCSB_A,rw_zipf_0.5,concurrent_50,100,30000,165.1585,239.51900000000003,356.18818999999996,167.49538646133334,3000.0,"{0: 76.0, 1: 15.306, 2: 12.5, 3: 16.495, 4: 12.371}","{0: 970.922, 1: 478.0, 2: 479.438, 3: 476.938, 4: 478.188}","{0: 3000, 1: 3000, 2: 3000, 3: 3000, 4: 3000, 5: 3000, 6: 3000, 7: 3000, 8: 3000, 9: 3000}","{0: 2998, 1: 2993, 2: 2993, 3: 2991, 4: 2998, 5: 2994, 6: 2987, 7: 2992, 8: 2994, 9: 2993}","{0: 1531, 1: 1512, 2: 1628, 3: 1748, 4: 1782, 5: 1755, 6: 1521, 7: 1718, 8: 1718, 9: 1790}",99.77666666666667,55.67666666666667
rule_mongodb,60c1s5r10p,YCSB_A,rw_zipf_0.55,concurrent_50,0,30000,243.063,459.15380000000005,543.19409,270.288250764,3000.0,"{0: 72.727, 1: 13.402, 2: 11.224, 3: 14.583, 4: 10.417}","{0: 958.137, 1: 458.375, 2: 458.812, 3: 457.938, 4: 457.75}","{0: 0, 1: 0, 2: 0, 3: 0, 4: 0, 5: 0, 6: 0, 7: 0, 8: 0, 9: 0}","{0: 0, 1: 0, 2: 0, 3: 0, 4: 0, 5: 0, 6: 0, 7: 0, 8: 0, 9: 0}","{0: 0, 1: 0, 2: 0, 3: 0, 4: 0, 5: 0, 6: 0, 7: 0, 8: 0, 9: 0}",0,0
rule_mongodb,60c1s5r10p,YCSB_A,rw_zipf_0.55,concurrent_50,101,30000,168.5985,239.20030000000006,354.29211999999995,165.39851864466667,3000.0,"{0: 77.451, 1: 12.632, 2: 13.265, 3: 16.667, 4: 11.458}","{0: 970.154, 1: 474.5, 2: 476.438, 3: 474.375, 4: 474.188}","{0: 2246, 1: 2318, 2: 2503, 3: 2487, 4: 2565, 5: 2584, 6: 2380, 7: 2655, 8: 2600, 9: 2685}","{0: 2234, 1: 2312, 2: 2498, 3: 2473, 4: 2555, 5: 2563, 6: 2371, 7: 2647, 8: 2595, 9: 2673}","{0: 1460, 1: 1470, 2: 1617, 3: 1571, 4: 1625, 5: 1688, 6: 1502, 7: 1705, 8: 1581, 9: 1710}",99.59237501498622,63.65743515965312
rule_mongodb,60c1s5r10p,YCSB_A,rw_zipf_0.55,concurrent_50,100,30000,165.26749999999998,251.445,356.44106999999997,168.98327593966667,3000.0,"{0: 76.768, 1: 15.464, 2: 13.131, 3: 15.625, 4: 12.245}","{0: 967.961, 1: 477.0, 2: 478.625, 3: 476.5, 4: 476.449}","{0: 3000, 1: 3000, 2: 3000, 3: 3000, 4: 3000, 5: 3000, 6: 3000, 7: 3000, 8: 3000, 9: 3000}","{0: 2993, 1: 2983, 2: 2987, 3: 2988, 4: 2990, 5: 2990, 6: 2985, 7: 2991, 8: 2989, 9: 2978}","{0: 1460, 1: 1456, 2: 1685, 3: 1670, 4: 1809, 5: 1763, 6: 1555, 7: 1681, 8: 1764, 9: 1631}",99.58,54.913333333333334
rule_mongodb,60c1s5r10p,YCSB_A,rw_zipf_0.6,concurrent_50,0,30000,246.3435,459.2961,510.68102999999996,273.138415017,3000.0,"{0: 72.727, 1: 13.542, 2: 10.417, 3: 14.583, 4: 10.417}","{0: 961.152, 1: 457.934, 2: 458.25, 3: 457.375, 4: 457.438}","{0: 0, 1: 0, 2: 0, 3: 0, 4: 0, 5: 0, 6: 0, 7: 0, 8: 0, 9: 0}","{0: 0, 1: 0, 2: 0, 3: 0, 4: 0, 5: 0, 6: 0, 7: 0, 8: 0, 9: 0}","{0: 0, 1: 0, 2: 0, 3: 0, 4: 0, 5: 0, 6: 0, 7: 0, 8: 0, 9: 0}",0,0
rule_mongodb,60c1s5r10p,YCSB_A,rw_zipf_0.6,concurrent_50,101,30000,163.3005,237.2892,355.53409,165.6249754253333,3000.0,"{0: 77.0, 1: 13.402, 2: 13.402, 3: 15.625, 4: 11.458}","{0: 966.145, 1: 474.312, 2: 475.438, 3: 473.625, 4: 474.188}","{0: 2270, 1: 2374, 2: 2464, 3: 2594, 4: 2520, 5: 2537, 6: 2309, 7: 2642, 8: 2657, 9: 2517}","{0: 2253, 1: 2354, 2: 2446, 3: 2576, 4: 2501, 5: 2515, 6: 2291, 7: 2617, 8: 2635, 9: 2498}","{0: 1441, 1: 1553, 2: 1639, 3: 1653, 4: 1608, 5: 1685, 6: 1480, 7: 1600, 8: 1643, 9: 1620}",99.20430798906928,63.98488988908536
rule_mongodb,60c1s5r10p,YCSB_A,rw_zipf_0.6,concurrent_50,100,30000,167.1465,236.1552,368.8417299999994,169.94613251900003,3000.0,"{0: 77.228, 1: 14.583, 2: 12.245, 3: 16.495, 4: 12.371}","{0: 969.588, 1: 477.125, 2: 478.375, 3: 476.207, 4: 476.188}","{0: 3000, 1: 3000, 2: 3000, 3: 3000, 4: 3000, 5: 3000, 6: 3000, 7: 3000, 8: 3000, 9: 3000}","{0: 2984, 1: 2971, 2: 2977, 3: 2976, 4: 2972, 5: 2978, 6: 2984, 7: 2980, 8: 2971, 9: 2974}","{0: 1539, 1: 1459, 2: 1682, 3: 1695, 4: 1751, 5: 1635, 6: 1541, 7: 1651, 8: 1694, 9: 1777}",99.22333333333333,54.74666666666667
rule_mongodb,60c1s5r10p,YCSB_A,rw_zipf_0.65,concurrent_50,0,30000,249.50400000000002,467.3263,555.15809,272.183935292,3000.0,"{0: 73.737, 1: 13.542, 2: 10.204, 3: 15.306, 4: 10.309}","{0: 960.271, 1: 457.5, 2: 458.312, 3: 457.5, 4: 457.25}","{0: 0, 1: 0, 2: 0, 3: 0, 4: 0, 5: 0, 6: 0, 7: 0, 8: 0, 9: 0}","{0: 0, 1: 0, 2: 0, 3: 0, 4: 0, 5: 0, 6: 0, 7: 0, 8: 0, 9: 0}","{0: 0, 1: 0, 2: 0, 3: 0, 4: 0, 5: 0, 6: 0, 7: 0, 8: 0, 9: 0}",0,0
rule_mongodb,60c1s5r10p,YCSB_A,rw_zipf_0.65,concurrent_50,101,30000,165.65050000000002,238.55020000000002,393.3895499999978,166.645112717,3000.0,"{0: 77.0, 1: 13.402, 2: 13.402, 3: 15.789, 4: 12.245}","{0: 965.408, 1: 473.375, 2: 474.625, 3: 472.938, 4: 473.062}","{0: 2295, 1: 2338, 2: 2513, 3: 2606, 4: 2544, 5: 2668, 6: 2291, 7: 2693, 8: 2589, 9: 2644}","{0: 2253, 1: 2296, 2: 2465, 3: 2564, 4: 2502, 5: 2623, 6: 2249, 7: 2642, 8: 2549, 9: 2595}","{0: 1440, 1: 1507, 2: 1589, 3: 1593, 4: 1640, 5: 1608, 6: 1482, 7: 1594, 8: 1604, 9: 1616}",98.24073706365911,62.24137246336524
rule_mongodb,60c1s5r10p,YCSB_A,rw_zipf_0.65,concurrent_50,100,30000,169.13,246.15120000000002,435.9919899999989,170.48099186633334,3000.0,"{0: 77.32, 1: 15.464, 2: 11.224, 3: 16.495, 4: 12.5}","{0: 966.76, 1: 476.332, 2: 477.625, 3: 474.75, 4: 475.562}","{0: 3000, 1: 3000, 2: 3000, 3: 3000, 4: 3000, 5: 3000, 6: 3000, 7: 3000, 8: 3000, 9: 3000}","{0: 2952, 1: 2955, 2: 2951, 3: 2941, 4: 2961, 5: 2956, 6: 2963, 7: 2956, 8: 2962, 9: 2957}","{0: 1504, 1: 1508, 2: 1707, 3: 1585, 4: 1682, 5: 1666, 6: 1527, 7: 1645, 8: 1619, 9: 1769}",98.51333333333334,54.04
rule_mongodb,60c1s5r10p,YCSB_A,rw_zipf_0.7,concurrent_50,0,30000,246.89350000000002,469.401,588.4943999999999,279.28541815799997,3000.0,"{0: 72.727, 1: 12.5, 2: 10.309, 3: 14.141, 4: 11.224}","{0: 964.031, 1: 457.75, 2: 458.062, 3: 457.18, 4: 457.188}","{0: 0, 1: 0, 2: 0, 3: 0, 4: 0, 5: 0, 6: 0, 7: 0, 8: 0, 9: 0}","{0: 0, 1: 0, 2: 0, 3: 0, 4: 0, 5: 0, 6: 0, 7: 0, 8: 0, 9: 0}","{0: 0, 1: 0, 2: 0, 3: 0, 4: 0, 5: 0, 6: 0, 7: 0, 8: 0, 9: 0}",0,0
rule_mongodb,60c1s5r10p,YCSB_A,rw_zipf_0.7,concurrent_50,101,30000,171.0685,236.4741,423.2546599999999,168.43985627100002,3000.0,"{0: 78.571, 1: 13.542, 2: 13.402, 3: 15.789, 4: 11.458}","{0: 958.625, 1: 472.125, 2: 473.688, 3: 471.688, 4: 472.0}","{0: 2276, 1: 2265, 2: 2495, 3: 2494, 4: 2464, 5: 2490, 6: 2324, 7: 2450, 8: 2525, 9: 2565}","{0: 2218, 1: 2212, 2: 2428, 3: 2410, 4: 2387, 5: 2428, 6: 2244, 7: 2367, 8: 2463, 9: 2502}","{0: 1418, 1: 1418, 2: 1591, 3: 1570, 4: 1569, 5: 1534, 6: 1436, 7: 1557, 8: 1596, 9: 1614}",97.1701987842944,62.85115820601281
rule_mongodb,60c1s5r10p,YCSB_A,rw_zipf_0.7,concurrent_50,100,30000,169.82,246.72910000000005,464.65103,172.35135459166665,3000.0,"{0: 77.0, 1: 15.464, 2: 12.371, 3: 16.495, 4: 12.5}","{0: 965.266, 1: 474.75, 2: 475.938, 3: 473.188, 4: 474.188}","{0: 3000, 1: 3000, 2: 3000, 3: 3000, 4: 3000, 5: 3000, 6: 3000, 7: 3000, 8: 3000, 9: 3000}","{0: 2915, 1: 2911, 2: 2916, 3: 2921, 4: 2930, 5: 2910, 6: 2942, 7: 2913, 8: 2909, 9: 2913}","{0: 1416, 1: 1465, 2: 1615, 3: 1674, 4: 1713, 5: 1672, 6: 1519, 7: 1674, 8: 1617, 9: 1690}",97.26666666666667,53.516666666666666
rule_mongodb,60c1s5r10p,YCSB_A,rw_zipf_0.75,concurrent_50,0,30000,245.1465,462.5161,537.1383199999981,270.2731623916667,3000.0,"{0: 73.469, 1: 13.402, 2: 10.309, 3: 15.306, 4: 10.309}","{0: 956.812, 1: 457.438, 2: 457.562, 3: 456.188, 4: 456.812}","{0: 0, 1: 0, 2: 0, 3: 0, 4: 0, 5: 0, 6: 0, 7: 0, 8: 0, 9: 0}","{0: 0, 1: 0, 2: 0, 3: 0, 4: 0, 5: 0, 6: 0, 7: 0, 8: 0, 9: 0}","{0: 0, 1: 0, 2: 0, 3: 0, 4: 0, 5: 0, 6: 0, 7: 0, 8: 0, 9: 0}",0,0
rule_mongodb,60c1s5r10p,YCSB_A,rw_zipf_0.75,concurrent_50,101,30000,164.748,241.4601,459.81309999999996,168.209421025,3000.0,"{0: 78.0, 1: 12.5, 2: 14.286, 3: 16.667, 4: 12.245}","{0: 980.496, 1: 471.438, 2: 472.438, 3: 470.812, 4: 471.625}","{0: 2298, 1: 2313, 2: 2530, 3: 2524, 4: 2412, 5: 2512, 6: 2318, 7: 2690, 8: 2568, 9: 2562}","{0: 2184, 1: 2209, 2: 2413, 3: 2410, 4: 2282, 5: 2381, 6: 2204, 7: 2565, 8: 2448, 9: 2454}","{0: 1464, 1: 1453, 2: 1578, 3: 1548, 4: 1526, 5: 1570, 6: 1457, 7: 1571, 8: 1577, 9: 1623}",95.24002102964371,62.14664132324989
rule_mongodb,60c1s5r10p,YCSB_A,rw_zipf_0.75,concurrent_50,100,30000,167.2385,253.76160000000002,472.05613999999997,174.84914255866667,3000.0,"{0: 76.768, 1: 15.625, 2: 11.458, 3: 16.667, 4: 12.371}","{0: 962.254, 1: 473.812, 2: 475.5, 3: 473.625, 4: 473.188}","{0: 3000, 1: 3000, 2: 3000, 3: 3000, 4: 3000, 5: 3000, 6: 3000, 7: 3000, 8: 3000, 9: 3000}","{0: 2876, 1: 2884, 2: 2850, 3: 2867, 4: 2860, 5: 2863, 6: 2864, 7: 2873, 8: 2844, 9: 2848}","{0: 1441, 1: 1403, 2: 1584, 3: 1674, 4: 1609, 5: 1635, 6: 1451, 7: 1592, 8: 1604, 9: 1577}",95.43,51.9
rule_mongodb,60c1s5r10p,YCSB_A,rw_zipf_0.8,concurrent_50,0,30000,240.6685,462.6253000000001,543.78001,270.2154511636666,3000.0,"{0: 72.727, 1: 13.402, 2: 10.417, 3: 15.464, 4: 11.34}","{0: 953.078, 1: 456.188, 2: 457.0, 3: 455.625, 4: 455.938}","{0: 0, 1: 0, 2: 0, 3: 0, 4: 0, 5: 0, 6: 0, 7: 0, 8: 0, 9: 0}","{0: 0, 1: 0, 2: 0, 3: 0, 4: 0, 5: 0, 6: 0, 7: 0, 8: 0, 9: 0}","{0: 0, 1: 0, 2: 0, 3: 0, 4: 0, 5: 0, 6: 0, 7: 0, 8: 0, 9: 0}",0,0
rule_mongodb,60c1s5r10p,YCSB_A,rw_zipf_0.8,concurrent_50,101,30000,167.058,251.43900000000002,495.0924099999999,178.407730384,3000.0,"{0: 77.778, 1: 12.5, 2: 12.245, 3: 15.625, 4: 11.458}","{0: 960.887, 1: 470.088, 2: 471.375, 3: 469.5, 4: 469.963}","{0: 2239, 1: 2267, 2: 2521, 3: 2525, 4: 2624, 5: 2690, 6: 2339, 7: 2716, 8: 2626, 9: 2723}","{0: 2069, 1: 2083, 2: 2337, 3: 2332, 4: 2381, 5: 2492, 6: 2144, 7: 2496, 8: 2429, 9: 2496}","{0: 1351, 1: 1382, 2: 1579, 3: 1472, 4: 1462, 5: 1504, 6: 1374, 7: 1533, 8: 1494, 9: 1489}",92.0419469726949,57.934309457855164
rule_mongodb,60c1s5r10p,YCSB_A,rw_zipf_0.8,concurrent_50,100,30000,168.259,250.0731,467.1865199999994,175.92294213366662,3000.0,"{0: 78.788, 1: 14.583, 2: 11.34, 3: 17.347, 4: 13.131}","{0: 964.453, 1: 472.438, 2: 474.062, 3: 471.75, 4: 472.375}","{0: 3000, 1: 3000, 2: 3000, 3: 3000, 4: 3000, 5: 3000, 6: 3000, 7: 3000, 8: 3000, 9: 3000}","{0: 2787, 1: 2762, 2: 2777, 3: 2757, 4: 2764, 5: 2758, 6: 2780, 7: 2773, 8: 2784, 9: 2759}","{0: 1447, 1: 1385, 2: 1634, 3: 1534, 4: 1674, 5: 1570, 6: 1399, 7: 1533, 8: 1604, 9: 1557}",92.33666666666667,51.123333333333335
rule_mongodb,60c1s5r10p,YCSB_A,rw_zipf_0.85,concurrent_50,0,30000,241.93,456.2923,551.1646799999999,269.39809201033336,3000.0,"{0: 74.0, 1: 13.402, 2: 10.204, 3: 13.684, 4: 10.309}","{0: 978.652, 1: 455.75, 2: 455.875, 3: 455.25, 4: 455.188}","{0: 0, 1: 0, 2: 0, 3: 0, 4: 0, 5: 0, 6: 0, 7: 0, 8: 0, 9: 0}","{0: 0, 1: 0, 2: 0, 3: 0, 4: 0, 5: 0, 6: 0, 7: 0, 8: 0, 9: 0}","{0: 0, 1: 0, 2: 0, 3: 0, 4: 0, 5: 0, 6: 0, 7: 0, 8: 0, 9: 0}",0,0
rule_mongodb,60c1s5r10p,YCSB_A,rw_zipf_0.85,concurrent_50,101,30000,167.66199999999998,257.0856,476.37534999999997,176.89110566000002,3000.0,"{0: 78.788, 1: 12.5, 2: 14.141, 3: 15.306, 4: 12.245}","{0: 955.203, 1: 468.75, 2: 469.5, 3: 468.438, 4: 468.25}","{0: 2219, 1: 2250, 2: 2508, 3: 2540, 4: 2620, 5: 2554, 6: 2282, 7: 2474, 8: 2490, 9: 2476}","{0: 1959, 1: 1970, 2: 2220, 3: 2226, 4: 2306, 5: 2231, 6: 2011, 7: 2180, 8: 2194, 9: 2191}","{0: 1291, 1: 1304, 2: 1416, 3: 1384, 4: 1458, 5: 1438, 6: 1363, 7: 1456, 8: 1451, 9: 1446}",88.01867857289149,57.37516896735346
rule_mongodb,60c1s5r10p,YCSB_A,rw_zipf_0.85,concurrent_50,100,30000,165.91750000000002,276.79900000000004,488.55607,181.88540911133333,3000.0,"{0: 77.228, 1: 14.737, 2: 12.245, 3: 16.667, 4: 12.245}","{0: 961.188, 1: 470.812, 2: 472.375, 3: 470.375, 4: 470.438}","{0: 3000, 1: 3000, 2: 3000, 3: 3000, 4: 3000, 5: 3000, 6: 3000, 7: 3000, 8: 3000, 9: 3000}","{0: 2643, 1: 2628, 2: 2624, 3: 2601, 4: 2633, 5: 2647, 6: 2642, 7: 2604, 8: 2655, 9: 2638}","{0: 1300, 1: 1291, 2: 1514, 3: 1523, 4: 1446, 5: 1448, 6: 1332, 7: 1532, 8: 1478, 9: 1558}",87.71666666666667,48.07333333333333
rule_mongodb,60c1s5r10p,YCSB_A,rw_zipf_0.9,concurrent_50,0,30000,237.089,453.5054,543.0410400000001,268.21384454433337,3000.0,"{0: 72.727, 1: 13.684, 2: 10.204, 3: 14.583, 4: 9.375}","{0: 955.182, 1: 454.875, 2: 455.125, 3: 454.625, 4: 454.75}","{0: 0, 1: 0, 2: 0, 3: 0, 4: 0, 5: 0, 6: 0, 7: 0, 8: 0, 9: 0}","{0: 0, 1: 0, 2: 0, 3: 0, 4: 0, 5: 0, 6: 0, 7: 0, 8: 0, 9: 0}","{0: 0, 1: 0, 2: 0, 3: 0, 4: 0, 5: 0, 6: 0, 7: 0, 8: 0, 9: 0}",0,0
rule_mongodb,60c1s5r10p,YCSB_A,rw_zipf_0.9,concurrent_50,101,30000,166.602,289.4531,478.5624399999999,181.50299193300003,3000.0,"{0: 77.551, 1: 12.5, 2: 13.402, 3: 15.306, 4: 12.245}","{0: 959.777, 1: 466.875, 2: 468.438, 3: 466.938, 4: 466.75}","{0: 2142, 1: 2165, 2: 2436, 3: 2335, 4: 2411, 5: 2354, 6: 2175, 7: 2579, 8: 2591, 9: 2511}","{0: 1754, 1: 1801, 2: 1980, 3: 1925, 4: 1994, 5: 1913, 6: 1825, 7: 2127, 8: 2183, 9: 2015}","{0: 1213, 1: 1230, 2: 1300, 3: 1279, 4: 1334, 5: 1286, 6: 1243, 7: 1347, 8: 1406, 9: 1246}",82.35368580952783,54.365163087050085
rule_mongodb,60c1s5r10p,YCSB_A,rw_zipf_0.9,concurrent_50,100,30000,171.0915,336.40270000000004,496.29305,189.654390974,3000.0,"{0: 77.778, 1: 14.583, 2: 11.458, 3: 16.495, 4: 12.371}","{0: 955.064, 1: 468.688, 2: 469.125, 3: 467.938, 4: 468.125}","{0: 3000, 1: 3000, 2: 3000, 3: 3000, 4: 3000, 5: 3000, 6: 3000, 7: 3000, 8: 3000, 9: 3000}","{0: 2492, 1: 2510, 2: 2516, 3: 2501, 4: 2496, 5: 2524, 6: 2517, 7: 2449, 8: 2530, 9: 2531}","{0: 1204, 1: 1207, 2: 1433, 3: 1407, 4: 1389, 5: 1371, 6: 1221, 7: 1340, 8: 1419, 9: 1345}",83.55333333333333,44.45333333333333
rule_mongodb,60c1s5r10p,YCSB_A,rw_zipf_0.95,concurrent_50,0,30000,247.64249999999998,463.135,527.2313099999981,277.118521989,3000.0,"{0: 74.227, 1: 12.632, 2: 10.309, 3: 15.306, 4: 10.417}","{0: 986.73, 1: 454.375, 2: 454.375, 3: 453.625, 4: 454.125}","{0: 0, 1: 0, 2: 0, 3: 0, 4: 0, 5: 0, 6: 0, 7: 0, 8: 0, 9: 0}","{0: 0, 1: 0, 2: 0, 3: 0, 4: 0, 5: 0, 6: 0, 7: 0, 8: 0, 9: 0}","{0: 0, 1: 0, 2: 0, 3: 0, 4: 0, 5: 0, 6: 0, 7: 0, 8: 0, 9: 0}",0,0
rule_mongodb,60c1s5r10p,YCSB_A,rw_zipf_0.95,concurrent_50,101,30000,171.69650000000001,345.1496000000001,491.47686999999974,190.27204728633336,3000.0,"{0: 76.768, 1: 12.766, 2: 12.5, 3: 16.495, 4: 11.224}","{0: 958.781, 1: 465.375, 2: 466.125, 3: 465.188, 4: 465.438}","{0: 2148, 1: 2090, 2: 2241, 3: 2429, 4: 2259, 5: 2479, 6: 2212, 7: 2458, 8: 2513, 9: 2462}","{0: 1612, 1: 1572, 2: 1685, 3: 1794, 4: 1720, 5: 1907, 6: 1653, 7: 1860, 8: 1917, 9: 1865}","{0: 1089, 1: 1102, 2: 1163, 3: 1150, 4: 1206, 5: 1266, 6: 1138, 7: 1222, 8: 1200, 9: 1199}",75.50126658365892,50.38426860160577
rule_mongodb,60c1s5r10p,YCSB_A,rw_zipf_0.95,concurrent_50,100,30000,171.413,366.624,526.64405,195.939572067,3000.0,"{0: 77.551, 1: 15.625, 2: 12.371, 3: 16.495, 4: 12.245}","{0: 960.041, 1: 467.125, 2: 468.25, 3: 467.188, 4: 466.938}","{0: 3000, 1: 3000, 2: 3000, 3: 3000, 4: 3000, 5: 3000, 6: 3000, 7: 3000, 8: 3000, 9: 3000}","{0: 2376, 1: 2381, 2: 2334, 3: 2338, 4: 2351, 5: 2383, 6: 2352, 7: 2369, 8: 2332, 9: 2323}","{0: 1113, 1: 1123, 2: 1245, 3: 1237, 4: 1292, 5: 1282, 6: 1062, 7: 1262, 8: 1296, 9: 1292}",78.46333333333334,40.68
rule_mongodb,60c1s5r10p,YCSB_A,rw_zipf_1,concurrent_50,0,30000,236.4015,451.9981,530.51603,268.90490757366666,3000.0,"{0: 73.737, 1: 12.632, 2: 9.375, 3: 14.433, 4: 11.224}","{0: 947.352, 1: 453.5, 2: 453.625, 3: 453.125, 4: 453.25}","{0: 0, 1: 0, 2: 0, 3: 0, 4: 0, 5: 0, 6: 0, 7: 0, 8: 0, 9: 0}","{0: 0, 1: 0, 2: 0, 3: 0, 4: 0, 5: 0, 6: 0, 7: 0, 8: 0, 9: 0}","{0: 0, 1: 0, 2: 0, 3: 0, 4: 0, 5: 0, 6: 0, 7: 0, 8: 0, 9: 0}",0,0
rule_mongodb,60c1s5r10p,YCSB_A,rw_zipf_1,concurrent_50,101,30000,172.8845,379.85280000000006,517.84832,197.83986209766667,3000.0,"{0: 76.0, 1: 13.402, 2: 12.5, 3: 14.583, 4: 12.245}","{0: 953.242, 1: 463.438, 2: 464.188, 3: 463.375, 4: 463.688}","{0: 2077, 1: 2095, 2: 2348, 3: 2376, 4: 2192, 5: 2382, 6: 2134, 7: 2322, 8: 2382, 9: 2399}","{0: 1374, 1: 1375, 2: 1603, 3: 1599, 4: 1468, 5: 1586, 6: 1462, 7: 1535, 8: 1575, 9: 1606}","{0: 984, 1: 968, 2: 1083, 3: 1067, 4: 1043, 5: 1032, 6: 1050, 7: 1030, 8: 1084, 9: 1057}",66.86484344034879,45.792046505482894
rule_mongodb,60c1s5r10p,YCSB_A,rw_zipf_1,concurrent_50,100,30000,173.768,405.0425000000001,516.5808199999999,206.78835236366663,3000.0,"{0: 78.0, 1: 15.306, 2: 12.371, 3: 16.495, 4: 12.245}","{0: 954.652, 1: 465.625, 2: 466.25, 3: 464.688, 4: 464.812}","{0: 3000, 1: 3000, 2: 3000, 3: 3000, 4: 3000, 5: 3000, 6: 3000, 7: 3000, 8: 3000, 9: 3000}","{0: 2195, 1: 2175, 2: 2205, 3: 2146, 4: 2162, 5: 2225, 6: 2172, 7: 2136, 8: 2199, 9: 2167}","{0: 954, 1: 967, 2: 1118, 3: 1207, 4: 1132, 5: 1197, 6: 988, 7: 1146, 8: 1130, 9: 1211}",72.60666666666667,36.833333333333336
rule_mongodb,60c1s5r10p,YCSB_B,rw_zipf_0.5,concurrent_50,0,30000,163.0925,236.0721,443.778,155.35116453633333,3000.0,"{0: 69.697, 1: 4.082, 2: 3.061, 3: 4.124, 4: 3.093}","{0: 980.621, 1: 458.812, 2: 459.188, 3: 458.125, 4: 458.125}","{0: 0, 1: 0, 2: 0, 3: 0, 4: 0, 5: 0, 6: 0, 7: 0, 8: 0, 9: 0}","{0: 0, 1: 0, 2: 0, 3: 0, 4: 0, 5: 0, 6: 0, 7: 0, 8: 0, 9: 0}","{0: 0, 1: 0, 2: 0, 3: 0, 4: 0, 5: 0, 6: 0, 7: 0, 8: 0, 9: 0}",0,0
rule_mongodb,60c1s5r10p,YCSB_B,rw_zipf_0.5,concurrent_50,101,30000,158.341,235.08610000000002,250.78806,142.397217412,3000.0,"{0: 71.717, 1: 4.082, 2: 3.093, 3: 5.155, 4: 4.082}","{0: 960.551, 1: 466.852, 2: 467.578, 3: 466.262, 4: 466.812}","{0: 427, 1: 397, 2: 503, 3: 877, 4: 653, 5: 943, 6: 412, 7: 909, 8: 684, 9: 940}","{0: 427, 1: 397, 2: 503, 3: 877, 4: 653, 5: 943, 6: 410, 7: 907, 8: 684, 9: 939}","{0: 146, 1: 133, 2: 198, 3: 235, 4: 195, 5: 215, 6: 130, 7: 215, 8: 220, 9: 313}",99.92587101556708,29.651593773165306
rule_mongodb,60c1s5r10p,YCSB_B,rw_zipf_0.5,concurrent_50,100,30000,161.458,237.04980000000003,321.61007,150.22508341633332,3000.0,"{0: 73.737, 1: 6.061, 2: 5.051, 3: 6.122, 4: 5.051}","{0: 956.738, 1: 477.0, 2: 478.125, 3: 476.062, 4: 476.938}","{0: 3000, 1: 3000, 2: 3000, 3: 3000, 4: 3000, 5: 3000, 6: 3000, 7: 3000, 8: 3000, 9: 3000}","{0: 3000, 1: 3000, 2: 2998, 3: 3000, 4: 3000, 5: 3000, 6: 2999, 7: 2999, 8: 2998, 9: 2999}","{0: 154, 1: 132, 2: 746, 3: 694, 4: 563, 5: 738, 6: 228, 7: 637, 8: 638, 9: 778}",99.97666666666667,17.69333333333333
rule_mongodb,60c1s5r10p,YCSB_B,rw_zipf_0.55,concurrent_50,0,30000,161.18,243.46540000000002,438.6674399999999,156.32062815900002,3000.0,"{0: 69.0, 1: 5.051, 2: 3.03, 3: 4.124, 4: 3.061}","{0: 960.906, 1: 458.812, 2: 459.75, 3: 458.375, 4: 458.438}","{0: 0, 1: 0, 2: 0, 3: 0, 4: 0, 5: 0, 6: 0, 7: 0, 8: 0, 9: 0}","{0: 0, 1: 0, 2: 0, 3: 0, 4: 0, 5: 0, 6: 0, 7: 0, 8: 0, 9: 0}","{0: 0, 1: 0, 2: 0, 3: 0, 4: 0, 5: 0, 6: 0, 7: 0, 8: 0, 9: 0}",0,0
rule_mongodb,60c1s5r10p,YCSB_B,rw_zipf_0.55,concurrent_50,101,30000,158.78,235.621,260.03002,144.41595063433334,3000.0,"{0: 69.697, 1: 5.051, 2: 4.082, 3: 5.102, 4: 4.04}","{0: 957.254, 1: 466.75, 2: 467.59, 3: 466.125, 4: 466.812}","{0: 324, 1: 458, 2: 810, 3: 856, 4: 845, 5: 810, 6: 427, 7: 490, 8: 1288, 9: 966}","{0: 324, 1: 458, 2: 810, 3: 856, 4: 844, 5: 810, 6: 427, 7: 490, 8: 1287, 9: 966}","{0: 106, 1: 151, 2: 216, 3: 220, 4: 248, 5: 233, 6: 147, 7: 181, 8: 353, 9: 222}",99.97250481165796,28.553753093208687
rule_mongodb,60c1s5r10p,YCSB_B,rw_zipf_0.55,concurrent_50,100,30000,161.4305,240.22180000000003,317.13201,149.14669675233333,3000.0,"{0: 72.449, 1: 5.155, 2: 5.051, 3: 5.102, 4: 4.082}","{0: 940.391, 1: 476.25, 2: 477.625, 3: 475.094, 4: 476.812}","{0: 3000, 1: 3000, 2: 3000, 3: 3000, 4: 3000, 5: 3000, 6: 3000, 7: 3000, 8: 3000, 9: 3000}","{0: 3000, 1: 3000, 2: 2998, 3: 3000, 4: 2999, 5: 2998, 6: 2998, 7: 3000, 8: 2998, 9: 2998}","{0: 157, 1: 130, 2: 754, 3: 597, 4: 663, 5: 804, 6: 166, 7: 774, 8: 806, 9: 623}",99.96333333333334,18.246666666666666
rule_mongodb,60c1s5r10p,YCSB_B,rw_zipf_0.6,concurrent_50,0,30000,162.36149999999998,246.52,448.5444199999999,158.062958553,3000.0,"{0: 68.687, 1: 4.082, 2: 3.03, 3: 5.102, 4: 3.061}","{0: 958.039, 1: 458.688, 2: 458.75, 3: 457.852, 4: 458.0}","{0: 0, 1: 0, 2: 0, 3: 0, 4: 0, 5: 0, 6: 0, 7: 0, 8: 0, 9: 0}","{0: 0, 1: 0, 2: 0, 3: 0, 4: 0, 5: 0, 6: 0, 7: 0, 8: 0, 9: 0}","{0: 0, 1: 0, 2: 0, 3: 0, 4: 0, 5: 0, 6: 0, 7: 0, 8: 0, 9: 0}",0,0
rule_mongodb,60c1s5r10p,YCSB_B,rw_zipf_0.6,concurrent_50,101,30000,160.565,235.3134,247.63801,143.68184372566668,3000.0,"{0: 71.429, 1: 4.124, 2: 5.051, 3: 5.102, 4: 4.04}","{0: 958.902, 1: 466.5, 2: 467.375, 3: 466.562, 4: 466.688}","{0: 455, 1: 412, 2: 645, 3: 820, 4: 1208, 5: 687, 6: 436, 7: 1051, 8: 1023, 9: 716}","{0: 455, 1: 412, 2: 641, 3: 819, 4: 1207, 5: 683, 6: 435, 7: 1050, 8: 1023, 9: 714}","{0: 159, 1: 139, 2: 199, 3: 251, 4: 284, 5: 222, 6: 145, 7: 306, 8: 291, 9: 199}",99.81215617871997,29.451227693546222
rule_mongodb,60c1s5r10p,YCSB_B,rw_zipf_0.6,concurrent_50,100,30000,161.6605,236.91770000000002,339.91114,151.79779749366665,3000.0,"{0: 71.429, 1: 6.0, 2: 5.051, 3: 6.122, 4: 4.124}","{0: 955.777, 1: 476.062, 2: 477.125, 3: 474.871, 4: 475.438}","{0: 3000, 1: 3000, 2: 3000, 3: 3000, 4: 3000, 5: 3000, 6: 3000, 7: 3000, 8: 3000, 9: 3000}","{0: 2997, 1: 2997, 2: 2997, 3: 3000, 4: 2999, 5: 2999, 6: 2998, 7: 3000, 8: 2997, 9: 2995}","{0: 163, 1: 156, 2: 771, 3: 688, 4: 699, 5: 760, 6: 298, 7: 707, 8: 600, 9: 703}",99.93,18.483333333333334
rule_mongodb,60c1s5r10p,YCSB_B,rw_zipf_0.65,concurrent_50,0,30000,160.514,251.20680000000002,448.271099999999,157.201303806,3000.0,"{0: 68.687, 1: 4.082, 2: 3.061, 3: 4.124, 4: 3.061}","{0: 953.527, 1: 457.75, 2: 458.688, 3: 457.312, 4: 457.688}","{0: 0, 1: 0, 2: 0, 3: 0, 4: 0, 5: 0, 6: 0, 7: 0, 8: 0, 9: 0}","{0: 0, 1: 0, 2: 0, 3: 0, 4: 0, 5: 0, 6: 0, 7: 0, 8: 0, 9: 0}","{0: 0, 1: 0, 2: 0, 3: 0, 4: 0, 5: 0, 6: 0, 7: 0, 8: 0, 9: 0}",0,0
rule_mongodb,60c1s5r10p,YCSB_B,rw_zipf_0.65,concurrent_50,101,30000,159.9615,236.76250000000002,251.29007,144.27310831133332,3000.0,"{0: 72.0, 1: 5.0, 2: 5.0, 3: 4.124, 4: 4.124}","{0: 956.34, 1: 465.75, 2: 466.562, 3: 466.0, 4: 466.0}","{0: 445, 1: 452, 2: 710, 3: 913, 4: 954, 5: 632, 6: 430, 7: 928, 8: 978, 9: 842}","{0: 444, 1: 450, 2: 707, 3: 908, 4: 951, 5: 632, 6: 430, 7: 927, 8: 974, 9: 839}","{0: 170, 1: 169, 2: 178, 3: 228, 4: 254, 5: 195, 6: 139, 7: 288, 8: 259, 9: 225}",99.69796814936848,28.89895661724327
rule_mongodb,60c1s5r10p,YCSB_B,rw_zipf_0.65,concurrent_50,100,30000,161.407,236.45290000000003,345.0610799999995,150.2215593983333,3000.0,"{0: 72.727, 1: 6.0, 2: 5.051, 3: 5.102, 4: 4.082}","{0: 954.949, 1: 475.5, 2: 477.562, 3: 475.125, 4: 474.938}","{0: 3000, 1: 3000, 2: 3000, 3: 3000, 4: 3000, 5: 3000, 6: 3000, 7: 3000, 8: 3000, 9: 3000}","{0: 2990, 1: 2992, 2: 2991, 3: 2994, 4: 2988, 5: 2990, 6: 2997, 7: 2997, 8: 2989, 9: 2990}","{0: 132, 1: 127, 2: 677, 3: 694, 4: 687, 5: 769, 6: 190, 7: 702, 8: 711, 9: 736}",99.72666666666667,18.083333333333332
rule_mongodb,60c1s5r10p,YCSB_B,rw_zipf_0.7,concurrent_50,0,30000,162.3275,236.0181,448.58711999999997,155.79302619233334,3000.0,"{0: 70.0, 1: 4.124, 2: 3.125, 3: 4.124, 4: 4.082}","{0: 950.32, 1: 457.688, 2: 457.812, 3: 457.125, 4: 457.0}","{0: 0, 1: 0, 2: 0, 3: 0, 4: 0, 5: 0, 6: 0, 7: 0, 8: 0, 9: 0}","{0: 0, 1: 0, 2: 0, 3: 0, 4: 0, 5: 0, 6: 0, 7: 0, 8: 0, 9: 0}","{0: 0, 1: 0, 2: 0, 3: 0, 4: 0, 5: 0, 6: 0, 7: 0, 8: 0, 9: 0}",0,0
rule_mongodb,60c1s5r10p,YCSB_B,rw_zipf_0.7,concurrent_50,101,30000,161.74099999999999,233.8903,248.47303,146.0925564326667,3000.0,"{0: 70.707, 1: 4.124, 2: 4.082, 3: 5.102, 4: 4.04}","{0: 958.078, 1: 466.391, 2: 467.078, 3: 465.938, 4: 466.438}","{0: 416, 1: 477, 2: 933, 3: 1116, 4: 796, 5: 878, 6: 464, 7: 992, 8: 1188, 9: 971}","{0: 415, 1: 475, 2: 927, 3: 1110, 4: 793, 5: 876, 6: 459, 7: 982, 8: 1185, 9: 969}","{0: 146, 1: 168, 2: 205, 3: 262, 4: 262, 5: 298, 6: 153, 7: 329, 8: 309, 9: 253}",99.51403231685093,28.975823107763333
rule_mongodb,60c1s5r10p,YCSB_B,rw_zipf_0.7,concurrent_50,100,30000,157.9275,236.03880000000004,339.73109999999997,146.591930113,3000.0,"{0: 74.49, 1: 6.061, 2: 4.082, 3: 5.155, 4: 5.0}","{0: 960.035, 1: 475.188, 2: 476.375, 3: 474.688, 4: 474.562}","{0: 3000, 1: 3000, 2: 3000, 3: 3000, 4: 3000, 5: 3000, 6: 3000, 7: 3000, 8: 3000, 9: 3000}","{0: 2996, 1: 2994, 2: 2994, 3: 2991, 4: 2986, 5: 2993, 6: 2989, 7: 2993, 8: 2991, 9: 2994}","{0: 134, 1: 151, 2: 725, 3: 515, 4: 811, 5: 783, 6: 217, 7: 780, 8: 773, 9: 605}",99.73666666666666,18.313333333333333
rule_mongodb,60c1s5r10p,YCSB_B,rw_zipf_0.75,concurrent_50,0,30000,166.543,244.3677000000001,440.90483999999987,157.59066862133332,3000.0,"{0: 68.687, 1: 5.051, 2: 3.093, 3: 4.124, 4: 3.093}","{0: 955.34, 1: 457.312, 2: 457.688, 3: 457.0, 4: 456.812}","{0: 0, 1: 0, 2: 0, 3: 0, 4: 0, 5: 0, 6: 0, 7: 0, 8: 0, 9: 0}","{0: 0, 1: 0, 2: 0, 3: 0, 4: 0, 5: 0, 6: 0, 7: 0, 8: 0, 9: 0}","{0: 0, 1: 0, 2: 0, 3: 0, 4: 0, 5: 0, 6: 0, 7: 0, 8: 0, 9: 0}",0,0
rule_mongodb,60c1s5r10p,YCSB_B,rw_zipf_0.75,concurrent_50,101,30000,158.9565,235.412,250.43502999999998,144.62338833266668,3000.0,"{0: 70.707, 1: 4.082, 2: 4.082, 3: 5.155, 4: 3.093}","{0: 956.496, 1: 465.0, 2: 466.188, 3: 465.0, 4: 465.75}","{0: 482, 1: 398, 2: 571, 3: 1492, 4: 858, 5: 756, 6: 385, 7: 866, 8: 987, 9: 862}","{0: 478, 1: 385, 2: 563, 3: 1479, 4: 849, 5: 751, 6: 382, 7: 862, 8: 975, 9: 857}","{0: 166, 1: 139, 2: 179, 3: 478, 4: 206, 5: 242, 6: 121, 7: 279, 8: 322, 9: 218}",99.0074441687345,30.690871098341386
rule_mongodb,60c1s5r10p,YCSB_B,rw_zipf_0.75,concurrent_50,100,30000,161.74849999999998,248.2076,330.6361,152.02015729033332,3000.0,"{0: 72.727, 1: 6.061, 2: 5.051, 3: 6.122, 4: 4.124}","{0: 953.43, 1: 473.25, 2: 474.25, 3: 471.938, 4: 473.375}","{0: 3000, 1: 3000, 2: 3000, 3: 3000, 4: 3000, 5: 3000, 6: 3000, 7: 3000, 8: 3000, 9: 3000}","{0: 2979, 1: 2985, 2: 2980, 3: 2982, 4: 2988, 5: 2977, 6: 2978, 7: 2987, 8: 2984, 9: 2977}","{0: 140, 1: 162, 2: 657, 3: 732, 4: 718, 5: 791, 6: 201, 7: 720, 8: 645, 9: 643}",99.39,18.03
rule_mongodb,60c1s5r10p,YCSB_B,rw_zipf_0.8,concurrent_50,0,30000,161.485,244.56820000000002,436.9111399999998,156.508916948,3000.0,"{0: 69.307, 1: 4.124, 2: 3.093, 3: 4.082, 4: 4.082}","{0: 948.219, 1: 456.172, 2: 456.77, 3: 455.625, 4: 456.062}","{0: 0, 1: 0, 2: 0, 3: 0, 4: 0, 5: 0, 6: 0, 7: 0, 8: 0, 9: 0}","{0: 0, 1: 0, 2: 0, 3: 0, 4: 0, 5: 0, 6: 0, 7: 0, 8: 0, 9: 0}","{0: 0, 1: 0, 2: 0, 3: 0, 4: 0, 5: 0, 6: 0, 7: 0, 8: 0, 9: 0}",0,0
rule_mongodb,60c1s5r10p,YCSB_B,rw_zipf_0.8,concurrent_50,101,30000,160.0675,234.4202,245.505,145.680567125,3000.0,"{0: 70.0, 1: 4.082, 2: 4.082, 3: 5.102, 4: 4.04}","{0: 948.605, 1: 464.688, 2: 465.5, 3: 464.312, 4: 464.414}","{0: 408, 1: 435, 2: 666, 3: 729, 4: 926, 5: 912, 6: 432, 7: 1070, 8: 938, 9: 831}","{0: 399, 1: 427, 2: 654, 3: 713, 4: 909, 5: 899, 6: 425, 7: 1056, 8: 918, 9: 822}","{0: 125, 1: 137, 2: 233, 3: 228, 4: 226, 5: 179, 6: 158, 7: 238, 8: 235, 9: 224}",98.2986252892337,26.99060841159657
rule_mongodb,60c1s5r10p,YCSB_B,rw_zipf_0.8,concurrent_50,100,30000,160.351,237.2381,342.91402999999997,149.832740802,3000.0,"{0: 72.727, 1: 6.061, 2: 5.0, 3: 6.061, 4: 5.102}","{0: 955.424, 1: 472.5, 2: 473.75, 3: 472.062, 4: 472.0}","{0: 3000, 1: 3000, 2: 3000, 3: 3000, 4: 3000, 5: 3000, 6: 3000, 7: 3000, 8: 3000, 9: 3000}","{0: 2966, 1: 2956, 2: 2952, 3: 2952, 4: 2951, 5: 2931, 6: 2941, 7: 2953, 8: 2945, 9: 2946}","{0: 142, 1: 152, 2: 575, 3: 625, 4: 645, 5: 636, 6: 185, 7: 598, 8: 587, 9: 572}",98.31,15.723333333333333
rule_mongodb,60c1s5r10p,YCSB_B,rw_zipf_0.85,concurrent_50,0,30000,161.489,244.3625,435.8703699999999,154.38052446100005,3000.0,"{0: 70.0, 1: 4.082, 2: 4.04, 3: 4.082, 4: 4.04}","{0: 950.314, 1: 456.0, 2: 456.0, 3: 455.562, 4: 455.188}","{0: 0, 1: 0, 2: 0, 3: 0, 4: 0, 5: 0, 6: 0, 7: 0, 8: 0, 9: 0}","{0: 0, 1: 0, 2: 0, 3: 0, 4: 0, 5: 0, 6: 0, 7: 0, 8: 0, 9: 0}","{0: 0, 1: 0, 2: 0, 3: 0, 4: 0, 5: 0, 6: 0, 7: 0, 8: 0, 9: 0}",0,0
rule_mongodb,60c1s5r10p,YCSB_B,rw_zipf_0.85,concurrent_50,101,30000,160.347,235.1835,266.92502,146.71353958933335,3000.0,"{0: 70.0, 1: 3.093, 2: 4.082, 3: 5.102, 4: 4.082}","{0: 957.152, 1: 463.25, 2: 464.125, 3: 462.812, 4: 462.875}","{0: 387, 1: 399, 2: 1016, 3: 618, 4: 1083, 5: 956, 6: 475, 7: 949, 8: 758, 9: 950}","{0: 362, 1: 373, 2: 979, 3: 589, 4: 1028, 5: 905, 6: 442, 7: 895, 8: 721, 9: 910}","{0: 126, 1: 135, 2: 235, 3: 215, 4: 223, 5: 242, 6: 157, 7: 261, 8: 229, 9: 299}",94.90185746278487,27.954156237649848
rule_mongodb,60c1s5r10p,YCSB_B,rw_zipf_0.85,concurrent_50,100,30000,160.15949999999998,237.1121,348.9901,150.01742264966666,3000.0,"{0: 73.0, 1: 6.122, 2: 4.124, 3: 5.155, 4: 4.124}","{0: 950.137, 1: 470.312, 2: 471.25, 3: 469.438, 4: 469.875}","{0: 3000, 1: 3000, 2: 3000, 3: 3000, 4: 3000, 5: 3000, 6: 3000, 7: 3000, 8: 3000, 9: 3000}","{0: 2937, 1: 2946, 2: 2949, 3: 2943, 4: 2947, 5: 2924, 6: 2955, 7: 2935, 8: 2917, 9: 2919}","{0: 144, 1: 117, 2: 667, 3: 764, 4: 768, 5: 706, 6: 155, 7: 483, 8: 622, 9: 816}",97.90666666666667,17.473333333333333
rule_mongodb,60c1s5r10p,YCSB_B,rw_zipf_0.9,concurrent_50,0,30000,160.9785,246.4451,447.9636499999999,160.542641273,3000.0,"{0: 68.687, 1: 4.082, 2: 3.061, 3: 5.051, 4: 3.061}","{0: 948.008, 1: 454.875, 2: 455.25, 3: 454.438, 4: 455.062}","{0: 0, 1: 0, 2: 0, 3: 0, 4: 0, 5: 0, 6: 0, 7: 0, 8: 0, 9: 0}","{0: 0, 1: 0, 2: 0, 3: 0, 4: 0, 5: 0, 6: 0, 7: 0, 8: 0, 9: 0}","{0: 0, 1: 0, 2: 0, 3: 0, 4: 0, 5: 0, 6: 0, 7: 0, 8: 0, 9: 0}",0,0
rule_mongodb,60c1s5r10p,YCSB_B,rw_zipf_0.9,concurrent_50,101,30000,159.9195,235.1544,253.21409999999997,144.41048985966668,3000.0,"{0: 70.707, 1: 4.082, 2: 3.093, 3: 5.102, 4: 4.04}","{0: 948.357, 1: 462.125, 2: 462.875, 3: 462.188, 4: 462.207}","{0: 387, 1: 379, 2: 833, 3: 757, 4: 895, 5: 802, 6: 408, 7: 880, 8: 625, 9: 773}","{0: 365, 1: 348, 2: 779, 3: 710, 4: 830, 5: 754, 6: 377, 7: 839, 8: 592, 9: 728}","{0: 124, 1: 109, 2: 209, 3: 215, 4: 218, 5: 235, 6: 141, 7: 296, 8: 177, 9: 222}",93.81213829945095,28.876687935895532
rule_mongodb,60c1s5r10p,YCSB_B,rw_zipf_0.9,concurrent_50,100,30000,161.173,239.77900000000002,350.68511,151.184449471,3000.0,"{0: 73.267, 1: 5.155, 2: 4.082, 3: 5.155, 4: 4.082}","{0: 952.539, 1: 469.0, 2: 469.875, 3: 468.0, 4: 468.75}","{0: 3000, 1: 3000, 2: 3000, 3: 3000, 4: 3000, 5: 3000, 6: 3000, 7: 3000, 8: 3000, 9: 3000}","{0: 2939, 1: 2923, 2: 2927, 3: 2939, 4: 2941, 5: 2934, 6: 2923, 7: 2931, 8: 2938, 9: 2923}","{0: 153, 1: 109, 2: 772, 3: 812, 4: 673, 5: 676, 6: 152, 7: 581, 8: 741, 9: 580}",97.72666666666667,17.496666666666666
rule_mongodb,60c1s5r10p,YCSB_B,rw_zipf_0.95,concurrent_50,0,30000,160.598,235.8401,438.7596199999999,155.72644793199999,3000.0,"{0: 68.0, 1: 4.082, 2: 3.061, 3: 4.082, 4: 3.093}","{0: 950.621, 1: 454.062, 2: 454.5, 3: 454.375, 4: 453.875}","{0: 0, 1: 0, 2: 0, 3: 0, 4: 0, 5: 0, 6: 0, 7: 0, 8: 0, 9: 0}","{0: 0, 1: 0, 2: 0, 3: 0, 4: 0, 5: 0, 6: 0, 7: 0, 8: 0, 9: 0}","{0: 0, 1: 0, 2: 0, 3: 0, 4: 0, 5: 0, 6: 0, 7: 0, 8: 0, 9: 0}",0,0
rule_mongodb,60c1s5r10p,YCSB_B,rw_zipf_0.95,concurrent_50,101,30000,157.8185,235.0731,273.8298799999967,146.78540816633335,3000.0,"{0: 71.287, 1: 4.082, 2: 4.082, 3: 5.102, 4: 4.082}","{0: 948.787, 1: 460.875, 2: 461.625, 3: 460.812, 4: 461.375}","{0: 449, 1: 369, 2: 932, 3: 1061, 4: 708, 5: 448, 6: 401, 7: 951, 8: 1106, 9: 716}","{0: 396, 1: 331, 2: 855, 3: 967, 4: 632, 5: 395, 6: 356, 7: 867, 8: 999, 9: 645}","{0: 135, 1: 120, 2: 196, 3: 178, 4: 221, 5: 123, 6: 127, 7: 216, 8: 319, 9: 237}",90.225458619241,26.21481585212155
rule_mongodb,60c1s5r10p,YCSB_B,rw_zipf_0.95,concurrent_50,100,30000,160.889,235.94920000000002,363.01063999999894,148.75031765366666,3000.0,"{0: 74.747, 1: 7.0, 2: 5.102, 3: 5.155, 4: 4.124}","{0: 948.812, 1: 467.188, 2: 467.812, 3: 466.25, 4: 466.625}","{0: 3000, 1: 3000, 2: 3000, 3: 3000, 4: 3000, 5: 3000, 6: 3000, 7: 3000, 8: 3000, 9: 3000}","{0: 2909, 1: 2923, 2: 2923, 3: 2915, 4: 2924, 5: 2902, 6: 2925, 7: 2919, 8: 2917, 9: 2911}","{0: 104, 1: 123, 2: 636, 3: 554, 4: 575, 5: 685, 6: 129, 7: 585, 8: 648, 9: 774}",97.22666666666667,16.043333333333333
rule_mongodb,60c1s5r10p,YCSB_B,rw_zipf_1,concurrent_50,0,30000,159.9275,243.591,441.3513699999999,155.81913604899998,3000.0,"{0: 70.0, 1: 4.124, 2: 3.03, 3: 4.082, 4: 3.061}","{0: 943.023, 1: 453.375, 2: 453.688, 3: 453.438, 4: 453.312}","{0: 0, 1: 0, 2: 0, 3: 0, 4: 0, 5: 0, 6: 0, 7: 0, 8: 0, 9: 0}","{0: 0, 1: 0, 2: 0, 3: 0, 4: 0, 5: 0, 6: 0, 7: 0, 8: 0, 9: 0}","{0: 0, 1: 0, 2: 0, 3: 0, 4: 0, 5: 0, 6: 0, 7: 0, 8: 0, 9: 0}",0,0
rule_mongodb,60c1s5r10p,YCSB_B,rw_zipf_1,concurrent_50,101,30000,161.2715,234.9991,332.8485299999927,147.93788405900003,3000.0,"{0: 69.072, 1: 5.051, 2: 4.082, 3: 5.102, 4: 4.124}","{0: 947.807, 1: 459.625, 2: 460.688, 3: 459.844, 4: 459.938}","{0: 416, 1: 476, 2: 782, 3: 818, 4: 762, 5: 565, 6: 379, 7: 536, 8: 729, 9: 873}","{0: 369, 1: 420, 2: 707, 3: 752, 4: 691, 5: 509, 6: 339, 7: 474, 8: 663, 9: 793}","{0: 124, 1: 136, 2: 215, 3: 213, 4: 240, 5: 136, 6: 109, 7: 160, 8: 219, 9: 201}",90.23042929292929,27.66729797979798
rule_mongodb,60c1s5r10p,YCSB_B,rw_zipf_1,concurrent_50,100,30000,159.49450000000002,236.80010000000001,418.47903999999807,149.64524574700002,3000.0,"{0: 74.747, 1: 5.155, 2: 4.124, 3: 5.102, 4: 5.051}","{0: 946.121, 1: 465.688, 2: 466.625, 3: 465.25, 4: 465.438}","{0: 3000, 1: 3000, 2: 3000, 3: 3000, 4: 3000, 5: 3000, 6: 3000, 7: 3000, 8: 3000, 9: 3000}","{0: 2868, 1: 2879, 2: 2877, 3: 2856, 4: 2850, 5: 2867, 6: 2861, 7: 2860, 8: 2855, 9: 2868}","{0: 104, 1: 97, 2: 691, 3: 622, 4: 660, 5: 656, 6: 156, 7: 701, 8: 577, 9: 759}",95.47,16.743333333333332
