protocol,site,ycsb,workload,concurrent,fastpath_attempt_rate,all_efficient_count,all_efficient_50pct,all_efficient_90pct,all_efficient_99pct,all_efficient_ave,throughput,cpu_usage,memory_usage,fp_attempt_cnt,fp_success_cnt,fp_efficient_success_cnt,fp_success_rate,fp_efficient_success_rate
none_fpga_raft,60c1s5r10p,YCSB_A,rw_1000000,concurrent_1,0,600,298.161,328.1668000000012,386.62300999999997,281.5288233333333,60.0,"{0: 5.882, 1: 2.439, 2: 2.439, 3: 28.319, 4: 3.614}","{0: 432.312, 1: 430.938, 2: 431.188, 3: 430.688, 4: 430.875}","{0: 0, 1: 0, 2: 0, 3: 0, 4: 0, 5: 0, 6: 0, 7: 0, 8: 0, 9: 0}","{0: 0, 1: 0, 2: 0, 3: 0, 4: 0, 5: 0, 6: 0, 7: 0, 8: 0, 9: 0}","{0: 0, 1: 0, 2: 0, 3: 0, 4: 0, 5: 0, 6: 0, 7: 0, 8: 0, 9: 0}",0,0
none_fpga_raft,60c1s5r10p,YCSB_A,rw_1000000,concurrent_10,0,6000,301.14,330.44830000001946,396.40403,283.6830613333333,600.0,"{0: 7.317, 1: 3.659, 2: 2.469, 3: 2.469, 4: 2.469}","{0: 448.25, 1: 444.625, 2: 444.375, 3: 444.625, 4: 444.625}","{0: 0, 1: 0, 2: 0, 3: 0, 4: 0, 5: 0, 6: 0, 7: 0, 8: 0, 9: 0}","{0: 0, 1: 0, 2: 0, 3: 0, 4: 0, 5: 0, 6: 0, 7: 0, 8: 0, 9: 0}","{0: 0, 1: 0, 2: 0, 3: 0, 4: 0, 5: 0, 6: 0, 7: 0, 8: 0, 9: 0}",0,0
none_fpga_raft,60c1s5r10p,YCSB_A,rw_1000000,concurrent_20,0,12000,301.679,331.79080000001903,395.87403,284.6712338333333,1200.0,"{0: 12.941, 1: 3.75, 2: 5.952, 3: 14.13, 4: 7.059}","{0: 453.348, 1: 446.062, 2: 446.25, 3: 446.188, 4: 446.25}","{0: 0, 1: 0, 2: 0, 3: 0, 4: 0, 5: 0, 6: 0, 7: 0, 8: 0, 9: 0}","{0: 0, 1: 0, 2: 0, 3: 0, 4: 0, 5: 0, 6: 0, 7: 0, 8: 0, 9: 0}","{0: 0, 1: 0, 2: 0, 3: 0, 4: 0, 5: 0, 6: 0, 7: 0, 8: 0, 9: 0}",0,0
none_fpga_raft,60c1s5r10p,YCSB_A,rw_1000000,concurrent_30,0,18000,304.0225,334.288900000019,392.40101,286.7620822222222,1800.0,"{0: 17.647, 1: 8.333, 2: 7.143, 3: 6.098, 4: 6.024}","{0: 455.75, 1: 447.375, 2: 447.617, 3: 447.375, 4: 447.438}","{0: 0, 1: 0, 2: 0, 3: 0, 4: 0, 5: 0, 6: 0, 7: 0, 8: 0, 9: 0}","{0: 0, 1: 0, 2: 0, 3: 0, 4: 0, 5: 0, 6: 0, 7: 0, 8: 0, 9: 0}","{0: 0, 1: 0, 2: 0, 3: 0, 4: 0, 5: 0, 6: 0, 7: 0, 8: 0, 9: 0}",0,0
none_fpga_raft,60c1s5r10p,YCSB_A,rw_1000000,concurrent_40,0,24000,303.81050000000005,334.07000000011385,393.68903,286.894519125,2400.0,"{0: 18.824, 1: 7.229, 2: 11.364, 3: 20.619, 4: 8.235}","{0: 459.109, 1: 448.812, 2: 449.062, 3: 448.688, 4: 448.75}","{0: 0, 1: 0, 2: 0, 3: 0, 4: 0, 5: 0, 6: 0, 7: 0, 8: 0, 9: 0}","{0: 0, 1: 0, 2: 0, 3: 0, 4: 0, 5: 0, 6: 0, 7: 0, 8: 0, 9: 0}","{0: 0, 1: 0, 2: 0, 3: 0, 4: 0, 5: 0, 6: 0, 7: 0, 8: 0, 9: 0}",0,0
none_fpga_raft,60c1s5r10p,YCSB_A,rw_1000000,concurrent_50,0,30000,304.07500000000005,347.3728000000789,407.7871799999991,287.81810613333334,3000.0,"{0: 21.429, 1: 8.537, 2: 21.212, 3: 12.5, 4: 7.317}","{0: 464.207, 1: 450.375, 2: 450.438, 3: 450.312, 4: 450.375}","{0: 0, 1: 0, 2: 0, 3: 0, 4: 0, 5: 0, 6: 0, 7: 0, 8: 0, 9: 0}","{0: 0, 1: 0, 2: 0, 3: 0, 4: 0, 5: 0, 6: 0, 7: 0, 8: 0, 9: 0}","{0: 0, 1: 0, 2: 0, 3: 0, 4: 0, 5: 0, 6: 0, 7: 0, 8: 0, 9: 0}",0,0
none_fpga_raft,60c1s5r10p,YCSB_A,rw_1000000,concurrent_60,0,36000,304.9565,380.0353,411.05702,289.74053308333333,3600.0,"{0: 25.0, 1: 9.877, 2: 7.317, 3: 9.524, 4: 26.415}","{0: 468.473, 1: 451.621, 2: 452.25, 3: 451.801, 4: 451.688}","{0: 0, 1: 0, 2: 0, 3: 0, 4: 0, 5: 0, 6: 0, 7: 0, 8: 0, 9: 0}","{0: 0, 1: 0, 2: 0, 3: 0, 4: 0, 5: 0, 6: 0, 7: 0, 8: 0, 9: 0}","{0: 0, 1: 0, 2: 0, 3: 0, 4: 0, 5: 0, 6: 0, 7: 0, 8: 0, 9: 0}",0,0
none_fpga_raft,60c1s5r10p,YCSB_A,rw_1000000,concurrent_70,0,42000,317.55449999999996,380.166,417.51502999999997,299.379778,4200.0,"{0: 29.412, 1: 9.756, 2: 7.317, 3: 7.317, 4: 26.214}","{0: 474.391, 1: 453.75, 2: 454.242, 3: 453.562, 4: 453.688}","{0: 0, 1: 0, 2: 0, 3: 0, 4: 0, 5: 0, 6: 0, 7: 0, 8: 0, 9: 0}","{0: 0, 1: 0, 2: 0, 3: 0, 4: 0, 5: 0, 6: 0, 7: 0, 8: 0, 9: 0}","{0: 0, 1: 0, 2: 0, 3: 0, 4: 0, 5: 0, 6: 0, 7: 0, 8: 0, 9: 0}",0,0
none_fpga_raft,60c1s5r10p,YCSB_A,rw_1000000,concurrent_80,0,48000,335.8485,401.941,481.78202,324.7494991666667,4800.0,"{0: 31.395, 1: 10.976, 2: 8.537, 3: 7.317, 4: 8.537}","{0: 481.312, 1: 455.055, 2: 454.992, 3: 455.09, 4: 455.123}","{0: 0, 1: 0, 2: 0, 3: 0, 4: 0, 5: 0, 6: 0, 7: 0, 8: 0, 9: 0}","{0: 0, 1: 0, 2: 0, 3: 0, 4: 0, 5: 0, 6: 0, 7: 0, 8: 0, 9: 0}","{0: 0, 1: 0, 2: 0, 3: 0, 4: 0, 5: 0, 6: 0, 7: 0, 8: 0, 9: 0}",0,0
none_fpga_raft,60c1s5r10p,YCSB_A,rw_1000000,concurrent_100,0,60000,369.639,482.6241,595.3200400000001,365.59260458333335,6000.0,"{0: 39.773, 1: 15.909, 2: 8.537, 3: 11.765, 4: 17.045}","{0: 523.25, 1: 458.309, 2: 458.42, 3: 458.113, 4: 458.336}","{0: 0, 1: 0, 2: 0, 3: 0, 4: 0, 5: 0, 6: 0, 7: 0, 8: 0, 9: 0}","{0: 0, 1: 0, 2: 0, 3: 0, 4: 0, 5: 0, 6: 0, 7: 0, 8: 0, 9: 0}","{0: 0, 1: 0, 2: 0, 3: 0, 4: 0, 5: 0, 6: 0, 7: 0, 8: 0, 9: 0}",0,0
none_fpga_raft,60c1s5r10p,YCSB_A,rw_1000000,concurrent_120,0,72000,472.2445,623.1600999999999,752.80102,472.9627443333333,7200.0,"{0: 47.778, 1: 14.634, 2: 11.765, 3: 29.808, 4: 21.505}","{0: 593.562, 1: 461.949, 2: 462.143, 3: 461.926, 4: 461.838}","{0: 0, 1: 0, 2: 0, 3: 0, 4: 0, 5: 0, 6: 0, 7: 0, 8: 0, 9: 0}","{0: 0, 1: 0, 2: 0, 3: 0, 4: 0, 5: 0, 6: 0, 7: 0, 8: 0, 9: 0}","{0: 0, 1: 0, 2: 0, 3: 0, 4: 0, 5: 0, 6: 0, 7: 0, 8: 0, 9: 0}",0,0
none_fpga_raft,60c1s5r10p,YCSB_A,rw_1000000,concurrent_150,0,75788,2797.74,3611.589000000002,3829.8313,2617.1933480762123,7578.8,"{0: 61.957, 1: 18.072, 2: 33.621, 3: 14.286, 4: 10.976}","{0: 967.438, 1: 504.492, 2: 497.551, 3: 503.434, 4: 500.438}","{0: 0, 1: 0, 2: 0, 3: 0, 4: 0, 5: 0, 6: 0, 7: 0, 8: 0, 9: 0}","{0: 0, 1: 0, 2: 0, 3: 0, 4: 0, 5: 0, 6: 0, 7: 0, 8: 0, 9: 0}","{0: 0, 1: 0, 2: 0, 3: 0, 4: 0, 5: 0, 6: 0, 7: 0, 8: 0, 9: 0}",0,0
none_fpga_raft,60c1s5r10p,YCSB_A,rw_zipf_1,concurrent_1,0,600,297.217,327.2789000000012,385.62006,279.9798616666667,60.0,"{0: 3.704, 1: 14.737, 2: 1.235, 3: 2.439, 4: 1.235}","{0: 447.688, 1: 446.188, 2: 446.562, 3: 446.062, 4: 446.438}","{0: 0, 1: 0, 2: 0, 3: 0, 4: 0, 5: 0, 6: 0, 7: 0, 8: 0, 9: 0}","{0: 0, 1: 0, 2: 0, 3: 0, 4: 0, 5: 0, 6: 0, 7: 0, 8: 0, 9: 0}","{0: 0, 1: 0, 2: 0, 3: 0, 4: 0, 5: 0, 6: 0, 7: 0, 8: 0, 9: 0}",0,0
none_fpga_raft,60c1s5r10p,YCSB_A,rw_zipf_1,concurrent_10,0,6000,302.62850000000003,332.6305000000196,391.32000999999997,285.17162333333334,600.0,"{0: 7.229, 1: 14.13, 2: 10.112, 3: 23.81, 4: 3.614}","{0: 464.125, 1: 460.375, 2: 460.625, 3: 460.5, 4: 460.25}","{0: 0, 1: 0, 2: 0, 3: 0, 4: 0, 5: 0, 6: 0, 7: 0, 8: 0, 9: 0}","{0: 0, 1: 0, 2: 0, 3: 0, 4: 0, 5: 0, 6: 0, 7: 0, 8: 0, 9: 0}","{0: 0, 1: 0, 2: 0, 3: 0, 4: 0, 5: 0, 6: 0, 7: 0, 8: 0, 9: 0}",0,0
none_fpga_raft,60c1s5r10p,YCSB_A,rw_zipf_1,concurrent_20,0,12000,301.9385,330.93370000001926,389.22502000000003,283.12537108333333,1200.0,"{0: 12.048, 1: 7.143, 2: 10.227, 3: 5.952, 4: 4.819}","{0: 467.688, 1: 461.625, 2: 461.75, 3: 461.312, 4: 461.562}","{0: 0, 1: 0, 2: 0, 3: 0, 4: 0, 5: 0, 6: 0, 7: 0, 8: 0, 9: 0}","{0: 0, 1: 0, 2: 0, 3: 0, 4: 0, 5: 0, 6: 0, 7: 0, 8: 0, 9: 0}","{0: 0, 1: 0, 2: 0, 3: 0, 4: 0, 5: 0, 6: 0, 7: 0, 8: 0, 9: 0}",0,0
none_fpga_raft,60c1s5r10p,YCSB_A,rw_zipf_1,concurrent_30,0,18000,300.756,331.95340000001903,397.57402,284.3678221111111,1800.0,"{0: 16.667, 1: 8.235, 2: 5.952, 3: 6.098, 4: 6.024}","{0: 470.92, 1: 463.0, 2: 463.0, 3: 462.875, 4: 463.062}","{0: 0, 1: 0, 2: 0, 3: 0, 4: 0, 5: 0, 6: 0, 7: 0, 8: 0, 9: 0}","{0: 0, 1: 0, 2: 0, 3: 0, 4: 0, 5: 0, 6: 0, 7: 0, 8: 0, 9: 0}","{0: 0, 1: 0, 2: 0, 3: 0, 4: 0, 5: 0, 6: 0, 7: 0, 8: 0, 9: 0}",0,0
none_fpga_raft,60c1s5r10p,YCSB_A,rw_zipf_1,concurrent_40,0,24000,300.80150000000003,330.0007000001185,397.238,284.1594714583333,2400.0,"{0: 20.0, 1: 7.317, 2: 7.059, 3: 18.75, 4: 6.098}","{0: 475.105, 1: 464.562, 2: 464.5, 3: 464.312, 4: 464.25}","{0: 0, 1: 0, 2: 0, 3: 0, 4: 0, 5: 0, 6: 0, 7: 0, 8: 0, 9: 0}","{0: 0, 1: 0, 2: 0, 3: 0, 4: 0, 5: 0, 6: 0, 7: 0, 8: 0, 9: 0}","{0: 0, 1: 0, 2: 0, 3: 0, 4: 0, 5: 0, 6: 0, 7: 0, 8: 0, 9: 0}",0,0
none_fpga_raft,60c1s5r10p,YCSB_A,rw_zipf_1,concurrent_50,0,30000,303.4395,338.123300000098,389.34605,285.1058682,3000.0,"{0: 21.429, 1: 8.434, 2: 13.187, 3: 9.524, 4: 12.36}","{0: 478.938, 1: 465.688, 2: 465.875, 3: 465.719, 4: 465.5}","{0: 0, 1: 0, 2: 0, 3: 0, 4: 0, 5: 0, 6: 0, 7: 0, 8: 0, 9: 0}","{0: 0, 1: 0, 2: 0, 3: 0, 4: 0, 5: 0, 6: 0, 7: 0, 8: 0, 9: 0}","{0: 0, 1: 0, 2: 0, 3: 0, 4: 0, 5: 0, 6: 0, 7: 0, 8: 0, 9: 0}",0,0
none_fpga_raft,60c1s5r10p,YCSB_A,rw_zipf_1,concurrent_60,0,36000,304.883,377.0142,387.67808,286.83583941666666,3600.0,"{0: 24.419, 1: 9.524, 2: 6.098, 3: 8.333, 4: 10.465}","{0: 483.938, 1: 467.062, 2: 467.375, 3: 467.125, 4: 467.062}","{0: 0, 1: 0, 2: 0, 3: 0, 4: 0, 5: 0, 6: 0, 7: 0, 8: 0, 9: 0}","{0: 0, 1: 0, 2: 0, 3: 0, 4: 0, 5: 0, 6: 0, 7: 0, 8: 0, 9: 0}","{0: 0, 1: 0, 2: 0, 3: 0, 4: 0, 5: 0, 6: 0, 7: 0, 8: 0, 9: 0}",0,0
none_fpga_raft,60c1s5r10p,YCSB_A,rw_zipf_1,concurrent_70,0,42000,313.6925,380.654,427.15500999999995,300.2308921904762,4200.0,"{0: 25.882, 1: 9.639, 2: 7.317, 3: 7.229, 4: 6.173}","{0: 491.773, 1: 469.062, 2: 469.328, 3: 468.965, 4: 469.285}","{0: 0, 1: 0, 2: 0, 3: 0, 4: 0, 5: 0, 6: 0, 7: 0, 8: 0, 9: 0}","{0: 0, 1: 0, 2: 0, 3: 0, 4: 0, 5: 0, 6: 0, 7: 0, 8: 0, 9: 0}","{0: 0, 1: 0, 2: 0, 3: 0, 4: 0, 5: 0, 6: 0, 7: 0, 8: 0, 9: 0}",0,0
none_fpga_raft,60c1s5r10p,YCSB_A,rw_zipf_1,concurrent_80,0,48000,326.202,402.1363,484.41610000000065,313.6855745625,4800.0,"{0: 30.233, 1: 10.714, 2: 8.434, 3: 7.229, 4: 10.588}","{0: 499.035, 1: 470.916, 2: 471.311, 3: 471.207, 4: 471.123}","{0: 0, 1: 0, 2: 0, 3: 0, 4: 0, 5: 0, 6: 0, 7: 0, 8: 0, 9: 0}","{0: 0, 1: 0, 2: 0, 3: 0, 4: 0, 5: 0, 6: 0, 7: 0, 8: 0, 9: 0}","{0: 0, 1: 0, 2: 0, 3: 0, 4: 0, 5: 0, 6: 0, 7: 0, 8: 0, 9: 0}",0,0
none_fpga_raft,60c1s5r10p,YCSB_A,rw_zipf_1,concurrent_100,0,60000,424.801,534.3713,664.45502,418.6025718,6000.0,"{0: 39.326, 1: 10.976, 2: 15.385, 3: 9.639, 4: 10.588}","{0: 544.25, 1: 474.238, 2: 474.059, 3: 474.336, 4: 474.0}","{0: 0, 1: 0, 2: 0, 3: 0, 4: 0, 5: 0, 6: 0, 7: 0, 8: 0, 9: 0}","{0: 0, 1: 0, 2: 0, 3: 0, 4: 0, 5: 0, 6: 0, 7: 0, 8: 0, 9: 0}","{0: 0, 1: 0, 2: 0, 3: 0, 4: 0, 5: 0, 6: 0, 7: 0, 8: 0, 9: 0}",0,0
none_fpga_raft,60c1s5r10p,YCSB_A,rw_zipf_1,concurrent_120,0,72000,511.5165,668.4953,799.0690599999999,513.2568728333334,7200.0,"{0: 47.191, 1: 14.286, 2: 8.434, 3: 10.843, 4: 9.756}","{0: 615.5, 1: 477.145, 2: 477.754, 3: 476.977, 4: 477.201}","{0: 0, 1: 0, 2: 0, 3: 0, 4: 0, 5: 0, 6: 0, 7: 0, 8: 0, 9: 0}","{0: 0, 1: 0, 2: 0, 3: 0, 4: 0, 5: 0, 6: 0, 7: 0, 8: 0, 9: 0}","{0: 0, 1: 0, 2: 0, 3: 0, 4: 0, 5: 0, 6: 0, 7: 0, 8: 0, 9: 0}",0,0
none_fpga_raft,60c1s5r10p,YCSB_A,rw_zipf_1,concurrent_150,0,74192,2691.86,3668.72,3870.2975999999976,2522.4399448053696,7419.2,"{0: 57.143, 1: 16.279, 2: 20.619, 3: 16.854, 4: 9.639}","{0: 962.688, 1: 520.688, 2: 512.438, 3: 515.625, 4: 514.609}","{0: 0, 1: 0, 2: 0, 3: 0, 4: 0, 5: 0, 6: 0, 7: 0, 8: 0, 9: 0}","{0: 0, 1: 0, 2: 0, 3: 0, 4: 0, 5: 0, 6: 0, 7: 0, 8: 0, 9: 0}","{0: 0, 1: 0, 2: 0, 3: 0, 4: 0, 5: 0, 6: 0, 7: 0, 8: 0, 9: 0}",0,0
none_fpga_raft,60c1s5r10p,YCSB_A,rw_zipf_0.5,concurrent_50,0,30000,303.0815,379.0144,396.10305,285.25796103333334,3000.0,"{0: 22.093, 1: 8.434, 2: 4.938, 3: 15.385, 4: 7.229}","{0: 478.926, 1: 465.938, 2: 465.875, 3: 465.75, 4: 465.75}","{0: 0, 1: 0, 2: 0, 3: 0, 4: 0, 5: 0, 6: 0, 7: 0, 8: 0, 9: 0}","{0: 0, 1: 0, 2: 0, 3: 0, 4: 0, 5: 0, 6: 0, 7: 0, 8: 0, 9: 0}","{0: 0, 1: 0, 2: 0, 3: 0, 4: 0, 5: 0, 6: 0, 7: 0, 8: 0, 9: 0}",0,0
none_fpga_raft,60c1s5r10p,YCSB_A,rw_zipf_0.55,concurrent_50,0,30000,301.5955,378.64520000000005,399.37107999999995,284.30186166666664,3000.0,"{0: 23.256, 1: 9.412, 2: 4.878, 3: 20.0, 4: 7.229}","{0: 478.93, 1: 465.844, 2: 465.75, 3: 465.938, 4: 465.688}","{0: 0, 1: 0, 2: 0, 3: 0, 4: 0, 5: 0, 6: 0, 7: 0, 8: 0, 9: 0}","{0: 0, 1: 0, 2: 0, 3: 0, 4: 0, 5: 0, 6: 0, 7: 0, 8: 0, 9: 0}","{0: 0, 1: 0, 2: 0, 3: 0, 4: 0, 5: 0, 6: 0, 7: 0, 8: 0, 9: 0}",0,0
none_fpga_raft,60c1s5r10p,YCSB_A,rw_zipf_0.6,concurrent_50,0,30000,302.988,344.2285000000854,391.48803,286.7064618333333,3000.0,"{0: 23.529, 1: 10.465, 2: 15.217, 3: 8.434, 4: 8.434}","{0: 477.633, 1: 465.5, 2: 466.188, 3: 465.625, 4: 465.562}","{0: 0, 1: 0, 2: 0, 3: 0, 4: 0, 5: 0, 6: 0, 7: 0, 8: 0, 9: 0}","{0: 0, 1: 0, 2: 0, 3: 0, 4: 0, 5: 0, 6: 0, 7: 0, 8: 0, 9: 0}","{0: 0, 1: 0, 2: 0, 3: 0, 4: 0, 5: 0, 6: 0, 7: 0, 8: 0, 9: 0}",0,0
none_fpga_raft,60c1s5r10p,YCSB_A,rw_zipf_0.65,concurrent_50,0,30000,305.096,343.42350000008685,402.98802,285.9226127333333,3000.0,"{0: 21.429, 1: 8.434, 2: 4.878, 3: 7.317, 4: 7.317}","{0: 478.688, 1: 465.875, 2: 465.875, 3: 465.75, 4: 465.688}","{0: 0, 1: 0, 2: 0, 3: 0, 4: 0, 5: 0, 6: 0, 7: 0, 8: 0, 9: 0}","{0: 0, 1: 0, 2: 0, 3: 0, 4: 0, 5: 0, 6: 0, 7: 0, 8: 0, 9: 0}","{0: 0, 1: 0, 2: 0, 3: 0, 4: 0, 5: 0, 6: 0, 7: 0, 8: 0, 9: 0}",0,0
none_fpga_raft,60c1s5r10p,YCSB_A,rw_zipf_0.7,concurrent_50,0,30000,302.7215,376.9155,389.91900999999996,284.5038116333333,3000.0,"{0: 21.176, 1: 16.484, 2: 4.938, 3: 13.483, 4: 8.333}","{0: 478.742, 1: 466.312, 2: 466.188, 3: 466.125, 4: 466.125}","{0: 0, 1: 0, 2: 0, 3: 0, 4: 0, 5: 0, 6: 0, 7: 0, 8: 0, 9: 0}","{0: 0, 1: 0, 2: 0, 3: 0, 4: 0, 5: 0, 6: 0, 7: 0, 8: 0, 9: 0}","{0: 0, 1: 0, 2: 0, 3: 0, 4: 0, 5: 0, 6: 0, 7: 0, 8: 0, 9: 0}",0,0
none_fpga_raft,60c1s5r10p,YCSB_A,rw_zipf_0.75,concurrent_50,0,30000,302.98400000000004,335.43950000010796,393.53302,285.7503266333333,3000.0,"{0: 23.81, 1: 8.537, 2: 11.236, 3: 9.412, 4: 9.412}","{0: 481.125, 1: 465.688, 2: 466.125, 3: 465.812, 4: 465.75}","{0: 0, 1: 0, 2: 0, 3: 0, 4: 0, 5: 0, 6: 0, 7: 0, 8: 0, 9: 0}","{0: 0, 1: 0, 2: 0, 3: 0, 4: 0, 5: 0, 6: 0, 7: 0, 8: 0, 9: 0}","{0: 0, 1: 0, 2: 0, 3: 0, 4: 0, 5: 0, 6: 0, 7: 0, 8: 0, 9: 0}",0,0
none_fpga_raft,60c1s5r10p,YCSB_A,rw_zipf_0.8,concurrent_50,0,30000,302.961,341.12860000009283,397.67902,285.7355701,3000.0,"{0: 22.093, 1: 8.434, 2: 8.14, 3: 19.792, 4: 11.494}","{0: 479.75, 1: 465.75, 2: 466.0, 3: 465.562, 4: 465.75}","{0: 0, 1: 0, 2: 0, 3: 0, 4: 0, 5: 0, 6: 0, 7: 0, 8: 0, 9: 0}","{0: 0, 1: 0, 2: 0, 3: 0, 4: 0, 5: 0, 6: 0, 7: 0, 8: 0, 9: 0}","{0: 0, 1: 0, 2: 0, 3: 0, 4: 0, 5: 0, 6: 0, 7: 0, 8: 0, 9: 0}",0,0
none_fpga_raft,60c1s5r10p,YCSB_A,rw_zipf_0.85,concurrent_50,0,30000,301.55150000000003,345.2259000000791,388.57800999999995,284.81675886666665,3000.0,"{0: 23.256, 1: 8.537, 2: 12.36, 3: 7.317, 4: 8.333}","{0: 479.125, 1: 465.875, 2: 466.0, 3: 465.75, 4: 465.812}","{0: 0, 1: 0, 2: 0, 3: 0, 4: 0, 5: 0, 6: 0, 7: 0, 8: 0, 9: 0}","{0: 0, 1: 0, 2: 0, 3: 0, 4: 0, 5: 0, 6: 0, 7: 0, 8: 0, 9: 0}","{0: 0, 1: 0, 2: 0, 3: 0, 4: 0, 5: 0, 6: 0, 7: 0, 8: 0, 9: 0}",0,0
none_fpga_raft,60c1s5r10p,YCSB_A,rw_zipf_0.9,concurrent_50,0,30000,306.48699999999997,341.79940000010737,399.78304,287.36851603333326,3000.0,"{0: 24.138, 1: 8.434, 2: 4.819, 3: 7.229, 4: 6.098}","{0: 479.094, 1: 465.812, 2: 466.125, 3: 465.5, 4: 465.5}","{0: 0, 1: 0, 2: 0, 3: 0, 4: 0, 5: 0, 6: 0, 7: 0, 8: 0, 9: 0}","{0: 0, 1: 0, 2: 0, 3: 0, 4: 0, 5: 0, 6: 0, 7: 0, 8: 0, 9: 0}","{0: 0, 1: 0, 2: 0, 3: 0, 4: 0, 5: 0, 6: 0, 7: 0, 8: 0, 9: 0}",0,0
none_fpga_raft,60c1s5r10p,YCSB_A,rw_zipf_0.95,concurrent_50,0,30000,305.317,380.8377000000002,394.3071,287.59200219999997,3000.0,"{0: 23.256, 1: 7.317, 2: 13.333, 3: 14.607, 4: 15.385}","{0: 477.98, 1: 465.625, 2: 465.625, 3: 465.562, 4: 465.625}","{0: 0, 1: 0, 2: 0, 3: 0, 4: 0, 5: 0, 6: 0, 7: 0, 8: 0, 9: 0}","{0: 0, 1: 0, 2: 0, 3: 0, 4: 0, 5: 0, 6: 0, 7: 0, 8: 0, 9: 0}","{0: 0, 1: 0, 2: 0, 3: 0, 4: 0, 5: 0, 6: 0, 7: 0, 8: 0, 9: 0}",0,0
none_fpga_raft,60c1s5r10p,YCSB_A,rw_zipf_1,concurrent_50,0,30000,303.4395,338.123300000098,389.34605,285.1058682,3000.0,"{0: 21.429, 1: 8.434, 2: 13.187, 3: 9.524, 4: 12.36}","{0: 478.938, 1: 465.688, 2: 465.875, 3: 465.719, 4: 465.5}","{0: 0, 1: 0, 2: 0, 3: 0, 4: 0, 5: 0, 6: 0, 7: 0, 8: 0, 9: 0}","{0: 0, 1: 0, 2: 0, 3: 0, 4: 0, 5: 0, 6: 0, 7: 0, 8: 0, 9: 0}","{0: 0, 1: 0, 2: 0, 3: 0, 4: 0, 5: 0, 6: 0, 7: 0, 8: 0, 9: 0}",0,0
none_fpga_raft,60c1s5r10p,YCSB_B,rw_zipf_0.5,concurrent_50,0,30000,303.794,358.2574000000505,397.24701,287.4713991,3000.0,"{0: 23.256, 1: 8.434, 2: 19.388, 3: 12.644, 4: 18.085}","{0: 479.0, 1: 465.75, 2: 465.938, 3: 465.938, 4: 465.688}","{0: 0, 1: 0, 2: 0, 3: 0, 4: 0, 5: 0, 6: 0, 7: 0, 8: 0, 9: 0}","{0: 0, 1: 0, 2: 0, 3: 0, 4: 0, 5: 0, 6: 0, 7: 0, 8: 0, 9: 0}","{0: 0, 1: 0, 2: 0, 3: 0, 4: 0, 5: 0, 6: 0, 7: 0, 8: 0, 9: 0}",0,0
none_fpga_raft,60c1s5r10p,YCSB_B,rw_zipf_0.55,concurrent_50,0,30000,303.919,332.991200000115,399.433,285.7634308,3000.0,"{0: 22.353, 1: 8.434, 2: 6.024, 3: 8.537, 4: 7.229}","{0: 478.387, 1: 466.0, 2: 465.938, 3: 465.75, 4: 465.75}","{0: 0, 1: 0, 2: 0, 3: 0, 4: 0, 5: 0, 6: 0, 7: 0, 8: 0, 9: 0}","{0: 0, 1: 0, 2: 0, 3: 0, 4: 0, 5: 0, 6: 0, 7: 0, 8: 0, 9: 0}","{0: 0, 1: 0, 2: 0, 3: 0, 4: 0, 5: 0, 6: 0, 7: 0, 8: 0, 9: 0}",0,0
none_fpga_raft,60c1s5r10p,YCSB_B,rw_zipf_0.6,concurrent_50,0,30000,306.271,338.8791000001033,397.31102999999996,287.77673823333333,3000.0,"{0: 21.176, 1: 8.434, 2: 6.098, 3: 8.333, 4: 8.333}","{0: 479.941, 1: 465.906, 2: 465.902, 3: 465.688, 4: 465.906}","{0: 0, 1: 0, 2: 0, 3: 0, 4: 0, 5: 0, 6: 0, 7: 0, 8: 0, 9: 0}","{0: 0, 1: 0, 2: 0, 3: 0, 4: 0, 5: 0, 6: 0, 7: 0, 8: 0, 9: 0}","{0: 0, 1: 0, 2: 0, 3: 0, 4: 0, 5: 0, 6: 0, 7: 0, 8: 0, 9: 0}",0,0
none_fpga_raft,60c1s5r10p,YCSB_B,rw_zipf_0.65,concurrent_50,0,30000,302.8905,353.53390000006476,396.88100999999995,287.1150107,3000.0,"{0: 22.353, 1: 8.333, 2: 8.333, 3: 8.333, 4: 11.494}","{0: 478.895, 1: 465.688, 2: 465.812, 3: 465.625, 4: 465.625}","{0: 0, 1: 0, 2: 0, 3: 0, 4: 0, 5: 0, 6: 0, 7: 0, 8: 0, 9: 0}","{0: 0, 1: 0, 2: 0, 3: 0, 4: 0, 5: 0, 6: 0, 7: 0, 8: 0, 9: 0}","{0: 0, 1: 0, 2: 0, 3: 0, 4: 0, 5: 0, 6: 0, 7: 0, 8: 0, 9: 0}",0,0
none_fpga_raft,60c1s5r10p,YCSB_B,rw_zipf_0.7,concurrent_50,0,30000,301.8575,333.98090000010495,394.2055599999999,283.7280184333333,3000.0,"{0: 22.619, 1: 7.407, 2: 4.878, 3: 11.628, 4: 7.229}","{0: 478.562, 1: 465.625, 2: 465.875, 3: 465.75, 4: 465.812}","{0: 0, 1: 0, 2: 0, 3: 0, 4: 0, 5: 0, 6: 0, 7: 0, 8: 0, 9: 0}","{0: 0, 1: 0, 2: 0, 3: 0, 4: 0, 5: 0, 6: 0, 7: 0, 8: 0, 9: 0}","{0: 0, 1: 0, 2: 0, 3: 0, 4: 0, 5: 0, 6: 0, 7: 0, 8: 0, 9: 0}",0,0
none_fpga_raft,60c1s5r10p,YCSB_B,rw_zipf_0.75,concurrent_50,0,30000,302.8665,342.28420000008646,389.64902,284.40507106666666,3000.0,"{0: 22.353, 1: 8.434, 2: 11.494, 3: 12.5, 4: 6.098}","{0: 480.406, 1: 465.562, 2: 465.75, 3: 465.562, 4: 465.562}","{0: 0, 1: 0, 2: 0, 3: 0, 4: 0, 5: 0, 6: 0, 7: 0, 8: 0, 9: 0}","{0: 0, 1: 0, 2: 0, 3: 0, 4: 0, 5: 0, 6: 0, 7: 0, 8: 0, 9: 0}","{0: 0, 1: 0, 2: 0, 3: 0, 4: 0, 5: 0, 6: 0, 7: 0, 8: 0, 9: 0}",0,0
none_fpga_raft,60c1s5r10p,YCSB_B,rw_zipf_0.8,concurrent_50,0,30000,305.582,343.8865000000921,398.57605,288.13887546666666,3000.0,"{0: 24.138, 1: 7.317, 2: 6.024, 3: 10.465, 4: 7.229}","{0: 480.84, 1: 465.809, 2: 466.094, 3: 465.465, 4: 465.84}","{0: 0, 1: 0, 2: 0, 3: 0, 4: 0, 5: 0, 6: 0, 7: 0, 8: 0, 9: 0}","{0: 0, 1: 0, 2: 0, 3: 0, 4: 0, 5: 0, 6: 0, 7: 0, 8: 0, 9: 0}","{0: 0, 1: 0, 2: 0, 3: 0, 4: 0, 5: 0, 6: 0, 7: 0, 8: 0, 9: 0}",0,0
none_fpga_raft,60c1s5r10p,YCSB_B,rw_zipf_0.85,concurrent_50,0,30000,305.577,340.5276000000977,391.637,286.78803159999995,3000.0,"{0: 22.093, 1: 8.434, 2: 4.878, 3: 7.229, 4: 10.465}","{0: 479.34, 1: 465.875, 2: 465.812, 3: 465.5, 4: 465.562}","{0: 0, 1: 0, 2: 0, 3: 0, 4: 0, 5: 0, 6: 0, 7: 0, 8: 0, 9: 0}","{0: 0, 1: 0, 2: 0, 3: 0, 4: 0, 5: 0, 6: 0, 7: 0, 8: 0, 9: 0}","{0: 0, 1: 0, 2: 0, 3: 0, 4: 0, 5: 0, 6: 0, 7: 0, 8: 0, 9: 0}",0,0
none_fpga_raft,60c1s5r10p,YCSB_B,rw_zipf_0.9,concurrent_50,0,30000,300.30150000000003,336.18640000010384,390.599,284.22609876666667,3000.0,"{0: 23.529, 1: 7.317, 2: 9.302, 3: 8.333, 4: 7.229}","{0: 478.004, 1: 465.688, 2: 465.688, 3: 465.688, 4: 465.688}","{0: 0, 1: 0, 2: 0, 3: 0, 4: 0, 5: 0, 6: 0, 7: 0, 8: 0, 9: 0}","{0: 0, 1: 0, 2: 0, 3: 0, 4: 0, 5: 0, 6: 0, 7: 0, 8: 0, 9: 0}","{0: 0, 1: 0, 2: 0, 3: 0, 4: 0, 5: 0, 6: 0, 7: 0, 8: 0, 9: 0}",0,0
none_fpga_raft,60c1s5r10p,YCSB_B,rw_zipf_0.95,concurrent_50,0,30000,304.494,350.0953000000762,393.183,286.8032259333333,3000.0,"{0: 21.176, 1: 7.229, 2: 6.024, 3: 13.636, 4: 7.317}","{0: 478.062, 1: 465.812, 2: 466.0, 3: 465.625, 4: 465.625}","{0: 0, 1: 0, 2: 0, 3: 0, 4: 0, 5: 0, 6: 0, 7: 0, 8: 0, 9: 0}","{0: 0, 1: 0, 2: 0, 3: 0, 4: 0, 5: 0, 6: 0, 7: 0, 8: 0, 9: 0}","{0: 0, 1: 0, 2: 0, 3: 0, 4: 0, 5: 0, 6: 0, 7: 0, 8: 0, 9: 0}",0,0
none_fpga_raft,60c1s5r10p,YCSB_B,rw_zipf_1,concurrent_50,0,30000,299.6425,336.3385000000991,389.22504000000004,283.83958333333334,3000.0,"{0: 21.687, 1: 7.317, 2: 4.878, 3: 7.317, 4: 13.483}","{0: 479.73, 1: 465.746, 2: 465.875, 3: 465.738, 4: 465.84}","{0: 0, 1: 0, 2: 0, 3: 0, 4: 0, 5: 0, 6: 0, 7: 0, 8: 0, 9: 0}","{0: 0, 1: 0, 2: 0, 3: 0, 4: 0, 5: 0, 6: 0, 7: 0, 8: 0, 9: 0}","{0: 0, 1: 0, 2: 0, 3: 0, 4: 0, 5: 0, 6: 0, 7: 0, 8: 0, 9: 0}",0,0
none_copilot,60c1s5r10p,YCSB_A,rw_1000000,concurrent_1,0,600,446.7865,476.77030000000127,526.97227,428.0749416666667,60.0,"{0: 3.061, 1: 3.061, 2: 2.02, 3: 3.0, 4: 3.0}","{0: 434.5, 1: 434.375, 2: 432.438, 3: 431.875, 4: 431.75}","{0: 0, 1: 0, 2: 0, 3: 0, 4: 0, 5: 0, 6: 0, 7: 0, 8: 0, 9: 0}","{0: 0, 1: 0, 2: 0, 3: 0, 4: 0, 5: 0, 6: 0, 7: 0, 8: 0, 9: 0}","{0: 0, 1: 0, 2: 0, 3: 0, 4: 0, 5: 0, 6: 0, 7: 0, 8: 0, 9: 0}",0,0
none_copilot,60c1s5r10p,YCSB_A,rw_1000000,concurrent_10,0,6000,450.87300000000005,479.1604000000179,535.2320199999999,432.6734443333333,600.0,"{0: 7.143, 1: 8.0, 2: 3.061, 3: 4.04, 4: 3.061}","{0: 487.625, 1: 486.375, 2: 474.812, 3: 470.25, 4: 472.375}","{0: 0, 1: 0, 2: 0, 3: 0, 4: 0, 5: 0, 6: 0, 7: 0, 8: 0, 9: 0}","{0: 0, 1: 0, 2: 0, 3: 0, 4: 0, 5: 0, 6: 0, 7: 0, 8: 0, 9: 0}","{0: 0, 1: 0, 2: 0, 3: 0, 4: 0, 5: 0, 6: 0, 7: 0, 8: 0, 9: 0}",0,0
none_copilot,60c1s5r10p,YCSB_A,rw_1000000,concurrent_20,0,12000,449.42949999999996,479.1331000000149,536.32301,432.2535219166666,1200.0,"{0: 12.245, 1: 14.141, 2: 5.102, 3: 5.051, 4: 5.051}","{0: 504.25, 1: 506.125, 2: 486.0, 3: 485.875, 4: 485.562}","{0: 0, 1: 0, 2: 0, 3: 0, 4: 0, 5: 0, 6: 0, 7: 0, 8: 0, 9: 0}","{0: 0, 1: 0, 2: 0, 3: 0, 4: 0, 5: 0, 6: 0, 7: 0, 8: 0, 9: 0}","{0: 0, 1: 0, 2: 0, 3: 0, 4: 0, 5: 0, 6: 0, 7: 0, 8: 0, 9: 0}",0,0
none_copilot,60c1s5r10p,YCSB_A,rw_1000000,concurrent_30,0,18000,450.0315,481.82120000001913,536.57001,432.8181632777777,1800.0,"{0: 18.182, 1: 18.75, 2: 6.122, 3: 8.081, 4: 7.071}","{0: 510.5, 1: 512.812, 2: 488.938, 3: 488.75, 4: 488.938}","{0: 0, 1: 0, 2: 0, 3: 0, 4: 0, 5: 0, 6: 0, 7: 0, 8: 0, 9: 0}","{0: 0, 1: 0, 2: 0, 3: 0, 4: 0, 5: 0, 6: 0, 7: 0, 8: 0, 9: 0}","{0: 0, 1: 0, 2: 0, 3: 0, 4: 0, 5: 0, 6: 0, 7: 0, 8: 0, 9: 0}",0,0
none_copilot,60c1s5r10p,YCSB_A,rw_1000000,concurrent_40,0,24000,458.24199999999996,487.914700000109,545.88003,439.0985248333333,2400.0,"{0: 24.242, 1: 26.531, 2: 7.071, 3: 8.247, 4: 9.091}","{0: 519.0, 1: 521.312, 2: 490.375, 3: 490.188, 4: 490.375}","{0: 0, 1: 0, 2: 0, 3: 0, 4: 0, 5: 0, 6: 0, 7: 0, 8: 0, 9: 0}","{0: 0, 1: 0, 2: 0, 3: 0, 4: 0, 5: 0, 6: 0, 7: 0, 8: 0, 9: 0}","{0: 0, 1: 0, 2: 0, 3: 0, 4: 0, 5: 0, 6: 0, 7: 0, 8: 0, 9: 0}",0,0
none_copilot,60c1s5r10p,YCSB_A,rw_1000000,concurrent_50,0,30000,468.4315,507.46330000006435,556.29601,449.05151839999996,3000.0,"{0: 31.313, 1: 34.343, 2: 9.091, 3: 10.204, 4: 9.091}","{0: 526.477, 1: 528.625, 2: 491.562, 3: 492.746, 4: 492.688}","{0: 0, 1: 0, 2: 0, 3: 0, 4: 0, 5: 0, 6: 0, 7: 0, 8: 0, 9: 0}","{0: 0, 1: 0, 2: 0, 3: 0, 4: 0, 5: 0, 6: 0, 7: 0, 8: 0, 9: 0}","{0: 0, 1: 0, 2: 0, 3: 0, 4: 0, 5: 0, 6: 0, 7: 0, 8: 0, 9: 0}",0,0
none_copilot,60c1s5r10p,YCSB_A,rw_1000000,concurrent_60,0,36000,520.182,600.1842,654.9310700000001,510.9075629444444,3600.0,"{0: 37.0, 1: 40.404, 2: 44.444, 3: 11.0, 4: 11.111}","{0: 563.688, 1: 557.25, 2: 507.998, 3: 495.67, 4: 495.125}","{0: 0, 1: 0, 2: 0, 3: 0, 4: 0, 5: 0, 6: 0, 7: 0, 8: 0, 9: 0}","{0: 0, 1: 0, 2: 0, 3: 0, 4: 0, 5: 0, 6: 0, 7: 0, 8: 0, 9: 0}","{0: 0, 1: 0, 2: 0, 3: 0, 4: 0, 5: 0, 6: 0, 7: 0, 8: 0, 9: 0}",0,0
none_copilot,60c1s5r10p,YCSB_A,rw_1000000,concurrent_70,0,42000,594.6120000000001,680.6544,758.69704,585.6477420952382,4200.0,"{0: 47.423, 1: 50.0, 2: 83.0, 3: 13.131, 4: 13.265}","{0: 604.188, 1: 612.434, 2: 515.559, 3: 499.23, 4: 498.309}","{0: 0, 1: 0, 2: 0, 3: 0, 4: 0, 5: 0, 6: 0, 7: 0, 8: 0, 9: 0}","{0: 0, 1: 0, 2: 0, 3: 0, 4: 0, 5: 0, 6: 0, 7: 0, 8: 0, 9: 0}","{0: 0, 1: 0, 2: 0, 3: 0, 4: 0, 5: 0, 6: 0, 7: 0, 8: 0, 9: 0}",0,0
none_copilot,60c1s5r10p,YCSB_A,rw_1000000,concurrent_80,0,47823,753.884,864.3182,996.09456,742.6409105451352,4782.3,"{0: 58.0, 1: 59.596, 2: 69.0, 3: 15.306, 4: 55.556}","{0: 707.688, 1: 692.188, 2: 520.562, 3: 503.027, 4: 508.875}","{0: 0, 1: 0, 2: 0, 3: 0, 4: 0, 5: 0, 6: 0, 7: 0, 8: 0, 9: 0}","{0: 0, 1: 0, 2: 0, 3: 0, 4: 0, 5: 0, 6: 0, 7: 0, 8: 0, 9: 0}","{0: 0, 1: 0, 2: 0, 3: 0, 4: 0, 5: 0, 6: 0, 7: 0, 8: 0, 9: 0}",0,0
none_copilot,60c1s5r10p,YCSB_A,rw_1000000,concurrent_100,0,6427,2591.94,8607.27,18290.9,4041.5594227477823,642.7,"{0: 100.0, 1: 78.0, 2: 6.0, 3: 14.141, 4: 34.0}","{0: 1613.797, 1: 1640.562, 2: 597.559, 3: 604.562, 4: 593.312}","{0: 0, 1: 0, 2: 0, 3: 0, 4: 0, 5: 0, 6: 0, 7: 0, 8: 0, 9: 0}","{0: 0, 1: 0, 2: 0, 3: 0, 4: 0, 5: 0, 6: 0, 7: 0, 8: 0, 9: 0}","{0: 0, 1: 0, 2: 0, 3: 0, 4: 0, 5: 0, 6: 0, 7: 0, 8: 0, 9: 0}",0,0
none_copilot,60c1s5r10p,YCSB_A,rw_zipf_1,concurrent_1,0,600,449.35450000000003,479.1472000000008,533.66801,431.87144333333333,60.0,"{0: 3.03, 1: 3.03, 2: 2.02, 3: 1.02, 4: 2.02}","{0: 450.0, 1: 449.625, 2: 447.875, 3: 447.438, 4: 447.375}","{0: 0, 1: 0, 2: 0, 3: 0, 4: 0, 5: 0, 6: 0, 7: 0, 8: 0, 9: 0}","{0: 0, 1: 0, 2: 0, 3: 0, 4: 0, 5: 0, 6: 0, 7: 0, 8: 0, 9: 0}","{0: 0, 1: 0, 2: 0, 3: 0, 4: 0, 5: 0, 6: 0, 7: 0, 8: 0, 9: 0}",0,0
none_copilot,60c1s5r10p,YCSB_A,rw_zipf_1,concurrent_10,0,6000,448.9225,477.31830000002043,533.5510300000001,430.06524366666673,600.0,"{0: 6.186, 1: 7.071, 2: 3.03, 3: 2.062, 4: 3.061}","{0: 500.75, 1: 502.625, 2: 491.0, 3: 486.188, 4: 488.312}","{0: 0, 1: 0, 2: 0, 3: 0, 4: 0, 5: 0, 6: 0, 7: 0, 8: 0, 9: 0}","{0: 0, 1: 0, 2: 0, 3: 0, 4: 0, 5: 0, 6: 0, 7: 0, 8: 0, 9: 0}","{0: 0, 1: 0, 2: 0, 3: 0, 4: 0, 5: 0, 6: 0, 7: 0, 8: 0, 9: 0}",0,0
none_copilot,60c1s5r10p,YCSB_A,rw_zipf_1,concurrent_20,0,12000,451.9055,484.3691000000198,537.814,434.02789475,1200.0,"{0: 12.245, 1: 13.131, 2: 4.124, 3: 4.082, 4: 5.051}","{0: 519.375, 1: 521.25, 2: 502.625, 3: 502.5, 4: 502.375}","{0: 0, 1: 0, 2: 0, 3: 0, 4: 0, 5: 0, 6: 0, 7: 0, 8: 0, 9: 0}","{0: 0, 1: 0, 2: 0, 3: 0, 4: 0, 5: 0, 6: 0, 7: 0, 8: 0, 9: 0}","{0: 0, 1: 0, 2: 0, 3: 0, 4: 0, 5: 0, 6: 0, 7: 0, 8: 0, 9: 0}",0,0
none_copilot,60c1s5r10p,YCSB_A,rw_zipf_1,concurrent_30,0,18000,449.68399999999997,479.60150000000806,537.13901,433.26628111111114,1800.0,"{0: 18.182, 1: 20.202, 2: 6.061, 3: 6.122, 4: 6.122}","{0: 527.5, 1: 530.0, 2: 504.062, 3: 503.938, 4: 504.0}","{0: 0, 1: 0, 2: 0, 3: 0, 4: 0, 5: 0, 6: 0, 7: 0, 8: 0, 9: 0}","{0: 0, 1: 0, 2: 0, 3: 0, 4: 0, 5: 0, 6: 0, 7: 0, 8: 0, 9: 0}","{0: 0, 1: 0, 2: 0, 3: 0, 4: 0, 5: 0, 6: 0, 7: 0, 8: 0, 9: 0}",0,0
none_copilot,60c1s5r10p,YCSB_A,rw_zipf_1,concurrent_40,0,24000,454.70399999999995,485.9054000001054,543.4140199999999,436.616456875,2400.0,"{0: 23.762, 1: 26.804, 2: 7.0, 3: 7.216, 4: 8.0}","{0: 533.436, 1: 534.5, 2: 506.25, 3: 506.062, 4: 506.125}","{0: 0, 1: 0, 2: 0, 3: 0, 4: 0, 5: 0, 6: 0, 7: 0, 8: 0, 9: 0}","{0: 0, 1: 0, 2: 0, 3: 0, 4: 0, 5: 0, 6: 0, 7: 0, 8: 0, 9: 0}","{0: 0, 1: 0, 2: 0, 3: 0, 4: 0, 5: 0, 6: 0, 7: 0, 8: 0, 9: 0}",0,0
none_copilot,60c1s5r10p,YCSB_A,rw_zipf_1,concurrent_50,0,30000,459.29650000000004,505.73650000006234,548.70304,443.0699753999999,3000.0,"{0: 29.0, 1: 32.653, 2: 10.0, 3: 9.091, 4: 8.081}","{0: 542.688, 1: 543.125, 2: 508.809, 3: 523.062, 4: 538.312}","{0: 0, 1: 0, 2: 0, 3: 0, 4: 0, 5: 0, 6: 0, 7: 0, 8: 0, 9: 0}","{0: 0, 1: 0, 2: 0, 3: 0, 4: 0, 5: 0, 6: 0, 7: 0, 8: 0, 9: 0}","{0: 0, 1: 0, 2: 0, 3: 0, 4: 0, 5: 0, 6: 0, 7: 0, 8: 0, 9: 0}",0,0
none_copilot,60c1s5r10p,YCSB_A,rw_zipf_1,concurrent_60,0,36000,528.7555,613.6544,684.53907,525.4719450833333,3600.0,"{0: 36.735, 1: 41.584, 2: 46.465, 3: 10.204, 4: 11.0}","{0: 566.188, 1: 562.613, 2: 520.125, 3: 513.588, 4: 512.715}","{0: 0, 1: 0, 2: 0, 3: 0, 4: 0, 5: 0, 6: 0, 7: 0, 8: 0, 9: 0}","{0: 0, 1: 0, 2: 0, 3: 0, 4: 0, 5: 0, 6: 0, 7: 0, 8: 0, 9: 0}","{0: 0, 1: 0, 2: 0, 3: 0, 4: 0, 5: 0, 6: 0, 7: 0, 8: 0, 9: 0}",0,0
none_copilot,60c1s5r10p,YCSB_A,rw_zipf_1,concurrent_70,0,42000,602.953,703.4343,802.12504,595.3526140476189,4200.0,"{0: 44.444, 1: 49.495, 2: 100.0, 3: 12.245, 4: 12.371}","{0: 675.438, 1: 655.309, 2: 545.684, 3: 513.684, 4: 513.625}","{0: 0, 1: 0, 2: 0, 3: 0, 4: 0, 5: 0, 6: 0, 7: 0, 8: 0, 9: 0}","{0: 0, 1: 0, 2: 0, 3: 0, 4: 0, 5: 0, 6: 0, 7: 0, 8: 0, 9: 0}","{0: 0, 1: 0, 2: 0, 3: 0, 4: 0, 5: 0, 6: 0, 7: 0, 8: 0, 9: 0}",0,0
none_copilot,60c1s5r10p,YCSB_A,rw_zipf_1,concurrent_80,0,47840,731.7805,866.6613,986.60383,736.02902305602,4784.0,"{0: 62.626, 1: 69.697, 2: 35.354, 3: 14.286, 4: 58.163}","{0: 730.938, 1: 717.438, 2: 516.875, 3: 518.375, 4: 530.621}","{0: 0, 1: 0, 2: 0, 3: 0, 4: 0, 5: 0, 6: 0, 7: 0, 8: 0, 9: 0}","{0: 0, 1: 0, 2: 0, 3: 0, 4: 0, 5: 0, 6: 0, 7: 0, 8: 0, 9: 0}","{0: 0, 1: 0, 2: 0, 3: 0, 4: 0, 5: 0, 6: 0, 7: 0, 8: 0, 9: 0}",0,0
none_copilot,60c1s5r10p,YCSB_A,rw_zipf_1,concurrent_100,0,33433,5194.84,28893.0,29421.0,9062.78773427452,3343.3,"{0: 80.612, 1: 80.0, 2: 13.131, 3: 22.222, 4: 20.202}","{0: 1163.301, 1: 1107.688, 2: 587.0, 3: 582.312, 4: 591.062}","{0: 0, 1: 0, 2: 0, 3: 0, 4: 0, 5: 0, 6: 0, 7: 0, 8: 0, 9: 0}","{0: 0, 1: 0, 2: 0, 3: 0, 4: 0, 5: 0, 6: 0, 7: 0, 8: 0, 9: 0}","{0: 0, 1: 0, 2: 0, 3: 0, 4: 0, 5: 0, 6: 0, 7: 0, 8: 0, 9: 0}",0,0
none_copilot,60c1s5r10p,YCSB_A,rw_zipf_0.5,concurrent_50,0,30000,468.6685,508.8999000000006,558.9830599999999,448.4436161333333,3000.0,"{0: 31.313, 1: 33.673, 2: 9.0, 3: 10.101, 4: 9.091}","{0: 540.688, 1: 543.0, 2: 509.125, 3: 514.75, 4: 514.871}","{0: 0, 1: 0, 2: 0, 3: 0, 4: 0, 5: 0, 6: 0, 7: 0, 8: 0, 9: 0}","{0: 0, 1: 0, 2: 0, 3: 0, 4: 0, 5: 0, 6: 0, 7: 0, 8: 0, 9: 0}","{0: 0, 1: 0, 2: 0, 3: 0, 4: 0, 5: 0, 6: 0, 7: 0, 8: 0, 9: 0}",0,0
none_copilot,60c1s5r10p,YCSB_A,rw_zipf_0.55,concurrent_50,0,30000,466.866,507.0548,553.08,448.81972513333335,3000.0,"{0: 29.897, 1: 34.343, 2: 10.101, 3: 9.184, 4: 9.184}","{0: 543.555, 1: 542.938, 2: 507.75, 3: 511.375, 4: 511.188}","{0: 0, 1: 0, 2: 0, 3: 0, 4: 0, 5: 0, 6: 0, 7: 0, 8: 0, 9: 0}","{0: 0, 1: 0, 2: 0, 3: 0, 4: 0, 5: 0, 6: 0, 7: 0, 8: 0, 9: 0}","{0: 0, 1: 0, 2: 0, 3: 0, 4: 0, 5: 0, 6: 0, 7: 0, 8: 0, 9: 0}",0,0
none_copilot,60c1s5r10p,YCSB_A,rw_zipf_0.6,concurrent_50,0,30000,460.253,528.8194,562.20705,446.1836879333333,3000.0,"{0: 29.293, 1: 34.694, 2: 9.091, 3: 9.091, 4: 9.091}","{0: 543.746, 1: 546.305, 2: 509.395, 3: 511.188, 4: 511.312}","{0: 0, 1: 0, 2: 0, 3: 0, 4: 0, 5: 0, 6: 0, 7: 0, 8: 0, 9: 0}","{0: 0, 1: 0, 2: 0, 3: 0, 4: 0, 5: 0, 6: 0, 7: 0, 8: 0, 9: 0}","{0: 0, 1: 0, 2: 0, 3: 0, 4: 0, 5: 0, 6: 0, 7: 0, 8: 0, 9: 0}",0,0
none_copilot,60c1s5r10p,YCSB_A,rw_zipf_0.65,concurrent_50,0,30000,454.9385,485.6163,542.89302,436.30016673333336,3000.0,"{0: 29.897, 1: 33.673, 2: 10.0, 3: 10.204, 4: 9.184}","{0: 542.059, 1: 543.938, 2: 508.062, 3: 508.25, 4: 508.5}","{0: 0, 1: 0, 2: 0, 3: 0, 4: 0, 5: 0, 6: 0, 7: 0, 8: 0, 9: 0}","{0: 0, 1: 0, 2: 0, 3: 0, 4: 0, 5: 0, 6: 0, 7: 0, 8: 0, 9: 0}","{0: 0, 1: 0, 2: 0, 3: 0, 4: 0, 5: 0, 6: 0, 7: 0, 8: 0, 9: 0}",0,0
none_copilot,60c1s5r10p,YCSB_A,rw_zipf_0.7,concurrent_50,0,30000,459.5345,506.4970000000598,553.4300199999951,443.33696719999995,3000.0,"{0: 30.693, 1: 34.343, 2: 9.091, 3: 10.204, 4: 10.101}","{0: 541.75, 1: 544.188, 2: 507.625, 3: 513.875, 4: 513.863}","{0: 0, 1: 0, 2: 0, 3: 0, 4: 0, 5: 0, 6: 0, 7: 0, 8: 0, 9: 0}","{0: 0, 1: 0, 2: 0, 3: 0, 4: 0, 5: 0, 6: 0, 7: 0, 8: 0, 9: 0}","{0: 0, 1: 0, 2: 0, 3: 0, 4: 0, 5: 0, 6: 0, 7: 0, 8: 0, 9: 0}",0,0
none_copilot,60c1s5r10p,YCSB_A,rw_zipf_0.75,concurrent_50,0,30000,466.681,517.3616,563.67606,450.0723026333333,3000.0,"{0: 30.612, 1: 34.021, 2: 9.091, 3: 9.091, 4: 9.091}","{0: 542.48, 1: 544.812, 2: 508.0, 3: 516.75, 4: 519.688}","{0: 0, 1: 0, 2: 0, 3: 0, 4: 0, 5: 0, 6: 0, 7: 0, 8: 0, 9: 0}","{0: 0, 1: 0, 2: 0, 3: 0, 4: 0, 5: 0, 6: 0, 7: 0, 8: 0, 9: 0}","{0: 0, 1: 0, 2: 0, 3: 0, 4: 0, 5: 0, 6: 0, 7: 0, 8: 0, 9: 0}",0,0
none_copilot,60c1s5r10p,YCSB_A,rw_zipf_0.8,concurrent_50,0,30000,465.453,506.76790000006986,550.43706,448.1610068666667,3000.0,"{0: 29.592, 1: 33.333, 2: 9.091, 3: 10.0, 4: 9.091}","{0: 542.125, 1: 543.812, 2: 508.0, 3: 507.938, 4: 508.5}","{0: 0, 1: 0, 2: 0, 3: 0, 4: 0, 5: 0, 6: 0, 7: 0, 8: 0, 9: 0}","{0: 0, 1: 0, 2: 0, 3: 0, 4: 0, 5: 0, 6: 0, 7: 0, 8: 0, 9: 0}","{0: 0, 1: 0, 2: 0, 3: 0, 4: 0, 5: 0, 6: 0, 7: 0, 8: 0, 9: 0}",0,0
none_copilot,60c1s5r10p,YCSB_A,rw_zipf_0.85,concurrent_50,0,30000,459.26,496.8571000000446,553.59101,441.67984893333335,3000.0,"{0: 30.0, 1: 33.673, 2: 8.163, 3: 9.184, 4: 9.091}","{0: 542.25, 1: 543.625, 2: 507.75, 3: 507.75, 4: 508.375}","{0: 0, 1: 0, 2: 0, 3: 0, 4: 0, 5: 0, 6: 0, 7: 0, 8: 0, 9: 0}","{0: 0, 1: 0, 2: 0, 3: 0, 4: 0, 5: 0, 6: 0, 7: 0, 8: 0, 9: 0}","{0: 0, 1: 0, 2: 0, 3: 0, 4: 0, 5: 0, 6: 0, 7: 0, 8: 0, 9: 0}",0,0
none_copilot,60c1s5r10p,YCSB_A,rw_zipf_0.9,concurrent_50,0,30000,461.07500000000005,502.2044000000219,544.92202,443.4932043,3000.0,"{0: 30.0, 1: 32.292, 2: 9.0, 3: 10.101, 4: 9.0}","{0: 542.688, 1: 543.99, 2: 507.5, 3: 511.125, 4: 511.625}","{0: 0, 1: 0, 2: 0, 3: 0, 4: 0, 5: 0, 6: 0, 7: 0, 8: 0, 9: 0}","{0: 0, 1: 0, 2: 0, 3: 0, 4: 0, 5: 0, 6: 0, 7: 0, 8: 0, 9: 0}","{0: 0, 1: 0, 2: 0, 3: 0, 4: 0, 5: 0, 6: 0, 7: 0, 8: 0, 9: 0}",0,0
none_copilot,60c1s5r10p,YCSB_A,rw_zipf_0.95,concurrent_50,0,30000,459.973,529.3865,544.41204,442.32399626666665,3000.0,"{0: 29.293, 1: 32.323, 2: 8.081, 3: 9.184, 4: 8.081}","{0: 539.562, 1: 541.938, 2: 508.812, 3: 508.375, 4: 508.375}","{0: 0, 1: 0, 2: 0, 3: 0, 4: 0, 5: 0, 6: 0, 7: 0, 8: 0, 9: 0}","{0: 0, 1: 0, 2: 0, 3: 0, 4: 0, 5: 0, 6: 0, 7: 0, 8: 0, 9: 0}","{0: 0, 1: 0, 2: 0, 3: 0, 4: 0, 5: 0, 6: 0, 7: 0, 8: 0, 9: 0}",0,0
none_copilot,60c1s5r10p,YCSB_A,rw_zipf_1,concurrent_50,0,30000,459.29650000000004,505.73650000006234,548.70304,443.0699753999999,3000.0,"{0: 29.0, 1: 32.653, 2: 10.0, 3: 9.091, 4: 8.081}","{0: 542.688, 1: 543.125, 2: 508.809, 3: 523.062, 4: 538.312}","{0: 0, 1: 0, 2: 0, 3: 0, 4: 0, 5: 0, 6: 0, 7: 0, 8: 0, 9: 0}","{0: 0, 1: 0, 2: 0, 3: 0, 4: 0, 5: 0, 6: 0, 7: 0, 8: 0, 9: 0}","{0: 0, 1: 0, 2: 0, 3: 0, 4: 0, 5: 0, 6: 0, 7: 0, 8: 0, 9: 0}",0,0
none_copilot,60c1s5r10p,YCSB_B,rw_zipf_0.5,concurrent_50,0,30000,455.84900000000005,490.41920000007156,542.642,437.60576123333334,3000.0,"{0: 29.592, 1: 33.0, 2: 9.091, 3: 9.184, 4: 9.184}","{0: 538.625, 1: 541.625, 2: 506.492, 3: 506.812, 4: 507.375}","{0: 0, 1: 0, 2: 0, 3: 0, 4: 0, 5: 0, 6: 0, 7: 0, 8: 0, 9: 0}","{0: 0, 1: 0, 2: 0, 3: 0, 4: 0, 5: 0, 6: 0, 7: 0, 8: 0, 9: 0}","{0: 0, 1: 0, 2: 0, 3: 0, 4: 0, 5: 0, 6: 0, 7: 0, 8: 0, 9: 0}",0,0
none_copilot,60c1s5r10p,YCSB_B,rw_zipf_0.55,concurrent_50,0,30000,454.1125,495.5780000000311,550.39302,435.8564367,3000.0,"{0: 29.293, 1: 31.633, 2: 10.204, 3: 10.101, 4: 8.081}","{0: 542.188, 1: 543.746, 2: 507.559, 3: 524.123, 4: 531.0}","{0: 0, 1: 0, 2: 0, 3: 0, 4: 0, 5: 0, 6: 0, 7: 0, 8: 0, 9: 0}","{0: 0, 1: 0, 2: 0, 3: 0, 4: 0, 5: 0, 6: 0, 7: 0, 8: 0, 9: 0}","{0: 0, 1: 0, 2: 0, 3: 0, 4: 0, 5: 0, 6: 0, 7: 0, 8: 0, 9: 0}",0,0
none_copilot,60c1s5r10p,YCSB_B,rw_zipf_0.6,concurrent_50,0,30000,458.5825,495.57810000008664,548.32105,440.15305723333336,3000.0,"{0: 30.0, 1: 34.021, 2: 9.091, 3: 10.101, 4: 9.091}","{0: 540.5, 1: 541.496, 2: 506.438, 3: 520.875, 4: 522.0}","{0: 0, 1: 0, 2: 0, 3: 0, 4: 0, 5: 0, 6: 0, 7: 0, 8: 0, 9: 0}","{0: 0, 1: 0, 2: 0, 3: 0, 4: 0, 5: 0, 6: 0, 7: 0, 8: 0, 9: 0}","{0: 0, 1: 0, 2: 0, 3: 0, 4: 0, 5: 0, 6: 0, 7: 0, 8: 0, 9: 0}",0,0
none_copilot,60c1s5r10p,YCSB_B,rw_zipf_0.65,concurrent_50,0,30000,451.52,488.39930000008985,537.0740699999999,431.63000703333336,3000.0,"{0: 30.0, 1: 32.653, 2: 8.163, 3: 9.278, 4: 9.091}","{0: 536.375, 1: 539.188, 2: 507.25, 3: 515.117, 4: 514.871}","{0: 0, 1: 0, 2: 0, 3: 0, 4: 0, 5: 0, 6: 0, 7: 0, 8: 0, 9: 0}","{0: 0, 1: 0, 2: 0, 3: 0, 4: 0, 5: 0, 6: 0, 7: 0, 8: 0, 9: 0}","{0: 0, 1: 0, 2: 0, 3: 0, 4: 0, 5: 0, 6: 0, 7: 0, 8: 0, 9: 0}",0,0
none_copilot,60c1s5r10p,YCSB_B,rw_zipf_0.7,concurrent_50,0,30000,457.472,505.4435000000643,544.11513,438.8580548666667,3000.0,"{0: 30.0, 1: 33.333, 2: 8.081, 3: 10.101, 4: 9.184}","{0: 537.375, 1: 541.25, 2: 507.125, 3: 507.375, 4: 507.75}","{0: 0, 1: 0, 2: 0, 3: 0, 4: 0, 5: 0, 6: 0, 7: 0, 8: 0, 9: 0}","{0: 0, 1: 0, 2: 0, 3: 0, 4: 0, 5: 0, 6: 0, 7: 0, 8: 0, 9: 0}","{0: 0, 1: 0, 2: 0, 3: 0, 4: 0, 5: 0, 6: 0, 7: 0, 8: 0, 9: 0}",0,0
none_copilot,60c1s5r10p,YCSB_B,rw_zipf_0.75,concurrent_50,0,30000,462.307,537.8952,554.582,444.72818209999997,3000.0,"{0: 30.303, 1: 34.694, 2: 8.081, 3: 10.101, 4: 9.091}","{0: 538.938, 1: 540.812, 2: 508.562, 3: 507.5, 4: 507.562}","{0: 0, 1: 0, 2: 0, 3: 0, 4: 0, 5: 0, 6: 0, 7: 0, 8: 0, 9: 0}","{0: 0, 1: 0, 2: 0, 3: 0, 4: 0, 5: 0, 6: 0, 7: 0, 8: 0, 9: 0}","{0: 0, 1: 0, 2: 0, 3: 0, 4: 0, 5: 0, 6: 0, 7: 0, 8: 0, 9: 0}",0,0
none_copilot,60c1s5r10p,YCSB_B,rw_zipf_0.8,concurrent_50,0,30000,452.901,500.60040000000004,542.47613,434.8338822333333,3000.0,"{0: 31.0, 1: 32.323, 2: 8.081, 3: 9.091, 4: 9.184}","{0: 539.43, 1: 541.998, 2: 506.875, 3: 508.062, 4: 508.25}","{0: 0, 1: 0, 2: 0, 3: 0, 4: 0, 5: 0, 6: 0, 7: 0, 8: 0, 9: 0}","{0: 0, 1: 0, 2: 0, 3: 0, 4: 0, 5: 0, 6: 0, 7: 0, 8: 0, 9: 0}","{0: 0, 1: 0, 2: 0, 3: 0, 4: 0, 5: 0, 6: 0, 7: 0, 8: 0, 9: 0}",0,0
none_copilot,60c1s5r10p,YCSB_B,rw_zipf_0.85,concurrent_50,0,30000,456.8165,494.33930000008985,555.08103,439.21051350000005,3000.0,"{0: 28.571, 1: 34.343, 2: 9.091, 3: 9.091, 4: 9.0}","{0: 539.438, 1: 540.0, 2: 506.5, 3: 525.998, 4: 525.875}","{0: 0, 1: 0, 2: 0, 3: 0, 4: 0, 5: 0, 6: 0, 7: 0, 8: 0, 9: 0}","{0: 0, 1: 0, 2: 0, 3: 0, 4: 0, 5: 0, 6: 0, 7: 0, 8: 0, 9: 0}","{0: 0, 1: 0, 2: 0, 3: 0, 4: 0, 5: 0, 6: 0, 7: 0, 8: 0, 9: 0}",0,0
none_copilot,60c1s5r10p,YCSB_B,rw_zipf_0.9,concurrent_50,0,30000,462.898,504.6571000000343,559.31403,444.9485107666667,3000.0,"{0: 29.592, 1: 33.333, 2: 8.081, 3: 9.184, 4: 9.0}","{0: 537.375, 1: 539.188, 2: 508.188, 3: 509.625, 4: 509.75}","{0: 0, 1: 0, 2: 0, 3: 0, 4: 0, 5: 0, 6: 0, 7: 0, 8: 0, 9: 0}","{0: 0, 1: 0, 2: 0, 3: 0, 4: 0, 5: 0, 6: 0, 7: 0, 8: 0, 9: 0}","{0: 0, 1: 0, 2: 0, 3: 0, 4: 0, 5: 0, 6: 0, 7: 0, 8: 0, 9: 0}",0,0
none_copilot,60c1s5r10p,YCSB_B,rw_zipf_0.95,concurrent_50,0,30000,455.9525,525.8085,543.2170199999999,437.9988666666667,3000.0,"{0: 28.125, 1: 31.633, 2: 8.0, 3: 9.278, 4: 9.091}","{0: 538.875, 1: 540.922, 2: 506.5, 3: 508.0, 4: 507.812}","{0: 0, 1: 0, 2: 0, 3: 0, 4: 0, 5: 0, 6: 0, 7: 0, 8: 0, 9: 0}","{0: 0, 1: 0, 2: 0, 3: 0, 4: 0, 5: 0, 6: 0, 7: 0, 8: 0, 9: 0}","{0: 0, 1: 0, 2: 0, 3: 0, 4: 0, 5: 0, 6: 0, 7: 0, 8: 0, 9: 0}",0,0
none_copilot,60c1s5r10p,YCSB_B,rw_zipf_1,concurrent_50,0,30000,463.1635,507.0584000000628,560.5460400000001,446.8247027,3000.0,"{0: 30.303, 1: 34.694, 2: 9.091, 3: 9.184, 4: 9.091}","{0: 540.25, 1: 542.062, 2: 507.562, 3: 506.75, 4: 506.75}","{0: 0, 1: 0, 2: 0, 3: 0, 4: 0, 5: 0, 6: 0, 7: 0, 8: 0, 9: 0}","{0: 0, 1: 0, 2: 0, 3: 0, 4: 0, 5: 0, 6: 0, 7: 0, 8: 0, 9: 0}","{0: 0, 1: 0, 2: 0, 3: 0, 4: 0, 5: 0, 6: 0, 7: 0, 8: 0, 9: 0}",0,0
none_mencius,60c1s5r10p,YCSB_A,rw_1000000,concurrent_1,0,600,153.1125,285.0453000000003,295.94991,184.80308,60.0,"{0: 2.0, 1: 1.02, 2: 2.02, 3: 2.02, 4: 2.0}","{0: 432.25, 1: 432.188, 2: 432.5, 3: 431.938, 4: 432.062}","{0: 0, 1: 0, 2: 0, 3: 0, 4: 0, 5: 0, 6: 0, 7: 0, 8: 0, 9: 0}","{0: 0, 1: 0, 2: 0, 3: 0, 4: 0, 5: 0, 6: 0, 7: 0, 8: 0, 9: 0}","{0: 0, 1: 0, 2: 0, 3: 0, 4: 0, 5: 0, 6: 0, 7: 0, 8: 0, 9: 0}",0,0
none_mencius,60c1s5r10p,YCSB_A,rw_1000000,concurrent_10,0,6000,154.563,299.20020000000153,363.29501,201.13371416666666,600.0,"{0: 9.184, 1: 9.091, 2: 9.091, 3: 9.091, 4: 9.184}","{0: 462.5, 1: 461.312, 2: 462.688, 3: 459.625, 4: 460.562}","{0: 0, 1: 0, 2: 0, 3: 0, 4: 0, 5: 0, 6: 0, 7: 0, 8: 0, 9: 0}","{0: 0, 1: 0, 2: 0, 3: 0, 4: 0, 5: 0, 6: 0, 7: 0, 8: 0, 9: 0}","{0: 0, 1: 0, 2: 0, 3: 0, 4: 0, 5: 0, 6: 0, 7: 0, 8: 0, 9: 0}",0,0
none_mencius,60c1s5r10p,YCSB_A,rw_1000000,concurrent_11,0,6600,155.284,301.3625,356.43303,199.0218984848485,660.0,"{0: 10.204, 1: 11.111, 2: 9.184, 3: 9.278, 4: 10.204}","{0: 464.812, 1: 463.812, 2: 465.438, 3: 462.188, 4: 463.375}","{0: 0, 1: 0, 2: 0, 3: 0, 4: 0, 5: 0, 6: 0, 7: 0, 8: 0, 9: 0}","{0: 0, 1: 0, 2: 0, 3: 0, 4: 0, 5: 0, 6: 0, 7: 0, 8: 0, 9: 0}","{0: 0, 1: 0, 2: 0, 3: 0, 4: 0, 5: 0, 6: 0, 7: 0, 8: 0, 9: 0}",0,0
none_mencius,60c1s5r10p,YCSB_A,rw_1000000,concurrent_12,0,7200,155.301,299.26560000000035,362.73402999999996,200.87373347222223,720.0,"{0: 14.141, 1: 14.0, 2: 12.371, 3: 14.141, 4: 13.265}","{0: 468.875, 1: 467.875, 2: 469.938, 3: 465.812, 4: 466.812}","{0: 0, 1: 0, 2: 0, 3: 0, 4: 0, 5: 0, 6: 0, 7: 0, 8: 0, 9: 0}","{0: 0, 1: 0, 2: 0, 3: 0, 4: 0, 5: 0, 6: 0, 7: 0, 8: 0, 9: 0}","{0: 0, 1: 0, 2: 0, 3: 0, 4: 0, 5: 0, 6: 0, 7: 0, 8: 0, 9: 0}",0,0
none_mencius,60c1s5r10p,YCSB_A,rw_1000000,concurrent_13,0,7800,157.354,301.328,360.86491,201.95999064102563,780.0,"{0: 12.245, 1: 13.131, 2: 10.204, 3: 11.224, 4: 11.224}","{0: 471.812, 1: 470.312, 2: 472.312, 3: 469.5, 4: 469.125}","{0: 0, 1: 0, 2: 0, 3: 0, 4: 0, 5: 0, 6: 0, 7: 0, 8: 0, 9: 0}","{0: 0, 1: 0, 2: 0, 3: 0, 4: 0, 5: 0, 6: 0, 7: 0, 8: 0, 9: 0}","{0: 0, 1: 0, 2: 0, 3: 0, 4: 0, 5: 0, 6: 0, 7: 0, 8: 0, 9: 0}",0,0
none_mencius,60c1s5r10p,YCSB_A,rw_1000000,concurrent_14,0,8400,153.5865,302.4412,360.72041,202.8328017857143,840.0,"{0: 15.152, 1: 16.0, 2: 13.265, 3: 14.286, 4: 15.306}","{0: 474.625, 1: 473.25, 2: 475.75, 3: 471.188, 4: 472.75}","{0: 0, 1: 0, 2: 0, 3: 0, 4: 0, 5: 0, 6: 0, 7: 0, 8: 0, 9: 0}","{0: 0, 1: 0, 2: 0, 3: 0, 4: 0, 5: 0, 6: 0, 7: 0, 8: 0, 9: 0}","{0: 0, 1: 0, 2: 0, 3: 0, 4: 0, 5: 0, 6: 0, 7: 0, 8: 0, 9: 0}",0,0
none_mencius,60c1s5r10p,YCSB_A,rw_1000000,concurrent_15,0,9000,154.502,301.20840000000095,360.30238,200.89973688888892,900.0,"{0: 13.131, 1: 14.141, 2: 13.0, 3: 13.131, 4: 13.0}","{0: 479.062, 1: 477.0, 2: 479.0, 3: 475.5, 4: 475.562}","{0: 0, 1: 0, 2: 0, 3: 0, 4: 0, 5: 0, 6: 0, 7: 0, 8: 0, 9: 0}","{0: 0, 1: 0, 2: 0, 3: 0, 4: 0, 5: 0, 6: 0, 7: 0, 8: 0, 9: 0}","{0: 0, 1: 0, 2: 0, 3: 0, 4: 0, 5: 0, 6: 0, 7: 0, 8: 0, 9: 0}",0,0
none_mencius,60c1s5r10p,YCSB_A,rw_1000000,concurrent_16,0,9600,156.508,303.4765,361.0786700000001,201.85996604166667,960.0,"{0: 19.588, 1: 20.202, 2: 16.327, 3: 20.202, 4: 18.367}","{0: 481.5, 1: 480.562, 2: 482.812, 3: 477.5, 4: 479.5}","{0: 0, 1: 0, 2: 0, 3: 0, 4: 0, 5: 0, 6: 0, 7: 0, 8: 0, 9: 0}","{0: 0, 1: 0, 2: 0, 3: 0, 4: 0, 5: 0, 6: 0, 7: 0, 8: 0, 9: 0}","{0: 0, 1: 0, 2: 0, 3: 0, 4: 0, 5: 0, 6: 0, 7: 0, 8: 0, 9: 0}",0,0
none_mencius,60c1s5r10p,YCSB_A,rw_1000000,concurrent_17,0,10200,160.5685,301.4998,360.42121,202.73090009803923,1020.0,"{0: 22.222, 1: 23.232, 2: 19.388, 3: 21.429, 4: 22.222}","{0: 484.062, 1: 482.125, 2: 485.25, 3: 479.25, 4: 481.438}","{0: 0, 1: 0, 2: 0, 3: 0, 4: 0, 5: 0, 6: 0, 7: 0, 8: 0, 9: 0}","{0: 0, 1: 0, 2: 0, 3: 0, 4: 0, 5: 0, 6: 0, 7: 0, 8: 0, 9: 0}","{0: 0, 1: 0, 2: 0, 3: 0, 4: 0, 5: 0, 6: 0, 7: 0, 8: 0, 9: 0}",0,0
none_mencius,60c1s5r10p,YCSB_A,rw_1000000,concurrent_18,0,10800,159.172,302.75280000000004,360.08304000000004,204.16903398148148,1080.0,"{0: 20.408, 1: 19.588, 2: 16.495, 3: 19.388, 4: 19.192}","{0: 490.062, 1: 488.25, 2: 492.0, 3: 486.938, 4: 488.062}","{0: 0, 1: 0, 2: 0, 3: 0, 4: 0, 5: 0, 6: 0, 7: 0, 8: 0, 9: 0}","{0: 0, 1: 0, 2: 0, 3: 0, 4: 0, 5: 0, 6: 0, 7: 0, 8: 0, 9: 0}","{0: 0, 1: 0, 2: 0, 3: 0, 4: 0, 5: 0, 6: 0, 7: 0, 8: 0, 9: 0}",0,0
none_mencius,60c1s5r10p,YCSB_A,rw_1000000,concurrent_19,0,11400,158.196,302.663,360.18617,202.7526462280702,1140.0,"{0: 23.711, 1: 23.469, 2: 19.588, 3: 22.449, 4: 22.449}","{0: 489.25, 1: 487.438, 2: 490.938, 3: 483.875, 4: 486.812}","{0: 0, 1: 0, 2: 0, 3: 0, 4: 0, 5: 0, 6: 0, 7: 0, 8: 0, 9: 0}","{0: 0, 1: 0, 2: 0, 3: 0, 4: 0, 5: 0, 6: 0, 7: 0, 8: 0, 9: 0}","{0: 0, 1: 0, 2: 0, 3: 0, 4: 0, 5: 0, 6: 0, 7: 0, 8: 0, 9: 0}",0,0
none_mencius,60c1s5r10p,YCSB_A,rw_1000000,concurrent_20,0,12000,158.8265,305.7321,358.29308000000003,203.76746316666663,1200.0,"{0: 19.388, 1: 20.202, 2: 19.388, 3: 20.202, 4: 20.408}","{0: 497.375, 1: 495.625, 2: 497.625, 3: 492.5, 4: 493.5}","{0: 0, 1: 0, 2: 0, 3: 0, 4: 0, 5: 0, 6: 0, 7: 0, 8: 0, 9: 0}","{0: 0, 1: 0, 2: 0, 3: 0, 4: 0, 5: 0, 6: 0, 7: 0, 8: 0, 9: 0}","{0: 0, 1: 0, 2: 0, 3: 0, 4: 0, 5: 0, 6: 0, 7: 0, 8: 0, 9: 0}",0,0
none_mencius,60c1s5r10p,YCSB_A,rw_1000000,concurrent_25,0,15000,166.048,307.083,361.54829000000007,208.8082216,1500.0,"{0: 38.776, 1: 38.384, 2: 34.343, 3: 37.755, 4: 37.374}","{0: 509.25, 1: 506.688, 2: 510.812, 3: 502.062, 4: 505.625}","{0: 0, 1: 0, 2: 0, 3: 0, 4: 0, 5: 0, 6: 0, 7: 0, 8: 0, 9: 0}","{0: 0, 1: 0, 2: 0, 3: 0, 4: 0, 5: 0, 6: 0, 7: 0, 8: 0, 9: 0}","{0: 0, 1: 0, 2: 0, 3: 0, 4: 0, 5: 0, 6: 0, 7: 0, 8: 0, 9: 0}",0,0
none_mencius,60c1s5r10p,YCSB_A,rw_1000000,concurrent_30,0,18000,168.913,311.7295,365.94827999999995,211.04172816666664,1800.0,"{0: 47.959, 1: 47.475, 2: 34.021, 3: 44.0, 4: 43.878}","{0: 529.875, 1: 530.438, 2: 533.25, 3: 525.75, 4: 526.188}","{0: 0, 1: 0, 2: 0, 3: 0, 4: 0, 5: 0, 6: 0, 7: 0, 8: 0, 9: 0}","{0: 0, 1: 0, 2: 0, 3: 0, 4: 0, 5: 0, 6: 0, 7: 0, 8: 0, 9: 0}","{0: 0, 1: 0, 2: 0, 3: 0, 4: 0, 5: 0, 6: 0, 7: 0, 8: 0, 9: 0}",0,0
none_mencius,60c1s5r10p,YCSB_A,rw_1000000,concurrent_35,0,21000,251.5605,380.2534,453.13387999999935,270.7982009047619,2100.0,"{0: 86.0, 1: 84.0, 2: 71.0, 3: 85.859, 4: 82.828}","{0: 544.875, 1: 541.125, 2: 548.48, 3: 534.75, 4: 539.467}","{0: 0, 1: 0, 2: 0, 3: 0, 4: 0, 5: 0, 6: 0, 7: 0, 8: 0, 9: 0}","{0: 0, 1: 0, 2: 0, 3: 0, 4: 0, 5: 0, 6: 0, 7: 0, 8: 0, 9: 0}","{0: 0, 1: 0, 2: 0, 3: 0, 4: 0, 5: 0, 6: 0, 7: 0, 8: 0, 9: 0}",0,0
none_mencius,60c1s5r10p,YCSB_A,rw_1000000,concurrent_40,0,24000,224.5995,356.4223000000005,437.1737499999983,250.97326370833332,2400.0,"{0: 80.612, 1: 79.0, 2: 66.667, 3: 78.0, 4: 76.0}","{0: 565.438, 1: 561.625, 2: 566.875, 3: 556.312, 4: 557.688}","{0: 0, 1: 0, 2: 0, 3: 0, 4: 0, 5: 0, 6: 0, 7: 0, 8: 0, 9: 0}","{0: 0, 1: 0, 2: 0, 3: 0, 4: 0, 5: 0, 6: 0, 7: 0, 8: 0, 9: 0}","{0: 0, 1: 0, 2: 0, 3: 0, 4: 0, 5: 0, 6: 0, 7: 0, 8: 0, 9: 0}",0,0
none_mencius,60c1s5r10p,YCSB_A,rw_1000000,concurrent_45,0,11108,660.4055000000001,2809.733,17700.7,1612.7585732805187,1110.8,"{0: 100.0, 1: 100.0, 2: 100.0, 3: 100.0, 4: 100.0}","{0: 601.562, 1: 593.875, 2: 607.875, 3: 590.25, 4: 587.938}","{0: 0, 1: 0, 2: 0, 3: 0, 4: 0, 5: 0, 6: 0, 7: 0, 8: 0, 9: 0}","{0: 0, 1: 0, 2: 0, 3: 0, 4: 0, 5: 0, 6: 0, 7: 0, 8: 0, 9: 0}","{0: 0, 1: 0, 2: 0, 3: 0, 4: 0, 5: 0, 6: 0, 7: 0, 8: 0, 9: 0}",0,0
none_mencius,60c1s5r10p,YCSB_A,rw_zipf_1,concurrent_1,0,600,152.403,286.68900000000025,299.29109,184.22039666666666,60.0,"{0: 2.02, 1: 1.02, 2: 2.02, 3: 2.02, 4: 2.02}","{0: 447.688, 1: 447.562, 2: 447.875, 3: 447.312, 4: 447.312}","{0: 0, 1: 0, 2: 0, 3: 0, 4: 0, 5: 0, 6: 0, 7: 0, 8: 0, 9: 0}","{0: 0, 1: 0, 2: 0, 3: 0, 4: 0, 5: 0, 6: 0, 7: 0, 8: 0, 9: 0}","{0: 0, 1: 0, 2: 0, 3: 0, 4: 0, 5: 0, 6: 0, 7: 0, 8: 0, 9: 0}",0,0
none_mencius,60c1s5r10p,YCSB_A,rw_zipf_1,concurrent_10,0,6000,153.413,304.0142,356.6992800000004,200.16984116666666,600.0,"{0: 7.143, 1: 8.081, 2: 8.081, 3: 7.143, 4: 8.081}","{0: 477.188, 1: 475.75, 2: 477.188, 3: 474.938, 4: 475.25}","{0: 0, 1: 0, 2: 0, 3: 0, 4: 0, 5: 0, 6: 0, 7: 0, 8: 0, 9: 0}","{0: 0, 1: 0, 2: 0, 3: 0, 4: 0, 5: 0, 6: 0, 7: 0, 8: 0, 9: 0}","{0: 0, 1: 0, 2: 0, 3: 0, 4: 0, 5: 0, 6: 0, 7: 0, 8: 0, 9: 0}",0,0
none_mencius,60c1s5r10p,YCSB_A,rw_zipf_1,concurrent_11,0,6600,155.12349999999998,301.51460000000003,356.05901,200.3674693939394,660.0,"{0: 12.245, 1: 12.245, 2: 10.204, 3: 12.121, 4: 11.224}","{0: 480.25, 1: 479.188, 2: 480.875, 3: 477.062, 4: 478.438}","{0: 0, 1: 0, 2: 0, 3: 0, 4: 0, 5: 0, 6: 0, 7: 0, 8: 0, 9: 0}","{0: 0, 1: 0, 2: 0, 3: 0, 4: 0, 5: 0, 6: 0, 7: 0, 8: 0, 9: 0}","{0: 0, 1: 0, 2: 0, 3: 0, 4: 0, 5: 0, 6: 0, 7: 0, 8: 0, 9: 0}",0,0
none_mencius,60c1s5r10p,YCSB_A,rw_zipf_1,concurrent_12,0,7200,156.3675,299.3325,358.10423,200.48254083333333,720.0,"{0: 15.152, 1: 13.402, 2: 13.131, 3: 14.141, 4: 14.141}","{0: 484.062, 1: 482.625, 2: 484.75, 3: 480.625, 4: 481.938}","{0: 0, 1: 0, 2: 0, 3: 0, 4: 0, 5: 0, 6: 0, 7: 0, 8: 0, 9: 0}","{0: 0, 1: 0, 2: 0, 3: 0, 4: 0, 5: 0, 6: 0, 7: 0, 8: 0, 9: 0}","{0: 0, 1: 0, 2: 0, 3: 0, 4: 0, 5: 0, 6: 0, 7: 0, 8: 0, 9: 0}",0,0
none_mencius,60c1s5r10p,YCSB_A,rw_zipf_1,concurrent_13,0,7800,154.514,299.23969999999997,356.13302,201.74386846153848,780.0,"{0: 13.131, 1: 13.265, 2: 11.224, 3: 12.245, 4: 12.245}","{0: 485.625, 1: 484.375, 2: 486.125, 3: 482.312, 4: 483.812}","{0: 0, 1: 0, 2: 0, 3: 0, 4: 0, 5: 0, 6: 0, 7: 0, 8: 0, 9: 0}","{0: 0, 1: 0, 2: 0, 3: 0, 4: 0, 5: 0, 6: 0, 7: 0, 8: 0, 9: 0}","{0: 0, 1: 0, 2: 0, 3: 0, 4: 0, 5: 0, 6: 0, 7: 0, 8: 0, 9: 0}",0,0
none_mencius,60c1s5r10p,YCSB_A,rw_zipf_1,concurrent_14,0,8400,156.749,305.2771,357.03108000000003,202.81183726190477,840.0,"{0: 14.286, 1: 13.265, 2: 11.224, 3: 13.131, 4: 13.265}","{0: 490.625, 1: 489.25, 2: 491.438, 3: 488.75, 4: 488.375}","{0: 0, 1: 0, 2: 0, 3: 0, 4: 0, 5: 0, 6: 0, 7: 0, 8: 0, 9: 0}","{0: 0, 1: 0, 2: 0, 3: 0, 4: 0, 5: 0, 6: 0, 7: 0, 8: 0, 9: 0}","{0: 0, 1: 0, 2: 0, 3: 0, 4: 0, 5: 0, 6: 0, 7: 0, 8: 0, 9: 0}",0,0
none_mencius,60c1s5r10p,YCSB_A,rw_zipf_1,concurrent_15,0,9000,155.322,302.3138000000004,360.04105,202.92257133333334,900.0,"{0: 14.433, 1: 15.306, 2: 16.327, 3: 16.327, 4: 16.162}","{0: 491.688, 1: 492.438, 2: 493.438, 3: 487.812, 4: 489.062}","{0: 0, 1: 0, 2: 0, 3: 0, 4: 0, 5: 0, 6: 0, 7: 0, 8: 0, 9: 0}","{0: 0, 1: 0, 2: 0, 3: 0, 4: 0, 5: 0, 6: 0, 7: 0, 8: 0, 9: 0}","{0: 0, 1: 0, 2: 0, 3: 0, 4: 0, 5: 0, 6: 0, 7: 0, 8: 0, 9: 0}",0,0
none_mencius,60c1s5r10p,YCSB_A,rw_zipf_1,concurrent_16,0,9600,157.3795,300.5702,359.7061,201.1287119791667,960.0,"{0: 20.202, 1: 20.408, 2: 17.0, 3: 19.388, 4: 19.192}","{0: 495.812, 1: 496.75, 2: 497.75, 3: 493.25, 4: 493.312}","{0: 0, 1: 0, 2: 0, 3: 0, 4: 0, 5: 0, 6: 0, 7: 0, 8: 0, 9: 0}","{0: 0, 1: 0, 2: 0, 3: 0, 4: 0, 5: 0, 6: 0, 7: 0, 8: 0, 9: 0}","{0: 0, 1: 0, 2: 0, 3: 0, 4: 0, 5: 0, 6: 0, 7: 0, 8: 0, 9: 0}",0,0
none_mencius,60c1s5r10p,YCSB_A,rw_zipf_1,concurrent_17,0,10200,158.085,301.906,360.0513200000001,201.16728970588235,1020.0,"{0: 17.0, 1: 16.327, 2: 12.371, 3: 15.152, 4: 15.306}","{0: 498.438, 1: 496.5, 2: 499.875, 3: 496.688, 4: 495.938}","{0: 0, 1: 0, 2: 0, 3: 0, 4: 0, 5: 0, 6: 0, 7: 0, 8: 0, 9: 0}","{0: 0, 1: 0, 2: 0, 3: 0, 4: 0, 5: 0, 6: 0, 7: 0, 8: 0, 9: 0}","{0: 0, 1: 0, 2: 0, 3: 0, 4: 0, 5: 0, 6: 0, 7: 0, 8: 0, 9: 0}",0,0
none_mencius,60c1s5r10p,YCSB_A,rw_zipf_1,concurrent_18,0,10800,160.079,302.5975,362.249,205.34675222222222,1080.0,"{0: 22.449, 1: 23.232, 2: 19.388, 3: 22.449, 4: 23.232}","{0: 502.75, 1: 501.438, 2: 504.25, 3: 498.375, 4: 500.0}","{0: 0, 1: 0, 2: 0, 3: 0, 4: 0, 5: 0, 6: 0, 7: 0, 8: 0, 9: 0}","{0: 0, 1: 0, 2: 0, 3: 0, 4: 0, 5: 0, 6: 0, 7: 0, 8: 0, 9: 0}","{0: 0, 1: 0, 2: 0, 3: 0, 4: 0, 5: 0, 6: 0, 7: 0, 8: 0, 9: 0}",0,0
none_mencius,60c1s5r10p,YCSB_A,rw_zipf_1,concurrent_19,0,11400,158.6925,302.44340000000005,366.30823,204.02550087719297,1140.0,"{0: 20.202, 1: 20.202, 2: 17.172, 3: 20.202, 4: 19.388}","{0: 505.875, 1: 503.875, 2: 506.625, 3: 502.25, 4: 502.5}","{0: 0, 1: 0, 2: 0, 3: 0, 4: 0, 5: 0, 6: 0, 7: 0, 8: 0, 9: 0}","{0: 0, 1: 0, 2: 0, 3: 0, 4: 0, 5: 0, 6: 0, 7: 0, 8: 0, 9: 0}","{0: 0, 1: 0, 2: 0, 3: 0, 4: 0, 5: 0, 6: 0, 7: 0, 8: 0, 9: 0}",0,0
none_mencius,60c1s5r10p,YCSB_A,rw_zipf_1,concurrent_20,0,12000,159.192,306.0052,360.06179,203.94195741666667,1200.0,"{0: 24.49, 1: 23.711, 2: 23.469, 3: 23.711, 4: 24.49}","{0: 509.312, 1: 507.688, 2: 510.25, 3: 504.688, 4: 506.438}","{0: 0, 1: 0, 2: 0, 3: 0, 4: 0, 5: 0, 6: 0, 7: 0, 8: 0, 9: 0}","{0: 0, 1: 0, 2: 0, 3: 0, 4: 0, 5: 0, 6: 0, 7: 0, 8: 0, 9: 0}","{0: 0, 1: 0, 2: 0, 3: 0, 4: 0, 5: 0, 6: 0, 7: 0, 8: 0, 9: 0}",0,0
none_mencius,60c1s5r10p,YCSB_A,rw_zipf_1,concurrent_25,0,15000,167.0625,306.6001,361.76567000000006,208.05260633333333,1500.0,"{0: 34.343, 1: 32.653, 2: 35.354, 3: 35.0, 4: 36.364}","{0: 523.625, 1: 521.0, 2: 524.375, 3: 517.188, 4: 519.625}","{0: 0, 1: 0, 2: 0, 3: 0, 4: 0, 5: 0, 6: 0, 7: 0, 8: 0, 9: 0}","{0: 0, 1: 0, 2: 0, 3: 0, 4: 0, 5: 0, 6: 0, 7: 0, 8: 0, 9: 0}","{0: 0, 1: 0, 2: 0, 3: 0, 4: 0, 5: 0, 6: 0, 7: 0, 8: 0, 9: 0}",0,0
none_mencius,60c1s5r10p,YCSB_A,rw_zipf_1,concurrent_30,0,18000,183.6655,318.0857,374.7883699999993,217.95727277777777,1800.0,"{0: 53.061, 1: 52.525, 2: 48.0, 3: 52.525, 4: 52.041}","{0: 542.0, 1: 539.375, 2: 543.75, 3: 534.25, 4: 536.938}","{0: 0, 1: 0, 2: 0, 3: 0, 4: 0, 5: 0, 6: 0, 7: 0, 8: 0, 9: 0}","{0: 0, 1: 0, 2: 0, 3: 0, 4: 0, 5: 0, 6: 0, 7: 0, 8: 0, 9: 0}","{0: 0, 1: 0, 2: 0, 3: 0, 4: 0, 5: 0, 6: 0, 7: 0, 8: 0, 9: 0}",0,0
none_mencius,60c1s5r10p,YCSB_A,rw_zipf_1,concurrent_35,0,21000,180.7975,317.6722000000001,372.98340999999755,217.14806866666666,2100.0,"{0: 50.0, 1: 51.515, 2: 55.556, 3: 55.556, 4: 56.436}","{0: 556.375, 1: 552.375, 2: 557.312, 3: 549.25, 4: 550.562}","{0: 0, 1: 0, 2: 0, 3: 0, 4: 0, 5: 0, 6: 0, 7: 0, 8: 0, 9: 0}","{0: 0, 1: 0, 2: 0, 3: 0, 4: 0, 5: 0, 6: 0, 7: 0, 8: 0, 9: 0}","{0: 0, 1: 0, 2: 0, 3: 0, 4: 0, 5: 0, 6: 0, 7: 0, 8: 0, 9: 0}",0,0
none_mencius,60c1s5r10p,YCSB_A,rw_zipf_1,concurrent_40,0,24000,330.022,445.6251,555.3240199999999,337.4436292916667,2400.0,"{0: 84.0, 1: 85.149, 2: 88.119, 3: 97.0, 4: 91.0}","{0: 574.5, 1: 570.688, 2: 575.75, 3: 563.0, 4: 567.375}","{0: 0, 1: 0, 2: 0, 3: 0, 4: 0, 5: 0, 6: 0, 7: 0, 8: 0, 9: 0}","{0: 0, 1: 0, 2: 0, 3: 0, 4: 0, 5: 0, 6: 0, 7: 0, 8: 0, 9: 0}","{0: 0, 1: 0, 2: 0, 3: 0, 4: 0, 5: 0, 6: 0, 7: 0, 8: 0, 9: 0}",0,0
none_mencius,60c1s5r10p,YCSB_A,rw_zipf_1,concurrent_45,0,10489,519.439,3305.062,24164.7,2040.1839207741443,1048.9,"{0: 100.0, 1: 100.0, 2: 100.0, 3: 100.0, 4: 100.0}","{0: 612.938, 1: 602.812, 2: 621.469, 3: 591.938, 4: 600.625}","{0: 0, 1: 0, 2: 0, 3: 0, 4: 0, 5: 0, 6: 0, 7: 0, 8: 0, 9: 0}","{0: 0, 1: 0, 2: 0, 3: 0, 4: 0, 5: 0, 6: 0, 7: 0, 8: 0, 9: 0}","{0: 0, 1: 0, 2: 0, 3: 0, 4: 0, 5: 0, 6: 0, 7: 0, 8: 0, 9: 0}",0,0
none_mencius,60c1s5r10p,YCSB_A,rw_zipf_0.5,concurrent_16,0,9600,156.37,301.4941,357.18324000000007,200.32283833333335,960.0,"{0: 18.0, 1: 18.182, 2: 14.433, 3: 17.172, 4: 17.172}","{0: 495.562, 1: 493.688, 2: 496.125, 3: 491.688, 4: 493.938}","{0: 0, 1: 0, 2: 0, 3: 0, 4: 0, 5: 0, 6: 0, 7: 0, 8: 0, 9: 0}","{0: 0, 1: 0, 2: 0, 3: 0, 4: 0, 5: 0, 6: 0, 7: 0, 8: 0, 9: 0}","{0: 0, 1: 0, 2: 0, 3: 0, 4: 0, 5: 0, 6: 0, 7: 0, 8: 0, 9: 0}",0,0
none_mencius,60c1s5r10p,YCSB_A,rw_zipf_0.55,concurrent_16,0,9600,158.012,304.0406,361.64909,202.5535447916667,960.0,"{0: 22.449, 1: 22.68, 2: 19.388, 3: 21.429, 4: 22.222}","{0: 495.875, 1: 496.5, 2: 498.375, 3: 492.688, 4: 493.312}","{0: 0, 1: 0, 2: 0, 3: 0, 4: 0, 5: 0, 6: 0, 7: 0, 8: 0, 9: 0}","{0: 0, 1: 0, 2: 0, 3: 0, 4: 0, 5: 0, 6: 0, 7: 0, 8: 0, 9: 0}","{0: 0, 1: 0, 2: 0, 3: 0, 4: 0, 5: 0, 6: 0, 7: 0, 8: 0, 9: 0}",0,0
none_mencius,60c1s5r10p,YCSB_A,rw_zipf_0.6,concurrent_16,0,9600,155.2225,299.11080000000004,357.33664,201.18973770833333,960.0,"{0: 23.232, 1: 22.449, 2: 18.367, 3: 22.222, 4: 22.449}","{0: 497.125, 1: 497.688, 2: 499.812, 3: 493.75, 4: 494.75}","{0: 0, 1: 0, 2: 0, 3: 0, 4: 0, 5: 0, 6: 0, 7: 0, 8: 0, 9: 0}","{0: 0, 1: 0, 2: 0, 3: 0, 4: 0, 5: 0, 6: 0, 7: 0, 8: 0, 9: 0}","{0: 0, 1: 0, 2: 0, 3: 0, 4: 0, 5: 0, 6: 0, 7: 0, 8: 0, 9: 0}",0,0
none_mencius,60c1s5r10p,YCSB_A,rw_zipf_0.65,concurrent_16,0,9600,157.631,300.1155,354.28916,200.3491315625,960.0,"{0: 21.212, 1: 21.429, 2: 18.367, 3: 20.202, 4: 20.202}","{0: 496.312, 1: 496.875, 2: 499.938, 3: 493.812, 4: 495.812}","{0: 0, 1: 0, 2: 0, 3: 0, 4: 0, 5: 0, 6: 0, 7: 0, 8: 0, 9: 0}","{0: 0, 1: 0, 2: 0, 3: 0, 4: 0, 5: 0, 6: 0, 7: 0, 8: 0, 9: 0}","{0: 0, 1: 0, 2: 0, 3: 0, 4: 0, 5: 0, 6: 0, 7: 0, 8: 0, 9: 0}",0,0
none_mencius,60c1s5r10p,YCSB_A,rw_zipf_0.7,concurrent_16,0,9600,155.37,299.6121,356.75316,199.65813375,960.0,"{0: 19.192, 1: 19.388, 2: 17.172, 3: 17.347, 4: 18.367}","{0: 495.562, 1: 495.938, 2: 497.75, 3: 492.062, 4: 493.375}","{0: 0, 1: 0, 2: 0, 3: 0, 4: 0, 5: 0, 6: 0, 7: 0, 8: 0, 9: 0}","{0: 0, 1: 0, 2: 0, 3: 0, 4: 0, 5: 0, 6: 0, 7: 0, 8: 0, 9: 0}","{0: 0, 1: 0, 2: 0, 3: 0, 4: 0, 5: 0, 6: 0, 7: 0, 8: 0, 9: 0}",0,0
none_mencius,60c1s5r10p,YCSB_A,rw_zipf_0.75,concurrent_16,0,9600,156.431,303.5504,358.76205,202.03378791666668,960.0,"{0: 23.0, 1: 23.469, 2: 20.202, 3: 22.222, 4: 22.449}","{0: 495.875, 1: 496.875, 2: 498.75, 3: 492.562, 4: 493.125}","{0: 0, 1: 0, 2: 0, 3: 0, 4: 0, 5: 0, 6: 0, 7: 0, 8: 0, 9: 0}","{0: 0, 1: 0, 2: 0, 3: 0, 4: 0, 5: 0, 6: 0, 7: 0, 8: 0, 9: 0}","{0: 0, 1: 0, 2: 0, 3: 0, 4: 0, 5: 0, 6: 0, 7: 0, 8: 0, 9: 0}",0,0
none_mencius,60c1s5r10p,YCSB_A,rw_zipf_0.8,concurrent_16,0,9600,158.9665,302.5162,360.34205,202.68471302083336,960.0,"{0: 23.232, 1: 22.222, 2: 20.202, 3: 22.222, 4: 22.222}","{0: 495.688, 1: 496.625, 2: 498.938, 3: 492.5, 4: 493.75}","{0: 0, 1: 0, 2: 0, 3: 0, 4: 0, 5: 0, 6: 0, 7: 0, 8: 0, 9: 0}","{0: 0, 1: 0, 2: 0, 3: 0, 4: 0, 5: 0, 6: 0, 7: 0, 8: 0, 9: 0}","{0: 0, 1: 0, 2: 0, 3: 0, 4: 0, 5: 0, 6: 0, 7: 0, 8: 0, 9: 0}",0,0
none_mencius,60c1s5r10p,YCSB_A,rw_zipf_0.85,concurrent_16,0,9600,157.2905,300.893,355.2269700000002,201.66367729166663,960.0,"{0: 17.172, 1: 17.172, 2: 16.327, 3: 17.347, 4: 18.367}","{0: 495.5, 1: 496.125, 2: 496.938, 3: 492.25, 4: 493.125}","{0: 0, 1: 0, 2: 0, 3: 0, 4: 0, 5: 0, 6: 0, 7: 0, 8: 0, 9: 0}","{0: 0, 1: 0, 2: 0, 3: 0, 4: 0, 5: 0, 6: 0, 7: 0, 8: 0, 9: 0}","{0: 0, 1: 0, 2: 0, 3: 0, 4: 0, 5: 0, 6: 0, 7: 0, 8: 0, 9: 0}",0,0
none_mencius,60c1s5r10p,YCSB_A,rw_zipf_0.9,concurrent_16,0,9600,158.6,304.3002,358.30904000000004,202.92850552083334,960.0,"{0: 16.327, 1: 16.327, 2: 14.433, 3: 16.327, 4: 16.495}","{0: 496.0, 1: 496.5, 2: 497.688, 3: 493.812, 4: 494.062}","{0: 0, 1: 0, 2: 0, 3: 0, 4: 0, 5: 0, 6: 0, 7: 0, 8: 0, 9: 0}","{0: 0, 1: 0, 2: 0, 3: 0, 4: 0, 5: 0, 6: 0, 7: 0, 8: 0, 9: 0}","{0: 0, 1: 0, 2: 0, 3: 0, 4: 0, 5: 0, 6: 0, 7: 0, 8: 0, 9: 0}",0,0
none_mencius,60c1s5r10p,YCSB_A,rw_zipf_0.95,concurrent_16,0,9600,156.70350000000002,300.67629999999997,359.16213,200.64379239583334,960.0,"{0: 17.347, 1: 17.347, 2: 15.306, 3: 16.327, 4: 16.327}","{0: 495.375, 1: 495.812, 2: 496.875, 3: 493.25, 4: 492.875}","{0: 0, 1: 0, 2: 0, 3: 0, 4: 0, 5: 0, 6: 0, 7: 0, 8: 0, 9: 0}","{0: 0, 1: 0, 2: 0, 3: 0, 4: 0, 5: 0, 6: 0, 7: 0, 8: 0, 9: 0}","{0: 0, 1: 0, 2: 0, 3: 0, 4: 0, 5: 0, 6: 0, 7: 0, 8: 0, 9: 0}",0,0
none_mencius,60c1s5r10p,YCSB_A,rw_zipf_1,concurrent_16,0,9600,157.3795,300.5702,359.7061,201.1287119791667,960.0,"{0: 20.202, 1: 20.408, 2: 17.0, 3: 19.388, 4: 19.192}","{0: 495.812, 1: 496.75, 2: 497.75, 3: 493.25, 4: 493.312}","{0: 0, 1: 0, 2: 0, 3: 0, 4: 0, 5: 0, 6: 0, 7: 0, 8: 0, 9: 0}","{0: 0, 1: 0, 2: 0, 3: 0, 4: 0, 5: 0, 6: 0, 7: 0, 8: 0, 9: 0}","{0: 0, 1: 0, 2: 0, 3: 0, 4: 0, 5: 0, 6: 0, 7: 0, 8: 0, 9: 0}",0,0
none_mencius,60c1s5r10p,YCSB_B,rw_zipf_0.5,concurrent_16,0,9600,157.95,302.1773,356.27102,200.8284559375,960.0,"{0: 16.495, 1: 16.327, 2: 14.141, 3: 15.306, 4: 17.172}","{0: 498.688, 1: 496.625, 2: 499.0, 3: 494.938, 4: 495.5}","{0: 0, 1: 0, 2: 0, 3: 0, 4: 0, 5: 0, 6: 0, 7: 0, 8: 0, 9: 0}","{0: 0, 1: 0, 2: 0, 3: 0, 4: 0, 5: 0, 6: 0, 7: 0, 8: 0, 9: 0}","{0: 0, 1: 0, 2: 0, 3: 0, 4: 0, 5: 0, 6: 0, 7: 0, 8: 0, 9: 0}",0,0
none_mencius,60c1s5r10p,YCSB_B,rw_zipf_0.55,concurrent_16,0,9600,158.35,302.3727,355.91937,200.4728446875,960.0,"{0: 18.182, 1: 18.367, 2: 15.464, 3: 17.347, 4: 18.182}","{0: 496.375, 1: 494.562, 2: 497.688, 3: 493.812, 4: 493.125}","{0: 0, 1: 0, 2: 0, 3: 0, 4: 0, 5: 0, 6: 0, 7: 0, 8: 0, 9: 0}","{0: 0, 1: 0, 2: 0, 3: 0, 4: 0, 5: 0, 6: 0, 7: 0, 8: 0, 9: 0}","{0: 0, 1: 0, 2: 0, 3: 0, 4: 0, 5: 0, 6: 0, 7: 0, 8: 0, 9: 0}",0,0
none_mencius,60c1s5r10p,YCSB_B,rw_zipf_0.6,concurrent_16,0,9600,155.276,300.3084,357.088,200.65437375,960.0,"{0: 19.388, 1: 20.408, 2: 16.327, 3: 19.588, 4: 20.202}","{0: 497.125, 1: 495.375, 2: 498.938, 3: 494.125, 4: 493.625}","{0: 0, 1: 0, 2: 0, 3: 0, 4: 0, 5: 0, 6: 0, 7: 0, 8: 0, 9: 0}","{0: 0, 1: 0, 2: 0, 3: 0, 4: 0, 5: 0, 6: 0, 7: 0, 8: 0, 9: 0}","{0: 0, 1: 0, 2: 0, 3: 0, 4: 0, 5: 0, 6: 0, 7: 0, 8: 0, 9: 0}",0,0
none_mencius,60c1s5r10p,YCSB_B,rw_zipf_0.65,concurrent_16,0,9600,159.173,303.4095,360.25800999999996,204.09509770833336,960.0,"{0: 20.202, 1: 20.202, 2: 17.347, 3: 19.388, 4: 19.388}","{0: 496.438, 1: 495.188, 2: 498.375, 3: 493.188, 4: 494.438}","{0: 0, 1: 0, 2: 0, 3: 0, 4: 0, 5: 0, 6: 0, 7: 0, 8: 0, 9: 0}","{0: 0, 1: 0, 2: 0, 3: 0, 4: 0, 5: 0, 6: 0, 7: 0, 8: 0, 9: 0}","{0: 0, 1: 0, 2: 0, 3: 0, 4: 0, 5: 0, 6: 0, 7: 0, 8: 0, 9: 0}",0,0
none_mencius,60c1s5r10p,YCSB_B,rw_zipf_0.7,concurrent_16,0,9600,157.7825,301.57529999999997,361.37109,202.79682770833335,960.0,"{0: 18.367, 1: 19.192, 2: 16.162, 3: 18.182, 4: 18.182}","{0: 496.938, 1: 495.188, 2: 498.25, 3: 493.375, 4: 493.938}","{0: 0, 1: 0, 2: 0, 3: 0, 4: 0, 5: 0, 6: 0, 7: 0, 8: 0, 9: 0}","{0: 0, 1: 0, 2: 0, 3: 0, 4: 0, 5: 0, 6: 0, 7: 0, 8: 0, 9: 0}","{0: 0, 1: 0, 2: 0, 3: 0, 4: 0, 5: 0, 6: 0, 7: 0, 8: 0, 9: 0}",0,0
none_mencius,60c1s5r10p,YCSB_B,rw_zipf_0.75,concurrent_16,0,9600,159.6975,304.9755,360.63401,204.67010520833335,960.0,"{0: 26.263, 1: 26.263, 2: 23.469, 3: 25.0, 4: 25.51}","{0: 497.188, 1: 497.625, 2: 501.562, 3: 494.688, 4: 494.375}","{0: 0, 1: 0, 2: 0, 3: 0, 4: 0, 5: 0, 6: 0, 7: 0, 8: 0, 9: 0}","{0: 0, 1: 0, 2: 0, 3: 0, 4: 0, 5: 0, 6: 0, 7: 0, 8: 0, 9: 0}","{0: 0, 1: 0, 2: 0, 3: 0, 4: 0, 5: 0, 6: 0, 7: 0, 8: 0, 9: 0}",0,0
none_mencius,60c1s5r10p,YCSB_B,rw_zipf_0.8,concurrent_16,0,9600,160.2575,303.10720000000003,359.63009,203.3330970833333,960.0,"{0: 22.222, 1: 21.429, 2: 18.367, 3: 21.212, 4: 20.619}","{0: 496.688, 1: 497.0, 2: 499.438, 3: 494.125, 4: 493.875}","{0: 0, 1: 0, 2: 0, 3: 0, 4: 0, 5: 0, 6: 0, 7: 0, 8: 0, 9: 0}","{0: 0, 1: 0, 2: 0, 3: 0, 4: 0, 5: 0, 6: 0, 7: 0, 8: 0, 9: 0}","{0: 0, 1: 0, 2: 0, 3: 0, 4: 0, 5: 0, 6: 0, 7: 0, 8: 0, 9: 0}",0,0
none_mencius,60c1s5r10p,YCSB_B,rw_zipf_0.85,concurrent_16,0,9600,157.2495,303.9477,358.47528000000005,203.0212540625,960.0,"{0: 20.408, 1: 20.619, 2: 17.347, 3: 20.202, 4: 20.408}","{0: 496.562, 1: 497.062, 2: 499.625, 3: 494.125, 4: 494.375}","{0: 0, 1: 0, 2: 0, 3: 0, 4: 0, 5: 0, 6: 0, 7: 0, 8: 0, 9: 0}","{0: 0, 1: 0, 2: 0, 3: 0, 4: 0, 5: 0, 6: 0, 7: 0, 8: 0, 9: 0}","{0: 0, 1: 0, 2: 0, 3: 0, 4: 0, 5: 0, 6: 0, 7: 0, 8: 0, 9: 0}",0,0
none_mencius,60c1s5r10p,YCSB_B,rw_zipf_0.9,concurrent_16,0,9600,158.285,302.3472,358.20707,200.54082,960.0,"{0: 18.367, 1: 19.192, 2: 16.495, 3: 18.182, 4: 18.182}","{0: 497.062, 1: 495.375, 2: 498.188, 3: 493.562, 4: 494.25}","{0: 0, 1: 0, 2: 0, 3: 0, 4: 0, 5: 0, 6: 0, 7: 0, 8: 0, 9: 0}","{0: 0, 1: 0, 2: 0, 3: 0, 4: 0, 5: 0, 6: 0, 7: 0, 8: 0, 9: 0}","{0: 0, 1: 0, 2: 0, 3: 0, 4: 0, 5: 0, 6: 0, 7: 0, 8: 0, 9: 0}",0,0
none_mencius,60c1s5r10p,YCSB_B,rw_zipf_0.95,concurrent_16,0,9600,156.479,301.5591,362.94724,201.74021750000003,960.0,"{0: 17.526, 1: 18.367, 2: 15.306, 3: 19.0, 4: 18.367}","{0: 496.688, 1: 495.0, 2: 498.062, 3: 493.125, 4: 494.0}","{0: 0, 1: 0, 2: 0, 3: 0, 4: 0, 5: 0, 6: 0, 7: 0, 8: 0, 9: 0}","{0: 0, 1: 0, 2: 0, 3: 0, 4: 0, 5: 0, 6: 0, 7: 0, 8: 0, 9: 0}","{0: 0, 1: 0, 2: 0, 3: 0, 4: 0, 5: 0, 6: 0, 7: 0, 8: 0, 9: 0}",0,0
none_mencius,60c1s5r10p,YCSB_B,rw_zipf_1,concurrent_16,0,9600,155.882,301.9561,355.96419000000003,200.94465187500003,960.0,"{0: 18.0, 1: 18.367, 2: 15.306, 3: 17.172, 4: 17.172}","{0: 496.188, 1: 494.875, 2: 498.0, 3: 493.25, 4: 493.312}","{0: 0, 1: 0, 2: 0, 3: 0, 4: 0, 5: 0, 6: 0, 7: 0, 8: 0, 9: 0}","{0: 0, 1: 0, 2: 0, 3: 0, 4: 0, 5: 0, 6: 0, 7: 0, 8: 0, 9: 0}","{0: 0, 1: 0, 2: 0, 3: 0, 4: 0, 5: 0, 6: 0, 7: 0, 8: 0, 9: 0}",0,0
none_mongodb,60c1s5r10p,YCSB_A,rw_1000000,concurrent_1,0,600,181.683,400.7404,468.13509,230.76882045000002,60.0,"{0: 39.796, 1: 2.041, 2: 1.02, 3: 1.02, 4: 1.02}","{0: 657.887, 1: 427.75, 2: 427.875, 3: 427.5, 4: 427.625}","{0: 0, 1: 0, 2: 0, 3: 0, 4: 0, 5: 0, 6: 0, 7: 0, 8: 0, 9: 0}","{0: 0, 1: 0, 2: 0, 3: 0, 4: 0, 5: 0, 6: 0, 7: 0, 8: 0, 9: 0}","{0: 0, 1: 0, 2: 0, 3: 0, 4: 0, 5: 0, 6: 0, 7: 0, 8: 0, 9: 0}",0,0
none_mongodb,60c1s5r10p,YCSB_A,rw_1000000,concurrent_10,0,6000,229.0575,411.4294,485.99959,243.43603147833338,600.0,"{0: 52.525, 1: 6.061, 2: 4.04, 3: 4.082, 4: 3.061}","{0: 773.418, 1: 429.0, 2: 429.0, 3: 428.938, 4: 428.75}","{0: 0, 1: 0, 2: 0, 3: 0, 4: 0, 5: 0, 6: 0, 7: 0, 8: 0, 9: 0}","{0: 0, 1: 0, 2: 0, 3: 0, 4: 0, 5: 0, 6: 0, 7: 0, 8: 0, 9: 0}","{0: 0, 1: 0, 2: 0, 3: 0, 4: 0, 5: 0, 6: 0, 7: 0, 8: 0, 9: 0}",0,0
none_mongodb,60c1s5r10p,YCSB_A,rw_1000000,concurrent_20,0,12000,228.3225,411.96680000000003,481.717,244.8442619275,1200.0,"{0: 57.0, 1: 9.091, 2: 5.155, 3: 6.186, 4: 5.155}","{0: 810.336, 1: 430.062, 2: 430.125, 3: 430.062, 4: 430.0}","{0: 0, 1: 0, 2: 0, 3: 0, 4: 0, 5: 0, 6: 0, 7: 0, 8: 0, 9: 0}","{0: 0, 1: 0, 2: 0, 3: 0, 4: 0, 5: 0, 6: 0, 7: 0, 8: 0, 9: 0}","{0: 0, 1: 0, 2: 0, 3: 0, 4: 0, 5: 0, 6: 0, 7: 0, 8: 0, 9: 0}",0,0
none_mongodb,60c1s5r10p,YCSB_A,rw_1000000,concurrent_30,0,18000,231.4565,416.0174,494.3216999999999,249.81935480833334,1800.0,"{0: 64.0, 1: 11.34, 2: 7.143, 3: 9.0, 4: 7.143}","{0: 845.25, 1: 431.25, 2: 431.562, 3: 431.25, 4: 431.125}","{0: 0, 1: 0, 2: 0, 3: 0, 4: 0, 5: 0, 6: 0, 7: 0, 8: 0, 9: 0}","{0: 0, 1: 0, 2: 0, 3: 0, 4: 0, 5: 0, 6: 0, 7: 0, 8: 0, 9: 0}","{0: 0, 1: 0, 2: 0, 3: 0, 4: 0, 5: 0, 6: 0, 7: 0, 8: 0, 9: 0}",0,0
none_mongodb,60c1s5r10p,YCSB_A,rw_1000000,concurrent_35,0,21000,231.9795,420.3552,491.19914,251.86646804857142,2100.0,"{0: 66.0, 1: 12.5, 2: 8.247, 3: 9.278, 4: 8.247}","{0: 867.707, 1: 431.875, 2: 431.875, 3: 432.0, 4: 431.75}","{0: 0, 1: 0, 2: 0, 3: 0, 4: 0, 5: 0, 6: 0, 7: 0, 8: 0, 9: 0}","{0: 0, 1: 0, 2: 0, 3: 0, 4: 0, 5: 0, 6: 0, 7: 0, 8: 0, 9: 0}","{0: 0, 1: 0, 2: 0, 3: 0, 4: 0, 5: 0, 6: 0, 7: 0, 8: 0, 9: 0}",0,0
none_mongodb,60c1s5r10p,YCSB_A,rw_1000000,concurrent_40,0,24000,232.203,430.43300000000005,498.41434999999996,254.1505057729167,2400.0,"{0: 68.041, 1: 14.141, 2: 9.278, 3: 9.375, 4: 8.333}","{0: 879.023, 1: 432.688, 2: 432.375, 3: 432.25, 4: 432.312}","{0: 0, 1: 0, 2: 0, 3: 0, 4: 0, 5: 0, 6: 0, 7: 0, 8: 0, 9: 0}","{0: 0, 1: 0, 2: 0, 3: 0, 4: 0, 5: 0, 6: 0, 7: 0, 8: 0, 9: 0}","{0: 0, 1: 0, 2: 0, 3: 0, 4: 0, 5: 0, 6: 0, 7: 0, 8: 0, 9: 0}",0,0
none_mongodb,60c1s5r10p,YCSB_A,rw_1000000,concurrent_45,0,27000,236.23000000000002,428.49940000000004,505.7521,255.8352022459259,2700.0,"{0: 73.0, 1: 14.737, 2: 9.375, 3: 12.245, 4: 10.309}","{0: 902.23, 1: 433.125, 2: 433.25, 3: 433.062, 4: 433.062}","{0: 0, 1: 0, 2: 0, 3: 0, 4: 0, 5: 0, 6: 0, 7: 0, 8: 0, 9: 0}","{0: 0, 1: 0, 2: 0, 3: 0, 4: 0, 5: 0, 6: 0, 7: 0, 8: 0, 9: 0}","{0: 0, 1: 0, 2: 0, 3: 0, 4: 0, 5: 0, 6: 0, 7: 0, 8: 0, 9: 0}",0,0
none_mongodb,60c1s5r10p,YCSB_A,rw_1000000,concurrent_50,0,30000,235.35,430.5377000000001,501.50907,257.094144936,3000.0,"{0: 74.0, 1: 15.789, 2: 10.309, 3: 12.371, 4: 10.417}","{0: 928.482, 1: 433.562, 2: 433.562, 3: 433.812, 4: 433.688}","{0: 0, 1: 0, 2: 0, 3: 0, 4: 0, 5: 0, 6: 0, 7: 0, 8: 0, 9: 0}","{0: 0, 1: 0, 2: 0, 3: 0, 4: 0, 5: 0, 6: 0, 7: 0, 8: 0, 9: 0}","{0: 0, 1: 0, 2: 0, 3: 0, 4: 0, 5: 0, 6: 0, 7: 0, 8: 0, 9: 0}",0,0
none_mongodb,60c1s5r10p,YCSB_A,rw_1000000,concurrent_60,0,36000,238.2655,437.3188,517.9450300000001,263.1777632783333,3600.0,"{0: 81.818, 1: 20.619, 2: 14.286, 3: 15.152, 4: 13.402}","{0: 946.961, 1: 435.0, 2: 435.0, 3: 434.812, 4: 434.875}","{0: 0, 1: 0, 2: 0, 3: 0, 4: 0, 5: 0, 6: 0, 7: 0, 8: 0, 9: 0}","{0: 0, 1: 0, 2: 0, 3: 0, 4: 0, 5: 0, 6: 0, 7: 0, 8: 0, 9: 0}","{0: 0, 1: 0, 2: 0, 3: 0, 4: 0, 5: 0, 6: 0, 7: 0, 8: 0, 9: 0}",0,0
none_mongodb,60c1s5r10p,YCSB_A,rw_zipf_1,concurrent_1,0,600,223.1935,410.31239999999997,481.92572,244.3285440666667,60.0,"{0: 38.776, 1: 2.041, 2: 1.02, 3: 1.02, 4: 1.02}","{0: 671.445, 1: 443.0, 2: 443.375, 3: 442.812, 4: 443.5}","{0: 0, 1: 0, 2: 0, 3: 0, 4: 0, 5: 0, 6: 0, 7: 0, 8: 0, 9: 0}","{0: 0, 1: 0, 2: 0, 3: 0, 4: 0, 5: 0, 6: 0, 7: 0, 8: 0, 9: 0}","{0: 0, 1: 0, 2: 0, 3: 0, 4: 0, 5: 0, 6: 0, 7: 0, 8: 0, 9: 0}",0,0
none_mongodb,60c1s5r10p,YCSB_A,rw_zipf_1,concurrent_10,0,6000,224.882,410.49680000000006,475.0981,242.74411690333335,600.0,"{0: 53.608, 1: 5.155, 2: 3.093, 3: 4.082, 4: 3.125}","{0: 788.402, 1: 444.562, 2: 444.5, 3: 444.375, 4: 444.312}","{0: 0, 1: 0, 2: 0, 3: 0, 4: 0, 5: 0, 6: 0, 7: 0, 8: 0, 9: 0}","{0: 0, 1: 0, 2: 0, 3: 0, 4: 0, 5: 0, 6: 0, 7: 0, 8: 0, 9: 0}","{0: 0, 1: 0, 2: 0, 3: 0, 4: 0, 5: 0, 6: 0, 7: 0, 8: 0, 9: 0}",0,0
none_mongodb,60c1s5r10p,YCSB_A,rw_zipf_1,concurrent_20,0,12000,220.737,410.7598000000001,488.08315000000005,243.97454394,1200.0,"{0: 57.143, 1: 9.184, 2: 5.155, 3: 6.122, 4: 6.061}","{0: 825.184, 1: 445.688, 2: 445.625, 3: 445.5, 4: 445.375}","{0: 0, 1: 0, 2: 0, 3: 0, 4: 0, 5: 0, 6: 0, 7: 0, 8: 0, 9: 0}","{0: 0, 1: 0, 2: 0, 3: 0, 4: 0, 5: 0, 6: 0, 7: 0, 8: 0, 9: 0}","{0: 0, 1: 0, 2: 0, 3: 0, 4: 0, 5: 0, 6: 0, 7: 0, 8: 0, 9: 0}",0,0
none_mongodb,60c1s5r10p,YCSB_A,rw_zipf_1,concurrent_30,0,18000,229.4855,422.7131,489.33325999999596,248.69684507000002,1800.0,"{0: 64.356, 1: 13.131, 2: 8.081, 3: 8.163, 4: 7.216}","{0: 877.324, 1: 447.0, 2: 446.625, 3: 446.75, 4: 446.75}","{0: 0, 1: 0, 2: 0, 3: 0, 4: 0, 5: 0, 6: 0, 7: 0, 8: 0, 9: 0}","{0: 0, 1: 0, 2: 0, 3: 0, 4: 0, 5: 0, 6: 0, 7: 0, 8: 0, 9: 0}","{0: 0, 1: 0, 2: 0, 3: 0, 4: 0, 5: 0, 6: 0, 7: 0, 8: 0, 9: 0}",0,0
none_mongodb,60c1s5r10p,YCSB_A,rw_zipf_1,concurrent_35,0,21000,232.531,421.91380000000004,492.81606,250.49251558857145,2100.0,"{0: 68.0, 1: 12.5, 2: 8.163, 3: 10.204, 4: 8.081}","{0: 881.953, 1: 447.438, 2: 447.5, 3: 447.25, 4: 447.25}","{0: 0, 1: 0, 2: 0, 3: 0, 4: 0, 5: 0, 6: 0, 7: 0, 8: 0, 9: 0}","{0: 0, 1: 0, 2: 0, 3: 0, 4: 0, 5: 0, 6: 0, 7: 0, 8: 0, 9: 0}","{0: 0, 1: 0, 2: 0, 3: 0, 4: 0, 5: 0, 6: 0, 7: 0, 8: 0, 9: 0}",0,0
none_mongodb,60c1s5r10p,YCSB_A,rw_zipf_1,concurrent_40,0,24000,233.42000000000002,421.62190000000004,494.35801,251.49092083875001,2400.0,"{0: 68.041, 1: 13.402, 2: 9.091, 3: 11.224, 4: 9.278}","{0: 896.402, 1: 448.0, 2: 448.0, 3: 447.938, 4: 447.938}","{0: 0, 1: 0, 2: 0, 3: 0, 4: 0, 5: 0, 6: 0, 7: 0, 8: 0, 9: 0}","{0: 0, 1: 0, 2: 0, 3: 0, 4: 0, 5: 0, 6: 0, 7: 0, 8: 0, 9: 0}","{0: 0, 1: 0, 2: 0, 3: 0, 4: 0, 5: 0, 6: 0, 7: 0, 8: 0, 9: 0}",0,0
none_mongodb,60c1s5r10p,YCSB_A,rw_zipf_1,concurrent_45,0,27000,245.42899999999997,451.48120000000006,739.60203,272.6354959425926,2700.0,"{0: 71.717, 1: 15.625, 2: 10.0, 3: 11.34, 4: 10.204}","{0: 922.566, 1: 448.75, 2: 448.688, 3: 448.312, 4: 448.438}","{0: 0, 1: 0, 2: 0, 3: 0, 4: 0, 5: 0, 6: 0, 7: 0, 8: 0, 9: 0}","{0: 0, 1: 0, 2: 0, 3: 0, 4: 0, 5: 0, 6: 0, 7: 0, 8: 0, 9: 0}","{0: 0, 1: 0, 2: 0, 3: 0, 4: 0, 5: 0, 6: 0, 7: 0, 8: 0, 9: 0}",0,0
none_mongodb,60c1s5r10p,YCSB_A,rw_zipf_1,concurrent_50,0,30000,241.638,458.5413,540.94102,269.8838440193333,3000.0,"{0: 71.717, 1: 12.5, 2: 10.309, 3: 14.583, 4: 11.224}","{0: 939.168, 1: 449.562, 2: 449.25, 3: 449.0, 4: 448.938}","{0: 0, 1: 0, 2: 0, 3: 0, 4: 0, 5: 0, 6: 0, 7: 0, 8: 0, 9: 0}","{0: 0, 1: 0, 2: 0, 3: 0, 4: 0, 5: 0, 6: 0, 7: 0, 8: 0, 9: 0}","{0: 0, 1: 0, 2: 0, 3: 0, 4: 0, 5: 0, 6: 0, 7: 0, 8: 0, 9: 0}",0,0
none_mongodb,60c1s5r10p,YCSB_A,rw_zipf_1,concurrent_60,0,36000,241.965,437.3697,530.7293200000001,264.0331077286111,3600.0,"{0: 79.381, 1: 16.495, 2: 12.245, 3: 15.625, 4: 12.371}","{0: 963.043, 1: 450.562, 2: 450.75, 3: 450.125, 4: 450.25}","{0: 0, 1: 0, 2: 0, 3: 0, 4: 0, 5: 0, 6: 0, 7: 0, 8: 0, 9: 0}","{0: 0, 1: 0, 2: 0, 3: 0, 4: 0, 5: 0, 6: 0, 7: 0, 8: 0, 9: 0}","{0: 0, 1: 0, 2: 0, 3: 0, 4: 0, 5: 0, 6: 0, 7: 0, 8: 0, 9: 0}",0,0
none_mongodb,60c1s5r10p,YCSB_A,rw_zipf_0.5,concurrent_50,0,30000,245.26850000000002,459.5981,525.6626699999999,274.3707640296667,3000.0,"{0: 73.0, 1: 16.0, 2: 10.309, 3: 14.433, 4: 9.474}","{0: 939.234, 1: 449.125, 2: 449.062, 3: 449.0, 4: 448.875}","{0: 0, 1: 0, 2: 0, 3: 0, 4: 0, 5: 0, 6: 0, 7: 0, 8: 0, 9: 0}","{0: 0, 1: 0, 2: 0, 3: 0, 4: 0, 5: 0, 6: 0, 7: 0, 8: 0, 9: 0}","{0: 0, 1: 0, 2: 0, 3: 0, 4: 0, 5: 0, 6: 0, 7: 0, 8: 0, 9: 0}",0,0
none_mongodb,60c1s5r10p,YCSB_A,rw_zipf_0.55,concurrent_50,0,30000,239.673,460.52400000000006,557.6402499999999,270.37491060366665,3000.0,"{0: 73.0, 1: 13.402, 2: 11.224, 3: 14.433, 4: 10.309}","{0: 936.025, 1: 449.25, 2: 449.312, 3: 449.0, 4: 448.938}","{0: 0, 1: 0, 2: 0, 3: 0, 4: 0, 5: 0, 6: 0, 7: 0, 8: 0, 9: 0}","{0: 0, 1: 0, 2: 0, 3: 0, 4: 0, 5: 0, 6: 0, 7: 0, 8: 0, 9: 0}","{0: 0, 1: 0, 2: 0, 3: 0, 4: 0, 5: 0, 6: 0, 7: 0, 8: 0, 9: 0}",0,0
none_mongodb,60c1s5r10p,YCSB_A,rw_zipf_0.6,concurrent_50,0,30000,242.118,460.2121,545.39409,268.2157933336666,3000.0,"{0: 74.227, 1: 12.5, 2: 10.204, 3: 14.433, 4: 10.204}","{0: 933.051, 1: 449.125, 2: 449.125, 3: 449.125, 4: 448.938}","{0: 0, 1: 0, 2: 0, 3: 0, 4: 0, 5: 0, 6: 0, 7: 0, 8: 0, 9: 0}","{0: 0, 1: 0, 2: 0, 3: 0, 4: 0, 5: 0, 6: 0, 7: 0, 8: 0, 9: 0}","{0: 0, 1: 0, 2: 0, 3: 0, 4: 0, 5: 0, 6: 0, 7: 0, 8: 0, 9: 0}",0,0
none_mongodb,60c1s5r10p,YCSB_A,rw_zipf_0.65,concurrent_50,0,30000,244.08100000000002,460.8892,541.8291399999999,269.5285777586667,3000.0,"{0: 72.727, 1: 13.265, 2: 10.417, 3: 15.306, 4: 10.309}","{0: 937.965, 1: 448.938, 2: 449.125, 3: 449.062, 4: 449.0}","{0: 0, 1: 0, 2: 0, 3: 0, 4: 0, 5: 0, 6: 0, 7: 0, 8: 0, 9: 0}","{0: 0, 1: 0, 2: 0, 3: 0, 4: 0, 5: 0, 6: 0, 7: 0, 8: 0, 9: 0}","{0: 0, 1: 0, 2: 0, 3: 0, 4: 0, 5: 0, 6: 0, 7: 0, 8: 0, 9: 0}",0,0
none_mongodb,60c1s5r10p,YCSB_A,rw_zipf_0.7,concurrent_50,0,30000,241.74650000000003,462.6681,530.82904,272.08615524566665,3000.0,"{0: 72.449, 1: 13.402, 2: 10.204, 3: 15.306, 4: 10.309}","{0: 935.643, 1: 449.125, 2: 449.188, 3: 449.0, 4: 448.938}","{0: 0, 1: 0, 2: 0, 3: 0, 4: 0, 5: 0, 6: 0, 7: 0, 8: 0, 9: 0}","{0: 0, 1: 0, 2: 0, 3: 0, 4: 0, 5: 0, 6: 0, 7: 0, 8: 0, 9: 0}","{0: 0, 1: 0, 2: 0, 3: 0, 4: 0, 5: 0, 6: 0, 7: 0, 8: 0, 9: 0}",0,0
none_mongodb,60c1s5r10p,YCSB_A,rw_zipf_0.75,concurrent_50,0,30000,242.5285,463.5781,528.17621,272.69118363833337,3000.0,"{0: 71.569, 1: 12.5, 2: 10.309, 3: 13.542, 4: 11.224}","{0: 937.912, 1: 449.188, 2: 449.562, 3: 449.125, 4: 449.125}","{0: 0, 1: 0, 2: 0, 3: 0, 4: 0, 5: 0, 6: 0, 7: 0, 8: 0, 9: 0}","{0: 0, 1: 0, 2: 0, 3: 0, 4: 0, 5: 0, 6: 0, 7: 0, 8: 0, 9: 0}","{0: 0, 1: 0, 2: 0, 3: 0, 4: 0, 5: 0, 6: 0, 7: 0, 8: 0, 9: 0}",0,0
none_mongodb,60c1s5r10p,YCSB_A,rw_zipf_0.8,concurrent_50,0,30000,242.50349999999997,456.7711,529.82702,267.8704019506667,3000.0,"{0: 74.257, 1: 12.371, 2: 10.309, 3: 14.583, 4: 11.224}","{0: 941.758, 1: 449.438, 2: 449.125, 3: 449.188, 4: 449.25}","{0: 0, 1: 0, 2: 0, 3: 0, 4: 0, 5: 0, 6: 0, 7: 0, 8: 0, 9: 0}","{0: 0, 1: 0, 2: 0, 3: 0, 4: 0, 5: 0, 6: 0, 7: 0, 8: 0, 9: 0}","{0: 0, 1: 0, 2: 0, 3: 0, 4: 0, 5: 0, 6: 0, 7: 0, 8: 0, 9: 0}",0,0
none_mongodb,60c1s5r10p,YCSB_A,rw_zipf_0.85,concurrent_50,0,30000,237.41649999999998,454.8481,531.95209,265.966807835,3000.0,"{0: 73.737, 1: 12.5, 2: 10.309, 3: 15.306, 4: 10.309}","{0: 933.949, 1: 449.438, 2: 449.25, 3: 448.938, 4: 449.125}","{0: 0, 1: 0, 2: 0, 3: 0, 4: 0, 5: 0, 6: 0, 7: 0, 8: 0, 9: 0}","{0: 0, 1: 0, 2: 0, 3: 0, 4: 0, 5: 0, 6: 0, 7: 0, 8: 0, 9: 0}","{0: 0, 1: 0, 2: 0, 3: 0, 4: 0, 5: 0, 6: 0, 7: 0, 8: 0, 9: 0}",0,0
none_mongodb,60c1s5r10p,YCSB_A,rw_zipf_0.9,concurrent_50,0,30000,241.003,458.2283,548.53423,270.50960604066665,3000.0,"{0: 72.277, 1: 13.265, 2: 10.204, 3: 14.286, 4: 10.309}","{0: 963.482, 1: 449.625, 2: 449.5, 3: 449.062, 4: 448.875}","{0: 0, 1: 0, 2: 0, 3: 0, 4: 0, 5: 0, 6: 0, 7: 0, 8: 0, 9: 0}","{0: 0, 1: 0, 2: 0, 3: 0, 4: 0, 5: 0, 6: 0, 7: 0, 8: 0, 9: 0}","{0: 0, 1: 0, 2: 0, 3: 0, 4: 0, 5: 0, 6: 0, 7: 0, 8: 0, 9: 0}",0,0
none_mongodb,60c1s5r10p,YCSB_A,rw_zipf_0.95,concurrent_50,0,30000,242.155,456.45730000000003,537.79903,269.0947497073334,3000.0,"{0: 72.727, 1: 13.265, 2: 10.309, 3: 14.433, 4: 11.224}","{0: 937.676, 1: 449.062, 2: 449.188, 3: 449.25, 4: 449.125}","{0: 0, 1: 0, 2: 0, 3: 0, 4: 0, 5: 0, 6: 0, 7: 0, 8: 0, 9: 0}","{0: 0, 1: 0, 2: 0, 3: 0, 4: 0, 5: 0, 6: 0, 7: 0, 8: 0, 9: 0}","{0: 0, 1: 0, 2: 0, 3: 0, 4: 0, 5: 0, 6: 0, 7: 0, 8: 0, 9: 0}",0,0
none_mongodb,60c1s5r10p,YCSB_A,rw_zipf_1,concurrent_50,0,30000,241.638,458.5413,540.94102,269.8838440193333,3000.0,"{0: 71.717, 1: 12.5, 2: 10.309, 3: 14.583, 4: 11.224}","{0: 939.168, 1: 449.562, 2: 449.25, 3: 449.0, 4: 448.938}","{0: 0, 1: 0, 2: 0, 3: 0, 4: 0, 5: 0, 6: 0, 7: 0, 8: 0, 9: 0}","{0: 0, 1: 0, 2: 0, 3: 0, 4: 0, 5: 0, 6: 0, 7: 0, 8: 0, 9: 0}","{0: 0, 1: 0, 2: 0, 3: 0, 4: 0, 5: 0, 6: 0, 7: 0, 8: 0, 9: 0}",0,0
none_mongodb,60c1s5r10p,YCSB_B,rw_zipf_0.5,concurrent_50,0,30000,161.628,244.7251,443.735179999999,156.52570358399998,3000.0,"{0: 69.0, 1: 4.04, 2: 3.061, 3: 4.04, 4: 3.061}","{0: 934.533, 1: 449.25, 2: 449.188, 3: 449.125, 4: 448.938}","{0: 0, 1: 0, 2: 0, 3: 0, 4: 0, 5: 0, 6: 0, 7: 0, 8: 0, 9: 0}","{0: 0, 1: 0, 2: 0, 3: 0, 4: 0, 5: 0, 6: 0, 7: 0, 8: 0, 9: 0}","{0: 0, 1: 0, 2: 0, 3: 0, 4: 0, 5: 0, 6: 0, 7: 0, 8: 0, 9: 0}",0,0
none_mongodb,60c1s5r10p,YCSB_B,rw_zipf_0.55,concurrent_50,0,30000,160.318,236.99640000000002,443.60206,152.93552067733333,3000.0,"{0: 70.297, 1: 4.082, 2: 3.03, 3: 4.124, 4: 3.03}","{0: 933.125, 1: 449.188, 2: 449.062, 3: 449.0, 4: 449.0}","{0: 0, 1: 0, 2: 0, 3: 0, 4: 0, 5: 0, 6: 0, 7: 0, 8: 0, 9: 0}","{0: 0, 1: 0, 2: 0, 3: 0, 4: 0, 5: 0, 6: 0, 7: 0, 8: 0, 9: 0}","{0: 0, 1: 0, 2: 0, 3: 0, 4: 0, 5: 0, 6: 0, 7: 0, 8: 0, 9: 0}",0,0
none_mongodb,60c1s5r10p,YCSB_B,rw_zipf_0.6,concurrent_50,0,30000,159.8,240.8313,438.78637999999995,153.52084567033333,3000.0,"{0: 69.0, 1: 4.124, 2: 2.083, 3: 4.082, 4: 3.061}","{0: 932.766, 1: 448.938, 2: 449.188, 3: 449.125, 4: 448.812}","{0: 0, 1: 0, 2: 0, 3: 0, 4: 0, 5: 0, 6: 0, 7: 0, 8: 0, 9: 0}","{0: 0, 1: 0, 2: 0, 3: 0, 4: 0, 5: 0, 6: 0, 7: 0, 8: 0, 9: 0}","{0: 0, 1: 0, 2: 0, 3: 0, 4: 0, 5: 0, 6: 0, 7: 0, 8: 0, 9: 0}",0,0
none_mongodb,60c1s5r10p,YCSB_B,rw_zipf_0.65,concurrent_50,0,30000,160.94850000000002,252.3762,438.6813699999999,156.44789854633333,3000.0,"{0: 68.367, 1: 4.124, 2: 3.093, 3: 4.082, 4: 3.061}","{0: 932.852, 1: 449.188, 2: 449.125, 3: 448.938, 4: 449.188}","{0: 0, 1: 0, 2: 0, 3: 0, 4: 0, 5: 0, 6: 0, 7: 0, 8: 0, 9: 0}","{0: 0, 1: 0, 2: 0, 3: 0, 4: 0, 5: 0, 6: 0, 7: 0, 8: 0, 9: 0}","{0: 0, 1: 0, 2: 0, 3: 0, 4: 0, 5: 0, 6: 0, 7: 0, 8: 0, 9: 0}",0,0
none_mongodb,60c1s5r10p,YCSB_B,rw_zipf_0.7,concurrent_50,0,30000,163.9715,242.97310000000002,445.20432999999997,156.696737512,3000.0,"{0: 68.687, 1: 4.082, 2: 3.03, 3: 5.0, 4: 3.093}","{0: 933.668, 1: 449.25, 2: 449.25, 3: 448.938, 4: 449.0}","{0: 0, 1: 0, 2: 0, 3: 0, 4: 0, 5: 0, 6: 0, 7: 0, 8: 0, 9: 0}","{0: 0, 1: 0, 2: 0, 3: 0, 4: 0, 5: 0, 6: 0, 7: 0, 8: 0, 9: 0}","{0: 0, 1: 0, 2: 0, 3: 0, 4: 0, 5: 0, 6: 0, 7: 0, 8: 0, 9: 0}",0,0
none_mongodb,60c1s5r10p,YCSB_B,rw_zipf_0.75,concurrent_50,0,30000,161.528,250.8074,438.50870999999876,156.86432400433335,3000.0,"{0: 69.0, 1: 4.082, 2: 3.061, 3: 4.082, 4: 3.061}","{0: 932.41, 1: 449.312, 2: 449.25, 3: 448.812, 4: 449.125}","{0: 0, 1: 0, 2: 0, 3: 0, 4: 0, 5: 0, 6: 0, 7: 0, 8: 0, 9: 0}","{0: 0, 1: 0, 2: 0, 3: 0, 4: 0, 5: 0, 6: 0, 7: 0, 8: 0, 9: 0}","{0: 0, 1: 0, 2: 0, 3: 0, 4: 0, 5: 0, 6: 0, 7: 0, 8: 0, 9: 0}",0,0
none_mongodb,60c1s5r10p,YCSB_B,rw_zipf_0.8,concurrent_50,0,30000,161.462,243.263,438.36906,157.038032688,3000.0,"{0: 68.687, 1: 5.0, 2: 3.061, 3: 4.082, 4: 3.061}","{0: 932.488, 1: 449.25, 2: 449.188, 3: 448.875, 4: 449.188}","{0: 0, 1: 0, 2: 0, 3: 0, 4: 0, 5: 0, 6: 0, 7: 0, 8: 0, 9: 0}","{0: 0, 1: 0, 2: 0, 3: 0, 4: 0, 5: 0, 6: 0, 7: 0, 8: 0, 9: 0}","{0: 0, 1: 0, 2: 0, 3: 0, 4: 0, 5: 0, 6: 0, 7: 0, 8: 0, 9: 0}",0,0
none_mongodb,60c1s5r10p,YCSB_B,rw_zipf_0.85,concurrent_50,0,30000,159.5865,242.60250000000002,443.0465799999999,154.9342753343333,3000.0,"{0: 70.0, 1: 4.082, 2: 3.061, 3: 4.082, 4: 3.061}","{0: 936.484, 1: 448.875, 2: 449.062, 3: 448.875, 4: 448.938}","{0: 0, 1: 0, 2: 0, 3: 0, 4: 0, 5: 0, 6: 0, 7: 0, 8: 0, 9: 0}","{0: 0, 1: 0, 2: 0, 3: 0, 4: 0, 5: 0, 6: 0, 7: 0, 8: 0, 9: 0}","{0: 0, 1: 0, 2: 0, 3: 0, 4: 0, 5: 0, 6: 0, 7: 0, 8: 0, 9: 0}",0,0
none_mongodb,60c1s5r10p,YCSB_B,rw_zipf_0.9,concurrent_50,0,30000,161.461,236.0121,439.9068399999999,154.89911550666665,3000.0,"{0: 69.697, 1: 5.051, 2: 3.03, 3: 5.051, 4: 3.061}","{0: 933.455, 1: 448.875, 2: 449.375, 3: 448.875, 4: 449.0}","{0: 0, 1: 0, 2: 0, 3: 0, 4: 0, 5: 0, 6: 0, 7: 0, 8: 0, 9: 0}","{0: 0, 1: 0, 2: 0, 3: 0, 4: 0, 5: 0, 6: 0, 7: 0, 8: 0, 9: 0}","{0: 0, 1: 0, 2: 0, 3: 0, 4: 0, 5: 0, 6: 0, 7: 0, 8: 0, 9: 0}",0,0
none_mongodb,60c1s5r10p,YCSB_B,rw_zipf_0.95,concurrent_50,0,30000,161.5985,237.08010000000002,441.73319,155.09947654433336,3000.0,"{0: 69.0, 1: 4.082, 2: 3.061, 3: 4.124, 4: 2.062}","{0: 932.631, 1: 448.938, 2: 449.125, 3: 448.938, 4: 449.062}","{0: 0, 1: 0, 2: 0, 3: 0, 4: 0, 5: 0, 6: 0, 7: 0, 8: 0, 9: 0}","{0: 0, 1: 0, 2: 0, 3: 0, 4: 0, 5: 0, 6: 0, 7: 0, 8: 0, 9: 0}","{0: 0, 1: 0, 2: 0, 3: 0, 4: 0, 5: 0, 6: 0, 7: 0, 8: 0, 9: 0}",0,0
none_mongodb,60c1s5r10p,YCSB_B,rw_zipf_1,concurrent_50,0,30000,161.643,242.7611,438.5485399999999,154.65663705233334,3000.0,"{0: 68.687, 1: 3.093, 2: 3.061, 3: 4.082, 4: 3.061}","{0: 933.199, 1: 449.125, 2: 449.062, 3: 449.062, 4: 448.875}","{0: 0, 1: 0, 2: 0, 3: 0, 4: 0, 5: 0, 6: 0, 7: 0, 8: 0, 9: 0}","{0: 0, 1: 0, 2: 0, 3: 0, 4: 0, 5: 0, 6: 0, 7: 0, 8: 0, 9: 0}","{0: 0, 1: 0, 2: 0, 3: 0, 4: 0, 5: 0, 6: 0, 7: 0, 8: 0, 9: 0}",0,0
rule_fpga_raft,60c1s5r10p,YCSB_A,rw_1000000,concurrent_1,0,600,299.0535,330.02130000000125,385.44005,281.6126483333333,60.0,"{0: 5.952, 1: 2.439, 2: 15.789, 3: 13.043, 4: 2.439}","{0: 432.562, 1: 430.938, 2: 431.062, 3: 431.25, 4: 430.938}","{0: 0, 1: 0, 2: 0, 3: 0, 4: 0, 5: 0, 6: 0, 7: 0, 8: 0, 9: 0}","{0: 0, 1: 0, 2: 0, 3: 0, 4: 0, 5: 0, 6: 0, 7: 0, 8: 0, 9: 0}","{0: 0, 1: 0, 2: 0, 3: 0, 4: 0, 5: 0, 6: 0, 7: 0, 8: 0, 9: 0}",0,0
rule_fpga_raft,60c1s5r10p,YCSB_A,rw_1000000,concurrent_10,0,6000,302.1055,332.43470000001963,400.30343,285.0647778333333,600.0,"{0: 8.537, 1: 3.659, 2: 5.952, 3: 2.469, 4: 2.469}","{0: 453.375, 1: 446.875, 2: 446.812, 3: 446.562, 4: 446.75}","{0: 0, 1: 0, 2: 0, 3: 0, 4: 0, 5: 0, 6: 0, 7: 0, 8: 0, 9: 0}","{0: 0, 1: 0, 2: 0, 3: 0, 4: 0, 5: 0, 6: 0, 7: 0, 8: 0, 9: 0}","{0: 0, 1: 0, 2: 0, 3: 0, 4: 0, 5: 0, 6: 0, 7: 0, 8: 0, 9: 0}",0,0
rule_fpga_raft,60c1s5r10p,YCSB_A,rw_1000000,concurrent_20,0,12000,303.01800000000003,332.39910000002,392.86205,285.83103158333336,1200.0,"{0: 13.253, 1: 4.878, 2: 4.878, 3: 8.235, 4: 3.704}","{0: 462.438, 1: 450.125, 2: 450.5, 3: 450.062, 4: 449.938}","{0: 0, 1: 0, 2: 0, 3: 0, 4: 0, 5: 0, 6: 0, 7: 0, 8: 0, 9: 0}","{0: 0, 1: 0, 2: 0, 3: 0, 4: 0, 5: 0, 6: 0, 7: 0, 8: 0, 9: 0}","{0: 0, 1: 0, 2: 0, 3: 0, 4: 0, 5: 0, 6: 0, 7: 0, 8: 0, 9: 0}",0,0
rule_fpga_raft,60c1s5r10p,YCSB_A,rw_1000000,concurrent_30,0,18000,300.409,330.88480000001925,390.511,283.4488025,1800.0,"{0: 17.857, 1: 8.434, 2: 20.619, 3: 11.364, 4: 7.229}","{0: 471.0, 1: 453.625, 2: 453.625, 3: 453.25, 4: 453.5}","{0: 0, 1: 0, 2: 0, 3: 0, 4: 0, 5: 0, 6: 0, 7: 0, 8: 0, 9: 0}","{0: 0, 1: 0, 2: 0, 3: 0, 4: 0, 5: 0, 6: 0, 7: 0, 8: 0, 9: 0}","{0: 0, 1: 0, 2: 0, 3: 0, 4: 0, 5: 0, 6: 0, 7: 0, 8: 0, 9: 0}",0,0
rule_fpga_raft,60c1s5r10p,YCSB_A,rw_1000000,concurrent_40,0,24000,300.554,334.6545000001077,389.915,284.03101425,2400.0,"{0: 20.238, 1: 7.407, 2: 17.895, 3: 9.524, 4: 7.229}","{0: 480.5, 1: 457.062, 2: 457.562, 3: 456.938, 4: 457.0}","{0: 0, 1: 0, 2: 0, 3: 0, 4: 0, 5: 0, 6: 0, 7: 0, 8: 0, 9: 0}","{0: 0, 1: 0, 2: 0, 3: 0, 4: 0, 5: 0, 6: 0, 7: 0, 8: 0, 9: 0}","{0: 0, 1: 0, 2: 0, 3: 0, 4: 0, 5: 0, 6: 0, 7: 0, 8: 0, 9: 0}",0,0
rule_fpga_raft,60c1s5r10p,YCSB_A,rw_1000000,concurrent_50,0,30000,301.1055,342.4257000000821,397.434,283.30746389999996,3000.0,"{0: 24.419, 1: 8.537, 2: 10.345, 3: 8.333, 4: 8.333}","{0: 487.312, 1: 460.062, 2: 460.438, 3: 459.188, 4: 459.438}","{0: 0, 1: 0, 2: 0, 3: 0, 4: 0, 5: 0, 6: 0, 7: 0, 8: 0, 9: 0}","{0: 0, 1: 0, 2: 0, 3: 0, 4: 0, 5: 0, 6: 0, 7: 0, 8: 0, 9: 0}","{0: 0, 1: 0, 2: 0, 3: 0, 4: 0, 5: 0, 6: 0, 7: 0, 8: 0, 9: 0}",0,0
rule_fpga_raft,60c1s5r10p,YCSB_A,rw_1000000,concurrent_60,0,36000,305.8625,381.6475,404.88508,290.05587966666667,3600.0,"{0: 27.059, 1: 11.765, 2: 8.434, 3: 8.434, 4: 14.607}","{0: 496.938, 1: 463.125, 2: 464.312, 3: 462.375, 4: 462.938}","{0: 0, 1: 0, 2: 0, 3: 0, 4: 0, 5: 0, 6: 0, 7: 0, 8: 0, 9: 0}","{0: 0, 1: 0, 2: 0, 3: 0, 4: 0, 5: 0, 6: 0, 7: 0, 8: 0, 9: 0}","{0: 0, 1: 0, 2: 0, 3: 0, 4: 0, 5: 0, 6: 0, 7: 0, 8: 0, 9: 0}",0,0
rule_fpga_raft,60c1s5r10p,YCSB_A,rw_1000000,concurrent_70,0,42000,315.512,386.8451,419.18802999999997,301.65050661904763,4200.0,"{0: 32.184, 1: 10.843, 2: 8.537, 3: 8.537, 4: 8.434}","{0: 508.812, 1: 466.5, 2: 467.188, 3: 465.438, 4: 466.188}","{0: 0, 1: 0, 2: 0, 3: 0, 4: 0, 5: 0, 6: 0, 7: 0, 8: 0, 9: 0}","{0: 0, 1: 0, 2: 0, 3: 0, 4: 0, 5: 0, 6: 0, 7: 0, 8: 0, 9: 0}","{0: 0, 1: 0, 2: 0, 3: 0, 4: 0, 5: 0, 6: 0, 7: 0, 8: 0, 9: 0}",0,0
rule_fpga_raft,60c1s5r10p,YCSB_A,rw_1000000,concurrent_80,0,48000,353.925,417.9314,498.53204,339.71044716666665,4800.0,"{0: 32.184, 1: 13.095, 2: 9.639, 3: 8.537, 4: 9.756}","{0: 522.812, 1: 471.188, 2: 472.312, 3: 469.812, 4: 471.0}","{0: 0, 1: 0, 2: 0, 3: 0, 4: 0, 5: 0, 6: 0, 7: 0, 8: 0, 9: 0}","{0: 0, 1: 0, 2: 0, 3: 0, 4: 0, 5: 0, 6: 0, 7: 0, 8: 0, 9: 0}","{0: 0, 1: 0, 2: 0, 3: 0, 4: 0, 5: 0, 6: 0, 7: 0, 8: 0, 9: 0}",0,0
rule_fpga_raft,60c1s5r10p,YCSB_A,rw_1000000,concurrent_100,0,60000,402.0475,522.1264,655.04901,402.7088447833334,6000.0,"{0: 40.23, 1: 14.458, 2: 10.714, 3: 14.943, 4: 33.929}","{0: 581.625, 1: 478.312, 2: 475.973, 3: 476.875, 4: 476.688}","{0: 0, 1: 0, 2: 0, 3: 0, 4: 0, 5: 0, 6: 0, 7: 0, 8: 0, 9: 0}","{0: 0, 1: 0, 2: 0, 3: 0, 4: 0, 5: 0, 6: 0, 7: 0, 8: 0, 9: 0}","{0: 0, 1: 0, 2: 0, 3: 0, 4: 0, 5: 0, 6: 0, 7: 0, 8: 0, 9: 0}",0,0
rule_fpga_raft,60c1s5r10p,YCSB_A,rw_1000000,concurrent_120,0,72000,464.5005,614.2166,744.22605,465.43331233333333,7200.0,"{0: 48.889, 1: 14.634, 2: 9.639, 3: 17.978, 4: 17.045}","{0: 658.688, 1: 483.75, 2: 478.938, 3: 481.996, 4: 481.688}","{0: 0, 1: 0, 2: 0, 3: 0, 4: 0, 5: 0, 6: 0, 7: 0, 8: 0, 9: 0}","{0: 0, 1: 0, 2: 0, 3: 0, 4: 0, 5: 0, 6: 0, 7: 0, 8: 0, 9: 0}","{0: 0, 1: 0, 2: 0, 3: 0, 4: 0, 5: 0, 6: 0, 7: 0, 8: 0, 9: 0}",0,0
rule_fpga_raft,60c1s5r10p,YCSB_A,rw_1000000,concurrent_150,0,73432,2594.2349999999997,3796.17,4014.1038000000003,2481.8100668645825,7343.2,"{0: 61.538, 1: 18.824, 2: 8.537, 3: 15.294, 4: 23.158}","{0: 1040.25, 1: 529.625, 2: 514.125, 3: 522.062, 4: 520.312}","{0: 0, 1: 0, 2: 0, 3: 0, 4: 0, 5: 0, 6: 0, 7: 0, 8: 0, 9: 0}","{0: 0, 1: 0, 2: 0, 3: 0, 4: 0, 5: 0, 6: 0, 7: 0, 8: 0, 9: 0}","{0: 0, 1: 0, 2: 0, 3: 0, 4: 0, 5: 0, 6: 0, 7: 0, 8: 0, 9: 0}",0,0
rule_fpga_raft,60c1s5r10p,YCSB_A,rw_1000000,concurrent_1,100,600,151.95100000000002,194.93550000000084,242.80001000000001,163.54494833333334,60.0,"{0: 4.878, 1: 2.469, 2: 3.614, 3: 2.439, 4: 2.439}","{0: 433.0, 1: 432.438, 2: 432.5, 3: 432.312, 4: 432.125}","{0: 60, 1: 60, 2: 60, 3: 60, 4: 60, 5: 60, 6: 60, 7: 60, 8: 60, 9: 60}","{0: 60, 1: 60, 2: 60, 3: 60, 4: 60, 5: 60, 6: 60, 7: 60, 8: 60, 9: 60}","{0: 0, 1: 60, 2: 60, 3: 60, 4: 60, 5: 60, 6: 60, 7: 60, 8: 60, 9: 60}",100.0,90.0
rule_fpga_raft,60c1s5r10p,YCSB_A,rw_1000000,concurrent_10,100,6000,152.837,227.29460000000003,229.85201,163.28164916666665,600.0,"{0: 8.537, 1: 6.977, 2: 15.957, 3: 4.819, 4: 4.819}","{0: 454.375, 1: 451.5, 2: 451.875, 3: 451.125, 4: 451.625}","{0: 600, 1: 600, 2: 600, 3: 600, 4: 600, 5: 600, 6: 600, 7: 600, 8: 600, 9: 600}","{0: 600, 1: 600, 2: 600, 3: 600, 4: 600, 5: 600, 6: 600, 7: 598, 8: 600, 9: 600}","{0: 0, 1: 600, 2: 600, 3: 600, 4: 600, 5: 600, 6: 600, 7: 598, 8: 600, 9: 600}",99.96666666666667,89.96666666666667
rule_fpga_raft,60c1s5r10p,YCSB_A,rw_1000000,concurrent_20,100,12000,152.977,227.11730000000003,238.596,164.046832,1200.0,"{0: 14.458, 1: 6.098, 2: 6.024, 3: 6.024, 4: 9.302}","{0: 463.562, 1: 459.0, 2: 459.312, 3: 458.562, 4: 458.0}","{0: 1200, 1: 1200, 2: 1200, 3: 1200, 4: 1200, 5: 1200, 6: 1200, 7: 1200, 8: 1200, 9: 1200}","{0: 1200, 1: 1200, 2: 1199, 3: 1199, 4: 1199, 5: 1199, 6: 1199, 7: 1198, 8: 1200, 9: 1200}","{0: 0, 1: 1200, 2: 1199, 3: 1199, 4: 1199, 5: 1199, 6: 1199, 7: 1198, 8: 1200, 9: 1200}",99.94166666666666,89.94166666666666
rule_fpga_raft,60c1s5r10p,YCSB_A,rw_1000000,concurrent_30,100,18000,152.732,227.20630000000003,237.70102,164.06229283333332,1800.0,"{0: 18.824, 1: 8.434, 2: 7.229, 3: 7.229, 4: 10.465}","{0: 475.75, 1: 466.25, 2: 466.938, 3: 465.25, 4: 466.062}","{0: 1800, 1: 1800, 2: 1800, 3: 1800, 4: 1800, 5: 1800, 6: 1800, 7: 1800, 8: 1800, 9: 1800}","{0: 1799, 1: 1800, 2: 1799, 3: 1799, 4: 1800, 5: 1800, 6: 1800, 7: 1798, 8: 1800, 9: 1800}","{0: 0, 1: 1800, 2: 1799, 3: 1799, 4: 1800, 5: 1800, 6: 1800, 7: 1798, 8: 1800, 9: 1800}",99.97222222222223,89.97777777777777
rule_fpga_raft,60c1s5r10p,YCSB_A,rw_1000000,concurrent_40,100,24000,154.524,227.76420000000002,235.39501,164.81894520833333,2400.0,"{0: 22.619, 1: 9.524, 2: 9.412, 3: 12.644, 4: 8.537}","{0: 483.812, 1: 472.688, 2: 473.938, 3: 472.125, 4: 472.312}","{0: 2400, 1: 2400, 2: 2400, 3: 2400, 4: 2400, 5: 2400, 6: 2400, 7: 2400, 8: 2400, 9: 2400}","{0: 2398, 1: 2398, 2: 2399, 3: 2400, 4: 2400, 5: 2394, 6: 2400, 7: 2400, 8: 2398, 9: 2399}","{0: 0, 1: 2398, 2: 2397, 3: 2400, 4: 2400, 5: 2394, 6: 2400, 7: 2399, 8: 2398, 9: 2399}",99.94166666666666,89.9375
rule_fpga_raft,60c1s5r10p,YCSB_A,rw_1000000,concurrent_50,100,30000,153.66,237.8811,341.10213999999996,172.1236553,3000.0,"{0: 25.581, 1: 11.905, 2: 7.317, 3: 19.355, 4: 11.765}","{0: 492.312, 1: 480.0, 2: 481.25, 3: 478.375, 4: 479.688}","{0: 3000, 1: 3000, 2: 3000, 3: 3000, 4: 3000, 5: 3000, 6: 3000, 7: 3000, 8: 3000, 9: 3000}","{0: 3000, 1: 2993, 2: 2996, 3: 2999, 4: 2999, 5: 2999, 6: 2999, 7: 3000, 8: 2998, 9: 2997}","{0: 0, 1: 2993, 2: 2983, 3: 2993, 4: 2986, 5: 2999, 6: 2989, 7: 2983, 8: 2998, 9: 2997}",99.93333333333334,89.73666666666666
rule_fpga_raft,60c1s5r10p,YCSB_A,rw_1000000,concurrent_60,100,36000,168.052,301.33320000000003,457.13009,190.6930261111111,3600.0,"{0: 30.233, 1: 14.118, 2: 10.976, 3: 23.469, 4: 11.905}","{0: 502.688, 1: 485.75, 2: 487.562, 3: 483.875, 4: 484.125}","{0: 3600, 1: 3600, 2: 3600, 3: 3600, 4: 3600, 5: 3600, 6: 3600, 7: 3600, 8: 3600, 9: 3600}","{0: 3598, 1: 3597, 2: 3597, 3: 3598, 4: 3598, 5: 3599, 6: 3598, 7: 3598, 8: 3597, 9: 3598}","{0: 409, 1: 3597, 2: 3576, 3: 3598, 4: 3575, 5: 3599, 6: 3598, 7: 3578, 8: 3597, 9: 3598}",99.93888888888888,90.90277777777777
rule_fpga_raft,60c1s5r10p,YCSB_A,rw_1000000,concurrent_70,100,42000,170.143,305.771,454.20101,201.8792487619048,4200.0,"{0: 31.034, 1: 15.476, 2: 12.195, 3: 13.095, 4: 19.565}","{0: 511.688, 1: 492.812, 2: 495.562, 3: 492.375, 4: 492.688}","{0: 4200, 1: 4200, 2: 4200, 3: 4200, 4: 4200, 5: 4200, 6: 4200, 7: 4200, 8: 4200, 9: 4200}","{0: 4197, 1: 4197, 2: 4197, 3: 4197, 4: 4196, 5: 4193, 6: 4196, 7: 4196, 8: 4196, 9: 4194}","{0: 827, 1: 4162, 2: 4180, 3: 4197, 4: 4180, 5: 4193, 6: 4196, 7: 4187, 8: 4196, 9: 4194}",99.90238095238095,91.6952380952381
rule_fpga_raft,60c1s5r10p,YCSB_A,rw_1000000,concurrent_80,100,48000,171.909,334.5314,459.04708000000005,212.46498114583332,4800.0,"{0: 36.364, 1: 15.476, 2: 12.048, 3: 22.105, 4: 21.277}","{0: 527.375, 1: 499.688, 2: 502.062, 3: 497.438, 4: 500.25}","{0: 4800, 1: 4800, 2: 4800, 3: 4800, 4: 4800, 5: 4800, 6: 4800, 7: 4800, 8: 4800, 9: 4800}","{0: 4792, 1: 4796, 2: 4793, 3: 4792, 4: 4794, 5: 4795, 6: 4794, 7: 4796, 8: 4789, 9: 4790}","{0: 3645, 1: 4722, 2: 4776, 3: 4792, 4: 4790, 5: 4795, 6: 4794, 7: 4790, 8: 4789, 9: 4790}",99.85625,97.25625
rule_fpga_raft,60c1s5r10p,YCSB_A,rw_1000000,concurrent_100,100,60000,190.968,337.1241,458.89807,228.65648213333333,6000.0,"{0: 43.182, 1: 18.072, 2: 16.279, 3: 15.663, 4: 19.54}","{0: 590.625, 1: 514.625, 2: 518.0, 3: 511.875, 4: 512.25}","{0: 6000, 1: 6000, 2: 6000, 3: 6000, 4: 6000, 5: 6000, 6: 6000, 7: 6000, 8: 6000, 9: 6000}","{0: 5983, 1: 5987, 2: 5984, 3: 5980, 4: 5985, 5: 5983, 6: 5980, 7: 5988, 8: 5989, 9: 5991}","{0: 5530, 1: 5781, 2: 5982, 3: 5980, 4: 5985, 5: 5983, 6: 5980, 7: 5988, 8: 5989, 9: 5991}",99.75,98.64833333333333
rule_fpga_raft,60c1s5r10p,YCSB_A,rw_1000000,concurrent_120,100,72000,249.48,342.4133,486.65306999999996,244.03246306944447,7200.0,"{0: 54.348, 1: 22.093, 2: 15.476, 3: 21.176, 4: 21.591}","{0: 660.125, 1: 526.0, 2: 529.875, 3: 524.875, 4: 525.625}","{0: 7200, 1: 7200, 2: 7200, 3: 7200, 4: 7200, 5: 7200, 6: 7200, 7: 7200, 8: 7200, 9: 7200}","{0: 7132, 1: 7131, 2: 7125, 3: 7137, 4: 7129, 5: 7150, 6: 7143, 7: 7147, 8: 7164, 9: 7146}","{0: 6294, 1: 6943, 2: 7125, 3: 7137, 4: 7129, 5: 7150, 6: 7143, 7: 7147, 8: 7164, 9: 7146}",99.17222222222222,97.74722222222222
rule_fpga_raft,60c1s5r10p,YCSB_A,rw_1000000,concurrent_150,100,89700,280.956,347.26210000000003,2575.1188999999954,313.55086005574134,8970.0,"{0: 63.043, 1: 24.706, 2: 15.476, 3: 21.176, 4: 18.824}","{0: 1017.5, 1: 566.0, 2: 565.938, 3: 558.406, 4: 557.312}","{0: 8952, 1: 8973, 2: 8972, 3: 8955, 4: 8968, 5: 8983, 6: 8953, 7: 8958, 8: 8987, 9: 8999}","{0: 8615, 1: 8635, 2: 8673, 3: 8663, 4: 8642, 5: 8790, 6: 8687, 7: 8742, 8: 8847, 9: 8866}","{0: 8615, 1: 8635, 2: 8673, 3: 8663, 4: 8642, 5: 8790, 6: 8687, 7: 8742, 8: 8847, 9: 8866}",97.16833890746935,97.16833890746935
rule_fpga_raft,60c1s5r10p,YCSB_A,rw_1000000,concurrent_1,101,600,152.09699999999998,196.92290000000077,238.01301,163.46987333333334,60.0,"{0: 9.195, 1: 6.897, 2: 2.41, 3: 8.989, 4: 2.439}","{0: 433.125, 1: 432.188, 2: 432.562, 3: 431.625, 4: 432.062}","{0: 20, 1: 60, 2: 60, 3: 60, 4: 60, 5: 60, 6: 60, 7: 60, 8: 60, 9: 60}","{0: 20, 1: 60, 2: 60, 3: 60, 4: 60, 5: 60, 6: 60, 7: 60, 8: 60, 9: 60}","{0: 0, 1: 60, 2: 60, 3: 60, 4: 60, 5: 60, 6: 60, 7: 60, 8: 60, 9: 60}",100.0,96.42857142857143
rule_fpga_raft,60c1s5r10p,YCSB_A,rw_1000000,concurrent_10,101,6000,153.7385,227.3152,237.60406,163.9255413333333,600.0,"{0: 8.537, 1: 3.704, 2: 10.227, 3: 4.819, 4: 3.704}","{0: 453.875, 1: 451.188, 2: 451.625, 3: 451.062, 4: 451.125}","{0: 26, 1: 600, 2: 600, 3: 600, 4: 600, 5: 600, 6: 600, 7: 600, 8: 600, 9: 600}","{0: 26, 1: 600, 2: 600, 3: 599, 4: 600, 5: 600, 6: 599, 7: 600, 8: 600, 9: 600}","{0: 0, 1: 600, 2: 600, 3: 599, 4: 600, 5: 600, 6: 599, 7: 600, 8: 600, 9: 600}",99.96314043494287,99.48396608920015
rule_fpga_raft,60c1s5r10p,YCSB_A,rw_1000000,concurrent_20,101,12000,152.0565,227.36440000000007,239.51402000000002,163.92794550000002,1200.0,"{0: 14.286, 1: 6.098, 2: 6.024, 3: 22.0, 4: 6.098}","{0: 463.875, 1: 458.312, 2: 459.0, 3: 457.875, 4: 457.688}","{0: 67, 1: 1200, 2: 1200, 3: 1200, 4: 1200, 5: 1200, 6: 1200, 7: 1200, 8: 1200, 9: 1200}","{0: 67, 1: 1200, 2: 1199, 3: 1200, 4: 1200, 5: 1199, 6: 1199, 7: 1200, 8: 1200, 9: 1199}","{0: 0, 1: 1200, 2: 1199, 3: 1200, 4: 1200, 5: 1199, 6: 1199, 7: 1200, 8: 1200, 9: 1199}",99.9631913131499,99.34664580841078
rule_fpga_raft,60c1s5r10p,YCSB_A,rw_1000000,concurrent_30,101,18000,152.92950000000002,227.7365,247.32402000000002,164.1535542222222,1800.0,"{0: 19.277, 1: 7.317, 2: 13.333, 3: 17.895, 4: 7.229}","{0: 472.875, 1: 465.25, 2: 466.0, 3: 464.562, 4: 465.062}","{0: 88, 1: 1800, 2: 1800, 3: 1800, 4: 1800, 5: 1800, 6: 1800, 7: 1800, 8: 1800, 9: 1800}","{0: 88, 1: 1800, 2: 1800, 3: 1799, 4: 1800, 5: 1800, 6: 1800, 7: 1799, 8: 1800, 9: 1798}","{0: 0, 1: 1800, 2: 1800, 3: 1799, 4: 1800, 5: 1800, 6: 1800, 7: 1799, 8: 1800, 9: 1798}",99.975442043222,99.43516699410608
rule_fpga_raft,60c1s5r10p,YCSB_A,rw_1000000,concurrent_40,101,24000,152.0245,227.6461,239.688,164.52288716666666,2400.0,"{0: 22.093, 1: 10.843, 2: 13.483, 3: 11.628, 4: 9.639}","{0: 483.5, 1: 472.312, 2: 473.75, 3: 471.75, 4: 471.75}","{0: 128, 1: 2400, 2: 2400, 3: 2400, 4: 2400, 5: 2400, 6: 2400, 7: 2400, 8: 2400, 9: 2400}","{0: 128, 1: 2398, 2: 2399, 3: 2398, 4: 2399, 5: 2400, 6: 2400, 7: 2398, 8: 2399, 9: 2398}","{0: 0, 1: 2398, 2: 2398, 3: 2398, 4: 2398, 5: 2400, 6: 2400, 7: 2398, 8: 2399, 9: 2398}",99.94937407952872,99.3510677466863
rule_fpga_raft,60c1s5r10p,YCSB_A,rw_1000000,concurrent_50,101,30000,153.346,229.227,336.45309999999995,170.84605803333335,3000.0,"{0: 24.706, 1: 10.843, 2: 23.0, 3: 13.953, 4: 17.391}","{0: 490.812, 1: 478.188, 2: 479.125, 3: 476.375, 4: 477.812}","{0: 181, 1: 3000, 2: 3000, 3: 3000, 4: 3000, 5: 3000, 6: 3000, 7: 3000, 8: 3000, 9: 3000}","{0: 181, 1: 2999, 2: 2998, 3: 2997, 4: 2994, 5: 2999, 6: 2998, 7: 2996, 8: 2997, 9: 3000}","{0: 0, 1: 2976, 2: 2986, 3: 2988, 4: 2982, 5: 2999, 6: 2988, 7: 2988, 8: 2997, 9: 3000}",99.9190611088628,98.98090577977264
rule_fpga_raft,60c1s5r10p,YCSB_A,rw_1000000,concurrent_60,101,36000,167.9855,295.6852,455.20905,190.1398828888889,3600.0,"{0: 29.07, 1: 13.253, 2: 10.714, 3: 12.791, 4: 9.756}","{0: 502.812, 1: 485.188, 2: 486.938, 3: 483.938, 4: 483.562}","{0: 171, 1: 3583, 2: 3600, 3: 3600, 4: 3600, 5: 3600, 6: 3600, 7: 3600, 8: 3600, 9: 3600}","{0: 171, 1: 3580, 2: 3598, 3: 3592, 4: 3598, 5: 3594, 6: 3588, 7: 3598, 8: 3595, 9: 3595}","{0: 4, 1: 3564, 2: 3578, 3: 3592, 4: 3582, 5: 3594, 6: 3587, 7: 3577, 8: 3595, 9: 3595}",99.86176813909196,99.12145972845119
rule_fpga_raft,60c1s5r10p,YCSB_A,rw_1000000,concurrent_70,101,42000,169.81650000000002,307.1833,455.07008,202.01585138095237,4200.0,"{0: 32.184, 1: 15.476, 2: 13.095, 3: 17.778, 4: 22.68}","{0: 510.375, 1: 490.438, 2: 493.312, 3: 490.062, 4: 489.562}","{0: 218, 1: 3650, 2: 4200, 3: 4200, 4: 4200, 5: 4200, 6: 4200, 7: 4200, 8: 4200, 9: 4200}","{0: 217, 1: 3645, 2: 4193, 3: 4194, 4: 4192, 5: 4197, 6: 4195, 7: 4190, 8: 4195, 9: 4193}","{0: 4, 1: 3645, 2: 4176, 3: 4194, 4: 4174, 5: 4197, 6: 4195, 7: 4185, 8: 4195, 9: 4193}",99.84787018255578,99.1726273086367
rule_fpga_raft,60c1s5r10p,YCSB_A,rw_1000000,concurrent_80,101,48000,190.2065,310.9909,455.70806000000005,215.86425829166666,4800.0,"{0: 38.202, 1: 15.663, 2: 12.048, 3: 19.565, 4: 16.854}","{0: 528.75, 1: 497.938, 2: 500.938, 3: 497.812, 4: 497.188}","{0: 1168, 1: 2048, 2: 4800, 3: 4800, 4: 4800, 5: 4800, 6: 4800, 7: 4800, 8: 4800, 9: 4800}","{0: 1164, 1: 2045, 2: 4793, 3: 4789, 4: 4790, 5: 4784, 6: 4793, 7: 4790, 8: 4789, 9: 4794}","{0: 964, 1: 2045, 2: 4777, 3: 4789, 4: 4787, 5: 4784, 6: 4793, 7: 4789, 8: 4789, 9: 4794}",99.79575163398692,99.26710880430603
rule_fpga_raft,60c1s5r10p,YCSB_A,rw_1000000,concurrent_100,101,60000,229.0625,338.027,459.91509,232.5430377333333,6000.0,"{0: 43.82, 1: 19.54, 2: 14.118, 3: 21.111, 4: 16.667}","{0: 586.125, 1: 512.0, 2: 514.625, 3: 511.438, 4: 511.125}","{0: 4365, 1: 5527, 2: 6000, 3: 6000, 4: 6000, 5: 6000, 6: 6000, 7: 6000, 8: 6000, 9: 6000}","{0: 4343, 1: 5514, 2: 5991, 3: 5976, 4: 5979, 5: 5989, 6: 5979, 7: 5971, 8: 5976, 9: 5987}","{0: 4237, 1: 5291, 2: 5988, 3: 5976, 4: 5979, 5: 5989, 6: 5979, 7: 5971, 8: 5976, 9: 5987}",99.67698473018724,99.1035030746908
rule_fpga_raft,60c1s5r10p,YCSB_A,rw_1000000,concurrent_120,101,72000,284.839,344.12309999999997,473.41301,260.46584318055557,7200.0,"{0: 55.056, 1: 19.767, 2: 22.34, 3: 21.348, 4: 18.824}","{0: 659.25, 1: 523.75, 2: 527.125, 3: 521.5, 4: 524.25}","{0: 386, 1: 2883, 2: 7200, 3: 7200, 4: 7200, 5: 7200, 6: 7200, 7: 7200, 8: 7200, 9: 7200}","{0: 381, 1: 2852, 2: 7130, 3: 7149, 4: 7139, 5: 7159, 6: 7152, 7: 7134, 8: 7151, 9: 7152}","{0: 381, 1: 2761, 2: 7130, 3: 7149, 4: 7139, 5: 7159, 6: 7152, 7: 7134, 8: 7151, 9: 7152}",99.2278499728926,99.07834858466543
rule_fpga_raft,60c1s5r10p,YCSB_A,rw_1000000,concurrent_150,101,87189,293.229,2119.6,3481.68,569.451788620124,8718.9,"{0: 65.957, 1: 23.256, 2: 15.476, 3: 21.839, 4: 18.824}","{0: 1049.5, 1: 570.062, 2: 556.125, 3: 554.312, 4: 556.312}","{0: 3310, 1: 3292, 2: 8875, 3: 8938, 4: 8854, 5: 8998, 6: 8902, 7: 8963, 8: 8988, 9: 8993}","{0: 3175, 1: 3155, 2: 8577, 3: 8677, 4: 8576, 5: 8859, 6: 8663, 7: 8769, 8: 8856, 9: 8834}","{0: 3175, 1: 3155, 2: 8577, 3: 8677, 4: 8576, 5: 8859, 6: 8663, 7: 8769, 8: 8856, 9: 8834}",97.47545222946245,97.47545222946245
rule_fpga_raft,60c1s5r10p,YCSB_A,rw_zipf_1,concurrent_1,0,600,299.5,329.6627000000013,385.62304,281.96146,60.0,"{0: 12.222, 1: 12.088, 2: 2.439, 3: 1.235, 4: 1.25}","{0: 448.062, 1: 446.562, 2: 446.312, 3: 446.188, 4: 446.375}","{0: 0, 1: 0, 2: 0, 3: 0, 4: 0, 5: 0, 6: 0, 7: 0, 8: 0, 9: 0}","{0: 0, 1: 0, 2: 0, 3: 0, 4: 0, 5: 0, 6: 0, 7: 0, 8: 0, 9: 0}","{0: 0, 1: 0, 2: 0, 3: 0, 4: 0, 5: 0, 6: 0, 7: 0, 8: 0, 9: 0}",0,0
rule_fpga_raft,60c1s5r10p,YCSB_A,rw_zipf_1,concurrent_10,0,6000,298.4285,328.8564000000196,388.63902,281.5998173333333,600.0,"{0: 6.173, 1: 4.819, 2: 2.469, 3: 13.187, 4: 3.659}","{0: 466.5, 1: 461.438, 2: 461.25, 3: 461.25, 4: 461.125}","{0: 0, 1: 0, 2: 0, 3: 0, 4: 0, 5: 0, 6: 0, 7: 0, 8: 0, 9: 0}","{0: 0, 1: 0, 2: 0, 3: 0, 4: 0, 5: 0, 6: 0, 7: 0, 8: 0, 9: 0}","{0: 0, 1: 0, 2: 0, 3: 0, 4: 0, 5: 0, 6: 0, 7: 0, 8: 0, 9: 0}",0,0
rule_fpga_raft,60c1s5r10p,YCSB_A,rw_zipf_1,concurrent_20,0,12000,299.93,330.87070000001927,390.061,283.15093466666667,1200.0,"{0: 12.048, 1: 6.024, 2: 4.878, 3: 3.704, 4: 3.659}","{0: 472.312, 1: 463.438, 2: 463.812, 3: 463.375, 4: 463.5}","{0: 0, 1: 0, 2: 0, 3: 0, 4: 0, 5: 0, 6: 0, 7: 0, 8: 0, 9: 0}","{0: 0, 1: 0, 2: 0, 3: 0, 4: 0, 5: 0, 6: 0, 7: 0, 8: 0, 9: 0}","{0: 0, 1: 0, 2: 0, 3: 0, 4: 0, 5: 0, 6: 0, 7: 0, 8: 0, 9: 0}",0,0
rule_fpga_raft,60c1s5r10p,YCSB_A,rw_zipf_1,concurrent_30,0,18000,302.6145,380.9184,390.68600999999995,284.5998728888889,1800.0,"{0: 16.471, 1: 18.557, 2: 6.024, 3: 6.024, 4: 6.024}","{0: 478.75, 1: 465.812, 2: 466.125, 3: 465.562, 4: 465.438}","{0: 0, 1: 0, 2: 0, 3: 0, 4: 0, 5: 0, 6: 0, 7: 0, 8: 0, 9: 0}","{0: 0, 1: 0, 2: 0, 3: 0, 4: 0, 5: 0, 6: 0, 7: 0, 8: 0, 9: 0}","{0: 0, 1: 0, 2: 0, 3: 0, 4: 0, 5: 0, 6: 0, 7: 0, 8: 0, 9: 0}",0,0
rule_fpga_raft,60c1s5r10p,YCSB_A,rw_zipf_1,concurrent_40,0,24000,301.8135,333.08730000011144,396.12304,284.3213178333333,2400.0,"{0: 20.0, 1: 8.333, 2: 4.819, 3: 7.229, 4: 6.098}","{0: 484.875, 1: 467.938, 2: 468.25, 3: 467.812, 4: 467.625}","{0: 0, 1: 0, 2: 0, 3: 0, 4: 0, 5: 0, 6: 0, 7: 0, 8: 0, 9: 0}","{0: 0, 1: 0, 2: 0, 3: 0, 4: 0, 5: 0, 6: 0, 7: 0, 8: 0, 9: 0}","{0: 0, 1: 0, 2: 0, 3: 0, 4: 0, 5: 0, 6: 0, 7: 0, 8: 0, 9: 0}",0,0
rule_fpga_raft,60c1s5r10p,YCSB_A,rw_zipf_1,concurrent_50,0,30000,307.1535,381.46630000000033,394.85804,288.4377818666667,3000.0,"{0: 25.581, 1: 8.537, 2: 4.878, 3: 11.628, 4: 18.085}","{0: 491.688, 1: 470.0, 2: 470.5, 3: 469.938, 4: 469.875}","{0: 0, 1: 0, 2: 0, 3: 0, 4: 0, 5: 0, 6: 0, 7: 0, 8: 0, 9: 0}","{0: 0, 1: 0, 2: 0, 3: 0, 4: 0, 5: 0, 6: 0, 7: 0, 8: 0, 9: 0}","{0: 0, 1: 0, 2: 0, 3: 0, 4: 0, 5: 0, 6: 0, 7: 0, 8: 0, 9: 0}",0,0
rule_fpga_raft,60c1s5r10p,YCSB_A,rw_zipf_1,concurrent_60,0,36000,307.725,380.90360000000004,414.19902,292.30533222222226,3600.0,"{0: 27.907, 1: 10.588, 2: 6.098, 3: 8.434, 4: 14.444}","{0: 497.75, 1: 472.062, 2: 472.75, 3: 471.812, 4: 472.125}","{0: 0, 1: 0, 2: 0, 3: 0, 4: 0, 5: 0, 6: 0, 7: 0, 8: 0, 9: 0}","{0: 0, 1: 0, 2: 0, 3: 0, 4: 0, 5: 0, 6: 0, 7: 0, 8: 0, 9: 0}","{0: 0, 1: 0, 2: 0, 3: 0, 4: 0, 5: 0, 6: 0, 7: 0, 8: 0, 9: 0}",0,0
rule_fpga_raft,60c1s5r10p,YCSB_A,rw_zipf_1,concurrent_70,0,42000,310.07550000000003,386.3913,432.52004,296.31576223809526,4200.0,"{0: 31.034, 1: 14.943, 2: 7.229, 3: 11.628, 4: 8.333}","{0: 504.188, 1: 474.5, 2: 474.875, 3: 474.062, 4: 474.062}","{0: 0, 1: 0, 2: 0, 3: 0, 4: 0, 5: 0, 6: 0, 7: 0, 8: 0, 9: 0}","{0: 0, 1: 0, 2: 0, 3: 0, 4: 0, 5: 0, 6: 0, 7: 0, 8: 0, 9: 0}","{0: 0, 1: 0, 2: 0, 3: 0, 4: 0, 5: 0, 6: 0, 7: 0, 8: 0, 9: 0}",0,0
rule_fpga_raft,60c1s5r10p,YCSB_A,rw_zipf_1,concurrent_80,0,48000,343.245,417.90389999999996,536.84704,335.48613814583337,4800.0,"{0: 31.395, 1: 11.765, 2: 21.053, 3: 15.556, 4: 27.358}","{0: 518.938, 1: 477.25, 2: 477.5, 3: 477.0, 4: 476.938}","{0: 0, 1: 0, 2: 0, 3: 0, 4: 0, 5: 0, 6: 0, 7: 0, 8: 0, 9: 0}","{0: 0, 1: 0, 2: 0, 3: 0, 4: 0, 5: 0, 6: 0, 7: 0, 8: 0, 9: 0}","{0: 0, 1: 0, 2: 0, 3: 0, 4: 0, 5: 0, 6: 0, 7: 0, 8: 0, 9: 0}",0,0
rule_fpga_raft,60c1s5r10p,YCSB_A,rw_zipf_1,concurrent_100,0,60000,412.2555,527.4075,667.56803,407.61575218333337,6000.0,"{0: 39.773, 1: 11.905, 2: 8.537, 3: 10.843, 4: 13.793}","{0: 572.438, 1: 481.562, 2: 480.684, 3: 481.625, 4: 481.5}","{0: 0, 1: 0, 2: 0, 3: 0, 4: 0, 5: 0, 6: 0, 7: 0, 8: 0, 9: 0}","{0: 0, 1: 0, 2: 0, 3: 0, 4: 0, 5: 0, 6: 0, 7: 0, 8: 0, 9: 0}","{0: 0, 1: 0, 2: 0, 3: 0, 4: 0, 5: 0, 6: 0, 7: 0, 8: 0, 9: 0}",0,0
rule_fpga_raft,60c1s5r10p,YCSB_A,rw_zipf_1,concurrent_120,0,72000,454.83799999999997,604.2864,745.55504,460.5607059305556,7200.0,"{0: 50.0, 1: 14.458, 2: 9.524, 3: 12.048, 4: 11.905}","{0: 629.812, 1: 485.75, 2: 484.422, 3: 485.43, 4: 485.168}","{0: 0, 1: 0, 2: 0, 3: 0, 4: 0, 5: 0, 6: 0, 7: 0, 8: 0, 9: 0}","{0: 0, 1: 0, 2: 0, 3: 0, 4: 0, 5: 0, 6: 0, 7: 0, 8: 0, 9: 0}","{0: 0, 1: 0, 2: 0, 3: 0, 4: 0, 5: 0, 6: 0, 7: 0, 8: 0, 9: 0}",0,0
rule_fpga_raft,60c1s5r10p,YCSB_A,rw_zipf_1,concurrent_150,0,71530,3003.8450000000003,4021.811,4234.1871,2817.6262269397457,7153.0,"{0: 60.44, 1: 16.667, 2: 9.524, 3: 29.126, 4: 9.756}","{0: 1031.188, 1: 531.625, 2: 524.375, 3: 525.188, 4: 524.684}","{0: 0, 1: 0, 2: 0, 3: 0, 4: 0, 5: 0, 6: 0, 7: 0, 8: 0, 9: 0}","{0: 0, 1: 0, 2: 0, 3: 0, 4: 0, 5: 0, 6: 0, 7: 0, 8: 0, 9: 0}","{0: 0, 1: 0, 2: 0, 3: 0, 4: 0, 5: 0, 6: 0, 7: 0, 8: 0, 9: 0}",0,0
rule_fpga_raft,60c1s5r10p,YCSB_A,rw_zipf_1,concurrent_1,100,600,152.90699999999998,236.1792,321.8747399999995,174.246585,60.0,"{0: 3.704, 1: 3.659, 2: 2.439, 3: 2.439, 4: 8.046}","{0: 448.688, 1: 447.75, 2: 447.812, 3: 447.375, 4: 447.375}","{0: 60, 1: 60, 2: 60, 3: 60, 4: 60, 5: 60, 6: 60, 7: 60, 8: 60, 9: 60}","{0: 54, 1: 56, 2: 54, 3: 55, 4: 56, 5: 56, 6: 50, 7: 57, 8: 55, 9: 50}","{0: 0, 1: 56, 2: 54, 3: 55, 4: 56, 5: 56, 6: 50, 7: 57, 8: 55, 9: 50}",90.5,81.5
rule_fpga_raft,60c1s5r10p,YCSB_A,rw_zipf_1,concurrent_10,100,6000,167.9515,299.5784,384.68901,189.44685216666664,600.0,"{0: 9.524, 1: 4.819, 2: 3.659, 3: 14.13, 4: 14.894}","{0: 467.5, 1: 464.438, 2: 465.0, 3: 464.812, 4: 464.688}","{0: 600, 1: 600, 2: 600, 3: 600, 4: 600, 5: 600, 6: 600, 7: 600, 8: 600, 9: 600}","{0: 452, 1: 458, 2: 470, 3: 466, 4: 480, 5: 464, 6: 468, 7: 475, 8: 459, 9: 459}","{0: 0, 1: 454, 2: 470, 3: 466, 4: 480, 5: 464, 6: 468, 7: 475, 8: 459, 9: 459}",77.51666666666667,69.91666666666667
rule_fpga_raft,60c1s5r10p,YCSB_A,rw_zipf_1,concurrent_20,100,12000,168.08,305.0422,380.48964,194.68323108333334,1200.0,"{0: 13.253, 1: 6.024, 2: 5.952, 3: 16.129, 4: 6.098}","{0: 474.312, 1: 469.5, 2: 469.688, 3: 469.25, 4: 469.5}","{0: 1200, 1: 1200, 2: 1200, 3: 1200, 4: 1200, 5: 1200, 6: 1200, 7: 1200, 8: 1200, 9: 1200}","{0: 874, 1: 918, 2: 912, 3: 862, 4: 884, 5: 887, 6: 869, 7: 885, 8: 895, 9: 903}","{0: 0, 1: 912, 2: 912, 3: 862, 4: 884, 5: 887, 6: 869, 7: 885, 8: 895, 9: 903}",74.075,66.74166666666666
rule_fpga_raft,60c1s5r10p,YCSB_A,rw_zipf_1,concurrent_30,100,18000,169.442,308.4291,389.80002,198.7988582222222,1800.0,"{0: 17.857, 1: 7.317, 2: 7.229, 3: 6.173, 4: 9.412}","{0: 481.562, 1: 473.812, 2: 474.438, 3: 473.438, 4: 473.438}","{0: 1800, 1: 1800, 2: 1800, 3: 1800, 4: 1800, 5: 1800, 6: 1800, 7: 1800, 8: 1800, 9: 1800}","{0: 1272, 1: 1244, 2: 1295, 3: 1279, 4: 1328, 5: 1323, 6: 1309, 7: 1250, 8: 1271, 9: 1296}","{0: 0, 1: 1240, 2: 1295, 3: 1279, 4: 1328, 5: 1323, 6: 1309, 7: 1250, 8: 1271, 9: 1296}",71.48333333333333,64.39444444444445
rule_fpga_raft,60c1s5r10p,YCSB_A,rw_zipf_1,concurrent_40,100,24000,170.0645,307.5157,382.24802999999997,201.87408908333333,2400.0,"{0: 23.529, 1: 8.537, 2: 7.229, 3: 20.0, 4: 8.434}","{0: 487.125, 1: 477.812, 2: 478.375, 3: 477.312, 4: 477.312}","{0: 2400, 1: 2400, 2: 2400, 3: 2400, 4: 2400, 5: 2400, 6: 2400, 7: 2400, 8: 2400, 9: 2400}","{0: 1642, 1: 1659, 2: 1659, 3: 1646, 4: 1670, 5: 1684, 6: 1686, 7: 1652, 8: 1651, 9: 1656}","{0: 0, 1: 1658, 2: 1657, 3: 1645, 4: 1670, 5: 1684, 6: 1686, 7: 1652, 8: 1651, 9: 1656}",69.1875,62.329166666666666
rule_fpga_raft,60c1s5r10p,YCSB_A,rw_zipf_1,concurrent_50,100,30000,171.781,323.59069999999997,453.80505999999997,212.62172216666667,3000.0,"{0: 24.706, 1: 10.843, 2: 7.229, 3: 11.765, 4: 9.639}","{0: 495.438, 1: 482.0, 2: 483.375, 3: 481.312, 4: 481.938}","{0: 3000, 1: 3000, 2: 3000, 3: 3000, 4: 3000, 5: 3000, 6: 3000, 7: 3000, 8: 3000, 9: 3000}","{0: 1999, 1: 2032, 2: 2017, 3: 1989, 4: 2006, 5: 2038, 6: 2015, 7: 1963, 8: 1953, 9: 1978}","{0: 21, 1: 2022, 2: 2010, 3: 1989, 4: 2000, 5: 2038, 6: 2014, 7: 1959, 8: 1953, 9: 1978}",66.63333333333334,59.946666666666665
rule_fpga_raft,60c1s5r10p,YCSB_A,rw_zipf_1,concurrent_60,100,36000,188.375,347.64700000000005,502.53708,233.67691572222222,3600.0,"{0: 29.885, 1: 13.095, 2: 8.434, 3: 12.791, 4: 12.644}","{0: 501.562, 1: 485.438, 2: 486.25, 3: 485.125, 4: 485.125}","{0: 3600, 1: 3600, 2: 3600, 3: 3600, 4: 3600, 5: 3600, 6: 3600, 7: 3600, 8: 3600, 9: 3600}","{0: 2363, 1: 2297, 2: 2322, 3: 2362, 4: 2248, 5: 2336, 6: 2259, 7: 2330, 8: 2328, 9: 2270}","{0: 40, 1: 2289, 2: 2316, 3: 2362, 4: 2239, 5: 2336, 6: 2252, 7: 2316, 8: 2328, 9: 2270}",64.20833333333333,57.63333333333333
rule_fpga_raft,60c1s5r10p,YCSB_A,rw_zipf_1,concurrent_70,100,42000,207.8195,417.0277999999998,518.7631,251.6050424047619,4200.0,"{0: 31.765, 1: 13.253, 2: 22.68, 3: 10.843, 4: 10.714}","{0: 510.625, 1: 489.438, 2: 490.75, 3: 489.125, 4: 489.562}","{0: 4200, 1: 4200, 2: 4200, 3: 4200, 4: 4200, 5: 4200, 6: 4200, 7: 4200, 8: 4200, 9: 4200}","{0: 2692, 1: 2609, 2: 2619, 3: 2663, 4: 2617, 5: 2612, 6: 2708, 7: 2592, 8: 2622, 9: 2622}","{0: 1194, 1: 2597, 2: 2604, 3: 2663, 4: 2604, 5: 2612, 6: 2708, 7: 2584, 8: 2622, 9: 2622}",62.75238095238095,59.07142857142857
rule_fpga_raft,60c1s5r10p,YCSB_A,rw_zipf_1,concurrent_80,100,48000,249.0085,467.9373,554.39615,273.7021626041667,4800.0,"{0: 35.227, 1: 13.253, 2: 11.905, 3: 11.905, 4: 14.943}","{0: 521.688, 1: 493.625, 2: 494.625, 3: 492.625, 4: 493.125}","{0: 4800, 1: 4800, 2: 4800, 3: 4800, 4: 4800, 5: 4800, 6: 4800, 7: 4800, 8: 4800, 9: 4800}","{0: 2993, 1: 2978, 2: 2862, 3: 2884, 4: 2876, 5: 2885, 6: 2926, 7: 2939, 8: 2874, 9: 2890}","{0: 2165, 1: 2922, 2: 2849, 3: 2884, 4: 2873, 5: 2885, 6: 2922, 7: 2933, 8: 2874, 9: 2890}",60.639583333333334,58.74375
rule_fpga_raft,60c1s5r10p,YCSB_A,rw_zipf_1,concurrent_100,100,60000,301.224,552.0631,704.3300800000001,325.03667348333335,6000.0,"{0: 43.182, 1: 18.824, 2: 13.253, 3: 15.476, 4: 17.442}","{0: 570.625, 1: 502.438, 2: 504.312, 3: 501.562, 4: 502.061}","{0: 6000, 1: 6000, 2: 6000, 3: 6000, 4: 6000, 5: 6000, 6: 6000, 7: 6000, 8: 6000, 9: 6000}","{0: 3474, 1: 3478, 2: 3442, 3: 3377, 4: 3410, 5: 3438, 6: 3469, 7: 3506, 8: 3489, 9: 3468}","{0: 3126, 1: 3335, 2: 3442, 3: 3377, 4: 3410, 5: 3438, 6: 3469, 7: 3506, 8: 3489, 9: 3468}",57.585,56.766666666666666
rule_fpga_raft,60c1s5r10p,YCSB_A,rw_zipf_1,concurrent_120,100,72000,335.95000000000005,616.587,736.1741099999999,369.67340343055554,7200.0,"{0: 51.685, 1: 18.605, 2: 15.294, 3: 16.867, 4: 19.54}","{0: 646.188, 1: 509.812, 2: 512.25, 3: 508.688, 4: 509.5}","{0: 7200, 1: 7200, 2: 7200, 3: 7200, 4: 7200, 5: 7200, 6: 7200, 7: 7200, 8: 7200, 9: 7200}","{0: 3674, 1: 3691, 2: 3643, 3: 3747, 4: 3729, 5: 3862, 6: 3749, 7: 3679, 8: 3881, 9: 3778}","{0: 3180, 1: 3592, 2: 3643, 3: 3747, 4: 3729, 5: 3862, 6: 3749, 7: 3679, 8: 3881, 9: 3778}",51.99027777777778,51.166666666666664
rule_fpga_raft,60c1s5r10p,YCSB_A,rw_zipf_1,concurrent_150,100,75589,1461.28,3816.114,4251.86,1680.7879916125364,7558.9,"{0: 63.441, 1: 22.353, 2: 15.294, 3: 17.647, 4: 24.468}","{0: 1039.562, 1: 552.5, 2: 548.75, 3: 547.25, 4: 547.312}","{0: 7607, 1: 7458, 2: 7521, 3: 7409, 4: 7407, 5: 7757, 6: 7367, 7: 7320, 8: 7940, 9: 7803}","{0: 3024, 1: 2979, 2: 2994, 3: 3011, 4: 2895, 5: 3503, 6: 3045, 7: 2989, 8: 3529, 9: 3468}","{0: 3024, 1: 2979, 2: 2994, 3: 3011, 4: 2895, 5: 3503, 6: 3045, 7: 2989, 8: 3529, 9: 3468}",41.58938469883184,41.58938469883184
rule_fpga_raft,60c1s5r10p,YCSB_A,rw_zipf_1,concurrent_1,101,600,154.106,238.6097,323.68736,178.8680466666667,60.0,"{0: 7.059, 1: 3.614, 2: 3.614, 3: 6.897, 4: 2.439}","{0: 448.438, 1: 447.562, 2: 447.688, 3: 447.25, 4: 447.438}","{0: 21, 1: 60, 2: 60, 3: 60, 4: 60, 5: 60, 6: 60, 7: 60, 8: 60, 9: 60}","{0: 19, 1: 56, 2: 55, 3: 52, 4: 56, 5: 48, 6: 56, 7: 50, 8: 53, 9: 51}","{0: 0, 1: 56, 2: 55, 3: 52, 4: 56, 5: 48, 6: 56, 7: 50, 8: 53, 9: 51}",88.41354723707664,85.02673796791444
rule_fpga_raft,60c1s5r10p,YCSB_A,rw_zipf_1,concurrent_10,101,6000,171.0595,321.1812,390.94421,218.16320966666666,600.0,"{0: 7.317, 1: 4.819, 2: 3.659, 3: 18.367, 4: 3.659}","{0: 467.062, 1: 464.188, 2: 464.438, 3: 464.312, 4: 464.312}","{0: 26, 1: 417, 2: 371, 3: 410, 4: 399, 5: 418, 6: 409, 7: 450, 8: 466, 9: 413}","{0: 20, 1: 330, 2: 303, 3: 317, 4: 313, 5: 317, 6: 323, 7: 353, 8: 366, 9: 324}","{0: 0, 1: 330, 2: 303, 3: 317, 4: 313, 5: 317, 6: 323, 7: 353, 8: 366, 9: 324}",78.4863720560995,77.95713151627415
rule_fpga_raft,60c1s5r10p,YCSB_A,rw_zipf_1,concurrent_20,101,12000,280.6925,322.31329999999997,381.26302999999996,243.11895875,1200.0,"{0: 13.095, 1: 6.024, 2: 7.143, 3: 4.878, 4: 6.024}","{0: 473.875, 1: 467.938, 2: 468.188, 3: 467.562, 4: 468.062}","{0: 69, 1: 547, 2: 464, 3: 513, 4: 536, 5: 511, 6: 490, 7: 526, 8: 596, 9: 568}","{0: 57, 1: 428, 2: 341, 3: 394, 4: 411, 5: 374, 6: 369, 7: 390, 8: 454, 9: 429}","{0: 0, 1: 427, 2: 341, 3: 394, 4: 411, 5: 374, 6: 369, 7: 390, 8: 454, 9: 429}",75.66390041493776,74.46058091286307
rule_fpga_raft,60c1s5r10p,YCSB_A,rw_zipf_1,concurrent_30,101,18000,298.3725,326.076,390.71802,265.0487728333334,1800.0,"{0: 17.857, 1: 6.173, 2: 8.235, 3: 10.465, 4: 7.229}","{0: 480.25, 1: 470.375, 2: 470.688, 3: 470.25, 4: 470.312}","{0: 91, 1: 326, 2: 377, 3: 322, 4: 456, 5: 477, 6: 404, 7: 277, 8: 414, 9: 414}","{0: 70, 1: 236, 2: 272, 3: 234, 4: 342, 5: 339, 6: 303, 7: 209, 8: 305, 9: 297}","{0: 0, 1: 236, 2: 272, 3: 234, 4: 342, 5: 339, 6: 303, 7: 209, 8: 305, 9: 297}",73.27150084317032,71.30410342889263
rule_fpga_raft,60c1s5r10p,YCSB_A,rw_zipf_1,concurrent_40,101,24000,298.07000000000005,325.3872,388.21101,272.1115537083333,2400.0,"{0: 20.238, 1: 7.317, 2: 10.345, 3: 8.434, 4: 7.229}","{0: 487.0, 1: 473.312, 2: 473.625, 3: 473.312, 4: 473.375}","{0: 108, 1: 228, 2: 268, 3: 352, 4: 286, 5: 357, 6: 284, 7: 264, 8: 320, 9: 370}","{0: 82, 1: 160, 2: 180, 3: 266, 4: 202, 5: 247, 6: 191, 7: 173, 8: 230, 9: 272}","{0: 0, 1: 160, 2: 180, 3: 266, 4: 202, 5: 247, 6: 191, 7: 173, 8: 230, 9: 272}",70.60274938315122,67.71237222418047
rule_fpga_raft,60c1s5r10p,YCSB_A,rw_zipf_1,concurrent_50,101,30000,301.611,334.8005,391.69902,272.1114941,3000.0,"{0: 25.287, 1: 9.756, 2: 8.235, 3: 11.628, 4: 15.385}","{0: 493.562, 1: 476.938, 2: 477.625, 3: 476.562, 4: 477.0}","{0: 127, 1: 600, 2: 562, 3: 475, 4: 540, 5: 565, 6: 645, 7: 734, 8: 486, 9: 697}","{0: 86, 1: 436, 2: 386, 3: 325, 4: 358, 5: 392, 6: 443, 7: 486, 8: 336, 9: 489}","{0: 0, 1: 435, 2: 386, 3: 325, 4: 357, 5: 392, 6: 443, 7: 486, 8: 336, 9: 489}",68.80869084883079,67.1883631007181
rule_fpga_raft,60c1s5r10p,YCSB_A,rw_zipf_1,concurrent_60,101,36000,302.3455,356.136,401.04706000000004,282.3274755555555,3600.0,"{0: 26.437, 1: 10.976, 2: 8.333, 3: 8.434, 4: 18.085}","{0: 500.5, 1: 479.0, 2: 479.688, 3: 478.812, 4: 478.812}","{0: 168, 1: 252, 2: 324, 3: 242, 4: 321, 5: 302, 6: 334, 7: 292, 8: 334, 9: 318}","{0: 120, 1: 175, 2: 231, 3: 171, 4: 207, 5: 203, 6: 225, 7: 208, 8: 234, 9: 220}","{0: 1, 1: 175, 2: 231, 3: 171, 4: 207, 5: 203, 6: 225, 7: 208, 8: 234, 9: 220}",69.06823692414271,64.94631104953238
rule_fpga_raft,60c1s5r10p,YCSB_A,rw_zipf_1,concurrent_70,101,42000,309.6425,381.4434,453.34506000000005,290.94087909523813,4200.0,"{0: 30.233, 1: 11.765, 2: 8.434, 3: 8.537, 4: 7.317}","{0: 508.562, 1: 481.75, 2: 482.188, 3: 481.188, 4: 481.438}","{0: 282, 1: 445, 2: 438, 3: 362, 4: 431, 5: 391, 6: 382, 7: 448, 8: 400, 9: 385}","{0: 202, 1: 303, 2: 293, 3: 237, 4: 288, 5: 249, 6: 254, 7: 301, 8: 250, 9: 255}","{0: 71, 1: 303, 2: 293, 3: 237, 4: 288, 5: 249, 6: 254, 7: 301, 8: 250, 9: 255}",66.39757820383451,63.092835519677095
rule_fpga_raft,60c1s5r10p,YCSB_A,rw_zipf_1,concurrent_80,101,48000,350.34450000000004,435.3456,549.32204,335.5753735833333,4800.0,"{0: 33.708, 1: 10.976, 2: 12.644, 3: 8.537, 4: 11.628}","{0: 522.188, 1: 485.062, 2: 486.062, 3: 485.188, 4: 485.312}","{0: 379, 1: 535, 2: 561, 3: 453, 4: 506, 5: 457, 6: 478, 7: 524, 8: 515, 9: 419}","{0: 237, 1: 349, 2: 354, 3: 290, 4: 330, 5: 278, 6: 317, 7: 336, 8: 330, 9: 279}","{0: 212, 1: 349, 2: 354, 3: 290, 4: 330, 5: 278, 6: 317, 7: 336, 8: 330, 9: 279}",64.22208411021339,63.7041640770665
rule_fpga_raft,60c1s5r10p,YCSB_A,rw_zipf_1,concurrent_100,101,60000,395.76599999999996,542.5738,660.78503,392.7175959666667,6000.0,"{0: 39.326, 1: 14.458, 2: 9.756, 3: 12.048, 4: 15.116}","{0: 565.875, 1: 492.438, 2: 491.875, 3: 492.25, 4: 491.992}","{0: 698, 1: 875, 2: 745, 3: 684, 4: 910, 5: 828, 6: 725, 7: 715, 8: 815, 9: 786}","{0: 407, 1: 534, 2: 434, 3: 408, 4: 554, 5: 520, 6: 441, 7: 426, 8: 506, 9: 512}","{0: 407, 1: 534, 2: 433, 3: 408, 4: 554, 5: 520, 6: 441, 7: 426, 8: 506, 9: 512}",60.94332348027246,60.930471661740135
rule_fpga_raft,60c1s5r10p,YCSB_A,rw_zipf_1,concurrent_120,101,72000,473.274,626.9143,762.5662099999994,473.5949741111111,7200.0,"{0: 50.562, 1: 16.667, 2: 9.756, 3: 14.118, 4: 17.978}","{0: 633.188, 1: 497.125, 2: 495.061, 3: 496.109, 4: 496.5}","{0: 346, 1: 372, 2: 373, 3: 338, 4: 369, 5: 375, 6: 370, 7: 342, 8: 352, 9: 371}","{0: 202, 1: 222, 2: 220, 3: 199, 4: 206, 5: 226, 6: 223, 7: 203, 8: 201, 9: 232}","{0: 202, 1: 222, 2: 220, 3: 199, 4: 206, 5: 226, 6: 223, 7: 203, 8: 201, 9: 232}",59.146341463414636,59.146341463414636
rule_fpga_raft,60c1s5r10p,YCSB_A,rw_zipf_1,concurrent_150,101,77421,2402.13,3247.53,3469.558,2224.3981960320843,7742.1,"{0: 59.783, 1: 18.072, 2: 10.843, 3: 14.458, 4: 13.253}","{0: 991.125, 1: 534.625, 2: 528.125, 3: 531.812, 4: 530.375}","{0: 501, 1: 413, 2: 571, 3: 579, 4: 580, 5: 566, 6: 628, 7: 640, 8: 517, 9: 604}","{0: 230, 1: 190, 2: 247, 3: 252, 4: 262, 5: 265, 6: 285, 7: 277, 8: 240, 9: 278}","{0: 230, 1: 190, 2: 247, 3: 252, 4: 262, 5: 265, 6: 285, 7: 277, 8: 240, 9: 278}",45.11519914270406,45.11519914270406
rule_fpga_raft,60c1s5r10p,YCSB_A,rw_zipf_0.5,concurrent_50,0,30000,302.874,378.1975,394.34206,284.98565073333333,3000.0,"{0: 24.706, 1: 8.537, 2: 8.235, 3: 9.412, 4: 8.434}","{0: 502.188, 1: 475.125, 2: 475.562, 3: 474.625, 4: 474.938}","{0: 0, 1: 0, 2: 0, 3: 0, 4: 0, 5: 0, 6: 0, 7: 0, 8: 0, 9: 0}","{0: 0, 1: 0, 2: 0, 3: 0, 4: 0, 5: 0, 6: 0, 7: 0, 8: 0, 9: 0}","{0: 0, 1: 0, 2: 0, 3: 0, 4: 0, 5: 0, 6: 0, 7: 0, 8: 0, 9: 0}",0,0
rule_fpga_raft,60c1s5r10p,YCSB_A,rw_zipf_0.5,concurrent_50,100,30000,155.0,229.2193,343.53002,172.99811863333335,3000.0,"{0: 25.581, 1: 13.095, 2: 8.434, 3: 14.943, 4: 9.756}","{0: 507.125, 1: 494.125, 2: 495.316, 3: 492.75, 4: 493.75}","{0: 3000, 1: 3000, 2: 3000, 3: 3000, 4: 3000, 5: 3000, 6: 3000, 7: 3000, 8: 3000, 9: 3000}","{0: 2991, 1: 2994, 2: 2995, 3: 2987, 4: 2990, 5: 2992, 6: 2996, 7: 2994, 8: 2995, 9: 2993}","{0: 0, 1: 2994, 2: 2987, 3: 2987, 4: 2977, 5: 2992, 6: 2996, 7: 2970, 8: 2995, 9: 2993}",99.75666666666666,89.63666666666667
rule_fpga_raft,60c1s5r10p,YCSB_A,rw_zipf_0.5,concurrent_50,101,30000,155.4905,230.04600000000002,341.24912,173.00560856666667,3000.0,"{0: 27.059, 1: 12.941, 2: 8.434, 3: 13.636, 4: 10.714}","{0: 505.375, 1: 492.938, 2: 494.312, 3: 491.25, 4: 491.562}","{0: 129, 1: 3000, 2: 3000, 3: 3000, 4: 3000, 5: 3000, 6: 3000, 7: 3000, 8: 3000, 9: 3000}","{0: 129, 1: 2998, 2: 2990, 3: 2990, 4: 2985, 5: 2996, 6: 2990, 7: 2989, 8: 2991, 9: 2992}","{0: 0, 1: 2997, 2: 2982, 3: 2990, 4: 2968, 5: 2996, 6: 2990, 7: 2974, 8: 2991, 9: 2992}",99.70879870249549,99.08216299900475
rule_fpga_raft,60c1s5r10p,YCSB_A,rw_zipf_0.55,concurrent_50,0,30000,305.30150000000003,381.1117,392.03204,286.70214496666665,3000.0,"{0: 23.256, 1: 8.434, 2: 8.235, 3: 13.483, 4: 9.524}","{0: 502.5, 1: 474.938, 2: 475.75, 3: 474.812, 4: 474.812}","{0: 0, 1: 0, 2: 0, 3: 0, 4: 0, 5: 0, 6: 0, 7: 0, 8: 0, 9: 0}","{0: 0, 1: 0, 2: 0, 3: 0, 4: 0, 5: 0, 6: 0, 7: 0, 8: 0, 9: 0}","{0: 0, 1: 0, 2: 0, 3: 0, 4: 0, 5: 0, 6: 0, 7: 0, 8: 0, 9: 0}",0,0
rule_fpga_raft,60c1s5r10p,YCSB_A,rw_zipf_0.55,concurrent_50,100,30000,154.673,230.474,339.00114999999994,172.0121879666667,3000.0,"{0: 27.059, 1: 10.976, 2: 8.537, 3: 20.213, 4: 18.28}","{0: 505.062, 1: 493.375, 2: 494.75, 3: 492.125, 4: 493.438}","{0: 3000, 1: 3000, 2: 3000, 3: 3000, 4: 3000, 5: 3000, 6: 3000, 7: 3000, 8: 3000, 9: 3000}","{0: 2987, 1: 2983, 2: 2989, 3: 2990, 4: 2979, 5: 2985, 6: 2992, 7: 2984, 8: 2984, 9: 2991}","{0: 0, 1: 2982, 2: 2973, 3: 2990, 4: 2958, 5: 2985, 6: 2988, 7: 2974, 8: 2984, 9: 2991}",99.54666666666667,89.41666666666667
rule_fpga_raft,60c1s5r10p,YCSB_A,rw_zipf_0.55,concurrent_50,101,30000,154.3665,229.96,340.21823,172.70939346666668,3000.0,"{0: 26.19, 1: 11.905, 2: 8.434, 3: 11.905, 4: 12.791}","{0: 506.312, 1: 492.625, 2: 494.508, 3: 492.062, 4: 492.551}","{0: 142, 1: 3000, 2: 3000, 3: 3000, 4: 3000, 5: 3000, 6: 3000, 7: 3000, 8: 3000, 9: 3000}","{0: 139, 1: 2986, 2: 2986, 3: 2985, 4: 2986, 5: 2991, 6: 2986, 7: 2983, 8: 2984, 9: 2987}","{0: 0, 1: 2986, 2: 2974, 3: 2974, 4: 2977, 5: 2991, 6: 2971, 7: 2973, 8: 2984, 9: 2987}",99.52472183332105,98.80259376611893
rule_fpga_raft,60c1s5r10p,YCSB_A,rw_zipf_0.6,concurrent_50,0,30000,302.336,349.36440000006826,397.43090999999407,285.12017083333336,3000.0,"{0: 23.81, 1: 9.524, 2: 4.878, 3: 21.875, 4: 9.412}","{0: 501.938, 1: 474.75, 2: 475.25, 3: 474.188, 4: 474.5}","{0: 0, 1: 0, 2: 0, 3: 0, 4: 0, 5: 0, 6: 0, 7: 0, 8: 0, 9: 0}","{0: 0, 1: 0, 2: 0, 3: 0, 4: 0, 5: 0, 6: 0, 7: 0, 8: 0, 9: 0}","{0: 0, 1: 0, 2: 0, 3: 0, 4: 0, 5: 0, 6: 0, 7: 0, 8: 0, 9: 0}",0,0
rule_fpga_raft,60c1s5r10p,YCSB_A,rw_zipf_0.6,concurrent_50,100,30000,155.085,229.37630000000001,341.3841,173.09063349999997,3000.0,"{0: 26.744, 1: 10.843, 2: 8.333, 3: 11.905, 4: 11.765}","{0: 505.188, 1: 493.125, 2: 494.625, 3: 492.625, 4: 492.625}","{0: 3000, 1: 3000, 2: 3000, 3: 3000, 4: 3000, 5: 3000, 6: 3000, 7: 3000, 8: 3000, 9: 3000}","{0: 2972, 1: 2983, 2: 2972, 3: 2978, 4: 2973, 5: 2971, 6: 2982, 7: 2984, 8: 2982, 9: 2975}","{0: 0, 1: 2983, 2: 2962, 3: 2978, 4: 2957, 5: 2971, 6: 2982, 7: 2972, 8: 2982, 9: 2975}",99.24,89.20666666666666
rule_fpga_raft,60c1s5r10p,YCSB_A,rw_zipf_0.6,concurrent_50,101,30000,154.089,238.2971,340.78911999999997,173.39852713333335,3000.0,"{0: 25.882, 1: 10.843, 2: 10.465, 3: 12.791, 4: 12.791}","{0: 504.75, 1: 491.625, 2: 492.875, 3: 490.375, 4: 491.625}","{0: 136, 1: 3000, 2: 3000, 3: 3000, 4: 3000, 5: 3000, 6: 3000, 7: 3000, 8: 3000, 9: 3000}","{0: 135, 1: 2979, 2: 2979, 3: 2976, 4: 2974, 5: 2977, 6: 2975, 7: 2977, 8: 2983, 9: 2968}","{0: 0, 1: 2979, 2: 2961, 3: 2973, 4: 2956, 5: 2977, 6: 2960, 7: 2966, 8: 2983, 9: 2968}",99.21506485849056,98.47803655660377
rule_fpga_raft,60c1s5r10p,YCSB_A,rw_zipf_0.65,concurrent_50,0,30000,302.6225,379.99649999999997,390.728,285.998362,3000.0,"{0: 24.706, 1: 8.537, 2: 14.286, 3: 8.434, 4: 7.317}","{0: 501.125, 1: 474.312, 2: 475.062, 3: 473.938, 4: 474.062}","{0: 0, 1: 0, 2: 0, 3: 0, 4: 0, 5: 0, 6: 0, 7: 0, 8: 0, 9: 0}","{0: 0, 1: 0, 2: 0, 3: 0, 4: 0, 5: 0, 6: 0, 7: 0, 8: 0, 9: 0}","{0: 0, 1: 0, 2: 0, 3: 0, 4: 0, 5: 0, 6: 0, 7: 0, 8: 0, 9: 0}",0,0
rule_fpga_raft,60c1s5r10p,YCSB_A,rw_zipf_0.65,concurrent_50,100,30000,155.2765,229.361,343.67354999999975,174.24288123333335,3000.0,"{0: 28.235, 1: 12.048, 2: 9.524, 3: 11.905, 4: 11.628}","{0: 504.0, 1: 492.375, 2: 493.812, 3: 491.125, 4: 491.75}","{0: 3000, 1: 3000, 2: 3000, 3: 3000, 4: 3000, 5: 3000, 6: 3000, 7: 3000, 8: 3000, 9: 3000}","{0: 2948, 1: 2961, 2: 2952, 3: 2950, 4: 2962, 5: 2952, 6: 2944, 7: 2945, 8: 2937, 9: 2943}","{0: 341, 1: 2956, 2: 2937, 3: 2950, 4: 2946, 5: 2952, 6: 2944, 7: 2931, 8: 2937, 9: 2943}",98.31333333333333,89.45666666666666
rule_fpga_raft,60c1s5r10p,YCSB_A,rw_zipf_0.65,concurrent_50,101,30000,155.5575,229.33,345.94415,174.6998049,3000.0,"{0: 26.744, 1: 11.905, 2: 18.085, 3: 16.667, 4: 9.639}","{0: 505.625, 1: 491.5, 2: 492.938, 3: 490.0, 4: 490.938}","{0: 168, 1: 2999, 2: 2999, 3: 3000, 4: 3000, 5: 2993, 6: 3000, 7: 2998, 8: 3000, 9: 3000}","{0: 166, 1: 2962, 2: 2947, 3: 2950, 4: 2959, 5: 2945, 6: 2947, 7: 2953, 8: 2965, 9: 2951}","{0: 0, 1: 2961, 2: 2936, 3: 2950, 4: 2944, 5: 2945, 6: 2947, 7: 2939, 8: 2965, 9: 2951}",98.48289575431748,97.72066133961778
rule_fpga_raft,60c1s5r10p,YCSB_A,rw_zipf_0.7,concurrent_50,0,30000,298.6245,375.7342000000001,381.55005,282.75224720000006,3000.0,"{0: 24.706, 1: 8.434, 2: 16.304, 3: 8.434, 4: 10.588}","{0: 500.75, 1: 473.938, 2: 474.625, 3: 473.812, 4: 473.812}","{0: 0, 1: 0, 2: 0, 3: 0, 4: 0, 5: 0, 6: 0, 7: 0, 8: 0, 9: 0}","{0: 0, 1: 0, 2: 0, 3: 0, 4: 0, 5: 0, 6: 0, 7: 0, 8: 0, 9: 0}","{0: 0, 1: 0, 2: 0, 3: 0, 4: 0, 5: 0, 6: 0, 7: 0, 8: 0, 9: 0}",0,0
rule_fpga_raft,60c1s5r10p,YCSB_A,rw_zipf_0.7,concurrent_50,100,30000,155.982,239.0783,382.96314,177.08579669999997,3000.0,"{0: 26.744, 1: 12.195, 2: 7.317, 3: 12.048, 4: 15.556}","{0: 504.062, 1: 491.125, 2: 493.438, 3: 490.688, 4: 491.125}","{0: 3000, 1: 3000, 2: 3000, 3: 3000, 4: 3000, 5: 3000, 6: 3000, 7: 3000, 8: 3000, 9: 3000}","{0: 2926, 1: 2930, 2: 2912, 3: 2912, 4: 2895, 5: 2925, 6: 2938, 7: 2927, 8: 2919, 9: 2915}","{0: 0, 1: 2928, 2: 2903, 3: 2912, 4: 2881, 5: 2925, 6: 2936, 7: 2909, 8: 2919, 9: 2915}",97.33,87.42666666666666
rule_fpga_raft,60c1s5r10p,YCSB_A,rw_zipf_0.7,concurrent_50,101,30000,154.693,238.314,389.05731999999995,176.67742263333335,3000.0,"{0: 26.744, 1: 11.905, 2: 7.317, 3: 11.765, 4: 9.639}","{0: 503.0, 1: 490.625, 2: 492.0, 3: 489.312, 4: 490.25}","{0: 179, 1: 2991, 2: 2987, 3: 2987, 4: 2961, 5: 3000, 6: 2998, 7: 2965, 8: 2983, 9: 2985}","{0: 172, 1: 2913, 2: 2902, 3: 2903, 4: 2861, 5: 2919, 6: 2920, 7: 2870, 8: 2893, 9: 2894}","{0: 4, 1: 2912, 2: 2892, 3: 2903, 4: 2853, 5: 2919, 6: 2917, 7: 2859, 8: 2893, 9: 2894}",97.08166888592987,96.33821571238349
rule_fpga_raft,60c1s5r10p,YCSB_A,rw_zipf_0.75,concurrent_50,0,30000,301.505,335.1408000001015,387.79404,284.24719856666667,3000.0,"{0: 25.287, 1: 8.537, 2: 4.938, 3: 8.434, 4: 18.947}","{0: 500.312, 1: 473.875, 2: 474.375, 3: 473.312, 4: 473.75}","{0: 0, 1: 0, 2: 0, 3: 0, 4: 0, 5: 0, 6: 0, 7: 0, 8: 0, 9: 0}","{0: 0, 1: 0, 2: 0, 3: 0, 4: 0, 5: 0, 6: 0, 7: 0, 8: 0, 9: 0}","{0: 0, 1: 0, 2: 0, 3: 0, 4: 0, 5: 0, 6: 0, 7: 0, 8: 0, 9: 0}",0,0
rule_fpga_raft,60c1s5r10p,YCSB_A,rw_zipf_0.75,concurrent_50,100,30000,154.08749999999998,238.2391,377.60026999999997,177.29525986666667,3000.0,"{0: 26.437, 1: 11.905, 2: 19.792, 3: 10.714, 4: 10.714}","{0: 502.25, 1: 490.25, 2: 491.188, 3: 488.688, 4: 490.0}","{0: 3000, 1: 3000, 2: 3000, 3: 3000, 4: 3000, 5: 3000, 6: 3000, 7: 3000, 8: 3000, 9: 3000}","{0: 2866, 1: 2859, 2: 2875, 3: 2854, 4: 2867, 5: 2869, 6: 2854, 7: 2862, 8: 2857, 9: 2868}","{0: 0, 1: 2856, 2: 2863, 3: 2853, 4: 2858, 5: 2869, 6: 2844, 7: 2854, 8: 2857, 9: 2868}",95.43666666666667,85.74
rule_fpga_raft,60c1s5r10p,YCSB_A,rw_zipf_0.75,concurrent_50,101,30000,155.7765,284.76480000000004,395.49426,182.79827563333333,3000.0,"{0: 25.581, 1: 12.195, 2: 7.317, 3: 14.773, 4: 11.765}","{0: 504.188, 1: 489.562, 2: 490.75, 3: 489.062, 4: 488.812}","{0: 165, 1: 2817, 2: 2846, 3: 2909, 4: 2913, 5: 2907, 6: 2834, 7: 2904, 8: 2975, 9: 2803}","{0: 156, 1: 2687, 2: 2698, 3: 2754, 4: 2766, 5: 2770, 6: 2716, 7: 2762, 8: 2838, 9: 2676}","{0: 0, 1: 2684, 2: 2686, 3: 2754, 4: 2756, 5: 2770, 6: 2716, 7: 2750, 8: 2838, 9: 2676}",95.20576841943773,94.46553906339892
rule_fpga_raft,60c1s5r10p,YCSB_A,rw_zipf_0.8,concurrent_50,0,30000,306.424,381.4935,415.60204,288.8236728666667,3000.0,"{0: 23.529, 1: 9.877, 2: 4.878, 3: 8.333, 4: 15.385}","{0: 500.875, 1: 473.812, 2: 474.25, 3: 472.812, 4: 473.312}","{0: 0, 1: 0, 2: 0, 3: 0, 4: 0, 5: 0, 6: 0, 7: 0, 8: 0, 9: 0}","{0: 0, 1: 0, 2: 0, 3: 0, 4: 0, 5: 0, 6: 0, 7: 0, 8: 0, 9: 0}","{0: 0, 1: 0, 2: 0, 3: 0, 4: 0, 5: 0, 6: 0, 7: 0, 8: 0, 9: 0}",0,0
rule_fpga_raft,60c1s5r10p,YCSB_A,rw_zipf_0.8,concurrent_50,100,30000,154.61,279.9653,388.99,181.6498968666667,3000.0,"{0: 25.882, 1: 14.773, 2: 8.434, 3: 11.765, 4: 11.765}","{0: 501.062, 1: 488.5, 2: 489.5, 3: 487.188, 4: 488.125}","{0: 3000, 1: 3000, 2: 3000, 3: 3000, 4: 3000, 5: 3000, 6: 3000, 7: 3000, 8: 3000, 9: 3000}","{0: 2791, 1: 2755, 2: 2759, 3: 2761, 4: 2726, 5: 2749, 6: 2756, 7: 2774, 8: 2746, 9: 2758}","{0: 0, 1: 2746, 2: 2748, 3: 2760, 4: 2713, 5: 2749, 6: 2754, 7: 2763, 8: 2746, 9: 2758}",91.91666666666667,82.45666666666666
rule_fpga_raft,60c1s5r10p,YCSB_A,rw_zipf_0.8,concurrent_50,101,30000,168.4905,306.8496,388.16904999999997,193.96537316666667,3000.0,"{0: 23.529, 1: 10.843, 2: 7.229, 3: 10.714, 4: 9.639}","{0: 500.812, 1: 487.375, 2: 488.438, 3: 486.938, 4: 486.812}","{0: 161, 1: 2414, 2: 2347, 3: 2540, 4: 2473, 5: 2640, 6: 2511, 7: 2589, 8: 2684, 9: 2629}","{0: 147, 1: 2239, 2: 2172, 3: 2350, 4: 2273, 5: 2441, 6: 2324, 7: 2425, 8: 2492, 9: 2412}","{0: 0, 1: 2238, 2: 2164, 3: 2350, 4: 2266, 5: 2441, 6: 2320, 7: 2421, 8: 2492, 9: 2412}",92.54828606229337,91.80441969723334
rule_fpga_raft,60c1s5r10p,YCSB_A,rw_zipf_0.85,concurrent_50,0,30000,303.71900000000005,379.82950000000005,397.16502,286.6023328333333,3000.0,"{0: 24.419, 1: 8.434, 2: 10.465, 3: 9.524, 4: 13.636}","{0: 496.312, 1: 472.312, 2: 472.688, 3: 472.125, 4: 472.062}","{0: 0, 1: 0, 2: 0, 3: 0, 4: 0, 5: 0, 6: 0, 7: 0, 8: 0, 9: 0}","{0: 0, 1: 0, 2: 0, 3: 0, 4: 0, 5: 0, 6: 0, 7: 0, 8: 0, 9: 0}","{0: 0, 1: 0, 2: 0, 3: 0, 4: 0, 5: 0, 6: 0, 7: 0, 8: 0, 9: 0}",0,0
rule_fpga_raft,60c1s5r10p,YCSB_A,rw_zipf_0.85,concurrent_50,100,30000,155.7865,296.2931,444.3902499999999,186.99903573333336,3000.0,"{0: 26.744, 1: 10.714, 2: 7.317, 3: 11.765, 4: 11.765}","{0: 500.438, 1: 487.062, 2: 488.312, 3: 486.625, 4: 486.812}","{0: 3000, 1: 3000, 2: 3000, 3: 3000, 4: 3000, 5: 3000, 6: 3000, 7: 3000, 8: 3000, 9: 3000}","{0: 2610, 1: 2662, 2: 2636, 3: 2621, 4: 2625, 5: 2625, 6: 2646, 7: 2630, 8: 2662, 9: 2644}","{0: 0, 1: 2576, 2: 2625, 3: 2617, 4: 2608, 5: 2625, 6: 2637, 7: 2623, 8: 2662, 9: 2644}",87.87,78.72333333333333
rule_fpga_raft,60c1s5r10p,YCSB_A,rw_zipf_0.85,concurrent_50,101,30000,173.316,322.5511,392.07912,218.56897423333334,3000.0,"{0: 25.882, 1: 11.628, 2: 8.333, 3: 11.765, 4: 8.537}","{0: 499.188, 1: 484.25, 2: 484.75, 3: 483.5, 4: 483.812}","{0: 177, 1: 1879, 2: 1900, 3: 1720, 4: 1978, 5: 1926, 6: 2040, 7: 1976, 8: 2087, 9: 1870}","{0: 161, 1: 1665, 2: 1650, 3: 1501, 4: 1763, 5: 1675, 6: 1847, 7: 1735, 8: 1897, 9: 1655}","{0: 22, 1: 1665, 2: 1649, 3: 1501, 4: 1762, 5: 1675, 6: 1847, 7: 1733, 8: 1897, 9: 1655}",88.58314817979833,87.76847262576197
rule_fpga_raft,60c1s5r10p,YCSB_A,rw_zipf_0.9,concurrent_50,0,30000,303.6805,379.40960000000035,388.21403,284.9984476333334,3000.0,"{0: 24.096, 1: 8.537, 2: 5.952, 3: 23.232, 4: 8.333}","{0: 494.688, 1: 471.625, 2: 472.188, 3: 471.375, 4: 471.438}","{0: 0, 1: 0, 2: 0, 3: 0, 4: 0, 5: 0, 6: 0, 7: 0, 8: 0, 9: 0}","{0: 0, 1: 0, 2: 0, 3: 0, 4: 0, 5: 0, 6: 0, 7: 0, 8: 0, 9: 0}","{0: 0, 1: 0, 2: 0, 3: 0, 4: 0, 5: 0, 6: 0, 7: 0, 8: 0, 9: 0}",0,0
rule_fpga_raft,60c1s5r10p,YCSB_A,rw_zipf_0.9,concurrent_50,100,30000,168.983,304.2841,453.08507,194.7351038,3000.0,"{0: 27.586, 1: 10.843, 2: 8.333, 3: 16.667, 4: 9.639}","{0: 497.875, 1: 485.312, 2: 486.312, 3: 484.25, 4: 484.75}","{0: 3000, 1: 3000, 2: 3000, 3: 3000, 4: 3000, 5: 3000, 6: 3000, 7: 3000, 8: 3000, 9: 3000}","{0: 2460, 1: 2462, 2: 2462, 3: 2397, 4: 2452, 5: 2463, 6: 2442, 7: 2448, 8: 2449, 9: 2450}","{0: 0, 1: 2448, 2: 2456, 3: 2390, 4: 2434, 5: 2463, 6: 2431, 7: 2440, 8: 2449, 9: 2450}",81.61666666666666,73.20333333333333
rule_fpga_raft,60c1s5r10p,YCSB_A,rw_zipf_0.9,concurrent_50,101,30000,238.451,323.0647,395.88304,238.60336993333334,3000.0,"{0: 24.706, 1: 8.537, 2: 7.143, 3: 14.444, 4: 8.434}","{0: 497.125, 1: 481.5, 2: 482.562, 3: 481.438, 4: 481.5}","{0: 165, 1: 1216, 2: 1246, 3: 1331, 4: 1246, 5: 1591, 6: 1155, 7: 1435, 8: 1506, 9: 1431}","{0: 137, 1: 982, 2: 1033, 3: 1113, 4: 1045, 5: 1305, 6: 966, 7: 1209, 8: 1238, 9: 1193}","{0: 4, 1: 982, 2: 1033, 3: 1113, 4: 1045, 5: 1305, 6: 966, 7: 1208, 8: 1238, 9: 1193}",82.94919655900016,81.86171076124006
rule_fpga_raft,60c1s5r10p,YCSB_A,rw_zipf_0.95,concurrent_50,0,30000,302.488,349.41430000007017,399.592,285.97041916666666,3000.0,"{0: 23.256, 1: 8.434, 2: 7.143, 3: 9.524, 4: 15.385}","{0: 492.375, 1: 470.875, 2: 471.312, 3: 470.375, 4: 470.875}","{0: 0, 1: 0, 2: 0, 3: 0, 4: 0, 5: 0, 6: 0, 7: 0, 8: 0, 9: 0}","{0: 0, 1: 0, 2: 0, 3: 0, 4: 0, 5: 0, 6: 0, 7: 0, 8: 0, 9: 0}","{0: 0, 1: 0, 2: 0, 3: 0, 4: 0, 5: 0, 6: 0, 7: 0, 8: 0, 9: 0}",0,0
rule_fpga_raft,60c1s5r10p,YCSB_A,rw_zipf_0.95,concurrent_50,100,30000,169.689,323.4578000000001,455.85505,204.13568569999998,3000.0,"{0: 25.882, 1: 10.843, 2: 17.895, 3: 9.756, 4: 11.628}","{0: 496.125, 1: 483.562, 2: 484.375, 3: 482.75, 4: 483.375}","{0: 3000, 1: 3000, 2: 3000, 3: 3000, 4: 3000, 5: 3000, 6: 3000, 7: 3000, 8: 3000, 9: 3000}","{0: 2253, 1: 2259, 2: 2233, 3: 2233, 4: 2219, 5: 2226, 6: 2254, 7: 2248, 8: 2278, 9: 2255}","{0: 6, 1: 2250, 2: 2227, 3: 2233, 4: 2213, 5: 2226, 6: 2254, 7: 2238, 8: 2278, 9: 2255}",74.86,67.26666666666667
rule_fpga_raft,60c1s5r10p,YCSB_A,rw_zipf_0.95,concurrent_50,101,30000,296.955,326.8881,383.26103,257.2040581333333,3000.0,"{0: 25.581, 1: 9.524, 2: 8.235, 3: 8.537, 4: 9.524}","{0: 495.125, 1: 479.062, 2: 479.562, 3: 478.75, 4: 478.875}","{0: 154, 1: 989, 2: 813, 3: 888, 4: 779, 5: 1013, 6: 815, 7: 844, 8: 1074, 9: 1075}","{0: 113, 1: 763, 2: 611, 3: 681, 4: 610, 5: 788, 6: 613, 7: 637, 8: 798, 9: 849}","{0: 0, 1: 762, 2: 611, 3: 681, 4: 610, 5: 788, 6: 613, 7: 637, 8: 798, 9: 849}",76.53955471340596,75.18948365703459
rule_fpga_raft,60c1s5r10p,YCSB_A,rw_zipf_1,concurrent_50,0,30000,307.1535,381.46630000000033,394.85804,288.4377818666667,3000.0,"{0: 25.581, 1: 8.537, 2: 4.878, 3: 11.628, 4: 18.085}","{0: 491.688, 1: 470.0, 2: 470.5, 3: 469.938, 4: 469.875}","{0: 0, 1: 0, 2: 0, 3: 0, 4: 0, 5: 0, 6: 0, 7: 0, 8: 0, 9: 0}","{0: 0, 1: 0, 2: 0, 3: 0, 4: 0, 5: 0, 6: 0, 7: 0, 8: 0, 9: 0}","{0: 0, 1: 0, 2: 0, 3: 0, 4: 0, 5: 0, 6: 0, 7: 0, 8: 0, 9: 0}",0,0
rule_fpga_raft,60c1s5r10p,YCSB_A,rw_zipf_1,concurrent_50,100,30000,171.781,323.59069999999997,453.80505999999997,212.62172216666667,3000.0,"{0: 24.706, 1: 10.843, 2: 7.229, 3: 11.765, 4: 9.639}","{0: 495.438, 1: 482.0, 2: 483.375, 3: 481.312, 4: 481.938}","{0: 3000, 1: 3000, 2: 3000, 3: 3000, 4: 3000, 5: 3000, 6: 3000, 7: 3000, 8: 3000, 9: 3000}","{0: 1999, 1: 2032, 2: 2017, 3: 1989, 4: 2006, 5: 2038, 6: 2015, 7: 1963, 8: 1953, 9: 1978}","{0: 21, 1: 2022, 2: 2010, 3: 1989, 4: 2000, 5: 2038, 6: 2014, 7: 1959, 8: 1953, 9: 1978}",66.63333333333334,59.946666666666665
rule_fpga_raft,60c1s5r10p,YCSB_A,rw_zipf_1,concurrent_50,101,30000,301.611,334.8005,391.69902,272.1114941,3000.0,"{0: 25.287, 1: 9.756, 2: 8.235, 3: 11.628, 4: 15.385}","{0: 493.562, 1: 476.938, 2: 477.625, 3: 476.562, 4: 477.0}","{0: 127, 1: 600, 2: 562, 3: 475, 4: 540, 5: 565, 6: 645, 7: 734, 8: 486, 9: 697}","{0: 86, 1: 436, 2: 386, 3: 325, 4: 358, 5: 392, 6: 443, 7: 486, 8: 336, 9: 489}","{0: 0, 1: 435, 2: 386, 3: 325, 4: 357, 5: 392, 6: 443, 7: 486, 8: 336, 9: 489}",68.80869084883079,67.1883631007181
rule_fpga_raft,60c1s5r10p,YCSB_B,rw_zipf_0.5,concurrent_50,0,30000,301.6515,335.5107000001016,397.27902,283.35412983333333,3000.0,"{0: 24.706, 1: 9.524, 2: 4.938, 3: 8.434, 4: 8.434}","{0: 502.562, 1: 475.25, 2: 475.938, 3: 474.5, 4: 475.0}","{0: 0, 1: 0, 2: 0, 3: 0, 4: 0, 5: 0, 6: 0, 7: 0, 8: 0, 9: 0}","{0: 0, 1: 0, 2: 0, 3: 0, 4: 0, 5: 0, 6: 0, 7: 0, 8: 0, 9: 0}","{0: 0, 1: 0, 2: 0, 3: 0, 4: 0, 5: 0, 6: 0, 7: 0, 8: 0, 9: 0}",0,0
rule_fpga_raft,60c1s5r10p,YCSB_B,rw_zipf_0.5,concurrent_50,100,30000,154.815,228.757,334.107,168.88376463333333,3000.0,"{0: 28.235, 1: 13.253, 2: 7.317, 3: 11.905, 4: 22.917}","{0: 505.188, 1: 493.25, 2: 495.254, 3: 492.32, 4: 492.625}","{0: 3000, 1: 3000, 2: 3000, 3: 3000, 4: 3000, 5: 3000, 6: 3000, 7: 3000, 8: 3000, 9: 3000}","{0: 2997, 1: 2998, 2: 2998, 3: 2999, 4: 3000, 5: 2999, 6: 2998, 7: 3000, 8: 3000, 9: 2999}","{0: 0, 1: 2998, 2: 2990, 3: 2999, 4: 2985, 5: 2999, 6: 2997, 7: 2994, 8: 3000, 9: 2999}",99.96,89.87
rule_fpga_raft,60c1s5r10p,YCSB_B,rw_zipf_0.5,concurrent_50,101,30000,154.788,229.553,305.59412999999995,168.86445943333334,3000.0,"{0: 27.059, 1: 10.976, 2: 18.947, 3: 12.941, 4: 20.213}","{0: 505.0, 1: 493.25, 2: 494.75, 3: 491.938, 4: 492.75}","{0: 166, 1: 3000, 2: 3000, 3: 3000, 4: 3000, 5: 3000, 6: 3000, 7: 3000, 8: 3000, 9: 3000}","{0: 166, 1: 2998, 2: 2999, 3: 3000, 4: 2997, 5: 2997, 6: 2998, 7: 2999, 8: 2998, 9: 2999}","{0: 0, 1: 2998, 2: 2987, 3: 3000, 4: 2989, 5: 2997, 6: 2998, 7: 2993, 8: 2998, 9: 2999}",99.94478392107781,99.23801811087388
rule_fpga_raft,60c1s5r10p,YCSB_B,rw_zipf_0.55,concurrent_50,0,30000,302.8855,344.62520000008607,392.2999699999997,285.8768366,3000.0,"{0: 24.138, 1: 7.407, 2: 6.024, 3: 11.628, 4: 11.494}","{0: 504.438, 1: 475.062, 2: 475.875, 3: 474.5, 4: 474.938}","{0: 0, 1: 0, 2: 0, 3: 0, 4: 0, 5: 0, 6: 0, 7: 0, 8: 0, 9: 0}","{0: 0, 1: 0, 2: 0, 3: 0, 4: 0, 5: 0, 6: 0, 7: 0, 8: 0, 9: 0}","{0: 0, 1: 0, 2: 0, 3: 0, 4: 0, 5: 0, 6: 0, 7: 0, 8: 0, 9: 0}",0,0
rule_fpga_raft,60c1s5r10p,YCSB_B,rw_zipf_0.55,concurrent_50,100,30000,154.73450000000003,228.8572,306.99609,167.98810073333334,3000.0,"{0: 27.059, 1: 9.877, 2: 8.434, 3: 11.765, 4: 10.843}","{0: 506.375, 1: 493.062, 2: 495.188, 3: 492.375, 4: 492.75}","{0: 3000, 1: 3000, 2: 3000, 3: 3000, 4: 3000, 5: 3000, 6: 3000, 7: 3000, 8: 3000, 9: 3000}","{0: 2997, 1: 2999, 2: 2998, 3: 2999, 4: 2999, 5: 2997, 6: 2996, 7: 2998, 8: 2999, 9: 2999}","{0: 0, 1: 2999, 2: 2991, 3: 2999, 4: 2991, 5: 2997, 6: 2996, 7: 2992, 8: 2999, 9: 2999}",99.93666666666667,89.87666666666667
rule_fpga_raft,60c1s5r10p,YCSB_B,rw_zipf_0.55,concurrent_50,101,30000,154.909,228.4081,310.99802999999997,168.85690223333333,3000.0,"{0: 26.744, 1: 10.714, 2: 8.333, 3: 15.73, 4: 12.048}","{0: 505.125, 1: 492.688, 2: 494.938, 3: 492.25, 4: 492.062}","{0: 152, 1: 3000, 2: 3000, 3: 3000, 4: 3000, 5: 3000, 6: 3000, 7: 3000, 8: 3000, 9: 3000}","{0: 152, 1: 2999, 2: 3000, 3: 2999, 4: 2998, 5: 2998, 6: 2999, 7: 2999, 8: 2999, 9: 3000}","{0: 0, 1: 2999, 2: 2991, 3: 2999, 4: 2989, 5: 2998, 6: 2996, 7: 2988, 8: 2998, 9: 3000}",99.96685327047732,99.28550383028875
rule_fpga_raft,60c1s5r10p,YCSB_B,rw_zipf_0.6,concurrent_50,0,30000,304.8195,341.25720000009727,399.88402,287.5800654,3000.0,"{0: 26.744, 1: 11.628, 2: 18.75, 3: 10.588, 4: 10.465}","{0: 501.562, 1: 475.062, 2: 475.5, 3: 474.699, 4: 474.688}","{0: 0, 1: 0, 2: 0, 3: 0, 4: 0, 5: 0, 6: 0, 7: 0, 8: 0, 9: 0}","{0: 0, 1: 0, 2: 0, 3: 0, 4: 0, 5: 0, 6: 0, 7: 0, 8: 0, 9: 0}","{0: 0, 1: 0, 2: 0, 3: 0, 4: 0, 5: 0, 6: 0, 7: 0, 8: 0, 9: 0}",0,0
rule_fpga_raft,60c1s5r10p,YCSB_B,rw_zipf_0.6,concurrent_50,100,30000,154.331,228.3021,334.39912,168.4968502,3000.0,"{0: 25.581, 1: 10.976, 2: 11.494, 3: 11.905, 4: 10.714}","{0: 505.75, 1: 493.125, 2: 494.75, 3: 492.875, 4: 492.562}","{0: 3000, 1: 3000, 2: 3000, 3: 3000, 4: 3000, 5: 3000, 6: 3000, 7: 3000, 8: 3000, 9: 3000}","{0: 2998, 1: 2995, 2: 2999, 3: 2997, 4: 2996, 5: 2994, 6: 2995, 7: 2996, 8: 2999, 9: 2992}","{0: 0, 1: 2995, 2: 2984, 3: 2990, 4: 2988, 5: 2994, 6: 2985, 7: 2988, 8: 2999, 9: 2992}",99.87,89.71666666666667
rule_fpga_raft,60c1s5r10p,YCSB_B,rw_zipf_0.6,concurrent_50,101,30000,155.2025,230.164,322.94471999999973,169.0977548333333,3000.0,"{0: 26.437, 1: 10.843, 2: 11.628, 3: 10.714, 4: 11.765}","{0: 505.25, 1: 492.438, 2: 493.375, 3: 490.938, 4: 491.062}","{0: 161, 1: 2938, 2: 3000, 3: 3000, 4: 3000, 5: 3000, 6: 3000, 7: 3000, 8: 3000, 9: 3000}","{0: 160, 1: 2935, 2: 2997, 3: 2999, 4: 2998, 5: 2995, 6: 2997, 7: 2998, 8: 2994, 9: 2999}","{0: 0, 1: 2935, 2: 2988, 3: 2999, 4: 2986, 5: 2995, 6: 2997, 7: 2993, 8: 2994, 9: 2999}",99.90036532713384,99.21399313627809
rule_fpga_raft,60c1s5r10p,YCSB_B,rw_zipf_0.65,concurrent_50,0,30000,301.657,334.15520000011213,392.11204000000004,284.6913469333333,3000.0,"{0: 22.353, 1: 9.524, 2: 9.302, 3: 9.524, 4: 8.537}","{0: 500.875, 1: 474.938, 2: 475.312, 3: 474.125, 4: 474.188}","{0: 0, 1: 0, 2: 0, 3: 0, 4: 0, 5: 0, 6: 0, 7: 0, 8: 0, 9: 0}","{0: 0, 1: 0, 2: 0, 3: 0, 4: 0, 5: 0, 6: 0, 7: 0, 8: 0, 9: 0}","{0: 0, 1: 0, 2: 0, 3: 0, 4: 0, 5: 0, 6: 0, 7: 0, 8: 0, 9: 0}",0,0
rule_fpga_raft,60c1s5r10p,YCSB_B,rw_zipf_0.65,concurrent_50,100,30000,154.423,228.8041,305.32104000000004,168.31748033333335,3000.0,"{0: 28.736, 1: 10.976, 2: 12.5, 3: 11.765, 4: 10.843}","{0: 504.375, 1: 492.125, 2: 493.75, 3: 492.0, 4: 491.438}","{0: 3000, 1: 3000, 2: 3000, 3: 3000, 4: 3000, 5: 3000, 6: 3000, 7: 3000, 8: 3000, 9: 3000}","{0: 2995, 1: 2993, 2: 2994, 3: 2995, 4: 2997, 5: 2989, 6: 2995, 7: 2994, 8: 2992, 9: 2994}","{0: 0, 1: 2993, 2: 2984, 3: 2992, 4: 2992, 5: 2989, 6: 2992, 7: 2990, 8: 2992, 9: 2994}",99.79333333333334,89.72666666666667
rule_fpga_raft,60c1s5r10p,YCSB_B,rw_zipf_0.65,concurrent_50,101,30000,153.774,228.9032,307.19711,168.60424926666667,3000.0,"{0: 27.907, 1: 11.765, 2: 7.229, 3: 11.905, 4: 9.639}","{0: 503.625, 1: 491.438, 2: 492.812, 3: 491.309, 4: 490.938}","{0: 150, 1: 3000, 2: 3000, 3: 3000, 4: 3000, 5: 3000, 6: 3000, 7: 3000, 8: 3000, 9: 3000}","{0: 150, 1: 2997, 2: 2992, 3: 2991, 4: 2988, 5: 2991, 6: 2993, 7: 2999, 8: 2996, 9: 2995}","{0: 1, 1: 2997, 2: 2981, 3: 2990, 4: 2977, 5: 2991, 6: 2991, 7: 2992, 8: 2996, 9: 2995}",99.78637200736648,99.11970534069981
rule_fpga_raft,60c1s5r10p,YCSB_B,rw_zipf_0.7,concurrent_50,0,30000,301.207,331.45940000011143,389.476,284.41091236666665,3000.0,"{0: 25.882, 1: 9.639, 2: 4.938, 3: 8.434, 4: 7.317}","{0: 501.125, 1: 474.25, 2: 475.0, 3: 473.75, 4: 474.062}","{0: 0, 1: 0, 2: 0, 3: 0, 4: 0, 5: 0, 6: 0, 7: 0, 8: 0, 9: 0}","{0: 0, 1: 0, 2: 0, 3: 0, 4: 0, 5: 0, 6: 0, 7: 0, 8: 0, 9: 0}","{0: 0, 1: 0, 2: 0, 3: 0, 4: 0, 5: 0, 6: 0, 7: 0, 8: 0, 9: 0}",0,0
rule_fpga_raft,60c1s5r10p,YCSB_B,rw_zipf_0.7,concurrent_50,100,30000,155.47050000000002,230.4031,329.51036999999883,170.19133466666665,3000.0,"{0: 27.059, 1: 10.843, 2: 23.232, 3: 10.976, 4: 9.639}","{0: 504.25, 1: 491.375, 2: 492.25, 3: 490.125, 4: 491.125}","{0: 3000, 1: 3000, 2: 3000, 3: 3000, 4: 3000, 5: 3000, 6: 3000, 7: 3000, 8: 3000, 9: 3000}","{0: 2991, 1: 2988, 2: 2986, 3: 2985, 4: 2983, 5: 2987, 6: 2986, 7: 2984, 8: 2984, 9: 2993}","{0: 0, 1: 2988, 2: 2979, 3: 2985, 4: 2976, 5: 2987, 6: 2986, 7: 2974, 8: 2984, 9: 2993}",99.55666666666667,89.50666666666666
rule_fpga_raft,60c1s5r10p,YCSB_B,rw_zipf_0.7,concurrent_50,101,30000,153.994,228.5101,336.4255199999988,168.81234033333334,3000.0,"{0: 26.744, 1: 13.095, 2: 8.333, 3: 10.714, 4: 10.714}","{0: 502.812, 1: 490.688, 2: 492.375, 3: 490.062, 4: 490.312}","{0: 127, 1: 3000, 2: 3000, 3: 3000, 4: 3000, 5: 3000, 6: 3000, 7: 3000, 8: 3000, 9: 3000}","{0: 124, 1: 2969, 2: 2969, 3: 2977, 4: 2965, 5: 2983, 6: 2978, 7: 2984, 8: 2986, 9: 2988}","{0: 0, 1: 2969, 2: 2964, 3: 2977, 4: 2953, 5: 2983, 6: 2977, 7: 2981, 8: 2986, 9: 2988}",99.24798171563387,98.71345891547168
rule_fpga_raft,60c1s5r10p,YCSB_B,rw_zipf_0.75,concurrent_50,0,30000,306.55600000000004,358.5482000000531,392.00300999999996,287.8659509333333,3000.0,"{0: 23.81, 1: 8.434, 2: 15.217, 3: 10.714, 4: 7.317}","{0: 499.0, 1: 473.812, 2: 474.125, 3: 473.25, 4: 473.688}","{0: 0, 1: 0, 2: 0, 3: 0, 4: 0, 5: 0, 6: 0, 7: 0, 8: 0, 9: 0}","{0: 0, 1: 0, 2: 0, 3: 0, 4: 0, 5: 0, 6: 0, 7: 0, 8: 0, 9: 0}","{0: 0, 1: 0, 2: 0, 3: 0, 4: 0, 5: 0, 6: 0, 7: 0, 8: 0, 9: 0}",0,0
rule_fpga_raft,60c1s5r10p,YCSB_B,rw_zipf_0.75,concurrent_50,100,30000,154.087,228.539,326.28531999999944,169.13746529999997,3000.0,"{0: 25.882, 1: 10.976, 2: 7.317, 3: 16.854, 4: 20.833}","{0: 503.5, 1: 490.125, 2: 491.062, 3: 488.75, 4: 489.5}","{0: 3000, 1: 3000, 2: 3000, 3: 3000, 4: 3000, 5: 3000, 6: 3000, 7: 3000, 8: 3000, 9: 3000}","{0: 2967, 1: 2972, 2: 2979, 3: 2966, 4: 2970, 5: 2970, 6: 2969, 7: 2974, 8: 2970, 9: 2972}","{0: 0, 1: 2969, 2: 2970, 3: 2959, 4: 2959, 5: 2970, 6: 2965, 7: 2968, 8: 2970, 9: 2972}",99.03,89.00666666666666
rule_fpga_raft,60c1s5r10p,YCSB_B,rw_zipf_0.75,concurrent_50,101,30000,153.748,229.0052,333.96612999999996,169.85870593333334,3000.0,"{0: 27.907, 1: 12.941, 2: 7.317, 3: 10.714, 4: 10.843}","{0: 503.188, 1: 490.25, 2: 491.062, 3: 489.5, 4: 489.375}","{0: 148, 1: 3000, 2: 3000, 3: 3000, 4: 3000, 5: 3000, 6: 3000, 7: 3000, 8: 3000, 9: 3000}","{0: 145, 1: 2976, 2: 2983, 3: 2967, 4: 2973, 5: 2969, 6: 2975, 7: 2973, 8: 2971, 9: 2977}","{0: 1, 1: 2975, 2: 2966, 3: 2966, 4: 2960, 5: 2969, 6: 2972, 7: 2965, 8: 2971, 9: 2977}",99.11964048917048,98.43082363341682
rule_fpga_raft,60c1s5r10p,YCSB_B,rw_zipf_0.8,concurrent_50,0,30000,298.48400000000004,331.10670000011,382.95523999999983,282.56714186666665,3000.0,"{0: 23.529, 1: 9.639, 2: 14.286, 3: 9.412, 4: 14.607}","{0: 498.75, 1: 473.438, 2: 473.75, 3: 472.875, 4: 472.938}","{0: 0, 1: 0, 2: 0, 3: 0, 4: 0, 5: 0, 6: 0, 7: 0, 8: 0, 9: 0}","{0: 0, 1: 0, 2: 0, 3: 0, 4: 0, 5: 0, 6: 0, 7: 0, 8: 0, 9: 0}","{0: 0, 1: 0, 2: 0, 3: 0, 4: 0, 5: 0, 6: 0, 7: 0, 8: 0, 9: 0}",0,0
rule_fpga_raft,60c1s5r10p,YCSB_B,rw_zipf_0.8,concurrent_50,100,30000,154.332,233.6701,341.78714999999994,171.39892600000002,3000.0,"{0: 28.736, 1: 10.843, 2: 9.524, 3: 10.714, 4: 17.391}","{0: 500.75, 1: 488.688, 2: 489.75, 3: 487.625, 4: 488.375}","{0: 3000, 1: 3000, 2: 3000, 3: 3000, 4: 3000, 5: 3000, 6: 3000, 7: 3000, 8: 3000, 9: 3000}","{0: 2942, 1: 2956, 2: 2927, 3: 2944, 4: 2937, 5: 2925, 6: 2937, 7: 2957, 8: 2953, 9: 2939}","{0: 0, 1: 2956, 2: 2912, 3: 2943, 4: 2929, 5: 2925, 6: 2932, 7: 2955, 8: 2953, 9: 2939}",98.05666666666667,88.14666666666666
rule_fpga_raft,60c1s5r10p,YCSB_B,rw_zipf_0.8,concurrent_50,101,30000,153.8275,228.679,335.7191799999998,170.4476669,3000.0,"{0: 26.744, 1: 12.048, 2: 8.434, 3: 12.791, 4: 14.773}","{0: 502.438, 1: 488.625, 2: 491.062, 3: 488.062, 4: 488.0}","{0: 284, 1: 2998, 2: 2994, 3: 3000, 4: 2998, 5: 3000, 6: 3000, 7: 3000, 8: 2999, 9: 2999}","{0: 279, 1: 2954, 2: 2931, 3: 2949, 4: 2954, 5: 2943, 6: 2961, 7: 2948, 8: 2937, 9: 2949}","{0: 143, 1: 2953, 2: 2921, 3: 2949, 4: 2947, 5: 2943, 6: 2955, 7: 2938, 8: 2937, 9: 2949}",98.28762100322675,97.66427104722793
rule_fpga_raft,60c1s5r10p,YCSB_B,rw_zipf_0.85,concurrent_50,0,30000,300.9845,369.8110000000206,407.26700999999997,285.1945782333333,3000.0,"{0: 24.419, 1: 8.434, 2: 4.878, 3: 9.524, 4: 11.494}","{0: 495.875, 1: 472.188, 2: 472.375, 3: 471.938, 4: 472.125}","{0: 0, 1: 0, 2: 0, 3: 0, 4: 0, 5: 0, 6: 0, 7: 0, 8: 0, 9: 0}","{0: 0, 1: 0, 2: 0, 3: 0, 4: 0, 5: 0, 6: 0, 7: 0, 8: 0, 9: 0}","{0: 0, 1: 0, 2: 0, 3: 0, 4: 0, 5: 0, 6: 0, 7: 0, 8: 0, 9: 0}",0,0
rule_fpga_raft,60c1s5r10p,YCSB_B,rw_zipf_0.85,concurrent_50,100,30000,154.1175,230.295,335.71101,172.82886696666668,3000.0,"{0: 25.882, 1: 13.253, 2: 8.333, 3: 16.854, 4: 10.714}","{0: 500.625, 1: 487.562, 2: 488.312, 3: 486.125, 4: 487.0}","{0: 3000, 1: 3000, 2: 3000, 3: 3000, 4: 3000, 5: 3000, 6: 3000, 7: 3000, 8: 3000, 9: 3000}","{0: 2901, 1: 2918, 2: 2912, 3: 2882, 4: 2885, 5: 2890, 6: 2904, 7: 2891, 8: 2897, 9: 2911}","{0: 385, 1: 2918, 2: 2900, 3: 2882, 4: 2880, 5: 2890, 6: 2894, 7: 2886, 8: 2897, 9: 2911}",96.63666666666667,88.14333333333333
rule_fpga_raft,60c1s5r10p,YCSB_B,rw_zipf_0.85,concurrent_50,101,30000,153.95049999999998,229.2401,340.91508,172.44984483333334,3000.0,"{0: 26.744, 1: 10.843, 2: 8.333, 3: 10.714, 4: 8.537}","{0: 499.5, 1: 486.625, 2: 488.125, 3: 486.25, 4: 486.25}","{0: 154, 1: 2870, 2: 2991, 3: 2979, 4: 2981, 5: 2998, 6: 2946, 7: 2977, 8: 2965, 9: 2994}","{0: 147, 1: 2764, 2: 2914, 3: 2887, 4: 2893, 5: 2926, 6: 2864, 7: 2904, 8: 2854, 9: 2930}","{0: 0, 1: 2763, 2: 2901, 3: 2887, 4: 2883, 5: 2926, 6: 2864, 7: 2899, 8: 2854, 9: 2930}",97.12530255073543,96.46993111152486
rule_fpga_raft,60c1s5r10p,YCSB_B,rw_zipf_0.9,concurrent_50,0,30000,302.22749999999996,341.7001000000864,396.50800999999996,283.5751782333333,3000.0,"{0: 23.529, 1: 8.537, 2: 13.333, 3: 8.333, 4: 7.229}","{0: 493.875, 1: 471.375, 2: 471.75, 3: 471.25, 4: 470.938}","{0: 0, 1: 0, 2: 0, 3: 0, 4: 0, 5: 0, 6: 0, 7: 0, 8: 0, 9: 0}","{0: 0, 1: 0, 2: 0, 3: 0, 4: 0, 5: 0, 6: 0, 7: 0, 8: 0, 9: 0}","{0: 0, 1: 0, 2: 0, 3: 0, 4: 0, 5: 0, 6: 0, 7: 0, 8: 0, 9: 0}",0,0
rule_fpga_raft,60c1s5r10p,YCSB_B,rw_zipf_0.9,concurrent_50,100,30000,153.765,229.55620000000002,337.68714,174.16287693333334,3000.0,"{0: 25.882, 1: 12.791, 2: 10.465, 3: 10.843, 4: 14.773}","{0: 498.562, 1: 486.0, 2: 486.812, 3: 485.312, 4: 485.375}","{0: 3000, 1: 3000, 2: 3000, 3: 3000, 4: 3000, 5: 3000, 6: 3000, 7: 3000, 8: 3000, 9: 3000}","{0: 2834, 1: 2860, 2: 2867, 3: 2838, 4: 2801, 5: 2822, 6: 2839, 7: 2832, 8: 2844, 9: 2828}","{0: 0, 1: 2856, 2: 2860, 3: 2836, 4: 2794, 5: 2822, 6: 2835, 7: 2825, 8: 2844, 9: 2828}",94.55,85.0
rule_fpga_raft,60c1s5r10p,YCSB_B,rw_zipf_0.9,concurrent_50,101,30000,155.159,300.8663,381.85017,186.63618533333332,3000.0,"{0: 25.882, 1: 10.714, 2: 7.317, 3: 9.639, 4: 10.714}","{0: 495.938, 1: 483.875, 2: 484.875, 3: 483.25, 4: 483.812}","{0: 154, 1: 2631, 2: 2745, 3: 2633, 4: 2673, 5: 2722, 6: 2724, 7: 2482, 8: 2723, 9: 2671}","{0: 147, 1: 2476, 2: 2599, 3: 2475, 4: 2498, 5: 2541, 6: 2567, 7: 2338, 8: 2577, 9: 2514}","{0: 0, 1: 2475, 2: 2592, 3: 2474, 4: 2489, 5: 2541, 6: 2566, 7: 2335, 8: 2577, 9: 2514}",94.09719347628115,93.39763225432569
rule_fpga_raft,60c1s5r10p,YCSB_B,rw_zipf_0.95,concurrent_50,0,30000,300.53099999999995,330.4238000001151,390.34802,284.1625703333333,3000.0,"{0: 22.093, 1: 7.407, 2: 6.024, 3: 8.434, 4: 18.085}","{0: 492.0, 1: 470.875, 2: 470.625, 3: 470.312, 4: 470.688}","{0: 0, 1: 0, 2: 0, 3: 0, 4: 0, 5: 0, 6: 0, 7: 0, 8: 0, 9: 0}","{0: 0, 1: 0, 2: 0, 3: 0, 4: 0, 5: 0, 6: 0, 7: 0, 8: 0, 9: 0}","{0: 0, 1: 0, 2: 0, 3: 0, 4: 0, 5: 0, 6: 0, 7: 0, 8: 0, 9: 0}",0,0
rule_fpga_raft,60c1s5r10p,YCSB_B,rw_zipf_0.95,concurrent_50,100,30000,154.561,238.49020000000002,381.15214,179.4202708,3000.0,"{0: 25.581, 1: 10.843, 2: 9.412, 3: 12.644, 4: 8.537}","{0: 495.75, 1: 484.0, 2: 484.438, 3: 483.0, 4: 483.5}","{0: 3000, 1: 3000, 2: 3000, 3: 3000, 4: 3000, 5: 3000, 6: 3000, 7: 3000, 8: 3000, 9: 3000}","{0: 2716, 1: 2692, 2: 2706, 3: 2700, 4: 2693, 5: 2725, 6: 2696, 7: 2729, 8: 2735, 9: 2739}","{0: 0, 1: 2594, 2: 2694, 3: 2700, 4: 2683, 5: 2725, 6: 2691, 7: 2725, 8: 2735, 9: 2739}",90.43666666666667,80.95333333333333
rule_fpga_raft,60c1s5r10p,YCSB_B,rw_zipf_0.95,concurrent_50,101,30000,170.675,320.0071,390.26404,205.1008788,3000.0,"{0: 23.81, 1: 9.639, 2: 6.098, 3: 8.537, 4: 13.636}","{0: 495.125, 1: 481.5, 2: 482.625, 3: 481.812, 4: 481.5}","{0: 162, 1: 1943, 2: 1982, 3: 2191, 4: 2239, 5: 2383, 6: 2318, 7: 2235, 8: 2341, 9: 2232}","{0: 156, 1: 1732, 2: 1834, 3: 1984, 4: 2049, 5: 2151, 6: 2095, 7: 2014, 8: 2140, 9: 2041}","{0: 13, 1: 1731, 2: 1831, 3: 1984, 4: 2047, 5: 2151, 6: 2092, 7: 2010, 8: 2140, 9: 2041}",90.86187955657645,90.08289224008789
rule_fpga_raft,60c1s5r10p,YCSB_B,rw_zipf_1,concurrent_50,0,30000,302.346,333.3396000001095,390.82705,285.09356553333333,3000.0,"{0: 21.429, 1: 7.407, 2: 15.054, 3: 7.229, 4: 6.098}","{0: 491.938, 1: 470.062, 2: 470.188, 3: 469.812, 4: 469.812}","{0: 0, 1: 0, 2: 0, 3: 0, 4: 0, 5: 0, 6: 0, 7: 0, 8: 0, 9: 0}","{0: 0, 1: 0, 2: 0, 3: 0, 4: 0, 5: 0, 6: 0, 7: 0, 8: 0, 9: 0}","{0: 0, 1: 0, 2: 0, 3: 0, 4: 0, 5: 0, 6: 0, 7: 0, 8: 0, 9: 0}",0,0
rule_fpga_raft,60c1s5r10p,YCSB_B,rw_zipf_1,concurrent_50,100,30000,156.857,302.2787,392.11803,186.4649296,3000.0,"{0: 26.744, 1: 9.639, 2: 8.333, 3: 9.639, 4: 9.524}","{0: 495.938, 1: 482.5, 2: 483.062, 3: 482.0, 4: 482.188}","{0: 3000, 1: 3000, 2: 3000, 3: 3000, 4: 3000, 5: 3000, 6: 3000, 7: 3000, 8: 3000, 9: 3000}","{0: 2568, 1: 2526, 2: 2556, 3: 2588, 4: 2554, 5: 2622, 6: 2610, 7: 2516, 8: 2531, 9: 2538}","{0: 0, 1: 2526, 2: 2549, 3: 2588, 4: 2545, 5: 2622, 6: 2610, 7: 2512, 8: 2531, 9: 2538}",85.36333333333333,76.73666666666666
rule_fpga_raft,60c1s5r10p,YCSB_B,rw_zipf_1,concurrent_50,101,30000,228.135,325.435,393.43514,234.98885676666666,3000.0,"{0: 24.706, 1: 11.765, 2: 7.229, 3: 11.628, 4: 9.639}","{0: 494.562, 1: 479.25, 2: 479.75, 3: 478.812, 4: 479.0}","{0: 161, 1: 1382, 2: 1381, 3: 1340, 4: 1538, 5: 1506, 6: 1377, 7: 1486, 8: 1697, 9: 1503}","{0: 134, 1: 1176, 2: 1179, 3: 1135, 4: 1306, 5: 1275, 6: 1163, 7: 1254, 8: 1427, 9: 1281}","{0: 0, 1: 1175, 2: 1179, 3: 1135, 4: 1306, 5: 1275, 6: 1163, 7: 1254, 8: 1427, 9: 1281}",84.73562186822227,83.72597412310223
rule_copilot,60c1s5r10p,YCSB_A,rw_1000000,concurrent_1,0,600,449.718,481.4937000000012,541.89107,430.50912666666665,60.0,"{0: 3.061, 1: 4.04, 2: 2.02, 3: 1.031, 4: 2.0}","{0: 434.875, 1: 434.5, 2: 432.625, 3: 432.25, 4: 432.188}","{0: 0, 1: 0, 2: 0, 3: 0, 4: 0, 5: 0, 6: 0, 7: 0, 8: 0, 9: 0}","{0: 0, 1: 0, 2: 0, 3: 0, 4: 0, 5: 0, 6: 0, 7: 0, 8: 0, 9: 0}","{0: 0, 1: 0, 2: 0, 3: 0, 4: 0, 5: 0, 6: 0, 7: 0, 8: 0, 9: 0}",0,0
rule_copilot,60c1s5r10p,YCSB_A,rw_1000000,concurrent_10,0,6000,455.145,483.2091000000106,545.84902,436.21653566666663,600.0,"{0: 7.143, 1: 8.163, 2: 4.0, 3: 3.061, 4: 3.03}","{0: 492.312, 1: 491.625, 2: 477.562, 3: 474.062, 4: 474.25}","{0: 0, 1: 0, 2: 0, 3: 0, 4: 0, 5: 0, 6: 0, 7: 0, 8: 0, 9: 0}","{0: 0, 1: 0, 2: 0, 3: 0, 4: 0, 5: 0, 6: 0, 7: 0, 8: 0, 9: 0}","{0: 0, 1: 0, 2: 0, 3: 0, 4: 0, 5: 0, 6: 0, 7: 0, 8: 0, 9: 0}",0,0
rule_copilot,60c1s5r10p,YCSB_A,rw_1000000,concurrent_20,0,12000,450.4715,481.53030000001195,533.46103,433.64023466666663,1200.0,"{0: 14.286, 1: 13.265, 2: 5.051, 3: 5.051, 4: 4.124}","{0: 514.188, 1: 515.062, 2: 490.938, 3: 490.5, 4: 490.625}","{0: 0, 1: 0, 2: 0, 3: 0, 4: 0, 5: 0, 6: 0, 7: 0, 8: 0, 9: 0}","{0: 0, 1: 0, 2: 0, 3: 0, 4: 0, 5: 0, 6: 0, 7: 0, 8: 0, 9: 0}","{0: 0, 1: 0, 2: 0, 3: 0, 4: 0, 5: 0, 6: 0, 7: 0, 8: 0, 9: 0}",0,0
rule_copilot,60c1s5r10p,YCSB_A,rw_1000000,concurrent_30,0,18000,447.9245,478.33780000001457,538.60602,430.3660123888889,1800.0,"{0: 18.367, 1: 20.202, 2: 6.122, 3: 7.071, 4: 7.071}","{0: 525.312, 1: 527.375, 2: 495.0, 3: 494.312, 4: 494.312}","{0: 0, 1: 0, 2: 0, 3: 0, 4: 0, 5: 0, 6: 0, 7: 0, 8: 0, 9: 0}","{0: 0, 1: 0, 2: 0, 3: 0, 4: 0, 5: 0, 6: 0, 7: 0, 8: 0, 9: 0}","{0: 0, 1: 0, 2: 0, 3: 0, 4: 0, 5: 0, 6: 0, 7: 0, 8: 0, 9: 0}",0,0
rule_copilot,60c1s5r10p,YCSB_A,rw_1000000,concurrent_40,0,24000,458.96900000000005,490.40750000010803,548.59208,440.18029745833337,2400.0,"{0: 24.242, 1: 27.835, 2: 8.163, 3: 9.184, 4: 8.163}","{0: 539.25, 1: 539.375, 2: 498.688, 3: 497.188, 4: 497.375}","{0: 0, 1: 0, 2: 0, 3: 0, 4: 0, 5: 0, 6: 0, 7: 0, 8: 0, 9: 0}","{0: 0, 1: 0, 2: 0, 3: 0, 4: 0, 5: 0, 6: 0, 7: 0, 8: 0, 9: 0}","{0: 0, 1: 0, 2: 0, 3: 0, 4: 0, 5: 0, 6: 0, 7: 0, 8: 0, 9: 0}",0,0
rule_copilot,60c1s5r10p,YCSB_A,rw_1000000,concurrent_50,0,30000,466.0665,518.5747000000516,570.6777299999992,450.8227519333334,3000.0,"{0: 32.323, 1: 36.364, 2: 10.101, 3: 9.184, 4: 10.101}","{0: 551.938, 1: 552.5, 2: 502.062, 3: 502.0, 4: 502.688}","{0: 0, 1: 0, 2: 0, 3: 0, 4: 0, 5: 0, 6: 0, 7: 0, 8: 0, 9: 0}","{0: 0, 1: 0, 2: 0, 3: 0, 4: 0, 5: 0, 6: 0, 7: 0, 8: 0, 9: 0}","{0: 0, 1: 0, 2: 0, 3: 0, 4: 0, 5: 0, 6: 0, 7: 0, 8: 0, 9: 0}",0,0
rule_copilot,60c1s5r10p,YCSB_A,rw_1000000,concurrent_60,0,36000,507.0335,571.6945,625.41904,491.9656514166666,3600.0,"{0: 36.634, 1: 41.0, 2: 100.0, 3: 11.111, 4: 11.111}","{0: 652.375, 1: 624.865, 2: 584.82, 3: 508.875, 4: 506.188}","{0: 0, 1: 0, 2: 0, 3: 0, 4: 0, 5: 0, 6: 0, 7: 0, 8: 0, 9: 0}","{0: 0, 1: 0, 2: 0, 3: 0, 4: 0, 5: 0, 6: 0, 7: 0, 8: 0, 9: 0}","{0: 0, 1: 0, 2: 0, 3: 0, 4: 0, 5: 0, 6: 0, 7: 0, 8: 0, 9: 0}",0,0
rule_copilot,60c1s5r10p,YCSB_A,rw_1000000,concurrent_70,0,42000,619.877,732.9498,826.76402,617.7263352142858,4200.0,"{0: 52.0, 1: 55.0, 2: 65.306, 3: 14.0, 4: 15.0}","{0: 663.062, 1: 655.188, 2: 526.75, 3: 511.0, 4: 512.75}","{0: 0, 1: 0, 2: 0, 3: 0, 4: 0, 5: 0, 6: 0, 7: 0, 8: 0, 9: 0}","{0: 0, 1: 0, 2: 0, 3: 0, 4: 0, 5: 0, 6: 0, 7: 0, 8: 0, 9: 0}","{0: 0, 1: 0, 2: 0, 3: 0, 4: 0, 5: 0, 6: 0, 7: 0, 8: 0, 9: 0}",0,0
rule_copilot,60c1s5r10p,YCSB_A,rw_1000000,concurrent_80,0,47400,805.3815,1009.241,1154.1301,798.2365592194094,4740.0,"{0: 61.224, 1: 64.0, 2: 49.0, 3: 17.172, 4: 75.758}","{0: 765.688, 1: 752.438, 2: 520.062, 3: 526.625, 4: 524.562}","{0: 0, 1: 0, 2: 0, 3: 0, 4: 0, 5: 0, 6: 0, 7: 0, 8: 0, 9: 0}","{0: 0, 1: 0, 2: 0, 3: 0, 4: 0, 5: 0, 6: 0, 7: 0, 8: 0, 9: 0}","{0: 0, 1: 0, 2: 0, 3: 0, 4: 0, 5: 0, 6: 0, 7: 0, 8: 0, 9: 0}",0,0
rule_copilot,60c1s5r10p,YCSB_A,rw_1000000,concurrent_100,0,18863,5232.92,17870.8,32700.0,7668.185960875787,1886.3,"{0: 87.0, 1: 93.939, 2: 13.131, 3: 16.327, 4: 20.202}","{0: 1401.812, 1: 1349.801, 2: 584.688, 3: 591.25, 4: 588.062}","{0: 0, 1: 0, 2: 0, 3: 0, 4: 0, 5: 0, 6: 0, 7: 0, 8: 0, 9: 0}","{0: 0, 1: 0, 2: 0, 3: 0, 4: 0, 5: 0, 6: 0, 7: 0, 8: 0, 9: 0}","{0: 0, 1: 0, 2: 0, 3: 0, 4: 0, 5: 0, 6: 0, 7: 0, 8: 0, 9: 0}",0,0
rule_copilot,60c1s5r10p,YCSB_A,rw_1000000,concurrent_1,100,600,159.97449999999998,195.6991000000008,238.15705,165.47769666666667,60.0,"{0: 3.061, 1: 3.093, 2: 2.02, 3: 2.02, 4: 2.041}","{0: 435.375, 1: 435.0, 2: 433.875, 3: 432.938, 4: 433.25}","{0: 60, 1: 60, 2: 60, 3: 60, 4: 60, 5: 60, 6: 60, 7: 60, 8: 60, 9: 60}","{0: 60, 1: 60, 2: 60, 3: 60, 4: 60, 5: 60, 6: 60, 7: 60, 8: 60, 9: 60}","{0: 60, 1: 60, 2: 60, 3: 60, 4: 60, 5: 60, 6: 60, 7: 60, 8: 60, 9: 60}",100.0,100.0
rule_copilot,60c1s5r10p,YCSB_A,rw_1000000,concurrent_10,100,6000,161.02499999999998,227.0461,238.628,165.73123900000002,600.0,"{0: 9.091, 1: 8.163, 2: 4.04, 3: 3.093, 4: 4.04}","{0: 493.125, 1: 492.125, 2: 482.125, 3: 476.688, 4: 478.375}","{0: 600, 1: 600, 2: 600, 3: 600, 4: 600, 5: 600, 6: 600, 7: 600, 8: 600, 9: 600}","{0: 600, 1: 600, 2: 600, 3: 600, 4: 600, 5: 600, 6: 600, 7: 598, 8: 600, 9: 600}","{0: 600, 1: 600, 2: 600, 3: 600, 4: 600, 5: 600, 6: 600, 7: 598, 8: 600, 9: 600}",99.96666666666667,99.96666666666667
rule_copilot,60c1s5r10p,YCSB_A,rw_1000000,concurrent_20,100,12000,167.4265,227.6433,237.88004999999998,166.29328383333333,1200.0,"{0: 14.141, 1: 15.152, 2: 6.122, 3: 6.122, 4: 6.122}","{0: 516.75, 1: 517.188, 2: 499.0, 3: 498.0, 4: 498.25}","{0: 1200, 1: 1200, 2: 1200, 3: 1200, 4: 1200, 5: 1200, 6: 1200, 7: 1200, 8: 1200, 9: 1200}","{0: 1200, 1: 1200, 2: 1198, 3: 1200, 4: 1198, 5: 1200, 6: 1200, 7: 1199, 8: 1197, 9: 1199}","{0: 1200, 1: 1200, 2: 1198, 3: 1200, 4: 1198, 5: 1200, 6: 1200, 7: 1199, 8: 1197, 9: 1199}",99.925,99.925
rule_copilot,60c1s5r10p,YCSB_A,rw_1000000,concurrent_30,100,18000,167.69400000000002,227.30030000000002,238.11001000000002,166.420351,1800.0,"{0: 20.408, 1: 22.222, 2: 7.143, 3: 8.0, 4: 8.163}","{0: 527.5, 1: 529.0, 2: 520.062, 3: 515.0, 4: 517.0}","{0: 1800, 1: 1800, 2: 1800, 3: 1800, 4: 1800, 5: 1800, 6: 1800, 7: 1800, 8: 1800, 9: 1800}","{0: 1800, 1: 1799, 2: 1796, 3: 1799, 4: 1800, 5: 1798, 6: 1799, 7: 1800, 8: 1798, 9: 1798}","{0: 1800, 1: 1799, 2: 1796, 3: 1799, 4: 1800, 5: 1798, 6: 1799, 7: 1800, 8: 1798, 9: 1798}",99.92777777777778,99.92777777777778
rule_copilot,60c1s5r10p,YCSB_A,rw_1000000,concurrent_40,100,24000,168.167,227.4961,229.72102999999998,166.71196158333333,2400.0,"{0: 26.0, 1: 31.0, 2: 9.0, 3: 10.204, 4: 10.204}","{0: 539.938, 1: 541.25, 2: 515.438, 3: 514.75, 4: 514.688}","{0: 2400, 1: 2400, 2: 2400, 3: 2400, 4: 2400, 5: 2400, 6: 2400, 7: 2400, 8: 2400, 9: 2400}","{0: 2397, 1: 2398, 2: 2395, 3: 2399, 4: 2397, 5: 2400, 6: 2398, 7: 2398, 8: 2398, 9: 2398}","{0: 2397, 1: 2398, 2: 2395, 3: 2399, 4: 2397, 5: 2400, 6: 2398, 7: 2398, 8: 2398, 9: 2398}",99.90833333333333,99.90833333333333
rule_copilot,60c1s5r10p,YCSB_A,rw_1000000,concurrent_50,100,30000,168.8435,234.39370000000002,345.57629999999995,175.85537783333334,3000.0,"{0: 34.021, 1: 37.374, 2: 11.224, 3: 12.121, 4: 10.309}","{0: 554.375, 1: 557.438, 2: 521.625, 3: 517.875, 4: 519.438}","{0: 3000, 1: 3000, 2: 3000, 3: 3000, 4: 3000, 5: 3000, 6: 3000, 7: 3000, 8: 3000, 9: 3000}","{0: 2987, 1: 2989, 2: 2995, 3: 2990, 4: 2993, 5: 2995, 6: 2996, 7: 2991, 8: 2992, 9: 2992}","{0: 2987, 1: 2989, 2: 2995, 3: 2990, 4: 2993, 5: 2995, 6: 2996, 7: 2991, 8: 2992, 9: 2992}",99.73333333333333,99.73333333333333
rule_copilot,60c1s5r10p,YCSB_A,rw_1000000,concurrent_60,100,36000,170.317,303.718,461.01601,194.99764875,3600.0,"{0: 41.837, 1: 45.455, 2: 86.869, 3: 13.131, 4: 13.131}","{0: 599.562, 1: 591.812, 2: 551.875, 3: 527.062, 4: 528.062}","{0: 3600, 1: 3600, 2: 3600, 3: 3600, 4: 3600, 5: 3600, 6: 3600, 7: 3600, 8: 3600, 9: 3600}","{0: 3590, 1: 3590, 2: 3584, 3: 3596, 4: 3591, 5: 3592, 6: 3593, 7: 3591, 8: 3590, 9: 3593}","{0: 3590, 1: 3590, 2: 3584, 3: 3596, 4: 3591, 5: 3592, 6: 3593, 7: 3591, 8: 3590, 9: 3593}",99.75,99.75
rule_copilot,60c1s5r10p,YCSB_A,rw_1000000,concurrent_70,100,42000,173.8605,326.8976,464.39809,211.22339938095237,4200.0,"{0: 51.0, 1: 56.122, 2: 68.0, 3: 14.433, 4: 16.0}","{0: 663.0, 1: 653.5, 2: 557.25, 3: 534.5, 4: 535.5}","{0: 4200, 1: 4200, 2: 4200, 3: 4200, 4: 4200, 5: 4200, 6: 4200, 7: 4200, 8: 4200, 9: 4200}","{0: 4185, 1: 4184, 2: 4185, 3: 4188, 4: 4190, 5: 4191, 6: 4186, 7: 4185, 8: 4190, 9: 4183}","{0: 4185, 1: 4184, 2: 4185, 3: 4188, 4: 4190, 5: 4191, 6: 4186, 7: 4185, 8: 4190, 9: 4183}",99.68333333333334,99.68333333333334
rule_copilot,60c1s5r10p,YCSB_A,rw_1000000,concurrent_80,100,47999,219.913,388.0248,584.64318,252.42082074626555,4799.9,"{0: 71.0, 1: 79.0, 2: 49.495, 3: 19.802, 4: 65.347}","{0: 789.5, 1: 772.25, 2: 553.875, 3: 549.812, 4: 553.375}","{0: 4800, 1: 4799, 2: 4800, 3: 4800, 4: 4800, 5: 4800, 6: 4800, 7: 4800, 8: 4800, 9: 4800}","{0: 4771, 1: 4762, 2: 4768, 3: 4763, 4: 4767, 5: 4779, 6: 4766, 7: 4767, 8: 4775, 9: 4776}","{0: 4767, 1: 4760, 2: 4768, 3: 4762, 4: 4767, 5: 4779, 6: 4766, 7: 4767, 8: 4775, 9: 4776}",99.36457009521031,99.3499864580512
rule_copilot,60c1s5r10p,YCSB_A,rw_1000000,concurrent_100,100,57217,308.289,630.7252,4694.759199999999,494.66377705926567,5721.7,"{0: 89.899, 1: 91.0, 2: 12.245, 3: 22.449, 4: 21.429}","{0: 1201.0, 1: 1190.688, 2: 589.25, 3: 603.438, 4: 598.188}","{0: 5579, 1: 5662, 2: 5387, 3: 5675, 4: 5606, 5: 5944, 6: 5839, 7: 5871, 8: 5969, 9: 5978}","{0: 5403, 1: 5494, 2: 5219, 3: 5505, 4: 5449, 5: 5855, 6: 5720, 7: 5763, 8: 5875, 9: 5900}","{0: 5403, 1: 5494, 2: 5219, 3: 5505, 4: 5449, 5: 5855, 6: 5720, 7: 5763, 8: 5875, 9: 5900}",97.69257520431229,97.69257520431229
rule_copilot,60c1s5r10p,YCSB_A,rw_1000000,concurrent_1,101,600,160.94400000000002,196.94510000000076,237.47415999999998,165.64998,60.0,"{0: 3.061, 1: 4.04, 2: 2.02, 3: 2.041, 4: 2.02}","{0: 435.25, 1: 435.125, 2: 433.75, 3: 433.25, 4: 433.375}","{0: 60, 1: 60, 2: 60, 3: 60, 4: 60, 5: 60, 6: 60, 7: 60, 8: 60, 9: 60}","{0: 60, 1: 60, 2: 60, 3: 60, 4: 60, 5: 60, 6: 60, 7: 60, 8: 60, 9: 60}","{0: 60, 1: 60, 2: 60, 3: 60, 4: 60, 5: 60, 6: 60, 7: 60, 8: 60, 9: 60}",100.0,100.0
rule_copilot,60c1s5r10p,YCSB_A,rw_1000000,concurrent_10,101,6000,161.46800000000002,226.9941,238.578,165.378248,600.0,"{0: 7.071, 1: 9.091, 2: 4.082, 3: 4.04, 4: 4.04}","{0: 493.5, 1: 492.188, 2: 482.188, 3: 478.688, 4: 478.875}","{0: 600, 1: 600, 2: 600, 3: 600, 4: 600, 5: 600, 6: 600, 7: 600, 8: 600, 9: 600}","{0: 599, 1: 600, 2: 600, 3: 600, 4: 600, 5: 600, 6: 600, 7: 600, 8: 600, 9: 600}","{0: 599, 1: 600, 2: 600, 3: 600, 4: 600, 5: 600, 6: 600, 7: 600, 8: 600, 9: 600}",99.98333333333333,99.98333333333333
rule_copilot,60c1s5r10p,YCSB_A,rw_1000000,concurrent_20,101,12000,167.392,227.57360000000003,245.34801000000002,165.90242025,1200.0,"{0: 14.433, 1: 14.286, 2: 6.122, 3: 6.061, 4: 6.186}","{0: 516.188, 1: 517.125, 2: 499.375, 3: 498.25, 4: 498.875}","{0: 1200, 1: 1200, 2: 1200, 3: 1200, 4: 1200, 5: 1200, 6: 1200, 7: 1200, 8: 1200, 9: 1200}","{0: 1200, 1: 1199, 2: 1200, 3: 1199, 4: 1200, 5: 1200, 6: 1199, 7: 1200, 8: 1199, 9: 1200}","{0: 1200, 1: 1199, 2: 1200, 3: 1199, 4: 1200, 5: 1200, 6: 1199, 7: 1200, 8: 1199, 9: 1200}",99.96666666666667,99.96666666666667
rule_copilot,60c1s5r10p,YCSB_A,rw_1000000,concurrent_30,101,18000,167.9865,227.55849999999998,238.13702,166.76435755555556,1800.0,"{0: 21.212, 1: 20.833, 2: 8.081, 3: 7.143, 4: 8.081}","{0: 527.062, 1: 528.0, 2: 507.562, 3: 505.062, 4: 506.25}","{0: 1800, 1: 1800, 2: 1800, 3: 1800, 4: 1800, 5: 1800, 6: 1800, 7: 1800, 8: 1800, 9: 1800}","{0: 1800, 1: 1796, 2: 1797, 3: 1797, 4: 1798, 5: 1798, 6: 1799, 7: 1798, 8: 1797, 9: 1799}","{0: 1800, 1: 1796, 2: 1797, 3: 1797, 4: 1798, 5: 1798, 6: 1799, 7: 1798, 8: 1797, 9: 1799}",99.88333333333334,99.88333333333334
rule_copilot,60c1s5r10p,YCSB_A,rw_1000000,concurrent_40,101,24000,168.043,227.14860000000002,238.34401,167.40725529166667,2400.0,"{0: 25.773, 1: 29.293, 2: 8.163, 3: 10.204, 4: 11.0}","{0: 541.812, 1: 544.062, 2: 514.688, 3: 514.438, 4: 515.125}","{0: 2400, 1: 2400, 2: 2400, 3: 2400, 4: 2400, 5: 2400, 6: 2400, 7: 2400, 8: 2400, 9: 2400}","{0: 2399, 1: 2397, 2: 2396, 3: 2396, 4: 2395, 5: 2399, 6: 2396, 7: 2397, 8: 2397, 9: 2397}","{0: 2399, 1: 2397, 2: 2396, 3: 2396, 4: 2395, 5: 2399, 6: 2396, 7: 2397, 8: 2397, 9: 2397}",99.87083333333334,99.87083333333334
rule_copilot,60c1s5r10p,YCSB_A,rw_1000000,concurrent_50,101,30000,169.19650000000001,229.364,346.3828299999999,176.56138236666666,3000.0,"{0: 32.323, 1: 36.735, 2: 11.224, 3: 13.0, 4: 11.224}","{0: 554.5, 1: 555.188, 2: 523.625, 3: 520.812, 4: 521.688}","{0: 3000, 1: 3000, 2: 3000, 3: 3000, 4: 3000, 5: 3000, 6: 3000, 7: 3000, 8: 3000, 9: 3000}","{0: 2990, 1: 2990, 2: 2993, 3: 2994, 4: 2994, 5: 2990, 6: 2996, 7: 2992, 8: 2995, 9: 2992}","{0: 2990, 1: 2990, 2: 2993, 3: 2994, 4: 2994, 5: 2990, 6: 2996, 7: 2992, 8: 2995, 9: 2992}",99.75333333333333,99.75333333333333
rule_copilot,60c1s5r10p,YCSB_A,rw_1000000,concurrent_60,101,36000,172.84449999999998,306.95120000000003,473.63723000000005,199.62176963888888,3600.0,"{0: 43.0, 1: 48.485, 2: 48.0, 3: 14.0, 4: 13.131}","{0: 591.184, 1: 588.438, 2: 545.0, 3: 526.812, 4: 526.875}","{0: 3194, 1: 3600, 2: 3600, 3: 3600, 4: 3600, 5: 3600, 6: 3600, 7: 3600, 8: 3600, 9: 3600}","{0: 3186, 1: 3593, 2: 3596, 3: 3587, 4: 3593, 5: 3588, 6: 3589, 7: 3591, 8: 3593, 9: 3591}","{0: 3186, 1: 3593, 2: 3596, 3: 3587, 4: 3593, 5: 3588, 6: 3589, 7: 3591, 8: 3593, 9: 3591}",99.75557678260381,99.75557678260381
rule_copilot,60c1s5r10p,YCSB_A,rw_1000000,concurrent_70,101,42000,172.753,324.8299,475.24707,210.07837802380953,4200.0,"{0: 51.02, 1: 56.566, 2: 38.0, 3: 15.306, 4: 16.327}","{0: 643.062, 1: 634.812, 2: 545.562, 3: 533.875, 4: 535.812}","{0: 4200, 1: 4200, 2: 4200, 3: 4200, 4: 4200, 5: 4200, 6: 4200, 7: 4200, 8: 4200, 9: 4200}","{0: 4186, 1: 4183, 2: 4183, 3: 4183, 4: 4186, 5: 4183, 6: 4183, 7: 4176, 8: 4189, 9: 4183}","{0: 4186, 1: 4183, 2: 4183, 3: 4183, 4: 4186, 5: 4183, 6: 4183, 7: 4176, 8: 4189, 9: 4183}",99.60714285714286,99.60714285714286
rule_copilot,60c1s5r10p,YCSB_A,rw_1000000,concurrent_80,101,48000,228.05450000000002,363.4592,524.0202000000023,250.24368152083332,4800.0,"{0: 59.0, 1: 58.586, 2: 58.586, 3: 18.182, 4: 88.0}","{0: 732.812, 1: 739.25, 2: 553.625, 3: 546.562, 4: 557.75}","{0: 4766, 1: 4788, 2: 4789, 3: 4796, 4: 4798, 5: 4800, 6: 4800, 7: 4800, 8: 4800, 9: 4800}","{0: 4737, 1: 4753, 2: 4755, 3: 4773, 4: 4767, 5: 4782, 6: 4779, 7: 4773, 8: 4782, 9: 4776}","{0: 4694, 1: 4747, 2: 4750, 3: 4772, 4: 4765, 5: 4782, 6: 4779, 7: 4773, 8: 4782, 9: 4776}",99.45762146150156,99.33871539729228
rule_copilot,60c1s5r10p,YCSB_A,rw_1000000,concurrent_100,101,37767,400.888,3534.8540000000003,6276.5534,1094.0512576852807,3776.7,"{0: 100.0, 1: 100.0, 2: 7.071, 3: 13.265, 4: 10.204}","{0: 1516.312, 1: 1603.402, 2: 613.438, 3: 618.25, 4: 620.0}","{0: 3186, 1: 3686, 2: 2736, 3: 4094, 4: 2843, 5: 4438, 6: 3639, 7: 3954, 8: 5190, 9: 4855}","{0: 3049, 1: 3529, 2: 2541, 3: 3934, 4: 2734, 5: 4288, 6: 3543, 7: 3858, 8: 5108, 9: 4792}","{0: 3049, 1: 3529, 2: 2541, 3: 3934, 4: 2734, 5: 4288, 6: 3543, 7: 3858, 8: 5108, 9: 4792}",96.77636518992259,96.77636518992259
rule_copilot,60c1s5r10p,YCSB_A,rw_zipf_1,concurrent_1,0,600,449.4615,480.90400000000125,547.2148099999999,432.36069333333336,60.0,"{0: 3.061, 1: 3.061, 2: 1.02, 3: 2.02, 4: 1.02}","{0: 450.25, 1: 449.938, 2: 448.25, 3: 447.5, 4: 447.5}","{0: 0, 1: 0, 2: 0, 3: 0, 4: 0, 5: 0, 6: 0, 7: 0, 8: 0, 9: 0}","{0: 0, 1: 0, 2: 0, 3: 0, 4: 0, 5: 0, 6: 0, 7: 0, 8: 0, 9: 0}","{0: 0, 1: 0, 2: 0, 3: 0, 4: 0, 5: 0, 6: 0, 7: 0, 8: 0, 9: 0}",0,0
rule_copilot,60c1s5r10p,YCSB_A,rw_zipf_1,concurrent_10,0,6000,448.3115,481.79880000001833,536.09303,432.96022999999997,600.0,"{0: 7.143, 1: 7.216, 2: 3.061, 3: 2.062, 4: 3.03}","{0: 505.438, 1: 505.062, 2: 490.5, 3: 486.75, 4: 486.0}","{0: 0, 1: 0, 2: 0, 3: 0, 4: 0, 5: 0, 6: 0, 7: 0, 8: 0, 9: 0}","{0: 0, 1: 0, 2: 0, 3: 0, 4: 0, 5: 0, 6: 0, 7: 0, 8: 0, 9: 0}","{0: 0, 1: 0, 2: 0, 3: 0, 4: 0, 5: 0, 6: 0, 7: 0, 8: 0, 9: 0}",0,0
rule_copilot,60c1s5r10p,YCSB_A,rw_zipf_1,concurrent_20,0,12000,452.5145,479.9612000000122,545.26542,434.68443741666664,1200.0,"{0: 13.131, 1: 12.371, 2: 4.124, 3: 4.082, 4: 5.102}","{0: 524.438, 1: 526.375, 2: 504.25, 3: 504.188, 4: 504.25}","{0: 0, 1: 0, 2: 0, 3: 0, 4: 0, 5: 0, 6: 0, 7: 0, 8: 0, 9: 0}","{0: 0, 1: 0, 2: 0, 3: 0, 4: 0, 5: 0, 6: 0, 7: 0, 8: 0, 9: 0}","{0: 0, 1: 0, 2: 0, 3: 0, 4: 0, 5: 0, 6: 0, 7: 0, 8: 0, 9: 0}",0,0
rule_copilot,60c1s5r10p,YCSB_A,rw_zipf_1,concurrent_30,0,18000,446.7735,476.3778000000123,537.41305,429.2887595,1800.0,"{0: 19.192, 1: 19.588, 2: 6.122, 3: 7.0, 4: 6.122}","{0: 533.188, 1: 534.938, 2: 511.938, 3: 511.812, 4: 511.688}","{0: 0, 1: 0, 2: 0, 3: 0, 4: 0, 5: 0, 6: 0, 7: 0, 8: 0, 9: 0}","{0: 0, 1: 0, 2: 0, 3: 0, 4: 0, 5: 0, 6: 0, 7: 0, 8: 0, 9: 0}","{0: 0, 1: 0, 2: 0, 3: 0, 4: 0, 5: 0, 6: 0, 7: 0, 8: 0, 9: 0}",0,0
rule_copilot,60c1s5r10p,YCSB_A,rw_zipf_1,concurrent_40,0,24000,456.48900000000003,489.3683000001091,543.27806,439.25802304166666,2400.0,"{0: 27.0, 1: 28.0, 2: 7.071, 3: 8.247, 4: 8.081}","{0: 543.062, 1: 544.75, 2: 509.312, 3: 509.312, 4: 509.5}","{0: 0, 1: 0, 2: 0, 3: 0, 4: 0, 5: 0, 6: 0, 7: 0, 8: 0, 9: 0}","{0: 0, 1: 0, 2: 0, 3: 0, 4: 0, 5: 0, 6: 0, 7: 0, 8: 0, 9: 0}","{0: 0, 1: 0, 2: 0, 3: 0, 4: 0, 5: 0, 6: 0, 7: 0, 8: 0, 9: 0}",0,0
rule_copilot,60c1s5r10p,YCSB_A,rw_zipf_1,concurrent_50,0,30000,468.491,513.6019000000589,564.8138899999999,452.27759199999997,3000.0,"{0: 30.612, 1: 35.354, 2: 9.091, 3: 10.101, 4: 9.091}","{0: 554.559, 1: 554.125, 2: 513.062, 3: 513.125, 4: 513.062}","{0: 0, 1: 0, 2: 0, 3: 0, 4: 0, 5: 0, 6: 0, 7: 0, 8: 0, 9: 0}","{0: 0, 1: 0, 2: 0, 3: 0, 4: 0, 5: 0, 6: 0, 7: 0, 8: 0, 9: 0}","{0: 0, 1: 0, 2: 0, 3: 0, 4: 0, 5: 0, 6: 0, 7: 0, 8: 0, 9: 0}",0,0
rule_copilot,60c1s5r10p,YCSB_A,rw_zipf_1,concurrent_60,0,36000,529.2895000000001,612.6994,677.99003,525.2634066666667,3600.0,"{0: 38.384, 1: 41.414, 2: 32.673, 3: 11.0, 4: 10.204}","{0: 584.0, 1: 580.75, 2: 525.938, 3: 516.375, 4: 517.625}","{0: 0, 1: 0, 2: 0, 3: 0, 4: 0, 5: 0, 6: 0, 7: 0, 8: 0, 9: 0}","{0: 0, 1: 0, 2: 0, 3: 0, 4: 0, 5: 0, 6: 0, 7: 0, 8: 0, 9: 0}","{0: 0, 1: 0, 2: 0, 3: 0, 4: 0, 5: 0, 6: 0, 7: 0, 8: 0, 9: 0}",0,0
rule_copilot,60c1s5r10p,YCSB_A,rw_zipf_1,concurrent_70,0,42000,594.045,672.9435,747.49106,585.5870614047619,4200.0,"{0: 48.485, 1: 54.082, 2: 93.939, 3: 12.121, 4: 13.861}","{0: 662.562, 1: 652.688, 2: 543.809, 3: 519.812, 4: 519.688}","{0: 0, 1: 0, 2: 0, 3: 0, 4: 0, 5: 0, 6: 0, 7: 0, 8: 0, 9: 0}","{0: 0, 1: 0, 2: 0, 3: 0, 4: 0, 5: 0, 6: 0, 7: 0, 8: 0, 9: 0}","{0: 0, 1: 0, 2: 0, 3: 0, 4: 0, 5: 0, 6: 0, 7: 0, 8: 0, 9: 0}",0,0
rule_copilot,60c1s5r10p,YCSB_A,rw_zipf_1,concurrent_80,0,46646,760.894,990.0630000000001,1313.1855,778.3121498520773,4664.6,"{0: 66.667, 1: 76.471, 2: 11.111, 3: 16.327, 4: 52.525}","{0: 749.312, 1: 736.562, 2: 527.562, 3: 524.875, 4: 528.375}","{0: 0, 1: 0, 2: 0, 3: 0, 4: 0, 5: 0, 6: 0, 7: 0, 8: 0, 9: 0}","{0: 0, 1: 0, 2: 0, 3: 0, 4: 0, 5: 0, 6: 0, 7: 0, 8: 0, 9: 0}","{0: 0, 1: 0, 2: 0, 3: 0, 4: 0, 5: 0, 6: 0, 7: 0, 8: 0, 9: 0}",0,0
rule_copilot,60c1s5r10p,YCSB_A,rw_zipf_1,concurrent_100,0,10949,2454.34,11483.9,21463.1,5146.296772673303,1094.9,"{0: 100.0, 1: 100.0, 2: 6.061, 3: 5.051, 4: 7.0}","{0: 1599.092, 1: 1536.312, 2: 604.188, 3: 609.625, 4: 603.246}","{0: 0, 1: 0, 2: 0, 3: 0, 4: 0, 5: 0, 6: 0, 7: 0, 8: 0, 9: 0}","{0: 0, 1: 0, 2: 0, 3: 0, 4: 0, 5: 0, 6: 0, 7: 0, 8: 0, 9: 0}","{0: 0, 1: 0, 2: 0, 3: 0, 4: 0, 5: 0, 6: 0, 7: 0, 8: 0, 9: 0}",0,0
rule_copilot,60c1s5r10p,YCSB_A,rw_zipf_1,concurrent_1,100,600,168.0725,306.8802,535.13765,194.70970333333332,60.0,"{0: 3.061, 1: 3.061, 2: 1.031, 3: 2.02, 4: 2.041}","{0: 450.75, 1: 450.375, 2: 449.0, 3: 448.5, 4: 448.625}","{0: 60, 1: 60, 2: 60, 3: 60, 4: 60, 5: 60, 6: 60, 7: 60, 8: 60, 9: 60}","{0: 50, 1: 53, 2: 47, 3: 55, 4: 55, 5: 56, 6: 52, 7: 55, 8: 57, 9: 53}","{0: 50, 1: 53, 2: 47, 3: 55, 4: 55, 5: 56, 6: 52, 7: 55, 8: 57, 9: 53}",88.83333333333333,88.83333333333333
rule_copilot,60c1s5r10p,YCSB_A,rw_zipf_1,concurrent_10,100,6000,172.408,460.3636,535.75805,241.13924749999998,600.0,"{0: 7.216, 1: 7.216, 2: 4.04, 3: 4.04, 4: 4.082}","{0: 505.688, 1: 504.875, 2: 494.125, 3: 490.75, 4: 490.75}","{0: 600, 1: 600, 2: 600, 3: 600, 4: 600, 5: 600, 6: 600, 7: 600, 8: 600, 9: 600}","{0: 426, 1: 431, 2: 419, 3: 449, 4: 430, 5: 440, 6: 412, 7: 430, 8: 444, 9: 440}","{0: 426, 1: 431, 2: 419, 3: 449, 4: 430, 5: 440, 6: 412, 7: 430, 8: 444, 9: 440}",72.01666666666667,72.01666666666667
rule_copilot,60c1s5r10p,YCSB_A,rw_zipf_1,concurrent_20,100,12000,171.958,454.4261,533.3190199999999,247.12718583333333,1200.0,"{0: 14.286, 1: 14.433, 2: 7.0, 3: 6.122, 4: 6.061}","{0: 526.375, 1: 527.812, 2: 510.562, 3: 509.875, 4: 510.5}","{0: 1200, 1: 1200, 2: 1200, 3: 1200, 4: 1200, 5: 1200, 6: 1200, 7: 1200, 8: 1200, 9: 1200}","{0: 817, 1: 828, 2: 838, 3: 826, 4: 861, 5: 826, 6: 835, 7: 825, 8: 820, 9: 833}","{0: 817, 1: 828, 2: 838, 3: 826, 4: 861, 5: 826, 6: 835, 7: 825, 8: 820, 9: 833}",69.24166666666666,69.24166666666666
rule_copilot,60c1s5r10p,YCSB_A,rw_zipf_1,concurrent_30,100,18000,173.385,458.7954,532.761,253.4650328333334,1800.0,"{0: 18.557, 1: 20.833, 2: 7.0, 3: 7.143, 4: 7.071}","{0: 535.688, 1: 537.0, 2: 521.5, 3: 521.5, 4: 521.312}","{0: 1800, 1: 1800, 2: 1800, 3: 1800, 4: 1800, 5: 1800, 6: 1800, 7: 1800, 8: 1800, 9: 1800}","{0: 1193, 1: 1170, 2: 1211, 3: 1195, 4: 1209, 5: 1251, 6: 1212, 7: 1224, 8: 1213, 9: 1231}","{0: 1193, 1: 1170, 2: 1211, 3: 1195, 4: 1209, 5: 1251, 6: 1212, 7: 1224, 8: 1213, 9: 1231}",67.27222222222223,67.27222222222223
rule_copilot,60c1s5r10p,YCSB_A,rw_zipf_1,concurrent_40,100,24000,188.8005,475.92,540.02815,269.0808665416667,2400.0,"{0: 27.273, 1: 29.293, 2: 8.0, 3: 9.091, 4: 10.101}","{0: 546.625, 1: 547.438, 2: 519.688, 3: 518.812, 4: 518.938}","{0: 2400, 1: 2400, 2: 2400, 3: 2400, 4: 2400, 5: 2400, 6: 2400, 7: 2400, 8: 2400, 9: 2400}","{0: 1479, 1: 1503, 2: 1499, 3: 1502, 4: 1477, 5: 1521, 6: 1490, 7: 1493, 8: 1509, 9: 1540}","{0: 1479, 1: 1503, 2: 1499, 3: 1502, 4: 1477, 5: 1521, 6: 1490, 7: 1493, 8: 1509, 9: 1540}",62.55416666666667,62.55416666666667
rule_copilot,60c1s5r10p,YCSB_A,rw_zipf_1,concurrent_50,100,30000,189.88850000000002,479.2697,592.24508,283.51469876666664,3000.0,"{0: 32.653, 1: 35.714, 2: 9.184, 3: 11.224, 4: 10.204}","{0: 558.375, 1: 560.0, 2: 523.062, 3: 522.688, 4: 523.25}","{0: 3000, 1: 3000, 2: 3000, 3: 3000, 4: 3000, 5: 3000, 6: 3000, 7: 3000, 8: 3000, 9: 3000}","{0: 1718, 1: 1810, 2: 1811, 3: 1820, 4: 1791, 5: 1795, 6: 1813, 7: 1777, 8: 1780, 9: 1841}","{0: 1718, 1: 1810, 2: 1811, 3: 1820, 4: 1791, 5: 1795, 6: 1813, 7: 1777, 8: 1780, 9: 1841}",59.85333333333333,59.85333333333333
rule_copilot,60c1s5r10p,YCSB_A,rw_zipf_1,concurrent_60,100,36000,293.51099999999997,586.2769000000002,717.9583200000001,335.6774353888889,3600.0,"{0: 39.796, 1: 43.0, 2: 81.633, 3: 12.245, 4: 13.131}","{0: 601.188, 1: 595.312, 2: 545.562, 3: 527.25, 4: 527.188}","{0: 3600, 1: 3600, 2: 3600, 3: 3600, 4: 3600, 5: 3600, 6: 3600, 7: 3600, 8: 3600, 9: 3600}","{0: 2077, 1: 2035, 2: 2013, 3: 2090, 4: 2039, 5: 2078, 6: 2037, 7: 2018, 8: 2071, 9: 2055}","{0: 2070, 1: 2031, 2: 2013, 3: 2090, 4: 2039, 5: 2078, 6: 2037, 7: 2018, 8: 2071, 9: 2055}",56.980555555555554,56.95
rule_copilot,60c1s5r10p,YCSB_A,rw_zipf_1,concurrent_70,100,42000,314.8855,701.3308,841.5046700000012,388.2902247380953,4200.0,"{0: 50.515, 1: 58.586, 2: 40.404, 3: 14.286, 4: 14.286}","{0: 661.375, 1: 656.625, 2: 541.812, 3: 536.062, 4: 534.875}","{0: 4200, 1: 4200, 2: 4200, 3: 4200, 4: 4200, 5: 4200, 6: 4200, 7: 4200, 8: 4200, 9: 4200}","{0: 2421, 1: 2377, 2: 2336, 3: 2416, 4: 2352, 5: 2357, 6: 2337, 7: 2411, 8: 2440, 9: 2448}","{0: 2421, 1: 2377, 2: 2336, 3: 2416, 4: 2352, 5: 2357, 6: 2337, 7: 2411, 8: 2440, 9: 2448}",56.892857142857146,56.892857142857146
rule_copilot,60c1s5r10p,YCSB_A,rw_zipf_1,concurrent_80,100,39541,688.968,3067.78,25615.159999999967,1705.1139781998434,3954.1,"{0: 83.673, 1: 86.869, 2: 23.0, 3: 14.433, 4: 21.429}","{0: 809.234, 1: 824.125, 2: 549.5, 3: 549.188, 4: 561.375}","{0: 3616, 1: 3627, 2: 3398, 3: 3583, 4: 3474, 5: 4512, 6: 4186, 7: 4097, 8: 4576, 9: 4472}","{0: 1765, 1: 1819, 2: 1606, 3: 1757, 4: 1690, 5: 2403, 6: 2115, 7: 2056, 8: 2429, 9: 2321}","{0: 1765, 1: 1819, 2: 1606, 3: 1757, 4: 1690, 5: 2403, 6: 2115, 7: 2056, 8: 2429, 9: 2321}",50.48177840722288,50.48177840722288
rule_copilot,60c1s5r10p,YCSB_A,rw_zipf_1,concurrent_100,100,25731,1058.95,11279.7,15834.2,2865.356566243053,2573.1,"{0: 90.0, 1: 90.0, 2: 17.0, 3: 30.612, 4: 30.303}","{0: 1271.312, 1: 1250.625, 2: 598.688, 3: 598.375, 4: 605.0}","{0: 2453, 1: 2497, 2: 2490, 3: 2763, 4: 2576, 5: 3969, 6: 3255, 7: 3269, 8: 4095, 9: 4045}","{0: 968, 1: 933, 2: 952, 3: 1124, 4: 990, 5: 1864, 6: 1397, 7: 1418, 8: 1913, 9: 1941}","{0: 968, 1: 933, 2: 952, 3: 1124, 4: 990, 5: 1864, 6: 1397, 7: 1418, 8: 1913, 9: 1941}",42.97720616324971,42.97720616324971
rule_copilot,60c1s5r10p,YCSB_A,rw_zipf_1,concurrent_1,101,600,167.89049999999997,319.9683,515.22871,195.96123999999998,60.0,"{0: 4.04, 1: 3.061, 2: 2.041, 3: 2.02, 4: 2.041}","{0: 450.75, 1: 450.375, 2: 449.125, 3: 448.375, 4: 448.625}","{0: 60, 1: 60, 2: 60, 3: 60, 4: 60, 5: 60, 6: 60, 7: 60, 8: 60, 9: 60}","{0: 52, 1: 53, 2: 52, 3: 50, 4: 54, 5: 49, 6: 56, 7: 56, 8: 51, 9: 57}","{0: 52, 1: 53, 2: 52, 3: 50, 4: 54, 5: 49, 6: 56, 7: 56, 8: 51, 9: 57}",88.33333333333333,88.33333333333333
rule_copilot,60c1s5r10p,YCSB_A,rw_zipf_1,concurrent_10,101,6000,298.2215,467.1391,529.9010999999999,300.69343250000003,600.0,"{0: 7.216, 1: 7.216, 2: 3.061, 3: 3.093, 4: 4.04}","{0: 506.125, 1: 505.125, 2: 495.875, 3: 491.375, 4: 491.5}","{0: 350, 1: 342, 2: 346, 3: 347, 4: 402, 5: 401, 6: 386, 7: 405, 8: 416, 9: 423}","{0: 273, 1: 253, 2: 278, 3: 257, 4: 299, 5: 296, 6: 283, 7: 309, 8: 310, 9: 320}","{0: 273, 1: 253, 2: 278, 3: 257, 4: 299, 5: 296, 6: 283, 7: 309, 8: 310, 9: 320}",75.37977998952331,75.37977998952331
rule_copilot,60c1s5r10p,YCSB_A,rw_zipf_1,concurrent_20,101,12000,436.998,477.8201,540.64009,371.5721208333334,1200.0,"{0: 14.286, 1: 13.402, 2: 6.061, 3: 6.061, 4: 6.122}","{0: 526.875, 1: 527.75, 2: 509.0, 3: 508.375, 4: 508.312}","{0: 319, 1: 346, 2: 477, 3: 433, 4: 338, 5: 406, 6: 460, 7: 433, 8: 438, 9: 435}","{0: 223, 1: 232, 2: 327, 3: 297, 4: 222, 5: 274, 6: 320, 7: 313, 8: 292, 9: 286}","{0: 223, 1: 232, 2: 327, 3: 297, 4: 222, 5: 274, 6: 320, 7: 313, 8: 292, 9: 286}",68.20073439412485,68.20073439412485
rule_copilot,60c1s5r10p,YCSB_A,rw_zipf_1,concurrent_30,101,18000,445.6535,471.73060000000004,536.96402,398.18099144444443,1800.0,"{0: 18.367, 1: 21.212, 2: 6.122, 3: 7.143, 4: 7.143}","{0: 535.812, 1: 537.875, 2: 511.875, 3: 511.625, 4: 511.562}","{0: 274, 1: 267, 2: 299, 3: 308, 4: 281, 5: 374, 6: 398, 7: 340, 8: 350, 9: 310}","{0: 182, 1: 183, 2: 209, 3: 218, 4: 191, 5: 239, 6: 299, 7: 240, 8: 237, 9: 208}","{0: 182, 1: 183, 2: 209, 3: 218, 4: 191, 5: 239, 6: 299, 7: 240, 8: 237, 9: 208}",68.91596376132459,68.91596376132459
rule_copilot,60c1s5r10p,YCSB_A,rw_zipf_1,concurrent_40,101,24000,449.935,478.34340000000003,537.60902,413.8726155,2400.0,"{0: 25.51, 1: 27.273, 2: 7.071, 3: 8.247, 4: 8.163}","{0: 544.5, 1: 546.812, 2: 515.062, 3: 514.75, 4: 514.812}","{0: 256, 1: 256, 2: 281, 3: 279, 4: 261, 5: 278, 6: 321, 7: 245, 8: 293, 9: 313}","{0: 151, 1: 162, 2: 186, 3: 176, 4: 178, 5: 175, 6: 204, 7: 145, 8: 187, 9: 212}","{0: 151, 1: 162, 2: 186, 3: 176, 4: 178, 5: 175, 6: 204, 7: 145, 8: 187, 9: 212}",63.81602587136184,63.81602587136184
rule_copilot,60c1s5r10p,YCSB_A,rw_zipf_1,concurrent_50,101,30000,455.64599999999996,497.3232,553.60605,416.84330059999996,3000.0,"{0: 32.323, 1: 36.0, 2: 9.184, 3: 10.309, 4: 10.101}","{0: 558.309, 1: 560.188, 2: 518.938, 3: 519.438, 4: 519.75}","{0: 348, 1: 383, 2: 450, 3: 399, 4: 466, 5: 455, 6: 453, 7: 443, 8: 445, 9: 492}","{0: 200, 1: 241, 2: 266, 3: 251, 4: 281, 5: 272, 6: 296, 7: 266, 8: 265, 9: 302}","{0: 200, 1: 241, 2: 266, 3: 251, 4: 281, 5: 272, 6: 296, 7: 266, 8: 265, 9: 302}",60.91370558375635,60.91370558375635
rule_copilot,60c1s5r10p,YCSB_A,rw_zipf_1,concurrent_60,101,36000,519.6775,607.1184000000001,671.38006,502.21943177777774,3600.0,"{0: 38.776, 1: 43.878, 2: 77.0, 3: 11.224, 4: 12.121}","{0: 610.688, 1: 601.812, 2: 544.062, 3: 522.75, 4: 521.5}","{0: 313, 1: 247, 2: 264, 3: 329, 4: 276, 5: 253, 6: 267, 7: 291, 8: 289, 9: 281}","{0: 188, 1: 132, 2: 160, 3: 192, 4: 155, 5: 148, 6: 148, 7: 179, 8: 178, 9: 162}","{0: 188, 1: 132, 2: 160, 3: 192, 4: 155, 5: 148, 6: 148, 7: 179, 8: 178, 9: 162}",58.43416370106762,58.43416370106762
rule_copilot,60c1s5r10p,YCSB_A,rw_zipf_1,concurrent_70,101,42000,600.9345,710.8591,818.14001,584.729042,4200.0,"{0: 46.465, 1: 53.0, 2: 44.898, 3: 12.121, 4: 13.265}","{0: 647.625, 1: 638.188, 2: 538.125, 3: 527.0, 4: 527.875}","{0: 342, 1: 372, 2: 349, 3: 357, 4: 334, 5: 317, 6: 379, 7: 363, 8: 345, 9: 374}","{0: 196, 1: 216, 2: 190, 3: 205, 4: 182, 5: 177, 6: 228, 7: 214, 8: 203, 9: 219}","{0: 196, 1: 216, 2: 190, 3: 205, 4: 182, 5: 177, 6: 228, 7: 214, 8: 203, 9: 219}",57.47451868629672,57.47451868629672
rule_copilot,60c1s5r10p,YCSB_A,rw_zipf_1,concurrent_80,101,47799,666.488,851.0518000000001,975.88408,670.3657906859977,4779.9,"{0: 60.606, 1: 63.0, 2: 29.592, 3: 14.286, 4: 77.0}","{0: 730.188, 1: 730.562, 2: 534.062, 3: 532.938, 4: 544.25}","{0: 410, 1: 467, 2: 410, 3: 478, 4: 400, 5: 491, 6: 355, 7: 445, 8: 445, 9: 417}","{0: 221, 1: 267, 2: 221, 3: 280, 4: 210, 5: 285, 6: 192, 7: 271, 8: 241, 9: 245}","{0: 221, 1: 267, 2: 221, 3: 280, 4: 210, 5: 285, 6: 192, 7: 271, 8: 241, 9: 245}",56.3455303381195,56.3455303381195
rule_copilot,60c1s5r10p,YCSB_A,rw_zipf_1,concurrent_100,101,6599,3148.39,17328.8,21660.4,8193.292567813305,659.9,"{0: 100.0, 1: 100.0, 2: 7.0, 3: 15.0, 4: 5.102}","{0: 1794.297, 1: 1669.875, 2: 628.75, 3: 630.375, 4: 634.75}","{0: 145, 1: 135, 2: 400, 3: 205, 4: 260, 5: 229, 6: 244, 7: 236, 8: 327, 9: 266}","{0: 38, 1: 42, 2: 126, 3: 65, 4: 85, 5: 101, 6: 91, 7: 87, 8: 132, 9: 116}","{0: 38, 1: 42, 2: 126, 3: 65, 4: 85, 5: 101, 6: 91, 7: 87, 8: 132, 9: 116}",36.08500204331835,36.08500204331835
rule_copilot,60c1s5r10p,YCSB_A,rw_zipf_0.5,concurrent_50,0,30000,456.239,512.9225000000366,544.13802,439.06465883333334,3000.0,"{0: 32.0, 1: 34.343, 2: 10.204, 3: 11.111, 4: 10.101}","{0: 564.688, 1: 564.938, 2: 518.75, 3: 518.5, 4: 518.5}","{0: 0, 1: 0, 2: 0, 3: 0, 4: 0, 5: 0, 6: 0, 7: 0, 8: 0, 9: 0}","{0: 0, 1: 0, 2: 0, 3: 0, 4: 0, 5: 0, 6: 0, 7: 0, 8: 0, 9: 0}","{0: 0, 1: 0, 2: 0, 3: 0, 4: 0, 5: 0, 6: 0, 7: 0, 8: 0, 9: 0}",0,0
rule_copilot,60c1s5r10p,YCSB_A,rw_zipf_0.5,concurrent_50,100,30000,169.026,237.8451,454.22304,177.721978,3000.0,"{0: 32.0, 1: 37.113, 2: 12.121, 3: 12.121, 4: 12.0}","{0: 568.875, 1: 568.562, 2: 538.188, 3: 534.375, 4: 534.938}","{0: 3000, 1: 3000, 2: 3000, 3: 3000, 4: 3000, 5: 3000, 6: 3000, 7: 3000, 8: 3000, 9: 3000}","{0: 2976, 1: 2972, 2: 2971, 3: 2971, 4: 2980, 5: 2974, 6: 2978, 7: 2983, 8: 2973, 9: 2983}","{0: 2976, 1: 2972, 2: 2971, 3: 2971, 4: 2980, 5: 2974, 6: 2978, 7: 2983, 8: 2973, 9: 2983}",99.20333333333333,99.20333333333333
rule_copilot,60c1s5r10p,YCSB_A,rw_zipf_0.5,concurrent_50,101,30000,168.6415,237.06140000000002,454.7682199999999,176.67947163333332,3000.0,"{0: 34.343, 1: 38.614, 2: 11.224, 3: 12.121, 4: 11.224}","{0: 569.938, 1: 570.875, 2: 536.438, 3: 534.375, 4: 535.562}","{0: 2988, 1: 3000, 2: 3000, 3: 3000, 4: 3000, 5: 3000, 6: 3000, 7: 3000, 8: 3000, 9: 3000}","{0: 2972, 1: 2984, 2: 2979, 3: 2981, 4: 2974, 5: 2981, 6: 2980, 7: 2984, 8: 2980, 9: 2983}","{0: 2966, 1: 2984, 2: 2979, 3: 2981, 4: 2974, 5: 2981, 6: 2980, 7: 2984, 8: 2980, 9: 2983}",99.36641323195946,99.34640522875817
rule_copilot,60c1s5r10p,YCSB_A,rw_zipf_0.55,concurrent_50,0,30000,459.196,504.567100000054,550.1020699999999,441.2674298666667,3000.0,"{0: 33.333, 1: 35.354, 2: 10.0, 3: 10.101, 4: 10.204}","{0: 564.0, 1: 564.438, 2: 517.312, 3: 516.625, 4: 516.625}","{0: 0, 1: 0, 2: 0, 3: 0, 4: 0, 5: 0, 6: 0, 7: 0, 8: 0, 9: 0}","{0: 0, 1: 0, 2: 0, 3: 0, 4: 0, 5: 0, 6: 0, 7: 0, 8: 0, 9: 0}","{0: 0, 1: 0, 2: 0, 3: 0, 4: 0, 5: 0, 6: 0, 7: 0, 8: 0, 9: 0}",0,0
rule_copilot,60c1s5r10p,YCSB_A,rw_zipf_0.55,concurrent_50,100,30000,169.908,231.9882,459.18201,179.1327221,3000.0,"{0: 33.673, 1: 38.776, 2: 10.204, 3: 12.121, 4: 12.121}","{0: 569.438, 1: 572.625, 2: 536.438, 3: 535.562, 4: 535.25}","{0: 3000, 1: 3000, 2: 3000, 3: 3000, 4: 3000, 5: 3000, 6: 3000, 7: 3000, 8: 3000, 9: 3000}","{0: 2959, 1: 2967, 2: 2963, 3: 2965, 4: 2964, 5: 2971, 6: 2960, 7: 2968, 8: 2945, 9: 2968}","{0: 2959, 1: 2967, 2: 2963, 3: 2965, 4: 2964, 5: 2971, 6: 2960, 7: 2968, 8: 2945, 9: 2968}",98.76666666666667,98.76666666666667
rule_copilot,60c1s5r10p,YCSB_A,rw_zipf_0.55,concurrent_50,101,30000,169.677,232.02660000000003,458.21306,178.65552466666665,3000.0,"{0: 31.959, 1: 38.0, 2: 13.0, 3: 13.131, 4: 11.224}","{0: 567.625, 1: 569.0, 2: 536.75, 3: 535.0, 4: 535.0}","{0: 3000, 1: 3000, 2: 3000, 3: 3000, 4: 3000, 5: 3000, 6: 3000, 7: 3000, 8: 3000, 9: 3000}","{0: 2954, 1: 2959, 2: 2962, 3: 2957, 4: 2961, 5: 2954, 6: 2960, 7: 2958, 8: 2968, 9: 2959}","{0: 2954, 1: 2959, 2: 2962, 3: 2957, 4: 2961, 5: 2954, 6: 2960, 7: 2958, 8: 2968, 9: 2959}",98.64,98.64
rule_copilot,60c1s5r10p,YCSB_A,rw_zipf_0.6,concurrent_50,0,30000,465.5125,514.7403000000164,546.65304,447.4764715,3000.0,"{0: 31.313, 1: 35.354, 2: 9.091, 3: 10.204, 4: 10.101}","{0: 564.312, 1: 564.438, 2: 516.938, 3: 516.875, 4: 517.0}","{0: 0, 1: 0, 2: 0, 3: 0, 4: 0, 5: 0, 6: 0, 7: 0, 8: 0, 9: 0}","{0: 0, 1: 0, 2: 0, 3: 0, 4: 0, 5: 0, 6: 0, 7: 0, 8: 0, 9: 0}","{0: 0, 1: 0, 2: 0, 3: 0, 4: 0, 5: 0, 6: 0, 7: 0, 8: 0, 9: 0}",0,0
rule_copilot,60c1s5r10p,YCSB_A,rw_zipf_0.6,concurrent_50,100,30000,169.62150000000003,230.3172,462.39659999999975,179.63018513333333,3000.0,"{0: 34.0, 1: 36.735, 2: 11.0, 3: 12.245, 4: 11.111}","{0: 567.438, 1: 569.312, 2: 536.812, 3: 537.25, 4: 537.25}","{0: 3000, 1: 3000, 2: 3000, 3: 3000, 4: 3000, 5: 3000, 6: 3000, 7: 3000, 8: 3000, 9: 3000}","{0: 2961, 1: 2950, 2: 2951, 3: 2945, 4: 2949, 5: 2957, 6: 2962, 7: 2951, 8: 2960, 9: 2964}","{0: 2961, 1: 2950, 2: 2951, 3: 2945, 4: 2949, 5: 2957, 6: 2962, 7: 2951, 8: 2960, 9: 2964}",98.5,98.5
rule_copilot,60c1s5r10p,YCSB_A,rw_zipf_0.6,concurrent_50,101,30000,169.401,230.1055,463.4540399999998,179.48281456666663,3000.0,"{0: 33.333, 1: 37.374, 2: 11.111, 3: 11.224, 4: 11.224}","{0: 567.188, 1: 569.188, 2: 535.25, 3: 536.562, 4: 536.812}","{0: 2997, 1: 3000, 2: 3000, 3: 3000, 4: 3000, 5: 3000, 6: 3000, 7: 3000, 8: 3000, 9: 3000}","{0: 2931, 1: 2947, 2: 2940, 3: 2945, 4: 2946, 5: 2945, 6: 2958, 7: 2948, 8: 2948, 9: 2942}","{0: 2930, 1: 2947, 2: 2940, 3: 2945, 4: 2946, 5: 2945, 6: 2958, 7: 2948, 8: 2948, 9: 2942}",98.17648431509818,98.17315064839818
rule_copilot,60c1s5r10p,YCSB_A,rw_zipf_0.65,concurrent_50,0,30000,461.494,508.15960000005475,550.61901,445.0898266666667,3000.0,"{0: 30.928, 1: 35.644, 2: 8.163, 3: 9.091, 4: 9.091}","{0: 563.75, 1: 563.562, 2: 516.438, 3: 533.562, 4: 533.938}","{0: 0, 1: 0, 2: 0, 3: 0, 4: 0, 5: 0, 6: 0, 7: 0, 8: 0, 9: 0}","{0: 0, 1: 0, 2: 0, 3: 0, 4: 0, 5: 0, 6: 0, 7: 0, 8: 0, 9: 0}","{0: 0, 1: 0, 2: 0, 3: 0, 4: 0, 5: 0, 6: 0, 7: 0, 8: 0, 9: 0}",0,0
rule_copilot,60c1s5r10p,YCSB_A,rw_zipf_0.65,concurrent_50,100,30000,170.29950000000002,235.96760000000003,483.03842999999995,183.18679946666668,3000.0,"{0: 34.0, 1: 37.374, 2: 11.111, 3: 12.121, 4: 12.0}","{0: 568.375, 1: 568.5, 2: 535.062, 3: 532.75, 4: 533.688}","{0: 3000, 1: 3000, 2: 3000, 3: 3000, 4: 3000, 5: 3000, 6: 3000, 7: 3000, 8: 3000, 9: 3000}","{0: 2923, 1: 2904, 2: 2919, 3: 2910, 4: 2924, 5: 2926, 6: 2921, 7: 2927, 8: 2921, 9: 2904}","{0: 2923, 1: 2904, 2: 2919, 3: 2910, 4: 2924, 5: 2926, 6: 2921, 7: 2927, 8: 2921, 9: 2904}",97.26333333333334,97.26333333333334
rule_copilot,60c1s5r10p,YCSB_A,rw_zipf_0.65,concurrent_50,101,30000,169.41,231.70550000000003,471.7544,183.0664923,3000.0,"{0: 32.323, 1: 34.694, 2: 11.111, 3: 12.121, 4: 10.204}","{0: 565.812, 1: 566.938, 2: 535.25, 3: 535.0, 4: 535.25}","{0: 2986, 1: 2995, 2: 2996, 3: 2995, 4: 3000, 5: 2969, 6: 3000, 7: 3000, 8: 2999, 9: 2993}","{0: 2908, 1: 2907, 2: 2916, 3: 2912, 4: 2922, 5: 2883, 6: 2929, 7: 2910, 8: 2925, 9: 2917}","{0: 2908, 1: 2907, 2: 2916, 3: 2912, 4: 2922, 5: 2883, 6: 2929, 7: 2910, 8: 2925, 9: 2917}",97.31400126950189,97.31400126950189
rule_copilot,60c1s5r10p,YCSB_A,rw_zipf_0.7,concurrent_50,0,30000,466.938,534.9216,556.3128099999998,449.82695036666667,3000.0,"{0: 31.633, 1: 35.052, 2: 9.091, 3: 11.111, 4: 9.184}","{0: 561.5, 1: 562.625, 2: 517.0, 3: 517.0, 4: 516.688}","{0: 0, 1: 0, 2: 0, 3: 0, 4: 0, 5: 0, 6: 0, 7: 0, 8: 0, 9: 0}","{0: 0, 1: 0, 2: 0, 3: 0, 4: 0, 5: 0, 6: 0, 7: 0, 8: 0, 9: 0}","{0: 0, 1: 0, 2: 0, 3: 0, 4: 0, 5: 0, 6: 0, 7: 0, 8: 0, 9: 0}",0,0
rule_copilot,60c1s5r10p,YCSB_A,rw_zipf_0.7,concurrent_50,100,30000,170.036,254.88350000000003,476.23503,188.47815716666665,3000.0,"{0: 31.633, 1: 36.735, 2: 12.0, 3: 12.121, 4: 11.111}","{0: 565.0, 1: 565.75, 2: 534.438, 3: 532.812, 4: 533.812}","{0: 3000, 1: 3000, 2: 3000, 3: 3000, 4: 3000, 5: 3000, 6: 3000, 7: 3000, 8: 3000, 9: 3000}","{0: 2864, 1: 2831, 2: 2863, 3: 2820, 4: 2831, 5: 2850, 6: 2859, 7: 2853, 8: 2851, 9: 2842}","{0: 2864, 1: 2831, 2: 2863, 3: 2820, 4: 2831, 5: 2850, 6: 2859, 7: 2853, 8: 2851, 9: 2842}",94.88,94.88
rule_copilot,60c1s5r10p,YCSB_A,rw_zipf_0.7,concurrent_50,101,30000,169.858,308.31940000000003,539.3391700000001,196.89599826666665,3000.0,"{0: 33.333, 1: 37.755, 2: 13.265, 3: 12.121, 4: 11.111}","{0: 566.312, 1: 565.625, 2: 537.875, 3: 532.375, 4: 532.562}","{0: 2822, 1: 2898, 2: 2829, 3: 2924, 4: 2888, 5: 2953, 6: 2867, 7: 2935, 8: 2973, 9: 2830}","{0: 2664, 1: 2746, 2: 2675, 3: 2769, 4: 2735, 5: 2828, 6: 2722, 7: 2788, 8: 2823, 9: 2676}","{0: 2664, 1: 2746, 2: 2675, 3: 2769, 4: 2735, 5: 2828, 6: 2722, 7: 2788, 8: 2823, 9: 2676}",94.83730419447421,94.83730419447421
rule_copilot,60c1s5r10p,YCSB_A,rw_zipf_0.75,concurrent_50,0,30000,460.75649999999996,508.275200000016,551.5603799999997,443.37633403333325,3000.0,"{0: 32.323, 1: 35.0, 2: 9.091, 3: 9.184, 4: 9.184}","{0: 560.25, 1: 562.188, 2: 515.812, 3: 515.438, 4: 516.0}","{0: 0, 1: 0, 2: 0, 3: 0, 4: 0, 5: 0, 6: 0, 7: 0, 8: 0, 9: 0}","{0: 0, 1: 0, 2: 0, 3: 0, 4: 0, 5: 0, 6: 0, 7: 0, 8: 0, 9: 0}","{0: 0, 1: 0, 2: 0, 3: 0, 4: 0, 5: 0, 6: 0, 7: 0, 8: 0, 9: 0}",0,0
rule_copilot,60c1s5r10p,YCSB_A,rw_zipf_0.75,concurrent_50,100,30000,169.904,319.6214000000001,541.36428,198.60750960000001,3000.0,"{0: 33.333, 1: 37.755, 2: 11.224, 3: 11.34, 4: 10.309}","{0: 565.375, 1: 565.312, 2: 534.0, 3: 532.0, 4: 532.0}","{0: 3000, 1: 3000, 2: 3000, 3: 3000, 4: 3000, 5: 3000, 6: 3000, 7: 3000, 8: 3000, 9: 3000}","{0: 2750, 1: 2746, 2: 2743, 3: 2728, 4: 2748, 5: 2748, 6: 2759, 7: 2754, 8: 2756, 9: 2754}","{0: 2750, 1: 2746, 2: 2743, 3: 2728, 4: 2748, 5: 2748, 6: 2759, 7: 2754, 8: 2756, 9: 2754}",91.62,91.62
rule_copilot,60c1s5r10p,YCSB_A,rw_zipf_0.75,concurrent_50,101,30000,171.569,473.46840000000003,553.34704,229.33146336666664,3000.0,"{0: 31.959, 1: 35.714, 2: 12.0, 3: 11.224, 4: 11.111}","{0: 564.188, 1: 564.812, 2: 532.062, 3: 530.5, 4: 531.75}","{0: 2661, 1: 2538, 2: 2424, 3: 2397, 4: 2654, 5: 2759, 6: 2632, 7: 2638, 8: 2613, 9: 2540}","{0: 2455, 1: 2338, 2: 2228, 3: 2235, 4: 2463, 5: 2540, 6: 2432, 7: 2448, 8: 2421, 9: 2349}","{0: 2455, 1: 2338, 2: 2228, 3: 2235, 4: 2463, 5: 2540, 6: 2432, 7: 2448, 8: 2421, 9: 2349}",92.46983292079207,92.46983292079207
rule_copilot,60c1s5r10p,YCSB_A,rw_zipf_0.8,concurrent_50,0,30000,461.9355,519.2665,551.7510699999999,443.88595670000007,3000.0,"{0: 32.0, 1: 34.694, 2: 9.091, 3: 11.111, 4: 10.101}","{0: 559.188, 1: 562.438, 2: 515.125, 3: 513.625, 4: 513.875}","{0: 0, 1: 0, 2: 0, 3: 0, 4: 0, 5: 0, 6: 0, 7: 0, 8: 0, 9: 0}","{0: 0, 1: 0, 2: 0, 3: 0, 4: 0, 5: 0, 6: 0, 7: 0, 8: 0, 9: 0}","{0: 0, 1: 0, 2: 0, 3: 0, 4: 0, 5: 0, 6: 0, 7: 0, 8: 0, 9: 0}",0,0
rule_copilot,60c1s5r10p,YCSB_A,rw_zipf_0.8,concurrent_50,100,30000,170.684,344.3627000000001,542.598,206.82080263333333,3000.0,"{0: 34.0, 1: 36.735, 2: 12.121, 3: 12.121, 4: 11.224}","{0: 562.688, 1: 564.875, 2: 530.562, 3: 529.812, 4: 531.062}","{0: 3000, 1: 3000, 2: 3000, 3: 3000, 4: 3000, 5: 3000, 6: 3000, 7: 3000, 8: 3000, 9: 3000}","{0: 2624, 1: 2652, 2: 2639, 3: 2649, 4: 2672, 5: 2646, 6: 2660, 7: 2657, 8: 2677, 9: 2673}","{0: 2624, 1: 2652, 2: 2639, 3: 2649, 4: 2672, 5: 2646, 6: 2660, 7: 2657, 8: 2677, 9: 2673}",88.49666666666667,88.49666666666667
rule_copilot,60c1s5r10p,YCSB_A,rw_zipf_0.8,concurrent_50,101,30000,237.54399999999998,480.4854,550.3395499999999,299.39166769999997,3000.0,"{0: 32.323, 1: 36.364, 2: 10.204, 3: 11.111, 4: 10.204}","{0: 563.5, 1: 565.25, 2: 528.875, 3: 529.875, 4: 530.062}","{0: 1821, 1: 1693, 2: 1842, 3: 1688, 4: 1614, 5: 2032, 6: 1553, 7: 1842, 8: 1953, 9: 1928}","{0: 1586, 1: 1481, 2: 1598, 3: 1492, 4: 1387, 5: 1781, 6: 1322, 7: 1598, 8: 1685, 9: 1677}","{0: 1586, 1: 1481, 2: 1598, 3: 1492, 4: 1387, 5: 1781, 6: 1322, 7: 1598, 8: 1685, 9: 1677}",86.86964265835466,86.86964265835466
rule_copilot,60c1s5r10p,YCSB_A,rw_zipf_0.85,concurrent_50,0,30000,464.794,511.6204000000618,557.578,449.57329200000004,3000.0,"{0: 32.653, 1: 36.364, 2: 10.0, 3: 9.184, 4: 8.247}","{0: 559.438, 1: 560.875, 2: 514.312, 3: 519.0, 4: 520.375}","{0: 0, 1: 0, 2: 0, 3: 0, 4: 0, 5: 0, 6: 0, 7: 0, 8: 0, 9: 0}","{0: 0, 1: 0, 2: 0, 3: 0, 4: 0, 5: 0, 6: 0, 7: 0, 8: 0, 9: 0}","{0: 0, 1: 0, 2: 0, 3: 0, 4: 0, 5: 0, 6: 0, 7: 0, 8: 0, 9: 0}",0,0
rule_copilot,60c1s5r10p,YCSB_A,rw_zipf_0.85,concurrent_50,100,30000,170.58,463.4424,555.28417,223.8014054666667,3000.0,"{0: 32.99, 1: 37.374, 2: 11.111, 3: 12.121, 4: 10.204}","{0: 562.0, 1: 562.938, 2: 529.625, 3: 528.688, 4: 529.812}","{0: 3000, 1: 3000, 2: 3000, 3: 3000, 4: 3000, 5: 3000, 6: 3000, 7: 3000, 8: 3000, 9: 3000}","{0: 2433, 1: 2443, 2: 2470, 3: 2484, 4: 2453, 5: 2488, 6: 2482, 7: 2457, 8: 2473, 9: 2510}","{0: 2433, 1: 2443, 2: 2470, 3: 2484, 4: 2453, 5: 2488, 6: 2482, 7: 2457, 8: 2473, 9: 2510}",82.31,82.31
rule_copilot,60c1s5r10p,YCSB_A,rw_zipf_0.85,concurrent_50,101,30000,337.42150000000004,494.2027,550.63917,339.34556680000003,3000.0,"{0: 33.0, 1: 37.374, 2: 10.0, 3: 10.204, 4: 9.184}","{0: 563.625, 1: 563.812, 2: 524.938, 3: 530.0, 4: 532.0}","{0: 1148, 1: 1361, 2: 1261, 3: 1303, 4: 1128, 5: 1736, 6: 1188, 7: 1404, 8: 1460, 9: 1651}","{0: 938, 1: 1135, 2: 1050, 3: 1096, 4: 949, 5: 1448, 6: 976, 7: 1175, 8: 1232, 9: 1400}","{0: 938, 1: 1135, 2: 1050, 3: 1096, 4: 949, 5: 1448, 6: 976, 7: 1175, 8: 1232, 9: 1400}",83.57038123167156,83.57038123167156
rule_copilot,60c1s5r10p,YCSB_A,rw_zipf_0.9,concurrent_50,0,30000,458.34,496.60690000000005,547.588,441.48040619999995,3000.0,"{0: 31.0, 1: 34.694, 2: 11.111, 3: 10.204, 4: 10.101}","{0: 557.062, 1: 558.312, 2: 513.625, 3: 513.375, 4: 513.562}","{0: 0, 1: 0, 2: 0, 3: 0, 4: 0, 5: 0, 6: 0, 7: 0, 8: 0, 9: 0}","{0: 0, 1: 0, 2: 0, 3: 0, 4: 0, 5: 0, 6: 0, 7: 0, 8: 0, 9: 0}","{0: 0, 1: 0, 2: 0, 3: 0, 4: 0, 5: 0, 6: 0, 7: 0, 8: 0, 9: 0}",0,0
rule_copilot,60c1s5r10p,YCSB_A,rw_zipf_0.9,concurrent_50,100,30000,172.131,473.8693,567.5699899999988,245.1002835333333,3000.0,"{0: 32.653, 1: 36.364, 2: 12.121, 3: 11.224, 4: 11.224}","{0: 560.375, 1: 559.812, 2: 529.25, 3: 526.75, 4: 526.688}","{0: 3000, 1: 3000, 2: 3000, 3: 3000, 4: 3000, 5: 3000, 6: 3000, 7: 3000, 8: 3000, 9: 3000}","{0: 2224, 1: 2260, 2: 2262, 3: 2251, 4: 2228, 5: 2257, 6: 2292, 7: 2230, 8: 2270, 9: 2280}","{0: 2224, 1: 2260, 2: 2262, 3: 2251, 4: 2228, 5: 2257, 6: 2292, 7: 2230, 8: 2270, 9: 2280}",75.18,75.18
rule_copilot,60c1s5r10p,YCSB_A,rw_zipf_0.9,concurrent_50,101,30000,459.9325,504.5889,565.80405,386.6296596,3000.0,"{0: 32.653, 1: 35.714, 2: 10.204, 3: 10.204, 4: 10.204}","{0: 561.5, 1: 563.188, 2: 522.625, 3: 521.562, 4: 521.812}","{0: 849, 1: 630, 2: 888, 3: 902, 4: 695, 5: 1045, 6: 972, 7: 1103, 8: 1033, 9: 989}","{0: 654, 1: 479, 2: 668, 3: 704, 4: 527, 5: 784, 6: 753, 7: 818, 8: 791, 9: 739}","{0: 654, 1: 479, 2: 668, 3: 704, 4: 527, 5: 784, 6: 753, 7: 818, 8: 791, 9: 739}",75.96090489786954,75.96090489786954
rule_copilot,60c1s5r10p,YCSB_A,rw_zipf_0.95,concurrent_50,0,30000,468.269,510.8056000000639,558.2067499999976,450.0733766666667,3000.0,"{0: 30.612, 1: 34.694, 2: 13.0, 3: 10.101, 4: 9.0}","{0: 557.25, 1: 554.812, 2: 515.625, 3: 514.438, 4: 514.5}","{0: 0, 1: 0, 2: 0, 3: 0, 4: 0, 5: 0, 6: 0, 7: 0, 8: 0, 9: 0}","{0: 0, 1: 0, 2: 0, 3: 0, 4: 0, 5: 0, 6: 0, 7: 0, 8: 0, 9: 0}","{0: 0, 1: 0, 2: 0, 3: 0, 4: 0, 5: 0, 6: 0, 7: 0, 8: 0, 9: 0}",0,0
rule_copilot,60c1s5r10p,YCSB_A,rw_zipf_0.95,concurrent_50,100,30000,174.2655,473.7033,584.7185999999996,265.0932270333333,3000.0,"{0: 32.323, 1: 34.694, 2: 11.111, 3: 11.111, 4: 11.111}","{0: 556.625, 1: 558.375, 2: 524.938, 3: 524.188, 4: 525.25}","{0: 3000, 1: 3000, 2: 3000, 3: 3000, 4: 3000, 5: 3000, 6: 3000, 7: 3000, 8: 3000, 9: 3000}","{0: 2002, 1: 2014, 2: 1980, 3: 1959, 4: 1973, 5: 2019, 6: 2024, 7: 2008, 8: 1997, 9: 2016}","{0: 2002, 1: 2014, 2: 1980, 3: 1959, 4: 1973, 5: 2019, 6: 2024, 7: 2008, 8: 1997, 9: 2016}",66.64,66.64
rule_copilot,60c1s5r10p,YCSB_A,rw_zipf_0.95,concurrent_50,101,30000,455.9465,493.1064,551.62011,403.15863683333333,3000.0,"{0: 32.653, 1: 35.714, 2: 11.0, 3: 11.0, 4: 9.184}","{0: 558.625, 1: 558.312, 2: 521.562, 3: 519.688, 4: 520.062}","{0: 681, 1: 603, 2: 770, 3: 485, 4: 497, 5: 814, 6: 702, 7: 544, 8: 653, 9: 773}","{0: 483, 1: 419, 2: 538, 3: 319, 4: 337, 5: 547, 6: 478, 7: 371, 8: 422, 9: 531}","{0: 483, 1: 419, 2: 538, 3: 319, 4: 337, 5: 547, 6: 478, 7: 371, 8: 422, 9: 531}",68.15394050904631,68.15394050904631
rule_copilot,60c1s5r10p,YCSB_A,rw_zipf_1,concurrent_50,0,30000,468.491,513.6019000000589,564.8138899999999,452.27759199999997,3000.0,"{0: 30.612, 1: 35.354, 2: 9.091, 3: 10.101, 4: 9.091}","{0: 554.559, 1: 554.125, 2: 513.062, 3: 513.125, 4: 513.062}","{0: 0, 1: 0, 2: 0, 3: 0, 4: 0, 5: 0, 6: 0, 7: 0, 8: 0, 9: 0}","{0: 0, 1: 0, 2: 0, 3: 0, 4: 0, 5: 0, 6: 0, 7: 0, 8: 0, 9: 0}","{0: 0, 1: 0, 2: 0, 3: 0, 4: 0, 5: 0, 6: 0, 7: 0, 8: 0, 9: 0}",0,0
rule_copilot,60c1s5r10p,YCSB_A,rw_zipf_1,concurrent_50,100,30000,189.88850000000002,479.2697,592.24508,283.51469876666664,3000.0,"{0: 32.653, 1: 35.714, 2: 9.184, 3: 11.224, 4: 10.204}","{0: 558.375, 1: 560.0, 2: 523.062, 3: 522.688, 4: 523.25}","{0: 3000, 1: 3000, 2: 3000, 3: 3000, 4: 3000, 5: 3000, 6: 3000, 7: 3000, 8: 3000, 9: 3000}","{0: 1718, 1: 1810, 2: 1811, 3: 1820, 4: 1791, 5: 1795, 6: 1813, 7: 1777, 8: 1780, 9: 1841}","{0: 1718, 1: 1810, 2: 1811, 3: 1820, 4: 1791, 5: 1795, 6: 1813, 7: 1777, 8: 1780, 9: 1841}",59.85333333333333,59.85333333333333
rule_copilot,60c1s5r10p,YCSB_A,rw_zipf_1,concurrent_50,101,30000,455.64599999999996,497.3232,553.60605,416.84330059999996,3000.0,"{0: 32.323, 1: 36.0, 2: 9.184, 3: 10.309, 4: 10.101}","{0: 558.309, 1: 560.188, 2: 518.938, 3: 519.438, 4: 519.75}","{0: 348, 1: 383, 2: 450, 3: 399, 4: 466, 5: 455, 6: 453, 7: 443, 8: 445, 9: 492}","{0: 200, 1: 241, 2: 266, 3: 251, 4: 281, 5: 272, 6: 296, 7: 266, 8: 265, 9: 302}","{0: 200, 1: 241, 2: 266, 3: 251, 4: 281, 5: 272, 6: 296, 7: 266, 8: 265, 9: 302}",60.91370558375635,60.91370558375635
rule_copilot,60c1s5r10p,YCSB_B,rw_zipf_0.5,concurrent_50,0,30000,462.572,511.678400000057,548.26807,444.88166186666666,3000.0,"{0: 31.313, 1: 34.694, 2: 8.081, 3: 11.224, 4: 9.184}","{0: 563.5, 1: 565.562, 2: 516.188, 3: 518.812, 4: 519.0}","{0: 0, 1: 0, 2: 0, 3: 0, 4: 0, 5: 0, 6: 0, 7: 0, 8: 0, 9: 0}","{0: 0, 1: 0, 2: 0, 3: 0, 4: 0, 5: 0, 6: 0, 7: 0, 8: 0, 9: 0}","{0: 0, 1: 0, 2: 0, 3: 0, 4: 0, 5: 0, 6: 0, 7: 0, 8: 0, 9: 0}",0,0
rule_copilot,60c1s5r10p,YCSB_B,rw_zipf_0.5,concurrent_50,100,30000,168.4835,230.39450000000002,340.93306,171.69715606666668,3000.0,"{0: 32.99, 1: 37.0, 2: 11.0, 3: 11.224, 4: 12.121}","{0: 566.375, 1: 568.562, 2: 536.625, 3: 534.375, 4: 534.5}","{0: 3000, 1: 3000, 2: 3000, 3: 3000, 4: 3000, 5: 3000, 6: 3000, 7: 3000, 8: 3000, 9: 3000}","{0: 2995, 1: 2999, 2: 2996, 3: 2998, 4: 2998, 5: 2999, 6: 2999, 7: 2996, 8: 2999, 9: 2995}","{0: 2995, 1: 2999, 2: 2996, 3: 2998, 4: 2998, 5: 2999, 6: 2999, 7: 2996, 8: 2999, 9: 2995}",99.91333333333333,99.91333333333333
rule_copilot,60c1s5r10p,YCSB_B,rw_zipf_0.5,concurrent_50,101,30000,169.59750000000003,229.7911,336.30312,171.61393943333334,3000.0,"{0: 33.333, 1: 36.735, 2: 12.121, 3: 12.121, 4: 12.245}","{0: 566.625, 1: 568.312, 2: 535.375, 3: 533.062, 4: 534.188}","{0: 3000, 1: 3000, 2: 3000, 3: 3000, 4: 3000, 5: 3000, 6: 3000, 7: 3000, 8: 3000, 9: 3000}","{0: 2998, 1: 3000, 2: 2999, 3: 2996, 4: 3000, 5: 2998, 6: 2998, 7: 2998, 8: 2998, 9: 2997}","{0: 2998, 1: 3000, 2: 2999, 3: 2996, 4: 3000, 5: 2998, 6: 2998, 7: 2998, 8: 2998, 9: 2997}",99.94,99.94
rule_copilot,60c1s5r10p,YCSB_B,rw_zipf_0.55,concurrent_50,0,30000,455.5295,501.7652000000651,545.52501,437.718269,3000.0,"{0: 30.303, 1: 33.333, 2: 8.081, 3: 10.101, 4: 10.0}","{0: 562.875, 1: 563.375, 2: 516.625, 3: 527.562, 4: 527.562}","{0: 0, 1: 0, 2: 0, 3: 0, 4: 0, 5: 0, 6: 0, 7: 0, 8: 0, 9: 0}","{0: 0, 1: 0, 2: 0, 3: 0, 4: 0, 5: 0, 6: 0, 7: 0, 8: 0, 9: 0}","{0: 0, 1: 0, 2: 0, 3: 0, 4: 0, 5: 0, 6: 0, 7: 0, 8: 0, 9: 0}",0,0
rule_copilot,60c1s5r10p,YCSB_B,rw_zipf_0.55,concurrent_50,100,30000,168.46,228.467,308.6306899999983,170.4611027,3000.0,"{0: 32.653, 1: 35.0, 2: 10.204, 3: 12.121, 4: 12.121}","{0: 564.125, 1: 565.812, 2: 535.688, 3: 532.688, 4: 533.688}","{0: 3000, 1: 3000, 2: 3000, 3: 3000, 4: 3000, 5: 3000, 6: 3000, 7: 3000, 8: 3000, 9: 3000}","{0: 2994, 1: 2996, 2: 2995, 3: 2998, 4: 2995, 5: 2994, 6: 2996, 7: 2997, 8: 2994, 9: 2998}","{0: 2994, 1: 2996, 2: 2995, 3: 2998, 4: 2995, 5: 2994, 6: 2996, 7: 2997, 8: 2994, 9: 2998}",99.85666666666667,99.85666666666667
rule_copilot,60c1s5r10p,YCSB_B,rw_zipf_0.55,concurrent_50,101,30000,168.71,229.493,335.68212,171.3325468666667,3000.0,"{0: 31.959, 1: 35.714, 2: 12.0, 3: 11.34, 4: 11.224}","{0: 566.062, 1: 566.188, 2: 536.312, 3: 532.562, 4: 533.688}","{0: 3000, 1: 3000, 2: 3000, 3: 3000, 4: 3000, 5: 3000, 6: 3000, 7: 3000, 8: 3000, 9: 3000}","{0: 2997, 1: 2994, 2: 2996, 3: 2994, 4: 2993, 5: 2994, 6: 2996, 7: 2997, 8: 2996, 9: 2995}","{0: 2997, 1: 2994, 2: 2996, 3: 2994, 4: 2993, 5: 2994, 6: 2996, 7: 2997, 8: 2996, 9: 2995}",99.84,99.84
rule_copilot,60c1s5r10p,YCSB_B,rw_zipf_0.6,concurrent_50,0,30000,459.9035,503.3383000000655,553.02912,442.1181605333333,3000.0,"{0: 30.612, 1: 34.694, 2: 10.0, 3: 10.204, 4: 9.184}","{0: 563.938, 1: 565.562, 2: 516.25, 3: 518.812, 4: 519.562}","{0: 0, 1: 0, 2: 0, 3: 0, 4: 0, 5: 0, 6: 0, 7: 0, 8: 0, 9: 0}","{0: 0, 1: 0, 2: 0, 3: 0, 4: 0, 5: 0, 6: 0, 7: 0, 8: 0, 9: 0}","{0: 0, 1: 0, 2: 0, 3: 0, 4: 0, 5: 0, 6: 0, 7: 0, 8: 0, 9: 0}",0,0
rule_copilot,60c1s5r10p,YCSB_B,rw_zipf_0.6,concurrent_50,100,30000,168.955,228.3281,342.19909,172.31791656666664,3000.0,"{0: 31.633, 1: 36.082, 2: 12.245, 3: 11.34, 4: 11.111}","{0: 566.125, 1: 565.5, 2: 535.125, 3: 532.875, 4: 532.625}","{0: 3000, 1: 3000, 2: 3000, 3: 3000, 4: 3000, 5: 3000, 6: 3000, 7: 3000, 8: 3000, 9: 3000}","{0: 2992, 1: 2996, 2: 2994, 3: 2995, 4: 2990, 5: 2986, 6: 2996, 7: 2989, 8: 2990, 9: 2997}","{0: 2992, 1: 2996, 2: 2994, 3: 2995, 4: 2990, 5: 2986, 6: 2996, 7: 2989, 8: 2990, 9: 2997}",99.75,99.75
rule_copilot,60c1s5r10p,YCSB_B,rw_zipf_0.6,concurrent_50,101,30000,169.313,229.63350000000003,336.99505,171.0401539,3000.0,"{0: 33.333, 1: 37.374, 2: 12.245, 3: 12.245, 4: 12.121}","{0: 566.562, 1: 566.312, 2: 535.812, 3: 531.688, 4: 533.312}","{0: 3000, 1: 3000, 2: 3000, 3: 3000, 4: 3000, 5: 3000, 6: 3000, 7: 3000, 8: 3000, 9: 3000}","{0: 2994, 1: 2996, 2: 2996, 3: 2991, 4: 2996, 5: 2998, 6: 2996, 7: 2997, 8: 2995, 9: 2994}","{0: 2994, 1: 2996, 2: 2996, 3: 2991, 4: 2996, 5: 2998, 6: 2996, 7: 2997, 8: 2995, 9: 2994}",99.84333333333333,99.84333333333333
rule_copilot,60c1s5r10p,YCSB_B,rw_zipf_0.65,concurrent_50,0,30000,455.5965,498.6046000000742,545.96603,438.9700861333334,3000.0,"{0: 30.928, 1: 34.694, 2: 9.091, 3: 10.204, 4: 10.0}","{0: 561.562, 1: 563.375, 2: 514.812, 3: 516.312, 4: 516.312}","{0: 0, 1: 0, 2: 0, 3: 0, 4: 0, 5: 0, 6: 0, 7: 0, 8: 0, 9: 0}","{0: 0, 1: 0, 2: 0, 3: 0, 4: 0, 5: 0, 6: 0, 7: 0, 8: 0, 9: 0}","{0: 0, 1: 0, 2: 0, 3: 0, 4: 0, 5: 0, 6: 0, 7: 0, 8: 0, 9: 0}",0,0
rule_copilot,60c1s5r10p,YCSB_B,rw_zipf_0.65,concurrent_50,100,30000,168.6255,229.175,343.99007,172.5887531333333,3000.0,"{0: 33.673, 1: 37.755, 2: 11.224, 3: 12.121, 4: 11.111}","{0: 564.25, 1: 565.062, 2: 533.312, 3: 532.062, 4: 532.938}","{0: 3000, 1: 3000, 2: 3000, 3: 3000, 4: 3000, 5: 3000, 6: 3000, 7: 3000, 8: 3000, 9: 3000}","{0: 2977, 1: 2989, 2: 2987, 3: 2982, 4: 2986, 5: 2987, 6: 2982, 7: 2980, 8: 2985, 9: 2988}","{0: 2977, 1: 2989, 2: 2987, 3: 2982, 4: 2986, 5: 2987, 6: 2982, 7: 2980, 8: 2985, 9: 2988}",99.47666666666667,99.47666666666667
rule_copilot,60c1s5r10p,YCSB_B,rw_zipf_0.65,concurrent_50,101,30000,168.768,236.8433,342.75509,172.74577723333337,3000.0,"{0: 33.333, 1: 37.374, 2: 12.121, 3: 12.121, 4: 11.224}","{0: 564.812, 1: 565.688, 2: 534.625, 3: 531.875, 4: 531.938}","{0: 2995, 1: 3000, 2: 3000, 3: 3000, 4: 3000, 5: 3000, 6: 3000, 7: 3000, 8: 3000, 9: 3000}","{0: 2975, 1: 2985, 2: 2984, 3: 2983, 4: 2988, 5: 2981, 6: 2979, 7: 2977, 8: 2984, 9: 2981}","{0: 2975, 1: 2985, 2: 2984, 3: 2983, 4: 2988, 5: 2981, 6: 2979, 7: 2977, 8: 2984, 9: 2981}",99.40656776129354,99.40656776129354
rule_copilot,60c1s5r10p,YCSB_B,rw_zipf_0.7,concurrent_50,0,30000,460.50350000000003,534.7035999999999,553.5510400000001,443.458597,3000.0,"{0: 30.303, 1: 35.354, 2: 10.101, 3: 9.184, 4: 9.184}","{0: 560.438, 1: 560.375, 2: 515.188, 3: 518.812, 4: 519.25}","{0: 0, 1: 0, 2: 0, 3: 0, 4: 0, 5: 0, 6: 0, 7: 0, 8: 0, 9: 0}","{0: 0, 1: 0, 2: 0, 3: 0, 4: 0, 5: 0, 6: 0, 7: 0, 8: 0, 9: 0}","{0: 0, 1: 0, 2: 0, 3: 0, 4: 0, 5: 0, 6: 0, 7: 0, 8: 0, 9: 0}",0,0
rule_copilot,60c1s5r10p,YCSB_B,rw_zipf_0.7,concurrent_50,100,30000,168.493,229.2451,433.1486799999999,172.40282886666668,3000.0,"{0: 32.323, 1: 37.374, 2: 10.309, 3: 11.224, 4: 11.224}","{0: 565.688, 1: 567.562, 2: 533.688, 3: 534.938, 4: 535.438}","{0: 3000, 1: 3000, 2: 3000, 3: 3000, 4: 3000, 5: 3000, 6: 3000, 7: 3000, 8: 3000, 9: 3000}","{0: 2967, 1: 2963, 2: 2973, 3: 2968, 4: 2973, 5: 2975, 6: 2971, 7: 2972, 8: 2968, 9: 2982}","{0: 2966, 1: 2963, 2: 2973, 3: 2968, 4: 2973, 5: 2975, 6: 2971, 7: 2972, 8: 2968, 9: 2982}",99.04,99.03666666666666
rule_copilot,60c1s5r10p,YCSB_B,rw_zipf_0.7,concurrent_50,101,30000,168.8535,230.1581,449.92914999999994,173.60674626666665,3000.0,"{0: 32.653, 1: 36.458, 2: 10.204, 3: 11.224, 4: 11.224}","{0: 563.312, 1: 566.312, 2: 532.375, 3: 531.375, 4: 532.062}","{0: 3000, 1: 3000, 2: 3000, 3: 3000, 4: 3000, 5: 3000, 6: 3000, 7: 3000, 8: 3000, 9: 3000}","{0: 2968, 1: 2971, 2: 2966, 3: 2963, 4: 2965, 5: 2967, 6: 2963, 7: 2963, 8: 2966, 9: 2960}","{0: 2968, 1: 2971, 2: 2966, 3: 2963, 4: 2965, 5: 2967, 6: 2963, 7: 2963, 8: 2966, 9: 2960}",98.84,98.84
rule_copilot,60c1s5r10p,YCSB_B,rw_zipf_0.75,concurrent_50,0,30000,458.113,503.9233000000366,549.21501,440.0910137666666,3000.0,"{0: 30.928, 1: 35.354, 2: 10.101, 3: 9.184, 4: 9.184}","{0: 559.562, 1: 559.5, 2: 514.875, 3: 514.875, 4: 515.125}","{0: 0, 1: 0, 2: 0, 3: 0, 4: 0, 5: 0, 6: 0, 7: 0, 8: 0, 9: 0}","{0: 0, 1: 0, 2: 0, 3: 0, 4: 0, 5: 0, 6: 0, 7: 0, 8: 0, 9: 0}","{0: 0, 1: 0, 2: 0, 3: 0, 4: 0, 5: 0, 6: 0, 7: 0, 8: 0, 9: 0}",0,0
rule_copilot,60c1s5r10p,YCSB_B,rw_zipf_0.75,concurrent_50,100,30000,169.211,229.43710000000002,456.5825099999999,174.75660176666665,3000.0,"{0: 31.313, 1: 35.354, 2: 10.101, 3: 11.34, 4: 11.224}","{0: 561.688, 1: 564.062, 2: 531.938, 3: 529.688, 4: 531.062}","{0: 3000, 1: 3000, 2: 3000, 3: 3000, 4: 3000, 5: 3000, 6: 3000, 7: 3000, 8: 3000, 9: 3000}","{0: 2951, 1: 2947, 2: 2946, 3: 2958, 4: 2948, 5: 2958, 6: 2951, 7: 2942, 8: 2955, 9: 2958}","{0: 2951, 1: 2947, 2: 2946, 3: 2958, 4: 2948, 5: 2958, 6: 2951, 7: 2942, 8: 2955, 9: 2958}",98.38,98.38
rule_copilot,60c1s5r10p,YCSB_B,rw_zipf_0.75,concurrent_50,101,30000,169.1245,236.6791,464.05705,182.06767303333334,3000.0,"{0: 33.673, 1: 36.364, 2: 10.101, 3: 11.224, 4: 11.111}","{0: 562.562, 1: 563.938, 2: 532.875, 3: 530.625, 4: 531.062}","{0: 3000, 1: 3000, 2: 3000, 3: 3000, 4: 2998, 5: 2436, 6: 2998, 7: 3000, 8: 2999, 9: 3000}","{0: 2950, 1: 2945, 2: 2950, 3: 2944, 4: 2940, 5: 2377, 6: 2946, 7: 2950, 8: 2940, 9: 2950}","{0: 2950, 1: 2945, 2: 2950, 3: 2944, 4: 2940, 5: 2377, 6: 2946, 7: 2950, 8: 2940, 9: 2950}",98.16859773707995,98.16859773707995
rule_copilot,60c1s5r10p,YCSB_B,rw_zipf_0.8,concurrent_50,0,30000,459.7585,490.2613000000718,552.1660400000001,441.56118713333336,3000.0,"{0: 31.633, 1: 33.673, 2: 10.0, 3: 9.184, 4: 9.091}","{0: 557.875, 1: 559.312, 2: 514.438, 3: 518.375, 4: 518.312}","{0: 0, 1: 0, 2: 0, 3: 0, 4: 0, 5: 0, 6: 0, 7: 0, 8: 0, 9: 0}","{0: 0, 1: 0, 2: 0, 3: 0, 4: 0, 5: 0, 6: 0, 7: 0, 8: 0, 9: 0}","{0: 0, 1: 0, 2: 0, 3: 0, 4: 0, 5: 0, 6: 0, 7: 0, 8: 0, 9: 0}",0,0
rule_copilot,60c1s5r10p,YCSB_B,rw_zipf_0.8,concurrent_50,100,30000,168.898,238.1921,475.39414,180.77883529999997,3000.0,"{0: 32.0, 1: 36.0, 2: 11.111, 3: 12.0, 4: 10.309}","{0: 562.062, 1: 560.438, 2: 531.312, 3: 530.062, 4: 530.625}","{0: 3000, 1: 3000, 2: 3000, 3: 3000, 4: 3000, 5: 3000, 6: 3000, 7: 3000, 8: 3000, 9: 3000}","{0: 2887, 1: 2885, 2: 2895, 3: 2874, 4: 2884, 5: 2903, 6: 2899, 7: 2899, 8: 2904, 9: 2912}","{0: 2887, 1: 2885, 2: 2895, 3: 2874, 4: 2884, 5: 2903, 6: 2899, 7: 2899, 8: 2904, 9: 2912}",96.47333333333333,96.47333333333333
rule_copilot,60c1s5r10p,YCSB_B,rw_zipf_0.8,concurrent_50,101,30000,169.175,236.84210000000002,470.51693999999986,179.19164056666668,3000.0,"{0: 33.333, 1: 36.735, 2: 9.278, 3: 11.34, 4: 11.111}","{0: 559.062, 1: 561.875, 2: 530.812, 3: 528.625, 4: 529.562}","{0: 2993, 1: 2993, 2: 2990, 3: 2999, 4: 2996, 5: 2980, 6: 2990, 7: 2999, 8: 2968, 9: 2989}","{0: 2900, 1: 2896, 2: 2914, 3: 2906, 4: 2907, 5: 2875, 6: 2904, 7: 2931, 8: 2871, 9: 2905}","{0: 2900, 1: 2896, 2: 2914, 3: 2906, 4: 2907, 5: 2875, 6: 2904, 7: 2931, 8: 2871, 9: 2905}",97.02980232130314,97.02980232130314
rule_copilot,60c1s5r10p,YCSB_B,rw_zipf_0.85,concurrent_50,0,30000,460.4395,497.64480000004204,552.14006,441.55073780000004,3000.0,"{0: 31.25, 1: 35.354, 2: 9.091, 3: 9.184, 4: 9.091}","{0: 557.625, 1: 558.625, 2: 513.25, 3: 527.188, 4: 527.0}","{0: 0, 1: 0, 2: 0, 3: 0, 4: 0, 5: 0, 6: 0, 7: 0, 8: 0, 9: 0}","{0: 0, 1: 0, 2: 0, 3: 0, 4: 0, 5: 0, 6: 0, 7: 0, 8: 0, 9: 0}","{0: 0, 1: 0, 2: 0, 3: 0, 4: 0, 5: 0, 6: 0, 7: 0, 8: 0, 9: 0}",0,0
rule_copilot,60c1s5r10p,YCSB_B,rw_zipf_0.85,concurrent_50,100,30000,169.2825,238.9815,485.77954999999974,186.68670926666667,3000.0,"{0: 32.99, 1: 36.0, 2: 10.0, 3: 13.131, 4: 11.111}","{0: 559.188, 1: 561.688, 2: 528.625, 3: 527.625, 4: 528.125}","{0: 3000, 1: 3000, 2: 3000, 3: 3000, 4: 3000, 5: 3000, 6: 3000, 7: 3000, 8: 3000, 9: 3000}","{0: 2834, 1: 2848, 2: 2816, 3: 2824, 4: 2858, 5: 2844, 6: 2847, 7: 2815, 8: 2836, 9: 2818}","{0: 2834, 1: 2848, 2: 2816, 3: 2824, 4: 2858, 5: 2844, 6: 2847, 7: 2815, 8: 2836, 9: 2818}",94.46666666666667,94.46666666666667
rule_copilot,60c1s5r10p,YCSB_B,rw_zipf_0.85,concurrent_50,101,30000,170.164,432.4261,523.16605,202.627393,3000.0,"{0: 32.99, 1: 36.458, 2: 11.0, 3: 11.34, 4: 10.204}","{0: 560.25, 1: 562.438, 2: 528.75, 3: 527.188, 4: 527.938}","{0: 2751, 1: 2862, 2: 2647, 3: 2724, 4: 2858, 5: 2751, 6: 2753, 7: 2825, 8: 2878, 9: 2931}","{0: 2594, 1: 2708, 2: 2533, 3: 2576, 4: 2671, 5: 2574, 6: 2570, 7: 2642, 8: 2699, 9: 2766}","{0: 2594, 1: 2708, 2: 2533, 3: 2576, 4: 2671, 5: 2574, 6: 2570, 7: 2642, 8: 2699, 9: 2766}",94.11365260900644,94.11365260900644
rule_copilot,60c1s5r10p,YCSB_B,rw_zipf_0.9,concurrent_50,0,30000,458.9425,501.0089000000637,550.9243399999997,440.77018723333333,3000.0,"{0: 30.0, 1: 34.343, 2: 9.091, 3: 8.163, 4: 9.0}","{0: 553.375, 1: 555.438, 2: 512.312, 3: 541.875, 4: 544.812}","{0: 0, 1: 0, 2: 0, 3: 0, 4: 0, 5: 0, 6: 0, 7: 0, 8: 0, 9: 0}","{0: 0, 1: 0, 2: 0, 3: 0, 4: 0, 5: 0, 6: 0, 7: 0, 8: 0, 9: 0}","{0: 0, 1: 0, 2: 0, 3: 0, 4: 0, 5: 0, 6: 0, 7: 0, 8: 0, 9: 0}",0,0
rule_copilot,60c1s5r10p,YCSB_B,rw_zipf_0.9,concurrent_50,100,30000,170.695,306.63100000000003,528.21916,196.20583616666667,3000.0,"{0: 33.673, 1: 36.735, 2: 12.121, 3: 12.245, 4: 11.224}","{0: 558.625, 1: 559.062, 2: 527.188, 3: 524.562, 4: 525.562}","{0: 3000, 1: 3000, 2: 3000, 3: 3000, 4: 3000, 5: 3000, 6: 3000, 7: 3000, 8: 3000, 9: 3000}","{0: 2714, 1: 2746, 2: 2739, 3: 2755, 4: 2710, 5: 2749, 6: 2740, 7: 2713, 8: 2713, 9: 2715}","{0: 2714, 1: 2746, 2: 2739, 3: 2755, 4: 2710, 5: 2749, 6: 2740, 7: 2713, 8: 2713, 9: 2715}",90.98,90.98
rule_copilot,60c1s5r10p,YCSB_B,rw_zipf_0.9,concurrent_50,101,30000,171.197,471.7733,552.05819,243.6002748,3000.0,"{0: 31.313, 1: 35.714, 2: 10.0, 3: 11.224, 4: 10.309}","{0: 556.875, 1: 557.875, 2: 526.75, 3: 525.438, 4: 525.562}","{0: 2177, 1: 2374, 2: 2167, 3: 2388, 4: 2340, 5: 2533, 6: 2236, 7: 2422, 8: 2671, 9: 2523}","{0: 1967, 1: 2164, 2: 1962, 3: 2160, 4: 2127, 5: 2311, 6: 2022, 7: 2205, 8: 2470, 9: 2298}","{0: 1967, 1: 2164, 2: 1962, 3: 2160, 4: 2127, 5: 2311, 6: 2022, 7: 2205, 8: 2470, 9: 2298}",90.99911879484705,90.99911879484705
rule_copilot,60c1s5r10p,YCSB_B,rw_zipf_0.95,concurrent_50,0,30000,457.65,502.5494000000676,542.9110499999999,440.02131176666666,3000.0,"{0: 30.0, 1: 35.354, 2: 9.091, 3: 10.101, 4: 9.091}","{0: 552.688, 1: 554.125, 2: 511.875, 3: 512.688, 4: 512.375}","{0: 0, 1: 0, 2: 0, 3: 0, 4: 0, 5: 0, 6: 0, 7: 0, 8: 0, 9: 0}","{0: 0, 1: 0, 2: 0, 3: 0, 4: 0, 5: 0, 6: 0, 7: 0, 8: 0, 9: 0}","{0: 0, 1: 0, 2: 0, 3: 0, 4: 0, 5: 0, 6: 0, 7: 0, 8: 0, 9: 0}",0,0
rule_copilot,60c1s5r10p,YCSB_B,rw_zipf_0.95,concurrent_50,100,30000,170.137,440.62800000000004,539.53816,207.05216603333335,3000.0,"{0: 32.0, 1: 36.0, 2: 11.111, 3: 11.224, 4: 9.278}","{0: 555.375, 1: 556.0, 2: 524.688, 3: 523.875, 4: 524.75}","{0: 3000, 1: 3000, 2: 3000, 3: 3000, 4: 3000, 5: 3000, 6: 3000, 7: 3000, 8: 3000, 9: 3000}","{0: 2615, 1: 2600, 2: 2598, 3: 2598, 4: 2581, 5: 2611, 6: 2607, 7: 2626, 8: 2613, 9: 2604}","{0: 2615, 1: 2600, 2: 2598, 3: 2598, 4: 2581, 5: 2611, 6: 2607, 7: 2626, 8: 2613, 9: 2604}",86.84333333333333,86.84333333333333
rule_copilot,60c1s5r10p,YCSB_B,rw_zipf_0.95,concurrent_50,101,30000,306.593,473.6981,538.4442499999999,309.4884456666667,3000.0,"{0: 30.0, 1: 34.694, 2: 9.184, 3: 11.0, 4: 10.101}","{0: 554.438, 1: 556.688, 2: 522.938, 3: 522.562, 4: 522.875}","{0: 1466, 1: 1740, 2: 1645, 3: 1390, 4: 1522, 5: 1817, 6: 1516, 7: 1476, 8: 1745, 9: 1929}","{0: 1261, 1: 1501, 2: 1415, 3: 1190, 4: 1301, 5: 1572, 6: 1300, 7: 1281, 8: 1514, 9: 1642}","{0: 1261, 1: 1501, 2: 1415, 3: 1190, 4: 1301, 5: 1572, 6: 1300, 7: 1281, 8: 1514, 9: 1642}",86.03348516557922,86.03348516557922
rule_copilot,60c1s5r10p,YCSB_B,rw_zipf_1,concurrent_50,0,30000,457.15200000000004,491.17080000006314,541.3340099999999,437.97317133333337,3000.0,"{0: 31.313, 1: 35.354, 2: 10.101, 3: 9.184, 4: 10.204}","{0: 552.062, 1: 553.5, 2: 510.562, 3: 511.062, 4: 511.688}","{0: 0, 1: 0, 2: 0, 3: 0, 4: 0, 5: 0, 6: 0, 7: 0, 8: 0, 9: 0}","{0: 0, 1: 0, 2: 0, 3: 0, 4: 0, 5: 0, 6: 0, 7: 0, 8: 0, 9: 0}","{0: 0, 1: 0, 2: 0, 3: 0, 4: 0, 5: 0, 6: 0, 7: 0, 8: 0, 9: 0}",0,0
rule_copilot,60c1s5r10p,YCSB_B,rw_zipf_1,concurrent_50,100,30000,171.419,460.87940000000003,548.2131599999999,225.48229516666666,3000.0,"{0: 32.323, 1: 36.364, 2: 12.121, 3: 12.121, 4: 11.224}","{0: 555.438, 1: 555.438, 2: 523.938, 3: 522.438, 4: 522.25}","{0: 3000, 1: 3000, 2: 3000, 3: 3000, 4: 3000, 5: 3000, 6: 3000, 7: 3000, 8: 3000, 9: 3000}","{0: 2427, 1: 2409, 2: 2359, 3: 2400, 4: 2472, 5: 2369, 6: 2406, 7: 2430, 8: 2413, 9: 2409}","{0: 2427, 1: 2409, 2: 2359, 3: 2400, 4: 2472, 5: 2369, 6: 2406, 7: 2430, 8: 2413, 9: 2409}",80.31333333333333,80.31333333333333
rule_copilot,60c1s5r10p,YCSB_B,rw_zipf_1,concurrent_50,101,30000,437.831,484.7594,546.45917,355.77181996666667,3000.0,"{0: 31.313, 1: 37.113, 2: 10.204, 3: 11.111, 4: 10.101}","{0: 555.062, 1: 555.5, 2: 520.875, 3: 520.875, 4: 521.375}","{0: 999, 1: 1073, 2: 1114, 3: 1238, 4: 1077, 5: 1199, 6: 1008, 7: 1229, 8: 1281, 9: 1258}","{0: 786, 1: 862, 2: 899, 3: 1023, 4: 865, 5: 980, 6: 811, 7: 1003, 8: 1050, 9: 1031}","{0: 786, 1: 862, 2: 899, 3: 1023, 4: 865, 5: 980, 6: 811, 7: 1003, 8: 1050, 9: 1031}",81.12582781456953,81.12582781456953
rule_mencius,60c1s5r10p,YCSB_A,rw_1000000,concurrent_1,0,600,153.332,300.3417000000002,355.55512999999996,199.84533166666665,60.0,"{0: 2.0, 1: 2.02, 2: 2.02, 3: 2.02, 4: 2.02}","{0: 433.062, 1: 432.5, 2: 432.562, 3: 432.188, 4: 432.312}","{0: 0, 1: 0, 2: 0, 3: 0, 4: 0, 5: 0, 6: 0, 7: 0, 8: 0, 9: 0}","{0: 0, 1: 0, 2: 0, 3: 0, 4: 0, 5: 0, 6: 0, 7: 0, 8: 0, 9: 0}","{0: 0, 1: 0, 2: 0, 3: 0, 4: 0, 5: 0, 6: 0, 7: 0, 8: 0, 9: 0}",0,0
rule_mencius,60c1s5r10p,YCSB_A,rw_1000000,concurrent_10,0,6000,156.23149999999998,305.2202,358.67174,202.38735499999999,600.0,"{0: 13.265, 1: 13.131, 2: 15.0, 3: 14.141, 4: 14.0}","{0: 464.75, 1: 463.625, 2: 465.312, 3: 461.75, 4: 461.75}","{0: 0, 1: 0, 2: 0, 3: 0, 4: 0, 5: 0, 6: 0, 7: 0, 8: 0, 9: 0}","{0: 0, 1: 0, 2: 0, 3: 0, 4: 0, 5: 0, 6: 0, 7: 0, 8: 0, 9: 0}","{0: 0, 1: 0, 2: 0, 3: 0, 4: 0, 5: 0, 6: 0, 7: 0, 8: 0, 9: 0}",0,0
rule_mencius,60c1s5r10p,YCSB_A,rw_1000000,concurrent_11,0,6600,153.426,302.23810000000003,359.36182,200.9706137878788,660.0,"{0: 14.286, 1: 15.152, 2: 14.433, 3: 16.162, 4: 16.0}","{0: 467.75, 1: 466.25, 2: 467.812, 3: 463.75, 4: 464.562}","{0: 0, 1: 0, 2: 0, 3: 0, 4: 0, 5: 0, 6: 0, 7: 0, 8: 0, 9: 0}","{0: 0, 1: 0, 2: 0, 3: 0, 4: 0, 5: 0, 6: 0, 7: 0, 8: 0, 9: 0}","{0: 0, 1: 0, 2: 0, 3: 0, 4: 0, 5: 0, 6: 0, 7: 0, 8: 0, 9: 0}",0,0
rule_mencius,60c1s5r10p,YCSB_A,rw_1000000,concurrent_12,0,7200,154.35399999999998,302.9359,356.50216,201.45219680555556,720.0,"{0: 14.583, 1: 15.306, 2: 16.495, 3: 16.495, 4: 15.464}","{0: 471.375, 1: 470.562, 2: 472.062, 3: 469.062, 4: 468.438}","{0: 0, 1: 0, 2: 0, 3: 0, 4: 0, 5: 0, 6: 0, 7: 0, 8: 0, 9: 0}","{0: 0, 1: 0, 2: 0, 3: 0, 4: 0, 5: 0, 6: 0, 7: 0, 8: 0, 9: 0}","{0: 0, 1: 0, 2: 0, 3: 0, 4: 0, 5: 0, 6: 0, 7: 0, 8: 0, 9: 0}",0,0
rule_mencius,60c1s5r10p,YCSB_A,rw_1000000,concurrent_13,0,7800,157.595,305.7811,361.94822,203.52206512820513,780.0,"{0: 16.327, 1: 15.464, 2: 17.347, 3: 18.367, 4: 17.0}","{0: 474.0, 1: 472.188, 2: 474.375, 3: 469.875, 4: 471.938}","{0: 0, 1: 0, 2: 0, 3: 0, 4: 0, 5: 0, 6: 0, 7: 0, 8: 0, 9: 0}","{0: 0, 1: 0, 2: 0, 3: 0, 4: 0, 5: 0, 6: 0, 7: 0, 8: 0, 9: 0}","{0: 0, 1: 0, 2: 0, 3: 0, 4: 0, 5: 0, 6: 0, 7: 0, 8: 0, 9: 0}",0,0
rule_mencius,60c1s5r10p,YCSB_A,rw_1000000,concurrent_14,0,8400,152.418,301.8151,357.44603,199.93263333333334,840.0,"{0: 14.286, 1: 15.152, 2: 15.0, 3: 15.152, 4: 14.0}","{0: 478.188, 1: 476.688, 2: 478.5, 3: 475.062, 4: 476.188}","{0: 0, 1: 0, 2: 0, 3: 0, 4: 0, 5: 0, 6: 0, 7: 0, 8: 0, 9: 0}","{0: 0, 1: 0, 2: 0, 3: 0, 4: 0, 5: 0, 6: 0, 7: 0, 8: 0, 9: 0}","{0: 0, 1: 0, 2: 0, 3: 0, 4: 0, 5: 0, 6: 0, 7: 0, 8: 0, 9: 0}",0,0
rule_mencius,60c1s5r10p,YCSB_A,rw_1000000,concurrent_15,0,9000,158.165,307.395,361.03362000000004,203.4415266666667,900.0,"{0: 16.832, 1: 16.327, 2: 17.172, 3: 17.172, 4: 17.172}","{0: 480.375, 1: 478.688, 2: 480.875, 3: 477.312, 4: 477.375}","{0: 0, 1: 0, 2: 0, 3: 0, 4: 0, 5: 0, 6: 0, 7: 0, 8: 0, 9: 0}","{0: 0, 1: 0, 2: 0, 3: 0, 4: 0, 5: 0, 6: 0, 7: 0, 8: 0, 9: 0}","{0: 0, 1: 0, 2: 0, 3: 0, 4: 0, 5: 0, 6: 0, 7: 0, 8: 0, 9: 0}",0,0
rule_mencius,60c1s5r10p,YCSB_A,rw_1000000,concurrent_16,0,9600,157.765,305.17740000000003,361.09607,204.84775864583332,960.0,"{0: 24.0, 1: 22.222, 2: 21.212, 3: 21.649, 4: 22.449}","{0: 485.25, 1: 483.5, 2: 486.438, 3: 479.688, 4: 482.812}","{0: 0, 1: 0, 2: 0, 3: 0, 4: 0, 5: 0, 6: 0, 7: 0, 8: 0, 9: 0}","{0: 0, 1: 0, 2: 0, 3: 0, 4: 0, 5: 0, 6: 0, 7: 0, 8: 0, 9: 0}","{0: 0, 1: 0, 2: 0, 3: 0, 4: 0, 5: 0, 6: 0, 7: 0, 8: 0, 9: 0}",0,0
rule_mencius,60c1s5r10p,YCSB_A,rw_1000000,concurrent_17,0,10200,158.3705,306.997,365.65022,204.04358235294117,1020.0,"{0: 20.408, 1: 20.408, 2: 18.182, 3: 19.192, 4: 18.182}","{0: 487.75, 1: 485.812, 2: 487.875, 3: 484.812, 4: 484.812}","{0: 0, 1: 0, 2: 0, 3: 0, 4: 0, 5: 0, 6: 0, 7: 0, 8: 0, 9: 0}","{0: 0, 1: 0, 2: 0, 3: 0, 4: 0, 5: 0, 6: 0, 7: 0, 8: 0, 9: 0}","{0: 0, 1: 0, 2: 0, 3: 0, 4: 0, 5: 0, 6: 0, 7: 0, 8: 0, 9: 0}",0,0
rule_mencius,60c1s5r10p,YCSB_A,rw_1000000,concurrent_18,0,10800,161.648,306.2662,362.67677,206.11255027777779,1080.0,"{0: 31.313, 1: 30.612, 2: 30.303, 3: 30.303, 4: 30.303}","{0: 492.75, 1: 490.688, 2: 493.812, 3: 487.062, 4: 488.375}","{0: 0, 1: 0, 2: 0, 3: 0, 4: 0, 5: 0, 6: 0, 7: 0, 8: 0, 9: 0}","{0: 0, 1: 0, 2: 0, 3: 0, 4: 0, 5: 0, 6: 0, 7: 0, 8: 0, 9: 0}","{0: 0, 1: 0, 2: 0, 3: 0, 4: 0, 5: 0, 6: 0, 7: 0, 8: 0, 9: 0}",0,0
rule_mencius,60c1s5r10p,YCSB_A,rw_1000000,concurrent_19,0,11400,160.8675,305.0261,360.36602,205.8746966666667,1140.0,"{0: 27.551, 1: 27.551, 2: 28.866, 3: 28.283, 4: 26.804}","{0: 494.875, 1: 493.062, 2: 496.375, 3: 490.938, 4: 491.062}","{0: 0, 1: 0, 2: 0, 3: 0, 4: 0, 5: 0, 6: 0, 7: 0, 8: 0, 9: 0}","{0: 0, 1: 0, 2: 0, 3: 0, 4: 0, 5: 0, 6: 0, 7: 0, 8: 0, 9: 0}","{0: 0, 1: 0, 2: 0, 3: 0, 4: 0, 5: 0, 6: 0, 7: 0, 8: 0, 9: 0}",0,0
rule_mencius,60c1s5r10p,YCSB_A,rw_1000000,concurrent_20,0,12000,169.21050000000002,311.10360000000003,360.69026,210.39816933333336,1200.0,"{0: 39.796, 1: 41.837, 2: 37.374, 3: 41.0, 4: 39.394}","{0: 499.125, 1: 496.562, 2: 502.375, 3: 496.125, 4: 495.0}","{0: 0, 1: 0, 2: 0, 3: 0, 4: 0, 5: 0, 6: 0, 7: 0, 8: 0, 9: 0}","{0: 0, 1: 0, 2: 0, 3: 0, 4: 0, 5: 0, 6: 0, 7: 0, 8: 0, 9: 0}","{0: 0, 1: 0, 2: 0, 3: 0, 4: 0, 5: 0, 6: 0, 7: 0, 8: 0, 9: 0}",0,0
rule_mencius,60c1s5r10p,YCSB_A,rw_1000000,concurrent_25,0,15000,173.442,309.7453,368.90704,211.07446006666663,1500.0,"{0: 42.857, 1: 43.434, 2: 45.0, 3: 43.564, 4: 45.455}","{0: 514.5, 1: 512.125, 2: 516.062, 3: 511.188, 4: 509.688}","{0: 0, 1: 0, 2: 0, 3: 0, 4: 0, 5: 0, 6: 0, 7: 0, 8: 0, 9: 0}","{0: 0, 1: 0, 2: 0, 3: 0, 4: 0, 5: 0, 6: 0, 7: 0, 8: 0, 9: 0}","{0: 0, 1: 0, 2: 0, 3: 0, 4: 0, 5: 0, 6: 0, 7: 0, 8: 0, 9: 0}",0,0
rule_mencius,60c1s5r10p,YCSB_A,rw_1000000,concurrent_30,0,18000,187.2135,327.08,373.55719999999997,223.22589955555554,1800.0,"{0: 54.545, 1: 55.102, 2: 59.184, 3: 59.596, 4: 58.0}","{0: 533.875, 1: 530.875, 2: 536.926, 3: 524.688, 4: 527.688}","{0: 0, 1: 0, 2: 0, 3: 0, 4: 0, 5: 0, 6: 0, 7: 0, 8: 0, 9: 0}","{0: 0, 1: 0, 2: 0, 3: 0, 4: 0, 5: 0, 6: 0, 7: 0, 8: 0, 9: 0}","{0: 0, 1: 0, 2: 0, 3: 0, 4: 0, 5: 0, 6: 0, 7: 0, 8: 0, 9: 0}",0,0
rule_mencius,60c1s5r10p,YCSB_A,rw_1000000,concurrent_35,0,21000,219.825,339.4835,399.66107,242.77883700000004,2100.0,"{0: 66.667, 1: 67.0, 2: 78.0, 3: 75.758, 4: 78.788}","{0: 549.186, 1: 544.859, 2: 550.875, 3: 542.312, 4: 541.375}","{0: 0, 1: 0, 2: 0, 3: 0, 4: 0, 5: 0, 6: 0, 7: 0, 8: 0, 9: 0}","{0: 0, 1: 0, 2: 0, 3: 0, 4: 0, 5: 0, 6: 0, 7: 0, 8: 0, 9: 0}","{0: 0, 1: 0, 2: 0, 3: 0, 4: 0, 5: 0, 6: 0, 7: 0, 8: 0, 9: 0}",0,0
rule_mencius,60c1s5r10p,YCSB_A,rw_1000000,concurrent_40,0,4954,1039.775,9460.168,28366.0,3248.7132129592246,495.4,"{0: 100.0, 1: 100.0, 2: 100.0, 3: 100.0, 4: 100.0}","{0: 601.562, 1: 604.312, 2: 604.938, 3: 575.25, 4: 577.062}","{0: 0, 1: 0, 2: 0, 3: 0, 4: 0, 5: 0, 6: 0, 7: 0, 8: 0, 9: 0}","{0: 0, 1: 0, 2: 0, 3: 0, 4: 0, 5: 0, 6: 0, 7: 0, 8: 0, 9: 0}","{0: 0, 1: 0, 2: 0, 3: 0, 4: 0, 5: 0, 6: 0, 7: 0, 8: 0, 9: 0}",0,0
rule_mencius,60c1s5r10p,YCSB_A,rw_1000000,concurrent_45,0,2557,1074.51,14462.44,29058.0,3928.23496206492,255.7,"{0: 100.0, 1: 100.0, 2: 100.0, 3: 100.0, 4: 100.0}","{0: 616.562, 1: 615.551, 2: 637.688, 3: 600.125, 4: 608.875}","{0: 0, 1: 0, 2: 0, 3: 0, 4: 0, 5: 0, 6: 0, 7: 0, 8: 0, 9: 0}","{0: 0, 1: 0, 2: 0, 3: 0, 4: 0, 5: 0, 6: 0, 7: 0, 8: 0, 9: 0}","{0: 0, 1: 0, 2: 0, 3: 0, 4: 0, 5: 0, 6: 0, 7: 0, 8: 0, 9: 0}",0,0
rule_mencius,60c1s5r10p,YCSB_A,rw_1000000,concurrent_1,100,600,144.027,181.66810000000066,213.14902,150.4872583333333,60.0,"{0: 4.082, 1: 4.082, 2: 4.082, 3: 4.082, 4: 4.082}","{0: 434.188, 1: 434.188, 2: 434.5, 3: 434.062, 4: 434.312}","{0: 60, 1: 60, 2: 60, 3: 60, 4: 60, 5: 60, 6: 60, 7: 60, 8: 60, 9: 60}","{0: 60, 1: 60, 2: 60, 3: 60, 4: 60, 5: 60, 6: 60, 7: 60, 8: 60, 9: 60}","{0: 0, 1: 0, 2: 0, 3: 0, 4: 0, 5: 0, 6: 60, 7: 60, 8: 60, 9: 0}",100.0,30.0
rule_mencius,60c1s5r10p,YCSB_A,rw_1000000,concurrent_10,100,6000,148.03,185.2190000000097,215.32328000000004,154.838451,600.0,"{0: 38.776, 1: 39.0, 2: 37.113, 3: 35.0, 4: 37.374}","{0: 470.938, 1: 471.312, 2: 472.688, 3: 468.688, 4: 468.875}","{0: 600, 1: 600, 2: 600, 3: 600, 4: 600, 5: 600, 6: 600, 7: 600, 8: 600, 9: 600}","{0: 600, 1: 600, 2: 600, 3: 600, 4: 600, 5: 599, 6: 600, 7: 600, 8: 600, 9: 600}","{0: 0, 1: 0, 2: 0, 3: 0, 4: 0, 5: 0, 6: 600, 7: 600, 8: 600, 9: 0}",99.98333333333333,30.0
rule_mencius,60c1s5r10p,YCSB_A,rw_1000000,concurrent_11,100,6600,148.482,186.36500000001044,214.54837,155.01705757575758,660.0,"{0: 45.0, 1: 44.898, 2: 46.465, 3: 41.837, 4: 42.857}","{0: 474.188, 1: 472.562, 2: 475.0, 3: 470.0, 4: 472.375}","{0: 660, 1: 660, 2: 660, 3: 660, 4: 660, 5: 660, 6: 660, 7: 660, 8: 660, 9: 660}","{0: 660, 1: 660, 2: 660, 3: 660, 4: 660, 5: 660, 6: 660, 7: 660, 8: 660, 9: 660}","{0: 0, 1: 0, 2: 0, 3: 0, 4: 0, 5: 44, 6: 660, 7: 660, 8: 660, 9: 0}",100.0,30.666666666666668
rule_mencius,60c1s5r10p,YCSB_A,rw_1000000,concurrent_12,100,7200,150.6255,189.7193000000084,216.43903,157.58804319444445,720.0,"{0: 57.0, 1: 53.061, 2: 53.061, 3: 48.98, 4: 50.0}","{0: 479.375, 1: 477.312, 2: 480.0, 3: 475.875, 4: 476.312}","{0: 720, 1: 720, 2: 720, 3: 720, 4: 720, 5: 720, 6: 720, 7: 720, 8: 720, 9: 720}","{0: 720, 1: 720, 2: 719, 3: 720, 4: 720, 5: 720, 6: 720, 7: 720, 8: 720, 9: 719}","{0: 0, 1: 0, 2: 0, 3: 0, 4: 0, 5: 288, 6: 720, 7: 720, 8: 720, 9: 120}",99.97222222222223,35.666666666666664
rule_mencius,60c1s5r10p,YCSB_A,rw_1000000,concurrent_13,100,7800,156.471,210.43,214.92212,159.33386115384616,780.0,"{0: 61.616, 1: 61.224, 2: 60.606, 3: 57.0, 4: 58.0}","{0: 481.75, 1: 480.188, 2: 482.562, 3: 477.312, 4: 479.312}","{0: 780, 1: 780, 2: 780, 3: 780, 4: 780, 5: 780, 6: 780, 7: 780, 8: 780, 9: 780}","{0: 780, 1: 779, 2: 779, 3: 780, 4: 780, 5: 780, 6: 780, 7: 778, 8: 780, 9: 780}","{0: 0, 1: 0, 2: 0, 3: 0, 4: 0, 5: 154, 6: 780, 7: 778, 8: 780, 9: 286}",99.94871794871794,35.61538461538461
rule_mencius,60c1s5r10p,YCSB_A,rw_1000000,concurrent_14,100,8400,158.57850000000002,213.0642,229.42007999999998,164.61888380952382,840.0,"{0: 71.717, 1: 69.697, 2: 69.697, 3: 64.0, 4: 69.0}","{0: 486.875, 1: 484.938, 2: 488.188, 3: 483.812, 4: 484.688}","{0: 840, 1: 840, 2: 840, 3: 840, 4: 840, 5: 840, 6: 840, 7: 840, 8: 840, 9: 840}","{0: 839, 1: 840, 2: 839, 3: 840, 4: 840, 5: 839, 6: 840, 7: 840, 8: 840, 9: 840}","{0: 0, 1: 0, 2: 0, 3: 168, 4: 70, 5: 559, 6: 840, 7: 840, 8: 840, 9: 392}",99.96428571428571,44.154761904761905
rule_mencius,60c1s5r10p,YCSB_A,rw_1000000,concurrent_15,100,9000,168.8375,214.067,232.20811,171.43517477777777,900.0,"{0: 83.0, 1: 83.168, 2: 84.848, 3: 78.0, 4: 80.808}","{0: 490.688, 1: 488.875, 2: 492.125, 3: 488.0, 4: 487.688}","{0: 900, 1: 900, 2: 900, 3: 900, 4: 900, 5: 900, 6: 900, 7: 900, 8: 900, 9: 900}","{0: 900, 1: 900, 2: 899, 3: 899, 4: 900, 5: 900, 6: 899, 7: 899, 8: 900, 9: 900}","{0: 0, 1: 0, 2: 105, 3: 119, 4: 195, 5: 495, 6: 899, 7: 899, 8: 900, 9: 540}",99.95555555555555,46.13333333333333
rule_mencius,60c1s5r10p,YCSB_A,rw_1000000,concurrent_16,100,1247,771.125,14601.6,21390.8,3331.6615396952684,124.7,"{0: 100.0, 1: 100.0, 2: 100.0, 3: 100.0, 4: 100.0}","{0: 615.188, 1: 589.75, 2: 586.188, 3: 578.875, 4: 585.938}","{0: 0, 1: 1, 2: 0, 3: 0, 4: 2, 5: 336, 6: 97, 7: 114, 8: 368, 9: 336}","{0: 0, 1: 0, 2: 0, 3: 0, 4: 0, 5: 335, 6: 96, 7: 112, 8: 368, 9: 336}","{0: 0, 1: 0, 2: 0, 3: 0, 4: 0, 5: 335, 6: 96, 7: 112, 8: 352, 9: 304}",99.44178628389155,95.6140350877193
rule_mencius,60c1s5r10p,YCSB_A,rw_1000000,concurrent_17,100,1088,571.658,6187.856000000001,25715.9,1896.9054549632351,108.8,"{0: 100.0, 1: 100.0, 2: 100.0, 3: 100.0, 4: 100.0}","{0: 592.0, 1: 582.875, 2: 592.875, 3: 589.562, 4: 593.688}","{0: 0, 1: 0, 2: 0, 3: 1, 4: 0, 5: 325, 6: 35, 7: 34, 8: 358, 9: 340}","{0: 0, 1: 0, 2: 0, 3: 0, 4: 0, 5: 323, 6: 34, 7: 34, 8: 357, 9: 340}","{0: 0, 1: 0, 2: 0, 3: 0, 4: 0, 5: 306, 6: 34, 7: 34, 8: 357, 9: 289}",99.54254345837145,93.32113449222324
rule_mencius,60c1s5r10p,YCSB_A,rw_1000000,concurrent_18,100,702,687.5635,2954.519,14026.3,1503.2900925925926,70.2,"{0: 100.0, 1: 100.0, 2: 100.0, 3: 100.0, 4: 100.0}","{0: 596.938, 1: 609.875, 2: 622.375, 3: 594.0, 4: 610.875}","{0: 0, 1: 1, 2: 0, 3: 0, 4: 1, 5: 162, 6: 0, 7: 1, 8: 324, 9: 216}","{0: 0, 1: 0, 2: 0, 3: 0, 4: 0, 5: 162, 6: 0, 7: 0, 8: 324, 9: 216}","{0: 0, 1: 0, 2: 0, 3: 0, 4: 0, 5: 162, 6: 0, 7: 0, 8: 324, 9: 216}",99.57446808510639,99.57446808510639
rule_mencius,60c1s5r10p,YCSB_A,rw_1000000,concurrent_19,100,285,5444.18,8061.446,8283.6216,4541.776340350878,28.5,"{0: 100.0, 1: 100.0, 2: 100.0, 3: 100.0, 4: 100.0}","{0: 605.25, 1: 610.938, 2: 623.625, 3: 596.75, 4: 599.562}","{0: 0, 1: 0, 2: 0, 3: 0, 4: 0, 5: 95, 6: 0, 7: 0, 8: 95, 9: 95}","{0: 0, 1: 0, 2: 0, 3: 0, 4: 0, 5: 95, 6: 0, 7: 0, 8: 95, 9: 95}","{0: 0, 1: 0, 2: 0, 3: 0, 4: 0, 5: 95, 6: 0, 7: 0, 8: 95, 9: 95}",100.0,100.0
rule_mencius,60c1s5r10p,YCSB_A,rw_1000000,concurrent_20,100,40,13002.6,21458.8,21458.8,13002.585000000001,4.0,"{0: 100.0, 1: 100.0, 2: 100.0, 3: 100.0, 4: 100.0}","{0: 637.125, 1: 616.0, 2: 617.062, 3: 596.0, 4: 611.312}","{0: 0, 1: 0, 2: 0, 3: 0, 4: 0, 5: 20, 6: 0, 7: 0, 8: 20, 9: 1}","{0: 0, 1: 0, 2: 0, 3: 0, 4: 0, 5: 20, 6: 0, 7: 0, 8: 20, 9: 0}","{0: 0, 1: 0, 2: 0, 3: 0, 4: 0, 5: 20, 6: 0, 7: 0, 8: 20, 9: 0}",97.5609756097561,97.5609756097561
rule_mencius,60c1s5r10p,YCSB_A,rw_1000000,concurrent_25,100,199,4142.87,20576.9,20577.1,5406.975778894472,19.9,"{0: 100.0, 1: 100.0, 2: 100.0, 3: 100.0, 4: 100.0}","{0: 675.688, 1: 652.0, 2: 647.277, 3: 650.062, 4: 660.562}","{0: 0, 1: 0, 2: 0, 3: 0, 4: 0, 5: 51, 6: 0, 7: 0, 8: 101, 9: 51}","{0: 0, 1: 0, 2: 0, 3: 0, 4: 0, 5: 50, 6: 0, 7: 0, 8: 100, 9: 49}","{0: 0, 1: 0, 2: 0, 3: 0, 4: 0, 5: 50, 6: 0, 7: 0, 8: 100, 9: 49}",98.0295566502463,98.0295566502463
rule_mencius,60c1s5r10p,YCSB_A,rw_1000000,concurrent_30,100,59,19261.5,19261.8,19261.8,12829.836779661018,5.9,"{0: 100.0, 1: 100.0, 2: 100.0, 3: 100.0, 4: 100.0}","{0: 719.562, 1: 665.812, 2: 700.062, 3: 669.688, 4: 659.188}","{0: 0, 1: 0, 2: 0, 3: 0, 4: 0, 5: 30, 6: 0, 7: 0, 8: 30, 9: 1}","{0: 0, 1: 0, 2: 0, 3: 0, 4: 0, 5: 30, 6: 0, 7: 0, 8: 29, 9: 0}","{0: 0, 1: 0, 2: 0, 3: 0, 4: 0, 5: 30, 6: 0, 7: 0, 8: 29, 9: 0}",96.72131147540983,96.72131147540983
rule_mencius,60c1s5r10p,YCSB_A,rw_1000000,concurrent_35,100,0,0,0,0,0,0.0,"{0: 100.0, 1: 100.0, 2: 100.0, 3: 100.0, 4: 100.0}","{0: 679.625, 1: 727.062, 2: 702.375, 3: 665.688, 4: 675.562}","{0: 0, 1: 0, 2: 0, 3: 0, 4: 0, 5: 1, 6: 0, 7: 0, 8: 0, 9: 1}","{0: 0, 1: 0, 2: 0, 3: 0, 4: 0, 5: 0, 6: 0, 7: 0, 8: 0, 9: 0}","{0: 0, 1: 0, 2: 0, 3: 0, 4: 0, 5: 0, 6: 0, 7: 0, 8: 0, 9: 0}",0.0,0.0
rule_mencius,60c1s5r10p,YCSB_A,rw_1000000,concurrent_40,100,0,0,0,0,0,0.0,"{0: 100.0, 1: 100.0, 2: 100.0, 3: 100.0, 4: 100.0}","{0: 696.812, 1: 706.688, 2: 710.125, 3: 687.062, 4: 703.875}","{0: 0, 1: 0, 2: 0, 3: 0, 4: 0, 5: 0, 6: 0, 7: 1, 8: 0, 9: 0}","{0: 0, 1: 0, 2: 0, 3: 0, 4: 0, 5: 0, 6: 0, 7: 0, 8: 0, 9: 0}","{0: 0, 1: 0, 2: 0, 3: 0, 4: 0, 5: 0, 6: 0, 7: 0, 8: 0, 9: 0}",0.0,0.0
rule_mencius,60c1s5r10p,YCSB_A,rw_1000000,concurrent_45,100,0,0,0,0,0,0.0,"{0: 100.0, 1: 100.0, 2: 100.0, 3: 100.0, 4: 100.0}","{0: 709.938, 1: 717.312, 2: 718.562, 3: 706.375, 4: 701.988}","{0: 0, 1: 0, 2: 0, 3: 0, 4: 0, 5: 0, 6: 0, 7: 0, 8: 0, 9: 0}","{0: 0, 1: 0, 2: 0, 3: 0, 4: 0, 5: 0, 6: 0, 7: 0, 8: 0, 9: 0}","{0: 0, 1: 0, 2: 0, 3: 0, 4: 0, 5: 0, 6: 0, 7: 0, 8: 0, 9: 0}",0,0
rule_mencius,60c1s5r10p,YCSB_A,rw_1000000,concurrent_1,101,600,148.5515,212.3102,293.86118999999997,163.30532499999998,60.0,"{0: 3.061, 1: 3.03, 2: 3.061, 3: 3.061, 4: 3.03}","{0: 434.062, 1: 433.812, 2: 434.188, 3: 433.812, 4: 433.688}","{0: 19, 1: 23, 2: 19, 3: 25, 4: 24, 5: 20, 6: 60, 7: 60, 8: 60, 9: 28}","{0: 19, 1: 23, 2: 19, 3: 25, 4: 24, 5: 20, 6: 60, 7: 60, 8: 60, 9: 28}","{0: 0, 1: 0, 2: 0, 3: 0, 4: 0, 5: 0, 6: 60, 7: 60, 8: 60, 9: 0}",100.0,53.25443786982248
rule_mencius,60c1s5r10p,YCSB_A,rw_1000000,concurrent_10,101,6000,151.8665,265.73210000000006,299.95801,171.085158,600.0,"{0: 17.172, 1: 17.172, 2: 19.192, 3: 19.192, 4: 18.557}","{0: 467.312, 1: 466.062, 2: 467.812, 3: 464.062, 4: 465.438}","{0: 26, 1: 33, 2: 21, 3: 34, 4: 28, 5: 25, 6: 600, 7: 600, 8: 600, 9: 17}","{0: 26, 1: 33, 2: 21, 3: 33, 4: 28, 5: 25, 6: 600, 7: 600, 8: 600, 9: 17}","{0: 0, 1: 0, 2: 0, 3: 0, 4: 0, 5: 0, 6: 600, 7: 600, 8: 600, 9: 0}",99.94959677419355,90.7258064516129
rule_mencius,60c1s5r10p,YCSB_A,rw_1000000,concurrent_11,101,6600,152.5245,259.4341,298.11944000000005,171.1703866666667,660.0,"{0: 23.469, 1: 23.232, 2: 29.592, 3: 29.592, 4: 30.303}","{0: 471.938, 1: 470.312, 2: 472.312, 3: 468.0, 4: 469.75}","{0: 36, 1: 39, 2: 32, 3: 24, 4: 31, 5: 40, 6: 660, 7: 660, 8: 660, 9: 35}","{0: 36, 1: 39, 2: 32, 3: 24, 4: 31, 5: 40, 6: 660, 7: 660, 8: 660, 9: 35}","{0: 0, 1: 0, 2: 0, 3: 0, 4: 0, 5: 14, 6: 660, 7: 660, 8: 660, 9: 0}",100.0,89.94136220117275
rule_mencius,60c1s5r10p,YCSB_A,rw_1000000,concurrent_12,101,7200,155.5435,264.5569000000001,298.44903,172.29337416666667,720.0,"{0: 25.0, 1: 25.253, 2: 33.0, 3: 30.928, 4: 31.633}","{0: 474.688, 1: 473.125, 2: 474.688, 3: 470.688, 4: 472.312}","{0: 41, 1: 23, 2: 39, 3: 41, 4: 26, 5: 31, 6: 720, 7: 720, 8: 720, 9: 32}","{0: 41, 1: 23, 2: 39, 3: 41, 4: 26, 5: 31, 6: 720, 7: 720, 8: 720, 9: 32}","{0: 0, 1: 0, 2: 0, 3: 0, 4: 0, 5: 0, 6: 720, 7: 720, 8: 720, 9: 0}",100.0,90.2632678646051
rule_mencius,60c1s5r10p,YCSB_A,rw_1000000,concurrent_13,101,7800,157.648,260.4714,300.58009999999996,173.66398371794872,780.0,"{0: 32.653, 1: 32.0, 2: 33.673, 3: 34.343, 4: 34.694}","{0: 479.188, 1: 477.812, 2: 480.062, 3: 474.375, 4: 477.062}","{0: 38, 1: 30, 2: 50, 3: 41, 4: 38, 5: 39, 6: 780, 7: 780, 8: 780, 9: 38}","{0: 38, 1: 30, 2: 50, 3: 41, 4: 38, 5: 39, 6: 780, 7: 780, 8: 780, 9: 38}","{0: 0, 1: 0, 2: 0, 3: 0, 4: 0, 5: 5, 6: 780, 7: 780, 8: 780, 9: 0}",100.0,89.70925784238715
rule_mencius,60c1s5r10p,YCSB_A,rw_1000000,concurrent_14,101,8400,157.3665,264.2242,301.17041,174.82135630952382,840.0,"{0: 31.313, 1: 31.633, 2: 36.082, 3: 38.144, 4: 39.796}","{0: 482.562, 1: 481.062, 2: 483.438, 3: 479.688, 4: 480.125}","{0: 42, 1: 45, 2: 50, 3: 43, 4: 50, 5: 33, 6: 840, 7: 840, 8: 840, 9: 39}","{0: 42, 1: 45, 2: 50, 3: 43, 4: 50, 5: 33, 6: 840, 7: 840, 8: 840, 9: 39}","{0: 0, 1: 0, 2: 0, 3: 0, 4: 0, 5: 3, 6: 840, 7: 840, 8: 840, 9: 0}",100.0,89.40467753366407
rule_mencius,60c1s5r10p,YCSB_A,rw_1000000,concurrent_15,101,9000,157.20499999999998,266.1089,302.44616,174.50244177777776,900.0,"{0: 41.414, 1: 40.816, 2: 42.857, 3: 45.455, 4: 46.392}","{0: 485.75, 1: 483.5, 2: 485.812, 3: 480.438, 4: 482.562}","{0: 45, 1: 43, 2: 44, 3: 48, 4: 44, 5: 45, 6: 900, 7: 900, 8: 900, 9: 57}","{0: 45, 1: 43, 2: 44, 3: 48, 4: 44, 5: 45, 6: 898, 7: 900, 8: 899, 9: 57}","{0: 0, 1: 0, 2: 0, 3: 0, 4: 0, 5: 0, 6: 898, 7: 900, 8: 899, 9: 2}",99.90085922009253,89.19365499008592
rule_mencius,60c1s5r10p,YCSB_A,rw_1000000,concurrent_16,101,9600,159.6295,265.90180000000004,301.95009,175.93449916666668,960.0,"{0: 36.364, 1: 38.144, 2: 45.455, 3: 44.444, 4: 47.525}","{0: 489.625, 1: 488.0, 2: 491.062, 3: 486.562, 4: 487.062}","{0: 53, 1: 38, 2: 42, 3: 51, 4: 37, 5: 60, 6: 960, 7: 960, 8: 960, 9: 57}","{0: 53, 1: 38, 2: 42, 3: 51, 4: 37, 5: 60, 6: 960, 7: 959, 8: 960, 9: 57}","{0: 0, 1: 0, 2: 0, 3: 0, 4: 0, 5: 16, 6: 960, 7: 959, 8: 960, 9: 21}",99.96892479801119,90.61528899937849
rule_mencius,60c1s5r10p,YCSB_A,rw_1000000,concurrent_17,101,10200,160.7705,266.6381,306.68215000000004,177.99108107843136,1020.0,"{0: 43.878, 1: 45.455, 2: 43.878, 3: 46.465, 4: 48.485}","{0: 493.312, 1: 490.062, 2: 493.562, 3: 487.5, 4: 489.5}","{0: 53, 1: 51, 2: 48, 3: 81, 4: 60, 5: 47, 6: 1020, 7: 1020, 8: 1020, 9: 47}","{0: 53, 1: 51, 2: 48, 3: 81, 4: 60, 5: 47, 6: 1020, 7: 1020, 8: 1020, 9: 47}","{0: 0, 1: 0, 2: 0, 3: 11, 4: 0, 5: 5, 6: 1020, 7: 1020, 8: 1020, 9: 11}",100.0,89.55613577023499
rule_mencius,60c1s5r10p,YCSB_A,rw_1000000,concurrent_18,101,10800,159.719,270.0843,308.71260000000007,176.9593874074074,1080.0,"{0: 55.556, 1: 52.0, 2: 42.0, 3: 48.485, 4: 51.515}","{0: 497.625, 1: 495.375, 2: 499.438, 3: 493.688, 4: 493.25}","{0: 51, 1: 49, 2: 53, 3: 60, 4: 70, 5: 87, 6: 1080, 7: 1080, 8: 1080, 9: 83}","{0: 51, 1: 49, 2: 53, 3: 60, 4: 70, 5: 87, 6: 1080, 7: 1080, 8: 1079, 9: 83}","{0: 0, 1: 0, 2: 0, 3: 5, 4: 0, 5: 56, 6: 1080, 7: 1080, 8: 1079, 9: 46}",99.97292174383969,90.60384511237476
rule_mencius,60c1s5r10p,YCSB_A,rw_1000000,concurrent_19,101,11400,164.4085,276.5616,328.55002,185.19986368421056,1140.0,"{0: 56.566, 1: 56.122, 2: 57.143, 3: 59.0, 4: 60.204}","{0: 500.312, 1: 498.062, 2: 500.688, 3: 493.0, 4: 497.062}","{0: 74, 1: 60, 2: 54, 3: 129, 4: 60, 5: 140, 6: 1140, 7: 1140, 8: 957, 9: 181}","{0: 74, 1: 60, 2: 54, 3: 129, 4: 60, 5: 140, 6: 1140, 7: 1140, 8: 957, 9: 181}","{0: 0, 1: 0, 2: 0, 3: 51, 4: 7, 5: 99, 6: 1140, 7: 1140, 8: 950, 9: 157}",100.0,90.06353240152478
rule_mencius,60c1s5r10p,YCSB_A,rw_1000000,concurrent_20,101,12000,195.47199999999998,326.428,626.1960300000001,228.17109158333332,1200.0,"{0: 98.0, 1: 91.919, 2: 91.919, 3: 86.0, 4: 87.879}","{0: 505.812, 1: 503.375, 2: 507.062, 3: 501.5, 4: 501.0}","{0: 58, 1: 73, 2: 61, 3: 245, 4: 87, 5: 97, 6: 1200, 7: 1200, 8: 643, 9: 103}","{0: 58, 1: 73, 2: 61, 3: 245, 4: 87, 5: 97, 6: 1200, 7: 1199, 8: 643, 9: 103}","{0: 21, 1: 24, 2: 6, 3: 198, 4: 35, 5: 44, 6: 1200, 7: 1179, 8: 627, 9: 54}",99.97345367666578,89.9389434563313
rule_mencius,60c1s5r10p,YCSB_A,rw_1000000,concurrent_25,101,1212,948.173,10214.1,30969.4,3473.5632541254126,121.2,"{0: 100.0, 1: 100.0, 2: 100.0, 3: 100.0, 4: 100.0}","{0: 611.125, 1: 597.188, 2: 606.062, 3: 598.312, 4: 603.625}","{0: 0, 1: 1, 2: 0, 3: 0, 4: 1, 5: 61, 6: 125, 7: 51, 8: 310, 9: 38}","{0: 0, 1: 1, 2: 0, 3: 0, 4: 0, 5: 61, 6: 125, 7: 50, 8: 310, 9: 38}","{0: 0, 1: 1, 2: 0, 3: 0, 4: 0, 5: 60, 6: 125, 7: 50, 8: 285, 9: 38}",99.65928449744463,95.22998296422487
rule_mencius,60c1s5r10p,YCSB_A,rw_1000000,concurrent_30,101,62,7107.3,7107.5289999999995,15399.148000000005,6941.276935483871,6.2,"{0: 100.0, 1: 100.0, 2: 100.0, 3: 100.0, 4: 100.0}","{0: 662.438, 1: 645.375, 2: 656.875, 3: 651.0, 4: 687.562}","{0: 0, 1: 0, 2: 0, 3: 0, 4: 0, 5: 1, 6: 0, 7: 0, 8: 62, 9: 1}","{0: 0, 1: 0, 2: 0, 3: 0, 4: 0, 5: 1, 6: 0, 7: 0, 8: 60, 9: 1}","{0: 0, 1: 0, 2: 0, 3: 0, 4: 0, 5: 1, 6: 0, 7: 0, 8: 60, 9: 1}",96.875,96.875
rule_mencius,60c1s5r10p,YCSB_A,rw_1000000,concurrent_35,101,136,1873.53,29847.1,29847.2,9087.486713235296,13.6,"{0: 100.0, 1: 100.0, 2: 100.0, 3: 100.0, 4: 100.0}","{0: 667.625, 1: 677.625, 2: 707.438, 3: 722.938, 4: 678.125}","{0: 0, 1: 0, 2: 0, 3: 0, 4: 0, 5: 0, 6: 0, 7: 0, 8: 137, 9: 0}","{0: 0, 1: 0, 2: 0, 3: 0, 4: 0, 5: 0, 6: 0, 7: 0, 8: 136, 9: 0}","{0: 0, 1: 0, 2: 0, 3: 0, 4: 0, 5: 0, 6: 0, 7: 0, 8: 136, 9: 0}",99.27007299270073,99.27007299270073
rule_mencius,60c1s5r10p,YCSB_A,rw_1000000,concurrent_40,101,0,0,0,0,0,0.0,"{0: 100.0, 1: 100.0, 2: 100.0, 3: 100.0, 4: 100.0}","{0: 695.0, 1: 706.812, 2: 694.688, 3: 672.312, 4: 676.312}","{0: 0, 1: 0, 2: 0, 3: 0, 4: 0, 5: 0, 6: 0, 7: 0, 8: 0, 9: 0}","{0: 0, 1: 0, 2: 0, 3: 0, 4: 0, 5: 0, 6: 0, 7: 0, 8: 0, 9: 0}","{0: 0, 1: 0, 2: 0, 3: 0, 4: 0, 5: 0, 6: 0, 7: 0, 8: 0, 9: 0}",0,0
rule_mencius,60c1s5r10p,YCSB_A,rw_1000000,concurrent_45,101,0,0,0,0,0,0.0,"{0: 100.0, 1: 100.0, 2: 100.0, 3: 100.0, 4: 100.0}","{0: 747.438, 1: 737.125, 2: 711.875, 3: 702.375, 4: 709.5}","{0: 0, 1: 0, 2: 0, 3: 0, 4: 0, 5: 0, 6: 0, 7: 0, 8: 0, 9: 0}","{0: 0, 1: 0, 2: 0, 3: 0, 4: 0, 5: 0, 6: 0, 7: 0, 8: 0, 9: 0}","{0: 0, 1: 0, 2: 0, 3: 0, 4: 0, 5: 0, 6: 0, 7: 0, 8: 0, 9: 0}",0,0
rule_mencius,60c1s5r10p,YCSB_A,rw_zipf_1,concurrent_1,0,600,152.49,298.9458000000001,361.02404,201.77326666666667,60.0,"{0: 1.02, 1: 2.02, 2: 2.02, 3: 1.02, 4: 2.02}","{0: 448.312, 1: 447.688, 2: 447.938, 3: 447.812, 4: 447.812}","{0: 0, 1: 0, 2: 0, 3: 0, 4: 0, 5: 0, 6: 0, 7: 0, 8: 0, 9: 0}","{0: 0, 1: 0, 2: 0, 3: 0, 4: 0, 5: 0, 6: 0, 7: 0, 8: 0, 9: 0}","{0: 0, 1: 0, 2: 0, 3: 0, 4: 0, 5: 0, 6: 0, 7: 0, 8: 0, 9: 0}",0,0
rule_mencius,60c1s5r10p,YCSB_A,rw_zipf_1,concurrent_10,0,6000,155.3595,305.19750000000005,363.38117,202.33985800000002,600.0,"{0: 11.224, 1: 11.34, 2: 12.245, 3: 12.121, 4: 11.881}","{0: 479.125, 1: 477.875, 2: 479.062, 3: 476.062, 4: 477.0}","{0: 0, 1: 0, 2: 0, 3: 0, 4: 0, 5: 0, 6: 0, 7: 0, 8: 0, 9: 0}","{0: 0, 1: 0, 2: 0, 3: 0, 4: 0, 5: 0, 6: 0, 7: 0, 8: 0, 9: 0}","{0: 0, 1: 0, 2: 0, 3: 0, 4: 0, 5: 0, 6: 0, 7: 0, 8: 0, 9: 0}",0,0
rule_mencius,60c1s5r10p,YCSB_A,rw_zipf_1,concurrent_11,0,6600,157.5755,306.5631,357.09803,202.16573984848483,660.0,"{0: 15.464, 1: 15.464, 2: 17.0, 3: 16.327, 4: 16.327}","{0: 481.5, 1: 480.188, 2: 481.562, 3: 477.5, 4: 477.75}","{0: 0, 1: 0, 2: 0, 3: 0, 4: 0, 5: 0, 6: 0, 7: 0, 8: 0, 9: 0}","{0: 0, 1: 0, 2: 0, 3: 0, 4: 0, 5: 0, 6: 0, 7: 0, 8: 0, 9: 0}","{0: 0, 1: 0, 2: 0, 3: 0, 4: 0, 5: 0, 6: 0, 7: 0, 8: 0, 9: 0}",0,0
rule_mencius,60c1s5r10p,YCSB_A,rw_zipf_1,concurrent_12,0,7200,155.66649999999998,304.4961,359.22502000000003,201.2761525,720.0,"{0: 15.152, 1: 14.286, 2: 16.162, 3: 16.327, 4: 15.152}","{0: 485.562, 1: 484.375, 2: 486.125, 3: 481.312, 4: 483.125}","{0: 0, 1: 0, 2: 0, 3: 0, 4: 0, 5: 0, 6: 0, 7: 0, 8: 0, 9: 0}","{0: 0, 1: 0, 2: 0, 3: 0, 4: 0, 5: 0, 6: 0, 7: 0, 8: 0, 9: 0}","{0: 0, 1: 0, 2: 0, 3: 0, 4: 0, 5: 0, 6: 0, 7: 0, 8: 0, 9: 0}",0,0
rule_mencius,60c1s5r10p,YCSB_A,rw_zipf_1,concurrent_13,0,7800,156.9235,304.9751,361.40209,203.42672615384615,780.0,"{0: 16.0, 1: 15.464, 2: 16.832, 3: 16.327, 4: 17.172}","{0: 487.75, 1: 486.0, 2: 487.625, 3: 483.562, 4: 484.875}","{0: 0, 1: 0, 2: 0, 3: 0, 4: 0, 5: 0, 6: 0, 7: 0, 8: 0, 9: 0}","{0: 0, 1: 0, 2: 0, 3: 0, 4: 0, 5: 0, 6: 0, 7: 0, 8: 0, 9: 0}","{0: 0, 1: 0, 2: 0, 3: 0, 4: 0, 5: 0, 6: 0, 7: 0, 8: 0, 9: 0}",0,0
rule_mencius,60c1s5r10p,YCSB_A,rw_zipf_1,concurrent_14,0,8400,158.52,306.9744,361.72405,203.94889988095235,840.0,"{0: 16.495, 1: 17.172, 2: 16.495, 3: 18.0, 4: 17.172}","{0: 492.062, 1: 490.688, 2: 492.75, 3: 487.5, 4: 489.875}","{0: 0, 1: 0, 2: 0, 3: 0, 4: 0, 5: 0, 6: 0, 7: 0, 8: 0, 9: 0}","{0: 0, 1: 0, 2: 0, 3: 0, 4: 0, 5: 0, 6: 0, 7: 0, 8: 0, 9: 0}","{0: 0, 1: 0, 2: 0, 3: 0, 4: 0, 5: 0, 6: 0, 7: 0, 8: 0, 9: 0}",0,0
rule_mencius,60c1s5r10p,YCSB_A,rw_zipf_1,concurrent_15,0,9000,158.19299999999998,305.22540000000004,361.56613,204.66959611111113,900.0,"{0: 18.182, 1: 17.347, 2: 18.367, 3: 19.192, 4: 18.367}","{0: 493.812, 1: 492.312, 2: 494.25, 3: 489.375, 4: 491.0}","{0: 0, 1: 0, 2: 0, 3: 0, 4: 0, 5: 0, 6: 0, 7: 0, 8: 0, 9: 0}","{0: 0, 1: 0, 2: 0, 3: 0, 4: 0, 5: 0, 6: 0, 7: 0, 8: 0, 9: 0}","{0: 0, 1: 0, 2: 0, 3: 0, 4: 0, 5: 0, 6: 0, 7: 0, 8: 0, 9: 0}",0,0
rule_mencius,60c1s5r10p,YCSB_A,rw_zipf_1,concurrent_16,0,9600,157.7335,304.6803,357.64118,202.83302833333335,960.0,"{0: 24.242, 1: 23.0, 2: 22.449, 3: 22.222, 4: 23.0}","{0: 496.938, 1: 497.812, 2: 499.438, 3: 493.5, 4: 495.75}","{0: 0, 1: 0, 2: 0, 3: 0, 4: 0, 5: 0, 6: 0, 7: 0, 8: 0, 9: 0}","{0: 0, 1: 0, 2: 0, 3: 0, 4: 0, 5: 0, 6: 0, 7: 0, 8: 0, 9: 0}","{0: 0, 1: 0, 2: 0, 3: 0, 4: 0, 5: 0, 6: 0, 7: 0, 8: 0, 9: 0}",0,0
rule_mencius,60c1s5r10p,YCSB_A,rw_zipf_1,concurrent_17,0,10200,158.7735,304.493,359.99504,205.3620681372549,1020.0,"{0: 25.51, 1: 24.242, 2: 22.449, 3: 22.0, 4: 21.212}","{0: 501.062, 1: 498.625, 2: 501.75, 3: 495.875, 4: 497.438}","{0: 0, 1: 0, 2: 0, 3: 0, 4: 0, 5: 0, 6: 0, 7: 0, 8: 0, 9: 0}","{0: 0, 1: 0, 2: 0, 3: 0, 4: 0, 5: 0, 6: 0, 7: 0, 8: 0, 9: 0}","{0: 0, 1: 0, 2: 0, 3: 0, 4: 0, 5: 0, 6: 0, 7: 0, 8: 0, 9: 0}",0,0
rule_mencius,60c1s5r10p,YCSB_A,rw_zipf_1,concurrent_18,0,10800,162.4765,305.0442,363.65403,207.48411740740738,1080.0,"{0: 31.313, 1: 30.612, 2: 27.273, 3: 31.0, 4: 29.897}","{0: 504.938, 1: 503.188, 2: 506.312, 3: 501.562, 4: 501.562}","{0: 0, 1: 0, 2: 0, 3: 0, 4: 0, 5: 0, 6: 0, 7: 0, 8: 0, 9: 0}","{0: 0, 1: 0, 2: 0, 3: 0, 4: 0, 5: 0, 6: 0, 7: 0, 8: 0, 9: 0}","{0: 0, 1: 0, 2: 0, 3: 0, 4: 0, 5: 0, 6: 0, 7: 0, 8: 0, 9: 0}",0,0
rule_mencius,60c1s5r10p,YCSB_A,rw_zipf_1,concurrent_19,0,11400,160.70600000000002,304.3854,359.55334,205.11494149122808,1140.0,"{0: 31.0, 1: 30.612, 2: 31.0, 3: 30.303, 4: 31.633}","{0: 507.0, 1: 505.312, 2: 508.062, 3: 500.812, 4: 503.812}","{0: 0, 1: 0, 2: 0, 3: 0, 4: 0, 5: 0, 6: 0, 7: 0, 8: 0, 9: 0}","{0: 0, 1: 0, 2: 0, 3: 0, 4: 0, 5: 0, 6: 0, 7: 0, 8: 0, 9: 0}","{0: 0, 1: 0, 2: 0, 3: 0, 4: 0, 5: 0, 6: 0, 7: 0, 8: 0, 9: 0}",0,0
rule_mencius,60c1s5r10p,YCSB_A,rw_zipf_1,concurrent_20,0,12000,163.4885,308.5077,363.32628000000005,208.43271041666665,1200.0,"{0: 34.0, 1: 33.333, 2: 32.323, 3: 31.633, 4: 32.653}","{0: 510.0, 1: 511.062, 2: 513.25, 3: 505.875, 4: 509.188}","{0: 0, 1: 0, 2: 0, 3: 0, 4: 0, 5: 0, 6: 0, 7: 0, 8: 0, 9: 0}","{0: 0, 1: 0, 2: 0, 3: 0, 4: 0, 5: 0, 6: 0, 7: 0, 8: 0, 9: 0}","{0: 0, 1: 0, 2: 0, 3: 0, 4: 0, 5: 0, 6: 0, 7: 0, 8: 0, 9: 0}",0,0
rule_mencius,60c1s5r10p,YCSB_A,rw_zipf_1,concurrent_25,0,15000,188.745,319.4129,371.99131,220.93142133333336,1500.0,"{0: 54.545, 1: 57.0, 2: 61.616, 3: 61.765, 4: 60.0}","{0: 526.562, 1: 523.875, 2: 526.938, 3: 519.312, 4: 518.812}","{0: 0, 1: 0, 2: 0, 3: 0, 4: 0, 5: 0, 6: 0, 7: 0, 8: 0, 9: 0}","{0: 0, 1: 0, 2: 0, 3: 0, 4: 0, 5: 0, 6: 0, 7: 0, 8: 0, 9: 0}","{0: 0, 1: 0, 2: 0, 3: 0, 4: 0, 5: 0, 6: 0, 7: 0, 8: 0, 9: 0}",0,0
rule_mencius,60c1s5r10p,YCSB_A,rw_zipf_1,concurrent_30,0,18000,183.79250000000002,318.47060000000005,366.4996099999999,218.80519288888888,1800.0,"{0: 49.495, 1: 49.495, 2: 57.576, 3: 58.163, 4: 57.143}","{0: 543.938, 1: 541.062, 2: 545.438, 3: 541.312, 4: 538.938}","{0: 0, 1: 0, 2: 0, 3: 0, 4: 0, 5: 0, 6: 0, 7: 0, 8: 0, 9: 0}","{0: 0, 1: 0, 2: 0, 3: 0, 4: 0, 5: 0, 6: 0, 7: 0, 8: 0, 9: 0}","{0: 0, 1: 0, 2: 0, 3: 0, 4: 0, 5: 0, 6: 0, 7: 0, 8: 0, 9: 0}",0,0
rule_mencius,60c1s5r10p,YCSB_A,rw_zipf_1,concurrent_35,0,21000,254.2615,365.3174,439.21681999999987,267.4524527142857,2100.0,"{0: 74.747, 1: 76.531, 2: 85.0, 3: 83.0, 4: 84.0}","{0: 559.625, 1: 555.75, 2: 560.062, 3: 549.5, 4: 552.375}","{0: 0, 1: 0, 2: 0, 3: 0, 4: 0, 5: 0, 6: 0, 7: 0, 8: 0, 9: 0}","{0: 0, 1: 0, 2: 0, 3: 0, 4: 0, 5: 0, 6: 0, 7: 0, 8: 0, 9: 0}","{0: 0, 1: 0, 2: 0, 3: 0, 4: 0, 5: 0, 6: 0, 7: 0, 8: 0, 9: 0}",0,0
rule_mencius,60c1s5r10p,YCSB_A,rw_zipf_1,concurrent_40,0,4258,1392.365,10718.6,27602.443,3846.385999530296,425.8,"{0: 100.0, 1: 100.0, 2: 100.0, 3: 100.0, 4: 100.0}","{0: 613.375, 1: 611.625, 2: 631.25, 3: 591.875, 4: 604.062}","{0: 0, 1: 0, 2: 0, 3: 0, 4: 0, 5: 0, 6: 0, 7: 0, 8: 0, 9: 0}","{0: 0, 1: 0, 2: 0, 3: 0, 4: 0, 5: 0, 6: 0, 7: 0, 8: 0, 9: 0}","{0: 0, 1: 0, 2: 0, 3: 0, 4: 0, 5: 0, 6: 0, 7: 0, 8: 0, 9: 0}",0,0
rule_mencius,60c1s5r10p,YCSB_A,rw_zipf_1,concurrent_45,0,2156,1391.91,9831.05,36091.6,4030.9648455473093,215.6,"{0: 100.0, 1: 100.0, 2: 100.0, 3: 100.0, 4: 100.0}","{0: 637.312, 1: 635.688, 2: 647.5, 3: 609.75, 4: 627.438}","{0: 0, 1: 0, 2: 0, 3: 0, 4: 0, 5: 0, 6: 0, 7: 0, 8: 0, 9: 0}","{0: 0, 1: 0, 2: 0, 3: 0, 4: 0, 5: 0, 6: 0, 7: 0, 8: 0, 9: 0}","{0: 0, 1: 0, 2: 0, 3: 0, 4: 0, 5: 0, 6: 0, 7: 0, 8: 0, 9: 0}",0,0
rule_mencius,60c1s5r10p,YCSB_A,rw_zipf_1,concurrent_1,100,600,146.3265,208.30849999999998,211.36602000000002,151.38484833333334,60.0,"{0: 4.082, 1: 4.082, 2: 4.082, 3: 4.082, 4: 3.093}","{0: 449.875, 1: 449.625, 2: 449.812, 3: 449.375, 4: 449.562}","{0: 60, 1: 60, 2: 60, 3: 60, 4: 60, 5: 60, 6: 60, 7: 60, 8: 60, 9: 60}","{0: 49, 1: 55, 2: 54, 3: 58, 4: 55, 5: 55, 6: 58, 7: 58, 8: 56, 9: 55}","{0: 0, 1: 0, 2: 0, 3: 0, 4: 0, 5: 0, 6: 58, 7: 58, 8: 56, 9: 0}",92.16666666666667,28.666666666666668
rule_mencius,60c1s5r10p,YCSB_A,rw_zipf_1,concurrent_10,100,6000,149.2305,211.8222,247.20420000000001,156.5512105,600.0,"{0: 39.394, 1: 37.374, 2: 37.755, 3: 35.052, 4: 37.0}","{0: 483.062, 1: 481.812, 2: 484.812, 3: 480.875, 4: 481.625}","{0: 600, 1: 600, 2: 600, 3: 600, 4: 600, 5: 600, 6: 600, 7: 600, 8: 600, 9: 600}","{0: 460, 1: 476, 2: 478, 3: 482, 4: 483, 5: 486, 6: 463, 7: 484, 8: 470, 9: 460}","{0: 0, 1: 0, 2: 0, 3: 0, 4: 0, 5: 36, 6: 463, 7: 484, 8: 470, 9: 0}",79.03333333333333,24.216666666666665
rule_mencius,60c1s5r10p,YCSB_A,rw_zipf_1,concurrent_11,100,6600,151.747,210.5851,255.45419,159.59586303030304,660.0,"{0: 44.898, 1: 45.918, 2: 44.898, 3: 42.857, 4: 44.444}","{0: 486.438, 1: 486.562, 2: 488.812, 3: 484.688, 4: 485.812}","{0: 660, 1: 660, 2: 660, 3: 660, 4: 660, 5: 660, 6: 660, 7: 660, 8: 660, 9: 660}","{0: 514, 1: 521, 2: 506, 3: 501, 4: 516, 5: 534, 6: 504, 7: 508, 8: 514, 9: 521}","{0: 0, 1: 0, 2: 0, 3: 0, 4: 0, 5: 167, 6: 504, 7: 508, 8: 514, 9: 159}",77.86363636363636,28.060606060606062
rule_mencius,60c1s5r10p,YCSB_A,rw_zipf_1,concurrent_12,100,7200,151.9665,213.0239,250.73822,160.06649333333334,720.0,"{0: 53.0, 1: 51.02, 2: 52.577, 3: 51.02, 4: 52.041}","{0: 491.375, 1: 489.938, 2: 494.188, 3: 487.438, 4: 489.625}","{0: 720, 1: 720, 2: 720, 3: 720, 4: 720, 5: 720, 6: 720, 7: 720, 8: 720, 9: 720}","{0: 548, 1: 569, 2: 520, 3: 553, 4: 550, 5: 565, 6: 552, 7: 539, 8: 576, 9: 571}","{0: 0, 1: 0, 2: 0, 3: 0, 4: 0, 5: 337, 6: 552, 7: 539, 8: 576, 9: 245}",76.98611111111111,31.23611111111111
rule_mencius,60c1s5r10p,YCSB_A,rw_zipf_1,concurrent_13,100,7800,155.255,213.8518,251.12524000000005,162.33832346153847,780.0,"{0: 61.616, 1: 60.204, 2: 61.616, 3: 57.143, 4: 59.0}","{0: 494.875, 1: 492.75, 2: 494.625, 3: 490.0, 4: 490.438}","{0: 780, 1: 780, 2: 780, 3: 780, 4: 780, 5: 780, 6: 780, 7: 780, 8: 780, 9: 780}","{0: 582, 1: 567, 2: 594, 3: 625, 4: 576, 5: 595, 6: 600, 7: 593, 8: 614, 9: 605}","{0: 0, 1: 0, 2: 0, 3: 0, 4: 0, 5: 324, 6: 600, 7: 593, 8: 614, 9: 203}",76.2948717948718,29.923076923076923
rule_mencius,60c1s5r10p,YCSB_A,rw_zipf_1,concurrent_14,100,8400,162.22199999999998,213.8153,263.34264,170.5080786904762,840.0,"{0: 72.727, 1: 71.0, 2: 68.687, 3: 67.347, 4: 67.677}","{0: 499.25, 1: 497.375, 2: 499.062, 3: 494.438, 4: 497.062}","{0: 840, 1: 840, 2: 840, 3: 840, 4: 840, 5: 840, 6: 840, 7: 840, 8: 840, 9: 840}","{0: 646, 1: 640, 2: 618, 3: 659, 4: 630, 5: 642, 6: 619, 7: 648, 8: 627, 9: 645}","{0: 0, 1: 0, 2: 0, 3: 160, 4: 75, 5: 395, 6: 619, 7: 648, 8: 627, 9: 351}",75.88095238095238,34.226190476190474
rule_mencius,60c1s5r10p,YCSB_A,rw_zipf_1,concurrent_15,100,9000,172.7045,216.72910000000002,280.1366100000001,178.70933311111114,900.0,"{0: 83.168, 1: 84.536, 2: 81.0, 3: 77.778, 4: 79.798}","{0: 501.625, 1: 501.812, 2: 504.312, 3: 499.125, 4: 501.062}","{0: 900, 1: 900, 2: 900, 3: 900, 4: 900, 5: 900, 6: 900, 7: 900, 8: 900, 9: 900}","{0: 682, 1: 685, 2: 688, 3: 699, 4: 686, 5: 687, 6: 696, 7: 682, 8: 710, 9: 688}","{0: 0, 1: 0, 2: 0, 3: 232, 4: 214, 5: 561, 6: 696, 7: 682, 8: 710, 9: 611}",76.7,41.17777777777778
rule_mencius,60c1s5r10p,YCSB_A,rw_zipf_1,concurrent_16,100,2973,194.148,2808.578,18293.928,1527.1475563403967,297.3,{0: 100.0},{0: 597.062},{0: 29},{0: 11},{0: 11},37.93103448275862,37.93103448275862
rule_mencius,60c1s5r10p,YCSB_A,rw_zipf_1,concurrent_17,100,644,929.517,8056.3240000000005,17904.5,2868.972649068323,64.4,"{0: 100.0, 1: 100.0, 2: 100.0, 3: 100.0, 4: 100.0}","{0: 618.188, 1: 605.5, 2: 608.312, 3: 598.062, 4: 607.625}","{0: 7, 1: 14, 2: 10, 3: 19, 4: 14, 5: 310, 6: 48, 7: 56, 8: 243, 9: 223}","{0: 0, 1: 0, 2: 0, 3: 0, 4: 0, 5: 181, 6: 14, 7: 11, 8: 149, 9: 124}","{0: 0, 1: 0, 2: 0, 3: 0, 4: 0, 5: 181, 6: 14, 7: 11, 8: 149, 9: 124}",50.74152542372882,50.74152542372882
rule_mencius,60c1s5r10p,YCSB_A,rw_zipf_1,concurrent_18,100,643,795.148,4584.798,9876.53940000003,1796.463628304821,64.3,"{0: 100.0, 1: 100.0, 2: 100.0, 3: 100.0, 4: 100.0}","{0: 608.75, 1: 611.812, 2: 643.25, 3: 614.438, 4: 604.188}","{0: 6, 1: 10, 2: 6, 3: 11, 4: 18, 5: 225, 6: 32, 7: 22, 8: 312, 9: 245}","{0: 0, 1: 0, 2: 0, 3: 0, 4: 0, 5: 130, 6: 10, 7: 0, 8: 186, 9: 156}","{0: 0, 1: 0, 2: 0, 3: 0, 4: 0, 5: 116, 6: 10, 7: 0, 8: 186, 9: 156}",54.340473506200674,52.76211950394588
rule_mencius,60c1s5r10p,YCSB_A,rw_zipf_1,concurrent_19,100,294,1400.835,12334.7,23276.2,3741.296585034013,29.4,"{0: 100.0, 1: 100.0, 2: 100.0, 3: 100.0, 4: 100.0}","{0: 622.625, 1: 627.688, 2: 635.438, 3: 616.5, 4: 619.0}","{0: 3, 1: 2, 2: 0, 3: 3, 4: 3, 5: 144, 6: 22, 7: 22, 8: 178, 9: 143}","{0: 0, 1: 0, 2: 0, 3: 0, 4: 0, 5: 69, 6: 0, 7: 0, 8: 92, 9: 71}","{0: 0, 1: 0, 2: 0, 3: 0, 4: 0, 5: 69, 6: 0, 7: 0, 8: 92, 9: 71}",44.61538461538461,44.61538461538461
rule_mencius,60c1s5r10p,YCSB_A,rw_zipf_1,concurrent_20,100,201,3841.63,13851.4,19189.9,4965.569338308457,20.1,"{0: 100.0, 1: 100.0, 2: 100.0, 3: 100.0, 4: 100.0}","{0: 629.062, 1: 644.75, 2: 657.25, 3: 634.688, 4: 635.125}","{0: 11, 1: 2, 2: 2, 3: 8, 4: 0, 5: 115, 6: 38, 7: 17, 8: 138, 9: 119}","{0: 0, 1: 0, 2: 0, 3: 0, 4: 0, 5: 48, 6: 3, 7: 0, 8: 65, 9: 64}","{0: 0, 1: 0, 2: 0, 3: 0, 4: 0, 5: 48, 6: 3, 7: 0, 8: 65, 9: 64}",40.0,40.0
rule_mencius,60c1s5r10p,YCSB_A,rw_zipf_1,concurrent_25,100,0,0,0,0,0,0.0,"{0: 100.0, 1: 100.0, 2: 100.0, 3: 100.0, 4: 100.0}","{0: 662.375, 1: 659.375, 2: 659.438, 3: 653.688, 4: 647.25}","{0: 0, 1: 0, 2: 0, 3: 0, 4: 0, 5: 21, 6: 6, 7: 8, 8: 26, 9: 14}","{0: 0, 1: 0, 2: 0, 3: 0, 4: 0, 5: 0, 6: 0, 7: 0, 8: 0, 9: 0}","{0: 0, 1: 0, 2: 0, 3: 0, 4: 0, 5: 0, 6: 0, 7: 0, 8: 0, 9: 0}",0.0,0.0
rule_mencius,60c1s5r10p,YCSB_A,rw_zipf_1,concurrent_30,100,0,0,0,0,0,0.0,"{0: 100.0, 1: 100.0, 2: 100.0, 3: 100.0, 4: 100.0}","{0: 743.562, 1: 677.312, 2: 698.625, 3: 677.312, 4: 728.438}","{0: 0, 1: 0, 2: 0, 3: 16, 4: 0, 5: 26, 6: 3, 7: 0, 8: 21, 9: 27}","{0: 0, 1: 0, 2: 0, 3: 0, 4: 0, 5: 0, 6: 0, 7: 0, 8: 0, 9: 0}","{0: 0, 1: 0, 2: 0, 3: 0, 4: 0, 5: 0, 6: 0, 7: 0, 8: 0, 9: 0}",0.0,0.0
rule_mencius,60c1s5r10p,YCSB_A,rw_zipf_1,concurrent_35,100,0,0,0,0,0,0.0,"{0: 100.0, 1: 100.0, 2: 100.0, 3: 100.0, 4: 100.0}","{0: 713.062, 1: 699.0, 2: 693.125, 3: 729.25, 4: 682.625}","{0: 0, 1: 0, 2: 0, 3: 0, 4: 0, 5: 0, 6: 0, 7: 0, 8: 9, 9: 3}","{0: 0, 1: 0, 2: 0, 3: 0, 4: 0, 5: 0, 6: 0, 7: 0, 8: 0, 9: 0}","{0: 0, 1: 0, 2: 0, 3: 0, 4: 0, 5: 0, 6: 0, 7: 0, 8: 0, 9: 0}",0.0,0.0
rule_mencius,60c1s5r10p,YCSB_A,rw_zipf_1,concurrent_40,100,0,0,0,0,0,0.0,"{0: 100.0, 1: 100.0, 2: 100.0, 3: 100.0, 4: 100.0}","{0: 715.25, 1: 720.199, 2: 743.062, 3: 710.25, 4: 720.125}","{0: 0, 1: 0, 2: 0, 3: 0, 4: 0, 5: 8, 6: 4, 7: 25, 8: 5, 9: 5}","{0: 0, 1: 0, 2: 0, 3: 0, 4: 0, 5: 0, 6: 0, 7: 0, 8: 0, 9: 0}","{0: 0, 1: 0, 2: 0, 3: 0, 4: 0, 5: 0, 6: 0, 7: 0, 8: 0, 9: 0}",0.0,0.0
rule_mencius,60c1s5r10p,YCSB_A,rw_zipf_1,concurrent_45,100,0,0,0,0,0,0.0,"{0: 100.0, 1: 100.0, 2: 100.0, 3: 100.0, 4: 100.0}","{0: 754.766, 1: 742.875, 2: 731.125, 3: 721.375, 4: 754.312}","{0: 0, 1: 0, 2: 0, 3: 0, 4: 0, 5: 37, 6: 3, 7: 0, 8: 18, 9: 17}","{0: 0, 1: 0, 2: 0, 3: 0, 4: 0, 5: 0, 6: 0, 7: 0, 8: 0, 9: 0}","{0: 0, 1: 0, 2: 0, 3: 0, 4: 0, 5: 0, 6: 0, 7: 0, 8: 0, 9: 0}",0.0,0.0
rule_mencius,60c1s5r10p,YCSB_A,rw_zipf_1,concurrent_1,101,600,149.84750000000003,213.50300000000001,296.8301,164.65589166666666,60.0,"{0: 2.062, 1: 3.061, 2: 3.03, 3: 3.061, 4: 3.061}","{0: 449.625, 1: 449.312, 2: 449.375, 3: 449.188, 4: 449.188}","{0: 24, 1: 24, 2: 23, 3: 20, 4: 23, 5: 24, 6: 60, 7: 60, 8: 60, 9: 19}","{0: 22, 1: 19, 2: 21, 3: 18, 4: 20, 5: 23, 6: 52, 7: 55, 8: 58, 9: 18}","{0: 0, 1: 0, 2: 0, 3: 0, 4: 0, 5: 0, 6: 52, 7: 55, 8: 58, 9: 0}",90.80118694362018,48.961424332344215
rule_mencius,60c1s5r10p,YCSB_A,rw_zipf_1,concurrent_10,101,6000,154.029,276.2017,330.59664000000004,180.6281781666667,600.0,"{0: 16.162, 1: 15.464, 2: 20.0, 3: 19.388, 4: 20.0}","{0: 480.75, 1: 479.375, 2: 481.438, 3: 478.75, 4: 479.062}","{0: 26, 1: 34, 2: 35, 3: 24, 4: 33, 5: 31, 6: 392, 7: 423, 8: 406, 9: 34}","{0: 18, 1: 27, 2: 26, 3: 15, 4: 25, 5: 27, 6: 311, 7: 339, 8: 321, 9: 29}","{0: 0, 1: 0, 2: 0, 3: 0, 4: 0, 5: 0, 6: 311, 7: 339, 8: 321, 9: 0}",79.13769123783032,67.52433936022253
rule_mencius,60c1s5r10p,YCSB_A,rw_zipf_1,concurrent_11,101,6600,154.33749999999998,282.36330000000004,328.0605,181.77590136363636,660.0,"{0: 20.619, 1: 21.212, 2: 20.619, 3: 22.0, 4: 21.212}","{0: 484.562, 1: 483.188, 2: 485.562, 3: 482.0, 4: 482.25}","{0: 31, 1: 42, 2: 39, 3: 47, 4: 32, 5: 23, 6: 421, 7: 441, 8: 504, 9: 28}","{0: 22, 1: 31, 2: 29, 3: 38, 4: 29, 5: 15, 6: 333, 7: 361, 8: 396, 9: 20}","{0: 0, 1: 0, 2: 0, 3: 0, 4: 0, 5: 0, 6: 333, 7: 361, 8: 396, 9: 0}",79.22885572139303,67.7860696517413
rule_mencius,60c1s5r10p,YCSB_A,rw_zipf_1,concurrent_12,101,7200,155.023,282.606,330.8538500000002,181.6346973611111,720.0,"{0: 21.212, 1: 20.408, 2: 23.469, 3: 25.253, 4: 25.253}","{0: 487.75, 1: 486.375, 2: 488.125, 3: 484.25, 4: 485.875}","{0: 35, 1: 29, 2: 29, 3: 50, 4: 39, 5: 274, 6: 457, 7: 452, 8: 498, 9: 115}","{0: 25, 1: 24, 2: 26, 3: 40, 4: 28, 5: 229, 6: 358, 7: 347, 8: 390, 9: 94}","{0: 0, 1: 0, 2: 0, 3: 0, 4: 0, 5: 210, 6: 358, 7: 347, 8: 390, 9: 50}",78.9180990899899,68.50353892821032
rule_mencius,60c1s5r10p,YCSB_A,rw_zipf_1,concurrent_13,101,7800,155.788,287.7276,362.07142000000005,184.5883146153846,780.0,"{0: 25.51, 1: 24.49, 2: 25.51, 3: 27.273, 4: 27.551}","{0: 491.0, 1: 489.688, 2: 492.0, 3: 488.375, 4: 488.688}","{0: 37, 1: 42, 2: 34, 3: 41, 4: 52, 5: 39, 6: 440, 7: 508, 8: 570, 9: 32}","{0: 26, 1: 35, 2: 26, 3: 32, 4: 41, 5: 33, 6: 334, 7: 405, 8: 460, 9: 23}","{0: 0, 1: 0, 2: 0, 3: 0, 4: 0, 5: 0, 6: 334, 7: 405, 8: 460, 9: 0}",78.83008356545962,66.7966573816156
rule_mencius,60c1s5r10p,YCSB_A,rw_zipf_1,concurrent_14,101,8400,157.169,284.3365,343.83222000000006,185.39860857142858,840.0,"{0: 32.323, 1: 31.313, 2: 29.897, 3: 31.313, 4: 32.653}","{0: 495.188, 1: 493.812, 2: 496.562, 3: 491.312, 4: 493.375}","{0: 38, 1: 45, 2: 42, 3: 38, 4: 37, 5: 55, 6: 492, 7: 558, 8: 568, 9: 45}","{0: 31, 1: 37, 2: 36, 3: 34, 4: 32, 5: 44, 6: 383, 7: 443, 8: 427, 9: 31}","{0: 0, 1: 0, 2: 0, 3: 0, 4: 0, 5: 6, 6: 383, 7: 443, 8: 427, 9: 3}",78.10218978102189,65.79770594369134
rule_mencius,60c1s5r10p,YCSB_A,rw_zipf_1,concurrent_15,101,9000,155.665,290.576,362.42004000000003,187.0617427777778,900.0,"{0: 25.773, 1: 26.804, 2: 33.673, 3: 35.0, 4: 35.354}","{0: 496.875, 1: 495.375, 2: 497.625, 3: 493.938, 4: 494.062}","{0: 44, 1: 52, 2: 49, 3: 45, 4: 45, 5: 48, 6: 470, 7: 539, 8: 558, 9: 41}","{0: 37, 1: 41, 2: 35, 3: 34, 4: 34, 5: 40, 6: 373, 7: 417, 8: 437, 9: 29}","{0: 0, 1: 0, 2: 0, 3: 0, 4: 0, 5: 6, 6: 373, 7: 417, 8: 437, 9: 2}",78.10682178741406,65.30936012691697
rule_mencius,60c1s5r10p,YCSB_A,rw_zipf_1,concurrent_16,101,9600,161.7815,294.4724,362.89843,191.106269375,960.0,"{0: 42.857, 1: 42.0, 2: 31.683, 3: 41.414, 4: 40.404}","{0: 500.625, 1: 499.25, 2: 503.938, 3: 498.312, 4: 498.75}","{0: 47, 1: 56, 2: 54, 3: 55, 4: 41, 5: 58, 6: 455, 7: 524, 8: 544, 9: 41}","{0: 37, 1: 44, 2: 41, 3: 38, 4: 35, 5: 43, 6: 360, 7: 408, 8: 425, 9: 33}","{0: 0, 1: 0, 2: 0, 3: 0, 4: 0, 5: 16, 6: 360, 7: 408, 8: 425, 9: 1}",78.08,64.53333333333333
rule_mencius,60c1s5r10p,YCSB_A,rw_zipf_1,concurrent_17,101,10200,158.4205,294.2468,362.55046000000004,189.241973627451,1020.0,"{0: 32.653, 1: 33.333, 2: 36.0, 3: 40.0, 4: 38.384}","{0: 503.5, 1: 501.375, 2: 504.75, 3: 498.0, 4: 500.312}","{0: 59, 1: 39, 2: 55, 3: 63, 4: 51, 5: 58, 6: 487, 7: 556, 8: 593, 9: 63}","{0: 44, 1: 30, 2: 37, 3: 46, 4: 38, 5: 48, 6: 391, 7: 434, 8: 464, 9: 48}","{0: 0, 1: 0, 2: 0, 3: 0, 4: 0, 5: 7, 6: 391, 7: 434, 8: 464, 9: 16}",78.06324110671937,64.82213438735178
rule_mencius,60c1s5r10p,YCSB_A,rw_zipf_1,concurrent_18,101,10800,161.4075,298.3922,364.60534000000007,194.44679,1080.0,"{0: 36.0, 1: 37.0, 2: 33.333, 3: 36.458, 4: 36.735}","{0: 508.938, 1: 506.5, 2: 510.0, 3: 506.188, 4: 504.875}","{0: 48, 1: 57, 2: 50, 3: 65, 4: 48, 5: 60, 6: 499, 7: 504, 8: 494, 9: 66}","{0: 33, 1: 44, 2: 38, 3: 52, 4: 33, 5: 46, 6: 385, 7: 391, 8: 378, 9: 56}","{0: 0, 1: 0, 2: 0, 3: 8, 4: 0, 5: 5, 6: 385, 7: 391, 8: 378, 9: 24}",76.9962982548916,62.982548915917505
rule_mencius,60c1s5r10p,YCSB_A,rw_zipf_1,concurrent_19,101,11400,163.659,301.4835,364.2689400000001,196.4603343859649,1140.0,"{0: 36.364, 1: 37.374, 2: 39.394, 3: 42.268, 4: 41.837}","{0: 510.25, 1: 508.062, 2: 511.125, 3: 504.75, 4: 506.875}","{0: 57, 1: 65, 2: 46, 3: 54, 4: 53, 5: 82, 6: 532, 7: 482, 8: 391, 9: 78}","{0: 47, 1: 47, 2: 37, 3: 41, 4: 43, 5: 65, 6: 423, 7: 377, 8: 297, 9: 68}","{0: 0, 1: 0, 2: 0, 3: 0, 4: 0, 5: 30, 6: 423, 7: 377, 8: 291, 9: 18}",78.53260869565217,61.90217391304348
rule_mencius,60c1s5r10p,YCSB_A,rw_zipf_1,concurrent_20,101,12000,163.107,300.76599999999996,364.69652,195.77041200000002,1200.0,"{0: 41.837, 1: 42.857, 2: 38.384, 3: 43.0, 4: 44.444}","{0: 516.0, 1: 513.812, 2: 517.5, 3: 510.0, 4: 513.188}","{0: 57, 1: 69, 2: 44, 3: 72, 4: 52, 5: 120, 6: 573, 7: 523, 8: 531, 9: 69}","{0: 44, 1: 52, 2: 34, 3: 60, 4: 37, 5: 92, 6: 430, 7: 399, 8: 408, 9: 45}","{0: 0, 1: 0, 2: 0, 3: 1, 4: 1, 5: 58, 6: 430, 7: 399, 8: 408, 9: 18}",75.87677725118483,62.322274881516584
rule_mencius,60c1s5r10p,YCSB_A,rw_zipf_1,concurrent_25,101,15000,321.58050000000003,551.9969,899.49413,359.8033785333333,1500.0,"{0: 100.0, 1: 100.0, 2: 98.02, 3: 95.05, 4: 99.01}","{0: 532.125, 1: 528.188, 2: 532.438, 3: 527.25, 4: 526.312}","{0: 100, 1: 122, 2: 76, 3: 207, 4: 95, 5: 161, 6: 511, 7: 570, 8: 624, 9: 150}","{0: 70, 1: 84, 2: 53, 3: 146, 4: 63, 5: 126, 6: 366, 7: 431, 8: 457, 9: 115}","{0: 55, 1: 70, 2: 16, 3: 104, 4: 19, 5: 103, 6: 366, 7: 410, 8: 438, 9: 95}",73.05045871559633,64.06727828746178
rule_mencius,60c1s5r10p,YCSB_A,rw_zipf_1,concurrent_30,101,18000,168.32,309.6431,364.34914999999995,204.1739592222222,1800.0,"{0: 43.0, 1: 41.414, 2: 36.735, 3: 36.0, 4: 35.714}","{0: 545.5, 1: 546.75, 2: 551.25, 3: 539.938, 4: 542.188}","{0: 85, 1: 97, 2: 90, 3: 92, 4: 85, 5: 101, 6: 420, 7: 303, 8: 363, 9: 109}","{0: 64, 1: 76, 2: 73, 3: 70, 4: 62, 5: 71, 6: 328, 7: 210, 8: 262, 9: 78}","{0: 0, 1: 0, 2: 0, 3: 0, 4: 0, 5: 5, 6: 328, 7: 210, 8: 243, 9: 17}",74.15472779369628,46.01719197707737
rule_mencius,60c1s5r10p,YCSB_A,rw_zipf_1,concurrent_35,101,195,1512.38,17324.6,30132.9,5618.508830769231,19.5,"{0: 100.0, 1: 100.0, 2: 100.0, 3: 100.0, 4: 100.0}","{0: 680.312, 1: 650.812, 2: 672.562, 3: 683.5, 4: 654.75}","{0: 5, 1: 8, 2: 1, 3: 0, 4: 4, 5: 36, 6: 17, 7: 6, 8: 60, 9: 7}","{0: 0, 1: 0, 2: 0, 3: 0, 4: 0, 5: 20, 6: 7, 7: 0, 8: 33, 9: 2}","{0: 0, 1: 0, 2: 0, 3: 0, 4: 0, 5: 20, 6: 7, 7: 0, 8: 33, 9: 2}",43.05555555555556,43.05555555555556
rule_mencius,60c1s5r10p,YCSB_A,rw_zipf_1,concurrent_40,101,12,1802.1550000000002,2404.34,2441.0391999999997,1955.4858333333334,1.2,"{0: 100.0, 1: 100.0, 2: 100.0, 3: 100.0, 4: 100.0}","{0: 700.375, 1: 684.875, 2: 727.875, 3: 695.5, 4: 699.312}","{0: 6, 1: 0, 2: 0, 3: 7, 4: 14, 5: 2, 6: 2, 7: 1, 8: 26, 9: 3}","{0: 0, 1: 0, 2: 0, 3: 0, 4: 0, 5: 0, 6: 0, 7: 0, 8: 10, 9: 2}","{0: 0, 1: 0, 2: 0, 3: 0, 4: 0, 5: 0, 6: 0, 7: 0, 8: 10, 9: 2}",19.672131147540984,19.672131147540984
rule_mencius,60c1s5r10p,YCSB_A,rw_zipf_1,concurrent_45,101,0,0,0,0,0,0.0,"{0: 100.0, 1: 100.0, 2: 100.0, 3: 100.0, 4: 100.0}","{0: 724.188, 1: 734.188, 2: 722.125, 3: 694.938, 4: 700.562}","{0: 7, 1: 8, 2: 0, 3: 12, 4: 0, 5: 0, 6: 4, 7: 3, 8: 9, 9: 0}","{0: 0, 1: 0, 2: 0, 3: 0, 4: 0, 5: 0, 6: 0, 7: 0, 8: 0, 9: 0}","{0: 0, 1: 0, 2: 0, 3: 0, 4: 0, 5: 0, 6: 0, 7: 0, 8: 0, 9: 0}",0.0,0.0
rule_mencius,60c1s5r10p,YCSB_A,rw_zipf_0.5,concurrent_16,0,9600,160.07350000000002,305.64840000000004,361.04823,205.45409927083335,960.0,"{0: 28.571, 1: 28.283, 2: 25.773, 3: 26.0, 4: 27.273}","{0: 500.0, 1: 498.312, 2: 502.5, 3: 494.938, 4: 495.75}","{0: 0, 1: 0, 2: 0, 3: 0, 4: 0, 5: 0, 6: 0, 7: 0, 8: 0, 9: 0}","{0: 0, 1: 0, 2: 0, 3: 0, 4: 0, 5: 0, 6: 0, 7: 0, 8: 0, 9: 0}","{0: 0, 1: 0, 2: 0, 3: 0, 4: 0, 5: 0, 6: 0, 7: 0, 8: 0, 9: 0}",0,0
rule_mencius,60c1s5r10p,YCSB_A,rw_zipf_0.5,concurrent_16,100,1423,500.074,3546.088,20932.6,1517.7789156711176,142.3,"{0: 100.0, 1: 100.0, 2: 100.0, 3: 100.0, 4: 100.0}","{0: 617.75, 1: 614.812, 2: 614.438, 3: 588.75, 4: 590.25}","{0: 0, 1: 1, 2: 0, 3: 1, 4: 0, 5: 416, 6: 81, 7: 80, 8: 400, 9: 449}","{0: 0, 1: 0, 2: 0, 3: 0, 4: 0, 5: 416, 6: 80, 7: 80, 8: 400, 9: 447}","{0: 0, 1: 0, 2: 0, 3: 0, 4: 0, 5: 400, 6: 80, 7: 80, 8: 368, 9: 383}",99.64985994397759,91.80672268907563
rule_mencius,60c1s5r10p,YCSB_A,rw_zipf_0.5,concurrent_16,101,9600,160.4175,265.32250000000005,310.38009,178.37574958333335,960.0,"{0: 55.556, 1: 55.0, 2: 41.837, 3: 51.02, 4: 53.0}","{0: 504.312, 1: 504.625, 2: 508.312, 3: 500.875, 4: 503.562}","{0: 47, 1: 49, 2: 58, 3: 67, 4: 50, 5: 64, 6: 960, 7: 960, 8: 960, 9: 62}","{0: 47, 1: 49, 2: 58, 3: 67, 4: 50, 5: 64, 6: 960, 7: 959, 8: 960, 9: 62}","{0: 0, 1: 0, 2: 0, 3: 28, 4: 0, 5: 29, 6: 960, 7: 959, 8: 960, 9: 9}",99.96948428440646,89.86878242294782
rule_mencius,60c1s5r10p,YCSB_A,rw_zipf_0.55,concurrent_16,0,9600,157.38850000000002,306.9816,360.15400999999997,203.67076458333338,960.0,"{0: 21.212, 1: 18.182, 2: 18.367, 3: 18.557, 4: 18.0}","{0: 500.312, 1: 498.188, 2: 501.125, 3: 496.688, 4: 497.562}","{0: 0, 1: 0, 2: 0, 3: 0, 4: 0, 5: 0, 6: 0, 7: 0, 8: 0, 9: 0}","{0: 0, 1: 0, 2: 0, 3: 0, 4: 0, 5: 0, 6: 0, 7: 0, 8: 0, 9: 0}","{0: 0, 1: 0, 2: 0, 3: 0, 4: 0, 5: 0, 6: 0, 7: 0, 8: 0, 9: 0}",0,0
rule_mencius,60c1s5r10p,YCSB_A,rw_zipf_0.55,concurrent_16,100,3865,259.867,6781.198,25443.236,2297.2478271668824,386.5,"{0: 100.0, 1: 100.0, 2: 100.0, 3: 100.0, 4: 100.0}","{0: 565.0, 1: 562.188, 2: 574.438, 3: 554.75, 4: 559.312}","{0: 80, 1: 128, 2: 112, 3: 224, 4: 192, 5: 815, 6: 480, 7: 336, 8: 736, 9: 768}","{0: 76, 1: 126, 2: 111, 3: 224, 4: 192, 5: 814, 6: 480, 7: 336, 8: 735, 9: 765}","{0: 76, 1: 126, 2: 111, 3: 224, 4: 192, 5: 750, 6: 480, 7: 336, 8: 719, 9: 653}",99.69000258331181,94.7300439163007
rule_mencius,60c1s5r10p,YCSB_A,rw_zipf_0.55,concurrent_16,101,9600,158.3725,263.7984,302.141,176.08390979166666,960.0,"{0: 43.434, 1: 44.898, 2: 41.414, 3: 45.918, 4: 45.918}","{0: 505.312, 1: 502.875, 2: 506.438, 3: 502.188, 4: 502.125}","{0: 53, 1: 60, 2: 47, 3: 35, 4: 46, 5: 49, 6: 960, 7: 960, 8: 960, 9: 98}","{0: 53, 1: 60, 2: 46, 3: 35, 4: 46, 5: 48, 6: 959, 7: 960, 8: 957, 9: 98}","{0: 0, 1: 0, 2: 0, 3: 0, 4: 0, 5: 9, 6: 959, 7: 960, 8: 957, 9: 77}",99.81640146878824,90.63647490820074
rule_mencius,60c1s5r10p,YCSB_A,rw_zipf_0.6,concurrent_16,0,9600,160.6345,306.92040000000003,362.62613999999996,204.7845384375,960.0,"{0: 21.649, 1: 21.212, 2: 19.0, 3: 21.429, 4: 20.202}","{0: 500.625, 1: 498.5, 2: 501.062, 3: 497.125, 4: 497.125}","{0: 0, 1: 0, 2: 0, 3: 0, 4: 0, 5: 0, 6: 0, 7: 0, 8: 0, 9: 0}","{0: 0, 1: 0, 2: 0, 3: 0, 4: 0, 5: 0, 6: 0, 7: 0, 8: 0, 9: 0}","{0: 0, 1: 0, 2: 0, 3: 0, 4: 0, 5: 0, 6: 0, 7: 0, 8: 0, 9: 0}",0,0
rule_mencius,60c1s5r10p,YCSB_A,rw_zipf_0.6,concurrent_16,100,1338,798.1005,5431.152999999999,23323.063,2845.298825859492,133.8,"{0: 100.0, 1: 100.0, 2: 100.0, 3: 100.0, 4: 100.0}","{0: 581.062, 1: 600.938, 2: 601.5, 3: 584.688, 4: 598.938}","{0: 0, 1: 2, 2: 2, 3: 1, 4: 0, 5: 368, 6: 83, 7: 130, 8: 400, 9: 369}","{0: 0, 1: 0, 2: 0, 3: 0, 4: 0, 5: 365, 6: 80, 7: 124, 8: 399, 9: 366}","{0: 0, 1: 0, 2: 0, 3: 0, 4: 0, 5: 301, 6: 80, 7: 124, 8: 383, 9: 303}",98.45018450184502,87.89667896678966
rule_mencius,60c1s5r10p,YCSB_A,rw_zipf_0.6,concurrent_16,101,9600,160.2625,264.9772,301.91614000000004,176.57383322916667,960.0,"{0: 41.837, 1: 40.816, 2: 36.364, 3: 39.0, 4: 42.0}","{0: 505.25, 1: 503.125, 2: 506.25, 3: 501.812, 4: 502.75}","{0: 47, 1: 53, 2: 49, 3: 37, 4: 54, 5: 38, 6: 960, 7: 960, 8: 960, 9: 52}","{0: 47, 1: 52, 2: 49, 3: 37, 4: 54, 5: 38, 6: 959, 7: 954, 8: 958, 9: 52}","{0: 0, 1: 0, 2: 0, 3: 0, 4: 0, 5: 0, 6: 959, 7: 954, 8: 958, 9: 2}",99.68847352024922,89.50155763239876
rule_mencius,60c1s5r10p,YCSB_A,rw_zipf_0.65,concurrent_16,0,9600,158.36700000000002,305.3511,360.31202,204.36896604166668,960.0,"{0: 25.253, 1: 24.242, 2: 20.619, 3: 21.429, 4: 21.429}","{0: 500.875, 1: 498.875, 2: 502.938, 3: 495.312, 4: 497.875}","{0: 0, 1: 0, 2: 0, 3: 0, 4: 0, 5: 0, 6: 0, 7: 0, 8: 0, 9: 0}","{0: 0, 1: 0, 2: 0, 3: 0, 4: 0, 5: 0, 6: 0, 7: 0, 8: 0, 9: 0}","{0: 0, 1: 0, 2: 0, 3: 0, 4: 0, 5: 0, 6: 0, 7: 0, 8: 0, 9: 0}",0,0
rule_mencius,60c1s5r10p,YCSB_A,rw_zipf_0.65,concurrent_16,100,985,873.995,11980.6,18514.115999999998,3092.5344436548226,98.5,"{0: 100.0, 1: 100.0, 2: 100.0, 3: 100.0, 4: 100.0}","{0: 603.562, 1: 601.25, 2: 595.625, 3: 581.121, 4: 605.812}","{0: 0, 1: 1, 2: 0, 3: 0, 4: 0, 5: 303, 6: 35, 7: 20, 8: 338, 9: 305}","{0: 0, 1: 0, 2: 0, 3: 0, 4: 0, 5: 300, 6: 32, 7: 16, 8: 331, 9: 301}","{0: 0, 1: 0, 2: 0, 3: 0, 4: 0, 5: 300, 6: 32, 7: 16, 8: 331, 9: 301}",97.80439121756487,97.80439121756487
rule_mencius,60c1s5r10p,YCSB_A,rw_zipf_0.65,concurrent_16,101,9600,157.8895,267.584,305.92004000000003,176.85882291666667,960.0,"{0: 41.414, 1: 39.0, 2: 39.394, 3: 43.0, 4: 43.0}","{0: 505.312, 1: 503.688, 2: 506.312, 3: 501.062, 4: 501.938}","{0: 36, 1: 42, 2: 41, 3: 39, 4: 38, 5: 44, 6: 960, 7: 960, 8: 816, 9: 50}","{0: 36, 1: 42, 2: 41, 3: 39, 4: 38, 5: 44, 6: 957, 7: 958, 8: 813, 9: 50}","{0: 0, 1: 0, 2: 0, 3: 0, 4: 0, 5: 5, 6: 957, 7: 958, 8: 685, 9: 0}",99.73562458691342,86.08724388631857
rule_mencius,60c1s5r10p,YCSB_A,rw_zipf_0.7,concurrent_16,0,9600,159.5815,306.914,358.14741,205.09835593750003,960.0,"{0: 26.531, 1: 23.232, 2: 23.469, 3: 24.49, 4: 23.469}","{0: 500.562, 1: 498.875, 2: 501.25, 3: 497.188, 4: 495.5}","{0: 0, 1: 0, 2: 0, 3: 0, 4: 0, 5: 0, 6: 0, 7: 0, 8: 0, 9: 0}","{0: 0, 1: 0, 2: 0, 3: 0, 4: 0, 5: 0, 6: 0, 7: 0, 8: 0, 9: 0}","{0: 0, 1: 0, 2: 0, 3: 0, 4: 0, 5: 0, 6: 0, 7: 0, 8: 0, 9: 0}",0,0
rule_mencius,60c1s5r10p,YCSB_A,rw_zipf_0.7,concurrent_16,100,2357,316.927,11133.1,27135.7,2792.537108188375,235.7,"{0: 100.0, 1: 100.0, 2: 100.0, 3: 100.0, 4: 100.0}","{0: 579.875, 1: 579.562, 2: 586.562, 3: 572.312, 4: 580.75}","{0: 23, 1: 32, 2: 16, 3: 35, 4: 28, 5: 564, 6: 290, 7: 239, 8: 615, 9: 580}","{0: 16, 1: 30, 2: 14, 3: 29, 4: 17, 5: 554, 6: 277, 7: 232, 8: 595, 9: 572}","{0: 16, 1: 30, 2: 14, 3: 29, 4: 17, 5: 539, 6: 277, 7: 232, 8: 579, 9: 524}",96.44921552436003,93.18744838976053
rule_mencius,60c1s5r10p,YCSB_A,rw_zipf_0.7,concurrent_16,101,9600,158.9925,265.0556,304.82107,176.9546822916667,960.0,"{0: 42.0, 1: 43.434, 2: 44.898, 3: 50.0, 4: 48.0}","{0: 504.188, 1: 502.875, 2: 504.5, 3: 499.125, 4: 501.75}","{0: 40, 1: 70, 2: 55, 3: 51, 4: 46, 5: 96, 6: 960, 7: 960, 8: 960, 9: 60}","{0: 39, 1: 70, 2: 55, 3: 51, 4: 46, 5: 94, 6: 947, 7: 948, 8: 950, 9: 60}","{0: 0, 1: 0, 2: 0, 3: 8, 4: 0, 5: 67, 6: 947, 7: 948, 8: 950, 9: 17}",98.84778653729533,89.05397210430564
rule_mencius,60c1s5r10p,YCSB_A,rw_zipf_0.75,concurrent_16,0,9600,157.80149999999998,304.5361,359.62606,204.3938444791667,960.0,"{0: 31.633, 1: 30.303, 2: 28.283, 3: 30.612, 4: 29.592}","{0: 500.0, 1: 498.188, 2: 503.625, 3: 496.438, 4: 496.5}","{0: 0, 1: 0, 2: 0, 3: 0, 4: 0, 5: 0, 6: 0, 7: 0, 8: 0, 9: 0}","{0: 0, 1: 0, 2: 0, 3: 0, 4: 0, 5: 0, 6: 0, 7: 0, 8: 0, 9: 0}","{0: 0, 1: 0, 2: 0, 3: 0, 4: 0, 5: 0, 6: 0, 7: 0, 8: 0, 9: 0}",0,0
rule_mencius,60c1s5r10p,YCSB_A,rw_zipf_0.75,concurrent_16,100,1495,388.142,5319.328,11854.606,1618.5074301003344,149.5,"{0: 100.0, 1: 100.0, 2: 100.0, 3: 100.0, 4: 100.0}","{0: 603.625, 1: 593.875, 2: 609.312, 3: 619.812, 4: 590.188}","{0: 4, 1: 0, 2: 0, 3: 5, 4: 24, 5: 466, 6: 92, 7: 93, 8: 431, 9: 453}","{0: 0, 1: 0, 2: 0, 3: 0, 4: 12, 5: 452, 6: 80, 7: 80, 8: 408, 9: 436}","{0: 0, 1: 0, 2: 0, 3: 0, 4: 12, 5: 404, 6: 80, 7: 80, 8: 408, 9: 389}",93.62244897959184,87.56377551020408
rule_mencius,60c1s5r10p,YCSB_A,rw_zipf_0.75,concurrent_16,101,9600,157.826,263.21680000000003,304.01531,175.32327895833333,960.0,"{0: 47.475, 1: 46.465, 2: 37.113, 3: 41.414, 4: 44.0}","{0: 503.062, 1: 503.5, 2: 506.438, 3: 499.375, 4: 501.625}","{0: 55, 1: 46, 2: 46, 3: 44, 4: 61, 5: 60, 6: 960, 7: 960, 8: 960, 9: 47}","{0: 54, 1: 45, 2: 45, 3: 43, 4: 59, 5: 59, 6: 939, 7: 943, 8: 946, 9: 46}","{0: 0, 1: 0, 2: 0, 3: 0, 4: 0, 5: 11, 6: 939, 7: 943, 8: 946, 9: 2}",98.14757641247299,87.71225686940414
rule_mencius,60c1s5r10p,YCSB_A,rw_zipf_0.8,concurrent_16,0,9600,156.33249999999998,303.984,361.04100999999997,203.58781854166665,960.0,"{0: 23.469, 1: 21.429, 2: 21.429, 3: 22.222, 4: 20.202}","{0: 499.688, 1: 498.438, 2: 501.188, 3: 496.75, 4: 496.312}","{0: 0, 1: 0, 2: 0, 3: 0, 4: 0, 5: 0, 6: 0, 7: 0, 8: 0, 9: 0}","{0: 0, 1: 0, 2: 0, 3: 0, 4: 0, 5: 0, 6: 0, 7: 0, 8: 0, 9: 0}","{0: 0, 1: 0, 2: 0, 3: 0, 4: 0, 5: 0, 6: 0, 7: 0, 8: 0, 9: 0}",0,0
rule_mencius,60c1s5r10p,YCSB_A,rw_zipf_0.8,concurrent_16,100,2569,349.95,7888.634,23979.4,2597.544833787466,256.9,"{0: 100.0, 1: 100.0, 2: 100.0, 3: 100.0, 4: 100.0}","{0: 585.938, 1: 575.0, 2: 588.125, 3: 572.75, 4: 581.812}","{0: 45, 1: 63, 2: 51, 3: 114, 4: 92, 5: 618, 6: 244, 7: 244, 8: 650, 9: 612}","{0: 32, 1: 36, 2: 43, 3: 98, 4: 71, 5: 576, 6: 218, 7: 218, 8: 621, 9: 556}","{0: 32, 1: 36, 2: 43, 3: 98, 4: 71, 5: 482, 6: 218, 7: 218, 8: 621, 9: 496}",90.34028540065862,84.70545188437615
rule_mencius,60c1s5r10p,YCSB_A,rw_zipf_0.8,concurrent_16,101,9600,159.519,267.8951,302.62716,176.08854447916664,960.0,"{0: 43.434, 1: 44.33, 2: 39.394, 3: 44.444, 4: 45.918}","{0: 505.0, 1: 502.625, 2: 505.875, 3: 501.5, 4: 501.5}","{0: 41, 1: 40, 2: 50, 3: 46, 4: 45, 5: 45, 6: 957, 7: 947, 8: 960, 9: 68}","{0: 41, 1: 37, 2: 47, 3: 46, 4: 44, 5: 44, 6: 924, 7: 907, 8: 937, 9: 64}","{0: 0, 1: 0, 2: 0, 3: 0, 4: 0, 5: 4, 6: 924, 7: 907, 8: 937, 9: 24}",96.62394498280713,87.40231322288216
rule_mencius,60c1s5r10p,YCSB_A,rw_zipf_0.85,concurrent_16,0,9600,158.516,304.5641,361.22827,203.62997885416667,960.0,"{0: 23.469, 1: 23.0, 2: 20.619, 3: 20.408, 4: 20.619}","{0: 499.125, 1: 497.5, 2: 500.5, 3: 496.25, 4: 495.75}","{0: 0, 1: 0, 2: 0, 3: 0, 4: 0, 5: 0, 6: 0, 7: 0, 8: 0, 9: 0}","{0: 0, 1: 0, 2: 0, 3: 0, 4: 0, 5: 0, 6: 0, 7: 0, 8: 0, 9: 0}","{0: 0, 1: 0, 2: 0, 3: 0, 4: 0, 5: 0, 6: 0, 7: 0, 8: 0, 9: 0}",0,0
rule_mencius,60c1s5r10p,YCSB_A,rw_zipf_0.85,concurrent_16,100,2855,259.849,7462.102,21299.946,1888.8403401050791,285.5,"{0: 100.0, 1: 100.0, 2: 100.0, 3: 100.0, 4: 100.0}","{0: 573.25, 1: 573.625, 2: 588.75, 3: 564.125, 4: 579.125}","{0: 23, 1: 49, 2: 46, 3: 50, 4: 56, 5: 664, 6: 328, 7: 439, 8: 672, 9: 743}","{0: 1, 1: 33, 2: 26, 3: 36, 4: 37, 5: 593, 6: 291, 7: 360, 8: 599, 9: 651}","{0: 1, 1: 33, 2: 26, 3: 36, 4: 37, 5: 524, 6: 291, 7: 360, 8: 569, 9: 507}",85.57003257328991,77.65472312703584
rule_mencius,60c1s5r10p,YCSB_A,rw_zipf_0.85,concurrent_16,101,9600,158.226,261.7469,309.36845,175.53123416666668,960.0,"{0: 46.939, 1: 45.455, 2: 38.384, 3: 44.898, 4: 44.898}","{0: 502.562, 1: 502.5, 2: 504.812, 3: 499.125, 4: 500.5}","{0: 55, 1: 50, 2: 38, 3: 53, 4: 39, 5: 128, 6: 910, 7: 857, 8: 921, 9: 334}","{0: 53, 1: 44, 2: 35, 3: 50, 4: 39, 5: 121, 6: 857, 7: 795, 8: 864, 9: 318}","{0: 0, 1: 0, 2: 0, 3: 0, 4: 0, 5: 111, 6: 857, 7: 795, 8: 864, 9: 256}",93.82570162481537,85.1698670605613
rule_mencius,60c1s5r10p,YCSB_A,rw_zipf_0.9,concurrent_16,0,9600,159.26299999999998,306.2833,366.5974,204.5535815625,960.0,"{0: 23.232, 1: 20.408, 2: 20.0, 3: 22.0, 4: 21.212}","{0: 499.188, 1: 497.5, 2: 499.938, 3: 495.0, 4: 496.062}","{0: 0, 1: 0, 2: 0, 3: 0, 4: 0, 5: 0, 6: 0, 7: 0, 8: 0, 9: 0}","{0: 0, 1: 0, 2: 0, 3: 0, 4: 0, 5: 0, 6: 0, 7: 0, 8: 0, 9: 0}","{0: 0, 1: 0, 2: 0, 3: 0, 4: 0, 5: 0, 6: 0, 7: 0, 8: 0, 9: 0}",0,0
rule_mencius,60c1s5r10p,YCSB_A,rw_zipf_0.9,concurrent_16,100,2944,237.7185,7352.527,17935.2,1847.4645499320652,294.4,"{0: 100.0, 1: 100.0, 2: 100.0, 3: 100.0, 4: 100.0}","{0: 583.312, 1: 582.312, 2: 588.5, 3: 571.875, 4: 578.688}","{0: 45, 1: 53, 2: 36, 3: 47, 4: 49, 5: 745, 6: 314, 7: 341, 8: 770, 9: 775}","{0: 21, 1: 24, 2: 21, 3: 18, 4: 28, 5: 625, 6: 249, 7: 287, 8: 654, 9: 669}","{0: 21, 1: 24, 2: 21, 3: 18, 4: 28, 5: 583, 6: 249, 7: 287, 8: 640, 9: 508}",81.76377952755905,74.92913385826772
rule_mencius,60c1s5r10p,YCSB_A,rw_zipf_0.9,concurrent_16,101,9600,156.44,272.0276,325.55353,180.35116958333336,960.0,"{0: 34.021, 1: 34.343, 2: 31.959, 3: 34.694, 4: 35.052}","{0: 503.312, 1: 502.562, 2: 504.438, 3: 500.75, 4: 499.938}","{0: 41, 1: 45, 2: 41, 3: 59, 4: 51, 5: 72, 6: 762, 7: 823, 8: 798, 9: 58}","{0: 38, 1: 38, 2: 38, 3: 51, 4: 48, 5: 66, 6: 673, 7: 739, 8: 703, 9: 54}","{0: 0, 1: 0, 2: 0, 3: 0, 4: 0, 5: 33, 6: 673, 7: 739, 8: 703, 9: 33}",89.01818181818182,79.30909090909091
rule_mencius,60c1s5r10p,YCSB_A,rw_zipf_0.95,concurrent_16,0,9600,160.567,307.8822,360.35204999999996,203.6801434375,960.0,"{0: 22.0, 1: 21.212, 2: 20.0, 3: 19.388, 4: 19.588}","{0: 497.938, 1: 496.438, 2: 498.875, 3: 492.562, 4: 495.312}","{0: 0, 1: 0, 2: 0, 3: 0, 4: 0, 5: 0, 6: 0, 7: 0, 8: 0, 9: 0}","{0: 0, 1: 0, 2: 0, 3: 0, 4: 0, 5: 0, 6: 0, 7: 0, 8: 0, 9: 0}","{0: 0, 1: 0, 2: 0, 3: 0, 4: 0, 5: 0, 6: 0, 7: 0, 8: 0, 9: 0}",0,0
rule_mencius,60c1s5r10p,YCSB_A,rw_zipf_0.95,concurrent_16,100,1704,277.5765,5867.094,13381.0,1671.902103286385,170.4,"{0: 100.0, 1: 100.0, 2: 100.0, 3: 100.0, 4: 100.0}","{0: 597.996, 1: 597.312, 2: 612.875, 3: 594.5, 4: 581.562}","{0: 30, 1: 16, 2: 28, 3: 12, 4: 16, 5: 523, 6: 205, 7: 161, 8: 551, 9: 499}","{0: 0, 1: 0, 2: 0, 3: 0, 4: 0, 5: 394, 6: 143, 7: 98, 8: 411, 9: 379}","{0: 0, 1: 0, 2: 0, 3: 0, 4: 0, 5: 382, 6: 143, 7: 98, 8: 398, 9: 374}",69.8187163155316,68.34884860362567
rule_mencius,60c1s5r10p,YCSB_A,rw_zipf_0.95,concurrent_16,101,9600,156.33100000000002,276.2913,330.69549,181.97013812499998,960.0,"{0: 37.0, 1: 37.374, 2: 35.354, 3: 37.624, 4: 38.0}","{0: 501.688, 1: 502.438, 2: 503.625, 3: 498.625, 4: 499.938}","{0: 50, 1: 46, 2: 62, 3: 43, 4: 41, 5: 86, 6: 676, 7: 710, 8: 735, 9: 84}","{0: 41, 1: 36, 2: 49, 3: 39, 4: 36, 5: 71, 6: 588, 7: 603, 8: 619, 9: 73}","{0: 0, 1: 0, 2: 0, 3: 1, 4: 0, 5: 39, 6: 588, 7: 603, 8: 619, 9: 40}",85.0769838136597,74.61508093170154
rule_mencius,60c1s5r10p,YCSB_A,rw_zipf_1,concurrent_16,0,9600,157.7335,304.6803,357.64118,202.83302833333335,960.0,"{0: 24.242, 1: 23.0, 2: 22.449, 3: 22.222, 4: 23.0}","{0: 496.938, 1: 497.812, 2: 499.438, 3: 493.5, 4: 495.75}","{0: 0, 1: 0, 2: 0, 3: 0, 4: 0, 5: 0, 6: 0, 7: 0, 8: 0, 9: 0}","{0: 0, 1: 0, 2: 0, 3: 0, 4: 0, 5: 0, 6: 0, 7: 0, 8: 0, 9: 0}","{0: 0, 1: 0, 2: 0, 3: 0, 4: 0, 5: 0, 6: 0, 7: 0, 8: 0, 9: 0}",0,0
rule_mencius,60c1s5r10p,YCSB_A,rw_zipf_1,concurrent_16,100,2973,194.148,2808.578,18293.928,1527.1475563403967,297.3,{0: 100.0},{0: 597.062},{0: 29},{0: 11},{0: 11},37.93103448275862,37.93103448275862
rule_mencius,60c1s5r10p,YCSB_A,rw_zipf_1,concurrent_16,101,9600,161.7815,294.4724,362.89843,191.106269375,960.0,"{0: 42.857, 1: 42.0, 2: 31.683, 3: 41.414, 4: 40.404}","{0: 500.625, 1: 499.25, 2: 503.938, 3: 498.312, 4: 498.75}","{0: 47, 1: 56, 2: 54, 3: 55, 4: 41, 5: 58, 6: 455, 7: 524, 8: 544, 9: 41}","{0: 37, 1: 44, 2: 41, 3: 38, 4: 35, 5: 43, 6: 360, 7: 408, 8: 425, 9: 33}","{0: 0, 1: 0, 2: 0, 3: 0, 4: 0, 5: 16, 6: 360, 7: 408, 8: 425, 9: 1}",78.08,64.53333333333333
rule_mencius,60c1s5r10p,YCSB_B,rw_zipf_0.5,concurrent_16,0,9600,157.3865,304.7341,360.60701,203.70790208333338,960.0,"{0: 21.429, 1: 21.782, 2: 21.212, 3: 21.649, 4: 21.212}","{0: 499.312, 1: 497.062, 2: 500.5, 3: 493.562, 4: 495.5}","{0: 0, 1: 0, 2: 0, 3: 0, 4: 0, 5: 0, 6: 0, 7: 0, 8: 0, 9: 0}","{0: 0, 1: 0, 2: 0, 3: 0, 4: 0, 5: 0, 6: 0, 7: 0, 8: 0, 9: 0}","{0: 0, 1: 0, 2: 0, 3: 0, 4: 0, 5: 0, 6: 0, 7: 0, 8: 0, 9: 0}",0,0
rule_mencius,60c1s5r10p,YCSB_B,rw_zipf_0.5,concurrent_16,100,3104,262.1855,8659.134,29373.945999999778,2132.143140141753,310.4,"{0: 100.0, 1: 100.0, 2: 100.0, 3: 100.0, 4: 100.0}","{0: 577.875, 1: 570.562, 2: 584.75, 3: 561.938, 4: 564.125}","{0: 32, 1: 48, 2: 32, 3: 48, 4: 80, 5: 704, 6: 400, 7: 336, 8: 752, 9: 672}","{0: 32, 1: 48, 2: 32, 3: 48, 4: 80, 5: 704, 6: 400, 7: 336, 8: 752, 9: 672}","{0: 32, 1: 48, 2: 32, 3: 48, 4: 80, 5: 608, 6: 400, 7: 336, 8: 704, 9: 480}",100.0,89.17525773195877
rule_mencius,60c1s5r10p,YCSB_B,rw_zipf_0.5,concurrent_16,101,9600,156.51,257.7491,300.64575,174.85773385416667,960.0,"{0: 39.175, 1: 38.144, 2: 42.0, 3: 44.0, 4: 42.424}","{0: 501.875, 1: 502.812, 2: 503.938, 3: 498.062, 4: 500.625}","{0: 44, 1: 56, 2: 57, 3: 51, 4: 52, 5: 48, 6: 960, 7: 960, 8: 960, 9: 68}","{0: 44, 1: 56, 2: 57, 3: 51, 4: 52, 5: 48, 6: 960, 7: 958, 8: 960, 9: 68}","{0: 0, 1: 0, 2: 0, 3: 0, 4: 0, 5: 11, 6: 960, 7: 958, 8: 960, 9: 29}",99.93857493857494,89.61916461916462
rule_mencius,60c1s5r10p,YCSB_B,rw_zipf_0.55,concurrent_16,0,9600,157.427,303.13329999999996,364.56602999999996,203.02452833333334,960.0,"{0: 21.429, 1: 20.202, 2: 19.0, 3: 20.0, 4: 20.202}","{0: 501.125, 1: 499.438, 2: 501.812, 3: 495.188, 4: 497.75}","{0: 0, 1: 0, 2: 0, 3: 0, 4: 0, 5: 0, 6: 0, 7: 0, 8: 0, 9: 0}","{0: 0, 1: 0, 2: 0, 3: 0, 4: 0, 5: 0, 6: 0, 7: 0, 8: 0, 9: 0}","{0: 0, 1: 0, 2: 0, 3: 0, 4: 0, 5: 0, 6: 0, 7: 0, 8: 0, 9: 0}",0,0
rule_mencius,60c1s5r10p,YCSB_B,rw_zipf_0.55,concurrent_16,100,5806,228.4135,1166.415,17441.0,1006.2080082673097,580.6,"{0: 100.0, 1: 100.0, 2: 100.0, 3: 100.0, 4: 100.0}","{0: 560.625, 1: 540.375, 2: 551.812, 3: 533.312, 4: 542.75}","{0: 239, 1: 321, 2: 240, 3: 416, 4: 352, 5: 944, 6: 751, 7: 640, 8: 960, 9: 944}","{0: 238, 1: 320, 2: 240, 3: 416, 4: 352, 5: 944, 6: 750, 7: 640, 8: 960, 9: 943}","{0: 222, 1: 256, 2: 208, 3: 320, 4: 352, 5: 752, 6: 750, 7: 640, 8: 928, 9: 831}",99.93111761666954,90.56311348372654
rule_mencius,60c1s5r10p,YCSB_B,rw_zipf_0.55,concurrent_16,101,9600,160.57,262.1605,304.97122,177.30520770833334,960.0,"{0: 52.525, 1: 54.545, 2: 40.206, 3: 52.041, 4: 52.475}","{0: 505.312, 1: 503.688, 2: 507.625, 3: 501.688, 4: 501.562}","{0: 46, 1: 54, 2: 57, 3: 49, 4: 42, 5: 51, 6: 960, 7: 960, 8: 960, 9: 57}","{0: 46, 1: 54, 2: 57, 3: 49, 4: 42, 5: 51, 6: 960, 7: 960, 8: 960, 9: 57}","{0: 0, 1: 0, 2: 0, 3: 0, 4: 0, 5: 5, 6: 960, 7: 960, 8: 960, 9: 4}",100.0,89.27688504326329
rule_mencius,60c1s5r10p,YCSB_B,rw_zipf_0.6,concurrent_16,0,9600,156.5675,304.2216,357.87602,202.22277854166668,960.0,"{0: 20.408, 1: 19.0, 2: 17.347, 3: 17.347, 4: 17.526}","{0: 500.375, 1: 498.25, 2: 501.062, 3: 496.562, 4: 497.438}","{0: 0, 1: 0, 2: 0, 3: 0, 4: 0, 5: 0, 6: 0, 7: 0, 8: 0, 9: 0}","{0: 0, 1: 0, 2: 0, 3: 0, 4: 0, 5: 0, 6: 0, 7: 0, 8: 0, 9: 0}","{0: 0, 1: 0, 2: 0, 3: 0, 4: 0, 5: 0, 6: 0, 7: 0, 8: 0, 9: 0}",0,0
rule_mencius,60c1s5r10p,YCSB_B,rw_zipf_0.6,concurrent_16,100,9600,174.9685,218.3829,235.64212,179.13284645833335,960.0,"{0: 88.0, 1: 87.0, 2: 88.889, 3: 85.859, 4: 85.0}","{0: 509.5, 1: 509.812, 2: 512.625, 3: 505.688, 4: 506.938}","{0: 960, 1: 960, 2: 960, 3: 960, 4: 960, 5: 960, 6: 960, 7: 960, 8: 960, 9: 960}","{0: 959, 1: 960, 2: 959, 3: 960, 4: 960, 5: 960, 6: 959, 7: 957, 8: 960, 9: 959}","{0: 0, 1: 32, 2: 0, 3: 480, 4: 160, 5: 816, 6: 959, 7: 957, 8: 960, 9: 624}",99.92708333333333,51.958333333333336
rule_mencius,60c1s5r10p,YCSB_B,rw_zipf_0.6,concurrent_16,101,9600,157.983,259.8732000000001,303.75513,176.367285,960.0,"{0: 51.515, 1: 48.98, 2: 36.735, 3: 46.939, 4: 49.0}","{0: 505.375, 1: 503.688, 2: 507.125, 3: 500.812, 4: 502.625}","{0: 46, 1: 56, 2: 65, 3: 43, 4: 52, 5: 58, 6: 960, 7: 960, 8: 960, 9: 58}","{0: 46, 1: 56, 2: 65, 3: 43, 4: 52, 5: 58, 6: 960, 7: 960, 8: 958, 9: 58}","{0: 0, 1: 0, 2: 0, 3: 0, 4: 0, 5: 11, 6: 960, 7: 960, 8: 958, 9: 4}",99.93861264579496,88.79680785758134
rule_mencius,60c1s5r10p,YCSB_B,rw_zipf_0.65,concurrent_16,0,9600,156.39,304.322,358.50606999999997,203.0274309375,960.0,"{0: 18.182, 1: 17.822, 2: 19.388, 3: 19.802, 4: 18.367}","{0: 499.0, 1: 497.438, 2: 499.5, 3: 495.938, 4: 495.625}","{0: 0, 1: 0, 2: 0, 3: 0, 4: 0, 5: 0, 6: 0, 7: 0, 8: 0, 9: 0}","{0: 0, 1: 0, 2: 0, 3: 0, 4: 0, 5: 0, 6: 0, 7: 0, 8: 0, 9: 0}","{0: 0, 1: 0, 2: 0, 3: 0, 4: 0, 5: 0, 6: 0, 7: 0, 8: 0, 9: 0}",0,0
rule_mencius,60c1s5r10p,YCSB_B,rw_zipf_0.65,concurrent_16,100,4489,247.925,6958.906,14399.212000000001,1606.2034907551795,448.9,"{0: 100.0, 1: 100.0, 2: 100.0, 3: 100.0, 4: 100.0}","{0: 575.438, 1: 559.5, 2: 565.438, 3: 565.625, 4: 565.312}","{0: 145, 1: 191, 2: 129, 3: 176, 4: 224, 5: 912, 6: 514, 7: 464, 8: 896, 9: 848}","{0: 143, 1: 191, 2: 127, 3: 175, 4: 224, 5: 909, 6: 511, 7: 464, 8: 895, 9: 847}","{0: 143, 1: 175, 2: 127, 3: 175, 4: 224, 5: 653, 6: 511, 7: 464, 8: 767, 9: 607}",99.71104689931096,85.48566348077351
rule_mencius,60c1s5r10p,YCSB_B,rw_zipf_0.65,concurrent_16,101,9600,160.07999999999998,259.3325,298.36512,176.86156135416667,960.0,"{0: 44.898, 1: 45.0, 2: 49.0, 3: 48.454, 4: 48.485}","{0: 502.062, 1: 502.375, 2: 503.5, 3: 498.25, 4: 498.812}","{0: 35, 1: 43, 2: 46, 3: 42, 4: 52, 5: 84, 6: 960, 7: 960, 8: 960, 9: 45}","{0: 35, 1: 43, 2: 46, 3: 42, 4: 52, 5: 84, 6: 960, 7: 958, 8: 960, 9: 45}","{0: 0, 1: 0, 2: 0, 3: 0, 4: 0, 5: 63, 6: 960, 7: 958, 8: 960, 9: 4}",99.93802293151533,91.26123334366285
rule_mencius,60c1s5r10p,YCSB_B,rw_zipf_0.7,concurrent_16,0,9600,160.72199999999998,306.88370000000003,366.5492,205.48475583333337,960.0,"{0: 25.51, 1: 22.68, 2: 21.429, 3: 21.649, 4: 21.429}","{0: 499.938, 1: 498.0, 2: 502.062, 3: 496.562, 4: 496.5}","{0: 0, 1: 0, 2: 0, 3: 0, 4: 0, 5: 0, 6: 0, 7: 0, 8: 0, 9: 0}","{0: 0, 1: 0, 2: 0, 3: 0, 4: 0, 5: 0, 6: 0, 7: 0, 8: 0, 9: 0}","{0: 0, 1: 0, 2: 0, 3: 0, 4: 0, 5: 0, 6: 0, 7: 0, 8: 0, 9: 0}",0,0
rule_mencius,60c1s5r10p,YCSB_B,rw_zipf_0.7,concurrent_16,100,3039,277.704,5689.972,14800.962,1705.2802750904907,303.9,"{0: 100.0, 1: 100.0, 2: 100.0, 3: 100.0, 4: 100.0}","{0: 582.0, 1: 578.312, 2: 603.438, 3: 572.312, 4: 574.438}","{0: 48, 1: 35, 2: 16, 3: 64, 4: 17, 5: 690, 6: 385, 7: 320, 8: 751, 9: 736}","{0: 45, 1: 32, 2: 15, 3: 63, 4: 16, 5: 684, 6: 383, 7: 317, 8: 749, 9: 730}","{0: 45, 1: 32, 2: 15, 3: 63, 4: 16, 5: 652, 6: 383, 7: 317, 8: 749, 9: 573}",99.08556499020249,92.91312867406924
rule_mencius,60c1s5r10p,YCSB_B,rw_zipf_0.7,concurrent_16,101,9600,155.44400000000002,261.5994,299.83102,173.86020895833335,960.0,"{0: 43.299, 1: 43.0, 2: 38.0, 3: 42.268, 4: 42.424}","{0: 503.375, 1: 501.25, 2: 504.0, 3: 499.188, 4: 500.062}","{0: 50, 1: 40, 2: 58, 3: 46, 4: 49, 5: 67, 6: 960, 7: 960, 8: 960, 9: 61}","{0: 50, 1: 40, 2: 58, 3: 46, 4: 49, 5: 67, 6: 960, 7: 959, 8: 958, 9: 61}","{0: 0, 1: 0, 2: 0, 3: 0, 4: 0, 5: 30, 6: 960, 7: 959, 8: 958, 9: 4}",99.90772070132267,89.54167948323592
rule_mencius,60c1s5r10p,YCSB_B,rw_zipf_0.75,concurrent_16,0,9600,158.293,307.4742,360.16448,203.74660781250003,960.0,"{0: 18.367, 1: 18.182, 2: 17.0, 3: 18.182, 4: 17.347}","{0: 498.875, 1: 497.0, 2: 500.062, 3: 495.562, 4: 495.5}","{0: 0, 1: 0, 2: 0, 3: 0, 4: 0, 5: 0, 6: 0, 7: 0, 8: 0, 9: 0}","{0: 0, 1: 0, 2: 0, 3: 0, 4: 0, 5: 0, 6: 0, 7: 0, 8: 0, 9: 0}","{0: 0, 1: 0, 2: 0, 3: 0, 4: 0, 5: 0, 6: 0, 7: 0, 8: 0, 9: 0}",0,0
rule_mencius,60c1s5r10p,YCSB_B,rw_zipf_0.75,concurrent_16,100,3329,306.369,12404.4,26117.5,3076.2759128867524,332.9,"{0: 100.0, 1: 100.0, 2: 100.0, 3: 100.0, 4: 100.0}","{0: 584.0, 1: 580.125, 2: 583.309, 3: 573.5, 4: 576.062}","{0: 48, 1: 32, 2: 50, 3: 96, 4: 129, 5: 721, 6: 463, 7: 418, 8: 751, 9: 657}","{0: 45, 1: 31, 2: 46, 3: 89, 4: 124, 5: 719, 6: 455, 7: 412, 8: 746, 9: 652}","{0: 45, 1: 31, 2: 46, 3: 89, 4: 124, 5: 655, 6: 455, 7: 412, 8: 730, 9: 492}",98.6329866270431,91.50074294205052
rule_mencius,60c1s5r10p,YCSB_B,rw_zipf_0.75,concurrent_16,101,9600,158.2715,266.4871,303.05818,175.23411260416668,960.0,"{0: 37.113, 1: 35.714, 2: 37.624, 3: 37.755, 4: 37.0}","{0: 502.5, 1: 503.375, 2: 504.562, 3: 500.562, 4: 500.625}","{0: 62, 1: 40, 2: 40, 3: 52, 4: 44, 5: 44, 6: 960, 7: 960, 8: 960, 9: 54}","{0: 62, 1: 40, 2: 40, 3: 52, 4: 43, 5: 44, 6: 954, 7: 956, 8: 955, 9: 54}","{0: 0, 1: 0, 2: 0, 3: 0, 4: 0, 5: 6, 6: 954, 7: 956, 8: 955, 9: 3}",99.50248756218906,89.36567164179104
rule_mencius,60c1s5r10p,YCSB_B,rw_zipf_0.8,concurrent_16,0,9600,158.64249999999998,307.314,360.42935,202.94457677083332,960.0,"{0: 19.388, 1: 19.388, 2: 19.588, 3: 19.802, 4: 20.202}","{0: 498.688, 1: 496.562, 2: 499.062, 3: 493.438, 4: 495.0}","{0: 0, 1: 0, 2: 0, 3: 0, 4: 0, 5: 0, 6: 0, 7: 0, 8: 0, 9: 0}","{0: 0, 1: 0, 2: 0, 3: 0, 4: 0, 5: 0, 6: 0, 7: 0, 8: 0, 9: 0}","{0: 0, 1: 0, 2: 0, 3: 0, 4: 0, 5: 0, 6: 0, 7: 0, 8: 0, 9: 0}",0,0
rule_mencius,60c1s5r10p,YCSB_B,rw_zipf_0.8,concurrent_16,100,9600,174.8065,218.406,241.39309,177.55553208333333,960.0,"{0: 91.089, 1: 90.0, 2: 87.879, 3: 81.818, 4: 86.869}","{0: 508.25, 1: 508.062, 2: 510.875, 3: 503.625, 4: 506.438}","{0: 960, 1: 960, 2: 960, 3: 960, 4: 960, 5: 960, 6: 960, 7: 960, 8: 960, 9: 960}","{0: 948, 1: 952, 2: 954, 3: 956, 4: 952, 5: 954, 6: 953, 7: 955, 8: 953, 9: 952}","{0: 15, 1: 0, 2: 0, 3: 334, 4: 301, 5: 763, 6: 953, 7: 955, 8: 953, 9: 761}",99.26041666666667,52.447916666666664
rule_mencius,60c1s5r10p,YCSB_B,rw_zipf_0.8,concurrent_16,101,9600,155.8415,262.2173,306.55903,175.14858166666667,960.0,"{0: 44.444, 1: 42.424, 2: 40.206, 3: 42.857, 4: 41.414}","{0: 501.0, 1: 501.625, 2: 504.188, 3: 497.438, 4: 500.438}","{0: 48, 1: 49, 2: 42, 3: 50, 4: 44, 5: 74, 6: 960, 7: 960, 8: 960, 9: 66}","{0: 47, 1: 49, 2: 42, 3: 49, 4: 44, 5: 73, 6: 956, 7: 958, 8: 952, 9: 65}","{0: 0, 1: 0, 2: 0, 3: 0, 4: 0, 5: 22, 6: 956, 7: 958, 8: 952, 9: 31}",99.44666461727635,89.73255456501691
rule_mencius,60c1s5r10p,YCSB_B,rw_zipf_0.85,concurrent_16,0,9600,158.27550000000002,306.6906,357.44405,202.73880239583335,960.0,"{0: 22.449, 1: 20.408, 2: 20.408, 3: 20.202, 4: 20.202}","{0: 499.562, 1: 497.875, 2: 500.688, 3: 494.438, 4: 496.312}","{0: 0, 1: 0, 2: 0, 3: 0, 4: 0, 5: 0, 6: 0, 7: 0, 8: 0, 9: 0}","{0: 0, 1: 0, 2: 0, 3: 0, 4: 0, 5: 0, 6: 0, 7: 0, 8: 0, 9: 0}","{0: 0, 1: 0, 2: 0, 3: 0, 4: 0, 5: 0, 6: 0, 7: 0, 8: 0, 9: 0}",0,0
rule_mencius,60c1s5r10p,YCSB_B,rw_zipf_0.85,concurrent_16,100,9600,174.505,232.7517000000001,264.67913,182.72840520833333,960.0,"{0: 91.919, 1: 89.899, 2: 91.919, 3: 85.859, 4: 87.879}","{0: 507.75, 1: 505.312, 2: 510.562, 3: 504.812, 4: 505.438}","{0: 960, 1: 960, 2: 960, 3: 960, 4: 960, 5: 960, 6: 960, 7: 960, 8: 960, 9: 960}","{0: 941, 1: 938, 2: 944, 3: 946, 4: 948, 5: 943, 6: 946, 7: 947, 8: 946, 9: 943}","{0: 0, 1: 0, 2: 48, 3: 189, 4: 363, 5: 785, 6: 946, 7: 947, 8: 946, 9: 848}",98.35416666666667,52.833333333333336
rule_mencius,60c1s5r10p,YCSB_B,rw_zipf_0.85,concurrent_16,101,9600,160.2335,261.0154,304.32904,175.0906882291667,960.0,"{0: 42.857, 1: 41.237, 2: 47.475, 3: 46.465, 4: 47.475}","{0: 500.438, 1: 501.438, 2: 502.5, 3: 497.062, 4: 497.688}","{0: 53, 1: 47, 2: 51, 3: 47, 4: 60, 5: 81, 6: 960, 7: 960, 8: 960, 9: 58}","{0: 52, 1: 47, 2: 49, 3: 47, 4: 60, 5: 81, 6: 939, 7: 941, 8: 951, 9: 57}","{0: 0, 1: 0, 2: 0, 3: 0, 4: 0, 5: 41, 6: 939, 7: 941, 8: 951, 9: 2}",98.38266707354288,87.70216661580714
rule_mencius,60c1s5r10p,YCSB_B,rw_zipf_0.9,concurrent_16,0,9600,157.0245,305.52299999999997,359.05377,203.04462260416665,960.0,"{0: 18.182, 1: 18.367, 2: 18.557, 3: 17.347, 4: 18.367}","{0: 497.812, 1: 495.938, 2: 497.938, 3: 492.562, 4: 495.062}","{0: 0, 1: 0, 2: 0, 3: 0, 4: 0, 5: 0, 6: 0, 7: 0, 8: 0, 9: 0}","{0: 0, 1: 0, 2: 0, 3: 0, 4: 0, 5: 0, 6: 0, 7: 0, 8: 0, 9: 0}","{0: 0, 1: 0, 2: 0, 3: 0, 4: 0, 5: 0, 6: 0, 7: 0, 8: 0, 9: 0}",0,0
rule_mencius,60c1s5r10p,YCSB_B,rw_zipf_0.9,concurrent_16,100,9600,179.2105,219.50130000000001,255.0492,180.32793020833336,960.0,"{0: 93.939, 1: 91.089, 2: 89.109, 3: 86.0, 4: 89.0}","{0: 506.938, 1: 505.312, 2: 508.875, 3: 503.875, 4: 504.625}","{0: 960, 1: 960, 2: 960, 3: 960, 4: 960, 5: 960, 6: 960, 7: 960, 8: 960, 9: 960}","{0: 935, 1: 920, 2: 922, 3: 932, 4: 921, 5: 939, 6: 928, 7: 927, 8: 939, 9: 933}","{0: 0, 1: 0, 2: 29, 3: 462, 4: 325, 5: 831, 6: 928, 7: 927, 8: 939, 9: 745}",96.83333333333333,54.020833333333336
rule_mencius,60c1s5r10p,YCSB_B,rw_zipf_0.9,concurrent_16,101,9600,156.4345,267.3293000000001,301.98202000000003,174.99018093749999,960.0,"{0: 37.755, 1: 38.384, 2: 45.0, 3: 47.959, 4: 48.485}","{0: 502.688, 1: 501.188, 2: 502.812, 3: 497.312, 4: 499.312}","{0: 52, 1: 54, 2: 55, 3: 48, 4: 43, 5: 55, 6: 957, 7: 948, 8: 960, 9: 81}","{0: 50, 1: 51, 2: 49, 3: 47, 4: 41, 5: 52, 6: 935, 7: 922, 8: 930, 9: 79}","{0: 0, 1: 0, 2: 0, 3: 6, 4: 0, 5: 17, 6: 935, 7: 922, 8: 930, 9: 41}",97.01813710421149,87.64217645250538
rule_mencius,60c1s5r10p,YCSB_B,rw_zipf_0.95,concurrent_16,0,9600,157.329,304.2626,361.89914,202.73541145833332,960.0,"{0: 18.367, 1: 18.0, 2: 17.347, 3: 19.0, 4: 19.0}","{0: 496.938, 1: 495.375, 2: 497.375, 3: 494.0, 4: 493.75}","{0: 0, 1: 0, 2: 0, 3: 0, 4: 0, 5: 0, 6: 0, 7: 0, 8: 0, 9: 0}","{0: 0, 1: 0, 2: 0, 3: 0, 4: 0, 5: 0, 6: 0, 7: 0, 8: 0, 9: 0}","{0: 0, 1: 0, 2: 0, 3: 0, 4: 0, 5: 0, 6: 0, 7: 0, 8: 0, 9: 0}",0,0
rule_mencius,60c1s5r10p,YCSB_B,rw_zipf_0.95,concurrent_16,100,2966,264.139,5861.535,25218.4,1884.7416065407951,296.6,"{0: 100.0, 1: 100.0, 2: 100.0, 3: 100.0, 4: 100.0}","{0: 587.562, 1: 570.688, 2: 594.938, 3: 569.438, 4: 580.25}","{0: 31, 1: 48, 2: 17, 3: 72, 4: 64, 5: 660, 6: 408, 7: 388, 8: 713, 9: 721}","{0: 21, 1: 39, 2: 9, 3: 50, 4: 56, 5: 607, 6: 358, 7: 359, 8: 651, 9: 661}","{0: 21, 1: 39, 2: 9, 3: 50, 4: 56, 5: 500, 6: 358, 7: 359, 8: 606, 9: 508}",90.03843689942344,80.26905829596413
rule_mencius,60c1s5r10p,YCSB_B,rw_zipf_0.95,concurrent_16,101,9600,157.829,267.0158,301.3571,175.605179375,960.0,"{0: 30.928, 1: 30.612, 2: 37.374, 3: 40.404, 4: 38.776}","{0: 501.188, 1: 499.625, 2: 502.0, 3: 498.0, 4: 498.562}","{0: 40, 1: 45, 2: 45, 3: 43, 4: 45, 5: 86, 6: 919, 7: 939, 8: 927, 9: 37}","{0: 38, 1: 43, 2: 43, 3: 41, 4: 42, 5: 84, 6: 874, 7: 892, 8: 904, 9: 35}","{0: 0, 1: 0, 2: 0, 3: 0, 4: 0, 5: 38, 6: 874, 7: 892, 8: 904, 9: 8}",95.84133077415227,86.88419705694177
rule_mencius,60c1s5r10p,YCSB_B,rw_zipf_1,concurrent_16,0,9600,159.5615,306.7542,360.31205,203.71298197916667,960.0,"{0: 19.0, 1: 18.182, 2: 18.367, 3: 18.182, 4: 17.172}","{0: 497.188, 1: 494.688, 2: 497.75, 3: 493.812, 4: 494.062}","{0: 0, 1: 0, 2: 0, 3: 0, 4: 0, 5: 0, 6: 0, 7: 0, 8: 0, 9: 0}","{0: 0, 1: 0, 2: 0, 3: 0, 4: 0, 5: 0, 6: 0, 7: 0, 8: 0, 9: 0}","{0: 0, 1: 0, 2: 0, 3: 0, 4: 0, 5: 0, 6: 0, 7: 0, 8: 0, 9: 0}",0,0
rule_mencius,60c1s5r10p,YCSB_B,rw_zipf_1,concurrent_16,100,9600,175.1455,222.96259999999998,257.9447900000003,179.49852270833333,960.0,"{0: 88.889, 1: 85.714, 2: 90.816, 3: 84.0, 4: 85.0}","{0: 505.562, 1: 503.688, 2: 507.375, 3: 502.375, 4: 502.375}","{0: 960, 1: 960, 2: 960, 3: 960, 4: 960, 5: 960, 6: 960, 7: 960, 8: 960, 9: 960}","{0: 858, 1: 853, 2: 858, 3: 847, 4: 839, 5: 872, 6: 862, 7: 866, 8: 862, 9: 861}","{0: 15, 1: 15, 2: 0, 3: 293, 4: 206, 5: 736, 6: 862, 7: 866, 8: 862, 9: 643}",89.35416666666667,46.854166666666664
rule_mencius,60c1s5r10p,YCSB_B,rw_zipf_1,concurrent_16,101,9600,158.022,267.4512,310.97045,178.31718979166666,960.0,"{0: 47.0, 1: 43.878, 2: 40.0, 3: 43.564, 4: 44.0}","{0: 501.562, 1: 502.062, 2: 503.5, 3: 497.25, 4: 498.25}","{0: 47, 1: 45, 2: 49, 3: 55, 4: 43, 5: 54, 6: 918, 7: 843, 8: 891, 9: 74}","{0: 43, 1: 42, 2: 46, 3: 49, 4: 40, 5: 50, 6: 857, 7: 776, 8: 806, 9: 67}","{0: 0, 1: 0, 2: 0, 3: 0, 4: 0, 5: 0, 6: 857, 7: 776, 8: 806, 9: 29}",91.95097714474991,81.74892348459755
rule_mongodb,60c1s5r10p,YCSB_A,rw_1000000,concurrent_1,0,600,229.07850000000002,404.6572,476.56865,241.3829832666667,60.0,"{0: 38.384, 1: 2.02, 2: 1.02, 3: 2.02, 4: 1.02}","{0: 652.797, 1: 428.0, 2: 428.125, 3: 427.688, 4: 428.0}","{0: 0, 1: 0, 2: 0, 3: 0, 4: 0, 5: 0, 6: 0, 7: 0, 8: 0, 9: 0}","{0: 0, 1: 0, 2: 0, 3: 0, 4: 0, 5: 0, 6: 0, 7: 0, 8: 0, 9: 0}","{0: 0, 1: 0, 2: 0, 3: 0, 4: 0, 5: 0, 6: 0, 7: 0, 8: 0, 9: 0}",0,0
rule_mongodb,60c1s5r10p,YCSB_A,rw_1000000,concurrent_10,0,6000,224.521,415.9083,476.18304000000006,242.77740482,600.0,"{0: 51.546, 1: 5.051, 2: 4.04, 3: 4.124, 4: 3.125}","{0: 775.562, 1: 430.938, 2: 431.062, 3: 430.812, 4: 430.875}","{0: 0, 1: 0, 2: 0, 3: 0, 4: 0, 5: 0, 6: 0, 7: 0, 8: 0, 9: 0}","{0: 0, 1: 0, 2: 0, 3: 0, 4: 0, 5: 0, 6: 0, 7: 0, 8: 0, 9: 0}","{0: 0, 1: 0, 2: 0, 3: 0, 4: 0, 5: 0, 6: 0, 7: 0, 8: 0, 9: 0}",0,0
rule_mongodb,60c1s5r10p,YCSB_A,rw_1000000,concurrent_20,0,12000,228.074,415.7176,477.55913000000004,244.43013907583338,1200.0,"{0: 58.163, 1: 7.143, 2: 5.155, 3: 8.0, 4: 5.155}","{0: 818.559, 1: 434.188, 2: 434.375, 3: 433.938, 4: 433.75}","{0: 0, 1: 0, 2: 0, 3: 0, 4: 0, 5: 0, 6: 0, 7: 0, 8: 0, 9: 0}","{0: 0, 1: 0, 2: 0, 3: 0, 4: 0, 5: 0, 6: 0, 7: 0, 8: 0, 9: 0}","{0: 0, 1: 0, 2: 0, 3: 0, 4: 0, 5: 0, 6: 0, 7: 0, 8: 0, 9: 0}",0,0
rule_mongodb,60c1s5r10p,YCSB_A,rw_1000000,concurrent_30,0,18000,232.231,421.193,492.47723999999994,250.711910935,1800.0,"{0: 63.265, 1: 9.375, 2: 8.081, 3: 9.184, 4: 7.216}","{0: 862.234, 1: 437.062, 2: 437.562, 3: 436.812, 4: 437.0}","{0: 0, 1: 0, 2: 0, 3: 0, 4: 0, 5: 0, 6: 0, 7: 0, 8: 0, 9: 0}","{0: 0, 1: 0, 2: 0, 3: 0, 4: 0, 5: 0, 6: 0, 7: 0, 8: 0, 9: 0}","{0: 0, 1: 0, 2: 0, 3: 0, 4: 0, 5: 0, 6: 0, 7: 0, 8: 0, 9: 0}",0,0
rule_mongodb,60c1s5r10p,YCSB_A,rw_1000000,concurrent_35,0,21000,232.7455,427.659,496.58704,253.03676973666668,2100.0,"{0: 66.327, 1: 10.417, 2: 7.292, 3: 11.111, 4: 8.163}","{0: 885.543, 1: 438.938, 2: 439.527, 3: 438.312, 4: 438.25}","{0: 0, 1: 0, 2: 0, 3: 0, 4: 0, 5: 0, 6: 0, 7: 0, 8: 0, 9: 0}","{0: 0, 1: 0, 2: 0, 3: 0, 4: 0, 5: 0, 6: 0, 7: 0, 8: 0, 9: 0}","{0: 0, 1: 0, 2: 0, 3: 0, 4: 0, 5: 0, 6: 0, 7: 0, 8: 0, 9: 0}",0,0
rule_mongodb,60c1s5r10p,YCSB_A,rw_1000000,concurrent_40,0,24000,234.077,432.7589000000001,521.6256599999999,256.20865730375,2400.0,"{0: 68.0, 1: 11.34, 2: 8.247, 3: 11.34, 4: 9.091}","{0: 905.844, 1: 440.312, 2: 440.938, 3: 440.0, 4: 440.062}","{0: 0, 1: 0, 2: 0, 3: 0, 4: 0, 5: 0, 6: 0, 7: 0, 8: 0, 9: 0}","{0: 0, 1: 0, 2: 0, 3: 0, 4: 0, 5: 0, 6: 0, 7: 0, 8: 0, 9: 0}","{0: 0, 1: 0, 2: 0, 3: 0, 4: 0, 5: 0, 6: 0, 7: 0, 8: 0, 9: 0}",0,0
rule_mongodb,60c1s5r10p,YCSB_A,rw_1000000,concurrent_45,0,27000,234.57299999999998,430.512,509.9365499999999,256.49523629148143,2700.0,"{0: 74.0, 1: 11.579, 2: 9.184, 3: 12.371, 4: 10.309}","{0: 929.34, 1: 441.875, 2: 442.5, 3: 441.688, 4: 441.688}","{0: 0, 1: 0, 2: 0, 3: 0, 4: 0, 5: 0, 6: 0, 7: 0, 8: 0, 9: 0}","{0: 0, 1: 0, 2: 0, 3: 0, 4: 0, 5: 0, 6: 0, 7: 0, 8: 0, 9: 0}","{0: 0, 1: 0, 2: 0, 3: 0, 4: 0, 5: 0, 6: 0, 7: 0, 8: 0, 9: 0}",0,0
rule_mongodb,60c1s5r10p,YCSB_A,rw_1000000,concurrent_50,0,30000,237.297,436.8683,504.95304,260.40528339599996,3000.0,"{0: 73.0, 1: 12.632, 2: 10.417, 3: 13.402, 4: 11.224}","{0: 947.637, 1: 443.5, 2: 443.938, 3: 442.664, 4: 443.312}","{0: 0, 1: 0, 2: 0, 3: 0, 4: 0, 5: 0, 6: 0, 7: 0, 8: 0, 9: 0}","{0: 0, 1: 0, 2: 0, 3: 0, 4: 0, 5: 0, 6: 0, 7: 0, 8: 0, 9: 0}","{0: 0, 1: 0, 2: 0, 3: 0, 4: 0, 5: 0, 6: 0, 7: 0, 8: 0, 9: 0}",0,0
rule_mongodb,60c1s5r10p,YCSB_A,rw_1000000,concurrent_60,0,36000,250.4275,471.8142,553.0192900000001,279.2410311913889,3600.0,"{0: 79.798, 1: 12.5, 2: 12.245, 3: 17.526, 4: 13.265}","{0: 974.332, 1: 446.75, 2: 446.75, 3: 445.5, 4: 446.188}","{0: 0, 1: 0, 2: 0, 3: 0, 4: 0, 5: 0, 6: 0, 7: 0, 8: 0, 9: 0}","{0: 0, 1: 0, 2: 0, 3: 0, 4: 0, 5: 0, 6: 0, 7: 0, 8: 0, 9: 0}","{0: 0, 1: 0, 2: 0, 3: 0, 4: 0, 5: 0, 6: 0, 7: 0, 8: 0, 9: 0}",0,0
rule_mongodb,60c1s5r10p,YCSB_A,rw_1000000,concurrent_1,100,600,153.6635,196.98270000000076,237.71124,148.78449548333336,60.0,"{0: 37.374, 1: 1.02, 2: 1.02, 3: 2.02, 4: 2.0}","{0: 656.145, 1: 429.125, 2: 429.125, 3: 428.875, 4: 429.125}","{0: 60, 1: 60, 2: 60, 3: 60, 4: 60, 5: 60, 6: 60, 7: 60, 8: 60, 9: 60}","{0: 60, 1: 60, 2: 60, 3: 60, 4: 60, 5: 60, 6: 60, 7: 60, 8: 60, 9: 60}","{0: 30, 1: 28, 2: 60, 3: 60, 4: 60, 5: 60, 6: 27, 7: 60, 8: 59, 9: 60}",100.0,84.0
rule_mongodb,60c1s5r10p,YCSB_A,rw_1000000,concurrent_10,100,6000,153.937,228.1127,239.46720000000002,149.35249182666666,600.0,"{0: 52.041, 1: 4.082, 2: 4.082, 3: 5.155, 4: 4.082}","{0: 805.898, 1: 436.0, 2: 436.125, 3: 435.75, 4: 435.625}","{0: 600, 1: 600, 2: 600, 3: 600, 4: 600, 5: 600, 6: 600, 7: 600, 8: 600, 9: 600}","{0: 600, 1: 600, 2: 600, 3: 600, 4: 599, 5: 600, 6: 600, 7: 600, 8: 600, 9: 600}","{0: 291, 1: 265, 2: 429, 3: 430, 4: 416, 5: 456, 6: 298, 7: 459, 8: 432, 9: 443}",99.98333333333333,65.31666666666666
rule_mongodb,60c1s5r10p,YCSB_A,rw_1000000,concurrent_20,100,12000,154.6735,197.3819000000132,242.20401,152.20551037750002,1200.0,"{0: 57.143, 1: 6.25, 2: 6.186, 3: 9.278, 4: 7.071}","{0: 822.742, 1: 442.625, 2: 443.5, 3: 442.5, 4: 442.562}","{0: 1200, 1: 1200, 2: 1200, 3: 1200, 4: 1200, 5: 1200, 6: 1200, 7: 1200, 8: 1200, 9: 1200}","{0: 1200, 1: 1200, 2: 1200, 3: 1200, 4: 1200, 5: 1200, 6: 1200, 7: 1200, 8: 1200, 9: 1200}","{0: 601, 1: 597, 2: 682, 3: 674, 4: 716, 5: 696, 6: 582, 7: 689, 8: 652, 9: 677}",100.0,54.71666666666667
rule_mongodb,60c1s5r10p,YCSB_A,rw_1000000,concurrent_30,100,18000,159.065,230.1603,244.12502999999998,154.59957202055554,1800.0,"{0: 65.0, 1: 9.184, 2: 8.081, 3: 11.458, 4: 8.247}","{0: 865.098, 1: 449.688, 2: 450.625, 3: 449.625, 4: 449.5}","{0: 1800, 1: 1800, 2: 1800, 3: 1800, 4: 1800, 5: 1800, 6: 1800, 7: 1800, 8: 1800, 9: 1800}","{0: 1800, 1: 1800, 2: 1800, 3: 1800, 4: 1800, 5: 1800, 6: 1799, 7: 1797, 8: 1800, 9: 1800}","{0: 881, 1: 878, 2: 982, 3: 1030, 4: 1067, 5: 1028, 6: 921, 7: 970, 8: 1010, 9: 1059}",99.97777777777777,54.58888888888889
rule_mongodb,60c1s5r10p,YCSB_A,rw_1000000,concurrent_35,100,21000,158.144,232.80190000000002,245.32007,155.12435105238094,2100.0,"{0: 67.677, 1: 9.278, 2: 9.091, 3: 13.402, 4: 9.278}","{0: 890.363, 1: 453.0, 2: 454.375, 3: 452.75, 4: 452.625}","{0: 2100, 1: 2100, 2: 2100, 3: 2100, 4: 2100, 5: 2100, 6: 2100, 7: 2100, 8: 2100, 9: 2100}","{0: 2098, 1: 2097, 2: 2100, 3: 2099, 4: 2100, 5: 2100, 6: 2100, 7: 2100, 8: 2100, 9: 2100}","{0: 1047, 1: 1052, 2: 1235, 3: 1238, 4: 1194, 5: 1218, 6: 1067, 7: 1236, 8: 1226, 9: 1266}",99.97142857142858,56.09047619047619
rule_mongodb,60c1s5r10p,YCSB_A,rw_1000000,concurrent_40,100,24000,159.814,233.0278,260.33615,156.54009447833332,2400.0,"{0: 70.588, 1: 10.309, 2: 11.0, 3: 14.737, 4: 10.309}","{0: 907.059, 1: 455.875, 2: 457.375, 3: 454.891, 4: 455.562}","{0: 2400, 1: 2400, 2: 2400, 3: 2400, 4: 2400, 5: 2400, 6: 2400, 7: 2400, 8: 2400, 9: 2400}","{0: 2399, 1: 2398, 2: 2399, 3: 2398, 4: 2400, 5: 2400, 6: 2399, 7: 2400, 8: 2398, 9: 2400}","{0: 1208, 1: 1161, 2: 1320, 3: 1329, 4: 1346, 5: 1304, 6: 1226, 7: 1291, 8: 1310, 9: 1277}",99.9625,53.21666666666667
rule_mongodb,60c1s5r10p,YCSB_A,rw_1000000,concurrent_45,100,27000,163.54149999999998,234.3312,298.19318999999996,160.00342167185184,2700.0,"{0: 75.0, 1: 11.34, 2: 10.309, 3: 14.286, 4: 14.0}","{0: 935.945, 1: 460.016, 2: 461.375, 3: 458.688, 4: 459.188}","{0: 2700, 1: 2700, 2: 2700, 3: 2700, 4: 2700, 5: 2700, 6: 2700, 7: 2700, 8: 2700, 9: 2700}","{0: 2698, 1: 2699, 2: 2697, 3: 2698, 4: 2699, 5: 2694, 6: 2696, 7: 2698, 8: 2699, 9: 2695}","{0: 1359, 1: 1306, 2: 1598, 3: 1560, 4: 1514, 5: 1717, 6: 1381, 7: 1563, 8: 1583, 9: 1457}",99.9,55.696296296296296
rule_mongodb,60c1s5r10p,YCSB_A,rw_1000000,concurrent_50,100,30000,162.339,239.81210000000004,352.39867999999746,164.50784340766668,3000.0,"{0: 77.551, 1: 13.542, 2: 11.458, 3: 16.162, 4: 14.583}","{0: 957.969, 1: 463.188, 2: 464.812, 3: 461.75, 4: 462.875}","{0: 3000, 1: 3000, 2: 3000, 3: 3000, 4: 3000, 5: 3000, 6: 3000, 7: 3000, 8: 3000, 9: 3000}","{0: 2998, 1: 3000, 2: 3000, 3: 2997, 4: 2998, 5: 2999, 6: 2999, 7: 2999, 8: 2998, 9: 2998}","{0: 1456, 1: 1489, 2: 1821, 3: 1741, 4: 1774, 5: 1735, 6: 1494, 7: 1721, 8: 1730, 9: 1740}",99.95333333333333,55.67
rule_mongodb,60c1s5r10p,YCSB_A,rw_1000000,concurrent_60,100,36000,172.798,308.0771,479.27207,186.1415150652778,3600.0,"{0: 87.0, 1: 15.789, 2: 13.402, 3: 19.388, 4: 15.625}","{0: 979.02, 1: 469.625, 2: 470.812, 3: 467.75, 4: 468.961}","{0: 3600, 1: 3600, 2: 3600, 3: 3600, 4: 3600, 5: 3600, 6: 3600, 7: 3600, 8: 3600, 9: 3600}","{0: 3597, 1: 3592, 2: 3595, 3: 3599, 4: 3596, 5: 3598, 6: 3596, 7: 3594, 8: 3598, 9: 3598}","{0: 1799, 1: 1804, 2: 1999, 3: 2129, 4: 2042, 5: 2083, 6: 1907, 7: 2154, 8: 2139, 9: 2086}",99.89722222222223,55.95
rule_mongodb,60c1s5r10p,YCSB_A,rw_1000000,concurrent_1,101,600,152.5885,229.2644,321.80562,153.11840638333334,60.0,"{0: 39.0, 1: 2.041, 2: 2.02, 3: 2.02, 4: 2.02}","{0: 675.926, 1: 429.188, 2: 429.0, 3: 428.938, 4: 429.125}","{0: 46, 1: 48, 2: 60, 3: 60, 4: 60, 5: 60, 6: 44, 7: 60, 8: 60, 9: 60}","{0: 46, 1: 48, 2: 60, 3: 60, 4: 60, 5: 60, 6: 44, 7: 60, 8: 60, 9: 60}","{0: 18, 1: 23, 2: 60, 3: 59, 4: 60, 5: 60, 6: 21, 7: 60, 8: 60, 9: 60}",100.0,86.20071684587813
rule_mongodb,60c1s5r10p,YCSB_A,rw_1000000,concurrent_10,101,6000,169.73899999999998,392.4568,484.63155,200.71539376166666,600.0,"{0: 52.0, 1: 4.04, 2: 4.082, 3: 5.051, 4: 4.082}","{0: 780.578, 1: 434.625, 2: 434.812, 3: 434.625, 4: 434.812}","{0: 151, 1: 129, 2: 323, 3: 357, 4: 293, 5: 298, 6: 138, 7: 355, 8: 392, 9: 385}","{0: 151, 1: 129, 2: 323, 3: 357, 4: 293, 5: 298, 6: 138, 7: 355, 8: 392, 9: 385}","{0: 81, 1: 54, 2: 221, 3: 242, 4: 206, 5: 216, 6: 70, 7: 249, 8: 271, 9: 285}",100.0,67.17476072314783
rule_mongodb,60c1s5r10p,YCSB_A,rw_1000000,concurrent_20,101,12000,174.04899999999998,427.9951,503.89125,232.33668340416665,1200.0,"{0: 57.576, 1: 6.122, 2: 6.122, 3: 7.216, 4: 7.143}","{0: 823.02, 1: 438.625, 2: 438.875, 3: 438.312, 4: 438.312}","{0: 153, 1: 169, 2: 264, 3: 265, 4: 268, 5: 301, 6: 169, 7: 275, 8: 262, 9: 313}","{0: 153, 1: 169, 2: 264, 3: 265, 4: 268, 5: 301, 6: 169, 7: 275, 8: 262, 9: 313}","{0: 72, 1: 87, 2: 147, 3: 162, 4: 153, 5: 181, 6: 92, 7: 175, 8: 139, 9: 176}",100.0,56.744567445674456
rule_mongodb,60c1s5r10p,YCSB_A,rw_1000000,concurrent_30,101,18000,191.09199999999998,439.06629999999996,522.84511,245.34870884277774,1800.0,"{0: 65.657, 1: 8.333, 2: 7.216, 3: 11.111, 4: 9.278}","{0: 862.816, 1: 442.688, 2: 442.875, 3: 442.375, 4: 442.25}","{0: 180, 1: 180, 2: 264, 3: 238, 4: 226, 5: 301, 6: 232, 7: 175, 8: 238, 9: 210}","{0: 180, 1: 180, 2: 264, 3: 238, 4: 226, 5: 301, 6: 232, 7: 175, 8: 238, 9: 210}","{0: 81, 1: 89, 2: 160, 3: 143, 4: 129, 5: 176, 6: 124, 7: 93, 8: 140, 9: 112}",100.0,55.57040998217469
rule_mongodb,60c1s5r10p,YCSB_A,rw_1000000,concurrent_35,101,21000,187.87900000000002,439.13970000000006,516.55624,244.72896995,2100.0,"{0: 66.0, 1: 9.278, 2: 8.247, 3: 11.224, 4: 10.204}","{0: 886.668, 1: 445.188, 2: 445.828, 3: 444.625, 4: 445.312}","{0: 264, 1: 227, 2: 315, 3: 263, 4: 343, 5: 308, 6: 265, 7: 315, 8: 327, 9: 322}","{0: 264, 1: 227, 2: 315, 3: 263, 4: 343, 5: 308, 6: 265, 7: 315, 8: 327, 9: 322}","{0: 122, 1: 105, 2: 186, 3: 152, 4: 208, 5: 177, 6: 130, 7: 186, 8: 193, 9: 187}",100.0,55.81553068836894
rule_mongodb,60c1s5r10p,YCSB_A,rw_1000000,concurrent_40,101,24000,191.1455,442.2151,524.1021999999999,246.92438744708332,2400.0,"{0: 68.687, 1: 10.309, 2: 8.421, 3: 11.458, 4: 10.204}","{0: 907.141, 1: 447.125, 2: 447.688, 3: 446.938, 4: 446.688}","{0: 260, 1: 271, 2: 302, 3: 300, 4: 333, 5: 292, 6: 284, 7: 369, 8: 353, 9: 340}","{0: 260, 1: 271, 2: 302, 3: 300, 4: 333, 5: 292, 6: 284, 7: 369, 8: 353, 9: 340}","{0: 139, 1: 126, 2: 163, 3: 164, 4: 186, 5: 155, 6: 147, 7: 204, 8: 204, 9: 196}",100.0,54.25257731958763
rule_mongodb,60c1s5r10p,YCSB_A,rw_1000000,concurrent_45,101,27000,206.7425,446.67810000000003,531.102,255.25738032518518,2700.0,"{0: 73.469, 1: 12.245, 2: 9.375, 3: 13.265, 4: 12.245}","{0: 933.367, 1: 448.812, 2: 449.625, 3: 448.562, 4: 448.75}","{0: 208, 1: 249, 2: 318, 3: 276, 4: 255, 5: 248, 6: 250, 7: 247, 8: 271, 9: 265}","{0: 208, 1: 249, 2: 318, 3: 276, 4: 255, 5: 248, 6: 250, 7: 247, 8: 271, 9: 265}","{0: 100, 1: 136, 2: 184, 3: 146, 4: 149, 5: 141, 6: 128, 7: 128, 8: 154, 9: 148}",100.0,54.65790490916119
rule_mongodb,60c1s5r10p,YCSB_A,rw_1000000,concurrent_50,101,30000,198.457,445.99520000000007,527.6112899999999,252.57942215233334,3000.0,"{0: 74.747, 1: 11.34, 2: 10.526, 3: 14.433, 4: 13.402}","{0: 950.059, 1: 450.75, 2: 451.5, 3: 450.375, 4: 450.75}","{0: 342, 1: 364, 2: 406, 3: 313, 4: 344, 5: 325, 6: 291, 7: 420, 8: 323, 9: 383}","{0: 342, 1: 363, 2: 405, 3: 313, 4: 342, 5: 325, 6: 291, 7: 420, 8: 323, 9: 382}","{0: 178, 1: 179, 2: 238, 3: 187, 4: 199, 5: 181, 6: 133, 7: 223, 8: 175, 9: 210}",99.8575904300769,54.201082312731415
rule_mongodb,60c1s5r10p,YCSB_A,rw_1000000,concurrent_60,101,36000,192.402,453.5142,545.3974200000001,254.00859690861108,3600.0,"{0: 81.818, 1: 13.684, 2: 12.371, 3: 16.667, 4: 15.0}","{0: 978.363, 1: 456.812, 2: 457.188, 3: 455.75, 4: 456.375}","{0: 473, 1: 588, 2: 553, 3: 651, 4: 562, 5: 660, 6: 459, 7: 467, 8: 688, 9: 547}","{0: 471, 1: 588, 2: 553, 3: 651, 4: 561, 5: 660, 6: 459, 7: 466, 8: 688, 9: 547}","{0: 236, 1: 325, 2: 301, 3: 377, 4: 302, 5: 370, 6: 217, 7: 225, 8: 384, 9: 268}",99.92917847025495,53.20467422096317
rule_mongodb,60c1s5r10p,YCSB_A,rw_zipf_1,concurrent_1,0,600,229.39,421.61570000000006,506.99406,245.13569916666668,60.0,"{0: 36.082, 1: 1.031, 2: 1.02, 3: 2.02, 4: 2.041}","{0: 672.141, 1: 443.375, 2: 443.25, 3: 443.312, 4: 443.562}","{0: 0, 1: 0, 2: 0, 3: 0, 4: 0, 5: 0, 6: 0, 7: 0, 8: 0, 9: 0}","{0: 0, 1: 0, 2: 0, 3: 0, 4: 0, 5: 0, 6: 0, 7: 0, 8: 0, 9: 0}","{0: 0, 1: 0, 2: 0, 3: 0, 4: 0, 5: 0, 6: 0, 7: 0, 8: 0, 9: 0}",0,0
rule_mongodb,60c1s5r10p,YCSB_A,rw_zipf_1,concurrent_10,0,6000,229.633,432.7928000000001,508.62518,249.91089729666666,600.0,"{0: 51.02, 1: 4.082, 2: 3.093, 3: 4.082, 4: 5.051}","{0: 789.953, 1: 445.75, 2: 445.25, 3: 445.438, 4: 445.25}","{0: 0, 1: 0, 2: 0, 3: 0, 4: 0, 5: 0, 6: 0, 7: 0, 8: 0, 9: 0}","{0: 0, 1: 0, 2: 0, 3: 0, 4: 0, 5: 0, 6: 0, 7: 0, 8: 0, 9: 0}","{0: 0, 1: 0, 2: 0, 3: 0, 4: 0, 5: 0, 6: 0, 7: 0, 8: 0, 9: 0}",0,0
rule_mongodb,60c1s5r10p,YCSB_A,rw_zipf_1,concurrent_20,0,12000,231.293,433.8275000000002,501.45613000000003,252.6946064591667,1200.0,"{0: 56.566, 1: 6.122, 2: 6.061, 3: 7.143, 4: 6.186}","{0: 828.945, 1: 447.5, 2: 447.562, 3: 447.562, 4: 447.438}","{0: 0, 1: 0, 2: 0, 3: 0, 4: 0, 5: 0, 6: 0, 7: 0, 8: 0, 9: 0}","{0: 0, 1: 0, 2: 0, 3: 0, 4: 0, 5: 0, 6: 0, 7: 0, 8: 0, 9: 0}","{0: 0, 1: 0, 2: 0, 3: 0, 4: 0, 5: 0, 6: 0, 7: 0, 8: 0, 9: 0}",0,0
rule_mongodb,60c1s5r10p,YCSB_A,rw_zipf_1,concurrent_30,0,18000,234.2145,439.65250000000003,516.51612,255.59948920722223,1800.0,"{0: 64.0, 1: 8.333, 2: 7.216, 3: 10.204, 4: 8.247}","{0: 867.598, 1: 449.688, 2: 449.562, 3: 449.25, 4: 449.562}","{0: 0, 1: 0, 2: 0, 3: 0, 4: 0, 5: 0, 6: 0, 7: 0, 8: 0, 9: 0}","{0: 0, 1: 0, 2: 0, 3: 0, 4: 0, 5: 0, 6: 0, 7: 0, 8: 0, 9: 0}","{0: 0, 1: 0, 2: 0, 3: 0, 4: 0, 5: 0, 6: 0, 7: 0, 8: 0, 9: 0}",0,0
rule_mongodb,60c1s5r10p,YCSB_A,rw_zipf_1,concurrent_35,0,21000,234.581,447.54,523.8644899999999,259.8720116809524,2100.0,"{0: 66.0, 1: 8.247, 2: 8.333, 3: 11.224, 4: 9.278}","{0: 892.344, 1: 450.312, 2: 450.5, 3: 450.25, 4: 450.125}","{0: 0, 1: 0, 2: 0, 3: 0, 4: 0, 5: 0, 6: 0, 7: 0, 8: 0, 9: 0}","{0: 0, 1: 0, 2: 0, 3: 0, 4: 0, 5: 0, 6: 0, 7: 0, 8: 0, 9: 0}","{0: 0, 1: 0, 2: 0, 3: 0, 4: 0, 5: 0, 6: 0, 7: 0, 8: 0, 9: 0}",0,0
rule_mongodb,60c1s5r10p,YCSB_A,rw_zipf_1,concurrent_40,0,24000,242.584,445.3637,530.2723599999999,262.60186893708334,2400.0,"{0: 67.347, 1: 9.278, 2: 9.184, 3: 11.111, 4: 10.417}","{0: 912.016, 1: 451.688, 2: 452.125, 3: 451.062, 4: 451.25}","{0: 0, 1: 0, 2: 0, 3: 0, 4: 0, 5: 0, 6: 0, 7: 0, 8: 0, 9: 0}","{0: 0, 1: 0, 2: 0, 3: 0, 4: 0, 5: 0, 6: 0, 7: 0, 8: 0, 9: 0}","{0: 0, 1: 0, 2: 0, 3: 0, 4: 0, 5: 0, 6: 0, 7: 0, 8: 0, 9: 0}",0,0
rule_mongodb,60c1s5r10p,YCSB_A,rw_zipf_1,concurrent_45,0,27000,237.31900000000002,454.1473,522.48001,266.0086071281482,2700.0,"{0: 70.707, 1: 11.224, 2: 10.309, 3: 14.0, 4: 11.458}","{0: 933.559, 1: 452.559, 2: 452.688, 3: 452.312, 4: 452.312}","{0: 0, 1: 0, 2: 0, 3: 0, 4: 0, 5: 0, 6: 0, 7: 0, 8: 0, 9: 0}","{0: 0, 1: 0, 2: 0, 3: 0, 4: 0, 5: 0, 6: 0, 7: 0, 8: 0, 9: 0}","{0: 0, 1: 0, 2: 0, 3: 0, 4: 0, 5: 0, 6: 0, 7: 0, 8: 0, 9: 0}",0,0
rule_mongodb,60c1s5r10p,YCSB_A,rw_zipf_1,concurrent_50,0,30000,236.4015,451.9981,530.51603,268.90490757366666,3000.0,"{0: 73.737, 1: 12.632, 2: 9.375, 3: 14.433, 4: 11.224}","{0: 947.352, 1: 453.5, 2: 453.625, 3: 453.125, 4: 453.25}","{0: 0, 1: 0, 2: 0, 3: 0, 4: 0, 5: 0, 6: 0, 7: 0, 8: 0, 9: 0}","{0: 0, 1: 0, 2: 0, 3: 0, 4: 0, 5: 0, 6: 0, 7: 0, 8: 0, 9: 0}","{0: 0, 1: 0, 2: 0, 3: 0, 4: 0, 5: 0, 6: 0, 7: 0, 8: 0, 9: 0}",0,0
rule_mongodb,60c1s5r10p,YCSB_A,rw_zipf_1,concurrent_60,0,36000,243.55349999999999,458.0228,539.41803,270.88577445972226,3600.0,"{0: 79.798, 1: 12.632, 2: 12.371, 3: 16.495, 4: 14.433}","{0: 1017.641, 1: 455.25, 2: 455.75, 3: 455.062, 4: 455.0}","{0: 0, 1: 0, 2: 0, 3: 0, 4: 0, 5: 0, 6: 0, 7: 0, 8: 0, 9: 0}","{0: 0, 1: 0, 2: 0, 3: 0, 4: 0, 5: 0, 6: 0, 7: 0, 8: 0, 9: 0}","{0: 0, 1: 0, 2: 0, 3: 0, 4: 0, 5: 0, 6: 0, 7: 0, 8: 0, 9: 0}",0,0
rule_mongodb,60c1s5r10p,YCSB_A,rw_zipf_1,concurrent_1,100,600,154.699,228.5737,446.49211999999994,162.13322283333332,60.0,"{0: 39.175, 1: 2.02, 2: 2.02, 3: 2.02, 4: 2.02}","{0: 674.715, 1: 444.625, 2: 444.562, 3: 444.125, 4: 444.25}","{0: 60, 1: 60, 2: 60, 3: 60, 4: 60, 5: 60, 6: 60, 7: 60, 8: 60, 9: 60}","{0: 56, 1: 49, 2: 48, 3: 50, 4: 57, 5: 58, 6: 54, 7: 56, 8: 53, 9: 56}","{0: 31, 1: 16, 2: 48, 3: 50, 4: 57, 5: 58, 6: 27, 7: 56, 8: 53, 9: 55}",89.5,75.16666666666667
rule_mongodb,60c1s5r10p,YCSB_A,rw_zipf_1,concurrent_10,100,6000,156.2315,256.2583000000006,465.40314,174.6298246766667,600.0,"{0: 52.525, 1: 4.082, 2: 4.082, 3: 5.102, 4: 5.102}","{0: 788.949, 1: 448.938, 2: 449.0, 3: 449.062, 4: 448.625}","{0: 600, 1: 600, 2: 600, 3: 600, 4: 600, 5: 600, 6: 600, 7: 600, 8: 600, 9: 600}","{0: 488, 1: 463, 2: 467, 3: 482, 4: 461, 5: 471, 6: 468, 7: 474, 8: 468, 9: 450}","{0: 255, 1: 213, 2: 319, 3: 349, 4: 334, 5: 346, 6: 251, 7: 340, 8: 338, 9: 326}",78.2,51.18333333333333
rule_mongodb,60c1s5r10p,YCSB_A,rw_zipf_1,concurrent_20,100,12000,157.147,335.6956000000001,463.9213,179.96603980833333,1200.0,"{0: 57.143, 1: 6.186, 2: 5.155, 3: 8.247, 4: 7.143}","{0: 831.004, 1: 453.5, 2: 454.25, 3: 453.625, 4: 453.25}","{0: 1200, 1: 1200, 2: 1200, 3: 1200, 4: 1200, 5: 1200, 6: 1200, 7: 1200, 8: 1200, 9: 1200}","{0: 909, 1: 877, 2: 899, 3: 882, 4: 915, 5: 881, 6: 892, 7: 879, 8: 905, 9: 910}","{0: 459, 1: 434, 2: 518, 3: 548, 4: 535, 5: 565, 6: 438, 7: 505, 8: 523, 9: 512}",74.575,41.975
rule_mongodb,60c1s5r10p,YCSB_A,rw_zipf_1,concurrent_30,100,18000,160.986,361.978,478.13091999999983,185.72321898055554,1800.0,"{0: 66.0, 1: 8.333, 2: 8.081, 3: 10.417, 4: 9.375}","{0: 869.227, 1: 457.438, 2: 457.938, 3: 456.75, 4: 457.188}","{0: 1800, 1: 1800, 2: 1800, 3: 1800, 4: 1800, 5: 1800, 6: 1800, 7: 1800, 8: 1800, 9: 1800}","{0: 1252, 1: 1264, 2: 1287, 3: 1265, 4: 1246, 5: 1283, 6: 1313, 7: 1309, 8: 1278, 9: 1276}","{0: 614, 1: 617, 2: 776, 3: 736, 4: 711, 5: 768, 6: 640, 7: 769, 8: 697, 9: 751}",70.96111111111111,39.327777777777776
rule_mongodb,60c1s5r10p,YCSB_A,rw_zipf_1,concurrent_35,100,21000,165.14100000000002,365.5643,483.1556399999999,189.25553405142858,2100.0,"{0: 66.667, 1: 9.375, 2: 9.184, 3: 13.265, 4: 9.091}","{0: 897.645, 1: 459.562, 2: 460.25, 3: 458.938, 4: 459.438}","{0: 2100, 1: 2100, 2: 2100, 3: 2100, 4: 2100, 5: 2100, 6: 2100, 7: 2100, 8: 2100, 9: 2100}","{0: 1476, 1: 1477, 2: 1494, 3: 1536, 4: 1458, 5: 1464, 6: 1462, 7: 1508, 8: 1505, 9: 1435}","{0: 715, 1: 732, 2: 860, 3: 902, 4: 809, 5: 826, 6: 704, 7: 829, 8: 834, 9: 752}",70.54761904761905,37.91904761904762
rule_mongodb,60c1s5r10p,YCSB_A,rw_zipf_1,concurrent_40,100,24000,171.4425,374.5928,495.3627699999999,193.03510880833332,2400.0,"{0: 68.367, 1: 11.224, 2: 10.309, 3: 14.433, 4: 10.526}","{0: 909.809, 1: 461.25, 2: 462.0, 3: 460.625, 4: 461.062}","{0: 2400, 1: 2400, 2: 2400, 3: 2400, 4: 2400, 5: 2400, 6: 2400, 7: 2400, 8: 2400, 9: 2400}","{0: 1692, 1: 1652, 2: 1671, 3: 1670, 4: 1671, 5: 1647, 6: 1659, 7: 1658, 8: 1692, 9: 1681}","{0: 831, 1: 793, 2: 892, 3: 891, 4: 912, 5: 878, 6: 823, 7: 925, 8: 891, 9: 920}",69.55416666666666,36.483333333333334
rule_mongodb,60c1s5r10p,YCSB_A,rw_zipf_1,concurrent_45,100,27000,171.597,381.7221000000001,499.66411,196.20585990333333,2700.0,"{0: 73.737, 1: 12.371, 2: 11.224, 3: 16.667, 4: 11.224}","{0: 934.719, 1: 463.125, 2: 464.25, 3: 462.875, 4: 463.438}","{0: 2700, 1: 2700, 2: 2700, 3: 2700, 4: 2700, 5: 2700, 6: 2700, 7: 2700, 8: 2700, 9: 2700}","{0: 1917, 1: 1838, 2: 1838, 3: 1832, 4: 1881, 5: 1847, 6: 1816, 7: 1835, 8: 1840, 9: 1835}","{0: 907, 1: 884, 2: 1019, 3: 1006, 4: 1053, 5: 1123, 6: 896, 7: 1024, 8: 1121, 9: 1074}",68.44074074074074,37.43333333333333
rule_mongodb,60c1s5r10p,YCSB_A,rw_zipf_1,concurrent_50,100,30000,173.768,405.0425000000001,516.5808199999999,206.78835236366663,3000.0,"{0: 78.0, 1: 15.306, 2: 12.371, 3: 16.495, 4: 12.245}","{0: 954.652, 1: 465.625, 2: 466.25, 3: 464.688, 4: 464.812}","{0: 3000, 1: 3000, 2: 3000, 3: 3000, 4: 3000, 5: 3000, 6: 3000, 7: 3000, 8: 3000, 9: 3000}","{0: 2195, 1: 2175, 2: 2205, 3: 2146, 4: 2162, 5: 2225, 6: 2172, 7: 2136, 8: 2199, 9: 2167}","{0: 954, 1: 967, 2: 1118, 3: 1207, 4: 1132, 5: 1197, 6: 988, 7: 1146, 8: 1130, 9: 1211}",72.60666666666667,36.833333333333336
rule_mongodb,60c1s5r10p,YCSB_A,rw_zipf_1,concurrent_60,100,36000,183.7515,427.56880000000007,606.01718,229.97410520416665,3600.0,"{0: 87.0, 1: 15.625, 2: 14.286, 3: 21.649, 4: 14.433}","{0: 979.977, 1: 468.875, 2: 469.625, 3: 468.0, 4: 468.625}","{0: 3600, 1: 3600, 2: 3600, 3: 3600, 4: 3600, 5: 3600, 6: 3600, 7: 3600, 8: 3600, 9: 3600}","{0: 2658, 1: 2625, 2: 2610, 3: 2508, 4: 2571, 5: 2457, 6: 2533, 7: 2574, 8: 2463, 9: 2473}","{0: 1130, 1: 1167, 2: 1362, 3: 1310, 4: 1264, 5: 1343, 6: 1193, 7: 1371, 8: 1338, 9: 1377}",70.75555555555556,35.708333333333336
rule_mongodb,60c1s5r10p,YCSB_A,rw_zipf_1,concurrent_1,101,600,153.867,230.1077,442.19022,159.66631425,60.0,"{0: 37.5, 1: 2.041, 2: 1.02, 3: 2.041, 4: 1.031}","{0: 673.195, 1: 444.25, 2: 444.25, 3: 444.25, 4: 444.25}","{0: 44, 1: 43, 2: 60, 3: 60, 4: 60, 5: 60, 6: 49, 7: 60, 8: 60, 9: 60}","{0: 39, 1: 39, 2: 54, 3: 52, 4: 57, 5: 56, 6: 44, 7: 55, 8: 56, 9: 56}","{0: 12, 1: 12, 2: 54, 3: 52, 4: 57, 5: 56, 6: 24, 7: 55, 8: 56, 9: 56}",91.36690647482014,78.05755395683454
rule_mongodb,60c1s5r10p,YCSB_A,rw_zipf_1,concurrent_10,101,6000,173.6535,418.4925,486.85209000000015,224.70822389833333,600.0,"{0: 51.546, 1: 4.082, 2: 3.093, 3: 5.155, 4: 4.082}","{0: 787.961, 1: 448.062, 2: 448.188, 3: 447.938, 4: 447.875}","{0: 86, 1: 84, 2: 205, 3: 263, 4: 195, 5: 232, 6: 116, 7: 226, 8: 264, 9: 232}","{0: 68, 1: 60, 2: 162, 3: 204, 4: 155, 5: 177, 6: 91, 7: 176, 8: 211, 9: 193}","{0: 33, 1: 30, 2: 125, 3: 138, 4: 119, 5: 128, 6: 40, 7: 121, 8: 152, 9: 140}",78.66526537046768,53.91487125591172
rule_mongodb,60c1s5r10p,YCSB_A,rw_zipf_1,concurrent_20,101,12000,191.232,428.8506,513.35101,242.74782347666667,1200.0,"{0: 57.843, 1: 5.208, 2: 5.102, 3: 7.143, 4: 6.061}","{0: 830.246, 1: 450.688, 2: 450.688, 3: 450.625, 4: 450.75}","{0: 95, 1: 102, 2: 145, 3: 136, 4: 138, 5: 212, 6: 106, 7: 130, 8: 185, 9: 165}","{0: 74, 1: 83, 2: 114, 3: 103, 4: 110, 5: 166, 6: 81, 7: 103, 8: 149, 9: 121}","{0: 40, 1: 49, 2: 74, 3: 56, 4: 63, 5: 100, 6: 40, 7: 60, 8: 98, 9: 71}",78.07637906647808,46.039603960396036
rule_mongodb,60c1s5r10p,YCSB_A,rw_zipf_1,concurrent_30,101,18000,223.085,434.82620000000003,506.89365999999984,250.13278934500005,1800.0,"{0: 62.626, 1: 8.247, 2: 7.216, 3: 11.111, 4: 7.368}","{0: 870.828, 1: 453.562, 2: 453.812, 3: 453.188, 4: 453.5}","{0: 129, 1: 139, 2: 163, 3: 148, 4: 182, 5: 166, 6: 133, 7: 167, 8: 164, 9: 146}","{0: 91, 1: 106, 2: 119, 3: 108, 4: 136, 5: 124, 6: 95, 7: 124, 8: 130, 9: 112}","{0: 46, 1: 56, 2: 62, 3: 63, 4: 71, 5: 75, 6: 47, 7: 82, 8: 78, 9: 58}",74.49577098243331,41.509433962264154
rule_mongodb,60c1s5r10p,YCSB_A,rw_zipf_1,concurrent_35,101,21000,217.5695,437.9132,515.2276999999999,251.27029279285713,2100.0,"{0: 67.0, 1: 9.278, 2: 8.247, 3: 11.579, 4: 9.184}","{0: 889.027, 1: 454.625, 2: 454.875, 3: 454.688, 4: 454.812}","{0: 143, 1: 162, 2: 203, 3: 235, 4: 218, 5: 204, 6: 184, 7: 213, 8: 209, 9: 200}","{0: 102, 1: 122, 2: 146, 3: 173, 4: 165, 5: 158, 6: 145, 7: 160, 8: 154, 9: 152}","{0: 39, 1: 60, 2: 84, 3: 105, 4: 111, 5: 97, 6: 80, 7: 84, 8: 92, 9: 92}",74.93658041603247,42.820903094875696
rule_mongodb,60c1s5r10p,YCSB_A,rw_zipf_1,concurrent_40,101,24000,214.4635,445.2689,527.50709,254.28749958708332,2400.0,"{0: 67.327, 1: 10.204, 2: 8.333, 3: 12.245, 4: 9.375}","{0: 917.324, 1: 456.562, 2: 456.688, 3: 455.938, 4: 456.125}","{0: 225, 1: 191, 2: 190, 3: 172, 4: 226, 5: 170, 6: 167, 7: 234, 8: 212, 9: 242}","{0: 166, 1: 144, 2: 147, 3: 125, 4: 178, 5: 131, 6: 123, 7: 177, 8: 159, 9: 178}","{0: 103, 1: 65, 2: 79, 3: 59, 4: 91, 5: 66, 6: 56, 7: 94, 8: 84, 9: 104}",75.30803351404633,39.47757516017743
rule_mongodb,60c1s5r10p,YCSB_A,rw_zipf_1,concurrent_45,101,27000,234.017,448.448,526.58529,258.2812372355556,2700.0,"{0: 71.717, 1: 11.34, 2: 10.204, 3: 14.286, 4: 10.417}","{0: 931.84, 1: 457.438, 2: 457.75, 3: 456.875, 4: 457.25}","{0: 196, 1: 194, 2: 200, 3: 222, 4: 209, 5: 217, 6: 223, 7: 220, 8: 238, 9: 244}","{0: 150, 1: 133, 2: 138, 3: 166, 4: 146, 5: 154, 6: 160, 7: 159, 8: 186, 9: 180}","{0: 77, 1: 72, 2: 72, 3: 86, 4: 85, 5: 84, 6: 91, 7: 86, 8: 111, 9: 119}",72.67683772538142,40.82293111419325
rule_mongodb,60c1s5r10p,YCSB_A,rw_zipf_1,concurrent_50,101,30000,234.5405,451.1524,547.51301,265.5766933763333,3000.0,"{0: 73.737, 1: 13.402, 2: 11.224, 3: 14.286, 4: 11.224}","{0: 947.816, 1: 459.062, 2: 459.188, 3: 458.438, 4: 458.5}","{0: 250, 1: 234, 2: 240, 3: 266, 4: 227, 5: 226, 6: 222, 7: 234, 8: 261, 9: 225}","{0: 171, 1: 164, 2: 163, 3: 192, 4: 156, 5: 165, 6: 169, 7: 169, 8: 182, 9: 162}","{0: 88, 1: 78, 2: 93, 3: 108, 4: 72, 5: 85, 6: 75, 7: 87, 8: 102, 9: 77}",70.98532494758909,36.268343815513624
rule_mongodb,60c1s5r10p,YCSB_A,rw_zipf_1,concurrent_60,101,36000,237.076,462.43680000000006,546.73201,269.5229522869445,3600.0,"{0: 79.798, 1: 13.542, 2: 13.265, 3: 16.667, 4: 12.371}","{0: 980.027, 1: 461.625, 2: 461.688, 3: 461.312, 4: 461.062}","{0: 294, 1: 282, 2: 393, 3: 286, 4: 279, 5: 259, 6: 314, 7: 266, 8: 318, 9: 320}","{0: 222, 1: 214, 2: 260, 3: 199, 4: 201, 5: 169, 6: 224, 7: 186, 8: 217, 9: 224}","{0: 104, 1: 95, 2: 149, 3: 110, 4: 105, 5: 100, 6: 118, 7: 95, 8: 120, 9: 132}",70.27565592826303,37.46263699767519
rule_mongodb,60c1s5r10p,YCSB_A,rw_zipf_0.5,concurrent_50,0,30000,244.128,458.5852,542.0187799999968,270.61975070933335,3000.0,"{0: 73.0, 1: 13.402, 2: 11.111, 3: 14.433, 4: 11.111}","{0: 959.18, 1: 458.375, 2: 459.125, 3: 458.039, 4: 458.062}","{0: 0, 1: 0, 2: 0, 3: 0, 4: 0, 5: 0, 6: 0, 7: 0, 8: 0, 9: 0}","{0: 0, 1: 0, 2: 0, 3: 0, 4: 0, 5: 0, 6: 0, 7: 0, 8: 0, 9: 0}","{0: 0, 1: 0, 2: 0, 3: 0, 4: 0, 5: 0, 6: 0, 7: 0, 8: 0, 9: 0}",0,0
rule_mongodb,60c1s5r10p,YCSB_A,rw_zipf_0.5,concurrent_50,100,30000,165.1585,239.51900000000003,356.18818999999996,167.49538646133334,3000.0,"{0: 76.0, 1: 15.306, 2: 12.5, 3: 16.495, 4: 12.371}","{0: 970.922, 1: 478.0, 2: 479.438, 3: 476.938, 4: 478.188}","{0: 3000, 1: 3000, 2: 3000, 3: 3000, 4: 3000, 5: 3000, 6: 3000, 7: 3000, 8: 3000, 9: 3000}","{0: 2998, 1: 2993, 2: 2993, 3: 2991, 4: 2998, 5: 2994, 6: 2987, 7: 2992, 8: 2994, 9: 2993}","{0: 1531, 1: 1512, 2: 1628, 3: 1748, 4: 1782, 5: 1755, 6: 1521, 7: 1718, 8: 1718, 9: 1790}",99.77666666666667,55.67666666666667
rule_mongodb,60c1s5r10p,YCSB_A,rw_zipf_0.5,concurrent_50,101,30000,201.9755,453.8652,539.49409,256.6892121513333,3000.0,"{0: 73.0, 1: 13.542, 2: 11.34, 3: 14.433, 4: 11.224}","{0: 969.898, 1: 465.938, 2: 466.688, 3: 466.078, 4: 465.938}","{0: 252, 1: 315, 2: 356, 3: 366, 4: 383, 5: 432, 6: 293, 7: 349, 8: 335, 9: 397}","{0: 251, 1: 315, 2: 356, 3: 362, 4: 383, 5: 432, 6: 291, 7: 348, 8: 334, 9: 396}","{0: 118, 1: 149, 2: 198, 3: 197, 4: 202, 5: 230, 6: 139, 7: 187, 8: 181, 9: 219}",99.71247843588269,52.3289246693502
rule_mongodb,60c1s5r10p,YCSB_A,rw_zipf_0.55,concurrent_50,0,30000,243.063,459.15380000000005,543.19409,270.288250764,3000.0,"{0: 72.727, 1: 13.402, 2: 11.224, 3: 14.583, 4: 10.417}","{0: 958.137, 1: 458.375, 2: 458.812, 3: 457.938, 4: 457.75}","{0: 0, 1: 0, 2: 0, 3: 0, 4: 0, 5: 0, 6: 0, 7: 0, 8: 0, 9: 0}","{0: 0, 1: 0, 2: 0, 3: 0, 4: 0, 5: 0, 6: 0, 7: 0, 8: 0, 9: 0}","{0: 0, 1: 0, 2: 0, 3: 0, 4: 0, 5: 0, 6: 0, 7: 0, 8: 0, 9: 0}",0,0
rule_mongodb,60c1s5r10p,YCSB_A,rw_zipf_0.55,concurrent_50,100,30000,165.26749999999998,251.445,356.44106999999997,168.98327593966667,3000.0,"{0: 76.768, 1: 15.464, 2: 13.131, 3: 15.625, 4: 12.245}","{0: 967.961, 1: 477.0, 2: 478.625, 3: 476.5, 4: 476.449}","{0: 3000, 1: 3000, 2: 3000, 3: 3000, 4: 3000, 5: 3000, 6: 3000, 7: 3000, 8: 3000, 9: 3000}","{0: 2993, 1: 2983, 2: 2987, 3: 2988, 4: 2990, 5: 2990, 6: 2985, 7: 2991, 8: 2989, 9: 2978}","{0: 1460, 1: 1456, 2: 1685, 3: 1670, 4: 1809, 5: 1763, 6: 1555, 7: 1681, 8: 1764, 9: 1631}",99.58,54.913333333333334
rule_mongodb,60c1s5r10p,YCSB_A,rw_zipf_0.55,concurrent_50,101,30000,205.446,453.3341,544.22208,255.829188797,3000.0,"{0: 74.49, 1: 13.542, 2: 11.224, 3: 15.306, 4: 11.224}","{0: 965.031, 1: 465.5, 2: 466.25, 3: 464.812, 4: 465.312}","{0: 261, 1: 261, 2: 360, 3: 338, 4: 394, 5: 380, 6: 352, 7: 336, 8: 339, 9: 359}","{0: 261, 1: 259, 2: 359, 3: 336, 4: 394, 5: 380, 6: 352, 7: 333, 8: 336, 9: 357}","{0: 121, 1: 133, 2: 190, 3: 176, 4: 224, 5: 212, 6: 171, 7: 189, 8: 183, 9: 214}",99.61538461538461,53.63905325443787
rule_mongodb,60c1s5r10p,YCSB_A,rw_zipf_0.6,concurrent_50,0,30000,246.3435,459.2961,510.68102999999996,273.138415017,3000.0,"{0: 72.727, 1: 13.542, 2: 10.417, 3: 14.583, 4: 10.417}","{0: 961.152, 1: 457.934, 2: 458.25, 3: 457.375, 4: 457.438}","{0: 0, 1: 0, 2: 0, 3: 0, 4: 0, 5: 0, 6: 0, 7: 0, 8: 0, 9: 0}","{0: 0, 1: 0, 2: 0, 3: 0, 4: 0, 5: 0, 6: 0, 7: 0, 8: 0, 9: 0}","{0: 0, 1: 0, 2: 0, 3: 0, 4: 0, 5: 0, 6: 0, 7: 0, 8: 0, 9: 0}",0,0
rule_mongodb,60c1s5r10p,YCSB_A,rw_zipf_0.6,concurrent_50,100,30000,167.1465,236.1552,368.8417299999994,169.94613251900003,3000.0,"{0: 77.228, 1: 14.583, 2: 12.245, 3: 16.495, 4: 12.371}","{0: 969.588, 1: 477.125, 2: 478.375, 3: 476.207, 4: 476.188}","{0: 3000, 1: 3000, 2: 3000, 3: 3000, 4: 3000, 5: 3000, 6: 3000, 7: 3000, 8: 3000, 9: 3000}","{0: 2984, 1: 2971, 2: 2977, 3: 2976, 4: 2972, 5: 2978, 6: 2984, 7: 2980, 8: 2971, 9: 2974}","{0: 1539, 1: 1459, 2: 1682, 3: 1695, 4: 1751, 5: 1635, 6: 1541, 7: 1651, 8: 1694, 9: 1777}",99.22333333333333,54.74666666666667
rule_mongodb,60c1s5r10p,YCSB_A,rw_zipf_0.6,concurrent_50,101,29999,216.828,465.1412,556.80432,263.43342622554087,2999.9,"{0: 72.0, 1: 16.0, 2: 10.309, 3: 14.583, 4: 11.224}","{0: 963.732, 1: 465.613, 2: 465.867, 3: 464.75, 4: 464.98}","{0: 302, 1: 284, 2: 396, 3: 345, 4: 336, 5: 382, 6: 265, 7: 329, 8: 288, 9: 349}","{0: 302, 1: 280, 2: 393, 3: 345, 4: 333, 5: 382, 6: 264, 7: 328, 8: 286, 9: 347}","{0: 151, 1: 124, 2: 214, 3: 195, 4: 188, 5: 204, 6: 136, 7: 161, 8: 139, 9: 200}",99.51159951159951,52.25885225885226
rule_mongodb,60c1s5r10p,YCSB_A,rw_zipf_0.65,concurrent_50,0,30000,249.50400000000002,467.3263,555.15809,272.183935292,3000.0,"{0: 73.737, 1: 13.542, 2: 10.204, 3: 15.306, 4: 10.309}","{0: 960.271, 1: 457.5, 2: 458.312, 3: 457.5, 4: 457.25}","{0: 0, 1: 0, 2: 0, 3: 0, 4: 0, 5: 0, 6: 0, 7: 0, 8: 0, 9: 0}","{0: 0, 1: 0, 2: 0, 3: 0, 4: 0, 5: 0, 6: 0, 7: 0, 8: 0, 9: 0}","{0: 0, 1: 0, 2: 0, 3: 0, 4: 0, 5: 0, 6: 0, 7: 0, 8: 0, 9: 0}",0,0
rule_mongodb,60c1s5r10p,YCSB_A,rw_zipf_0.65,concurrent_50,100,30000,169.13,246.15120000000002,435.9919899999989,170.48099186633334,3000.0,"{0: 77.32, 1: 15.464, 2: 11.224, 3: 16.495, 4: 12.5}","{0: 966.76, 1: 476.332, 2: 477.625, 3: 474.75, 4: 475.562}","{0: 3000, 1: 3000, 2: 3000, 3: 3000, 4: 3000, 5: 3000, 6: 3000, 7: 3000, 8: 3000, 9: 3000}","{0: 2952, 1: 2955, 2: 2951, 3: 2941, 4: 2961, 5: 2956, 6: 2963, 7: 2956, 8: 2962, 9: 2957}","{0: 1504, 1: 1508, 2: 1707, 3: 1585, 4: 1682, 5: 1666, 6: 1527, 7: 1645, 8: 1619, 9: 1769}",98.51333333333334,54.04
rule_mongodb,60c1s5r10p,YCSB_A,rw_zipf_0.65,concurrent_50,101,30000,193.0995,454.36310000000003,543.21604,256.70800604966666,3000.0,"{0: 74.747, 1: 13.684, 2: 10.309, 3: 15.625, 4: 11.458}","{0: 948.348, 1: 465.062, 2: 465.812, 3: 464.375, 4: 465.0}","{0: 332, 1: 331, 2: 281, 3: 366, 4: 382, 5: 388, 6: 317, 7: 295, 8: 282, 9: 308}","{0: 329, 1: 326, 2: 278, 3: 361, 4: 379, 5: 384, 6: 308, 7: 290, 8: 282, 9: 307}","{0: 178, 1: 157, 2: 156, 3: 186, 4: 218, 5: 200, 6: 160, 7: 152, 8: 139, 9: 177}",98.842169408897,52.49847653869592
rule_mongodb,60c1s5r10p,YCSB_A,rw_zipf_0.7,concurrent_50,0,30000,246.89350000000002,469.401,588.4943999999999,279.28541815799997,3000.0,"{0: 72.727, 1: 12.5, 2: 10.309, 3: 14.141, 4: 11.224}","{0: 964.031, 1: 457.75, 2: 458.062, 3: 457.18, 4: 457.188}","{0: 0, 1: 0, 2: 0, 3: 0, 4: 0, 5: 0, 6: 0, 7: 0, 8: 0, 9: 0}","{0: 0, 1: 0, 2: 0, 3: 0, 4: 0, 5: 0, 6: 0, 7: 0, 8: 0, 9: 0}","{0: 0, 1: 0, 2: 0, 3: 0, 4: 0, 5: 0, 6: 0, 7: 0, 8: 0, 9: 0}",0,0
rule_mongodb,60c1s5r10p,YCSB_A,rw_zipf_0.7,concurrent_50,100,30000,169.82,246.72910000000005,464.65103,172.35135459166665,3000.0,"{0: 77.0, 1: 15.464, 2: 12.371, 3: 16.495, 4: 12.5}","{0: 965.266, 1: 474.75, 2: 475.938, 3: 473.188, 4: 474.188}","{0: 3000, 1: 3000, 2: 3000, 3: 3000, 4: 3000, 5: 3000, 6: 3000, 7: 3000, 8: 3000, 9: 3000}","{0: 2915, 1: 2911, 2: 2916, 3: 2921, 4: 2930, 5: 2910, 6: 2942, 7: 2913, 8: 2909, 9: 2913}","{0: 1416, 1: 1465, 2: 1615, 3: 1674, 4: 1713, 5: 1672, 6: 1519, 7: 1674, 8: 1617, 9: 1690}",97.26666666666667,53.516666666666666
rule_mongodb,60c1s5r10p,YCSB_A,rw_zipf_0.7,concurrent_50,101,30000,220.07799999999997,462.6802000000001,548.3347399999998,262.72353249133334,3000.0,"{0: 72.727, 1: 13.402, 2: 11.111, 3: 14.286, 4: 10.417}","{0: 966.838, 1: 464.812, 2: 465.312, 3: 464.562, 4: 464.688}","{0: 279, 1: 321, 2: 314, 3: 353, 4: 352, 5: 327, 6: 258, 7: 325, 8: 357, 9: 319}","{0: 274, 1: 314, 2: 312, 3: 345, 4: 343, 5: 317, 6: 249, 7: 318, 8: 356, 9: 313}","{0: 134, 1: 142, 2: 167, 3: 176, 4: 182, 5: 186, 6: 121, 7: 168, 8: 204, 9: 188}",98.003120124805,52.04368174726989
rule_mongodb,60c1s5r10p,YCSB_A,rw_zipf_0.75,concurrent_50,0,30000,245.1465,462.5161,537.1383199999981,270.2731623916667,3000.0,"{0: 73.469, 1: 13.402, 2: 10.309, 3: 15.306, 4: 10.309}","{0: 956.812, 1: 457.438, 2: 457.562, 3: 456.188, 4: 456.812}","{0: 0, 1: 0, 2: 0, 3: 0, 4: 0, 5: 0, 6: 0, 7: 0, 8: 0, 9: 0}","{0: 0, 1: 0, 2: 0, 3: 0, 4: 0, 5: 0, 6: 0, 7: 0, 8: 0, 9: 0}","{0: 0, 1: 0, 2: 0, 3: 0, 4: 0, 5: 0, 6: 0, 7: 0, 8: 0, 9: 0}",0,0
rule_mongodb,60c1s5r10p,YCSB_A,rw_zipf_0.75,concurrent_50,100,30000,167.2385,253.76160000000002,472.05613999999997,174.84914255866667,3000.0,"{0: 76.768, 1: 15.625, 2: 11.458, 3: 16.667, 4: 12.371}","{0: 962.254, 1: 473.812, 2: 475.5, 3: 473.625, 4: 473.188}","{0: 3000, 1: 3000, 2: 3000, 3: 3000, 4: 3000, 5: 3000, 6: 3000, 7: 3000, 8: 3000, 9: 3000}","{0: 2876, 1: 2884, 2: 2850, 3: 2867, 4: 2860, 5: 2863, 6: 2864, 7: 2873, 8: 2844, 9: 2848}","{0: 1441, 1: 1403, 2: 1584, 3: 1674, 4: 1609, 5: 1635, 6: 1451, 7: 1592, 8: 1604, 9: 1577}",95.43,51.9
rule_mongodb,60c1s5r10p,YCSB_A,rw_zipf_0.75,concurrent_50,101,30000,210.312,466.49730000000005,541.17705,263.8848771846667,3000.0,"{0: 73.469, 1: 14.433, 2: 10.309, 3: 14.583, 4: 12.121}","{0: 944.457, 1: 464.062, 2: 464.312, 3: 463.562, 4: 463.812}","{0: 252, 1: 273, 2: 306, 3: 324, 4: 393, 5: 334, 6: 332, 7: 315, 8: 337, 9: 312}","{0: 240, 1: 262, 2: 299, 3: 309, 4: 381, 5: 312, 6: 324, 7: 301, 8: 328, 9: 297}","{0: 124, 1: 124, 2: 158, 3: 157, 4: 223, 5: 173, 6: 180, 7: 168, 8: 175, 9: 143}",96.0667086217747,51.13278791692888
rule_mongodb,60c1s5r10p,YCSB_A,rw_zipf_0.8,concurrent_50,0,30000,240.6685,462.6253000000001,543.78001,270.2154511636666,3000.0,"{0: 72.727, 1: 13.402, 2: 10.417, 3: 15.464, 4: 11.34}","{0: 953.078, 1: 456.188, 2: 457.0, 3: 455.625, 4: 455.938}","{0: 0, 1: 0, 2: 0, 3: 0, 4: 0, 5: 0, 6: 0, 7: 0, 8: 0, 9: 0}","{0: 0, 1: 0, 2: 0, 3: 0, 4: 0, 5: 0, 6: 0, 7: 0, 8: 0, 9: 0}","{0: 0, 1: 0, 2: 0, 3: 0, 4: 0, 5: 0, 6: 0, 7: 0, 8: 0, 9: 0}",0,0
rule_mongodb,60c1s5r10p,YCSB_A,rw_zipf_0.8,concurrent_50,100,30000,168.259,250.0731,467.1865199999994,175.92294213366662,3000.0,"{0: 78.788, 1: 14.583, 2: 11.34, 3: 17.347, 4: 13.131}","{0: 964.453, 1: 472.438, 2: 474.062, 3: 471.75, 4: 472.375}","{0: 3000, 1: 3000, 2: 3000, 3: 3000, 4: 3000, 5: 3000, 6: 3000, 7: 3000, 8: 3000, 9: 3000}","{0: 2787, 1: 2762, 2: 2777, 3: 2757, 4: 2764, 5: 2758, 6: 2780, 7: 2773, 8: 2784, 9: 2759}","{0: 1447, 1: 1385, 2: 1634, 3: 1534, 4: 1674, 5: 1570, 6: 1399, 7: 1533, 8: 1604, 9: 1557}",92.33666666666667,51.123333333333335
rule_mongodb,60c1s5r10p,YCSB_A,rw_zipf_0.8,concurrent_50,101,30000,213.0365,455.39500000000004,532.47504,258.0788774233333,3000.0,"{0: 73.737, 1: 13.542, 2: 11.111, 3: 16.327, 4: 12.245}","{0: 964.617, 1: 463.625, 2: 463.875, 3: 463.125, 4: 462.938}","{0: 319, 1: 302, 2: 262, 3: 337, 4: 287, 5: 292, 6: 332, 7: 299, 8: 287, 9: 324}","{0: 304, 1: 290, 2: 246, 3: 330, 4: 267, 5: 271, 6: 316, 7: 280, 8: 273, 9: 305}","{0: 153, 1: 151, 2: 117, 3: 179, 4: 147, 5: 136, 6: 174, 7: 148, 8: 149, 9: 184}",94.77145675764551,50.57546859585663
rule_mongodb,60c1s5r10p,YCSB_A,rw_zipf_0.85,concurrent_50,0,30000,241.93,456.2923,551.1646799999999,269.39809201033336,3000.0,"{0: 74.0, 1: 13.402, 2: 10.204, 3: 13.684, 4: 10.309}","{0: 978.652, 1: 455.75, 2: 455.875, 3: 455.25, 4: 455.188}","{0: 0, 1: 0, 2: 0, 3: 0, 4: 0, 5: 0, 6: 0, 7: 0, 8: 0, 9: 0}","{0: 0, 1: 0, 2: 0, 3: 0, 4: 0, 5: 0, 6: 0, 7: 0, 8: 0, 9: 0}","{0: 0, 1: 0, 2: 0, 3: 0, 4: 0, 5: 0, 6: 0, 7: 0, 8: 0, 9: 0}",0,0
rule_mongodb,60c1s5r10p,YCSB_A,rw_zipf_0.85,concurrent_50,100,30000,165.91750000000002,276.79900000000004,488.55607,181.88540911133333,3000.0,"{0: 77.228, 1: 14.737, 2: 12.245, 3: 16.667, 4: 12.245}","{0: 961.188, 1: 470.812, 2: 472.375, 3: 470.375, 4: 470.438}","{0: 3000, 1: 3000, 2: 3000, 3: 3000, 4: 3000, 5: 3000, 6: 3000, 7: 3000, 8: 3000, 9: 3000}","{0: 2643, 1: 2628, 2: 2624, 3: 2601, 4: 2633, 5: 2647, 6: 2642, 7: 2604, 8: 2655, 9: 2638}","{0: 1300, 1: 1291, 2: 1514, 3: 1523, 4: 1446, 5: 1448, 6: 1332, 7: 1532, 8: 1478, 9: 1558}",87.71666666666667,48.07333333333333
rule_mongodb,60c1s5r10p,YCSB_A,rw_zipf_0.85,concurrent_50,101,30000,211.163,454.4368,533.78423,257.88130767166666,3000.0,"{0: 73.737, 1: 14.433, 2: 11.224, 3: 17.172, 4: 12.121}","{0: 961.789, 1: 461.75, 2: 462.312, 3: 461.5, 4: 461.812}","{0: 304, 1: 301, 2: 336, 3: 315, 4: 219, 5: 336, 6: 301, 7: 273, 8: 279, 9: 250}","{0: 273, 1: 265, 2: 303, 3: 289, 4: 197, 5: 308, 6: 279, 7: 241, 8: 245, 9: 219}","{0: 140, 1: 137, 2: 175, 3: 166, 4: 90, 5: 171, 6: 147, 7: 123, 8: 132, 9: 107}",89.8764584763212,47.632120796156485
rule_mongodb,60c1s5r10p,YCSB_A,rw_zipf_0.9,concurrent_50,0,30000,237.089,453.5054,543.0410400000001,268.21384454433337,3000.0,"{0: 72.727, 1: 13.684, 2: 10.204, 3: 14.583, 4: 9.375}","{0: 955.182, 1: 454.875, 2: 455.125, 3: 454.625, 4: 454.75}","{0: 0, 1: 0, 2: 0, 3: 0, 4: 0, 5: 0, 6: 0, 7: 0, 8: 0, 9: 0}","{0: 0, 1: 0, 2: 0, 3: 0, 4: 0, 5: 0, 6: 0, 7: 0, 8: 0, 9: 0}","{0: 0, 1: 0, 2: 0, 3: 0, 4: 0, 5: 0, 6: 0, 7: 0, 8: 0, 9: 0}",0,0
rule_mongodb,60c1s5r10p,YCSB_A,rw_zipf_0.9,concurrent_50,100,30000,171.0915,336.40270000000004,496.29305,189.654390974,3000.0,"{0: 77.778, 1: 14.583, 2: 11.458, 3: 16.495, 4: 12.371}","{0: 955.064, 1: 468.688, 2: 469.125, 3: 467.938, 4: 468.125}","{0: 3000, 1: 3000, 2: 3000, 3: 3000, 4: 3000, 5: 3000, 6: 3000, 7: 3000, 8: 3000, 9: 3000}","{0: 2492, 1: 2510, 2: 2516, 3: 2501, 4: 2496, 5: 2524, 6: 2517, 7: 2449, 8: 2530, 9: 2531}","{0: 1204, 1: 1207, 2: 1433, 3: 1407, 4: 1389, 5: 1371, 6: 1221, 7: 1340, 8: 1419, 9: 1345}",83.55333333333333,44.45333333333333
rule_mongodb,60c1s5r10p,YCSB_A,rw_zipf_0.9,concurrent_50,101,30000,225.115,451.8663,524.72113,257.79293454333333,3000.0,"{0: 74.49, 1: 17.0, 2: 10.309, 3: 15.464, 4: 11.34}","{0: 958.684, 1: 461.125, 2: 461.875, 3: 460.938, 4: 460.875}","{0: 258, 1: 299, 2: 278, 3: 296, 4: 236, 5: 287, 6: 280, 7: 244, 8: 279, 9: 276}","{0: 218, 1: 246, 2: 232, 3: 245, 4: 207, 5: 239, 6: 242, 7: 210, 8: 246, 9: 236}","{0: 107, 1: 124, 2: 121, 3: 125, 4: 106, 5: 141, 6: 121, 7: 108, 8: 137, 9: 125}",84.92499085254299,44.456641053787045
rule_mongodb,60c1s5r10p,YCSB_A,rw_zipf_0.95,concurrent_50,0,30000,247.64249999999998,463.135,527.2313099999981,277.118521989,3000.0,"{0: 74.227, 1: 12.632, 2: 10.309, 3: 15.306, 4: 10.417}","{0: 986.73, 1: 454.375, 2: 454.375, 3: 453.625, 4: 454.125}","{0: 0, 1: 0, 2: 0, 3: 0, 4: 0, 5: 0, 6: 0, 7: 0, 8: 0, 9: 0}","{0: 0, 1: 0, 2: 0, 3: 0, 4: 0, 5: 0, 6: 0, 7: 0, 8: 0, 9: 0}","{0: 0, 1: 0, 2: 0, 3: 0, 4: 0, 5: 0, 6: 0, 7: 0, 8: 0, 9: 0}",0,0
rule_mongodb,60c1s5r10p,YCSB_A,rw_zipf_0.95,concurrent_50,100,30000,171.413,366.624,526.64405,195.939572067,3000.0,"{0: 77.551, 1: 15.625, 2: 12.371, 3: 16.495, 4: 12.245}","{0: 960.041, 1: 467.125, 2: 468.25, 3: 467.188, 4: 466.938}","{0: 3000, 1: 3000, 2: 3000, 3: 3000, 4: 3000, 5: 3000, 6: 3000, 7: 3000, 8: 3000, 9: 3000}","{0: 2376, 1: 2381, 2: 2334, 3: 2338, 4: 2351, 5: 2383, 6: 2352, 7: 2369, 8: 2332, 9: 2323}","{0: 1113, 1: 1123, 2: 1245, 3: 1237, 4: 1292, 5: 1282, 6: 1062, 7: 1262, 8: 1296, 9: 1292}",78.46333333333334,40.68
rule_mongodb,60c1s5r10p,YCSB_A,rw_zipf_0.95,concurrent_50,101,30000,234.08100000000002,452.7929000000001,531.95314,259.735818148,3000.0,"{0: 73.958, 1: 13.402, 2: 11.34, 3: 15.306, 4: 11.458}","{0: 952.434, 1: 459.75, 2: 460.125, 3: 459.312, 4: 459.625}","{0: 213, 1: 270, 2: 319, 3: 269, 4: 256, 5: 298, 6: 248, 7: 278, 8: 200, 9: 229}","{0: 169, 1: 209, 2: 263, 3: 214, 4: 196, 5: 239, 6: 207, 7: 225, 8: 161, 9: 182}","{0: 86, 1: 104, 2: 152, 3: 128, 4: 112, 5: 136, 6: 99, 7: 111, 8: 81, 9: 101}",80.03875968992249,43.02325581395349
rule_mongodb,60c1s5r10p,YCSB_A,rw_zipf_1,concurrent_50,0,30000,236.4015,451.9981,530.51603,268.90490757366666,3000.0,"{0: 73.737, 1: 12.632, 2: 9.375, 3: 14.433, 4: 11.224}","{0: 947.352, 1: 453.5, 2: 453.625, 3: 453.125, 4: 453.25}","{0: 0, 1: 0, 2: 0, 3: 0, 4: 0, 5: 0, 6: 0, 7: 0, 8: 0, 9: 0}","{0: 0, 1: 0, 2: 0, 3: 0, 4: 0, 5: 0, 6: 0, 7: 0, 8: 0, 9: 0}","{0: 0, 1: 0, 2: 0, 3: 0, 4: 0, 5: 0, 6: 0, 7: 0, 8: 0, 9: 0}",0,0
rule_mongodb,60c1s5r10p,YCSB_A,rw_zipf_1,concurrent_50,100,30000,173.768,405.0425000000001,516.5808199999999,206.78835236366663,3000.0,"{0: 78.0, 1: 15.306, 2: 12.371, 3: 16.495, 4: 12.245}","{0: 954.652, 1: 465.625, 2: 466.25, 3: 464.688, 4: 464.812}","{0: 3000, 1: 3000, 2: 3000, 3: 3000, 4: 3000, 5: 3000, 6: 3000, 7: 3000, 8: 3000, 9: 3000}","{0: 2195, 1: 2175, 2: 2205, 3: 2146, 4: 2162, 5: 2225, 6: 2172, 7: 2136, 8: 2199, 9: 2167}","{0: 954, 1: 967, 2: 1118, 3: 1207, 4: 1132, 5: 1197, 6: 988, 7: 1146, 8: 1130, 9: 1211}",72.60666666666667,36.833333333333336
rule_mongodb,60c1s5r10p,YCSB_A,rw_zipf_1,concurrent_50,101,30000,234.5405,451.1524,547.51301,265.5766933763333,3000.0,"{0: 73.737, 1: 13.402, 2: 11.224, 3: 14.286, 4: 11.224}","{0: 947.816, 1: 459.062, 2: 459.188, 3: 458.438, 4: 458.5}","{0: 250, 1: 234, 2: 240, 3: 266, 4: 227, 5: 226, 6: 222, 7: 234, 8: 261, 9: 225}","{0: 171, 1: 164, 2: 163, 3: 192, 4: 156, 5: 165, 6: 169, 7: 169, 8: 182, 9: 162}","{0: 88, 1: 78, 2: 93, 3: 108, 4: 72, 5: 85, 6: 75, 7: 87, 8: 102, 9: 77}",70.98532494758909,36.268343815513624
rule_mongodb,60c1s5r10p,YCSB_B,rw_zipf_0.5,concurrent_50,0,30000,163.0925,236.0721,443.778,155.35116453633333,3000.0,"{0: 69.697, 1: 4.082, 2: 3.061, 3: 4.124, 4: 3.093}","{0: 980.621, 1: 458.812, 2: 459.188, 3: 458.125, 4: 458.125}","{0: 0, 1: 0, 2: 0, 3: 0, 4: 0, 5: 0, 6: 0, 7: 0, 8: 0, 9: 0}","{0: 0, 1: 0, 2: 0, 3: 0, 4: 0, 5: 0, 6: 0, 7: 0, 8: 0, 9: 0}","{0: 0, 1: 0, 2: 0, 3: 0, 4: 0, 5: 0, 6: 0, 7: 0, 8: 0, 9: 0}",0,0
rule_mongodb,60c1s5r10p,YCSB_B,rw_zipf_0.5,concurrent_50,100,30000,161.458,237.04980000000003,321.61007,150.22508341633332,3000.0,"{0: 73.737, 1: 6.061, 2: 5.051, 3: 6.122, 4: 5.051}","{0: 956.738, 1: 477.0, 2: 478.125, 3: 476.062, 4: 476.938}","{0: 3000, 1: 3000, 2: 3000, 3: 3000, 4: 3000, 5: 3000, 6: 3000, 7: 3000, 8: 3000, 9: 3000}","{0: 3000, 1: 3000, 2: 2998, 3: 3000, 4: 3000, 5: 3000, 6: 2999, 7: 2999, 8: 2998, 9: 2999}","{0: 154, 1: 132, 2: 746, 3: 694, 4: 563, 5: 738, 6: 228, 7: 637, 8: 638, 9: 778}",99.97666666666667,17.69333333333333
rule_mongodb,60c1s5r10p,YCSB_B,rw_zipf_0.5,concurrent_50,101,30000,161.2695,237.8591,437.87057999999945,154.26064526233336,3000.0,"{0: 70.707, 1: 4.167, 2: 3.061, 3: 5.102, 4: 3.093}","{0: 957.977, 1: 464.125, 2: 464.996, 3: 463.625, 4: 463.812}","{0: 150, 1: 154, 2: 164, 3: 172, 4: 184, 5: 190, 6: 156, 7: 160, 8: 190, 9: 184}","{0: 150, 1: 154, 2: 164, 3: 172, 4: 184, 5: 190, 6: 156, 7: 160, 8: 190, 9: 184}","{0: 5, 1: 6, 2: 23, 3: 27, 4: 29, 5: 41, 6: 10, 7: 27, 8: 35, 9: 19}",100.0,13.028169014084508
rule_mongodb,60c1s5r10p,YCSB_B,rw_zipf_0.55,concurrent_50,0,30000,161.18,243.46540000000002,438.6674399999999,156.32062815900002,3000.0,"{0: 69.0, 1: 5.051, 2: 3.03, 3: 4.124, 4: 3.061}","{0: 960.906, 1: 458.812, 2: 459.75, 3: 458.375, 4: 458.438}","{0: 0, 1: 0, 2: 0, 3: 0, 4: 0, 5: 0, 6: 0, 7: 0, 8: 0, 9: 0}","{0: 0, 1: 0, 2: 0, 3: 0, 4: 0, 5: 0, 6: 0, 7: 0, 8: 0, 9: 0}","{0: 0, 1: 0, 2: 0, 3: 0, 4: 0, 5: 0, 6: 0, 7: 0, 8: 0, 9: 0}",0,0
rule_mongodb,60c1s5r10p,YCSB_B,rw_zipf_0.55,concurrent_50,100,30000,161.4305,240.22180000000003,317.13201,149.14669675233333,3000.0,"{0: 72.449, 1: 5.155, 2: 5.051, 3: 5.102, 4: 4.082}","{0: 940.391, 1: 476.25, 2: 477.625, 3: 475.094, 4: 476.812}","{0: 3000, 1: 3000, 2: 3000, 3: 3000, 4: 3000, 5: 3000, 6: 3000, 7: 3000, 8: 3000, 9: 3000}","{0: 3000, 1: 3000, 2: 2998, 3: 3000, 4: 2999, 5: 2998, 6: 2998, 7: 3000, 8: 2998, 9: 2998}","{0: 157, 1: 130, 2: 754, 3: 597, 4: 663, 5: 804, 6: 166, 7: 774, 8: 806, 9: 623}",99.96333333333334,18.246666666666666
rule_mongodb,60c1s5r10p,YCSB_B,rw_zipf_0.55,concurrent_50,101,30000,159.60399999999998,246.04940000000002,444.9213599999998,157.26847219933333,3000.0,"{0: 69.0, 1: 5.051, 2: 3.093, 3: 4.167, 4: 3.061}","{0: 962.697, 1: 463.875, 2: 464.875, 3: 463.688, 4: 463.812}","{0: 167, 1: 150, 2: 180, 3: 221, 4: 164, 5: 200, 6: 142, 7: 150, 8: 192, 9: 188}","{0: 167, 1: 150, 2: 179, 3: 221, 4: 164, 5: 200, 6: 142, 7: 150, 8: 192, 9: 188}","{0: 9, 1: 5, 2: 28, 3: 37, 4: 28, 5: 32, 6: 9, 7: 19, 8: 38, 9: 33}",99.94298745724059,13.568985176738883
rule_mongodb,60c1s5r10p,YCSB_B,rw_zipf_0.6,concurrent_50,0,30000,162.36149999999998,246.52,448.5444199999999,158.062958553,3000.0,"{0: 68.687, 1: 4.082, 2: 3.03, 3: 5.102, 4: 3.061}","{0: 958.039, 1: 458.688, 2: 458.75, 3: 457.852, 4: 458.0}","{0: 0, 1: 0, 2: 0, 3: 0, 4: 0, 5: 0, 6: 0, 7: 0, 8: 0, 9: 0}","{0: 0, 1: 0, 2: 0, 3: 0, 4: 0, 5: 0, 6: 0, 7: 0, 8: 0, 9: 0}","{0: 0, 1: 0, 2: 0, 3: 0, 4: 0, 5: 0, 6: 0, 7: 0, 8: 0, 9: 0}",0,0
rule_mongodb,60c1s5r10p,YCSB_B,rw_zipf_0.6,concurrent_50,100,30000,161.6605,236.91770000000002,339.91114,151.79779749366665,3000.0,"{0: 71.429, 1: 6.0, 2: 5.051, 3: 6.122, 4: 4.124}","{0: 955.777, 1: 476.062, 2: 477.125, 3: 474.871, 4: 475.438}","{0: 3000, 1: 3000, 2: 3000, 3: 3000, 4: 3000, 5: 3000, 6: 3000, 7: 3000, 8: 3000, 9: 3000}","{0: 2997, 1: 2997, 2: 2997, 3: 3000, 4: 2999, 5: 2999, 6: 2998, 7: 3000, 8: 2997, 9: 2995}","{0: 163, 1: 156, 2: 771, 3: 688, 4: 699, 5: 760, 6: 298, 7: 707, 8: 600, 9: 703}",99.93,18.483333333333334
rule_mongodb,60c1s5r10p,YCSB_B,rw_zipf_0.6,concurrent_50,101,30000,160.6395,239.9291,445.11254999999994,154.86643173266668,3000.0,"{0: 69.0, 1: 4.082, 2: 3.093, 3: 5.051, 4: 4.04}","{0: 963.27, 1: 463.812, 2: 464.562, 3: 463.633, 4: 463.312}","{0: 147, 1: 157, 2: 175, 3: 176, 4: 133, 5: 163, 6: 158, 7: 192, 8: 185, 9: 189}","{0: 147, 1: 157, 2: 175, 3: 176, 4: 133, 5: 163, 6: 158, 7: 192, 8: 185, 9: 189}","{0: 10, 1: 4, 2: 30, 3: 22, 4: 30, 5: 30, 6: 9, 7: 34, 8: 35, 9: 38}",100.0,14.447761194029852
rule_mongodb,60c1s5r10p,YCSB_B,rw_zipf_0.65,concurrent_50,0,30000,160.514,251.20680000000002,448.271099999999,157.201303806,3000.0,"{0: 68.687, 1: 4.082, 2: 3.061, 3: 4.124, 4: 3.061}","{0: 953.527, 1: 457.75, 2: 458.688, 3: 457.312, 4: 457.688}","{0: 0, 1: 0, 2: 0, 3: 0, 4: 0, 5: 0, 6: 0, 7: 0, 8: 0, 9: 0}","{0: 0, 1: 0, 2: 0, 3: 0, 4: 0, 5: 0, 6: 0, 7: 0, 8: 0, 9: 0}","{0: 0, 1: 0, 2: 0, 3: 0, 4: 0, 5: 0, 6: 0, 7: 0, 8: 0, 9: 0}",0,0
rule_mongodb,60c1s5r10p,YCSB_B,rw_zipf_0.65,concurrent_50,100,30000,161.407,236.45290000000003,345.0610799999995,150.2215593983333,3000.0,"{0: 72.727, 1: 6.0, 2: 5.051, 3: 5.102, 4: 4.082}","{0: 954.949, 1: 475.5, 2: 477.562, 3: 475.125, 4: 474.938}","{0: 3000, 1: 3000, 2: 3000, 3: 3000, 4: 3000, 5: 3000, 6: 3000, 7: 3000, 8: 3000, 9: 3000}","{0: 2990, 1: 2992, 2: 2991, 3: 2994, 4: 2988, 5: 2990, 6: 2997, 7: 2997, 8: 2989, 9: 2990}","{0: 132, 1: 127, 2: 677, 3: 694, 4: 687, 5: 769, 6: 190, 7: 702, 8: 711, 9: 736}",99.72666666666667,18.083333333333332
rule_mongodb,60c1s5r10p,YCSB_B,rw_zipf_0.65,concurrent_50,101,30000,159.5245,236.86260000000001,434.27401,152.75809437566667,3000.0,"{0: 69.388, 1: 5.102, 2: 3.061, 3: 5.102, 4: 3.061}","{0: 959.365, 1: 463.562, 2: 464.125, 3: 462.875, 4: 463.062}","{0: 166, 1: 161, 2: 177, 3: 177, 4: 199, 5: 150, 6: 158, 7: 184, 8: 161, 9: 161}","{0: 166, 1: 161, 2: 177, 3: 177, 4: 199, 5: 150, 6: 158, 7: 184, 8: 160, 9: 161}","{0: 5, 1: 8, 2: 34, 3: 30, 4: 26, 5: 17, 6: 7, 7: 32, 8: 22, 9: 26}",99.9409681227863,12.219598583234946
rule_mongodb,60c1s5r10p,YCSB_B,rw_zipf_0.7,concurrent_50,0,30000,162.3275,236.0181,448.58711999999997,155.79302619233334,3000.0,"{0: 70.0, 1: 4.124, 2: 3.125, 3: 4.124, 4: 4.082}","{0: 950.32, 1: 457.688, 2: 457.812, 3: 457.125, 4: 457.0}","{0: 0, 1: 0, 2: 0, 3: 0, 4: 0, 5: 0, 6: 0, 7: 0, 8: 0, 9: 0}","{0: 0, 1: 0, 2: 0, 3: 0, 4: 0, 5: 0, 6: 0, 7: 0, 8: 0, 9: 0}","{0: 0, 1: 0, 2: 0, 3: 0, 4: 0, 5: 0, 6: 0, 7: 0, 8: 0, 9: 0}",0,0
rule_mongodb,60c1s5r10p,YCSB_B,rw_zipf_0.7,concurrent_50,100,30000,157.9275,236.03880000000004,339.73109999999997,146.591930113,3000.0,"{0: 74.49, 1: 6.061, 2: 4.082, 3: 5.155, 4: 5.0}","{0: 960.035, 1: 475.188, 2: 476.375, 3: 474.688, 4: 474.562}","{0: 3000, 1: 3000, 2: 3000, 3: 3000, 4: 3000, 5: 3000, 6: 3000, 7: 3000, 8: 3000, 9: 3000}","{0: 2996, 1: 2994, 2: 2994, 3: 2991, 4: 2986, 5: 2993, 6: 2989, 7: 2993, 8: 2991, 9: 2994}","{0: 134, 1: 151, 2: 725, 3: 515, 4: 811, 5: 783, 6: 217, 7: 780, 8: 773, 9: 605}",99.73666666666666,18.313333333333333
rule_mongodb,60c1s5r10p,YCSB_B,rw_zipf_0.7,concurrent_50,101,30000,161.7885,237.2143,432.45707,157.796376827,3000.0,"{0: 69.0, 1: 4.082, 2: 4.04, 3: 5.0, 4: 3.061}","{0: 959.422, 1: 463.0, 2: 463.562, 3: 462.438, 4: 462.688}","{0: 151, 1: 146, 2: 182, 3: 198, 4: 165, 5: 193, 6: 187, 7: 169, 8: 226, 9: 185}","{0: 151, 1: 145, 2: 182, 3: 198, 4: 164, 5: 193, 6: 186, 7: 169, 8: 226, 9: 184}","{0: 6, 1: 7, 2: 32, 3: 26, 4: 16, 5: 39, 6: 7, 7: 21, 8: 51, 9: 30}",99.7780244173141,13.041065482796892
rule_mongodb,60c1s5r10p,YCSB_B,rw_zipf_0.75,concurrent_50,0,30000,166.543,244.3677000000001,440.90483999999987,157.59066862133332,3000.0,"{0: 68.687, 1: 5.051, 2: 3.093, 3: 4.124, 4: 3.093}","{0: 955.34, 1: 457.312, 2: 457.688, 3: 457.0, 4: 456.812}","{0: 0, 1: 0, 2: 0, 3: 0, 4: 0, 5: 0, 6: 0, 7: 0, 8: 0, 9: 0}","{0: 0, 1: 0, 2: 0, 3: 0, 4: 0, 5: 0, 6: 0, 7: 0, 8: 0, 9: 0}","{0: 0, 1: 0, 2: 0, 3: 0, 4: 0, 5: 0, 6: 0, 7: 0, 8: 0, 9: 0}",0,0
rule_mongodb,60c1s5r10p,YCSB_B,rw_zipf_0.75,concurrent_50,100,30000,161.74849999999998,248.2076,330.6361,152.02015729033332,3000.0,"{0: 72.727, 1: 6.061, 2: 5.051, 3: 6.122, 4: 4.124}","{0: 953.43, 1: 473.25, 2: 474.25, 3: 471.938, 4: 473.375}","{0: 3000, 1: 3000, 2: 3000, 3: 3000, 4: 3000, 5: 3000, 6: 3000, 7: 3000, 8: 3000, 9: 3000}","{0: 2979, 1: 2985, 2: 2980, 3: 2982, 4: 2988, 5: 2977, 6: 2978, 7: 2987, 8: 2984, 9: 2977}","{0: 140, 1: 162, 2: 657, 3: 732, 4: 718, 5: 791, 6: 201, 7: 720, 8: 645, 9: 643}",99.39,18.03
rule_mongodb,60c1s5r10p,YCSB_B,rw_zipf_0.75,concurrent_50,101,30000,162.3415,238.8555,426.9265399999999,155.85797612033335,3000.0,"{0: 69.697, 1: 5.051, 2: 3.061, 3: 5.102, 4: 4.04}","{0: 955.607, 1: 462.562, 2: 463.062, 3: 462.188, 4: 462.0}","{0: 179, 1: 158, 2: 156, 3: 191, 4: 174, 5: 165, 6: 150, 7: 155, 8: 197, 9: 181}","{0: 176, 1: 155, 2: 155, 3: 191, 4: 174, 5: 162, 6: 149, 7: 154, 8: 197, 9: 180}","{0: 5, 1: 6, 2: 23, 3: 22, 4: 34, 5: 25, 6: 1, 7: 24, 8: 40, 9: 29}",99.2379835873388,12.250879249706916
rule_mongodb,60c1s5r10p,YCSB_B,rw_zipf_0.8,concurrent_50,0,30000,161.485,244.56820000000002,436.9111399999998,156.508916948,3000.0,"{0: 69.307, 1: 4.124, 2: 3.093, 3: 4.082, 4: 4.082}","{0: 948.219, 1: 456.172, 2: 456.77, 3: 455.625, 4: 456.062}","{0: 0, 1: 0, 2: 0, 3: 0, 4: 0, 5: 0, 6: 0, 7: 0, 8: 0, 9: 0}","{0: 0, 1: 0, 2: 0, 3: 0, 4: 0, 5: 0, 6: 0, 7: 0, 8: 0, 9: 0}","{0: 0, 1: 0, 2: 0, 3: 0, 4: 0, 5: 0, 6: 0, 7: 0, 8: 0, 9: 0}",0,0
rule_mongodb,60c1s5r10p,YCSB_B,rw_zipf_0.8,concurrent_50,100,30000,160.351,237.2381,342.91402999999997,149.832740802,3000.0,"{0: 72.727, 1: 6.061, 2: 5.0, 3: 6.061, 4: 5.102}","{0: 955.424, 1: 472.5, 2: 473.75, 3: 472.062, 4: 472.0}","{0: 3000, 1: 3000, 2: 3000, 3: 3000, 4: 3000, 5: 3000, 6: 3000, 7: 3000, 8: 3000, 9: 3000}","{0: 2966, 1: 2956, 2: 2952, 3: 2952, 4: 2951, 5: 2931, 6: 2941, 7: 2953, 8: 2945, 9: 2946}","{0: 142, 1: 152, 2: 575, 3: 625, 4: 645, 5: 636, 6: 185, 7: 598, 8: 587, 9: 572}",98.31,15.723333333333333
rule_mongodb,60c1s5r10p,YCSB_B,rw_zipf_0.8,concurrent_50,101,30000,160.517,235.68030000000002,442.32163999999995,154.281313707,3000.0,"{0: 69.697, 1: 4.124, 2: 4.082, 3: 5.102, 4: 3.093}","{0: 956.98, 1: 462.312, 2: 462.125, 3: 461.812, 4: 461.5}","{0: 173, 1: 147, 2: 177, 3: 199, 4: 161, 5: 161, 6: 148, 7: 196, 8: 172, 9: 194}","{0: 172, 1: 147, 2: 177, 3: 199, 4: 159, 5: 159, 6: 145, 7: 192, 8: 167, 9: 192}","{0: 7, 1: 3, 2: 33, 3: 47, 4: 14, 5: 22, 6: 9, 7: 45, 8: 30, 9: 30}",98.90046296296296,13.88888888888889
rule_mongodb,60c1s5r10p,YCSB_B,rw_zipf_0.85,concurrent_50,0,30000,161.489,244.3625,435.8703699999999,154.38052446100005,3000.0,"{0: 70.0, 1: 4.082, 2: 4.04, 3: 4.082, 4: 4.04}","{0: 950.314, 1: 456.0, 2: 456.0, 3: 455.562, 4: 455.188}","{0: 0, 1: 0, 2: 0, 3: 0, 4: 0, 5: 0, 6: 0, 7: 0, 8: 0, 9: 0}","{0: 0, 1: 0, 2: 0, 3: 0, 4: 0, 5: 0, 6: 0, 7: 0, 8: 0, 9: 0}","{0: 0, 1: 0, 2: 0, 3: 0, 4: 0, 5: 0, 6: 0, 7: 0, 8: 0, 9: 0}",0,0
rule_mongodb,60c1s5r10p,YCSB_B,rw_zipf_0.85,concurrent_50,100,30000,160.15949999999998,237.1121,348.9901,150.01742264966666,3000.0,"{0: 73.0, 1: 6.122, 2: 4.124, 3: 5.155, 4: 4.124}","{0: 950.137, 1: 470.312, 2: 471.25, 3: 469.438, 4: 469.875}","{0: 3000, 1: 3000, 2: 3000, 3: 3000, 4: 3000, 5: 3000, 6: 3000, 7: 3000, 8: 3000, 9: 3000}","{0: 2937, 1: 2946, 2: 2949, 3: 2943, 4: 2947, 5: 2924, 6: 2955, 7: 2935, 8: 2917, 9: 2919}","{0: 144, 1: 117, 2: 667, 3: 764, 4: 768, 5: 706, 6: 155, 7: 483, 8: 622, 9: 816}",97.90666666666667,17.473333333333333
rule_mongodb,60c1s5r10p,YCSB_B,rw_zipf_0.85,concurrent_50,101,30000,160.044,237.9001,435.0848099999997,152.74804386366668,3000.0,"{0: 70.707, 1: 4.124, 2: 3.093, 3: 4.167, 4: 3.093}","{0: 954.652, 1: 460.875, 2: 461.375, 3: 460.562, 4: 460.5}","{0: 141, 1: 144, 2: 176, 3: 159, 4: 151, 5: 188, 6: 167, 7: 178, 8: 181, 9: 208}","{0: 137, 1: 139, 2: 170, 3: 157, 4: 147, 5: 185, 6: 161, 7: 171, 8: 179, 9: 204}","{0: 6, 1: 7, 2: 25, 3: 23, 4: 25, 5: 33, 6: 13, 7: 33, 8: 32, 9: 37}",97.46012994683993,13.821618428824571
rule_mongodb,60c1s5r10p,YCSB_B,rw_zipf_0.9,concurrent_50,0,30000,160.9785,246.4451,447.9636499999999,160.542641273,3000.0,"{0: 68.687, 1: 4.082, 2: 3.061, 3: 5.051, 4: 3.061}","{0: 948.008, 1: 454.875, 2: 455.25, 3: 454.438, 4: 455.062}","{0: 0, 1: 0, 2: 0, 3: 0, 4: 0, 5: 0, 6: 0, 7: 0, 8: 0, 9: 0}","{0: 0, 1: 0, 2: 0, 3: 0, 4: 0, 5: 0, 6: 0, 7: 0, 8: 0, 9: 0}","{0: 0, 1: 0, 2: 0, 3: 0, 4: 0, 5: 0, 6: 0, 7: 0, 8: 0, 9: 0}",0,0
rule_mongodb,60c1s5r10p,YCSB_B,rw_zipf_0.9,concurrent_50,100,30000,161.173,239.77900000000002,350.68511,151.184449471,3000.0,"{0: 73.267, 1: 5.155, 2: 4.082, 3: 5.155, 4: 4.082}","{0: 952.539, 1: 469.0, 2: 469.875, 3: 468.0, 4: 468.75}","{0: 3000, 1: 3000, 2: 3000, 3: 3000, 4: 3000, 5: 3000, 6: 3000, 7: 3000, 8: 3000, 9: 3000}","{0: 2939, 1: 2923, 2: 2927, 3: 2939, 4: 2941, 5: 2934, 6: 2923, 7: 2931, 8: 2938, 9: 2923}","{0: 153, 1: 109, 2: 772, 3: 812, 4: 673, 5: 676, 6: 152, 7: 581, 8: 741, 9: 580}",97.72666666666667,17.496666666666666
rule_mongodb,60c1s5r10p,YCSB_B,rw_zipf_0.9,concurrent_50,101,30000,160.0655,242.8581,443.3014799999998,153.62205148766668,3000.0,"{0: 70.707, 1: 5.102, 2: 4.04, 3: 4.167, 4: 4.04}","{0: 953.496, 1: 460.375, 2: 460.5, 3: 459.812, 4: 459.812}","{0: 156, 1: 175, 2: 195, 3: 173, 4: 161, 5: 161, 6: 168, 7: 173, 8: 200, 9: 205}","{0: 150, 1: 170, 2: 186, 3: 169, 4: 157, 5: 147, 6: 157, 7: 164, 8: 190, 9: 193}","{0: 6, 1: 14, 2: 34, 3: 18, 4: 19, 5: 20, 6: 9, 7: 18, 8: 35, 9: 29}",95.24617996604414,11.43180531975099
rule_mongodb,60c1s5r10p,YCSB_B,rw_zipf_0.95,concurrent_50,0,30000,160.598,235.8401,438.7596199999999,155.72644793199999,3000.0,"{0: 68.0, 1: 4.082, 2: 3.061, 3: 4.082, 4: 3.093}","{0: 950.621, 1: 454.062, 2: 454.5, 3: 454.375, 4: 453.875}","{0: 0, 1: 0, 2: 0, 3: 0, 4: 0, 5: 0, 6: 0, 7: 0, 8: 0, 9: 0}","{0: 0, 1: 0, 2: 0, 3: 0, 4: 0, 5: 0, 6: 0, 7: 0, 8: 0, 9: 0}","{0: 0, 1: 0, 2: 0, 3: 0, 4: 0, 5: 0, 6: 0, 7: 0, 8: 0, 9: 0}",0,0
rule_mongodb,60c1s5r10p,YCSB_B,rw_zipf_0.95,concurrent_50,100,30000,160.889,235.94920000000002,363.01063999999894,148.75031765366666,3000.0,"{0: 74.747, 1: 7.0, 2: 5.102, 3: 5.155, 4: 4.124}","{0: 948.812, 1: 467.188, 2: 467.812, 3: 466.25, 4: 466.625}","{0: 3000, 1: 3000, 2: 3000, 3: 3000, 4: 3000, 5: 3000, 6: 3000, 7: 3000, 8: 3000, 9: 3000}","{0: 2909, 1: 2923, 2: 2923, 3: 2915, 4: 2924, 5: 2902, 6: 2925, 7: 2919, 8: 2917, 9: 2911}","{0: 104, 1: 123, 2: 636, 3: 554, 4: 575, 5: 685, 6: 129, 7: 585, 8: 648, 9: 774}",97.22666666666667,16.043333333333333
rule_mongodb,60c1s5r10p,YCSB_B,rw_zipf_0.95,concurrent_50,101,30000,160.5685,240.6382,441.9505199999999,154.05003405933334,3000.0,"{0: 69.697, 1: 4.167, 2: 3.061, 3: 4.082, 4: 3.061}","{0: 951.75, 1: 458.812, 2: 459.312, 3: 459.062, 4: 459.062}","{0: 140, 1: 164, 2: 181, 3: 155, 4: 182, 5: 168, 6: 143, 7: 175, 8: 201, 9: 175}","{0: 134, 1: 154, 2: 169, 3: 142, 4: 172, 5: 152, 6: 135, 7: 160, 8: 188, 9: 163}","{0: 5, 1: 11, 2: 21, 3: 21, 4: 30, 5: 21, 6: 12, 7: 25, 8: 36, 9: 16}",93.1710213776722,11.75771971496437
rule_mongodb,60c1s5r10p,YCSB_B,rw_zipf_1,concurrent_50,0,30000,159.9275,243.591,441.3513699999999,155.81913604899998,3000.0,"{0: 70.0, 1: 4.124, 2: 3.03, 3: 4.082, 4: 3.061}","{0: 943.023, 1: 453.375, 2: 453.688, 3: 453.438, 4: 453.312}","{0: 0, 1: 0, 2: 0, 3: 0, 4: 0, 5: 0, 6: 0, 7: 0, 8: 0, 9: 0}","{0: 0, 1: 0, 2: 0, 3: 0, 4: 0, 5: 0, 6: 0, 7: 0, 8: 0, 9: 0}","{0: 0, 1: 0, 2: 0, 3: 0, 4: 0, 5: 0, 6: 0, 7: 0, 8: 0, 9: 0}",0,0
rule_mongodb,60c1s5r10p,YCSB_B,rw_zipf_1,concurrent_50,100,30000,159.49450000000002,236.80010000000001,418.47903999999807,149.64524574700002,3000.0,"{0: 74.747, 1: 5.155, 2: 4.124, 3: 5.102, 4: 5.051}","{0: 946.121, 1: 465.688, 2: 466.625, 3: 465.25, 4: 465.438}","{0: 3000, 1: 3000, 2: 3000, 3: 3000, 4: 3000, 5: 3000, 6: 3000, 7: 3000, 8: 3000, 9: 3000}","{0: 2868, 1: 2879, 2: 2877, 3: 2856, 4: 2850, 5: 2867, 6: 2861, 7: 2860, 8: 2855, 9: 2868}","{0: 104, 1: 97, 2: 691, 3: 622, 4: 660, 5: 656, 6: 156, 7: 701, 8: 577, 9: 759}",95.47,16.743333333333332
rule_mongodb,60c1s5r10p,YCSB_B,rw_zipf_1,concurrent_50,101,30000,161.62349999999998,238.08530000000002,429.40608,153.66675438033334,3000.0,"{0: 69.0, 1: 5.051, 2: 3.125, 3: 5.051, 4: 3.061}","{0: 946.664, 1: 458.25, 2: 458.312, 3: 458.062, 4: 457.938}","{0: 153, 1: 160, 2: 164, 3: 177, 4: 187, 5: 171, 6: 164, 7: 167, 8: 168, 9: 185}","{0: 140, 1: 142, 2: 151, 3: 154, 4: 174, 5: 158, 6: 145, 7: 149, 8: 150, 9: 170}","{0: 9, 1: 8, 2: 29, 3: 22, 4: 23, 5: 24, 6: 4, 7: 23, 8: 20, 9: 30}",90.38915094339623,11.320754716981131
