protocol,site,ycsb,workload,concurrent,fastpath_attempt_rate,all_efficient_count,all_efficient_50pct,all_efficient_90pct,all_efficient_99pct,all_efficient_ave,throughput,cpu_usage,memory_usage,fp_attempt_cnt,fp_success_cnt,fp_efficient_success_cnt,fp_success_rate,fp_efficient_success_rate
none_fpga_raft,60c1s5r10p,YCSB_A,rw_1000000,concurrent_1,0,600,311.481,338.20900000000125,396.86729,292.4117583333333,60.0,"{0: 5.952, 1: 15.789, 2: 1.235, 3: 2.439, 4: 5.882}","{0: 432.188, 1: 430.938, 2: 430.938, 3: 430.688, 4: 430.812}","{0: 0, 1: 0, 2: 0, 3: 0, 4: 0, 5: 0, 6: 0, 7: 0, 8: 0, 9: 0}","{0: 0, 1: 0, 2: 0, 3: 0, 4: 0, 5: 0, 6: 0, 7: 0, 8: 0, 9: 0}","{0: 0, 1: 0, 2: 0, 3: 0, 4: 0, 5: 0, 6: 0, 7: 0, 8: 0, 9: 0}",0,0
none_fpga_raft,60c1s5r10p,YCSB_A,rw_1000000,concurrent_5,0,3000,313.6255,340.80669999999526,397.88405,293.6528446666667,300.0,"{0: 7.143, 1: 19.802, 2: 9.091, 3: 3.571, 4: 3.614}","{0: 446.062, 1: 443.375, 2: 443.875, 3: 443.5, 4: 443.625}","{0: 0, 1: 0, 2: 0, 3: 0, 4: 0, 5: 0, 6: 0, 7: 0, 8: 0, 9: 0}","{0: 0, 1: 0, 2: 0, 3: 0, 4: 0, 5: 0, 6: 0, 7: 0, 8: 0, 9: 0}","{0: 0, 1: 0, 2: 0, 3: 0, 4: 0, 5: 0, 6: 0, 7: 0, 8: 0, 9: 0}",0,0
none_fpga_raft,60c1s5r10p,YCSB_A,rw_1000000,concurrent_10,0,6000,314.832,341.20860000001943,400.95902,295.35013566666663,600.0,"{0: 8.235, 1: 5.882, 2: 3.614, 3: 19.192, 4: 3.659}","{0: 448.375, 1: 444.75, 2: 444.625, 3: 444.625, 4: 444.562}","{0: 0, 1: 0, 2: 0, 3: 0, 4: 0, 5: 0, 6: 0, 7: 0, 8: 0, 9: 0}","{0: 0, 1: 0, 2: 0, 3: 0, 4: 0, 5: 0, 6: 0, 7: 0, 8: 0, 9: 0}","{0: 0, 1: 0, 2: 0, 3: 0, 4: 0, 5: 0, 6: 0, 7: 0, 8: 0, 9: 0}",0,0
none_fpga_raft,60c1s5r10p,YCSB_A,rw_1000000,concurrent_20,0,12000,316.469,343.570100000019,398.89401,296.5271501666667,1200.0,"{0: 12.941, 1: 5.952, 2: 16.842, 3: 4.819, 4: 4.819}","{0: 452.5, 1: 446.125, 2: 446.188, 3: 446.25, 4: 446.25}","{0: 0, 1: 0, 2: 0, 3: 0, 4: 0, 5: 0, 6: 0, 7: 0, 8: 0, 9: 0}","{0: 0, 1: 0, 2: 0, 3: 0, 4: 0, 5: 0, 6: 0, 7: 0, 8: 0, 9: 0}","{0: 0, 1: 0, 2: 0, 3: 0, 4: 0, 5: 0, 6: 0, 7: 0, 8: 0, 9: 0}",0,0
none_fpga_raft,60c1s5r10p,YCSB_A,rw_1000000,concurrent_30,0,18000,316.7585,344.15470000001903,400.765,296.6453671111111,1800.0,"{0: 16.471, 1: 15.217, 2: 9.302, 3: 9.302, 4: 6.024}","{0: 455.453, 1: 447.375, 2: 447.062, 3: 447.625, 4: 447.5}","{0: 0, 1: 0, 2: 0, 3: 0, 4: 0, 5: 0, 6: 0, 7: 0, 8: 0, 9: 0}","{0: 0, 1: 0, 2: 0, 3: 0, 4: 0, 5: 0, 6: 0, 7: 0, 8: 0, 9: 0}","{0: 0, 1: 0, 2: 0, 3: 0, 4: 0, 5: 0, 6: 0, 7: 0, 8: 0, 9: 0}",0,0
none_fpga_raft,60c1s5r10p,YCSB_A,rw_1000000,concurrent_40,0,24000,313.674,340.89380000011346,399.87,294.06917391666667,2400.0,"{0: 19.048, 1: 14.444, 2: 12.222, 3: 8.235, 4: 7.229}","{0: 459.125, 1: 448.875, 2: 448.75, 3: 448.75, 4: 448.625}","{0: 0, 1: 0, 2: 0, 3: 0, 4: 0, 5: 0, 6: 0, 7: 0, 8: 0, 9: 0}","{0: 0, 1: 0, 2: 0, 3: 0, 4: 0, 5: 0, 6: 0, 7: 0, 8: 0, 9: 0}","{0: 0, 1: 0, 2: 0, 3: 0, 4: 0, 5: 0, 6: 0, 7: 0, 8: 0, 9: 0}",0,0
none_fpga_raft,60c1s5r10p,YCSB_A,rw_1000000,concurrent_50,0,30000,311.247,349.2591000000838,395.00800999999996,291.9657181333333,3000.0,"{0: 24.138, 1: 9.524, 2: 9.302, 3: 9.524, 4: 7.317}","{0: 463.09, 1: 450.0, 2: 450.188, 3: 450.25, 4: 450.062}","{0: 0, 1: 0, 2: 0, 3: 0, 4: 0, 5: 0, 6: 0, 7: 0, 8: 0, 9: 0}","{0: 0, 1: 0, 2: 0, 3: 0, 4: 0, 5: 0, 6: 0, 7: 0, 8: 0, 9: 0}","{0: 0, 1: 0, 2: 0, 3: 0, 4: 0, 5: 0, 6: 0, 7: 0, 8: 0, 9: 0}",0,0
none_fpga_raft,60c1s5r10p,YCSB_A,rw_1000000,concurrent_60,0,36000,320.9385,389.27049999999997,430.00705,303.8148445277778,3600.0,"{0: 24.419, 1: 11.765, 2: 6.098, 3: 10.465, 4: 7.229}","{0: 469.188, 1: 452.0, 2: 451.938, 3: 451.875, 4: 451.875}","{0: 0, 1: 0, 2: 0, 3: 0, 4: 0, 5: 0, 6: 0, 7: 0, 8: 0, 9: 0}","{0: 0, 1: 0, 2: 0, 3: 0, 4: 0, 5: 0, 6: 0, 7: 0, 8: 0, 9: 0}","{0: 0, 1: 0, 2: 0, 3: 0, 4: 0, 5: 0, 6: 0, 7: 0, 8: 0, 9: 0}",0,0
none_fpga_raft,60c1s5r10p,YCSB_A,rw_1000000,concurrent_70,0,42000,334.651,403.0622,446.66808000000003,317.8242309047619,4200.0,"{0: 26.744, 1: 9.756, 2: 9.412, 3: 8.333, 4: 13.483}","{0: 475.355, 1: 453.373, 2: 453.656, 3: 453.5, 4: 453.438}","{0: 0, 1: 0, 2: 0, 3: 0, 4: 0, 5: 0, 6: 0, 7: 0, 8: 0, 9: 0}","{0: 0, 1: 0, 2: 0, 3: 0, 4: 0, 5: 0, 6: 0, 7: 0, 8: 0, 9: 0}","{0: 0, 1: 0, 2: 0, 3: 0, 4: 0, 5: 0, 6: 0, 7: 0, 8: 0, 9: 0}",0,0
none_fpga_raft,60c1s5r10p,YCSB_A,rw_1000000,concurrent_75,0,45000,338.74649999999997,401.5877,462.69408000000004,324.7914791333333,4500.0,"{0: 28.409, 1: 18.478, 2: 25.243, 3: 18.085, 4: 8.434}","{0: 478.727, 1: 454.5, 2: 455.055, 3: 454.426, 4: 454.311}","{0: 0, 1: 0, 2: 0, 3: 0, 4: 0, 5: 0, 6: 0, 7: 0, 8: 0, 9: 0}","{0: 0, 1: 0, 2: 0, 3: 0, 4: 0, 5: 0, 6: 0, 7: 0, 8: 0, 9: 0}","{0: 0, 1: 0, 2: 0, 3: 0, 4: 0, 5: 0, 6: 0, 7: 0, 8: 0, 9: 0}",0,0
none_fpga_raft,60c1s5r10p,YCSB_A,rw_1000000,concurrent_80,0,48000,353.826,429.1393,517.5260099999999,344.20296033333335,4800.0,"{0: 32.222, 1: 14.773, 2: 11.765, 3: 25.962, 4: 20.833}","{0: 484.0, 1: 455.312, 2: 455.5, 3: 455.27, 4: 455.375}","{0: 0, 1: 0, 2: 0, 3: 0, 4: 0, 5: 0, 6: 0, 7: 0, 8: 0, 9: 0}","{0: 0, 1: 0, 2: 0, 3: 0, 4: 0, 5: 0, 6: 0, 7: 0, 8: 0, 9: 0}","{0: 0, 1: 0, 2: 0, 3: 0, 4: 0, 5: 0, 6: 0, 7: 0, 8: 0, 9: 0}",0,0
none_fpga_raft,60c1s5r10p,YCSB_A,rw_1000000,concurrent_90,0,54000,384.9305,482.5951,596.8490400000001,384.7087749444445,5400.0,"{0: 34.831, 1: 13.793, 2: 11.628, 3: 15.73, 4: 9.639}","{0: 503.5, 1: 457.617, 2: 457.617, 3: 457.664, 4: 457.549}","{0: 0, 1: 0, 2: 0, 3: 0, 4: 0, 5: 0, 6: 0, 7: 0, 8: 0, 9: 0}","{0: 0, 1: 0, 2: 0, 3: 0, 4: 0, 5: 0, 6: 0, 7: 0, 8: 0, 9: 0}","{0: 0, 1: 0, 2: 0, 3: 0, 4: 0, 5: 0, 6: 0, 7: 0, 8: 0, 9: 0}",0,0
none_fpga_raft,60c1s5r10p,YCSB_A,rw_1000000,concurrent_100,0,60000,441.20000000000005,561.8573,707.6410099999999,437.11493688333337,6000.0,"{0: 38.636, 1: 17.045, 2: 9.639, 3: 10.976, 4: 10.976}","{0: 529.438, 1: 459.262, 2: 459.324, 3: 459.459, 4: 459.164}","{0: 0, 1: 0, 2: 0, 3: 0, 4: 0, 5: 0, 6: 0, 7: 0, 8: 0, 9: 0}","{0: 0, 1: 0, 2: 0, 3: 0, 4: 0, 5: 0, 6: 0, 7: 0, 8: 0, 9: 0}","{0: 0, 1: 0, 2: 0, 3: 0, 4: 0, 5: 0, 6: 0, 7: 0, 8: 0, 9: 0}",0,0
none_fpga_raft,60c1s5r10p,YCSB_A,rw_1000000,concurrent_110,0,66000,460.28999999999996,598.9494,736.69202,461.56642277272726,6600.0,"{0: 44.444, 1: 14.458, 2: 23.762, 3: 12.048, 4: 16.092}","{0: 561.625, 1: 461.121, 2: 461.559, 3: 460.746, 4: 461.004}","{0: 0, 1: 0, 2: 0, 3: 0, 4: 0, 5: 0, 6: 0, 7: 0, 8: 0, 9: 0}","{0: 0, 1: 0, 2: 0, 3: 0, 4: 0, 5: 0, 6: 0, 7: 0, 8: 0, 9: 0}","{0: 0, 1: 0, 2: 0, 3: 0, 4: 0, 5: 0, 6: 0, 7: 0, 8: 0, 9: 0}",0,0
none_fpga_raft,60c1s5r10p,YCSB_A,rw_1000000,concurrent_120,0,72000,453.3605,605.0491999999999,735.79608,452.61520526388887,7200.0,"{0: 47.778, 1: 16.471, 2: 29.524, 3: 14.286, 4: 16.667}","{0: 588.562, 1: 461.5, 2: 461.555, 3: 461.607, 4: 462.0}","{0: 0, 1: 0, 2: 0, 3: 0, 4: 0, 5: 0, 6: 0, 7: 0, 8: 0, 9: 0}","{0: 0, 1: 0, 2: 0, 3: 0, 4: 0, 5: 0, 6: 0, 7: 0, 8: 0, 9: 0}","{0: 0, 1: 0, 2: 0, 3: 0, 4: 0, 5: 0, 6: 0, 7: 0, 8: 0, 9: 0}",0,0
none_fpga_raft,60c1s5r10p,YCSB_A,rw_1000000,concurrent_120,0,72000,453.3605,605.0491999999999,735.79608,452.61520526388887,7200.0,"{0: 47.778, 1: 16.471, 2: 29.524, 3: 14.286, 4: 16.667}","{0: 588.562, 1: 461.5, 2: 461.555, 3: 461.607, 4: 462.0}","{0: 0, 1: 0, 2: 0, 3: 0, 4: 0, 5: 0, 6: 0, 7: 0, 8: 0, 9: 0}","{0: 0, 1: 0, 2: 0, 3: 0, 4: 0, 5: 0, 6: 0, 7: 0, 8: 0, 9: 0}","{0: 0, 1: 0, 2: 0, 3: 0, 4: 0, 5: 0, 6: 0, 7: 0, 8: 0, 9: 0}",0,0
none_copilot,60c1s5r10p,YCSB_A,rw_1000000,concurrent_1,0,600,469.118,493.4876000000004,552.7742300000001,447.05245666666667,60.0,"{0: 3.03, 1: 3.03, 2: 2.02, 3: 2.0, 4: 1.02}","{0: 434.438, 1: 434.312, 2: 432.375, 3: 431.875, 4: 431.812}","{0: 0, 1: 0, 2: 0, 3: 0, 4: 0, 5: 0, 6: 0, 7: 0, 8: 0, 9: 0}","{0: 0, 1: 0, 2: 0, 3: 0, 4: 0, 5: 0, 6: 0, 7: 0, 8: 0, 9: 0}","{0: 0, 1: 0, 2: 0, 3: 0, 4: 0, 5: 0, 6: 0, 7: 0, 8: 0, 9: 0}",0,0
none_copilot,60c1s5r10p,YCSB_A,rw_1000000,concurrent_5,0,3000,466.194,491.84709999999615,546.81403,442.769858,300.0,"{0: 4.082, 1: 5.102, 2: 2.041, 3: 2.041, 4: 2.041}","{0: 457.0, 1: 456.875, 2: 451.062, 3: 448.438, 4: 449.5}","{0: 0, 1: 0, 2: 0, 3: 0, 4: 0, 5: 0, 6: 0, 7: 0, 8: 0, 9: 0}","{0: 0, 1: 0, 2: 0, 3: 0, 4: 0, 5: 0, 6: 0, 7: 0, 8: 0, 9: 0}","{0: 0, 1: 0, 2: 0, 3: 0, 4: 0, 5: 0, 6: 0, 7: 0, 8: 0, 9: 0}",0,0
none_copilot,60c1s5r10p,YCSB_A,rw_1000000,concurrent_10,0,6000,469.293,497.30090000002,554.24504,449.01562199999995,600.0,"{0: 8.081, 1: 7.143, 2: 4.04, 3: 4.04, 4: 4.04}","{0: 488.0, 1: 486.812, 2: 475.812, 3: 472.688, 4: 473.0}","{0: 0, 1: 0, 2: 0, 3: 0, 4: 0, 5: 0, 6: 0, 7: 0, 8: 0, 9: 0}","{0: 0, 1: 0, 2: 0, 3: 0, 4: 0, 5: 0, 6: 0, 7: 0, 8: 0, 9: 0}","{0: 0, 1: 0, 2: 0, 3: 0, 4: 0, 5: 0, 6: 0, 7: 0, 8: 0, 9: 0}",0,0
none_copilot,60c1s5r10p,YCSB_A,rw_1000000,concurrent_20,0,12000,467.0745,491.65130000001255,554.41801,446.5462406666667,1200.0,"{0: 14.0, 1: 13.402, 2: 5.051, 3: 5.102, 4: 5.051}","{0: 505.562, 1: 507.25, 2: 485.25, 3: 485.375, 4: 485.25}","{0: 0, 1: 0, 2: 0, 3: 0, 4: 0, 5: 0, 6: 0, 7: 0, 8: 0, 9: 0}","{0: 0, 1: 0, 2: 0, 3: 0, 4: 0, 5: 0, 6: 0, 7: 0, 8: 0, 9: 0}","{0: 0, 1: 0, 2: 0, 3: 0, 4: 0, 5: 0, 6: 0, 7: 0, 8: 0, 9: 0}",0,0
none_copilot,60c1s5r10p,YCSB_A,rw_1000000,concurrent_30,0,18000,467.53,498.564400000014,550.867,449.04684133333336,1800.0,"{0: 20.619, 1: 22.222, 2: 7.071, 3: 8.081, 4: 6.122}","{0: 512.25, 1: 514.5, 2: 488.375, 3: 488.123, 4: 488.0}","{0: 0, 1: 0, 2: 0, 3: 0, 4: 0, 5: 0, 6: 0, 7: 0, 8: 0, 9: 0}","{0: 0, 1: 0, 2: 0, 3: 0, 4: 0, 5: 0, 6: 0, 7: 0, 8: 0, 9: 0}","{0: 0, 1: 0, 2: 0, 3: 0, 4: 0, 5: 0, 6: 0, 7: 0, 8: 0, 9: 0}",0,0
none_copilot,60c1s5r10p,YCSB_A,rw_1000000,concurrent_40,0,24000,474.304,505.6922000001024,552.67201,453.6238432916667,2400.0,"{0: 26.531, 1: 29.592, 2: 7.071, 3: 8.163, 4: 9.091}","{0: 520.246, 1: 521.188, 2: 490.75, 3: 490.25, 4: 490.062}","{0: 0, 1: 0, 2: 0, 3: 0, 4: 0, 5: 0, 6: 0, 7: 0, 8: 0, 9: 0}","{0: 0, 1: 0, 2: 0, 3: 0, 4: 0, 5: 0, 6: 0, 7: 0, 8: 0, 9: 0}","{0: 0, 1: 0, 2: 0, 3: 0, 4: 0, 5: 0, 6: 0, 7: 0, 8: 0, 9: 0}",0,0
none_copilot,60c1s5r10p,YCSB_A,rw_1000000,concurrent_50,0,30000,481.259,535.707500000019,576.49905,464.0841230333333,3000.0,"{0: 32.99, 1: 37.755, 2: 13.131, 3: 10.204, 4: 10.101}","{0: 528.438, 1: 528.625, 2: 494.812, 3: 492.25, 4: 492.625}","{0: 0, 1: 0, 2: 0, 3: 0, 4: 0, 5: 0, 6: 0, 7: 0, 8: 0, 9: 0}","{0: 0, 1: 0, 2: 0, 3: 0, 4: 0, 5: 0, 6: 0, 7: 0, 8: 0, 9: 0}","{0: 0, 1: 0, 2: 0, 3: 0, 4: 0, 5: 0, 6: 0, 7: 0, 8: 0, 9: 0}",0,0
none_copilot,60c1s5r10p,YCSB_A,rw_1000000,concurrent_60,0,36000,558.883,628.3670999999999,674.47001,543.9447535277778,3600.0,"{0: 44.0, 1: 48.485, 2: 34.694, 3: 12.121, 4: 12.121}","{0: 560.75, 1: 556.812, 2: 509.385, 3: 497.0, 4: 495.434}","{0: 0, 1: 0, 2: 0, 3: 0, 4: 0, 5: 0, 6: 0, 7: 0, 8: 0, 9: 0}","{0: 0, 1: 0, 2: 0, 3: 0, 4: 0, 5: 0, 6: 0, 7: 0, 8: 0, 9: 0}","{0: 0, 1: 0, 2: 0, 3: 0, 4: 0, 5: 0, 6: 0, 7: 0, 8: 0, 9: 0}",0,0
none_copilot,60c1s5r10p,YCSB_A,rw_1000000,concurrent_70,0,42000,582.7235000000001,665.7615,762.3221,573.5830062142857,4200.0,"{0: 46.392, 1: 50.0, 2: 16.162, 3: 13.131, 4: 14.0}","{0: 608.688, 1: 608.938, 2: 498.062, 3: 498.621, 4: 497.875}","{0: 0, 1: 0, 2: 0, 3: 0, 4: 0, 5: 0, 6: 0, 7: 0, 8: 0, 9: 0}","{0: 0, 1: 0, 2: 0, 3: 0, 4: 0, 5: 0, 6: 0, 7: 0, 8: 0, 9: 0}","{0: 0, 1: 0, 2: 0, 3: 0, 4: 0, 5: 0, 6: 0, 7: 0, 8: 0, 9: 0}",0,0
none_copilot,60c1s5r10p,YCSB_A,rw_1000000,concurrent_70,0,42000,582.7235000000001,665.7615,762.3221,573.5830062142857,4200.0,"{0: 46.392, 1: 50.0, 2: 16.162, 3: 13.131, 4: 14.0}","{0: 608.688, 1: 608.938, 2: 498.062, 3: 498.621, 4: 497.875}","{0: 0, 1: 0, 2: 0, 3: 0, 4: 0, 5: 0, 6: 0, 7: 0, 8: 0, 9: 0}","{0: 0, 1: 0, 2: 0, 3: 0, 4: 0, 5: 0, 6: 0, 7: 0, 8: 0, 9: 0}","{0: 0, 1: 0, 2: 0, 3: 0, 4: 0, 5: 0, 6: 0, 7: 0, 8: 0, 9: 0}",0,0
none_mencius,60c1s5r10p,YCSB_A,rw_1000000,concurrent_1,0,600,155.12349999999998,288.8549000000004,307.79134,184.54739333333333,60.0,"{0: 1.02, 1: 2.0, 2: 1.02, 3: 2.02, 4: 2.0}","{0: 432.375, 1: 432.062, 2: 432.188, 3: 431.938, 4: 431.938}","{0: 0, 1: 0, 2: 0, 3: 0, 4: 0, 5: 0, 6: 0, 7: 0, 8: 0, 9: 0}","{0: 0, 1: 0, 2: 0, 3: 0, 4: 0, 5: 0, 6: 0, 7: 0, 8: 0, 9: 0}","{0: 0, 1: 0, 2: 0, 3: 0, 4: 0, 5: 0, 6: 0, 7: 0, 8: 0, 9: 0}",0,0
none_mencius,60c1s5r10p,YCSB_A,rw_1000000,concurrent_5,0,3000,159.1695,311.2072,358.9696899999999,200.55943266666665,300.0,"{0: 4.04, 1: 5.051, 2: 4.082, 3: 3.093, 4: 4.124}","{0: 445.625, 1: 444.875, 2: 445.75, 3: 443.812, 4: 444.438}","{0: 0, 1: 0, 2: 0, 3: 0, 4: 0, 5: 0, 6: 0, 7: 0, 8: 0, 9: 0}","{0: 0, 1: 0, 2: 0, 3: 0, 4: 0, 5: 0, 6: 0, 7: 0, 8: 0, 9: 0}","{0: 0, 1: 0, 2: 0, 3: 0, 4: 0, 5: 0, 6: 0, 7: 0, 8: 0, 9: 0}",0,0
none_mencius,60c1s5r10p,YCSB_A,rw_1000000,concurrent_10,0,6000,163.103,314.0271,358.1153,203.13677299999998,600.0,"{0: 9.091, 1: 10.101, 2: 9.091, 3: 10.101, 4: 9.184}","{0: 462.688, 1: 461.438, 2: 463.625, 3: 459.812, 4: 460.5}","{0: 0, 1: 0, 2: 0, 3: 0, 4: 0, 5: 0, 6: 0, 7: 0, 8: 0, 9: 0}","{0: 0, 1: 0, 2: 0, 3: 0, 4: 0, 5: 0, 6: 0, 7: 0, 8: 0, 9: 0}","{0: 0, 1: 0, 2: 0, 3: 0, 4: 0, 5: 0, 6: 0, 7: 0, 8: 0, 9: 0}",0,0
none_mencius,60c1s5r10p,YCSB_A,rw_1000000,concurrent_12,0,7200,163.46,312.8781,355.45701,200.78730569444446,720.0,"{0: 13.265, 1: 13.131, 2: 12.245, 3: 14.0, 4: 13.265}","{0: 467.375, 1: 467.438, 2: 468.438, 3: 465.25, 4: 464.625}","{0: 0, 1: 0, 2: 0, 3: 0, 4: 0, 5: 0, 6: 0, 7: 0, 8: 0, 9: 0}","{0: 0, 1: 0, 2: 0, 3: 0, 4: 0, 5: 0, 6: 0, 7: 0, 8: 0, 9: 0}","{0: 0, 1: 0, 2: 0, 3: 0, 4: 0, 5: 0, 6: 0, 7: 0, 8: 0, 9: 0}",0,0
none_mencius,60c1s5r10p,YCSB_A,rw_1000000,concurrent_14,0,8400,161.932,312.535,356.12908000000004,202.24554869047617,840.0,"{0: 12.121, 1: 12.121, 2: 13.402, 3: 14.141, 4: 14.141}","{0: 474.5, 1: 472.938, 2: 474.562, 3: 470.875, 4: 472.25}","{0: 0, 1: 0, 2: 0, 3: 0, 4: 0, 5: 0, 6: 0, 7: 0, 8: 0, 9: 0}","{0: 0, 1: 0, 2: 0, 3: 0, 4: 0, 5: 0, 6: 0, 7: 0, 8: 0, 9: 0}","{0: 0, 1: 0, 2: 0, 3: 0, 4: 0, 5: 0, 6: 0, 7: 0, 8: 0, 9: 0}",0,0
none_mencius,60c1s5r10p,YCSB_A,rw_1000000,concurrent_15,0,9000,165.286,315.1585,362.06905,204.6898638888889,900.0,"{0: 13.131, 1: 13.265, 2: 16.162, 3: 16.162, 4: 15.306}","{0: 477.0, 1: 475.312, 2: 477.25, 3: 472.75, 4: 474.5}","{0: 0, 1: 0, 2: 0, 3: 0, 4: 0, 5: 0, 6: 0, 7: 0, 8: 0, 9: 0}","{0: 0, 1: 0, 2: 0, 3: 0, 4: 0, 5: 0, 6: 0, 7: 0, 8: 0, 9: 0}","{0: 0, 1: 0, 2: 0, 3: 0, 4: 0, 5: 0, 6: 0, 7: 0, 8: 0, 9: 0}",0,0
none_mencius,60c1s5r10p,YCSB_A,rw_1000000,concurrent_16,0,9600,156.965,307.2808,393.80611,205.18288552083337,960.0,"{0: 18.367, 1: 17.347, 2: 14.286, 3: 17.172, 4: 16.327}","{0: 482.375, 1: 480.75, 2: 483.25, 3: 479.438, 4: 479.562}","{0: 0, 1: 0, 2: 0, 3: 0, 4: 0, 5: 0, 6: 0, 7: 0, 8: 0, 9: 0}","{0: 0, 1: 0, 2: 0, 3: 0, 4: 0, 5: 0, 6: 0, 7: 0, 8: 0, 9: 0}","{0: 0, 1: 0, 2: 0, 3: 0, 4: 0, 5: 0, 6: 0, 7: 0, 8: 0, 9: 0}",0,0
none_mencius,60c1s5r10p,YCSB_A,rw_1000000,concurrent_16,0,9600,156.965,307.2808,393.80611,205.18288552083337,960.0,"{0: 18.367, 1: 17.347, 2: 14.286, 3: 17.172, 4: 16.327}","{0: 482.375, 1: 480.75, 2: 483.25, 3: 479.438, 4: 479.562}","{0: 0, 1: 0, 2: 0, 3: 0, 4: 0, 5: 0, 6: 0, 7: 0, 8: 0, 9: 0}","{0: 0, 1: 0, 2: 0, 3: 0, 4: 0, 5: 0, 6: 0, 7: 0, 8: 0, 9: 0}","{0: 0, 1: 0, 2: 0, 3: 0, 4: 0, 5: 0, 6: 0, 7: 0, 8: 0, 9: 0}",0,0
none_mongodb,60c1s5r10p,YCSB_A,rw_1000000,concurrent_1,0,600,229.33550000000002,413.8874,462.28524999999996,246.17913325,60.0,"{0: 21.0, 1: 2.041, 2: 1.01, 3: 1.02, 4: 2.0}","{0: 631.75, 1: 427.938, 2: 427.75, 3: 427.625, 4: 427.5}","{0: 0, 1: 0, 2: 0, 3: 0, 4: 0, 5: 0, 6: 0, 7: 0, 8: 0, 9: 0}","{0: 0, 1: 0, 2: 0, 3: 0, 4: 0, 5: 0, 6: 0, 7: 0, 8: 0, 9: 0}","{0: 0, 1: 0, 2: 0, 3: 0, 4: 0, 5: 0, 6: 0, 7: 0, 8: 0, 9: 0}",0,0
none_mongodb,60c1s5r10p,YCSB_A,rw_1000000,concurrent_5,0,3000,211.82150000000001,416.2389,498.3993699999999,242.42944596666672,300.0,"{0: 31.0, 1: 4.082, 2: 3.03, 3: 2.041, 4: 2.083}","{0: 675.703, 1: 428.5, 2: 428.375, 3: 428.0, 4: 428.375}","{0: 0, 1: 0, 2: 0, 3: 0, 4: 0, 5: 0, 6: 0, 7: 0, 8: 0, 9: 0}","{0: 0, 1: 0, 2: 0, 3: 0, 4: 0, 5: 0, 6: 0, 7: 0, 8: 0, 9: 0}","{0: 0, 1: 0, 2: 0, 3: 0, 4: 0, 5: 0, 6: 0, 7: 0, 8: 0, 9: 0}",0,0
none_mongodb,60c1s5r10p,YCSB_A,rw_1000000,concurrent_10,0,6000,229.238,424.07210000000003,508.70500999999996,249.9222559616667,600.0,"{0: 36.364, 1: 6.061, 2: 4.082, 3: 4.04, 4: 3.061}","{0: 693.09, 1: 428.812, 2: 428.75, 3: 428.812, 4: 428.75}","{0: 0, 1: 0, 2: 0, 3: 0, 4: 0, 5: 0, 6: 0, 7: 0, 8: 0, 9: 0}","{0: 0, 1: 0, 2: 0, 3: 0, 4: 0, 5: 0, 6: 0, 7: 0, 8: 0, 9: 0}","{0: 0, 1: 0, 2: 0, 3: 0, 4: 0, 5: 0, 6: 0, 7: 0, 8: 0, 9: 0}",0,0
none_mongodb,60c1s5r10p,YCSB_A,rw_1000000,concurrent_20,0,12000,229.79500000000002,414.0423,509.1411,248.91400536249998,1200.0,"{0: 41.237, 1: 8.247, 2: 5.155, 3: 5.155, 4: 5.155}","{0: 728.832, 1: 430.0, 2: 430.0, 3: 430.25, 4: 429.812}","{0: 0, 1: 0, 2: 0, 3: 0, 4: 0, 5: 0, 6: 0, 7: 0, 8: 0, 9: 0}","{0: 0, 1: 0, 2: 0, 3: 0, 4: 0, 5: 0, 6: 0, 7: 0, 8: 0, 9: 0}","{0: 0, 1: 0, 2: 0, 3: 0, 4: 0, 5: 0, 6: 0, 7: 0, 8: 0, 9: 0}",0,0
none_mongodb,60c1s5r10p,YCSB_A,rw_1000000,concurrent_30,0,18000,231.56,434.3877,523.53942,254.27236043888888,1800.0,"{0: 49.0, 1: 11.111, 2: 7.143, 3: 7.071, 4: 7.143}","{0: 769.414, 1: 431.188, 2: 431.375, 3: 431.5, 4: 431.25}","{0: 0, 1: 0, 2: 0, 3: 0, 4: 0, 5: 0, 6: 0, 7: 0, 8: 0, 9: 0}","{0: 0, 1: 0, 2: 0, 3: 0, 4: 0, 5: 0, 6: 0, 7: 0, 8: 0, 9: 0}","{0: 0, 1: 0, 2: 0, 3: 0, 4: 0, 5: 0, 6: 0, 7: 0, 8: 0, 9: 0}",0,0
none_mongodb,60c1s5r10p,YCSB_A,rw_1000000,concurrent_40,0,24000,228.94549999999998,432.92150000000004,521.7214999999989,254.50298107250003,2400.0,"{0: 56.566, 1: 13.402, 2: 9.184, 3: 11.111, 4: 9.091}","{0: 801.387, 1: 432.562, 2: 432.438, 3: 432.25, 4: 432.375}","{0: 0, 1: 0, 2: 0, 3: 0, 4: 0, 5: 0, 6: 0, 7: 0, 8: 0, 9: 0}","{0: 0, 1: 0, 2: 0, 3: 0, 4: 0, 5: 0, 6: 0, 7: 0, 8: 0, 9: 0}","{0: 0, 1: 0, 2: 0, 3: 0, 4: 0, 5: 0, 6: 0, 7: 0, 8: 0, 9: 0}",0,0
none_mongodb,60c1s5r10p,YCSB_A,rw_1000000,concurrent_45,0,27000,241.2115,431.8655,538.14301,259.67565126444447,2700.0,"{0: 59.596, 1: 14.583, 2: 9.278, 3: 9.375, 4: 8.333}","{0: 822.918, 1: 432.938, 2: 432.875, 3: 433.188, 4: 433.188}","{0: 0, 1: 0, 2: 0, 3: 0, 4: 0, 5: 0, 6: 0, 7: 0, 8: 0, 9: 0}","{0: 0, 1: 0, 2: 0, 3: 0, 4: 0, 5: 0, 6: 0, 7: 0, 8: 0, 9: 0}","{0: 0, 1: 0, 2: 0, 3: 0, 4: 0, 5: 0, 6: 0, 7: 0, 8: 0, 9: 0}",0,0
none_mongodb,60c1s5r10p,YCSB_A,rw_1000000,concurrent_50,0,30000,283.296,589.2271,690.37908,326.7934746756667,3000.0,"{0: 61.616, 1: 10.526, 2: 13.402, 3: 12.245, 4: 12.245}","{0: 853.02, 1: 433.438, 2: 433.688, 3: 433.625, 4: 433.625}","{0: 0, 1: 0, 2: 0, 3: 0, 4: 0, 5: 0, 6: 0, 7: 0, 8: 0, 9: 0}","{0: 0, 1: 0, 2: 0, 3: 0, 4: 0, 5: 0, 6: 0, 7: 0, 8: 0, 9: 0}","{0: 0, 1: 0, 2: 0, 3: 0, 4: 0, 5: 0, 6: 0, 7: 0, 8: 0, 9: 0}",0,0
none_mongodb,60c1s5r10p,YCSB_A,rw_1000000,concurrent_50,0,30000,283.296,589.2271,690.37908,326.7934746756667,3000.0,"{0: 61.616, 1: 10.526, 2: 13.402, 3: 12.245, 4: 12.245}","{0: 853.02, 1: 433.438, 2: 433.688, 3: 433.625, 4: 433.625}","{0: 0, 1: 0, 2: 0, 3: 0, 4: 0, 5: 0, 6: 0, 7: 0, 8: 0, 9: 0}","{0: 0, 1: 0, 2: 0, 3: 0, 4: 0, 5: 0, 6: 0, 7: 0, 8: 0, 9: 0}","{0: 0, 1: 0, 2: 0, 3: 0, 4: 0, 5: 0, 6: 0, 7: 0, 8: 0, 9: 0}",0,0
rule_fpga_raft,60c1s5r10p,YCSB_A,rw_1000000,concurrent_1,0,600,313.091,339.6675000000012,389.22108000000003,292.743765,60.0,"{0: 13.043, 1: 26.606, 2: 7.955, 3: 1.235, 4: 2.41}","{0: 432.688, 1: 431.062, 2: 431.25, 3: 430.938, 4: 430.938}","{0: 0, 1: 0, 2: 0, 3: 0, 4: 0, 5: 0, 6: 0, 7: 0, 8: 0, 9: 0}","{0: 0, 1: 0, 2: 0, 3: 0, 4: 0, 5: 0, 6: 0, 7: 0, 8: 0, 9: 0}","{0: 0, 1: 0, 2: 0, 3: 0, 4: 0, 5: 0, 6: 0, 7: 0, 8: 0, 9: 0}",0,0
rule_fpga_raft,60c1s5r10p,YCSB_A,rw_1000000,concurrent_5,0,3000,313.469,340.4847999999952,398.39202,294.00768866666664,300.0,"{0: 6.024, 1: 2.439, 2: 11.957, 3: 10.112, 4: 22.33}","{0: 448.812, 1: 444.5, 2: 444.938, 3: 443.938, 4: 444.5}","{0: 0, 1: 0, 2: 0, 3: 0, 4: 0, 5: 0, 6: 0, 7: 0, 8: 0, 9: 0}","{0: 0, 1: 0, 2: 0, 3: 0, 4: 0, 5: 0, 6: 0, 7: 0, 8: 0, 9: 0}","{0: 0, 1: 0, 2: 0, 3: 0, 4: 0, 5: 0, 6: 0, 7: 0, 8: 0, 9: 0}",0,0
rule_fpga_raft,60c1s5r10p,YCSB_A,rw_1000000,concurrent_10,0,6000,311.95000000000005,360.0842000000105,406.456,292.85049466666663,600.0,"{0: 7.229, 1: 15.957, 2: 23.077, 3: 21.569, 4: 3.659}","{0: 453.312, 1: 446.875, 2: 446.688, 3: 446.75, 4: 446.688}","{0: 0, 1: 0, 2: 0, 3: 0, 4: 0, 5: 0, 6: 0, 7: 0, 8: 0, 9: 0}","{0: 0, 1: 0, 2: 0, 3: 0, 4: 0, 5: 0, 6: 0, 7: 0, 8: 0, 9: 0}","{0: 0, 1: 0, 2: 0, 3: 0, 4: 0, 5: 0, 6: 0, 7: 0, 8: 0, 9: 0}",0,0
rule_fpga_raft,60c1s5r10p,YCSB_A,rw_1000000,concurrent_20,0,12000,313.3245,388.3046,399.04707,294.56921516666665,1200.0,"{0: 13.095, 1: 4.819, 2: 4.819, 3: 3.704, 4: 4.819}","{0: 461.875, 1: 450.125, 2: 450.25, 3: 450.0, 4: 449.938}","{0: 0, 1: 0, 2: 0, 3: 0, 4: 0, 5: 0, 6: 0, 7: 0, 8: 0, 9: 0}","{0: 0, 1: 0, 2: 0, 3: 0, 4: 0, 5: 0, 6: 0, 7: 0, 8: 0, 9: 0}","{0: 0, 1: 0, 2: 0, 3: 0, 4: 0, 5: 0, 6: 0, 7: 0, 8: 0, 9: 0}",0,0
rule_fpga_raft,60c1s5r10p,YCSB_A,rw_1000000,concurrent_30,0,18000,314.562,342.22080000001654,399.24003,294.77957499999997,1800.0,"{0: 20.455, 1: 31.579, 2: 6.024, 3: 16.129, 4: 4.938}","{0: 470.25, 1: 453.125, 2: 453.625, 3: 452.938, 4: 453.375}","{0: 0, 1: 0, 2: 0, 3: 0, 4: 0, 5: 0, 6: 0, 7: 0, 8: 0, 9: 0}","{0: 0, 1: 0, 2: 0, 3: 0, 4: 0, 5: 0, 6: 0, 7: 0, 8: 0, 9: 0}","{0: 0, 1: 0, 2: 0, 3: 0, 4: 0, 5: 0, 6: 0, 7: 0, 8: 0, 9: 0}",0,0
rule_fpga_raft,60c1s5r10p,YCSB_A,rw_1000000,concurrent_40,0,24000,315.164,343.61330000010906,400.26203,295.56567408333336,2400.0,"{0: 22.093, 1: 6.098, 2: 15.217, 3: 18.947, 4: 6.098}","{0: 479.75, 1: 457.125, 2: 457.875, 3: 456.812, 4: 456.5}","{0: 0, 1: 0, 2: 0, 3: 0, 4: 0, 5: 0, 6: 0, 7: 0, 8: 0, 9: 0}","{0: 0, 1: 0, 2: 0, 3: 0, 4: 0, 5: 0, 6: 0, 7: 0, 8: 0, 9: 0}","{0: 0, 1: 0, 2: 0, 3: 0, 4: 0, 5: 0, 6: 0, 7: 0, 8: 0, 9: 0}",0,0
rule_fpga_raft,60c1s5r10p,YCSB_A,rw_1000000,concurrent_50,0,30000,315.2815,388.3249000000009,399.94100999999995,297.3434125666667,3000.0,"{0: 23.256, 1: 22.449, 2: 6.098, 3: 10.588, 4: 9.524}","{0: 489.125, 1: 460.0, 2: 460.312, 3: 459.438, 4: 459.562}","{0: 0, 1: 0, 2: 0, 3: 0, 4: 0, 5: 0, 6: 0, 7: 0, 8: 0, 9: 0}","{0: 0, 1: 0, 2: 0, 3: 0, 4: 0, 5: 0, 6: 0, 7: 0, 8: 0, 9: 0}","{0: 0, 1: 0, 2: 0, 3: 0, 4: 0, 5: 0, 6: 0, 7: 0, 8: 0, 9: 0}",0,0
rule_fpga_raft,60c1s5r10p,YCSB_A,rw_1000000,concurrent_60,0,36000,325.5635,392.0253,404.19401,304.8106411111111,3600.0,"{0: 26.437, 1: 10.714, 2: 11.628, 3: 8.434, 4: 8.434}","{0: 498.125, 1: 463.188, 2: 463.562, 3: 462.625, 4: 462.812}","{0: 0, 1: 0, 2: 0, 3: 0, 4: 0, 5: 0, 6: 0, 7: 0, 8: 0, 9: 0}","{0: 0, 1: 0, 2: 0, 3: 0, 4: 0, 5: 0, 6: 0, 7: 0, 8: 0, 9: 0}","{0: 0, 1: 0, 2: 0, 3: 0, 4: 0, 5: 0, 6: 0, 7: 0, 8: 0, 9: 0}",0,0
rule_fpga_raft,60c1s5r10p,YCSB_A,rw_1000000,concurrent_70,0,42000,335.09,393.4541,436.67804,317.3195298571429,4200.0,"{0: 30.337, 1: 11.905, 2: 11.765, 3: 8.434, 4: 13.636}","{0: 508.188, 1: 466.75, 2: 468.25, 3: 466.0, 4: 466.5}","{0: 0, 1: 0, 2: 0, 3: 0, 4: 0, 5: 0, 6: 0, 7: 0, 8: 0, 9: 0}","{0: 0, 1: 0, 2: 0, 3: 0, 4: 0, 5: 0, 6: 0, 7: 0, 8: 0, 9: 0}","{0: 0, 1: 0, 2: 0, 3: 0, 4: 0, 5: 0, 6: 0, 7: 0, 8: 0, 9: 0}",0,0
rule_fpga_raft,60c1s5r10p,YCSB_A,rw_1000000,concurrent_75,0,45000,345.93,410.6801,482.66603,332.68006842222223,4500.0,"{0: 29.885, 1: 10.714, 2: 24.0, 3: 7.407, 4: 29.63}","{0: 516.25, 1: 468.938, 2: 470.5, 3: 467.875, 4: 468.5}","{0: 0, 1: 0, 2: 0, 3: 0, 4: 0, 5: 0, 6: 0, 7: 0, 8: 0, 9: 0}","{0: 0, 1: 0, 2: 0, 3: 0, 4: 0, 5: 0, 6: 0, 7: 0, 8: 0, 9: 0}","{0: 0, 1: 0, 2: 0, 3: 0, 4: 0, 5: 0, 6: 0, 7: 0, 8: 0, 9: 0}",0,0
rule_fpga_raft,60c1s5r10p,YCSB_A,rw_1000000,concurrent_80,0,48000,366.807,432.4781,539.8184300000011,355.75529679166664,4800.0,"{0: 32.584, 1: 10.714, 2: 9.756, 3: 9.639, 4: 9.524}","{0: 524.5, 1: 471.25, 2: 472.125, 3: 470.25, 4: 471.25}","{0: 0, 1: 0, 2: 0, 3: 0, 4: 0, 5: 0, 6: 0, 7: 0, 8: 0, 9: 0}","{0: 0, 1: 0, 2: 0, 3: 0, 4: 0, 5: 0, 6: 0, 7: 0, 8: 0, 9: 0}","{0: 0, 1: 0, 2: 0, 3: 0, 4: 0, 5: 0, 6: 0, 7: 0, 8: 0, 9: 0}",0,0
rule_fpga_raft,60c1s5r10p,YCSB_A,rw_1000000,concurrent_90,0,54000,410.551,518.5120999999999,661.7970300000001,412.50286950000003,5400.0,"{0: 36.364, 1: 13.095, 2: 23.232, 3: 10.714, 4: 10.976}","{0: 550.312, 1: 475.312, 2: 474.5, 3: 474.375, 4: 474.125}","{0: 0, 1: 0, 2: 0, 3: 0, 4: 0, 5: 0, 6: 0, 7: 0, 8: 0, 9: 0}","{0: 0, 1: 0, 2: 0, 3: 0, 4: 0, 5: 0, 6: 0, 7: 0, 8: 0, 9: 0}","{0: 0, 1: 0, 2: 0, 3: 0, 4: 0, 5: 0, 6: 0, 7: 0, 8: 0, 9: 0}",0,0
rule_fpga_raft,60c1s5r10p,YCSB_A,rw_1000000,concurrent_100,0,60000,428.905,551.1233000000001,678.95204,428.34036366666675,6000.0,"{0: 40.23, 1: 13.095, 2: 26.733, 3: 11.905, 4: 31.481}","{0: 580.312, 1: 477.625, 2: 475.188, 3: 476.734, 4: 476.246}","{0: 0, 1: 0, 2: 0, 3: 0, 4: 0, 5: 0, 6: 0, 7: 0, 8: 0, 9: 0}","{0: 0, 1: 0, 2: 0, 3: 0, 4: 0, 5: 0, 6: 0, 7: 0, 8: 0, 9: 0}","{0: 0, 1: 0, 2: 0, 3: 0, 4: 0, 5: 0, 6: 0, 7: 0, 8: 0, 9: 0}",0,0
rule_fpga_raft,60c1s5r10p,YCSB_A,rw_1000000,concurrent_110,0,66000,484.98,629.4265,769.68011,485.7074776212121,6600.0,"{0: 46.067, 1: 17.647, 2: 10.714, 3: 12.941, 4: 29.126}","{0: 620.562, 1: 481.625, 2: 477.812, 3: 480.625, 4: 479.621}","{0: 0, 1: 0, 2: 0, 3: 0, 4: 0, 5: 0, 6: 0, 7: 0, 8: 0, 9: 0}","{0: 0, 1: 0, 2: 0, 3: 0, 4: 0, 5: 0, 6: 0, 7: 0, 8: 0, 9: 0}","{0: 0, 1: 0, 2: 0, 3: 0, 4: 0, 5: 0, 6: 0, 7: 0, 8: 0, 9: 0}",0,0
rule_fpga_raft,60c1s5r10p,YCSB_A,rw_1000000,concurrent_120,0,70773,742.117,1006.66,1213.47,757.4267692057706,7077.3,"{0: 50.0, 1: 15.294, 2: 19.565, 3: 19.101, 4: 16.092}","{0: 700.062, 1: 485.5, 2: 487.547, 3: 488.625, 4: 487.375}","{0: 0, 1: 0, 2: 0, 3: 0, 4: 0, 5: 0, 6: 0, 7: 0, 8: 0, 9: 0}","{0: 0, 1: 0, 2: 0, 3: 0, 4: 0, 5: 0, 6: 0, 7: 0, 8: 0, 9: 0}","{0: 0, 1: 0, 2: 0, 3: 0, 4: 0, 5: 0, 6: 0, 7: 0, 8: 0, 9: 0}",0,0
rule_fpga_raft,60c1s5r10p,YCSB_A,rw_1000000,concurrent_1,101,600,159.1245,220.35740000000018,237.92406,170.64706833333335,60.0,"{0: 13.187, 1: 2.439, 2: 2.439, 3: 1.235, 4: 3.614}","{0: 433.188, 1: 432.062, 2: 432.25, 3: 432.062, 4: 432.0}","{0: 23, 1: 60, 2: 60, 3: 60, 4: 60, 5: 60, 6: 60, 7: 60, 8: 60, 9: 60}","{0: 23, 1: 60, 2: 60, 3: 60, 4: 60, 5: 60, 6: 60, 7: 60, 8: 60, 9: 60}","{0: 0, 1: 60, 2: 60, 3: 60, 4: 60, 5: 60, 6: 60, 7: 60, 8: 60, 9: 60}",100.0,95.91474245115452
rule_fpga_raft,60c1s5r10p,YCSB_A,rw_1000000,concurrent_5,101,3000,161.837,222.30579999999944,237.77301,170.724666,300.0,"{0: 11.364, 1: 3.614, 2: 3.614, 3: 6.977, 4: 3.614}","{0: 449.25, 1: 447.375, 2: 447.812, 3: 446.312, 4: 447.062}","{0: 98, 1: 300, 2: 300, 3: 300, 4: 300, 5: 300, 6: 300, 7: 300, 8: 300, 9: 300}","{0: 98, 1: 300, 2: 300, 3: 300, 4: 300, 5: 300, 6: 300, 7: 300, 8: 300, 9: 300}","{0: 0, 1: 300, 2: 300, 3: 300, 4: 300, 5: 300, 6: 300, 7: 300, 8: 300, 9: 300}",100.0,96.4974982130093
rule_fpga_raft,60c1s5r10p,YCSB_A,rw_1000000,concurrent_10,101,6000,158.2,224.85790000000128,247.83301,171.14565050000002,600.0,"{0: 9.524, 1: 6.977, 2: 6.977, 3: 15.957, 4: 3.659}","{0: 454.438, 1: 451.625, 2: 451.812, 3: 451.375, 4: 451.438}","{0: 221, 1: 600, 2: 600, 3: 600, 4: 600, 5: 600, 6: 600, 7: 600, 8: 600, 9: 600}","{0: 221, 1: 600, 2: 600, 3: 600, 4: 600, 5: 600, 6: 600, 7: 600, 8: 600, 9: 600}","{0: 0, 1: 600, 2: 600, 3: 600, 4: 600, 5: 600, 6: 600, 7: 600, 8: 600, 9: 600}",100.0,96.06831524639743
rule_fpga_raft,60c1s5r10p,YCSB_A,rw_1000000,concurrent_20,101,12000,163.17849999999999,229.3511,248.249,172.36624625,1200.0,"{0: 12.941, 1: 7.229, 2: 4.878, 3: 8.14, 4: 6.024}","{0: 464.312, 1: 459.188, 2: 459.375, 3: 458.438, 4: 458.75}","{0: 452, 1: 1200, 2: 1200, 3: 1200, 4: 1200, 5: 1200, 6: 1200, 7: 1200, 8: 1200, 9: 1200}","{0: 452, 1: 1199, 2: 1200, 3: 1199, 4: 1200, 5: 1200, 6: 1199, 7: 1200, 8: 1200, 9: 1199}","{0: 0, 1: 1199, 2: 1200, 3: 1199, 4: 1200, 5: 1200, 6: 1199, 7: 1200, 8: 1200, 9: 1199}",99.96445076430857,95.94738713117668
rule_fpga_raft,60c1s5r10p,YCSB_A,rw_1000000,concurrent_30,101,18000,161.0445,228.113,254.18607,169.88336411111112,1800.0,"{0: 17.647, 1: 7.317, 2: 13.333, 3: 13.483, 4: 7.229}","{0: 472.875, 1: 465.312, 2: 466.375, 3: 464.875, 4: 465.5}","{0: 649, 1: 1800, 2: 1800, 3: 1800, 4: 1800, 5: 1800, 6: 1800, 7: 1800, 8: 1800, 9: 1800}","{0: 649, 1: 1800, 2: 1799, 3: 1799, 4: 1797, 5: 1799, 6: 1800, 7: 1799, 8: 1800, 9: 1798}","{0: 0, 1: 1800, 2: 1799, 3: 1799, 4: 1797, 5: 1799, 6: 1800, 7: 1799, 8: 1800, 9: 1798}",99.94658436702476,96.09472372247612
rule_fpga_raft,60c1s5r10p,YCSB_A,rw_1000000,concurrent_40,101,24000,164.00799999999998,227.73390000000003,248.43804999999998,169.76633283333334,2400.0,"{0: 22.093, 1: 9.639, 2: 20.408, 3: 10.588, 4: 8.537}","{0: 482.438, 1: 471.938, 2: 473.125, 3: 471.125, 4: 471.688}","{0: 865, 1: 2400, 2: 2400, 3: 2400, 4: 2400, 5: 2400, 6: 2400, 7: 2400, 8: 2400, 9: 2400}","{0: 865, 1: 2399, 2: 2399, 3: 2395, 4: 2399, 5: 2400, 6: 2399, 7: 2397, 8: 2399, 9: 2399}","{0: 0, 1: 2398, 2: 2397, 3: 2395, 4: 2399, 5: 2400, 6: 2399, 7: 2397, 8: 2399, 9: 2399}",99.93768083685734,96.07389272201202
rule_fpga_raft,60c1s5r10p,YCSB_A,rw_1000000,concurrent_50,101,30000,162.625,229.146,343.32109,175.72942143333333,3000.0,"{0: 24.706, 1: 20.213, 2: 15.385, 3: 12.791, 4: 9.639}","{0: 492.125, 1: 479.5, 2: 480.625, 3: 478.188, 4: 479.125}","{0: 1425, 1: 3000, 2: 3000, 3: 3000, 4: 3000, 5: 3000, 6: 3000, 7: 3000, 8: 3000, 9: 3000}","{0: 1425, 1: 2999, 2: 2997, 3: 2997, 4: 2997, 5: 2999, 6: 2996, 7: 2996, 8: 2999, 9: 3000}","{0: 515, 1: 2999, 2: 2982, 3: 2997, 4: 2981, 5: 2999, 6: 2996, 7: 2987, 8: 2999, 9: 3000}",99.92963940193492,96.58751099384345
rule_fpga_raft,60c1s5r10p,YCSB_A,rw_1000000,concurrent_60,101,36000,169.028,305.9762,453.25903,192.84947816666667,3600.0,"{0: 28.736, 1: 14.118, 2: 12.644, 3: 12.941, 4: 10.843}","{0: 501.438, 1: 485.875, 2: 486.812, 3: 484.25, 4: 483.875}","{0: 1840, 1: 3600, 2: 3600, 3: 3600, 4: 3600, 5: 3600, 6: 3600, 7: 3600, 8: 3600, 9: 3600}","{0: 1838, 1: 3599, 2: 3593, 3: 3595, 4: 3594, 5: 3591, 6: 3597, 7: 3592, 8: 3595, 9: 3594}","{0: 556, 1: 3599, 2: 3571, 3: 3595, 4: 3588, 5: 3591, 6: 3597, 7: 3586, 8: 3595, 9: 3594}",99.84813084112149,96.00467289719626
rule_fpga_raft,60c1s5r10p,YCSB_A,rw_1000000,concurrent_70,101,42000,171.524,320.42949999999973,455.36309,205.21320280952378,4200.0,"{0: 32.558, 1: 14.458, 2: 19.355, 3: 10.976, 4: 15.116}","{0: 511.812, 1: 492.875, 2: 494.688, 3: 490.812, 4: 490.625}","{0: 3311, 1: 4200, 2: 4200, 3: 4200, 4: 4200, 5: 4200, 6: 4200, 7: 4200, 8: 4200, 9: 4200}","{0: 3305, 1: 4196, 2: 4195, 3: 4196, 4: 4194, 5: 4192, 6: 4193, 7: 4198, 8: 4195, 9: 4195}","{0: 1925, 1: 4190, 2: 4183, 3: 4194, 4: 4182, 5: 4192, 6: 4193, 7: 4189, 8: 4195, 9: 4195}",99.87351317165722,96.41701734329011
rule_fpga_raft,60c1s5r10p,YCSB_A,rw_1000000,concurrent_75,101,45000,172.924,322.8884,456.16442000000006,210.0430159777778,4500.0,"{0: 32.184, 1: 17.442, 2: 13.095, 3: 12.941, 4: 13.095}","{0: 520.938, 1: 496.312, 2: 498.625, 3: 494.25, 4: 495.938}","{0: 4474, 1: 4500, 2: 4500, 3: 4500, 4: 4500, 5: 4500, 6: 4500, 7: 4500, 8: 4500, 9: 4500}","{0: 4468, 1: 4487, 2: 4490, 3: 4491, 4: 4489, 5: 4490, 6: 4490, 7: 4494, 8: 4493, 9: 4487}","{0: 3969, 1: 4476, 2: 4475, 3: 4491, 4: 4489, 5: 4490, 6: 4490, 7: 4494, 8: 4493, 9: 4487}",99.78876684306488,98.62142571263396
rule_fpga_raft,60c1s5r10p,YCSB_A,rw_1000000,concurrent_80,101,48000,173.2885,332.1491,456.10107,214.62532631249996,4800.0,"{0: 35.227, 1: 19.78, 2: 20.0, 3: 12.048, 4: 15.909}","{0: 528.5, 1: 502.812, 2: 507.188, 3: 501.062, 4: 502.375}","{0: 4786, 1: 4798, 2: 4800, 3: 4800, 4: 4800, 5: 4800, 6: 4800, 7: 4800, 8: 4800, 9: 4800}","{0: 4781, 1: 4795, 2: 4791, 3: 4798, 4: 4792, 5: 4786, 6: 4795, 7: 4789, 8: 4788, 9: 4792}","{0: 4677, 1: 4742, 2: 4779, 3: 4798, 4: 4792, 5: 4786, 6: 4795, 7: 4789, 8: 4788, 9: 4792}",99.8395298432811,99.48732910970324
rule_fpga_raft,60c1s5r10p,YCSB_A,rw_1000000,concurrent_90,101,54000,187.7585,335.55109999999996,463.88304999999997,225.57015575925928,5400.0,"{0: 39.326, 1: 17.442, 2: 14.118, 3: 14.458, 4: 16.092}","{0: 555.688, 1: 507.5, 2: 509.125, 3: 505.688, 4: 505.062}","{0: 5359, 1: 5394, 2: 5400, 3: 5400, 4: 5400, 5: 5400, 6: 5400, 7: 5400, 8: 5400, 9: 5400}","{0: 5339, 1: 5382, 2: 5389, 3: 5381, 4: 5386, 5: 5380, 6: 5385, 7: 5379, 8: 5379, 9: 5385}","{0: 5060, 1: 5234, 2: 5388, 3: 5381, 4: 5386, 5: 5380, 6: 5385, 7: 5379, 8: 5379, 9: 5385}",99.68861787111004,98.89533482846181
rule_fpga_raft,60c1s5r10p,YCSB_A,rw_1000000,concurrent_100,101,60000,192.57549999999998,338.897,467.25007,232.4478501,6000.0,"{0: 44.944, 1: 18.605, 2: 19.78, 3: 16.667, 4: 17.647}","{0: 584.812, 1: 514.438, 2: 517.0, 3: 512.375, 4: 511.938}","{0: 5856, 1: 5997, 2: 6000, 3: 6000, 4: 6000, 5: 6000, 6: 6000, 7: 6000, 8: 6000, 9: 6000}","{0: 5848, 1: 5980, 2: 5977, 3: 5973, 4: 5977, 5: 5983, 6: 5974, 7: 5985, 8: 5982, 9: 5980}","{0: 5439, 1: 5810, 2: 5974, 3: 5973, 4: 5977, 5: 5983, 6: 5974, 7: 5985, 8: 5982, 9: 5980}",99.67587255442501,98.70349021770004
rule_fpga_raft,60c1s5r10p,YCSB_A,rw_1000000,concurrent_110,101,66000,230.11450000000002,340.69399999999996,456.94304999999997,239.8039686212121,6600.0,"{0: 48.936, 1: 19.048, 2: 24.742, 3: 19.54, 4: 18.605}","{0: 620.875, 1: 519.875, 2: 522.938, 3: 518.125, 4: 519.312}","{0: 6281, 1: 6600, 2: 6600, 3: 6600, 4: 6600, 5: 6600, 6: 6600, 7: 6600, 8: 6600, 9: 6600}","{0: 6251, 1: 6576, 2: 6564, 3: 6573, 4: 6570, 5: 6579, 6: 6566, 7: 6572, 8: 6573, 9: 6585}","{0: 5742, 1: 6489, 2: 6564, 3: 6573, 4: 6570, 5: 6579, 6: 6566, 7: 6572, 8: 6573, 9: 6585}",99.58587719431799,98.67846104657359
rule_fpga_raft,60c1s5r10p,YCSB_A,rw_1000000,concurrent_120,101,71992,255.443,345.242,543.7749699999999,252.22620052228024,7199.2,"{0: 52.747, 1: 20.0, 2: 21.505, 3: 19.767, 4: 26.316}","{0: 688.812, 1: 530.188, 2: 532.562, 3: 527.25, 4: 528.625}","{0: 7000, 1: 7194, 2: 7199, 3: 7200, 4: 7193, 5: 7200, 6: 7200, 7: 7200, 8: 7200, 9: 7200}","{0: 6926, 1: 7102, 2: 7103, 3: 7115, 4: 7095, 5: 7149, 6: 7146, 7: 7133, 8: 7141, 9: 7146}","{0: 6883, 1: 7102, 2: 7103, 3: 7115, 4: 7095, 5: 7149, 6: 7146, 7: 7133, 8: 7141, 9: 7146}",98.98308862452289,98.92318836541943
rule_fpga_raft,60c1s5r10p,YCSB_A,rw_zipf_1,concurrent_1,0,600,311.918,337.7418000000012,396.55703,292.09147666666667,60.0,"{0: 4.819, 1: 19.0, 2: 5.814, 3: 1.235, 4: 8.989}","{0: 448.375, 1: 446.5, 2: 446.688, 3: 446.438, 4: 446.438}","{0: 0, 1: 0, 2: 0, 3: 0, 4: 0, 5: 0, 6: 0, 7: 0, 8: 0, 9: 0}","{0: 0, 1: 0, 2: 0, 3: 0, 4: 0, 5: 0, 6: 0, 7: 0, 8: 0, 9: 0}","{0: 0, 1: 0, 2: 0, 3: 0, 4: 0, 5: 0, 6: 0, 7: 0, 8: 0, 9: 0}",0,0
rule_fpga_raft,60c1s5r10p,YCSB_A,rw_zipf_1,concurrent_5,0,3000,313.7235,338.439999999995,398.982,294.20807733333334,300.0,"{0: 6.024, 1: 17.526, 2: 5.882, 3: 9.091, 4: 5.882}","{0: 463.312, 1: 459.688, 2: 459.812, 3: 458.812, 4: 459.188}","{0: 0, 1: 0, 2: 0, 3: 0, 4: 0, 5: 0, 6: 0, 7: 0, 8: 0, 9: 0}","{0: 0, 1: 0, 2: 0, 3: 0, 4: 0, 5: 0, 6: 0, 7: 0, 8: 0, 9: 0}","{0: 0, 1: 0, 2: 0, 3: 0, 4: 0, 5: 0, 6: 0, 7: 0, 8: 0, 9: 0}",0,0
rule_fpga_raft,60c1s5r10p,YCSB_A,rw_zipf_1,concurrent_10,0,6000,311.5215,337.6249000000193,395.66700999999995,291.07751533333334,600.0,"{0: 8.434, 1: 3.614, 2: 4.762, 3: 10.989, 4: 6.977}","{0: 466.75, 1: 461.375, 2: 461.312, 3: 461.375, 4: 461.188}","{0: 0, 1: 0, 2: 0, 3: 0, 4: 0, 5: 0, 6: 0, 7: 0, 8: 0, 9: 0}","{0: 0, 1: 0, 2: 0, 3: 0, 4: 0, 5: 0, 6: 0, 7: 0, 8: 0, 9: 0}","{0: 0, 1: 0, 2: 0, 3: 0, 4: 0, 5: 0, 6: 0, 7: 0, 8: 0, 9: 0}",0,0
rule_fpga_raft,60c1s5r10p,YCSB_A,rw_zipf_1,concurrent_20,0,12000,315.3505,341.32280000001964,399.95002999999997,295.85667058333337,1200.0,"{0: 10.976, 1: 3.659, 2: 16.842, 3: 4.878, 4: 4.878}","{0: 472.938, 1: 463.75, 2: 463.75, 3: 463.75, 4: 463.5}","{0: 0, 1: 0, 2: 0, 3: 0, 4: 0, 5: 0, 6: 0, 7: 0, 8: 0, 9: 0}","{0: 0, 1: 0, 2: 0, 3: 0, 4: 0, 5: 0, 6: 0, 7: 0, 8: 0, 9: 0}","{0: 0, 1: 0, 2: 0, 3: 0, 4: 0, 5: 0, 6: 0, 7: 0, 8: 0, 9: 0}",0,0
rule_fpga_raft,60c1s5r10p,YCSB_A,rw_zipf_1,concurrent_30,0,18000,315.64,342.29330000001903,406.618,296.50319516666667,1800.0,"{0: 18.391, 1: 17.895, 2: 4.878, 3: 6.024, 4: 6.098}","{0: 478.938, 1: 465.875, 2: 465.75, 3: 465.688, 4: 465.562}","{0: 0, 1: 0, 2: 0, 3: 0, 4: 0, 5: 0, 6: 0, 7: 0, 8: 0, 9: 0}","{0: 0, 1: 0, 2: 0, 3: 0, 4: 0, 5: 0, 6: 0, 7: 0, 8: 0, 9: 0}","{0: 0, 1: 0, 2: 0, 3: 0, 4: 0, 5: 0, 6: 0, 7: 0, 8: 0, 9: 0}",0,0
rule_fpga_raft,60c1s5r10p,YCSB_A,rw_zipf_1,concurrent_40,0,24000,311.878,339.027400000112,393.126,291.89389174999997,2400.0,"{0: 19.767, 1: 21.212, 2: 7.143, 3: 11.364, 4: 8.333}","{0: 485.25, 1: 467.938, 2: 468.312, 3: 467.562, 4: 467.875}","{0: 0, 1: 0, 2: 0, 3: 0, 4: 0, 5: 0, 6: 0, 7: 0, 8: 0, 9: 0}","{0: 0, 1: 0, 2: 0, 3: 0, 4: 0, 5: 0, 6: 0, 7: 0, 8: 0, 9: 0}","{0: 0, 1: 0, 2: 0, 3: 0, 4: 0, 5: 0, 6: 0, 7: 0, 8: 0, 9: 0}",0,0
rule_fpga_raft,60c1s5r10p,YCSB_A,rw_zipf_1,concurrent_50,0,30000,315.3025,379.65200000001875,424.59603,298.73289439999996,3000.0,"{0: 22.989, 1: 8.434, 2: 4.878, 3: 9.412, 4: 7.317}","{0: 491.75, 1: 470.188, 2: 470.375, 3: 469.75, 4: 469.938}","{0: 0, 1: 0, 2: 0, 3: 0, 4: 0, 5: 0, 6: 0, 7: 0, 8: 0, 9: 0}","{0: 0, 1: 0, 2: 0, 3: 0, 4: 0, 5: 0, 6: 0, 7: 0, 8: 0, 9: 0}","{0: 0, 1: 0, 2: 0, 3: 0, 4: 0, 5: 0, 6: 0, 7: 0, 8: 0, 9: 0}",0,0
rule_fpga_raft,60c1s5r10p,YCSB_A,rw_zipf_1,concurrent_60,0,36000,316.8755,387.3033,408.318,299.0684012777778,3600.0,"{0: 27.273, 1: 9.639, 2: 6.024, 3: 20.408, 4: 14.444}","{0: 496.562, 1: 471.812, 2: 472.562, 3: 471.625, 4: 471.75}","{0: 0, 1: 0, 2: 0, 3: 0, 4: 0, 5: 0, 6: 0, 7: 0, 8: 0, 9: 0}","{0: 0, 1: 0, 2: 0, 3: 0, 4: 0, 5: 0, 6: 0, 7: 0, 8: 0, 9: 0}","{0: 0, 1: 0, 2: 0, 3: 0, 4: 0, 5: 0, 6: 0, 7: 0, 8: 0, 9: 0}",0,0
rule_fpga_raft,60c1s5r10p,YCSB_A,rw_zipf_1,concurrent_70,0,42000,331.9805,389.9491,432.36108,312.0797704523809,4200.0,"{0: 29.545, 1: 10.843, 2: 6.098, 3: 6.173, 4: 7.229}","{0: 506.062, 1: 474.625, 2: 475.562, 3: 474.438, 4: 474.625}","{0: 0, 1: 0, 2: 0, 3: 0, 4: 0, 5: 0, 6: 0, 7: 0, 8: 0, 9: 0}","{0: 0, 1: 0, 2: 0, 3: 0, 4: 0, 5: 0, 6: 0, 7: 0, 8: 0, 9: 0}","{0: 0, 1: 0, 2: 0, 3: 0, 4: 0, 5: 0, 6: 0, 7: 0, 8: 0, 9: 0}",0,0
rule_fpga_raft,60c1s5r10p,YCSB_A,rw_zipf_1,concurrent_75,0,45000,343.561,405.0682,464.10904,328.20507493333326,4500.0,"{0: 32.584, 1: 10.714, 2: 8.434, 3: 7.317, 4: 11.494}","{0: 512.184, 1: 475.996, 2: 476.371, 3: 476.188, 4: 476.0}","{0: 0, 1: 0, 2: 0, 3: 0, 4: 0, 5: 0, 6: 0, 7: 0, 8: 0, 9: 0}","{0: 0, 1: 0, 2: 0, 3: 0, 4: 0, 5: 0, 6: 0, 7: 0, 8: 0, 9: 0}","{0: 0, 1: 0, 2: 0, 3: 0, 4: 0, 5: 0, 6: 0, 7: 0, 8: 0, 9: 0}",0,0
rule_fpga_raft,60c1s5r10p,YCSB_A,rw_zipf_1,concurrent_80,0,48000,375.4185,466.4289,566.21501,371.26370081249996,4800.0,"{0: 32.584, 1: 9.639, 2: 7.317, 3: 12.5, 4: 29.358}","{0: 520.688, 1: 477.375, 2: 477.938, 3: 476.934, 4: 477.625}","{0: 0, 1: 0, 2: 0, 3: 0, 4: 0, 5: 0, 6: 0, 7: 0, 8: 0, 9: 0}","{0: 0, 1: 0, 2: 0, 3: 0, 4: 0, 5: 0, 6: 0, 7: 0, 8: 0, 9: 0}","{0: 0, 1: 0, 2: 0, 3: 0, 4: 0, 5: 0, 6: 0, 7: 0, 8: 0, 9: 0}",0,0
rule_fpga_raft,60c1s5r10p,YCSB_A,rw_zipf_1,concurrent_90,0,54000,404.02599999999995,493.15549999999996,638.03004,402.1364469999999,5400.0,"{0: 33.721, 1: 10.843, 2: 8.434, 3: 22.222, 4: 10.714}","{0: 540.75, 1: 479.75, 2: 479.285, 3: 479.496, 4: 479.5}","{0: 0, 1: 0, 2: 0, 3: 0, 4: 0, 5: 0, 6: 0, 7: 0, 8: 0, 9: 0}","{0: 0, 1: 0, 2: 0, 3: 0, 4: 0, 5: 0, 6: 0, 7: 0, 8: 0, 9: 0}","{0: 0, 1: 0, 2: 0, 3: 0, 4: 0, 5: 0, 6: 0, 7: 0, 8: 0, 9: 0}",0,0
rule_fpga_raft,60c1s5r10p,YCSB_A,rw_zipf_1,concurrent_100,0,60000,429.8765,542.6465,681.32002,426.65164740000006,6000.0,"{0: 39.326, 1: 13.095, 2: 7.317, 3: 9.756, 4: 25.49}","{0: 579.375, 1: 481.75, 2: 481.117, 3: 482.305, 4: 481.805}","{0: 0, 1: 0, 2: 0, 3: 0, 4: 0, 5: 0, 6: 0, 7: 0, 8: 0, 9: 0}","{0: 0, 1: 0, 2: 0, 3: 0, 4: 0, 5: 0, 6: 0, 7: 0, 8: 0, 9: 0}","{0: 0, 1: 0, 2: 0, 3: 0, 4: 0, 5: 0, 6: 0, 7: 0, 8: 0, 9: 0}",0,0
rule_fpga_raft,60c1s5r10p,YCSB_A,rw_zipf_1,concurrent_110,0,66000,459.9995,605.2481,748.91406,458.98718457575757,6600.0,"{0: 44.444, 1: 20.652, 2: 8.537, 3: 31.481, 4: 17.582}","{0: 604.0, 1: 484.5, 2: 482.781, 3: 483.938, 4: 484.113}","{0: 0, 1: 0, 2: 0, 3: 0, 4: 0, 5: 0, 6: 0, 7: 0, 8: 0, 9: 0}","{0: 0, 1: 0, 2: 0, 3: 0, 4: 0, 5: 0, 6: 0, 7: 0, 8: 0, 9: 0}","{0: 0, 1: 0, 2: 0, 3: 0, 4: 0, 5: 0, 6: 0, 7: 0, 8: 0, 9: 0}",0,0
rule_fpga_raft,60c1s5r10p,YCSB_A,rw_zipf_1,concurrent_120,0,72000,480.84950000000003,637.2431,764.10405,488.0636390833333,7200.0,"{0: 50.0, 1: 21.505, 2: 12.5, 3: 13.095, 4: 9.756}","{0: 629.625, 1: 485.594, 2: 483.812, 3: 485.688, 4: 485.555}","{0: 0, 1: 0, 2: 0, 3: 0, 4: 0, 5: 0, 6: 0, 7: 0, 8: 0, 9: 0}","{0: 0, 1: 0, 2: 0, 3: 0, 4: 0, 5: 0, 6: 0, 7: 0, 8: 0, 9: 0}","{0: 0, 1: 0, 2: 0, 3: 0, 4: 0, 5: 0, 6: 0, 7: 0, 8: 0, 9: 0}",0,0
rule_fpga_raft,60c1s5r10p,YCSB_A,rw_zipf_1,concurrent_1,101,600,159.40699999999998,234.24710000000007,330.99241,177.00654,60.0,"{0: 7.059, 1: 5.814, 2: 2.439, 3: 8.989, 4: 6.977}","{0: 448.375, 1: 447.312, 2: 447.562, 3: 447.125, 4: 447.375}","{0: 25, 1: 60, 2: 60, 3: 60, 4: 60, 5: 60, 6: 60, 7: 60, 8: 60, 9: 60}","{0: 21, 1: 53, 2: 58, 3: 51, 4: 55, 5: 56, 6: 56, 7: 53, 8: 54, 9: 56}","{0: 0, 1: 53, 2: 58, 3: 51, 4: 55, 5: 56, 6: 56, 7: 53, 8: 54, 9: 56}",90.79646017699115,87.07964601769912
rule_fpga_raft,60c1s5r10p,YCSB_A,rw_zipf_1,concurrent_5,101,3000,161.534,313.221,393.8271,192.99628800000002,300.0,"{0: 9.195, 1: 3.614, 2: 12.903, 3: 2.439, 4: 12.088}","{0: 464.188, 1: 462.312, 2: 462.438, 3: 461.625, 4: 462.062}","{0: 114, 1: 300, 2: 299, 3: 300, 4: 298, 5: 298, 6: 297, 7: 300, 8: 300, 9: 299}","{0: 97, 1: 241, 2: 240, 3: 249, 4: 238, 5: 224, 6: 235, 7: 231, 8: 237, 9: 250}","{0: 0, 1: 241, 2: 240, 3: 249, 4: 238, 5: 224, 6: 235, 7: 231, 8: 237, 9: 250}",79.92869875222816,76.47058823529412
rule_fpga_raft,60c1s5r10p,YCSB_A,rw_zipf_1,concurrent_10,101,6000,167.6535,312.7161,387.58107,196.300018,600.0,"{0: 11.364, 1: 19.192, 2: 4.819, 3: 4.819, 4: 3.659}","{0: 468.0, 1: 464.688, 2: 464.812, 3: 464.562, 4: 464.688}","{0: 239, 1: 599, 2: 588, 3: 590, 4: 578, 5: 597, 6: 593, 7: 596, 8: 592, 9: 600}","{0: 188, 1: 464, 2: 459, 3: 448, 4: 444, 5: 468, 6: 460, 7: 463, 8: 455, 9: 464}","{0: 0, 1: 463, 2: 459, 3: 448, 4: 444, 5: 468, 6: 460, 7: 463, 8: 455, 9: 464}",77.4048815506102,74.01292175161522
rule_fpga_raft,60c1s5r10p,YCSB_A,rw_zipf_1,concurrent_20,101,12000,169.19,319.1976,397.33628000000004,201.82263975,1200.0,"{0: 15.116, 1: 20.408, 2: 4.878, 3: 16.129, 4: 6.098}","{0: 475.312, 1: 469.438, 2: 469.438, 3: 469.062, 4: 469.312}","{0: 470, 1: 1175, 2: 1176, 3: 1175, 4: 1180, 5: 1188, 6: 1179, 7: 1168, 8: 1177, 9: 1183}","{0: 353, 1: 864, 2: 855, 3: 857, 4: 850, 5: 876, 6: 887, 7: 872, 8: 871, 9: 880}","{0: 0, 1: 859, 2: 855, 3: 857, 4: 850, 5: 876, 6: 887, 7: 872, 8: 871, 9: 880}",73.75124198356066,70.51756842200344
rule_fpga_raft,60c1s5r10p,YCSB_A,rw_zipf_1,concurrent_30,101,18000,169.761,322.7624,390.24120999999997,206.22140911111111,1800.0,"{0: 18.824, 1: 7.229, 2: 11.364, 3: 7.143, 4: 6.098}","{0: 481.312, 1: 473.5, 2: 473.875, 3: 472.938, 4: 473.438}","{0: 650, 1: 1745, 2: 1753, 3: 1748, 4: 1755, 5: 1773, 6: 1754, 7: 1742, 8: 1750, 9: 1779}","{0: 467, 1: 1270, 2: 1243, 3: 1220, 4: 1231, 5: 1292, 6: 1258, 7: 1221, 8: 1199, 9: 1276}","{0: 0, 1: 1263, 2: 1243, 3: 1220, 4: 1231, 5: 1292, 6: 1258, 7: 1221, 8: 1199, 9: 1276}",70.98911787950635,68.10748373761322
rule_fpga_raft,60c1s5r10p,YCSB_A,rw_zipf_1,concurrent_40,101,24000,172.8275,328.402,390.24001,211.01490424999997,2400.0,"{0: 21.176, 1: 8.537, 2: 7.229, 3: 22.449, 4: 18.085}","{0: 488.562, 1: 477.188, 2: 478.0, 3: 477.0, 4: 477.312}","{0: 885, 1: 2297, 2: 2312, 3: 2301, 4: 2280, 5: 2337, 6: 2316, 7: 2301, 8: 2334, 9: 2341}","{0: 608, 1: 1552, 2: 1588, 3: 1594, 4: 1534, 5: 1617, 6: 1546, 7: 1549, 8: 1596, 9: 1605}","{0: 41, 1: 1550, 2: 1588, 3: 1594, 4: 1533, 5: 1617, 6: 1546, 7: 1549, 8: 1596, 9: 1605}",68.13951345374124,65.51326944342057
rule_fpga_raft,60c1s5r10p,YCSB_A,rw_zipf_1,concurrent_50,101,30000,174.0285,330.8383,469.45905,220.5684564,3000.0,"{0: 26.437, 1: 9.756, 2: 19.588, 3: 9.639, 4: 8.434}","{0: 494.688, 1: 481.188, 2: 482.062, 3: 481.125, 4: 481.438}","{0: 1089, 1: 2862, 2: 2850, 3: 2829, 4: 2818, 5: 2911, 6: 2892, 7: 2805, 8: 2907, 9: 2884}","{0: 742, 1: 1928, 2: 1854, 3: 1877, 4: 1859, 5: 1956, 6: 1949, 7: 1834, 8: 1950, 9: 1910}","{0: 44, 1: 1922, 2: 1848, 3: 1868, 4: 1852, 5: 1956, 6: 1949, 7: 1831, 8: 1950, 9: 1910}",66.52139903899877,63.80601184489887
rule_fpga_raft,60c1s5r10p,YCSB_A,rw_zipf_1,concurrent_60,101,36000,190.902,374.0285,508.74313,243.2917591111111,3600.0,"{0: 28.409, 1: 20.213, 2: 21.649, 3: 10.843, 4: 9.756}","{0: 502.938, 1: 485.062, 2: 485.625, 3: 484.688, 4: 484.312}","{0: 1492, 1: 3399, 2: 3368, 3: 3365, 4: 3376, 5: 3455, 6: 3402, 7: 3373, 8: 3452, 9: 3424}","{0: 957, 1: 2230, 2: 2198, 3: 2174, 4: 2132, 5: 2208, 6: 2230, 7: 2124, 8: 2168, 9: 2192}","{0: 117, 1: 2223, 2: 2186, 3: 2174, 4: 2124, 5: 2208, 6: 2230, 7: 2115, 8: 2168, 9: 2192}",64.20295271911792,61.474490749392636
rule_fpga_raft,60c1s5r10p,YCSB_A,rw_zipf_1,concurrent_70,101,42000,238.649,433.4809,533.37804,263.0132596428571,4200.0,"{0: 29.545, 1: 15.116, 2: 10.714, 3: 11.628, 4: 13.793}","{0: 509.625, 1: 489.25, 2: 489.875, 3: 488.688, 4: 488.312}","{0: 2571, 1: 3923, 2: 3881, 3: 3859, 4: 3888, 5: 3961, 6: 3978, 7: 3947, 8: 3990, 9: 3997}","{0: 1638, 1: 2509, 2: 2469, 3: 2390, 4: 2359, 5: 2443, 6: 2518, 7: 2466, 8: 2542, 9: 2512}","{0: 1036, 1: 2460, 2: 2457, 3: 2390, 4: 2358, 5: 2443, 6: 2518, 7: 2463, 8: 2542, 9: 2512}",62.76088959073562,61.00539544676931
rule_fpga_raft,60c1s5r10p,YCSB_A,rw_zipf_1,concurrent_75,101,45000,241.107,470.11699999999985,578.80821,279.7386900222222,4500.0,"{0: 31.818, 1: 14.286, 2: 10.714, 3: 19.355, 4: 21.875}","{0: 517.625, 1: 491.25, 2: 492.25, 3: 490.75, 4: 491.188}","{0: 4078, 1: 4086, 2: 4120, 3: 4141, 4: 4136, 5: 4239, 6: 4186, 7: 4178, 8: 4252, 9: 4259}","{0: 2562, 1: 2493, 2: 2536, 3: 2611, 4: 2527, 5: 2537, 6: 2582, 7: 2578, 8: 2604, 9: 2676}","{0: 2484, 1: 2475, 2: 2531, 3: 2611, 4: 2527, 5: 2537, 6: 2582, 7: 2577, 8: 2604, 9: 2676}",61.68206358728254,61.4373125374925
rule_fpga_raft,60c1s5r10p,YCSB_A,rw_zipf_1,concurrent_80,101,48000,256.28,491.4597,565.7159000000005,286.90717618749994,4800.0,"{0: 32.955, 1: 14.118, 2: 15.116, 3: 11.765, 4: 12.048}","{0: 519.375, 1: 492.812, 2: 494.188, 3: 492.438, 4: 493.0}","{0: 4128, 1: 4341, 2: 4362, 3: 4392, 4: 4363, 5: 4544, 6: 4430, 7: 4440, 8: 4542, 9: 4487}","{0: 2519, 1: 2635, 2: 2652, 3: 2693, 4: 2649, 5: 2799, 6: 2676, 7: 2727, 8: 2813, 9: 2728}","{0: 2441, 1: 2607, 2: 2640, 3: 2693, 4: 2649, 5: 2799, 6: 2676, 7: 2727, 8: 2813, 9: 2728}",61.07565468214131,60.80764950373617
rule_fpga_raft,60c1s5r10p,YCSB_A,rw_zipf_1,concurrent_90,101,54000,306.4225,545.3218999999999,669.46709,322.9674942592593,5400.0,"{0: 37.5, 1: 20.652, 2: 17.045, 3: 22.917, 4: 19.78}","{0: 547.5, 1: 497.75, 2: 498.938, 3: 497.625, 4: 497.25}","{0: 4624, 1: 4790, 2: 4891, 3: 4832, 4: 4900, 5: 5063, 6: 4992, 7: 4944, 8: 5070, 9: 4998}","{0: 2730, 1: 2815, 2: 2886, 3: 2846, 4: 2857, 5: 2976, 6: 2932, 7: 2869, 8: 2997, 9: 2955}","{0: 2687, 1: 2811, 2: 2882, 3: 2846, 4: 2857, 5: 2976, 6: 2932, 7: 2869, 8: 2997, 9: 2955}",58.77932551319648,58.67546432062561
rule_fpga_raft,60c1s5r10p,YCSB_A,rw_zipf_1,concurrent_100,101,60000,314.56,573.4761,691.20208,341.6580429166667,6000.0,"{0: 41.573, 1: 16.279, 2: 12.941, 3: 18.182, 4: 18.182}","{0: 572.312, 1: 501.812, 2: 503.25, 3: 500.812, 4: 500.812}","{0: 4995, 1: 5157, 2: 5372, 3: 5386, 4: 5332, 5: 5521, 6: 5473, 7: 5457, 8: 5624, 9: 5530}","{0: 2888, 1: 3005, 2: 3150, 3: 3133, 4: 3073, 5: 3168, 6: 3159, 7: 3143, 8: 3294, 9: 3180}","{0: 2812, 1: 2951, 2: 3150, 3: 3133, 4: 3073, 5: 3168, 6: 3159, 7: 3143, 8: 3294, 9: 3180}",57.928946830835514,57.687522053224875
rule_fpga_raft,60c1s5r10p,YCSB_A,rw_zipf_1,concurrent_110,101,66000,335.371,615.9956999999999,736.90806,365.9723993939394,6600.0,"{0: 48.352, 1: 17.647, 2: 12.941, 3: 15.476, 4: 28.0}","{0: 611.688, 1: 505.875, 2: 507.125, 3: 506.5, 4: 506.125}","{0: 5472, 1: 5496, 2: 5846, 3: 5787, 4: 5802, 5: 6047, 6: 6039, 7: 5961, 8: 6166, 9: 6123}","{0: 3119, 1: 3095, 2: 3345, 3: 3251, 4: 3239, 5: 3312, 6: 3465, 7: 3334, 8: 3506, 9: 3464}","{0: 2961, 1: 3083, 2: 3345, 3: 3251, 4: 3239, 5: 3312, 6: 3465, 7: 3334, 8: 3506, 9: 3464}",56.40204974548426,56.11263385484942
rule_fpga_raft,60c1s5r10p,YCSB_A,rw_zipf_1,concurrent_120,101,72000,337.712,610.5258,717.97602,374.27477993055555,7200.0,"{0: 51.648, 1: 19.767, 2: 14.118, 3: 17.442, 4: 16.471}","{0: 638.562, 1: 508.375, 2: 510.438, 3: 508.5, 4: 508.562}","{0: 5484, 1: 6065, 2: 6180, 3: 6228, 4: 6247, 5: 6606, 6: 6391, 7: 6408, 8: 6612, 9: 6610}","{0: 2959, 1: 3207, 2: 3252, 3: 3220, 4: 3284, 5: 3624, 6: 3409, 7: 3461, 8: 3622, 9: 3571}","{0: 2745, 1: 3111, 2: 3252, 3: 3220, 4: 3284, 5: 3624, 6: 3409, 7: 3461, 8: 3622, 9: 3571}",53.491111075742865,52.99772405341312
rule_fpga_raft,60c1s5r10p,YCSB_A,rw_zipf_0,concurrent_120,0,72000,463.81050000000005,618.2676,784.87005,468.13092302777784,7200.0,"{0: 50.526, 1: 19.318, 2: 10.714, 3: 22.581, 4: 15.116}","{0: 662.812, 1: 499.062, 2: 494.625, 3: 498.75, 4: 496.672}","{0: 0, 1: 0, 2: 0, 3: 0, 4: 0, 5: 0, 6: 0, 7: 0, 8: 0, 9: 0}","{0: 0, 1: 0, 2: 0, 3: 0, 4: 0, 5: 0, 6: 0, 7: 0, 8: 0, 9: 0}","{0: 0, 1: 0, 2: 0, 3: 0, 4: 0, 5: 0, 6: 0, 7: 0, 8: 0, 9: 0}",0,0
rule_fpga_raft,60c1s5r10p,YCSB_A,rw_zipf_0,concurrent_120,101,72000,252.42849999999999,338.9511,474.28407999999996,246.83061441666663,7200.0,"{0: 53.763, 1: 21.429, 2: 15.663, 3: 23.596, 4: 19.54}","{0: 662.0, 1: 542.25, 2: 545.125, 3: 539.438, 4: 541.5}","{0: 6561, 1: 7160, 2: 7200, 3: 7200, 4: 7200, 5: 7200, 6: 7200, 7: 7200, 8: 7200, 9: 7200}","{0: 6480, 1: 7089, 2: 7117, 3: 7119, 4: 7118, 5: 7157, 6: 7127, 7: 7134, 8: 7148, 9: 7134}","{0: 5481, 1: 6746, 2: 7114, 3: 7119, 4: 7118, 5: 7157, 6: 7127, 7: 7134, 8: 7148, 9: 7134}",99.0213261171324,97.13548604197922
rule_fpga_raft,60c1s5r10p,YCSB_A,rw_zipf_0.1,concurrent_120,0,72000,467.65049999999997,623.4866,769.8260300000001,476.7975646666667,7200.0,"{0: 48.889, 1: 17.647, 2: 13.636, 3: 14.458, 4: 22.34}","{0: 669.562, 1: 499.312, 2: 494.562, 3: 498.438, 4: 496.188}","{0: 0, 1: 0, 2: 0, 3: 0, 4: 0, 5: 0, 6: 0, 7: 0, 8: 0, 9: 0}","{0: 0, 1: 0, 2: 0, 3: 0, 4: 0, 5: 0, 6: 0, 7: 0, 8: 0, 9: 0}","{0: 0, 1: 0, 2: 0, 3: 0, 4: 0, 5: 0, 6: 0, 7: 0, 8: 0, 9: 0}",0,0
rule_fpga_raft,60c1s5r10p,YCSB_A,rw_zipf_0.1,concurrent_120,101,72000,253.6445,340.32120000000003,493.63305999999994,249.33407768055554,7200.0,"{0: 53.333, 1: 20.93, 2: 15.854, 3: 19.277, 4: 19.54}","{0: 676.938, 1: 540.812, 2: 544.688, 3: 538.5, 4: 541.062}","{0: 6964, 1: 7199, 2: 7200, 3: 7200, 4: 7200, 5: 7200, 6: 7200, 7: 7200, 8: 7200, 9: 7200}","{0: 6887, 1: 7104, 2: 7116, 3: 7096, 4: 7112, 5: 7148, 6: 7131, 7: 7119, 8: 7147, 9: 7161}","{0: 6586, 1: 7073, 2: 7116, 3: 7096, 4: 7112, 5: 7148, 6: 7131, 7: 7119, 8: 7147, 9: 7161}",98.96604099605646,98.50340704820033
rule_fpga_raft,60c1s5r10p,YCSB_A,rw_zipf_0.2,concurrent_120,0,72000,456.0635,605.7835,732.7031,459.3770977916667,7200.0,"{0: 51.685, 1: 18.182, 2: 10.843, 3: 18.391, 4: 13.253}","{0: 658.0, 1: 499.375, 2: 496.25, 3: 498.438, 4: 497.688}","{0: 0, 1: 0, 2: 0, 3: 0, 4: 0, 5: 0, 6: 0, 7: 0, 8: 0, 9: 0}","{0: 0, 1: 0, 2: 0, 3: 0, 4: 0, 5: 0, 6: 0, 7: 0, 8: 0, 9: 0}","{0: 0, 1: 0, 2: 0, 3: 0, 4: 0, 5: 0, 6: 0, 7: 0, 8: 0, 9: 0}",0,0
rule_fpga_raft,60c1s5r10p,YCSB_A,rw_zipf_0.2,concurrent_120,101,72000,252.8065,339.79909999999995,473.86607999999995,246.8413719722222,7200.0,"{0: 53.333, 1: 21.839, 2: 17.241, 3: 19.048, 4: 18.605}","{0: 661.25, 1: 540.875, 2: 544.688, 3: 538.625, 4: 540.5}","{0: 6611, 1: 7180, 2: 7200, 3: 7200, 4: 7200, 5: 7200, 6: 7200, 7: 7200, 8: 7200, 9: 7200}","{0: 6527, 1: 7112, 2: 7139, 3: 7106, 4: 7119, 5: 7151, 6: 7127, 7: 7146, 8: 7148, 9: 7143}","{0: 5747, 1: 6732, 2: 7137, 3: 7106, 4: 7119, 5: 7151, 6: 7127, 7: 7146, 8: 7148, 9: 7143}",99.05730414197868,97.42964799484528
rule_fpga_raft,60c1s5r10p,YCSB_A,rw_zipf_0.3,concurrent_120,0,72000,465.468,624.1270999999999,762.6851399999998,470.6665670833333,7200.0,"{0: 51.111, 1: 18.182, 2: 29.907, 3: 15.294, 4: 17.045}","{0: 662.625, 1: 499.062, 2: 494.621, 3: 499.062, 4: 497.438}","{0: 0, 1: 0, 2: 0, 3: 0, 4: 0, 5: 0, 6: 0, 7: 0, 8: 0, 9: 0}","{0: 0, 1: 0, 2: 0, 3: 0, 4: 0, 5: 0, 6: 0, 7: 0, 8: 0, 9: 0}","{0: 0, 1: 0, 2: 0, 3: 0, 4: 0, 5: 0, 6: 0, 7: 0, 8: 0, 9: 0}",0,0
rule_fpga_raft,60c1s5r10p,YCSB_A,rw_zipf_0.3,concurrent_120,101,72000,252.585,340.9801,475.63100999999995,248.1756458472222,7200.0,"{0: 55.556, 1: 22.727, 2: 18.605, 3: 19.048, 4: 20.69}","{0: 679.75, 1: 541.625, 2: 548.062, 3: 539.688, 4: 542.125}","{0: 6944, 1: 7193, 2: 7200, 3: 7200, 4: 7200, 5: 7200, 6: 7200, 7: 7200, 8: 7200, 9: 7200}","{0: 6841, 1: 7101, 2: 7115, 3: 7109, 4: 7124, 5: 7142, 6: 7137, 7: 7110, 8: 7129, 9: 7141}","{0: 6835, 1: 7067, 2: 7115, 3: 7109, 4: 7124, 5: 7142, 6: 7137, 7: 7110, 8: 7129, 9: 7141}",98.90154313673557,98.84578390509779
rule_fpga_raft,60c1s5r10p,YCSB_A,rw_zipf_0.4,concurrent_120,0,72000,465.485,616.8485,743.4250199999999,470.63048848611106,7200.0,"{0: 50.0, 1: 16.471, 2: 21.875, 3: 14.458, 4: 20.652}","{0: 664.75, 1: 498.375, 2: 494.125, 3: 498.188, 4: 497.062}","{0: 0, 1: 0, 2: 0, 3: 0, 4: 0, 5: 0, 6: 0, 7: 0, 8: 0, 9: 0}","{0: 0, 1: 0, 2: 0, 3: 0, 4: 0, 5: 0, 6: 0, 7: 0, 8: 0, 9: 0}","{0: 0, 1: 0, 2: 0, 3: 0, 4: 0, 5: 0, 6: 0, 7: 0, 8: 0, 9: 0}",0,0
rule_fpga_raft,60c1s5r10p,YCSB_A,rw_zipf_0.4,concurrent_120,101,72000,255.9665,340.185,474.81203999999997,248.76469088888888,7200.0,"{0: 51.685, 1: 22.989, 2: 16.279, 3: 20.93, 4: 19.54}","{0: 679.125, 1: 540.312, 2: 543.812, 3: 537.562, 4: 539.688}","{0: 6873, 1: 7196, 2: 7200, 3: 7200, 4: 7200, 5: 7200, 6: 7200, 7: 7200, 8: 7200, 9: 7200}","{0: 6743, 1: 7091, 2: 7073, 3: 7085, 4: 7061, 5: 7110, 6: 7090, 7: 7100, 8: 7107, 9: 7122}","{0: 5973, 1: 6973, 2: 7073, 3: 7085, 4: 7061, 5: 7110, 6: 7090, 7: 7100, 8: 7107, 9: 7122}",98.48330519471459,97.2442757677657
rule_fpga_raft,60c1s5r10p,YCSB_A,rw_zipf_0.5,concurrent_120,0,72000,477.437,632.6294,754.0161199999669,481.2909778888889,7200.0,"{0: 48.889, 1: 16.471, 2: 16.484, 3: 19.78, 4: 17.045}","{0: 655.375, 1: 498.5, 2: 493.559, 3: 498.188, 4: 497.25}","{0: 0, 1: 0, 2: 0, 3: 0, 4: 0, 5: 0, 6: 0, 7: 0, 8: 0, 9: 0}","{0: 0, 1: 0, 2: 0, 3: 0, 4: 0, 5: 0, 6: 0, 7: 0, 8: 0, 9: 0}","{0: 0, 1: 0, 2: 0, 3: 0, 4: 0, 5: 0, 6: 0, 7: 0, 8: 0, 9: 0}",0,0
rule_fpga_raft,60c1s5r10p,YCSB_A,rw_zipf_0.5,concurrent_120,101,72000,253.0655,340.9882,526.2370299999978,249.61437625,7200.0,"{0: 53.763, 1: 20.93, 2: 17.241, 3: 19.54, 4: 18.824}","{0: 673.188, 1: 539.5, 2: 543.75, 3: 538.688, 4: 538.75}","{0: 6889, 1: 7189, 2: 7200, 3: 7200, 4: 7200, 5: 7200, 6: 7200, 7: 7200, 8: 7200, 9: 7200}","{0: 6740, 1: 7033, 2: 7047, 3: 7033, 4: 7025, 5: 7084, 6: 7059, 7: 7074, 8: 7113, 9: 7083}","{0: 5985, 1: 6839, 2: 7046, 3: 7033, 4: 7025, 5: 7084, 6: 7059, 7: 7074, 8: 7113, 9: 7083}",98.06495716956388,96.73958536789532
rule_fpga_raft,60c1s5r10p,YCSB_A,rw_zipf_0.55,concurrent_120,0,72000,495.8535,654.1521,786.05805,504.7667385833334,7200.0,"{0: 50.538, 1: 19.767, 2: 28.972, 3: 13.253, 4: 12.048}","{0: 663.688, 1: 498.062, 2: 493.062, 3: 497.125, 4: 495.625}","{0: 0, 1: 0, 2: 0, 3: 0, 4: 0, 5: 0, 6: 0, 7: 0, 8: 0, 9: 0}","{0: 0, 1: 0, 2: 0, 3: 0, 4: 0, 5: 0, 6: 0, 7: 0, 8: 0, 9: 0}","{0: 0, 1: 0, 2: 0, 3: 0, 4: 0, 5: 0, 6: 0, 7: 0, 8: 0, 9: 0}",0,0
rule_fpga_raft,60c1s5r10p,YCSB_A,rw_zipf_0.55,concurrent_120,101,72000,254.3115,340.044,584.4729999999995,251.6434064166667,7200.0,"{0: 51.648, 1: 20.93, 2: 23.656, 3: 18.824, 4: 18.605}","{0: 665.25, 1: 538.375, 2: 542.312, 3: 537.688, 4: 538.062}","{0: 6744, 1: 7196, 2: 7200, 3: 7200, 4: 7200, 5: 7200, 6: 7200, 7: 7200, 8: 7200, 9: 7200}","{0: 6521, 1: 6983, 2: 6946, 3: 6929, 4: 6938, 5: 7029, 6: 6987, 7: 6974, 8: 7026, 9: 7051}","{0: 5612, 1: 6737, 2: 6945, 3: 6929, 4: 6938, 5: 7029, 6: 6987, 7: 6974, 8: 7026, 9: 7051}",96.98630136986301,95.37042214145933
rule_fpga_raft,60c1s5r10p,YCSB_A,rw_zipf_0.6,concurrent_120,0,72000,454.9125,602.4905,746.69207,462.09614984722225,7200.0,"{0: 50.0, 1: 15.294, 2: 30.556, 3: 14.286, 4: 24.742}","{0: 651.688, 1: 497.125, 2: 492.973, 3: 495.062, 4: 494.559}","{0: 0, 1: 0, 2: 0, 3: 0, 4: 0, 5: 0, 6: 0, 7: 0, 8: 0, 9: 0}","{0: 0, 1: 0, 2: 0, 3: 0, 4: 0, 5: 0, 6: 0, 7: 0, 8: 0, 9: 0}","{0: 0, 1: 0, 2: 0, 3: 0, 4: 0, 5: 0, 6: 0, 7: 0, 8: 0, 9: 0}",0,0
rule_fpga_raft,60c1s5r10p,YCSB_A,rw_zipf_0.6,concurrent_120,101,72000,253.9015,341.539,609.3321599999999,254.38055147222224,7200.0,"{0: 51.648, 1: 20.93, 2: 15.476, 3: 20.238, 4: 18.391}","{0: 669.688, 1: 537.125, 2: 541.0, 3: 536.438, 4: 535.938}","{0: 6856, 1: 7195, 2: 7200, 3: 7200, 4: 7200, 5: 7200, 6: 7200, 7: 7200, 8: 7200, 9: 7200}","{0: 6548, 1: 6893, 2: 6882, 3: 6897, 4: 6876, 5: 6937, 6: 6940, 7: 6930, 8: 6936, 9: 6958}","{0: 5711, 1: 6800, 2: 6881, 3: 6897, 4: 6876, 5: 6937, 6: 6940, 7: 6930, 8: 6936, 9: 6958}",96.01680367336115,94.71744986113244
rule_fpga_raft,60c1s5r10p,YCSB_A,rw_zipf_0.65,concurrent_120,0,72000,450.0345,598.8414,743.74504,456.4571849166666,7200.0,"{0: 49.438, 1: 15.476, 2: 9.756, 3: 16.279, 4: 22.34}","{0: 655.812, 1: 495.875, 2: 493.248, 3: 495.809, 4: 495.062}","{0: 0, 1: 0, 2: 0, 3: 0, 4: 0, 5: 0, 6: 0, 7: 0, 8: 0, 9: 0}","{0: 0, 1: 0, 2: 0, 3: 0, 4: 0, 5: 0, 6: 0, 7: 0, 8: 0, 9: 0}","{0: 0, 1: 0, 2: 0, 3: 0, 4: 0, 5: 0, 6: 0, 7: 0, 8: 0, 9: 0}",0,0
rule_fpga_raft,60c1s5r10p,YCSB_A,rw_zipf_0.65,concurrent_120,101,72000,257.6055,365.73909999999995,670.2323199999998,262.09205933333334,7200.0,"{0: 52.809, 1: 21.176, 2: 14.286, 3: 20.0, 4: 17.647}","{0: 667.5, 1: 533.688, 2: 538.125, 3: 532.938, 4: 533.5}","{0: 6971, 1: 7198, 2: 7199, 3: 7200, 4: 7200, 5: 7200, 6: 7200, 7: 7200, 8: 7200, 9: 7200}","{0: 6538, 1: 6774, 2: 6744, 3: 6720, 4: 6723, 5: 6842, 6: 6796, 7: 6785, 8: 6821, 9: 6820}","{0: 6293, 1: 6772, 2: 6744, 3: 6720, 4: 6723, 5: 6842, 6: 6796, 7: 6785, 8: 6821, 9: 6820}",94.14084271541634,93.79667818526363
rule_fpga_raft,60c1s5r10p,YCSB_A,rw_zipf_0.7,concurrent_120,0,72000,459.90200000000004,613.0880999999999,759.01404,466.02869097222225,7200.0,"{0: 48.864, 1: 20.0, 2: 29.63, 3: 15.294, 4: 11.905}","{0: 655.562, 1: 495.312, 2: 492.125, 3: 494.562, 4: 493.938}","{0: 0, 1: 0, 2: 0, 3: 0, 4: 0, 5: 0, 6: 0, 7: 0, 8: 0, 9: 0}","{0: 0, 1: 0, 2: 0, 3: 0, 4: 0, 5: 0, 6: 0, 7: 0, 8: 0, 9: 0}","{0: 0, 1: 0, 2: 0, 3: 0, 4: 0, 5: 0, 6: 0, 7: 0, 8: 0, 9: 0}",0,0
rule_fpga_raft,60c1s5r10p,YCSB_A,rw_zipf_0.7,concurrent_120,101,72000,259.185,388.86159999999984,644.31309,267.7614000138889,7200.0,"{0: 52.747, 1: 21.839, 2: 17.978, 3: 20.0, 4: 17.857}","{0: 665.438, 1: 530.5, 2: 534.0, 3: 528.375, 4: 529.812}","{0: 6530, 1: 7152, 2: 7200, 3: 7197, 4: 7200, 5: 7200, 6: 7198, 7: 7199, 8: 7200, 9: 7200}","{0: 5908, 1: 6552, 2: 6481, 3: 6514, 4: 6521, 5: 6631, 6: 6591, 7: 6570, 8: 6650, 9: 6636}","{0: 5310, 1: 6484, 2: 6481, 3: 6514, 4: 6521, 5: 6631, 6: 6591, 7: 6570, 8: 6650, 9: 6636}",91.2705539031371,90.33615803355968
rule_fpga_raft,60c1s5r10p,YCSB_A,rw_zipf_0.75,concurrent_120,0,72000,475.981,625.5901,769.4020599999989,480.0039749444444,7200.0,"{0: 51.136, 1: 18.182, 2: 11.765, 3: 14.286, 4: 20.43}","{0: 653.938, 1: 494.0, 2: 489.75, 3: 493.625, 4: 492.75}","{0: 0, 1: 0, 2: 0, 3: 0, 4: 0, 5: 0, 6: 0, 7: 0, 8: 0, 9: 0}","{0: 0, 1: 0, 2: 0, 3: 0, 4: 0, 5: 0, 6: 0, 7: 0, 8: 0, 9: 0}","{0: 0, 1: 0, 2: 0, 3: 0, 4: 0, 5: 0, 6: 0, 7: 0, 8: 0, 9: 0}",0,0
rule_fpga_raft,60c1s5r10p,YCSB_A,rw_zipf_0.75,concurrent_120,101,72000,270.0605,455.6078,710.7080599999995,279.8762175416667,7200.0,"{0: 53.846, 1: 21.591, 2: 15.476, 3: 20.0, 4: 21.348}","{0: 672.25, 1: 530.312, 2: 531.5, 3: 527.25, 4: 529.5}","{0: 6858, 1: 7120, 2: 7198, 3: 7199, 4: 7196, 5: 7198, 6: 7200, 7: 7200, 8: 7200, 9: 7200}","{0: 5997, 1: 6227, 2: 6333, 3: 6305, 4: 6311, 5: 6367, 6: 6334, 7: 6322, 8: 6386, 9: 6400}","{0: 5253, 1: 5971, 2: 6333, 3: 6305, 4: 6311, 5: 6367, 6: 6334, 7: 6322, 8: 6386, 9: 6400}",88.00178848384077,86.60453548323996
rule_fpga_raft,60c1s5r10p,YCSB_A,rw_zipf_0.8,concurrent_120,0,72000,443.44849999999997,598.7354,760.97906,458.1023091388889,7200.0,"{0: 49.451, 1: 16.471, 2: 23.232, 3: 20.652, 4: 22.105}","{0: 646.562, 1: 493.125, 2: 488.938, 3: 492.875, 4: 491.062}","{0: 0, 1: 0, 2: 0, 3: 0, 4: 0, 5: 0, 6: 0, 7: 0, 8: 0, 9: 0}","{0: 0, 1: 0, 2: 0, 3: 0, 4: 0, 5: 0, 6: 0, 7: 0, 8: 0, 9: 0}","{0: 0, 1: 0, 2: 0, 3: 0, 4: 0, 5: 0, 6: 0, 7: 0, 8: 0, 9: 0}",0,0
rule_fpga_raft,60c1s5r10p,YCSB_A,rw_zipf_0.8,concurrent_120,101,72000,283.16499999999996,488.34799999999996,696.4241999999999,291.7978208888889,7200.0,"{0: 52.222, 1: 19.767, 2: 14.458, 3: 19.54, 4: 17.647}","{0: 664.0, 1: 526.125, 2: 529.625, 3: 525.996, 4: 525.875}","{0: 6490, 1: 6910, 2: 7181, 3: 7182, 4: 7181, 5: 7194, 6: 7193, 7: 7197, 8: 7188, 9: 7196}","{0: 5276, 1: 5661, 2: 5831, 3: 5840, 4: 5852, 5: 6036, 6: 5949, 7: 5970, 8: 6018, 9: 6011}","{0: 4853, 1: 5428, 2: 5831, 3: 5840, 4: 5852, 5: 6036, 6: 5949, 7: 5970, 8: 6018, 9: 6011}",82.41764440433214,81.49255415162455
rule_fpga_raft,60c1s5r10p,YCSB_A,rw_zipf_0.85,concurrent_120,0,72000,460.598,612.8861999999999,738.92803,467.6699308611111,7200.0,"{0: 49.462, 1: 21.505, 2: 10.714, 3: 15.116, 4: 11.905}","{0: 644.562, 1: 490.938, 2: 487.875, 3: 491.367, 4: 489.301}","{0: 0, 1: 0, 2: 0, 3: 0, 4: 0, 5: 0, 6: 0, 7: 0, 8: 0, 9: 0}","{0: 0, 1: 0, 2: 0, 3: 0, 4: 0, 5: 0, 6: 0, 7: 0, 8: 0, 9: 0}","{0: 0, 1: 0, 2: 0, 3: 0, 4: 0, 5: 0, 6: 0, 7: 0, 8: 0, 9: 0}",0,0
rule_fpga_raft,60c1s5r10p,YCSB_A,rw_zipf_0.85,concurrent_120,101,72000,292.8555,563.4905,694.9274699999997,310.93757772222216,7200.0,"{0: 49.438, 1: 20.69, 2: 16.279, 3: 19.767, 4: 16.867}","{0: 655.875, 1: 521.812, 2: 524.625, 3: 520.25, 4: 520.875}","{0: 6581, 1: 6974, 2: 7108, 3: 7117, 4: 7098, 5: 7171, 6: 7153, 7: 7151, 8: 7181, 9: 7165}","{0: 5010, 1: 5246, 2: 5410, 3: 5330, 4: 5315, 5: 5492, 6: 5435, 7: 5421, 8: 5602, 9: 5464}","{0: 4409, 1: 5117, 2: 5410, 3: 5330, 4: 5315, 5: 5492, 6: 5435, 7: 5421, 8: 5602, 9: 5464}",75.99117384970084,74.95862742047271
rule_fpga_raft,60c1s5r10p,YCSB_A,rw_zipf_0.9,concurrent_120,0,72000,480.4975,637.1745,764.8870699999999,483.12821955555563,7200.0,"{0: 48.913, 1: 20.652, 2: 11.628, 3: 12.791, 4: 24.49}","{0: 636.312, 1: 489.5, 2: 487.498, 3: 488.625, 4: 488.242}","{0: 0, 1: 0, 2: 0, 3: 0, 4: 0, 5: 0, 6: 0, 7: 0, 8: 0, 9: 0}","{0: 0, 1: 0, 2: 0, 3: 0, 4: 0, 5: 0, 6: 0, 7: 0, 8: 0, 9: 0}","{0: 0, 1: 0, 2: 0, 3: 0, 4: 0, 5: 0, 6: 0, 7: 0, 8: 0, 9: 0}",0,0
rule_fpga_raft,60c1s5r10p,YCSB_A,rw_zipf_0.9,concurrent_120,101,72000,300.82550000000003,604.1161999999999,728.0600699999999,335.3354045,7200.0,"{0: 51.648, 1: 20.69, 2: 14.943, 3: 17.857, 4: 17.442}","{0: 651.625, 1: 516.562, 2: 519.5, 3: 515.875, 4: 516.875}","{0: 6312, 1: 6697, 2: 6944, 3: 7004, 4: 7011, 5: 7111, 6: 7031, 7: 7022, 8: 7100, 9: 7106}","{0: 4284, 1: 4642, 2: 4694, 3: 4751, 4: 4762, 5: 5060, 6: 4876, 7: 4822, 8: 4961, 9: 5008}","{0: 4072, 1: 4586, 2: 4694, 3: 4751, 4: 4762, 5: 5060, 6: 4876, 7: 4822, 8: 4961, 9: 5008}",69.02420029421097,68.63768784793331
rule_fpga_raft,60c1s5r10p,YCSB_A,rw_zipf_0.95,concurrent_120,0,72000,457.4515,610.1554999999998,747.76403,459.3702130555556,7200.0,"{0: 46.667, 1: 20.652, 2: 9.639, 3: 28.571, 4: 11.905}","{0: 624.5, 1: 487.312, 2: 485.795, 3: 487.246, 4: 486.594}","{0: 0, 1: 0, 2: 0, 3: 0, 4: 0, 5: 0, 6: 0, 7: 0, 8: 0, 9: 0}","{0: 0, 1: 0, 2: 0, 3: 0, 4: 0, 5: 0, 6: 0, 7: 0, 8: 0, 9: 0}","{0: 0, 1: 0, 2: 0, 3: 0, 4: 0, 5: 0, 6: 0, 7: 0, 8: 0, 9: 0}",0,0
rule_fpga_raft,60c1s5r10p,YCSB_A,rw_zipf_0.95,concurrent_120,101,72000,305.5025,618.1990999999999,731.6790699999999,353.21016748611106,7200.0,"{0: 50.538, 1: 22.222, 2: 12.048, 3: 16.867, 4: 16.667}","{0: 657.125, 1: 513.5, 2: 515.375, 3: 512.812, 4: 513.562}","{0: 5956, 1: 6478, 2: 6647, 3: 6680, 4: 6640, 5: 6946, 6: 6815, 7: 6857, 8: 6976, 9: 6938}","{0: 3631, 1: 4006, 2: 4070, 3: 4035, 4: 3996, 5: 4323, 6: 4247, 7: 4243, 8: 4378, 9: 4286}","{0: 3189, 1: 3928, 2: 4069, 3: 4035, 4: 3996, 5: 4323, 6: 4247, 7: 4243, 8: 4378, 9: 4286}",61.576501875009335,60.7981115443802
rule_fpga_raft,60c1s5r10p,YCSB_A,rw_zipf_1,concurrent_120,0,72000,480.84950000000003,637.2431,764.10405,488.0636390833333,7200.0,"{0: 50.0, 1: 21.505, 2: 12.5, 3: 13.095, 4: 9.756}","{0: 629.625, 1: 485.594, 2: 483.812, 3: 485.688, 4: 485.555}","{0: 0, 1: 0, 2: 0, 3: 0, 4: 0, 5: 0, 6: 0, 7: 0, 8: 0, 9: 0}","{0: 0, 1: 0, 2: 0, 3: 0, 4: 0, 5: 0, 6: 0, 7: 0, 8: 0, 9: 0}","{0: 0, 1: 0, 2: 0, 3: 0, 4: 0, 5: 0, 6: 0, 7: 0, 8: 0, 9: 0}",0,0
rule_fpga_raft,60c1s5r10p,YCSB_A,rw_zipf_1,concurrent_120,101,72000,337.712,610.5258,717.97602,374.27477993055555,7200.0,"{0: 51.648, 1: 19.767, 2: 14.118, 3: 17.442, 4: 16.471}","{0: 638.562, 1: 508.375, 2: 510.438, 3: 508.5, 4: 508.562}","{0: 5484, 1: 6065, 2: 6180, 3: 6228, 4: 6247, 5: 6606, 6: 6391, 7: 6408, 8: 6612, 9: 6610}","{0: 2959, 1: 3207, 2: 3252, 3: 3220, 4: 3284, 5: 3624, 6: 3409, 7: 3461, 8: 3622, 9: 3571}","{0: 2745, 1: 3111, 2: 3252, 3: 3220, 4: 3284, 5: 3624, 6: 3409, 7: 3461, 8: 3622, 9: 3571}",53.491111075742865,52.99772405341312
rule_fpga_raft,60c1s5r10p,YCSB_B,rw_zipf_0,concurrent_120,0,72000,452.034,600.97,754.60703,455.2797545277778,7200.0,"{0: 48.352, 1: 17.647, 2: 10.843, 3: 20.652, 4: 19.101}","{0: 640.312, 1: 499.188, 2: 495.625, 3: 498.0, 4: 498.75}","{0: 0, 1: 0, 2: 0, 3: 0, 4: 0, 5: 0, 6: 0, 7: 0, 8: 0, 9: 0}","{0: 0, 1: 0, 2: 0, 3: 0, 4: 0, 5: 0, 6: 0, 7: 0, 8: 0, 9: 0}","{0: 0, 1: 0, 2: 0, 3: 0, 4: 0, 5: 0, 6: 0, 7: 0, 8: 0, 9: 0}",0,0
rule_fpga_raft,60c1s5r10p,YCSB_B,rw_zipf_0,concurrent_120,101,72000,231.2165,338.17109999999997,455.613,239.12751025000003,7200.0,"{0: 54.348, 1: 22.619, 2: 21.739, 3: 19.54, 4: 19.048}","{0: 652.062, 1: 543.25, 2: 547.0, 3: 540.062, 4: 542.438}","{0: 6852, 1: 7198, 2: 7200, 3: 7200, 4: 7200, 5: 7200, 6: 7200, 7: 7200, 8: 7200, 9: 7200}","{0: 6844, 1: 7194, 2: 7193, 3: 7187, 4: 7199, 5: 7198, 6: 7195, 7: 7196, 8: 7194, 9: 7194}","{0: 6064, 1: 6864, 2: 7193, 3: 7187, 4: 7199, 5: 7198, 6: 7195, 7: 7196, 8: 7194, 9: 7194}",99.9218422889044,98.37264480111654
rule_fpga_raft,60c1s5r10p,YCSB_B,rw_zipf_0.1,concurrent_120,0,72000,464.0155,614.2524999999999,763.9350499999999,470.0448900138889,7200.0,"{0: 50.0, 1: 21.978, 2: 9.639, 3: 13.415, 4: 15.294}","{0: 655.312, 1: 499.188, 2: 495.543, 3: 497.867, 4: 497.926}","{0: 0, 1: 0, 2: 0, 3: 0, 4: 0, 5: 0, 6: 0, 7: 0, 8: 0, 9: 0}","{0: 0, 1: 0, 2: 0, 3: 0, 4: 0, 5: 0, 6: 0, 7: 0, 8: 0, 9: 0}","{0: 0, 1: 0, 2: 0, 3: 0, 4: 0, 5: 0, 6: 0, 7: 0, 8: 0, 9: 0}",0,0
rule_fpga_raft,60c1s5r10p,YCSB_B,rw_zipf_0.1,concurrent_120,101,72000,238.706,340.0653,473.80402,240.0029750416667,7200.0,"{0: 52.174, 1: 21.839, 2: 15.663, 3: 20.0, 4: 19.048}","{0: 656.438, 1: 541.5, 2: 546.188, 3: 538.938, 4: 538.312}","{0: 6728, 1: 7185, 2: 7200, 3: 7200, 4: 7200, 5: 7200, 6: 7200, 7: 7200, 8: 7200, 9: 7200}","{0: 6720, 1: 7179, 2: 7191, 3: 7192, 4: 7195, 5: 7198, 6: 7192, 7: 7195, 8: 7196, 9: 7196}","{0: 5899, 1: 6789, 2: 7186, 3: 7192, 4: 7195, 5: 7198, 6: 7192, 7: 7195, 8: 7196, 9: 7196}",99.9174975179338,98.21710737907793
rule_fpga_raft,60c1s5r10p,YCSB_B,rw_zipf_0.2,concurrent_120,0,72000,448.321,591.4692,727.90205,447.5848774583333,7200.0,"{0: 48.889, 1: 15.294, 2: 9.756, 3: 14.286, 4: 15.294}","{0: 658.125, 1: 498.562, 2: 494.625, 3: 497.688, 4: 497.188}","{0: 0, 1: 0, 2: 0, 3: 0, 4: 0, 5: 0, 6: 0, 7: 0, 8: 0, 9: 0}","{0: 0, 1: 0, 2: 0, 3: 0, 4: 0, 5: 0, 6: 0, 7: 0, 8: 0, 9: 0}","{0: 0, 1: 0, 2: 0, 3: 0, 4: 0, 5: 0, 6: 0, 7: 0, 8: 0, 9: 0}",0,0
rule_fpga_raft,60c1s5r10p,YCSB_B,rw_zipf_0.2,concurrent_120,101,72000,232.607,338.2881,460.95406999999994,238.70999629166664,7200.0,"{0: 53.261, 1: 20.0, 2: 16.471, 3: 20.0, 4: 19.048}","{0: 648.875, 1: 541.875, 2: 544.938, 3: 539.625, 4: 541.438}","{0: 6757, 1: 7200, 2: 7200, 3: 7200, 4: 7200, 5: 7200, 6: 7200, 7: 7200, 8: 7200, 9: 7200}","{0: 6746, 1: 7197, 2: 7192, 3: 7197, 4: 7194, 5: 7193, 6: 7194, 7: 7193, 8: 7196, 9: 7196}","{0: 6045, 1: 6961, 2: 7192, 3: 7197, 4: 7194, 5: 7193, 6: 7194, 7: 7193, 8: 7196, 9: 7196}",99.91754824824964,98.60810263146863
rule_fpga_raft,60c1s5r10p,YCSB_B,rw_zipf_0.3,concurrent_120,0,72000,450.3635,599.2746999999999,738.0550199999999,453.2776172083333,7200.0,"{0: 49.451, 1: 15.476, 2: 26.923, 3: 18.182, 4: 13.253}","{0: 645.676, 1: 498.938, 2: 494.43, 3: 497.0, 4: 497.434}","{0: 0, 1: 0, 2: 0, 3: 0, 4: 0, 5: 0, 6: 0, 7: 0, 8: 0, 9: 0}","{0: 0, 1: 0, 2: 0, 3: 0, 4: 0, 5: 0, 6: 0, 7: 0, 8: 0, 9: 0}","{0: 0, 1: 0, 2: 0, 3: 0, 4: 0, 5: 0, 6: 0, 7: 0, 8: 0, 9: 0}",0,0
rule_fpga_raft,60c1s5r10p,YCSB_B,rw_zipf_0.3,concurrent_120,101,72000,231.569,338.41,456.33804,238.74513241666665,7200.0,"{0: 52.809, 1: 22.093, 2: 24.468, 3: 19.048, 4: 26.316}","{0: 660.125, 1: 540.75, 2: 546.375, 3: 538.875, 4: 540.375}","{0: 6836, 1: 7154, 2: 7200, 3: 7200, 4: 7200, 5: 7200, 6: 7200, 7: 7200, 8: 7200, 9: 7200}","{0: 6826, 1: 7146, 2: 7185, 3: 7192, 4: 7191, 5: 7195, 6: 7191, 7: 7190, 8: 7196, 9: 7197}","{0: 6124, 1: 6749, 2: 7185, 3: 7192, 4: 7191, 5: 7195, 6: 7191, 7: 7190, 8: 7196, 9: 7197}",99.8868557061042,98.35172510127113
rule_fpga_raft,60c1s5r10p,YCSB_B,rw_zipf_0.4,concurrent_120,0,72000,453.849,595.8475,738.79803,455.6110777638889,7200.0,"{0: 48.889, 1: 22.34, 2: 10.843, 3: 13.253, 4: 13.953}","{0: 639.938, 1: 498.688, 2: 495.438, 3: 498.438, 4: 497.625}","{0: 0, 1: 0, 2: 0, 3: 0, 4: 0, 5: 0, 6: 0, 7: 0, 8: 0, 9: 0}","{0: 0, 1: 0, 2: 0, 3: 0, 4: 0, 5: 0, 6: 0, 7: 0, 8: 0, 9: 0}","{0: 0, 1: 0, 2: 0, 3: 0, 4: 0, 5: 0, 6: 0, 7: 0, 8: 0, 9: 0}",0,0
rule_fpga_raft,60c1s5r10p,YCSB_B,rw_zipf_0.4,concurrent_120,101,72000,235.47449999999998,338.5012,468.64108,239.43823659722221,7200.0,"{0: 51.111, 1: 20.0, 2: 25.51, 3: 20.0, 4: 25.0}","{0: 660.312, 1: 538.5, 2: 542.938, 3: 537.5, 4: 539.688}","{0: 6890, 1: 7197, 2: 7200, 3: 7200, 4: 7200, 5: 7200, 6: 7200, 7: 7200, 8: 7200, 9: 7200}","{0: 6880, 1: 7187, 2: 7188, 3: 7194, 4: 7188, 5: 7190, 6: 7188, 7: 7193, 8: 7194, 9: 7195}","{0: 6272, 1: 6760, 2: 7186, 3: 7194, 4: 7188, 5: 7190, 6: 7188, 7: 7193, 8: 7194, 9: 7195}",99.87445422461535,98.4278879015721
rule_fpga_raft,60c1s5r10p,YCSB_B,rw_zipf_0.5,concurrent_120,0,72000,443.26,586.8735,729.5480199999796,443.64134411111104,7200.0,"{0: 50.0, 1: 15.294, 2: 12.791, 3: 14.286, 4: 16.279}","{0: 645.375, 1: 497.562, 2: 493.938, 3: 496.488, 4: 496.812}","{0: 0, 1: 0, 2: 0, 3: 0, 4: 0, 5: 0, 6: 0, 7: 0, 8: 0, 9: 0}","{0: 0, 1: 0, 2: 0, 3: 0, 4: 0, 5: 0, 6: 0, 7: 0, 8: 0, 9: 0}","{0: 0, 1: 0, 2: 0, 3: 0, 4: 0, 5: 0, 6: 0, 7: 0, 8: 0, 9: 0}",0,0
rule_fpga_raft,60c1s5r10p,YCSB_B,rw_zipf_0.5,concurrent_120,101,72000,236.389,339.6481,469.4000899999999,238.9327777916667,7200.0,"{0: 52.688, 1: 20.93, 2: 24.742, 3: 19.048, 4: 18.824}","{0: 648.0, 1: 538.938, 2: 543.062, 3: 538.0, 4: 537.438}","{0: 6778, 1: 7190, 2: 7200, 3: 7200, 4: 7200, 5: 7200, 6: 7200, 7: 7200, 8: 7200, 9: 7200}","{0: 6773, 1: 7181, 2: 7188, 3: 7188, 4: 7184, 5: 7184, 6: 7191, 7: 7191, 8: 7189, 9: 7185}","{0: 6086, 1: 6944, 2: 7186, 3: 7188, 4: 7184, 5: 7184, 6: 7191, 7: 7191, 8: 7189, 9: 7185}",99.84071093226022,98.54683657500559
rule_fpga_raft,60c1s5r10p,YCSB_B,rw_zipf_0.55,concurrent_120,0,72000,454.72400000000005,600.3742,740.17,456.37786856944444,7200.0,"{0: 50.0, 1: 16.471, 2: 19.565, 3: 13.415, 4: 13.415}","{0: 646.562, 1: 495.938, 2: 492.875, 3: 495.812, 4: 495.75}","{0: 0, 1: 0, 2: 0, 3: 0, 4: 0, 5: 0, 6: 0, 7: 0, 8: 0, 9: 0}","{0: 0, 1: 0, 2: 0, 3: 0, 4: 0, 5: 0, 6: 0, 7: 0, 8: 0, 9: 0}","{0: 0, 1: 0, 2: 0, 3: 0, 4: 0, 5: 0, 6: 0, 7: 0, 8: 0, 9: 0}",0,0
rule_fpga_raft,60c1s5r10p,YCSB_B,rw_zipf_0.55,concurrent_120,101,72000,236.051,339.79,466.99105999999995,241.21095168055552,7200.0,"{0: 53.846, 1: 20.69, 2: 16.867, 3: 19.048, 4: 18.824}","{0: 651.875, 1: 537.438, 2: 541.625, 3: 537.062, 4: 536.0}","{0: 6655, 1: 7141, 2: 7200, 3: 7200, 4: 7200, 5: 7200, 6: 7200, 7: 7200, 8: 7200, 9: 7200}","{0: 6630, 1: 7132, 2: 7164, 3: 7169, 4: 7174, 5: 7176, 6: 7175, 7: 7179, 8: 7178, 9: 7182}","{0: 5734, 1: 6729, 2: 7162, 3: 7169, 4: 7174, 5: 7176, 6: 7175, 7: 7179, 8: 7178, 9: 7182}",99.66804863017536,97.84581769286795
rule_fpga_raft,60c1s5r10p,YCSB_B,rw_zipf_0.6,concurrent_120,0,72000,447.7385,591.8461,720.44101,449.5681659583334,7200.0,"{0: 48.315, 1: 15.294, 2: 27.0, 3: 14.458, 4: 24.742}","{0: 641.562, 1: 496.062, 2: 493.504, 3: 495.125, 4: 495.375}","{0: 0, 1: 0, 2: 0, 3: 0, 4: 0, 5: 0, 6: 0, 7: 0, 8: 0, 9: 0}","{0: 0, 1: 0, 2: 0, 3: 0, 4: 0, 5: 0, 6: 0, 7: 0, 8: 0, 9: 0}","{0: 0, 1: 0, 2: 0, 3: 0, 4: 0, 5: 0, 6: 0, 7: 0, 8: 0, 9: 0}",0,0
rule_fpga_raft,60c1s5r10p,YCSB_B,rw_zipf_0.6,concurrent_120,101,72000,232.3245,338.72709999999995,460.4600699999999,240.47402863888888,7200.0,"{0: 51.648, 1: 21.176, 2: 15.476, 3: 18.072, 4: 19.318}","{0: 653.438, 1: 536.312, 2: 541.25, 3: 536.125, 4: 536.438}","{0: 6977, 1: 7200, 2: 7200, 3: 7200, 4: 7200, 5: 7200, 6: 7200, 7: 7200, 8: 7200, 9: 7200}","{0: 6940, 1: 7169, 2: 7158, 3: 7138, 4: 7154, 5: 7165, 6: 7165, 7: 7165, 8: 7171, 9: 7153}","{0: 6367, 1: 7038, 2: 7157, 3: 7138, 4: 7154, 5: 7165, 6: 7165, 7: 7165, 8: 7171, 9: 7153}",99.44411162350056,98.46190283795644
rule_fpga_raft,60c1s5r10p,YCSB_B,rw_zipf_0.65,concurrent_120,0,72000,454.564,608.4254999999999,750.45104,461.59816175,7200.0,"{0: 48.913, 1: 15.476, 2: 9.639, 3: 13.253, 4: 18.681}","{0: 640.562, 1: 495.688, 2: 492.688, 3: 495.562, 4: 495.375}","{0: 0, 1: 0, 2: 0, 3: 0, 4: 0, 5: 0, 6: 0, 7: 0, 8: 0, 9: 0}","{0: 0, 1: 0, 2: 0, 3: 0, 4: 0, 5: 0, 6: 0, 7: 0, 8: 0, 9: 0}","{0: 0, 1: 0, 2: 0, 3: 0, 4: 0, 5: 0, 6: 0, 7: 0, 8: 0, 9: 0}",0,0
rule_fpga_raft,60c1s5r10p,YCSB_B,rw_zipf_0.65,concurrent_120,101,72000,240.2735,341.4142,478.8541199999999,242.47738041666668,7200.0,"{0: 52.747, 1: 20.93, 2: 14.458, 3: 20.0, 4: 19.54}","{0: 650.125, 1: 534.125, 2: 538.934, 3: 534.0, 4: 533.551}","{0: 6893, 1: 7186, 2: 7200, 3: 7200, 4: 7200, 5: 7200, 6: 7200, 7: 7200, 8: 7200, 9: 7200}","{0: 6833, 1: 7112, 2: 7141, 3: 7131, 4: 7133, 5: 7138, 6: 7138, 7: 7154, 8: 7141, 9: 7142}","{0: 6129, 1: 6975, 2: 7140, 3: 7131, 4: 7133, 5: 7138, 6: 7138, 7: 7154, 8: 7141, 9: 7142}",99.1406130107842,97.96593144435609
rule_fpga_raft,60c1s5r10p,YCSB_B,rw_zipf_0.7,concurrent_120,0,72000,433.0145,578.4604,743.56704,433.2188378611111,7200.0,"{0: 48.889, 1: 20.879, 2: 9.639, 3: 15.294, 4: 13.095}","{0: 636.125, 1: 494.562, 2: 492.312, 3: 493.438, 4: 493.812}","{0: 0, 1: 0, 2: 0, 3: 0, 4: 0, 5: 0, 6: 0, 7: 0, 8: 0, 9: 0}","{0: 0, 1: 0, 2: 0, 3: 0, 4: 0, 5: 0, 6: 0, 7: 0, 8: 0, 9: 0}","{0: 0, 1: 0, 2: 0, 3: 0, 4: 0, 5: 0, 6: 0, 7: 0, 8: 0, 9: 0}",0,0
rule_fpga_raft,60c1s5r10p,YCSB_B,rw_zipf_0.7,concurrent_120,101,72000,230.88549999999998,338.9934,471.15806,240.964415875,7200.0,"{0: 52.809, 1: 22.093, 2: 14.458, 3: 19.767, 4: 26.316}","{0: 644.5, 1: 530.25, 2: 533.938, 3: 529.75, 4: 529.625}","{0: 6828, 1: 7166, 2: 7200, 3: 7200, 4: 7200, 5: 7200, 6: 7200, 7: 7200, 8: 7200, 9: 7200}","{0: 6749, 1: 7074, 2: 7098, 3: 7108, 4: 7108, 5: 7124, 6: 7100, 7: 7112, 8: 7121, 9: 7114}","{0: 5918, 1: 6887, 2: 7097, 3: 7108, 4: 7108, 5: 7124, 6: 7100, 7: 7112, 8: 7121, 9: 7114}",98.76246612844652,97.33916249965081
rule_fpga_raft,60c1s5r10p,YCSB_B,rw_zipf_0.75,concurrent_120,0,72000,443.98350000000005,588.8795,720.71401,446.32663716666667,7200.0,"{0: 47.778, 1: 18.182, 2: 13.793, 3: 13.253, 4: 15.116}","{0: 634.438, 1: 493.688, 2: 491.312, 3: 493.691, 4: 493.336}","{0: 0, 1: 0, 2: 0, 3: 0, 4: 0, 5: 0, 6: 0, 7: 0, 8: 0, 9: 0}","{0: 0, 1: 0, 2: 0, 3: 0, 4: 0, 5: 0, 6: 0, 7: 0, 8: 0, 9: 0}","{0: 0, 1: 0, 2: 0, 3: 0, 4: 0, 5: 0, 6: 0, 7: 0, 8: 0, 9: 0}",0,0
rule_fpga_raft,60c1s5r10p,YCSB_B,rw_zipf_0.75,concurrent_120,101,72000,238.5385,339.7002,545.4342299999994,245.77841815277773,7200.0,"{0: 51.111, 1: 19.767, 2: 20.0, 3: 21.348, 4: 17.857}","{0: 643.938, 1: 528.312, 2: 532.0, 3: 528.188, 4: 528.0}","{0: 6799, 1: 7182, 2: 7200, 3: 7200, 4: 7200, 5: 7200, 6: 7200, 7: 7200, 8: 7200, 9: 7200}","{0: 6637, 1: 7022, 2: 7012, 3: 6989, 4: 6998, 5: 7026, 6: 7042, 7: 7005, 8: 7029, 9: 7021}","{0: 5844, 1: 6745, 2: 7010, 3: 6989, 4: 6998, 5: 7026, 6: 7042, 7: 7005, 8: 7029, 9: 7021}",97.48536622846845,95.98776211564521
rule_fpga_raft,60c1s5r10p,YCSB_B,rw_zipf_0.8,concurrent_120,0,72000,437.81050000000005,580.4915,709.83805,439.5507786388889,7200.0,"{0: 50.538, 1: 15.294, 2: 10.714, 3: 22.581, 4: 12.195}","{0: 633.875, 1: 492.562, 2: 490.125, 3: 492.562, 4: 491.5}","{0: 0, 1: 0, 2: 0, 3: 0, 4: 0, 5: 0, 6: 0, 7: 0, 8: 0, 9: 0}","{0: 0, 1: 0, 2: 0, 3: 0, 4: 0, 5: 0, 6: 0, 7: 0, 8: 0, 9: 0}","{0: 0, 1: 0, 2: 0, 3: 0, 4: 0, 5: 0, 6: 0, 7: 0, 8: 0, 9: 0}",0,0
rule_fpga_raft,60c1s5r10p,YCSB_B,rw_zipf_0.8,concurrent_120,101,72000,239.24,339.934,584.2756899999981,247.90954804166665,7200.0,"{0: 53.261, 1: 20.0, 2: 18.182, 3: 18.824, 4: 20.455}","{0: 656.0, 1: 525.312, 2: 530.188, 3: 523.062, 4: 525.062}","{0: 6915, 1: 7119, 2: 7200, 3: 7200, 4: 7200, 5: 7200, 6: 7200, 7: 7200, 8: 7200, 9: 7200}","{0: 6600, 1: 6822, 2: 6913, 3: 6898, 4: 6839, 5: 6923, 6: 6908, 7: 6898, 8: 6897, 9: 6904}","{0: 5738, 1: 6500, 2: 6911, 3: 6898, 4: 6839, 5: 6923, 6: 6908, 7: 6898, 8: 6897, 9: 6904}",95.76737303515091,94.11173465114331
rule_fpga_raft,60c1s5r10p,YCSB_B,rw_zipf_0.85,concurrent_120,0,72000,438.30899999999997,578.7214,716.97103,439.2109986805556,7200.0,"{0: 48.889, 1: 22.581, 2: 9.639, 3: 17.978, 4: 24.242}","{0: 622.938, 1: 489.75, 2: 487.875, 3: 489.75, 4: 489.438}","{0: 0, 1: 0, 2: 0, 3: 0, 4: 0, 5: 0, 6: 0, 7: 0, 8: 0, 9: 0}","{0: 0, 1: 0, 2: 0, 3: 0, 4: 0, 5: 0, 6: 0, 7: 0, 8: 0, 9: 0}","{0: 0, 1: 0, 2: 0, 3: 0, 4: 0, 5: 0, 6: 0, 7: 0, 8: 0, 9: 0}",0,0
rule_fpga_raft,60c1s5r10p,YCSB_B,rw_zipf_0.85,concurrent_120,101,72000,252.9665,346.5863,610.5301,255.63464755555557,7200.0,"{0: 51.087, 1: 22.222, 2: 14.458, 3: 20.455, 4: 21.591}","{0: 631.75, 1: 521.75, 2: 526.25, 3: 521.25, 4: 521.125}","{0: 6678, 1: 6923, 2: 7200, 3: 7200, 4: 7200, 5: 7199, 6: 7200, 7: 7200, 8: 7200, 9: 7200}","{0: 6154, 1: 6401, 2: 6666, 3: 6682, 4: 6656, 5: 6705, 6: 6747, 7: 6718, 8: 6765, 9: 6758}","{0: 5525, 1: 6082, 2: 6665, 3: 6682, 4: 6656, 5: 6705, 6: 6747, 7: 6718, 8: 6765, 9: 6758}",93.0505617977528,91.71769662921348
rule_fpga_raft,60c1s5r10p,YCSB_B,rw_zipf_0.9,concurrent_120,0,72000,448.185,587.1891999999999,712.79105,446.48194925,7200.0,"{0: 47.826, 1: 15.294, 2: 29.907, 3: 13.253, 4: 13.253}","{0: 621.812, 1: 488.562, 2: 487.188, 3: 488.375, 4: 488.312}","{0: 0, 1: 0, 2: 0, 3: 0, 4: 0, 5: 0, 6: 0, 7: 0, 8: 0, 9: 0}","{0: 0, 1: 0, 2: 0, 3: 0, 4: 0, 5: 0, 6: 0, 7: 0, 8: 0, 9: 0}","{0: 0, 1: 0, 2: 0, 3: 0, 4: 0, 5: 0, 6: 0, 7: 0, 8: 0, 9: 0}",0,0
rule_fpga_raft,60c1s5r10p,YCSB_B,rw_zipf_0.9,concurrent_120,101,72000,256.9395,445.0283,666.1522299999999,270.9566893611111,7200.0,"{0: 51.685, 1: 20.69, 2: 22.105, 3: 18.824, 4: 16.667}","{0: 634.875, 1: 517.562, 2: 520.625, 3: 516.312, 4: 517.5}","{0: 6705, 1: 7131, 2: 7196, 3: 7199, 4: 7196, 5: 7199, 6: 7198, 7: 7200, 8: 7200, 9: 7200}","{0: 5930, 1: 6280, 2: 6394, 3: 6363, 4: 6374, 5: 6335, 6: 6286, 7: 6403, 8: 6368, 9: 6391}","{0: 5289, 1: 6090, 2: 6392, 3: 6363, 4: 6374, 5: 6335, 6: 6286, 7: 6403, 8: 6368, 9: 6391}",88.37925627240143,87.21298163082437
rule_fpga_raft,60c1s5r10p,YCSB_B,rw_zipf_0.95,concurrent_120,0,72000,441.2605,593.2864,750.78206,452.1821678888889,7200.0,"{0: 48.352, 1: 14.286, 2: 10.588, 3: 11.905, 4: 10.976}","{0: 615.5, 1: 487.125, 2: 485.867, 3: 486.551, 4: 486.688}","{0: 0, 1: 0, 2: 0, 3: 0, 4: 0, 5: 0, 6: 0, 7: 0, 8: 0, 9: 0}","{0: 0, 1: 0, 2: 0, 3: 0, 4: 0, 5: 0, 6: 0, 7: 0, 8: 0, 9: 0}","{0: 0, 1: 0, 2: 0, 3: 0, 4: 0, 5: 0, 6: 0, 7: 0, 8: 0, 9: 0}",0,0
rule_fpga_raft,60c1s5r10p,YCSB_B,rw_zipf_0.95,concurrent_120,101,72000,260.3795,466.566,638.0691499999994,279.4020802083333,7200.0,"{0: 51.111, 1: 20.238, 2: 18.182, 3: 17.647, 4: 17.857}","{0: 620.625, 1: 514.0, 2: 517.375, 3: 514.121, 4: 513.996}","{0: 6649, 1: 7030, 2: 7171, 3: 7186, 4: 7177, 5: 7188, 6: 7188, 7: 7186, 8: 7197, 9: 7195}","{0: 5537, 1: 5909, 2: 5982, 3: 6069, 4: 5959, 5: 5991, 6: 5912, 7: 6075, 8: 6021, 9: 5978}","{0: 5087, 1: 5691, 2: 5980, 3: 6069, 4: 5959, 5: 5991, 6: 5912, 7: 6075, 8: 6021, 9: 5978}",83.51202102097882,82.57057343993705
rule_fpga_raft,60c1s5r10p,YCSB_B,rw_zipf_1,concurrent_120,0,72000,446.80150000000003,591.9034,716.45106,447.9595263888889,7200.0,"{0: 48.352, 1: 15.116, 2: 18.28, 3: 13.095, 4: 13.953}","{0: 609.562, 1: 485.668, 2: 484.658, 3: 485.742, 4: 485.562}","{0: 0, 1: 0, 2: 0, 3: 0, 4: 0, 5: 0, 6: 0, 7: 0, 8: 0, 9: 0}","{0: 0, 1: 0, 2: 0, 3: 0, 4: 0, 5: 0, 6: 0, 7: 0, 8: 0, 9: 0}","{0: 0, 1: 0, 2: 0, 3: 0, 4: 0, 5: 0, 6: 0, 7: 0, 8: 0, 9: 0}",0,0
rule_fpga_raft,60c1s5r10p,YCSB_B,rw_zipf_1,concurrent_120,101,72000,285.3125,550.0919999999999,700.096239999992,303.4150406111111,7200.0,"{0: 51.111, 1: 20.69, 2: 23.158, 3: 28.125, 4: 17.442}","{0: 626.938, 1: 510.688, 2: 513.875, 3: 511.438, 4: 510.75}","{0: 6774, 1: 7048, 2: 7102, 3: 7109, 4: 7136, 5: 7166, 6: 7162, 7: 7148, 8: 7178, 9: 7161}","{0: 5210, 1: 5450, 2: 5359, 3: 5460, 4: 5473, 5: 5484, 6: 5506, 7: 5448, 8: 5508, 9: 5476}","{0: 4707, 1: 5348, 2: 5359, 3: 5460, 4: 5473, 5: 5484, 6: 5506, 7: 5448, 8: 5508, 9: 5476}",76.60036064465231,75.74805589992111
rule_copilot,60c1s5r10p,YCSB_A,rw_1000000,concurrent_1,0,600,469.9365,502.430000000001,559.2002200000001,452.07766000000004,60.0,"{0: 3.03, 1: 3.061, 2: 1.02, 3: 2.041, 4: 2.02}","{0: 434.875, 1: 434.812, 2: 432.5, 3: 432.188, 4: 432.0}","{0: 0, 1: 0, 2: 0, 3: 0, 4: 0, 5: 0, 6: 0, 7: 0, 8: 0, 9: 0}","{0: 0, 1: 0, 2: 0, 3: 0, 4: 0, 5: 0, 6: 0, 7: 0, 8: 0, 9: 0}","{0: 0, 1: 0, 2: 0, 3: 0, 4: 0, 5: 0, 6: 0, 7: 0, 8: 0, 9: 0}",0,0
rule_copilot,60c1s5r10p,YCSB_A,rw_1000000,concurrent_5,0,3000,470.5105,502.40149999999505,559.0566499999999,451.119913,300.0,"{0: 5.051, 1: 5.102, 2: 2.041, 3: 3.03, 4: 3.03}","{0: 460.438, 1: 459.75, 2: 453.188, 3: 450.875, 4: 450.75}","{0: 0, 1: 0, 2: 0, 3: 0, 4: 0, 5: 0, 6: 0, 7: 0, 8: 0, 9: 0}","{0: 0, 1: 0, 2: 0, 3: 0, 4: 0, 5: 0, 6: 0, 7: 0, 8: 0, 9: 0}","{0: 0, 1: 0, 2: 0, 3: 0, 4: 0, 5: 0, 6: 0, 7: 0, 8: 0, 9: 0}",0,0
rule_copilot,60c1s5r10p,YCSB_A,rw_1000000,concurrent_10,0,6000,465.38599999999997,492.80700000001934,553.2660099999999,443.6341371666666,600.0,"{0: 7.143, 1: 7.216, 2: 3.061, 3: 4.0, 4: 4.0}","{0: 490.75, 1: 490.125, 2: 476.75, 3: 472.688, 4: 472.0}","{0: 0, 1: 0, 2: 0, 3: 0, 4: 0, 5: 0, 6: 0, 7: 0, 8: 0, 9: 0}","{0: 0, 1: 0, 2: 0, 3: 0, 4: 0, 5: 0, 6: 0, 7: 0, 8: 0, 9: 0}","{0: 0, 1: 0, 2: 0, 3: 0, 4: 0, 5: 0, 6: 0, 7: 0, 8: 0, 9: 0}",0,0
rule_copilot,60c1s5r10p,YCSB_A,rw_1000000,concurrent_20,0,12000,466.783,495.35610000001526,550.09902,446.6009764166667,1200.0,"{0: 12.371, 1: 14.286, 2: 5.102, 3: 6.061, 4: 5.051}","{0: 514.125, 1: 515.875, 2: 489.875, 3: 489.562, 4: 489.688}","{0: 0, 1: 0, 2: 0, 3: 0, 4: 0, 5: 0, 6: 0, 7: 0, 8: 0, 9: 0}","{0: 0, 1: 0, 2: 0, 3: 0, 4: 0, 5: 0, 6: 0, 7: 0, 8: 0, 9: 0}","{0: 0, 1: 0, 2: 0, 3: 0, 4: 0, 5: 0, 6: 0, 7: 0, 8: 0, 9: 0}",0,0
rule_copilot,60c1s5r10p,YCSB_A,rw_1000000,concurrent_30,0,18000,471.143,498.16740000001863,553.29602,450.22686355555555,1800.0,"{0: 20.202, 1: 22.222, 2: 7.071, 3: 6.122, 4: 7.143}","{0: 526.25, 1: 527.875, 2: 493.75, 3: 493.312, 4: 493.5}","{0: 0, 1: 0, 2: 0, 3: 0, 4: 0, 5: 0, 6: 0, 7: 0, 8: 0, 9: 0}","{0: 0, 1: 0, 2: 0, 3: 0, 4: 0, 5: 0, 6: 0, 7: 0, 8: 0, 9: 0}","{0: 0, 1: 0, 2: 0, 3: 0, 4: 0, 5: 0, 6: 0, 7: 0, 8: 0, 9: 0}",0,0
rule_copilot,60c1s5r10p,YCSB_A,rw_1000000,concurrent_40,0,24000,473.632,503.57080000007363,557.88501,452.86527829166664,2400.0,"{0: 26.531, 1: 30.612, 2: 8.163, 3: 9.091, 4: 9.184}","{0: 539.5, 1: 540.5, 2: 499.312, 3: 498.438, 4: 498.812}","{0: 0, 1: 0, 2: 0, 3: 0, 4: 0, 5: 0, 6: 0, 7: 0, 8: 0, 9: 0}","{0: 0, 1: 0, 2: 0, 3: 0, 4: 0, 5: 0, 6: 0, 7: 0, 8: 0, 9: 0}","{0: 0, 1: 0, 2: 0, 3: 0, 4: 0, 5: 0, 6: 0, 7: 0, 8: 0, 9: 0}",0,0
rule_copilot,60c1s5r10p,YCSB_A,rw_1000000,concurrent_50,0,30000,481.5545,537.8154000000146,573.5274699999998,464.26667576666665,3000.0,"{0: 32.653, 1: 37.374, 2: 11.0, 3: 10.101, 4: 9.091}","{0: 553.062, 1: 555.562, 2: 502.688, 3: 510.812, 4: 510.875}","{0: 0, 1: 0, 2: 0, 3: 0, 4: 0, 5: 0, 6: 0, 7: 0, 8: 0, 9: 0}","{0: 0, 1: 0, 2: 0, 3: 0, 4: 0, 5: 0, 6: 0, 7: 0, 8: 0, 9: 0}","{0: 0, 1: 0, 2: 0, 3: 0, 4: 0, 5: 0, 6: 0, 7: 0, 8: 0, 9: 0}",0,0
rule_copilot,60c1s5r10p,YCSB_A,rw_1000000,concurrent_60,0,36000,559.9155000000001,645.0312,720.88608,552.5772278333333,3600.0,"{0: 42.0, 1: 50.0, 2: 22.222, 3: 11.111, 4: 11.224}","{0: 574.312, 1: 579.5, 2: 507.375, 3: 510.938, 4: 506.875}","{0: 0, 1: 0, 2: 0, 3: 0, 4: 0, 5: 0, 6: 0, 7: 0, 8: 0, 9: 0}","{0: 0, 1: 0, 2: 0, 3: 0, 4: 0, 5: 0, 6: 0, 7: 0, 8: 0, 9: 0}","{0: 0, 1: 0, 2: 0, 3: 0, 4: 0, 5: 0, 6: 0, 7: 0, 8: 0, 9: 0}",0,0
rule_copilot,60c1s5r10p,YCSB_A,rw_1000000,concurrent_70,0,42000,649.2004999999999,750.86,853.29005,643.1606854047619,4200.0,"{0: 56.122, 1: 61.0, 2: 34.0, 3: 14.141, 4: 12.245}","{0: 663.25, 1: 659.375, 2: 519.562, 3: 512.625, 4: 514.117}","{0: 0, 1: 0, 2: 0, 3: 0, 4: 0, 5: 0, 6: 0, 7: 0, 8: 0, 9: 0}","{0: 0, 1: 0, 2: 0, 3: 0, 4: 0, 5: 0, 6: 0, 7: 0, 8: 0, 9: 0}","{0: 0, 1: 0, 2: 0, 3: 0, 4: 0, 5: 0, 6: 0, 7: 0, 8: 0, 9: 0}",0,0
rule_copilot,60c1s5r10p,YCSB_A,rw_1000000,concurrent_1,101,600,164.26749999999998,197.0965000000008,238.97711,167.54730833333332,60.0,"{0: 3.03, 1: 4.04, 2: 2.02, 3: 2.041, 4: 2.041}","{0: 435.375, 1: 435.062, 2: 434.0, 3: 433.5, 4: 433.125}","{0: 60, 1: 60, 2: 60, 3: 60, 4: 60, 5: 60, 6: 60, 7: 60, 8: 60, 9: 60}","{0: 60, 1: 60, 2: 60, 3: 60, 4: 60, 5: 60, 6: 60, 7: 60, 8: 60, 9: 60}","{0: 60, 1: 60, 2: 60, 3: 60, 4: 60, 5: 60, 6: 60, 7: 60, 8: 60, 9: 60}",100.0,100.0
rule_copilot,60c1s5r10p,YCSB_A,rw_1000000,concurrent_5,101,3000,163.9745,196.7653999999969,237.40602,167.368013,300.0,"{0: 4.124, 1: 5.102, 2: 3.03, 3: 4.0, 4: 3.03}","{0: 460.562, 1: 460.188, 2: 455.188, 3: 452.188, 4: 452.125}","{0: 300, 1: 300, 2: 300, 3: 300, 4: 300, 5: 300, 6: 300, 7: 300, 8: 300, 9: 300}","{0: 300, 1: 300, 2: 300, 3: 300, 4: 300, 5: 300, 6: 300, 7: 300, 8: 300, 9: 300}","{0: 300, 1: 300, 2: 300, 3: 300, 4: 300, 5: 300, 6: 300, 7: 300, 8: 300, 9: 300}",100.0,100.0
rule_copilot,60c1s5r10p,YCSB_A,rw_1000000,concurrent_10,101,6000,167.67399999999998,227.1531,239.44503,167.8675285,600.0,"{0: 8.081, 1: 9.091, 2: 4.082, 3: 4.04, 4: 3.093}","{0: 491.625, 1: 491.188, 2: 481.188, 3: 476.062, 4: 477.625}","{0: 600, 1: 600, 2: 600, 3: 600, 4: 600, 5: 600, 6: 600, 7: 600, 8: 600, 9: 600}","{0: 600, 1: 600, 2: 600, 3: 600, 4: 599, 5: 600, 6: 600, 7: 600, 8: 599, 9: 598}","{0: 600, 1: 600, 2: 600, 3: 600, 4: 599, 5: 600, 6: 600, 7: 600, 8: 599, 9: 598}",99.93333333333334,99.93333333333334
rule_copilot,60c1s5r10p,YCSB_A,rw_1000000,concurrent_20,101,12000,167.9135,229.058,248.20301,168.65665391666664,1200.0,"{0: 14.286, 1: 15.306, 2: 6.061, 3: 6.122, 4: 6.061}","{0: 516.688, 1: 518.0, 2: 498.312, 3: 496.438, 4: 497.375}","{0: 1200, 1: 1200, 2: 1200, 3: 1200, 4: 1200, 5: 1200, 6: 1200, 7: 1200, 8: 1200, 9: 1200}","{0: 1197, 1: 1193, 2: 1198, 3: 1197, 4: 1200, 5: 1199, 6: 1198, 7: 1199, 8: 1200, 9: 1200}","{0: 1197, 1: 1193, 2: 1198, 3: 1197, 4: 1200, 5: 1199, 6: 1198, 7: 1199, 8: 1200, 9: 1200}",99.84166666666667,99.84166666666667
rule_copilot,60c1s5r10p,YCSB_A,rw_1000000,concurrent_30,101,18000,167.3275,227.5141,229.87104,168.14452516666665,1800.0,"{0: 22.0, 1: 22.449, 2: 8.081, 3: 8.163, 4: 8.163}","{0: 528.25, 1: 529.312, 2: 507.5, 3: 505.812, 4: 506.188}","{0: 1800, 1: 1800, 2: 1800, 3: 1800, 4: 1800, 5: 1800, 6: 1800, 7: 1800, 8: 1800, 9: 1800}","{0: 1798, 1: 1799, 2: 1799, 3: 1797, 4: 1798, 5: 1798, 6: 1798, 7: 1794, 8: 1799, 9: 1799}","{0: 1798, 1: 1799, 2: 1799, 3: 1797, 4: 1798, 5: 1798, 6: 1798, 7: 1794, 8: 1799, 9: 1799}",99.88333333333334,99.88333333333334
rule_copilot,60c1s5r10p,YCSB_A,rw_1000000,concurrent_40,101,24000,168.0915,227.8501,238.849,169.07688270833336,2400.0,"{0: 26.804, 1: 31.633, 2: 9.0, 3: 11.0, 4: 10.204}","{0: 541.812, 1: 542.625, 2: 516.25, 3: 514.0, 4: 514.5}","{0: 2400, 1: 2400, 2: 2400, 3: 2400, 4: 2400, 5: 2400, 6: 2400, 7: 2400, 8: 2400, 9: 2400}","{0: 2393, 1: 2397, 2: 2394, 3: 2396, 4: 2395, 5: 2396, 6: 2398, 7: 2393, 8: 2398, 9: 2398}","{0: 2393, 1: 2397, 2: 2394, 3: 2396, 4: 2395, 5: 2396, 6: 2398, 7: 2393, 8: 2398, 9: 2398}",99.825,99.825
rule_copilot,60c1s5r10p,YCSB_A,rw_1000000,concurrent_50,101,30000,168.708,229.705,347.4286099999991,176.70749186666666,3000.0,"{0: 36.364, 1: 40.206, 2: 11.224, 3: 12.245, 4: 12.0}","{0: 555.125, 1: 557.312, 2: 520.875, 3: 518.875, 4: 519.625}","{0: 3000, 1: 3000, 2: 3000, 3: 3000, 4: 3000, 5: 3000, 6: 3000, 7: 3000, 8: 3000, 9: 3000}","{0: 2996, 1: 2989, 2: 2995, 3: 2993, 4: 2989, 5: 2992, 6: 2992, 7: 2996, 8: 2996, 9: 2994}","{0: 2996, 1: 2989, 2: 2995, 3: 2993, 4: 2989, 5: 2992, 6: 2992, 7: 2996, 8: 2996, 9: 2994}",99.77333333333333,99.77333333333333
rule_copilot,60c1s5r10p,YCSB_A,rw_1000000,concurrent_60,101,36000,172.77249999999998,316.2333,459.05804,201.5646150277778,3600.0,"{0: 44.444, 1: 49.495, 2: 37.374, 3: 13.265, 4: 13.131}","{0: 590.062, 1: 586.625, 2: 537.75, 3: 528.625, 4: 527.312}","{0: 3600, 1: 3600, 2: 3600, 3: 3600, 4: 3600, 5: 3600, 6: 3600, 7: 3600, 8: 3600, 9: 3600}","{0: 3593, 1: 3589, 2: 3587, 3: 3589, 4: 3592, 5: 3587, 6: 3589, 7: 3593, 8: 3595, 9: 3591}","{0: 3593, 1: 3589, 2: 3587, 3: 3589, 4: 3592, 5: 3587, 6: 3589, 7: 3593, 8: 3595, 9: 3591}",99.73611111111111,99.73611111111111
rule_copilot,60c1s5r10p,YCSB_A,rw_1000000,concurrent_70,101,42000,177.765,339.8361,481.21616000000006,219.41523659523807,4200.0,"{0: 52.525, 1: 59.0, 2: 100.0, 3: 15.464, 4: 17.172}","{0: 669.562, 1: 658.562, 2: 572.062, 3: 536.125, 4: 537.062}","{0: 4200, 1: 4198, 2: 4199, 3: 4200, 4: 4200, 5: 4200, 6: 4199, 7: 4200, 8: 4200, 9: 4200}","{0: 4183, 1: 4185, 2: 4187, 3: 4182, 4: 4186, 5: 4189, 6: 4176, 7: 4189, 8: 4193, 9: 4190}","{0: 4180, 1: 4182, 2: 4183, 3: 4182, 4: 4183, 5: 4189, 6: 4175, 7: 4188, 8: 4193, 9: 4190}",99.67615963425088,99.64044194685208
rule_copilot,60c1s5r10p,YCSB_A,rw_zipf_1,concurrent_1,0,600,471.985,494.18840000000046,553.79105,447.5938116666667,60.0,"{0: 3.03, 1: 3.061, 2: 2.02, 3: 2.02, 4: 2.02}","{0: 450.25, 1: 449.875, 2: 448.125, 3: 447.25, 4: 447.312}","{0: 0, 1: 0, 2: 0, 3: 0, 4: 0, 5: 0, 6: 0, 7: 0, 8: 0, 9: 0}","{0: 0, 1: 0, 2: 0, 3: 0, 4: 0, 5: 0, 6: 0, 7: 0, 8: 0, 9: 0}","{0: 0, 1: 0, 2: 0, 3: 0, 4: 0, 5: 0, 6: 0, 7: 0, 8: 0, 9: 0}",0,0
rule_copilot,60c1s5r10p,YCSB_A,rw_zipf_1,concurrent_5,0,3000,468.91650000000004,497.661799999995,552.60941,448.21424,300.0,"{0: 5.051, 1: 5.102, 2: 2.062, 3: 2.041, 4: 2.041}","{0: 474.438, 1: 473.875, 2: 466.688, 3: 464.688, 4: 465.75}","{0: 0, 1: 0, 2: 0, 3: 0, 4: 0, 5: 0, 6: 0, 7: 0, 8: 0, 9: 0}","{0: 0, 1: 0, 2: 0, 3: 0, 4: 0, 5: 0, 6: 0, 7: 0, 8: 0, 9: 0}","{0: 0, 1: 0, 2: 0, 3: 0, 4: 0, 5: 0, 6: 0, 7: 0, 8: 0, 9: 0}",0,0
rule_copilot,60c1s5r10p,YCSB_A,rw_zipf_1,concurrent_10,0,6000,461.0815,488.9027000000061,549.91103,440.7020641666666,600.0,"{0: 7.143, 1: 8.081, 2: 3.061, 3: 4.04, 4: 4.04}","{0: 505.562, 1: 505.25, 2: 492.688, 3: 486.938, 4: 488.938}","{0: 0, 1: 0, 2: 0, 3: 0, 4: 0, 5: 0, 6: 0, 7: 0, 8: 0, 9: 0}","{0: 0, 1: 0, 2: 0, 3: 0, 4: 0, 5: 0, 6: 0, 7: 0, 8: 0, 9: 0}","{0: 0, 1: 0, 2: 0, 3: 0, 4: 0, 5: 0, 6: 0, 7: 0, 8: 0, 9: 0}",0,0
rule_copilot,60c1s5r10p,YCSB_A,rw_zipf_1,concurrent_20,0,12000,464.35450000000003,496.4439000000184,555.4640400000001,446.1216464166666,1200.0,"{0: 12.371, 1: 14.433, 2: 5.102, 3: 5.155, 4: 5.051}","{0: 524.562, 1: 526.562, 2: 503.875, 3: 503.562, 4: 503.625}","{0: 0, 1: 0, 2: 0, 3: 0, 4: 0, 5: 0, 6: 0, 7: 0, 8: 0, 9: 0}","{0: 0, 1: 0, 2: 0, 3: 0, 4: 0, 5: 0, 6: 0, 7: 0, 8: 0, 9: 0}","{0: 0, 1: 0, 2: 0, 3: 0, 4: 0, 5: 0, 6: 0, 7: 0, 8: 0, 9: 0}",0,0
rule_copilot,60c1s5r10p,YCSB_A,rw_zipf_1,concurrent_30,0,18000,469.731,496.02140000001873,551.87005,449.106848,1800.0,"{0: 21.0, 1: 22.449, 2: 6.061, 3: 6.122, 4: 6.122}","{0: 534.375, 1: 536.312, 2: 505.875, 3: 506.188, 4: 505.875}","{0: 0, 1: 0, 2: 0, 3: 0, 4: 0, 5: 0, 6: 0, 7: 0, 8: 0, 9: 0}","{0: 0, 1: 0, 2: 0, 3: 0, 4: 0, 5: 0, 6: 0, 7: 0, 8: 0, 9: 0}","{0: 0, 1: 0, 2: 0, 3: 0, 4: 0, 5: 0, 6: 0, 7: 0, 8: 0, 9: 0}",0,0
rule_copilot,60c1s5r10p,YCSB_A,rw_zipf_1,concurrent_40,0,24000,479.814,515.4491000000894,568.65005,459.5497270416667,2400.0,"{0: 26.804, 1: 29.592, 2: 7.071, 3: 8.163, 4: 8.163}","{0: 544.375, 1: 545.875, 2: 509.312, 3: 509.438, 4: 509.5}","{0: 0, 1: 0, 2: 0, 3: 0, 4: 0, 5: 0, 6: 0, 7: 0, 8: 0, 9: 0}","{0: 0, 1: 0, 2: 0, 3: 0, 4: 0, 5: 0, 6: 0, 7: 0, 8: 0, 9: 0}","{0: 0, 1: 0, 2: 0, 3: 0, 4: 0, 5: 0, 6: 0, 7: 0, 8: 0, 9: 0}",0,0
rule_copilot,60c1s5r10p,YCSB_A,rw_zipf_1,concurrent_50,0,30000,477.6145,540.5436,571.40313,461.1740179666666,3000.0,"{0: 33.673, 1: 37.755, 2: 8.081, 3: 9.091, 4: 9.091}","{0: 552.875, 1: 556.047, 2: 513.0, 3: 513.938, 4: 514.062}","{0: 0, 1: 0, 2: 0, 3: 0, 4: 0, 5: 0, 6: 0, 7: 0, 8: 0, 9: 0}","{0: 0, 1: 0, 2: 0, 3: 0, 4: 0, 5: 0, 6: 0, 7: 0, 8: 0, 9: 0}","{0: 0, 1: 0, 2: 0, 3: 0, 4: 0, 5: 0, 6: 0, 7: 0, 8: 0, 9: 0}",0,0
rule_copilot,60c1s5r10p,YCSB_A,rw_zipf_1,concurrent_60,0,36000,572.082,649.4948,720.35508,562.7506219722222,3600.0,"{0: 41.584, 1: 47.475, 2: 87.0, 3: 10.101, 4: 10.0}","{0: 603.562, 1: 597.188, 2: 539.438, 3: 519.0, 4: 516.875}","{0: 0, 1: 0, 2: 0, 3: 0, 4: 0, 5: 0, 6: 0, 7: 0, 8: 0, 9: 0}","{0: 0, 1: 0, 2: 0, 3: 0, 4: 0, 5: 0, 6: 0, 7: 0, 8: 0, 9: 0}","{0: 0, 1: 0, 2: 0, 3: 0, 4: 0, 5: 0, 6: 0, 7: 0, 8: 0, 9: 0}",0,0
rule_copilot,60c1s5r10p,YCSB_A,rw_zipf_1,concurrent_70,0,42000,592.8299999999999,683.9123000000001,774.9880300000001,586.8037158333334,4200.0,"{0: 49.0, 1: 54.545, 2: 18.367, 3: 12.121, 4: 12.121}","{0: 637.812, 1: 635.625, 2: 517.562, 3: 519.438, 4: 519.062}","{0: 0, 1: 0, 2: 0, 3: 0, 4: 0, 5: 0, 6: 0, 7: 0, 8: 0, 9: 0}","{0: 0, 1: 0, 2: 0, 3: 0, 4: 0, 5: 0, 6: 0, 7: 0, 8: 0, 9: 0}","{0: 0, 1: 0, 2: 0, 3: 0, 4: 0, 5: 0, 6: 0, 7: 0, 8: 0, 9: 0}",0,0
rule_copilot,60c1s5r10p,YCSB_A,rw_zipf_1,concurrent_1,101,600,168.652,267.2762000000006,486.79806,195.79913333333334,60.0,"{0: 3.061, 1: 3.061, 2: 2.02, 3: 2.02, 4: 2.041}","{0: 450.75, 1: 450.0, 2: 449.0, 3: 448.375, 4: 448.688}","{0: 60, 1: 60, 2: 60, 3: 60, 4: 60, 5: 60, 6: 60, 7: 60, 8: 60, 9: 60}","{0: 53, 1: 55, 2: 55, 3: 54, 4: 52, 5: 57, 6: 52, 7: 56, 8: 53, 9: 51}","{0: 53, 1: 55, 2: 55, 3: 54, 4: 52, 5: 57, 6: 52, 7: 56, 8: 53, 9: 51}",89.66666666666667,89.66666666666667
rule_copilot,60c1s5r10p,YCSB_A,rw_zipf_1,concurrent_5,101,3000,171.4975,471.35769999999997,546.83608,232.80949500000003,300.0,"{0: 5.102, 1: 5.102, 2: 2.062, 3: 3.03, 4: 3.03}","{0: 474.812, 1: 474.438, 2: 469.25, 3: 466.812, 4: 467.5}","{0: 297, 1: 298, 2: 293, 3: 296, 4: 292, 5: 299, 6: 297, 7: 296, 8: 298, 9: 300}","{0: 233, 1: 219, 2: 225, 3: 235, 4: 223, 5: 242, 6: 233, 7: 230, 8: 222, 9: 235}","{0: 233, 1: 219, 2: 225, 3: 235, 4: 223, 5: 242, 6: 233, 7: 230, 8: 222, 9: 235}",77.44436952124073,77.44436952124073
rule_copilot,60c1s5r10p,YCSB_A,rw_zipf_1,concurrent_10,101,6000,171.7665,467.8043,542.8441700000001,249.42077299999997,600.0,"{0: 8.081, 1: 7.143, 2: 4.04, 3: 4.04, 4: 4.04}","{0: 503.938, 1: 502.812, 2: 493.25, 3: 487.5, 4: 489.25}","{0: 580, 1: 588, 2: 586, 3: 585, 4: 586, 5: 597, 6: 586, 7: 594, 8: 594, 9: 597}","{0: 396, 1: 412, 2: 420, 3: 420, 4: 419, 5: 435, 6: 394, 7: 411, 8: 433, 9: 449}","{0: 396, 1: 412, 2: 420, 3: 420, 4: 419, 5: 435, 6: 394, 7: 411, 8: 433, 9: 449}",71.08433734939759,71.08433734939759
rule_copilot,60c1s5r10p,YCSB_A,rw_zipf_1,concurrent_20,101,12000,174.153,478.6165,548.72827,267.60771258333335,1200.0,"{0: 14.141, 1: 15.464, 2: 6.122, 3: 6.061, 4: 5.102}","{0: 528.0, 1: 529.688, 2: 509.688, 3: 508.812, 4: 508.75}","{0: 1134, 1: 1141, 2: 1158, 3: 1131, 4: 1148, 5: 1167, 6: 1161, 7: 1149, 8: 1178, 9: 1160}","{0: 771, 1: 744, 2: 766, 3: 763, 4: 780, 5: 796, 6: 770, 7: 768, 8: 796, 9: 780}","{0: 771, 1: 744, 2: 766, 3: 763, 4: 780, 5: 796, 6: 770, 7: 768, 8: 796, 9: 780}",67.09464734970071,67.09464734970071
rule_copilot,60c1s5r10p,YCSB_A,rw_zipf_1,concurrent_30,101,18000,189.787,492.8509,554.1730699999999,282.7959361111111,1800.0,"{0: 22.0, 1: 23.469, 2: 7.143, 3: 7.143, 4: 7.216}","{0: 536.812, 1: 538.625, 2: 514.375, 3: 513.375, 4: 513.188}","{0: 1665, 1: 1670, 2: 1683, 3: 1703, 4: 1693, 5: 1737, 6: 1716, 7: 1705, 8: 1728, 9: 1721}","{0: 1054, 1: 1074, 2: 1054, 3: 1065, 4: 1098, 5: 1119, 6: 1090, 7: 1068, 8: 1079, 9: 1094}","{0: 1054, 1: 1074, 2: 1054, 3: 1065, 4: 1098, 5: 1119, 6: 1090, 7: 1068, 8: 1079, 9: 1094}",63.42165560190353,63.42165560190353
rule_copilot,60c1s5r10p,YCSB_A,rw_zipf_1,concurrent_40,101,24000,190.1815,492.8852,564.69641,287.35104120833336,2400.0,"{0: 27.273, 1: 31.633, 2: 8.163, 3: 10.101, 4: 11.0}","{0: 548.812, 1: 549.688, 2: 520.562, 3: 519.375, 4: 519.812}","{0: 2258, 1: 2230, 2: 2239, 3: 2235, 4: 2285, 5: 2249, 6: 2267, 7: 2257, 8: 2280, 9: 2323}","{0: 1381, 1: 1429, 2: 1369, 3: 1406, 4: 1457, 5: 1390, 6: 1398, 7: 1425, 8: 1447, 9: 1474}","{0: 1381, 1: 1429, 2: 1369, 3: 1406, 4: 1457, 5: 1390, 6: 1398, 7: 1425, 8: 1447, 9: 1474}",62.66189276400124,62.66189276400124
rule_copilot,60c1s5r10p,YCSB_A,rw_zipf_1,concurrent_50,101,30000,238.358,515.8224,625.8002299999999,316.82611706666665,3000.0,"{0: 35.354, 1: 40.404, 2: 12.0, 3: 12.121, 4: 11.0}","{0: 560.312, 1: 561.125, 2: 523.375, 3: 523.0, 4: 522.625}","{0: 2662, 1: 2707, 2: 2701, 3: 2674, 4: 2675, 5: 2806, 6: 2748, 7: 2714, 8: 2806, 9: 2774}","{0: 1525, 1: 1576, 2: 1596, 3: 1566, 4: 1579, 5: 1648, 6: 1610, 7: 1573, 8: 1641, 9: 1628}","{0: 1525, 1: 1576, 2: 1596, 3: 1566, 4: 1579, 5: 1648, 6: 1610, 7: 1573, 8: 1641, 9: 1628}",58.466277918362856,58.466277918362856
rule_copilot,60c1s5r10p,YCSB_A,rw_zipf_1,concurrent_60,101,36000,335.65650000000005,661.6516,782.08708,380.2844605,3600.0,"{0: 44.898, 1: 50.0, 2: 27.551, 3: 11.224, 4: 12.121}","{0: 594.688, 1: 592.562, 2: 538.312, 3: 527.938, 4: 527.75}","{0: 3188, 1: 3226, 2: 3244, 3: 3251, 4: 3246, 5: 3329, 6: 3221, 7: 3260, 8: 3298, 9: 3330}","{0: 1792, 1: 1877, 2: 1917, 3: 1904, 4: 1901, 5: 1944, 6: 1883, 7: 1858, 8: 1895, 9: 1922}","{0: 1791, 1: 1877, 2: 1917, 3: 1904, 4: 1901, 5: 1944, 6: 1883, 7: 1858, 8: 1895, 9: 1922}",57.96643451047771,57.96336636701132
rule_copilot,60c1s5r10p,YCSB_A,rw_zipf_1,concurrent_70,101,41994,411.845,696.8464,820.07205,410.5182382483212,4199.4,"{0: 49.495, 1: 54.0, 2: 37.374, 3: 14.141, 4: 14.141}","{0: 639.625, 1: 636.625, 2: 539.75, 3: 532.688, 4: 532.375}","{0: 3677, 1: 3666, 2: 3690, 3: 3737, 4: 3664, 5: 3841, 6: 3708, 7: 3730, 8: 3854, 9: 3826}","{0: 2031, 1: 2046, 2: 2038, 3: 2107, 4: 2048, 5: 2156, 6: 2031, 7: 2008, 8: 2150, 9: 2179}","{0: 2031, 1: 2046, 2: 2038, 3: 2107, 4: 2048, 5: 2156, 6: 2031, 7: 2008, 8: 2150, 9: 2179}",55.60933864627069,55.60933864627069
rule_copilot,60c1s5r10p,YCSB_A,rw_zipf_0,concurrent_70,0,42000,576.672,654.2634,732.34803,564.1346637619047,4200.0,"{0: 46.465, 1: 54.0, 2: 100.0, 3: 13.265, 4: 14.0}","{0: 673.812, 1: 657.875, 2: 546.812, 3: 527.812, 4: 525.938}","{0: 0, 1: 0, 2: 0, 3: 0, 4: 0, 5: 0, 6: 0, 7: 0, 8: 0, 9: 0}","{0: 0, 1: 0, 2: 0, 3: 0, 4: 0, 5: 0, 6: 0, 7: 0, 8: 0, 9: 0}","{0: 0, 1: 0, 2: 0, 3: 0, 4: 0, 5: 0, 6: 0, 7: 0, 8: 0, 9: 0}",0,0
rule_copilot,60c1s5r10p,YCSB_A,rw_zipf_0,concurrent_70,101,42000,182.1745,331.9145,466.74115,215.27136085714284,4200.0,"{0: 54.082, 1: 56.436, 2: 23.469, 3: 15.306, 4: 16.162}","{0: 662.125, 1: 663.875, 2: 555.0, 3: 550.25, 4: 551.688}","{0: 4200, 1: 4200, 2: 4200, 3: 4200, 4: 4200, 5: 4200, 6: 4200, 7: 4200, 8: 4200, 9: 4200}","{0: 4187, 1: 4181, 2: 4181, 3: 4190, 4: 4180, 5: 4186, 6: 4180, 7: 4186, 8: 4183, 9: 4180}","{0: 4187, 1: 4181, 2: 4181, 3: 4190, 4: 4180, 5: 4186, 6: 4180, 7: 4186, 8: 4183, 9: 4180}",99.6047619047619,99.6047619047619
rule_copilot,60c1s5r10p,YCSB_A,rw_zipf_0.1,concurrent_70,0,42000,586.31,683.2805999999999,810.14402,585.4648381428572,4200.0,"{0: 48.485, 1: 56.0, 2: 36.364, 3: 14.141, 4: 13.265}","{0: 664.562, 1: 662.0, 2: 536.5, 3: 525.812, 4: 526.5}","{0: 0, 1: 0, 2: 0, 3: 0, 4: 0, 5: 0, 6: 0, 7: 0, 8: 0, 9: 0}","{0: 0, 1: 0, 2: 0, 3: 0, 4: 0, 5: 0, 6: 0, 7: 0, 8: 0, 9: 0}","{0: 0, 1: 0, 2: 0, 3: 0, 4: 0, 5: 0, 6: 0, 7: 0, 8: 0, 9: 0}",0,0
rule_copilot,60c1s5r10p,YCSB_A,rw_zipf_0.1,concurrent_70,101,42000,180.1055,336.0392,472.73914,214.41862966666667,4200.0,"{0: 51.515, 1: 55.208, 2: 50.505, 3: 16.162, 4: 16.0}","{0: 664.188, 1: 660.562, 2: 565.688, 3: 550.312, 4: 552.125}","{0: 4200, 1: 4200, 2: 4200, 3: 4200, 4: 4200, 5: 4200, 6: 4200, 7: 4200, 8: 4200, 9: 4200}","{0: 4190, 1: 4190, 2: 4181, 3: 4183, 4: 4191, 5: 4188, 6: 4185, 7: 4185, 8: 4190, 9: 4190}","{0: 4190, 1: 4190, 2: 4181, 3: 4183, 4: 4191, 5: 4188, 6: 4185, 7: 4185, 8: 4190, 9: 4190}",99.69761904761904,99.69761904761904
rule_copilot,60c1s5r10p,YCSB_A,rw_zipf_0.2,concurrent_70,0,42000,572.5335,646.5416,722.3874000000001,560.921238047619,4200.0,"{0: 48.0, 1: 51.515, 2: 100.0, 3: 14.0, 4: 13.0}","{0: 674.062, 1: 668.375, 2: 551.0, 3: 525.625, 4: 526.188}","{0: 0, 1: 0, 2: 0, 3: 0, 4: 0, 5: 0, 6: 0, 7: 0, 8: 0, 9: 0}","{0: 0, 1: 0, 2: 0, 3: 0, 4: 0, 5: 0, 6: 0, 7: 0, 8: 0, 9: 0}","{0: 0, 1: 0, 2: 0, 3: 0, 4: 0, 5: 0, 6: 0, 7: 0, 8: 0, 9: 0}",0,0
rule_copilot,60c1s5r10p,YCSB_A,rw_zipf_0.2,concurrent_70,101,42000,184.413,336.74109999999996,477.72909,217.40799930952377,4200.0,"{0: 52.525, 1: 59.184, 2: 36.364, 3: 16.0, 4: 17.0}","{0: 673.438, 1: 667.562, 2: 558.188, 3: 553.062, 4: 553.875}","{0: 4200, 1: 4200, 2: 4200, 3: 4200, 4: 4200, 5: 4200, 6: 4200, 7: 4200, 8: 4200, 9: 4200}","{0: 4182, 1: 4185, 2: 4189, 3: 4186, 4: 4182, 5: 4190, 6: 4180, 7: 4187, 8: 4186, 9: 4192}","{0: 4182, 1: 4185, 2: 4189, 3: 4186, 4: 4182, 5: 4190, 6: 4180, 7: 4187, 8: 4186, 9: 4192}",99.66428571428571,99.66428571428571
rule_copilot,60c1s5r10p,YCSB_A,rw_zipf_0.3,concurrent_70,0,42000,570.989,650.9992,730.71105,562.4839938095239,4200.0,"{0: 48.0, 1: 52.0, 2: 34.694, 3: 13.131, 4: 14.0}","{0: 651.625, 1: 643.25, 2: 533.496, 3: 526.25, 4: 525.188}","{0: 0, 1: 0, 2: 0, 3: 0, 4: 0, 5: 0, 6: 0, 7: 0, 8: 0, 9: 0}","{0: 0, 1: 0, 2: 0, 3: 0, 4: 0, 5: 0, 6: 0, 7: 0, 8: 0, 9: 0}","{0: 0, 1: 0, 2: 0, 3: 0, 4: 0, 5: 0, 6: 0, 7: 0, 8: 0, 9: 0}",0,0
rule_copilot,60c1s5r10p,YCSB_A,rw_zipf_0.3,concurrent_70,101,42000,183.2975,339.24629999999996,479.89208,221.78843757142857,4200.0,"{0: 53.0, 1: 59.596, 2: 16.162, 3: 16.162, 4: 16.162}","{0: 662.438, 1: 674.312, 2: 557.812, 3: 553.125, 4: 554.25}","{0: 4200, 1: 4200, 2: 4200, 3: 4200, 4: 4200, 5: 4200, 6: 4200, 7: 4200, 8: 4200, 9: 4200}","{0: 4186, 1: 4178, 2: 4180, 3: 4180, 4: 4185, 5: 4181, 6: 4183, 7: 4182, 8: 4187, 9: 4185}","{0: 4186, 1: 4178, 2: 4094, 3: 4180, 4: 4185, 5: 4181, 6: 4183, 7: 4182, 8: 4187, 9: 4185}",99.58809523809524,99.38333333333334
rule_copilot,60c1s5r10p,YCSB_A,rw_zipf_0.4,concurrent_70,0,42000,590.91,685.7223,777.49306,588.498311047619,4200.0,"{0: 51.0, 1: 55.102, 2: 47.0, 3: 14.141, 4: 14.141}","{0: 657.562, 1: 649.438, 2: 537.188, 3: 528.062, 4: 525.75}","{0: 0, 1: 0, 2: 0, 3: 0, 4: 0, 5: 0, 6: 0, 7: 0, 8: 0, 9: 0}","{0: 0, 1: 0, 2: 0, 3: 0, 4: 0, 5: 0, 6: 0, 7: 0, 8: 0, 9: 0}","{0: 0, 1: 0, 2: 0, 3: 0, 4: 0, 5: 0, 6: 0, 7: 0, 8: 0, 9: 0}",0,0
rule_copilot,60c1s5r10p,YCSB_A,rw_zipf_0.4,concurrent_70,101,42000,181.95850000000002,336.6935,493.36710000000005,217.35198209523813,4200.0,"{0: 48.485, 1: 53.061, 2: 98.02, 3: 16.162, 4: 16.327}","{0: 672.938, 1: 661.625, 2: 579.625, 3: 549.188, 4: 551.25}","{0: 4200, 1: 4200, 2: 4195, 3: 4200, 4: 4200, 5: 4200, 6: 4200, 7: 4200, 8: 4200, 9: 4200}","{0: 4174, 1: 4176, 2: 4174, 3: 4170, 4: 4172, 5: 4172, 6: 4160, 7: 4168, 8: 4169, 9: 4173}","{0: 4168, 1: 4170, 2: 4174, 3: 4170, 4: 4172, 5: 4172, 6: 4160, 7: 4168, 8: 4169, 9: 4173}",99.31658530777473,99.2880104774378
rule_copilot,60c1s5r10p,YCSB_A,rw_zipf_0.5,concurrent_70,0,42000,609.1205,745.6192,868.43009,617.3404411428571,4200.0,"{0: 51.515, 1: 55.0, 2: 13.131, 3: 14.286, 4: 14.141}","{0: 669.312, 1: 670.438, 2: 525.125, 3: 527.75, 4: 525.75}","{0: 0, 1: 0, 2: 0, 3: 0, 4: 0, 5: 0, 6: 0, 7: 0, 8: 0, 9: 0}","{0: 0, 1: 0, 2: 0, 3: 0, 4: 0, 5: 0, 6: 0, 7: 0, 8: 0, 9: 0}","{0: 0, 1: 0, 2: 0, 3: 0, 4: 0, 5: 0, 6: 0, 7: 0, 8: 0, 9: 0}",0,0
rule_copilot,60c1s5r10p,YCSB_A,rw_zipf_0.5,concurrent_70,101,42000,173.696,337.575,521.0368300000001,219.1058238571429,4200.0,"{0: 54.545, 1: 61.0, 2: 96.04, 3: 15.306, 4: 16.162}","{0: 683.25, 1: 676.438, 2: 582.25, 3: 549.125, 4: 552.062}","{0: 4200, 1: 4200, 2: 4201, 3: 4200, 4: 4200, 5: 4200, 6: 4200, 7: 4200, 8: 4200, 9: 4200}","{0: 4150, 1: 4145, 2: 4151, 3: 4139, 4: 4146, 5: 4160, 6: 4160, 7: 4163, 8: 4157, 9: 4171}","{0: 4149, 1: 4140, 2: 4150, 3: 4139, 4: 4146, 5: 4160, 6: 4160, 7: 4163, 8: 4157, 9: 4171}",98.90716887693151,98.89050260708079
rule_copilot,60c1s5r10p,YCSB_A,rw_zipf_0.55,concurrent_70,0,42000,582.2455,665.2473,761.07403,576.2996714285715,4200.0,"{0: 48.98, 1: 53.535, 2: 36.364, 3: 14.0, 4: 14.0}","{0: 650.312, 1: 661.438, 2: 528.375, 3: 524.625, 4: 524.375}","{0: 0, 1: 0, 2: 0, 3: 0, 4: 0, 5: 0, 6: 0, 7: 0, 8: 0, 9: 0}","{0: 0, 1: 0, 2: 0, 3: 0, 4: 0, 5: 0, 6: 0, 7: 0, 8: 0, 9: 0}","{0: 0, 1: 0, 2: 0, 3: 0, 4: 0, 5: 0, 6: 0, 7: 0, 8: 0, 9: 0}",0,0
rule_copilot,60c1s5r10p,YCSB_A,rw_zipf_0.55,concurrent_70,101,42000,180.452,336.951,591.0371600000004,219.1246705,4200.0,"{0: 50.515, 1: 54.082, 2: 58.416, 3: 16.327, 4: 16.162}","{0: 660.305, 1: 657.188, 2: 561.562, 3: 547.938, 4: 548.938}","{0: 4200, 1: 4200, 2: 4200, 3: 4200, 4: 4200, 5: 4200, 6: 4200, 7: 4200, 8: 4200, 9: 4200}","{0: 4118, 1: 4115, 2: 4130, 3: 4127, 4: 4132, 5: 4148, 6: 4132, 7: 4125, 8: 4139, 9: 4125}","{0: 4117, 1: 4114, 2: 4130, 3: 4127, 4: 4132, 5: 4148, 6: 4132, 7: 4125, 8: 4139, 9: 4125}",98.31190476190476,98.30714285714286
rule_copilot,60c1s5r10p,YCSB_A,rw_zipf_0.6,concurrent_70,0,42000,607.7885,696.158,782.23004,599.4152361666667,4200.0,"{0: 50.505, 1: 52.0, 2: 13.265, 3: 12.121, 4: 13.131}","{0: 659.938, 1: 656.625, 2: 525.188, 3: 525.875, 4: 526.188}","{0: 0, 1: 0, 2: 0, 3: 0, 4: 0, 5: 0, 6: 0, 7: 0, 8: 0, 9: 0}","{0: 0, 1: 0, 2: 0, 3: 0, 4: 0, 5: 0, 6: 0, 7: 0, 8: 0, 9: 0}","{0: 0, 1: 0, 2: 0, 3: 0, 4: 0, 5: 0, 6: 0, 7: 0, 8: 0, 9: 0}",0,0
rule_copilot,60c1s5r10p,YCSB_A,rw_zipf_0.6,concurrent_70,101,42000,185.26749999999998,340.2623,663.3662000000005,224.85394809523814,4200.0,"{0: 52.041, 1: 58.163, 2: 33.0, 3: 16.0, 4: 15.152}","{0: 668.938, 1: 662.375, 2: 554.625, 3: 548.5, 4: 550.188}","{0: 4200, 1: 4200, 2: 4200, 3: 4200, 4: 4200, 5: 4200, 6: 4200, 7: 4200, 8: 4200, 9: 4200}","{0: 4076, 1: 4088, 2: 4070, 3: 4098, 4: 4076, 5: 4089, 6: 4103, 7: 4081, 8: 4105, 9: 4086}","{0: 4076, 1: 4088, 2: 4070, 3: 4098, 4: 4076, 5: 4089, 6: 4103, 7: 4081, 8: 4105, 9: 4086}",97.31428571428572,97.31428571428572
rule_copilot,60c1s5r10p,YCSB_A,rw_zipf_0.65,concurrent_70,0,42000,578.7705000000001,657.184,730.0110999999999,568.0568317380953,4200.0,"{0: 47.959, 1: 52.041, 2: 54.545, 3: 13.131, 4: 13.265}","{0: 671.688, 1: 660.312, 2: 541.375, 3: 523.125, 4: 524.75}","{0: 0, 1: 0, 2: 0, 3: 0, 4: 0, 5: 0, 6: 0, 7: 0, 8: 0, 9: 0}","{0: 0, 1: 0, 2: 0, 3: 0, 4: 0, 5: 0, 6: 0, 7: 0, 8: 0, 9: 0}","{0: 0, 1: 0, 2: 0, 3: 0, 4: 0, 5: 0, 6: 0, 7: 0, 8: 0, 9: 0}",0,0
rule_copilot,60c1s5r10p,YCSB_A,rw_zipf_0.65,concurrent_70,101,42000,179.4155,351.58649999999994,722.011040000001,231.72357904761907,4200.0,"{0: 51.515, 1: 58.586, 2: 79.798, 3: 16.327, 4: 15.306}","{0: 671.938, 1: 662.688, 2: 569.375, 3: 549.0, 4: 547.562}","{0: 4200, 1: 4200, 2: 4199, 3: 4199, 4: 4200, 5: 4200, 6: 4200, 7: 4200, 8: 4200, 9: 4200}","{0: 4015, 1: 4018, 2: 3982, 3: 3999, 4: 4013, 5: 4035, 6: 4043, 7: 4024, 8: 4037, 9: 4041}","{0: 4014, 1: 4016, 2: 3982, 3: 3999, 4: 4013, 5: 4035, 6: 4043, 7: 4024, 8: 4037, 9: 4041}",95.73551121481975,95.72836801752464
rule_copilot,60c1s5r10p,YCSB_A,rw_zipf_0.7,concurrent_70,0,42000,593.524,687.2048,774.18905,588.3146403333334,4200.0,"{0: 50.0, 1: 57.426, 2: 11.881, 3: 14.141, 4: 14.141}","{0: 651.188, 1: 649.875, 2: 523.25, 3: 524.562, 4: 524.875}","{0: 0, 1: 0, 2: 0, 3: 0, 4: 0, 5: 0, 6: 0, 7: 0, 8: 0, 9: 0}","{0: 0, 1: 0, 2: 0, 3: 0, 4: 0, 5: 0, 6: 0, 7: 0, 8: 0, 9: 0}","{0: 0, 1: 0, 2: 0, 3: 0, 4: 0, 5: 0, 6: 0, 7: 0, 8: 0, 9: 0}",0,0
rule_copilot,60c1s5r10p,YCSB_A,rw_zipf_0.7,concurrent_70,101,42000,184.34199999999998,359.8573999999999,743.8004900000001,239.9238175,4200.0,"{0: 53.0, 1: 57.0, 2: 22.449, 3: 16.0, 4: 15.306}","{0: 644.5, 1: 652.25, 2: 549.75, 3: 544.812, 4: 547.688}","{0: 4200, 1: 4200, 2: 4199, 3: 4200, 4: 4200, 5: 4200, 6: 4200, 7: 4199, 8: 4200, 9: 4200}","{0: 3925, 1: 3919, 2: 3902, 3: 3932, 4: 3917, 5: 3944, 6: 3910, 7: 3889, 8: 3948, 9: 3930}","{0: 3925, 1: 3919, 2: 3902, 3: 3932, 4: 3917, 5: 3944, 6: 3910, 7: 3889, 8: 3948, 9: 3930}",93.37587504166865,93.37587504166865
rule_copilot,60c1s5r10p,YCSB_A,rw_zipf_0.75,concurrent_70,0,42000,581.672,660.01,727.5600499999999,571.5814912142857,4200.0,"{0: 47.959, 1: 52.041, 2: 17.172, 3: 14.141, 4: 14.0}","{0: 643.125, 1: 643.438, 2: 523.75, 3: 524.562, 4: 523.875}","{0: 0, 1: 0, 2: 0, 3: 0, 4: 0, 5: 0, 6: 0, 7: 0, 8: 0, 9: 0}","{0: 0, 1: 0, 2: 0, 3: 0, 4: 0, 5: 0, 6: 0, 7: 0, 8: 0, 9: 0}","{0: 0, 1: 0, 2: 0, 3: 0, 4: 0, 5: 0, 6: 0, 7: 0, 8: 0, 9: 0}",0,0
rule_copilot,60c1s5r10p,YCSB_A,rw_zipf_0.75,concurrent_70,101,42000,189.2835,458.76599999999996,758.33811,252.41260992857144,4200.0,"{0: 50.515, 1: 57.426, 2: 76.768, 3: 15.152, 4: 17.0}","{0: 666.062, 1: 660.0, 2: 564.625, 3: 543.75, 4: 543.75}","{0: 4198, 1: 4200, 2: 4198, 3: 4200, 4: 4200, 5: 4200, 6: 4200, 7: 4200, 8: 4200, 9: 4200}","{0: 3805, 1: 3811, 2: 3804, 3: 3803, 4: 3774, 5: 3816, 6: 3798, 7: 3772, 8: 3825, 9: 3834}","{0: 3799, 1: 3809, 2: 3804, 3: 3803, 4: 3774, 5: 3816, 6: 3798, 7: 3772, 8: 3825, 9: 3834}",90.58481760167635,90.56576816839699
rule_copilot,60c1s5r10p,YCSB_A,rw_zipf_0.8,concurrent_70,0,42000,595.4865,679.3464,751.88004,584.8995092619048,4200.0,"{0: 50.505, 1: 55.556, 2: 56.0, 3: 13.0, 4: 13.131}","{0: 667.25, 1: 659.0, 2: 535.438, 3: 525.0, 4: 524.562}","{0: 0, 1: 0, 2: 0, 3: 0, 4: 0, 5: 0, 6: 0, 7: 0, 8: 0, 9: 0}","{0: 0, 1: 0, 2: 0, 3: 0, 4: 0, 5: 0, 6: 0, 7: 0, 8: 0, 9: 0}","{0: 0, 1: 0, 2: 0, 3: 0, 4: 0, 5: 0, 6: 0, 7: 0, 8: 0, 9: 0}",0,0
rule_copilot,60c1s5r10p,YCSB_A,rw_zipf_0.8,concurrent_70,101,42000,203.4755,560.8752000000001,771.7054600000001,270.46246604761905,4200.0,"{0: 51.515, 1: 54.0, 2: 89.0, 3: 16.162, 4: 16.162}","{0: 652.125, 1: 640.688, 2: 565.438, 3: 542.812, 4: 542.125}","{0: 4196, 1: 4190, 2: 4191, 3: 4189, 4: 4197, 5: 4199, 6: 4198, 7: 4180, 8: 4199, 9: 4199}","{0: 3607, 1: 3616, 2: 3575, 3: 3545, 4: 3574, 5: 3610, 6: 3601, 7: 3561, 8: 3604, 9: 3634}","{0: 3597, 1: 3612, 2: 3575, 3: 3545, 4: 3574, 5: 3610, 6: 3601, 7: 3561, 8: 3604, 9: 3634}",85.66693690686252,85.63355429443465
rule_copilot,60c1s5r10p,YCSB_A,rw_zipf_0.85,concurrent_70,0,42000,586.976,680.4925,760.99509,580.7382402142858,4200.0,"{0: 48.485, 1: 56.566, 2: 40.0, 3: 13.131, 4: 13.402}","{0: 655.812, 1: 649.938, 2: 534.438, 3: 521.0, 4: 520.562}","{0: 0, 1: 0, 2: 0, 3: 0, 4: 0, 5: 0, 6: 0, 7: 0, 8: 0, 9: 0}","{0: 0, 1: 0, 2: 0, 3: 0, 4: 0, 5: 0, 6: 0, 7: 0, 8: 0, 9: 0}","{0: 0, 1: 0, 2: 0, 3: 0, 4: 0, 5: 0, 6: 0, 7: 0, 8: 0, 9: 0}",0,0
rule_copilot,60c1s5r10p,YCSB_A,rw_zipf_0.85,concurrent_70,101,41999,220.732,607.9384,777.0256799999995,294.6624096764209,4199.9,"{0: 51.485, 1: 59.596, 2: 78.0, 3: 15.152, 4: 16.0}","{0: 654.938, 1: 644.562, 2: 558.312, 3: 541.125, 4: 541.375}","{0: 4168, 1: 4171, 2: 4179, 3: 4178, 4: 4168, 5: 4192, 6: 4182, 7: 4184, 8: 4194, 9: 4196}","{0: 3300, 1: 3326, 2: 3344, 3: 3297, 4: 3321, 5: 3372, 6: 3303, 7: 3331, 8: 3380, 9: 3394}","{0: 3299, 1: 3325, 2: 3344, 3: 3297, 4: 3321, 5: 3372, 6: 3303, 7: 3331, 8: 3380, 9: 3394}",79.80484071558405,79.80005739978954
rule_copilot,60c1s5r10p,YCSB_A,rw_zipf_0.9,concurrent_70,0,42000,576.4265,685.5453,747.07909,577.0346180714287,4200.0,"{0: 48.485, 1: 54.545, 2: 78.0, 3: 15.0, 4: 13.0}","{0: 644.875, 1: 656.625, 2: 541.312, 3: 521.625, 4: 522.375}","{0: 0, 1: 0, 2: 0, 3: 0, 4: 0, 5: 0, 6: 0, 7: 0, 8: 0, 9: 0}","{0: 0, 1: 0, 2: 0, 3: 0, 4: 0, 5: 0, 6: 0, 7: 0, 8: 0, 9: 0}","{0: 0, 1: 0, 2: 0, 3: 0, 4: 0, 5: 0, 6: 0, 7: 0, 8: 0, 9: 0}",0,0
rule_copilot,60c1s5r10p,YCSB_A,rw_zipf_0.9,concurrent_70,101,41990,246.0485,660.4068,818.68983,333.17088925934746,4199.0,"{0: 52.0, 1: 56.0, 2: 66.337, 3: 17.0, 4: 16.0}","{0: 649.125, 1: 643.875, 2: 553.062, 3: 537.812, 4: 537.562}","{0: 4089, 1: 4102, 2: 4078, 3: 4133, 4: 4105, 5: 4153, 6: 4103, 7: 4133, 8: 4145, 9: 4153}","{0: 2842, 1: 2932, 2: 2928, 3: 2936, 4: 2900, 5: 3012, 6: 2994, 7: 2969, 8: 3049, 9: 3026}","{0: 2842, 1: 2932, 2: 2928, 3: 2936, 4: 2900, 5: 3012, 6: 2994, 7: 2969, 8: 3049, 9: 3026}",71.8259940768073,71.8259940768073
rule_copilot,60c1s5r10p,YCSB_A,rw_zipf_0.95,concurrent_70,0,42000,568.1355,647.3043,721.298,558.2250419523808,4200.0,"{0: 47.475, 1: 51.02, 2: 22.449, 3: 12.245, 4: 13.131}","{0: 627.562, 1: 630.812, 2: 520.125, 3: 520.312, 4: 519.688}","{0: 0, 1: 0, 2: 0, 3: 0, 4: 0, 5: 0, 6: 0, 7: 0, 8: 0, 9: 0}","{0: 0, 1: 0, 2: 0, 3: 0, 4: 0, 5: 0, 6: 0, 7: 0, 8: 0, 9: 0}","{0: 0, 1: 0, 2: 0, 3: 0, 4: 0, 5: 0, 6: 0, 7: 0, 8: 0, 9: 0}",0,0
rule_copilot,60c1s5r10p,YCSB_A,rw_zipf_0.95,concurrent_70,101,42000,299.8885,698.9595999999999,832.8321900000001,379.25351659523807,4200.0,"{0: 58.586, 1: 53.535, 2: 14.141, 3: 15.152, 4: 15.0}","{0: 645.5, 1: 645.688, 2: 539.375, 3: 535.125, 4: 536.375}","{0: 3926, 1: 3950, 2: 3966, 3: 3946, 4: 3932, 5: 3965, 6: 3988, 7: 4006, 8: 4031, 9: 4034}","{0: 2486, 1: 2528, 2: 2466, 3: 2483, 4: 2506, 5: 2544, 6: 2559, 7: 2575, 8: 2538, 9: 2553}","{0: 2486, 1: 2528, 2: 2466, 3: 2483, 4: 2506, 5: 2544, 6: 2559, 7: 2575, 8: 2538, 9: 2553}",63.501409017713364,63.501409017713364
rule_copilot,60c1s5r10p,YCSB_A,rw_zipf_1,concurrent_70,0,42000,592.8299999999999,683.9123000000001,774.9880300000001,586.8037158333334,4200.0,"{0: 49.0, 1: 54.545, 2: 18.367, 3: 12.121, 4: 12.121}","{0: 637.812, 1: 635.625, 2: 517.562, 3: 519.438, 4: 519.062}","{0: 0, 1: 0, 2: 0, 3: 0, 4: 0, 5: 0, 6: 0, 7: 0, 8: 0, 9: 0}","{0: 0, 1: 0, 2: 0, 3: 0, 4: 0, 5: 0, 6: 0, 7: 0, 8: 0, 9: 0}","{0: 0, 1: 0, 2: 0, 3: 0, 4: 0, 5: 0, 6: 0, 7: 0, 8: 0, 9: 0}",0,0
rule_copilot,60c1s5r10p,YCSB_A,rw_zipf_1,concurrent_70,101,41994,411.845,696.8464,820.07205,410.5182382483212,4199.4,"{0: 49.495, 1: 54.0, 2: 37.374, 3: 14.141, 4: 14.141}","{0: 639.625, 1: 636.625, 2: 539.75, 3: 532.688, 4: 532.375}","{0: 3677, 1: 3666, 2: 3690, 3: 3737, 4: 3664, 5: 3841, 6: 3708, 7: 3730, 8: 3854, 9: 3826}","{0: 2031, 1: 2046, 2: 2038, 3: 2107, 4: 2048, 5: 2156, 6: 2031, 7: 2008, 8: 2150, 9: 2179}","{0: 2031, 1: 2046, 2: 2038, 3: 2107, 4: 2048, 5: 2156, 6: 2031, 7: 2008, 8: 2150, 9: 2179}",55.60933864627069,55.60933864627069
rule_copilot,60c1s5r10p,YCSB_B,rw_zipf_0,concurrent_70,0,42000,553.792,643.5041,713.09906,550.0877140952381,4200.0,"{0: 44.444, 1: 55.102, 2: 12.245, 3: 12.245, 4: 13.0}","{0: 637.25, 1: 641.438, 2: 535.375, 3: 528.562, 4: 527.375}","{0: 0, 1: 0, 2: 0, 3: 0, 4: 0, 5: 0, 6: 0, 7: 0, 8: 0, 9: 0}","{0: 0, 1: 0, 2: 0, 3: 0, 4: 0, 5: 0, 6: 0, 7: 0, 8: 0, 9: 0}","{0: 0, 1: 0, 2: 0, 3: 0, 4: 0, 5: 0, 6: 0, 7: 0, 8: 0, 9: 0}",0,0
rule_copilot,60c1s5r10p,YCSB_B,rw_zipf_0,concurrent_70,101,42000,171.5095,309.0355,459.55402,208.21644588095234,4200.0,"{0: 48.98, 1: 51.02, 2: 100.0, 3: 15.306, 4: 15.152}","{0: 711.875, 1: 687.75, 2: 615.84, 3: 549.5, 4: 548.875}","{0: 4199, 1: 4200, 2: 4200, 3: 4199, 4: 4200, 5: 4198, 6: 4200, 7: 4199, 8: 4200, 9: 4200}","{0: 4199, 1: 4199, 2: 4195, 3: 4196, 4: 4197, 5: 4195, 6: 4199, 7: 4197, 8: 4195, 9: 4198}","{0: 4199, 1: 4198, 2: 4195, 3: 4196, 4: 4197, 5: 4195, 6: 4198, 7: 4197, 8: 4194, 9: 4198}",99.9404691034647,99.93332539588046
rule_copilot,60c1s5r10p,YCSB_B,rw_zipf_0.1,concurrent_70,0,42000,555.1005,631.8835,700.5440199999999,547.3102372142857,4200.0,"{0: 46.939, 1: 53.0, 2: 61.224, 3: 13.265, 4: 13.131}","{0: 644.0, 1: 636.125, 2: 535.125, 3: 523.438, 4: 525.25}","{0: 0, 1: 0, 2: 0, 3: 0, 4: 0, 5: 0, 6: 0, 7: 0, 8: 0, 9: 0}","{0: 0, 1: 0, 2: 0, 3: 0, 4: 0, 5: 0, 6: 0, 7: 0, 8: 0, 9: 0}","{0: 0, 1: 0, 2: 0, 3: 0, 4: 0, 5: 0, 6: 0, 7: 0, 8: 0, 9: 0}",0,0
rule_copilot,60c1s5r10p,YCSB_B,rw_zipf_0.1,concurrent_70,101,42000,171.5685,315.856,474.59809,206.68525754761905,4200.0,"{0: 51.0, 1: 53.061, 2: 39.604, 3: 14.286, 4: 15.0}","{0: 640.688, 1: 639.812, 2: 560.062, 3: 548.125, 4: 547.812}","{0: 4200, 1: 4200, 2: 4200, 3: 4200, 4: 4200, 5: 4200, 6: 4200, 7: 4200, 8: 4200, 9: 4200}","{0: 4196, 1: 4198, 2: 4200, 3: 4200, 4: 4198, 5: 4200, 6: 4199, 7: 4199, 8: 4199, 9: 4199}","{0: 4196, 1: 4198, 2: 4200, 3: 4200, 4: 4198, 5: 4200, 6: 4199, 7: 4199, 8: 4199, 9: 4199}",99.97142857142858,99.97142857142858
rule_copilot,60c1s5r10p,YCSB_B,rw_zipf_0.2,concurrent_70,0,42000,572.418,652.2156,717.1170999999999,562.6554910714286,4200.0,"{0: 49.485, 1: 55.102, 2: 100.0, 3: 12.245, 4: 13.131}","{0: 674.75, 1: 658.875, 2: 563.062, 3: 527.25, 4: 525.0}","{0: 0, 1: 0, 2: 0, 3: 0, 4: 0, 5: 0, 6: 0, 7: 0, 8: 0, 9: 0}","{0: 0, 1: 0, 2: 0, 3: 0, 4: 0, 5: 0, 6: 0, 7: 0, 8: 0, 9: 0}","{0: 0, 1: 0, 2: 0, 3: 0, 4: 0, 5: 0, 6: 0, 7: 0, 8: 0, 9: 0}",0,0
rule_copilot,60c1s5r10p,YCSB_B,rw_zipf_0.2,concurrent_70,101,42000,174.8005,318.1046,464.12312000000003,208.50423233333333,4200.0,"{0: 50.505, 1: 57.0, 2: 89.0, 3: 14.286, 4: 14.286}","{0: 660.875, 1: 654.375, 2: 577.188, 3: 549.562, 4: 550.625}","{0: 4200, 1: 4200, 2: 4200, 3: 4200, 4: 4200, 5: 4200, 6: 4200, 7: 4200, 8: 4200, 9: 4200}","{0: 4193, 1: 4197, 2: 4198, 3: 4199, 4: 4199, 5: 4198, 6: 4196, 7: 4197, 8: 4197, 9: 4199}","{0: 4192, 1: 4197, 2: 4198, 3: 4199, 4: 4199, 5: 4198, 6: 4196, 7: 4197, 8: 4197, 9: 4199}",99.93571428571428,99.93333333333334
rule_copilot,60c1s5r10p,YCSB_B,rw_zipf_0.3,concurrent_70,0,42000,552.7855,626.2413,685.5940800000001,541.3391065952381,4200.0,"{0: 47.475, 1: 50.505, 2: 19.192, 3: 13.265, 4: 12.245}","{0: 621.25, 1: 628.812, 2: 526.5, 3: 524.812, 4: 524.25}","{0: 0, 1: 0, 2: 0, 3: 0, 4: 0, 5: 0, 6: 0, 7: 0, 8: 0, 9: 0}","{0: 0, 1: 0, 2: 0, 3: 0, 4: 0, 5: 0, 6: 0, 7: 0, 8: 0, 9: 0}","{0: 0, 1: 0, 2: 0, 3: 0, 4: 0, 5: 0, 6: 0, 7: 0, 8: 0, 9: 0}",0,0
rule_copilot,60c1s5r10p,YCSB_B,rw_zipf_0.3,concurrent_70,101,42000,172.2385,311.7183,460.08409,206.22379490476192,4200.0,"{0: 48.485, 1: 50.0, 2: 92.929, 3: 15.152, 4: 14.141}","{0: 664.188, 1: 653.375, 2: 579.188, 3: 549.5, 4: 550.312}","{0: 4200, 1: 4200, 2: 4200, 3: 4200, 4: 4200, 5: 4200, 6: 4200, 7: 4200, 8: 4200, 9: 4200}","{0: 4197, 1: 4199, 2: 4197, 3: 4196, 4: 4198, 5: 4198, 6: 4199, 7: 4199, 8: 4199, 9: 4196}","{0: 4197, 1: 4199, 2: 4197, 3: 4196, 4: 4198, 5: 4198, 6: 4199, 7: 4199, 8: 4199, 9: 4196}",99.94761904761904,99.94761904761904
rule_copilot,60c1s5r10p,YCSB_B,rw_zipf_0.4,concurrent_70,0,42000,573.347,650.7804,736.7224700000056,563.4387663809523,4200.0,"{0: 50.515, 1: 55.556, 2: 100.0, 3: 13.131, 4: 13.131}","{0: 663.812, 1: 651.812, 2: 550.625, 3: 524.5, 4: 524.875}","{0: 0, 1: 0, 2: 0, 3: 0, 4: 0, 5: 0, 6: 0, 7: 0, 8: 0, 9: 0}","{0: 0, 1: 0, 2: 0, 3: 0, 4: 0, 5: 0, 6: 0, 7: 0, 8: 0, 9: 0}","{0: 0, 1: 0, 2: 0, 3: 0, 4: 0, 5: 0, 6: 0, 7: 0, 8: 0, 9: 0}",0,0
rule_copilot,60c1s5r10p,YCSB_B,rw_zipf_0.4,concurrent_70,101,42000,175.2505,315.0818,469.1462900000015,208.75625709523806,4200.0,"{0: 53.535, 1: 57.426, 2: 37.0, 3: 16.162, 4: 15.152}","{0: 641.438, 1: 635.312, 2: 564.562, 3: 551.875, 4: 551.562}","{0: 4200, 1: 4200, 2: 4200, 3: 4200, 4: 4200, 5: 4200, 6: 4200, 7: 4200, 8: 4200, 9: 4200}","{0: 4199, 1: 4194, 2: 4197, 3: 4196, 4: 4200, 5: 4197, 6: 4199, 7: 4197, 8: 4192, 9: 4197}","{0: 4199, 1: 4194, 2: 4197, 3: 4196, 4: 4200, 5: 4197, 6: 4199, 7: 4197, 8: 4192, 9: 4197}",99.92380952380952,99.92380952380952
rule_copilot,60c1s5r10p,YCSB_B,rw_zipf_0.5,concurrent_70,0,42000,575.1510000000001,660.8133,743.48312,568.9029728809525,4200.0,"{0: 48.0, 1: 57.0, 2: 50.505, 3: 13.131, 4: 14.141}","{0: 648.625, 1: 638.688, 2: 538.5, 3: 525.125, 4: 525.312}","{0: 0, 1: 0, 2: 0, 3: 0, 4: 0, 5: 0, 6: 0, 7: 0, 8: 0, 9: 0}","{0: 0, 1: 0, 2: 0, 3: 0, 4: 0, 5: 0, 6: 0, 7: 0, 8: 0, 9: 0}","{0: 0, 1: 0, 2: 0, 3: 0, 4: 0, 5: 0, 6: 0, 7: 0, 8: 0, 9: 0}",0,0
rule_copilot,60c1s5r10p,YCSB_B,rw_zipf_0.5,concurrent_70,101,42000,172.192,308.681,459.3888500000014,205.2328082142857,4200.0,"{0: 48.485, 1: 51.0, 2: 35.714, 3: 15.464, 4: 15.152}","{0: 640.562, 1: 632.688, 2: 558.062, 3: 548.25, 4: 548.562}","{0: 4200, 1: 4200, 2: 4200, 3: 4200, 4: 4200, 5: 4200, 6: 4200, 7: 4200, 8: 4200, 9: 4200}","{0: 4192, 1: 4195, 2: 4193, 3: 4196, 4: 4197, 5: 4196, 6: 4195, 7: 4195, 8: 4193, 9: 4191}","{0: 4192, 1: 4195, 2: 4193, 3: 4196, 4: 4197, 5: 4196, 6: 4195, 7: 4195, 8: 4193, 9: 4191}",99.86428571428571,99.86428571428571
rule_copilot,60c1s5r10p,YCSB_B,rw_zipf_0.55,concurrent_70,0,42000,567.6915,648.2826,718.07206,558.8352066190475,4200.0,"{0: 48.0, 1: 52.525, 2: 79.0, 3: 13.131, 4: 13.131}","{0: 647.438, 1: 636.5, 2: 535.5, 3: 525.25, 4: 525.312}","{0: 0, 1: 0, 2: 0, 3: 0, 4: 0, 5: 0, 6: 0, 7: 0, 8: 0, 9: 0}","{0: 0, 1: 0, 2: 0, 3: 0, 4: 0, 5: 0, 6: 0, 7: 0, 8: 0, 9: 0}","{0: 0, 1: 0, 2: 0, 3: 0, 4: 0, 5: 0, 6: 0, 7: 0, 8: 0, 9: 0}",0,0
rule_copilot,60c1s5r10p,YCSB_B,rw_zipf_0.55,concurrent_70,101,42000,172.9995,308.3968,478.55614,206.86158452380948,4200.0,"{0: 50.0, 1: 56.566, 2: 51.515, 3: 15.152, 4: 15.306}","{0: 639.062, 1: 637.188, 2: 558.062, 3: 546.938, 4: 547.188}","{0: 4200, 1: 4200, 2: 4200, 3: 4200, 4: 4200, 5: 4200, 6: 4200, 7: 4200, 8: 4200, 9: 4200}","{0: 4195, 1: 4190, 2: 4188, 3: 4193, 4: 4193, 5: 4196, 6: 4184, 7: 4192, 8: 4192, 9: 4197}","{0: 4195, 1: 4190, 2: 4188, 3: 4193, 4: 4193, 5: 4196, 6: 4184, 7: 4192, 8: 4192, 9: 4197}",99.80952380952381,99.80952380952381
rule_copilot,60c1s5r10p,YCSB_B,rw_zipf_0.6,concurrent_70,0,42000,567.7555,647.1707,710.2396300000061,557.9013382142857,4200.0,"{0: 49.495, 1: 55.882, 2: 58.0, 3: 12.121, 4: 12.121}","{0: 646.438, 1: 639.188, 2: 538.312, 3: 526.812, 4: 524.5}","{0: 0, 1: 0, 2: 0, 3: 0, 4: 0, 5: 0, 6: 0, 7: 0, 8: 0, 9: 0}","{0: 0, 1: 0, 2: 0, 3: 0, 4: 0, 5: 0, 6: 0, 7: 0, 8: 0, 9: 0}","{0: 0, 1: 0, 2: 0, 3: 0, 4: 0, 5: 0, 6: 0, 7: 0, 8: 0, 9: 0}",0,0
rule_copilot,60c1s5r10p,YCSB_B,rw_zipf_0.6,concurrent_70,101,42000,175.461,317.2979,474.39708,208.60568638095242,4200.0,"{0: 50.505, 1: 56.0, 2: 45.455, 3: 14.286, 4: 15.152}","{0: 640.438, 1: 636.25, 2: 560.688, 3: 547.5, 4: 547.0}","{0: 4200, 1: 4200, 2: 4200, 3: 4200, 4: 4200, 5: 4200, 6: 4200, 7: 4200, 8: 4200, 9: 4200}","{0: 4185, 1: 4188, 2: 4190, 3: 4188, 4: 4186, 5: 4185, 6: 4186, 7: 4186, 8: 4186, 9: 4188}","{0: 4185, 1: 4188, 2: 4190, 3: 4188, 4: 4186, 5: 4185, 6: 4186, 7: 4186, 8: 4186, 9: 4188}",99.68571428571428,99.68571428571428
rule_copilot,60c1s5r10p,YCSB_B,rw_zipf_0.65,concurrent_70,0,42000,575.8025,656.9931,725.10711,565.483782595238,4200.0,"{0: 50.505, 1: 54.639, 2: 53.465, 3: 12.121, 4: 12.121}","{0: 637.684, 1: 630.625, 2: 536.125, 3: 524.312, 4: 522.75}","{0: 0, 1: 0, 2: 0, 3: 0, 4: 0, 5: 0, 6: 0, 7: 0, 8: 0, 9: 0}","{0: 0, 1: 0, 2: 0, 3: 0, 4: 0, 5: 0, 6: 0, 7: 0, 8: 0, 9: 0}","{0: 0, 1: 0, 2: 0, 3: 0, 4: 0, 5: 0, 6: 0, 7: 0, 8: 0, 9: 0}",0,0
rule_copilot,60c1s5r10p,YCSB_B,rw_zipf_0.65,concurrent_70,101,42000,174.166,320.84079999999994,482.25009,212.7223744047619,4200.0,"{0: 51.0, 1: 53.535, 2: 100.0, 3: 15.306, 4: 15.306}","{0: 720.375, 1: 677.812, 2: 627.471, 3: 546.75, 4: 547.875}","{0: 4193, 1: 4196, 2: 4198, 3: 4196, 4: 4196, 5: 4200, 6: 4199, 7: 4199, 8: 4200, 9: 4200}","{0: 4158, 1: 4161, 2: 4164, 3: 4171, 4: 4162, 5: 4172, 6: 4168, 7: 4168, 8: 4161, 9: 4173}","{0: 4158, 1: 4160, 2: 4162, 3: 4171, 4: 4160, 5: 4172, 6: 4167, 7: 4168, 8: 4161, 9: 4173}",99.24006003287515,99.22576649117374
rule_copilot,60c1s5r10p,YCSB_B,rw_zipf_0.7,concurrent_70,0,42000,559.9200000000001,634.0024,710.65806,548.7064912380953,4200.0,"{0: 47.475, 1: 53.535, 2: 24.49, 3: 12.371, 4: 13.0}","{0: 622.5, 1: 623.125, 2: 524.062, 3: 522.246, 4: 522.938}","{0: 0, 1: 0, 2: 0, 3: 0, 4: 0, 5: 0, 6: 0, 7: 0, 8: 0, 9: 0}","{0: 0, 1: 0, 2: 0, 3: 0, 4: 0, 5: 0, 6: 0, 7: 0, 8: 0, 9: 0}","{0: 0, 1: 0, 2: 0, 3: 0, 4: 0, 5: 0, 6: 0, 7: 0, 8: 0, 9: 0}",0,0
rule_copilot,60c1s5r10p,YCSB_B,rw_zipf_0.7,concurrent_70,101,42000,171.281,311.20799999999997,475.56686000000445,207.48332564285712,4200.0,"{0: 50.505, 1: 49.495, 2: 61.616, 3: 14.286, 4: 15.152}","{0: 642.375, 1: 637.188, 2: 562.938, 3: 543.875, 4: 545.188}","{0: 4200, 1: 4200, 2: 4200, 3: 4200, 4: 4200, 5: 4200, 6: 4200, 7: 4200, 8: 4200, 9: 4200}","{0: 4158, 1: 4160, 2: 4141, 3: 4152, 4: 4170, 5: 4155, 6: 4161, 7: 4159, 8: 4157, 9: 4168}","{0: 4158, 1: 4160, 2: 4141, 3: 4152, 4: 4170, 5: 4155, 6: 4161, 7: 4159, 8: 4157, 9: 4168}",99.00238095238095,99.00238095238095
rule_copilot,60c1s5r10p,YCSB_B,rw_zipf_0.75,concurrent_70,0,42000,557.6179999999999,635.7831,706.91528,547.5474097857143,4200.0,"{0: 47.0, 1: 52.041, 2: 74.49, 3: 13.131, 4: 13.0}","{0: 653.5, 1: 641.0, 2: 539.812, 3: 523.312, 4: 524.188}","{0: 0, 1: 0, 2: 0, 3: 0, 4: 0, 5: 0, 6: 0, 7: 0, 8: 0, 9: 0}","{0: 0, 1: 0, 2: 0, 3: 0, 4: 0, 5: 0, 6: 0, 7: 0, 8: 0, 9: 0}","{0: 0, 1: 0, 2: 0, 3: 0, 4: 0, 5: 0, 6: 0, 7: 0, 8: 0, 9: 0}",0,0
rule_copilot,60c1s5r10p,YCSB_B,rw_zipf_0.75,concurrent_70,101,42000,172.2535,333.91729999999995,596.2676100000002,214.5025862619048,4200.0,"{0: 51.546, 1: 58.586, 2: 47.475, 3: 15.306, 4: 15.0}","{0: 634.938, 1: 631.812, 2: 556.75, 3: 545.062, 4: 544.625}","{0: 4200, 1: 4200, 2: 4200, 3: 4200, 4: 4200, 5: 4200, 6: 4200, 7: 4200, 8: 4200, 9: 4200}","{0: 4108, 1: 4118, 2: 4109, 3: 4106, 4: 4109, 5: 4091, 6: 4110, 7: 4100, 8: 4095, 9: 4102}","{0: 4108, 1: 4118, 2: 4109, 3: 4106, 4: 4109, 5: 4091, 6: 4110, 7: 4100, 8: 4095, 9: 4102}",97.73333333333333,97.73333333333333
rule_copilot,60c1s5r10p,YCSB_B,rw_zipf_0.8,concurrent_70,0,42000,555.717,633.0694,707.24906,547.814495952381,4200.0,"{0: 49.0, 1: 53.061, 2: 98.02, 3: 13.131, 4: 13.0}","{0: 638.375, 1: 631.062, 2: 546.625, 3: 521.25, 4: 520.938}","{0: 0, 1: 0, 2: 0, 3: 0, 4: 0, 5: 0, 6: 0, 7: 0, 8: 0, 9: 0}","{0: 0, 1: 0, 2: 0, 3: 0, 4: 0, 5: 0, 6: 0, 7: 0, 8: 0, 9: 0}","{0: 0, 1: 0, 2: 0, 3: 0, 4: 0, 5: 0, 6: 0, 7: 0, 8: 0, 9: 0}",0,0
rule_copilot,60c1s5r10p,YCSB_B,rw_zipf_0.8,concurrent_70,101,42000,172.90050000000002,337.984,640.3200000000004,220.57482819047624,4200.0,"{0: 45.918, 1: 48.485, 2: 100.0, 3: 14.141, 4: 15.152}","{0: 644.5, 1: 636.25, 2: 575.873, 3: 540.375, 4: 541.625}","{0: 4197, 1: 4199, 2: 4198, 3: 4197, 4: 4199, 5: 4200, 6: 4199, 7: 4199, 8: 4200, 9: 4200}","{0: 4027, 1: 4043, 2: 4034, 3: 4010, 4: 3989, 5: 4021, 6: 4015, 7: 4002, 8: 4025, 9: 4005}","{0: 4021, 1: 4039, 2: 4027, 3: 4003, 4: 3987, 5: 4021, 6: 4011, 7: 4002, 8: 4025, 9: 4005}",95.67257311612842,95.60112413070401
rule_copilot,60c1s5r10p,YCSB_B,rw_zipf_0.85,concurrent_70,0,42000,563.2915,635.6191,707.41103,551.4701857857143,4200.0,"{0: 49.495, 1: 53.0, 2: 21.212, 3: 14.0, 4: 13.265}","{0: 612.938, 1: 612.438, 2: 521.188, 3: 523.688, 4: 522.875}","{0: 0, 1: 0, 2: 0, 3: 0, 4: 0, 5: 0, 6: 0, 7: 0, 8: 0, 9: 0}","{0: 0, 1: 0, 2: 0, 3: 0, 4: 0, 5: 0, 6: 0, 7: 0, 8: 0, 9: 0}","{0: 0, 1: 0, 2: 0, 3: 0, 4: 0, 5: 0, 6: 0, 7: 0, 8: 0, 9: 0}",0,0
rule_copilot,60c1s5r10p,YCSB_B,rw_zipf_0.85,concurrent_70,101,42000,180.61849999999998,349.0241,727.2141500000001,234.89936345238095,4200.0,"{0: 51.02, 1: 55.0, 2: 19.192, 3: 14.286, 4: 14.286}","{0: 633.0, 1: 633.25, 2: 541.0, 3: 539.25, 4: 540.062}","{0: 4200, 1: 4200, 2: 4200, 3: 4199, 4: 4200, 5: 4200, 6: 4200, 7: 4199, 8: 4200, 9: 4200}","{0: 3915, 1: 3930, 2: 3904, 3: 3889, 4: 3904, 5: 3897, 6: 3883, 7: 3881, 8: 3915, 9: 3901}","{0: 3915, 1: 3930, 2: 3904, 3: 3889, 4: 3904, 5: 3897, 6: 3883, 7: 3881, 8: 3915, 9: 3901}",92.90680508595648,92.90680508595648
rule_copilot,60c1s5r10p,YCSB_B,rw_zipf_0.9,concurrent_70,0,42000,564.7014999999999,649.8496,719.58604,557.4841580714285,4200.0,"{0: 44.444, 1: 47.475, 2: 64.286, 3: 11.224, 4: 12.0}","{0: 639.562, 1: 628.25, 2: 533.312, 3: 519.625, 4: 519.625}","{0: 0, 1: 0, 2: 0, 3: 0, 4: 0, 5: 0, 6: 0, 7: 0, 8: 0, 9: 0}","{0: 0, 1: 0, 2: 0, 3: 0, 4: 0, 5: 0, 6: 0, 7: 0, 8: 0, 9: 0}","{0: 0, 1: 0, 2: 0, 3: 0, 4: 0, 5: 0, 6: 0, 7: 0, 8: 0, 9: 0}",0,0
rule_copilot,60c1s5r10p,YCSB_B,rw_zipf_0.9,concurrent_70,101,42000,185.02949999999998,451.1661,709.9065,243.2353292619048,4200.0,"{0: 48.485, 1: 55.102, 2: 40.404, 3: 14.433, 4: 15.152}","{0: 631.688, 1: 622.25, 2: 543.875, 3: 537.0, 4: 537.625}","{0: 4199, 1: 4200, 2: 4200, 3: 4197, 4: 4198, 5: 4200, 6: 4200, 7: 4200, 8: 4200, 9: 4199}","{0: 3715, 1: 3752, 2: 3775, 3: 3788, 4: 3774, 5: 3764, 6: 3741, 7: 3739, 8: 3798, 9: 3744}","{0: 3715, 1: 3752, 2: 3774, 3: 3788, 4: 3774, 5: 3764, 6: 3741, 7: 3739, 8: 3798, 9: 3744}",89.5149191531922,89.5125378039197
rule_copilot,60c1s5r10p,YCSB_B,rw_zipf_0.95,concurrent_70,0,42000,556.861,636.9374,692.14404,545.2527579761904,4200.0,"{0: 46.465, 1: 52.525, 2: 35.0, 3: 12.245, 4: 12.121}","{0: 628.125, 1: 619.75, 2: 521.188, 3: 518.188, 4: 519.438}","{0: 0, 1: 0, 2: 0, 3: 0, 4: 0, 5: 0, 6: 0, 7: 0, 8: 0, 9: 0}","{0: 0, 1: 0, 2: 0, 3: 0, 4: 0, 5: 0, 6: 0, 7: 0, 8: 0, 9: 0}","{0: 0, 1: 0, 2: 0, 3: 0, 4: 0, 5: 0, 6: 0, 7: 0, 8: 0, 9: 0}",0,0
rule_copilot,60c1s5r10p,YCSB_B,rw_zipf_0.95,concurrent_70,101,42000,192.484,541.7344999999999,725.76526,266.32061423809523,4200.0,"{0: 49.495, 1: 54.455, 2: 91.0, 3: 16.0, 4: 15.152}","{0: 636.5, 1: 632.562, 2: 561.312, 3: 534.5, 4: 536.438}","{0: 4190, 1: 4181, 2: 4194, 3: 4193, 4: 4185, 5: 4198, 6: 4192, 7: 4196, 8: 4197, 9: 4191}","{0: 3522, 1: 3521, 2: 3569, 3: 3549, 4: 3540, 5: 3555, 6: 3499, 7: 3548, 8: 3541, 9: 3461}","{0: 3520, 1: 3508, 2: 3567, 3: 3549, 4: 3538, 5: 3555, 6: 3499, 7: 3546, 8: 3541, 9: 3461}",84.22597037001694,84.17587136484003
rule_copilot,60c1s5r10p,YCSB_B,rw_zipf_1,concurrent_70,0,42000,550.608,623.9951,698.1950700000001,541.1781260952381,4200.0,"{0: 44.444, 1: 47.959, 2: 33.333, 3: 12.0, 4: 11.224}","{0: 614.312, 1: 608.125, 2: 519.375, 3: 516.562, 4: 516.738}","{0: 0, 1: 0, 2: 0, 3: 0, 4: 0, 5: 0, 6: 0, 7: 0, 8: 0, 9: 0}","{0: 0, 1: 0, 2: 0, 3: 0, 4: 0, 5: 0, 6: 0, 7: 0, 8: 0, 9: 0}","{0: 0, 1: 0, 2: 0, 3: 0, 4: 0, 5: 0, 6: 0, 7: 0, 8: 0, 9: 0}",0,0
rule_copilot,60c1s5r10p,YCSB_B,rw_zipf_1,concurrent_70,101,42000,223.2335,624.8122,786.43517,305.6800938571429,4200.0,"{0: 48.454, 1: 55.556, 2: 100.0, 3: 14.141, 4: 14.286}","{0: 668.312, 1: 646.75, 2: 567.625, 3: 534.438, 4: 534.75}","{0: 4148, 1: 4148, 2: 4150, 3: 4136, 4: 4154, 5: 4189, 6: 4160, 7: 4157, 8: 4195, 9: 4183}","{0: 3144, 1: 3165, 2: 3147, 3: 3183, 4: 3168, 5: 3216, 6: 3130, 7: 3116, 8: 3233, 9: 3171}","{0: 3141, 1: 3162, 2: 3145, 3: 3178, 4: 3167, 5: 3214, 6: 3127, 7: 3116, 8: 3231, 9: 3169}",76.10043248438251,76.04517059106199
rule_mencius,60c1s5r10p,YCSB_A,rw_1000000,concurrent_1,0,600,160.4275,312.75719999999995,355.61113,201.308955,60.0,"{0: 2.0, 1: 2.02, 2: 2.02, 3: 2.02, 4: 2.02}","{0: 432.812, 1: 432.562, 2: 432.688, 3: 432.438, 4: 432.438}","{0: 0, 1: 0, 2: 0, 3: 0, 4: 0, 5: 0, 6: 0, 7: 0, 8: 0, 9: 0}","{0: 0, 1: 0, 2: 0, 3: 0, 4: 0, 5: 0, 6: 0, 7: 0, 8: 0, 9: 0}","{0: 0, 1: 0, 2: 0, 3: 0, 4: 0, 5: 0, 6: 0, 7: 0, 8: 0, 9: 0}",0,0
rule_mencius,60c1s5r10p,YCSB_A,rw_1000000,concurrent_5,0,3000,160.0625,311.7591,355.49102999999997,199.427766,300.0,"{0: 5.051, 1: 6.061, 2: 5.102, 3: 6.061, 4: 5.102}","{0: 447.375, 1: 446.375, 2: 447.062, 3: 445.75, 4: 446.25}","{0: 0, 1: 0, 2: 0, 3: 0, 4: 0, 5: 0, 6: 0, 7: 0, 8: 0, 9: 0}","{0: 0, 1: 0, 2: 0, 3: 0, 4: 0, 5: 0, 6: 0, 7: 0, 8: 0, 9: 0}","{0: 0, 1: 0, 2: 0, 3: 0, 4: 0, 5: 0, 6: 0, 7: 0, 8: 0, 9: 0}",0,0
rule_mencius,60c1s5r10p,YCSB_A,rw_1000000,concurrent_10,0,6000,167.67149999999998,317.5517,359.573,204.02752349999997,600.0,"{0: 13.265, 1: 12.371, 2: 15.306, 3: 14.286, 4: 13.265}","{0: 464.062, 1: 462.812, 2: 463.688, 3: 461.375, 4: 460.625}","{0: 0, 1: 0, 2: 0, 3: 0, 4: 0, 5: 0, 6: 0, 7: 0, 8: 0, 9: 0}","{0: 0, 1: 0, 2: 0, 3: 0, 4: 0, 5: 0, 6: 0, 7: 0, 8: 0, 9: 0}","{0: 0, 1: 0, 2: 0, 3: 0, 4: 0, 5: 0, 6: 0, 7: 0, 8: 0, 9: 0}",0,0
rule_mencius,60c1s5r10p,YCSB_A,rw_1000000,concurrent_12,0,7200,162.935,312.2137,355.73299000000003,203.33292347222223,720.0,"{0: 16.162, 1: 16.162, 2: 17.347, 3: 17.0, 4: 16.162}","{0: 470.062, 1: 470.25, 2: 470.875, 3: 468.062, 4: 466.875}","{0: 0, 1: 0, 2: 0, 3: 0, 4: 0, 5: 0, 6: 0, 7: 0, 8: 0, 9: 0}","{0: 0, 1: 0, 2: 0, 3: 0, 4: 0, 5: 0, 6: 0, 7: 0, 8: 0, 9: 0}","{0: 0, 1: 0, 2: 0, 3: 0, 4: 0, 5: 0, 6: 0, 7: 0, 8: 0, 9: 0}",0,0
rule_mencius,60c1s5r10p,YCSB_A,rw_1000000,concurrent_14,0,8400,167.1455,315.66229999999996,355.87905,206.04437964285714,840.0,"{0: 20.202, 1: 20.202, 2: 21.649, 3: 22.0, 4: 21.429}","{0: 476.75, 1: 476.625, 2: 477.688, 3: 474.312, 4: 473.188}","{0: 0, 1: 0, 2: 0, 3: 0, 4: 0, 5: 0, 6: 0, 7: 0, 8: 0, 9: 0}","{0: 0, 1: 0, 2: 0, 3: 0, 4: 0, 5: 0, 6: 0, 7: 0, 8: 0, 9: 0}","{0: 0, 1: 0, 2: 0, 3: 0, 4: 0, 5: 0, 6: 0, 7: 0, 8: 0, 9: 0}",0,0
rule_mencius,60c1s5r10p,YCSB_A,rw_1000000,concurrent_15,0,9000,167.352,316.8192,355.21900999999997,204.32202711111114,900.0,"{0: 17.347, 1: 17.526, 2: 18.182, 3: 19.802, 4: 19.192}","{0: 480.812, 1: 478.938, 2: 480.75, 3: 476.5, 4: 477.75}","{0: 0, 1: 0, 2: 0, 3: 0, 4: 0, 5: 0, 6: 0, 7: 0, 8: 0, 9: 0}","{0: 0, 1: 0, 2: 0, 3: 0, 4: 0, 5: 0, 6: 0, 7: 0, 8: 0, 9: 0}","{0: 0, 1: 0, 2: 0, 3: 0, 4: 0, 5: 0, 6: 0, 7: 0, 8: 0, 9: 0}",0,0
rule_mencius,60c1s5r10p,YCSB_A,rw_1000000,concurrent_16,0,9600,165.6085,313.2481,356.27905,205.23241906249999,960.0,"{0: 25.253, 1: 25.0, 2: 26.263, 3: 26.0, 4: 25.0}","{0: 485.688, 1: 483.25, 2: 485.625, 3: 480.562, 4: 480.188}","{0: 0, 1: 0, 2: 0, 3: 0, 4: 0, 5: 0, 6: 0, 7: 0, 8: 0, 9: 0}","{0: 0, 1: 0, 2: 0, 3: 0, 4: 0, 5: 0, 6: 0, 7: 0, 8: 0, 9: 0}","{0: 0, 1: 0, 2: 0, 3: 0, 4: 0, 5: 0, 6: 0, 7: 0, 8: 0, 9: 0}",0,0
rule_mencius,60c1s5r10p,YCSB_A,rw_1000000,concurrent_1,101,600,145.18349999999998,211.45530000000002,306.34334,165.04597833333332,60.0,"{0: 3.03, 1: 3.061, 2: 3.061, 3: 3.061, 4: 3.061}","{0: 434.125, 1: 433.688, 2: 434.062, 3: 433.562, 4: 433.688}","{0: 18, 1: 21, 2: 19, 3: 20, 4: 23, 5: 24, 6: 60, 7: 60, 8: 53, 9: 21}","{0: 18, 1: 21, 2: 19, 3: 20, 4: 23, 5: 24, 6: 60, 7: 60, 8: 53, 9: 21}","{0: 0, 1: 0, 2: 0, 3: 0, 4: 0, 5: 0, 6: 60, 7: 60, 8: 50, 9: 0}",100.0,53.291536050156736
rule_mencius,60c1s5r10p,YCSB_A,rw_1000000,concurrent_5,101,3000,150.563,210.977,309.80315,163.99103733333334,300.0,"{0: 11.34, 1: 12.245, 2: 11.224, 3: 11.34, 4: 11.458}","{0: 450.5, 1: 449.438, 2: 450.5, 3: 448.625, 4: 449.125}","{0: 101, 1: 108, 2: 116, 3: 118, 4: 119, 5: 99, 6: 300, 7: 300, 8: 300, 9: 115}","{0: 101, 1: 108, 2: 116, 3: 118, 4: 119, 5: 99, 6: 300, 7: 300, 8: 300, 9: 115}","{0: 0, 1: 0, 2: 0, 3: 0, 4: 0, 5: 0, 6: 300, 7: 300, 8: 300, 9: 0}",100.0,53.69928400954654
rule_mencius,60c1s5r10p,YCSB_A,rw_1000000,concurrent_10,101,6000,151.426,211.4055,316.31513,165.8423635,600.0,"{0: 21.212, 1: 23.0, 2: 27.551, 3: 28.571, 4: 27.835}","{0: 469.25, 1: 467.438, 2: 468.875, 3: 466.0, 4: 465.312}","{0: 205, 1: 205, 2: 199, 3: 215, 4: 234, 5: 225, 6: 600, 7: 600, 8: 600, 9: 220}","{0: 205, 1: 205, 2: 199, 3: 215, 4: 234, 5: 225, 6: 600, 7: 600, 8: 600, 9: 220}","{0: 0, 1: 0, 2: 0, 3: 0, 4: 0, 5: 0, 6: 590, 7: 600, 8: 600, 9: 0}",100.0,54.19315773539207
rule_mencius,60c1s5r10p,YCSB_A,rw_1000000,concurrent_12,101,7200,151.4595,211.6449,314.19828,164.17102805555555,720.0,"{0: 32.323, 1: 32.323, 2: 32.653, 3: 35.354, 4: 36.735}","{0: 476.125, 1: 475.938, 2: 477.062, 3: 473.812, 4: 475.0}","{0: 265, 1: 234, 2: 271, 3: 245, 4: 263, 5: 720, 6: 720, 7: 720, 8: 720, 9: 314}","{0: 265, 1: 234, 2: 271, 3: 244, 4: 263, 5: 720, 6: 720, 7: 719, 8: 720, 9: 314}","{0: 0, 1: 0, 2: 0, 3: 0, 4: 0, 5: 720, 6: 720, 7: 719, 8: 720, 9: 115}",99.95527728085868,66.94991055456171
rule_mencius,60c1s5r10p,YCSB_A,rw_1000000,concurrent_14,101,8400,155.168,212.8914,315.86805,168.9105838095238,840.0,"{0: 47.475, 1: 47.959, 2: 48.485, 3: 51.515, 4: 53.061}","{0: 483.875, 1: 483.5, 2: 484.75, 3: 480.812, 4: 480.062}","{0: 294, 1: 306, 2: 308, 3: 291, 4: 296, 5: 498, 6: 840, 7: 840, 8: 804, 9: 322}","{0: 294, 1: 306, 2: 308, 3: 291, 4: 296, 5: 498, 6: 840, 7: 840, 8: 804, 9: 322}","{0: 0, 1: 0, 2: 0, 3: 0, 4: 0, 5: 279, 6: 840, 7: 840, 8: 804, 9: 25}",100.0,58.095436549281104
rule_mencius,60c1s5r10p,YCSB_A,rw_1000000,concurrent_15,101,9000,152.44799999999998,212.175,316.30815000000007,164.93129355555556,900.0,"{0: 45.455, 1: 44.898, 2: 36.0, 3: 39.175, 4: 41.237}","{0: 487.5, 1: 487.562, 2: 489.812, 3: 484.938, 4: 485.125}","{0: 328, 1: 305, 2: 320, 3: 386, 4: 401, 5: 814, 6: 900, 7: 900, 8: 900, 9: 507}","{0: 328, 1: 305, 2: 320, 3: 386, 4: 401, 5: 813, 6: 900, 7: 900, 8: 900, 9: 507}","{0: 0, 1: 0, 2: 0, 3: 0, 4: 0, 5: 803, 6: 900, 7: 900, 8: 900, 9: 392}",99.9826419024475,67.60978996701961
rule_mencius,60c1s5r10p,YCSB_A,rw_1000000,concurrent_16,101,9600,159.1905,216.8965,324.89167000000003,171.65205364583335,960.0,"{0: 41.414, 1: 43.299, 2: 60.825, 3: 62.626, 4: 62.626}","{0: 491.5, 1: 489.312, 2: 491.938, 3: 487.375, 4: 488.5}","{0: 359, 1: 348, 2: 342, 3: 407, 4: 370, 5: 666, 6: 960, 7: 960, 8: 960, 9: 385}","{0: 359, 1: 348, 2: 342, 3: 407, 4: 370, 5: 665, 6: 960, 7: 960, 8: 960, 9: 385}","{0: 0, 1: 0, 2: 0, 3: 20, 4: 22, 5: 560, 6: 960, 7: 960, 8: 944, 9: 115}",99.98262984193155,62.20253604307799
rule_mencius,60c1s5r10p,YCSB_A,rw_zipf_1,concurrent_1,0,600,156.405,309.3462,354.91522,200.25959166666664,60.0,"{0: 1.02, 1: 2.02, 2: 2.0, 3: 2.02, 4: 1.02}","{0: 448.062, 1: 447.812, 2: 447.812, 3: 447.688, 4: 447.938}","{0: 0, 1: 0, 2: 0, 3: 0, 4: 0, 5: 0, 6: 0, 7: 0, 8: 0, 9: 0}","{0: 0, 1: 0, 2: 0, 3: 0, 4: 0, 5: 0, 6: 0, 7: 0, 8: 0, 9: 0}","{0: 0, 1: 0, 2: 0, 3: 0, 4: 0, 5: 0, 6: 0, 7: 0, 8: 0, 9: 0}",0,0
rule_mencius,60c1s5r10p,YCSB_A,rw_zipf_1,concurrent_5,0,3000,160.856,312.5508,354.34263999999996,199.68547566666666,300.0,"{0: 6.0, 1: 5.102, 2: 6.061, 3: 6.122, 4: 5.155}","{0: 461.25, 1: 460.875, 2: 461.75, 3: 459.938, 4: 460.375}","{0: 0, 1: 0, 2: 0, 3: 0, 4: 0, 5: 0, 6: 0, 7: 0, 8: 0, 9: 0}","{0: 0, 1: 0, 2: 0, 3: 0, 4: 0, 5: 0, 6: 0, 7: 0, 8: 0, 9: 0}","{0: 0, 1: 0, 2: 0, 3: 0, 4: 0, 5: 0, 6: 0, 7: 0, 8: 0, 9: 0}",0,0
rule_mencius,60c1s5r10p,YCSB_A,rw_zipf_1,concurrent_10,0,6000,163.14350000000002,313.604,356.78154,203.259459,600.0,"{0: 11.111, 1: 11.224, 2: 12.245, 3: 13.0, 4: 12.121}","{0: 478.375, 1: 477.125, 2: 478.562, 3: 475.75, 4: 476.938}","{0: 0, 1: 0, 2: 0, 3: 0, 4: 0, 5: 0, 6: 0, 7: 0, 8: 0, 9: 0}","{0: 0, 1: 0, 2: 0, 3: 0, 4: 0, 5: 0, 6: 0, 7: 0, 8: 0, 9: 0}","{0: 0, 1: 0, 2: 0, 3: 0, 4: 0, 5: 0, 6: 0, 7: 0, 8: 0, 9: 0}",0,0
rule_mencius,60c1s5r10p,YCSB_A,rw_zipf_1,concurrent_12,0,7200,165.54149999999998,315.0483,357.65626000000003,203.9292713888889,720.0,"{0: 15.306, 1: 16.327, 2: 17.172, 3: 17.347, 4: 15.306}","{0: 483.875, 1: 483.938, 2: 484.625, 3: 481.625, 4: 480.75}","{0: 0, 1: 0, 2: 0, 3: 0, 4: 0, 5: 0, 6: 0, 7: 0, 8: 0, 9: 0}","{0: 0, 1: 0, 2: 0, 3: 0, 4: 0, 5: 0, 6: 0, 7: 0, 8: 0, 9: 0}","{0: 0, 1: 0, 2: 0, 3: 0, 4: 0, 5: 0, 6: 0, 7: 0, 8: 0, 9: 0}",0,0
rule_mencius,60c1s5r10p,YCSB_A,rw_zipf_1,concurrent_14,0,8400,163.753,312.6821,356.42041000000006,203.88331952380955,840.0,"{0: 19.192, 1: 20.202, 2: 21.429, 3: 21.649, 4: 21.212}","{0: 490.0, 1: 490.375, 2: 491.062, 3: 487.75, 4: 486.812}","{0: 0, 1: 0, 2: 0, 3: 0, 4: 0, 5: 0, 6: 0, 7: 0, 8: 0, 9: 0}","{0: 0, 1: 0, 2: 0, 3: 0, 4: 0, 5: 0, 6: 0, 7: 0, 8: 0, 9: 0}","{0: 0, 1: 0, 2: 0, 3: 0, 4: 0, 5: 0, 6: 0, 7: 0, 8: 0, 9: 0}",0,0
rule_mencius,60c1s5r10p,YCSB_A,rw_zipf_1,concurrent_15,0,9000,166.048,313.9868,360.3404,205.55436400000002,900.0,"{0: 22.222, 1: 22.222, 2: 24.0, 3: 22.68, 4: 22.68}","{0: 493.0, 1: 493.375, 2: 495.25, 3: 491.312, 4: 490.188}","{0: 0, 1: 0, 2: 0, 3: 0, 4: 0, 5: 0, 6: 0, 7: 0, 8: 0, 9: 0}","{0: 0, 1: 0, 2: 0, 3: 0, 4: 0, 5: 0, 6: 0, 7: 0, 8: 0, 9: 0}","{0: 0, 1: 0, 2: 0, 3: 0, 4: 0, 5: 0, 6: 0, 7: 0, 8: 0, 9: 0}",0,0
rule_mencius,60c1s5r10p,YCSB_A,rw_zipf_1,concurrent_16,0,9600,159.57049999999998,314.1049,393.37903,207.99356104166665,960.0,"{0: 28.283, 1: 26.263, 2: 25.0, 3: 25.51, 4: 23.469}","{0: 498.312, 1: 496.625, 2: 499.312, 3: 494.312, 4: 494.25}","{0: 0, 1: 0, 2: 0, 3: 0, 4: 0, 5: 0, 6: 0, 7: 0, 8: 0, 9: 0}","{0: 0, 1: 0, 2: 0, 3: 0, 4: 0, 5: 0, 6: 0, 7: 0, 8: 0, 9: 0}","{0: 0, 1: 0, 2: 0, 3: 0, 4: 0, 5: 0, 6: 0, 7: 0, 8: 0, 9: 0}",0,0
rule_mencius,60c1s5r10p,YCSB_A,rw_zipf_1,concurrent_1,101,600,145.18200000000002,210.62369999999999,305.2269299999999,164.76622166666667,60.0,"{0: 2.062, 1: 3.061, 2: 3.061, 3: 3.061, 4: 3.061}","{0: 449.562, 1: 449.062, 2: 449.375, 3: 448.875, 4: 449.188}","{0: 23, 1: 22, 2: 24, 3: 19, 4: 24, 5: 27, 6: 60, 7: 60, 8: 60, 9: 17}","{0: 22, 1: 21, 2: 21, 3: 16, 4: 23, 5: 26, 6: 54, 7: 56, 8: 57, 9: 17}","{0: 0, 1: 0, 2: 0, 3: 0, 4: 0, 5: 9, 6: 54, 7: 56, 8: 57, 9: 0}",93.1547619047619,52.38095238095238
rule_mencius,60c1s5r10p,YCSB_A,rw_zipf_1,concurrent_5,101,3000,146.5745,213.9151,310.79913,165.39547366666665,300.0,"{0: 10.101, 1: 11.111, 2: 8.163, 3: 10.101, 4: 9.278}","{0: 464.188, 1: 463.75, 2: 464.75, 3: 463.0, 4: 462.875}","{0: 99, 1: 90, 2: 111, 3: 116, 4: 117, 5: 103, 6: 300, 7: 300, 8: 274, 9: 108}","{0: 85, 1: 77, 2: 91, 3: 100, 4: 97, 5: 86, 6: 256, 7: 261, 8: 229, 9: 87}","{0: 0, 1: 0, 2: 0, 3: 0, 4: 0, 5: 0, 6: 256, 7: 261, 8: 209, 9: 0}",84.610630407911,44.87021013597033
rule_mencius,60c1s5r10p,YCSB_A,rw_zipf_1,concurrent_10,101,6000,150.1205,213.749,309.47235,167.81262633333333,600.0,"{0: 29.0, 1: 29.592, 2: 26.733, 3: 28.866, 4: 28.866}","{0: 482.5, 1: 481.062, 2: 482.5, 3: 479.0, 4: 480.438}","{0: 207, 1: 232, 2: 229, 3: 214, 4: 205, 5: 235, 6: 592, 7: 597, 8: 598, 9: 224}","{0: 167, 1: 191, 2: 173, 3: 168, 4: 166, 5: 182, 6: 459, 7: 480, 8: 484, 9: 177}","{0: 0, 1: 0, 2: 0, 3: 0, 4: 0, 5: 27, 6: 459, 7: 480, 8: 484, 9: 0}",79.41794179417941,43.504350435043506
rule_mencius,60c1s5r10p,YCSB_A,rw_zipf_1,concurrent_12,101,7200,156.24599999999998,213.644,292.48503,167.77777694444444,720.0,"{0: 34.694, 1: 34.694, 2: 40.404, 3: 42.857, 4: 44.444}","{0: 489.125, 1: 489.25, 2: 490.25, 3: 487.562, 4: 486.5}","{0: 276, 1: 267, 2: 260, 3: 248, 4: 291, 5: 717, 6: 703, 7: 714, 8: 716, 9: 412}","{0: 216, 1: 202, 2: 198, 3: 197, 4: 230, 5: 560, 6: 541, 7: 554, 8: 551, 9: 315}","{0: 0, 1: 0, 2: 0, 3: 0, 4: 0, 5: 560, 6: 541, 7: 554, 8: 551, 9: 210}",77.41094700260643,52.476107732406604
rule_mencius,60c1s5r10p,YCSB_A,rw_zipf_1,concurrent_14,101,8400,158.2155,220.2392,315.96165,173.47060607142856,840.0,"{0: 40.816, 1: 40.816, 2: 52.525, 3: 52.041, 4: 53.0}","{0: 495.312, 1: 494.75, 2: 496.5, 3: 493.188, 4: 491.625}","{0: 299, 1: 305, 2: 312, 3: 285, 4: 308, 5: 440, 6: 820, 7: 834, 8: 747, 9: 280}","{0: 223, 1: 239, 2: 246, 3: 226, 4: 242, 5: 331, 6: 645, 7: 644, 8: 550, 9: 215}","{0: 0, 1: 0, 2: 0, 3: 0, 4: 0, 5: 247, 6: 645, 7: 644, 8: 517, 9: 20}",76.91144708423326,44.77321814254859
rule_mencius,60c1s5r10p,YCSB_A,rw_zipf_1,concurrent_15,101,9000,166.036,239.4694,325.1602200000001,178.63634811111112,900.0,"{0: 54.082, 1: 55.556, 2: 66.667, 3: 66.667, 4: 64.0}","{0: 500.312, 1: 498.375, 2: 500.812, 3: 496.188, 4: 497.75}","{0: 349, 1: 302, 2: 371, 3: 306, 4: 330, 5: 354, 6: 891, 7: 883, 8: 888, 9: 349}","{0: 261, 1: 226, 2: 293, 3: 231, 4: 249, 5: 269, 6: 684, 7: 660, 8: 698, 9: 262}","{0: 0, 1: 0, 2: 0, 3: 0, 4: 0, 5: 65, 6: 684, 7: 660, 8: 698, 9: 34}",76.30897869798925,42.623929922357156
rule_mencius,60c1s5r10p,YCSB_A,rw_zipf_1,concurrent_16,101,9600,154.7295,247.9297,303.47217,173.8602759375,960.0,"{0: 40.0, 1: 38.0, 2: 35.052, 3: 35.714, 4: 38.144}","{0: 500.875, 1: 501.562, 2: 502.688, 3: 497.75, 4: 500.062}","{0: 340, 1: 336, 2: 340, 3: 416, 4: 332, 5: 527, 6: 947, 7: 949, 8: 951, 9: 428}","{0: 255, 1: 253, 2: 254, 3: 335, 4: 260, 5: 413, 6: 710, 7: 703, 8: 751, 9: 322}","{0: 0, 1: 0, 2: 0, 3: 0, 4: 0, 5: 120, 6: 710, 7: 703, 8: 751, 9: 87}",76.46424721523536,42.59791591807402
rule_mencius,60c1s5r10p,YCSB_A,rw_zipf_0,concurrent_16,0,9600,155.4405,302.15620000000007,361.39513,202.2899423958333,960.0,"{0: 19.388, 1: 21.212, 2: 20.202, 3: 18.75, 4: 19.192}","{0: 499.5, 1: 497.375, 2: 500.875, 3: 496.125, 4: 497.0}","{0: 0, 1: 0, 2: 0, 3: 0, 4: 0, 5: 0, 6: 0, 7: 0, 8: 0, 9: 0}","{0: 0, 1: 0, 2: 0, 3: 0, 4: 0, 5: 0, 6: 0, 7: 0, 8: 0, 9: 0}","{0: 0, 1: 0, 2: 0, 3: 0, 4: 0, 5: 0, 6: 0, 7: 0, 8: 0, 9: 0}",0,0
rule_mencius,60c1s5r10p,YCSB_A,rw_zipf_0,concurrent_16,101,9600,158.094,213.3567,317.68528000000003,170.66019135416664,960.0,"{0: 71.0, 1: 70.0, 2: 58.586, 3: 49.495, 4: 51.515}","{0: 507.312, 1: 505.0, 2: 508.125, 3: 504.062, 4: 503.688}","{0: 355, 1: 324, 2: 410, 3: 527, 4: 464, 5: 688, 6: 960, 7: 960, 8: 960, 9: 510}","{0: 355, 1: 324, 2: 410, 3: 527, 4: 464, 5: 688, 6: 960, 7: 960, 8: 960, 9: 510}","{0: 0, 1: 0, 2: 0, 3: 43, 4: 0, 5: 519, 6: 960, 7: 960, 8: 960, 9: 235}",100.0,59.710945112049366
rule_mencius,60c1s5r10p,YCSB_A,rw_zipf_0.1,concurrent_16,0,9600,156.8435,304.1197,357.22118,201.55642927083338,960.0,"{0: 19.192, 1: 18.367, 2: 19.192, 3: 19.792, 4: 18.182}","{0: 499.375, 1: 497.375, 2: 500.875, 3: 496.312, 4: 496.625}","{0: 0, 1: 0, 2: 0, 3: 0, 4: 0, 5: 0, 6: 0, 7: 0, 8: 0, 9: 0}","{0: 0, 1: 0, 2: 0, 3: 0, 4: 0, 5: 0, 6: 0, 7: 0, 8: 0, 9: 0}","{0: 0, 1: 0, 2: 0, 3: 0, 4: 0, 5: 0, 6: 0, 7: 0, 8: 0, 9: 0}",0,0
rule_mencius,60c1s5r10p,YCSB_A,rw_zipf_0.1,concurrent_16,101,9600,160.34949999999998,220.4581,320.82337000000024,174.77522562499996,960.0,"{0: 75.758, 1: 76.768, 2: 46.939, 3: 72.0, 4: 70.0}","{0: 507.75, 1: 506.0, 2: 511.188, 3: 504.125, 4: 504.375}","{0: 332, 1: 343, 2: 357, 3: 430, 4: 330, 5: 455, 6: 960, 7: 960, 8: 960, 9: 436}","{0: 332, 1: 343, 2: 357, 3: 430, 4: 330, 5: 455, 6: 960, 7: 960, 8: 960, 9: 436}","{0: 0, 1: 0, 2: 0, 3: 44, 4: 36, 5: 200, 6: 960, 7: 960, 8: 960, 9: 204}",100.0,60.47096890167176
rule_mencius,60c1s5r10p,YCSB_A,rw_zipf_0.2,concurrent_16,0,9600,156.65550000000002,305.0175,360.14623,203.41249291666668,960.0,"{0: 19.388, 1: 19.388, 2: 18.367, 3: 20.408, 4: 18.367}","{0: 499.5, 1: 497.562, 2: 500.125, 3: 494.625, 4: 496.875}","{0: 0, 1: 0, 2: 0, 3: 0, 4: 0, 5: 0, 6: 0, 7: 0, 8: 0, 9: 0}","{0: 0, 1: 0, 2: 0, 3: 0, 4: 0, 5: 0, 6: 0, 7: 0, 8: 0, 9: 0}","{0: 0, 1: 0, 2: 0, 3: 0, 4: 0, 5: 0, 6: 0, 7: 0, 8: 0, 9: 0}",0,0
rule_mencius,60c1s5r10p,YCSB_A,rw_zipf_0.2,concurrent_16,101,9600,161.571,214.9204,311.34401000000014,173.33606874999998,960.0,"{0: 78.0, 1: 76.0, 2: 70.707, 3: 61.224, 4: 57.576}","{0: 507.188, 1: 505.125, 2: 508.688, 3: 502.688, 4: 505.0}","{0: 330, 1: 343, 2: 337, 3: 386, 4: 447, 5: 491, 6: 960, 7: 960, 8: 960, 9: 384}","{0: 330, 1: 343, 2: 336, 3: 385, 4: 447, 5: 491, 6: 960, 7: 960, 8: 960, 9: 384}","{0: 0, 1: 0, 2: 0, 3: 8, 4: 16, 5: 272, 6: 960, 7: 960, 8: 944, 9: 122}",99.96427295462665,58.62808145766345
rule_mencius,60c1s5r10p,YCSB_A,rw_zipf_0.3,concurrent_16,0,9600,155.3195,302.4722,359.61656,202.20341687500002,960.0,"{0: 21.649, 1: 21.212, 2: 20.408, 3: 21.0, 4: 20.619}","{0: 498.875, 1: 496.875, 2: 501.0, 3: 493.75, 4: 497.5}","{0: 0, 1: 0, 2: 0, 3: 0, 4: 0, 5: 0, 6: 0, 7: 0, 8: 0, 9: 0}","{0: 0, 1: 0, 2: 0, 3: 0, 4: 0, 5: 0, 6: 0, 7: 0, 8: 0, 9: 0}","{0: 0, 1: 0, 2: 0, 3: 0, 4: 0, 5: 0, 6: 0, 7: 0, 8: 0, 9: 0}",0,0
rule_mencius,60c1s5r10p,YCSB_A,rw_zipf_0.3,concurrent_16,101,9600,158.5685,214.686,306.90643,171.17300479166667,960.0,"{0: 51.515, 1: 55.0, 2: 65.657, 3: 66.0, 4: 67.327}","{0: 508.188, 1: 505.812, 2: 509.312, 3: 502.438, 4: 505.625}","{0: 357, 1: 349, 2: 316, 3: 344, 4: 361, 5: 415, 6: 960, 7: 960, 8: 960, 9: 496}","{0: 357, 1: 349, 2: 316, 3: 344, 4: 361, 5: 415, 6: 960, 7: 960, 8: 960, 9: 496}","{0: 0, 1: 0, 2: 0, 3: 0, 4: 0, 5: 220, 6: 960, 7: 960, 8: 960, 9: 333}",100.0,62.214570496556725
rule_mencius,60c1s5r10p,YCSB_A,rw_zipf_0.4,concurrent_16,0,9600,159.041,304.6592,356.88109999999995,203.02433427083335,960.0,"{0: 26.531, 1: 26.263, 2: 25.51, 3: 24.49, 4: 24.242}","{0: 499.938, 1: 498.125, 2: 503.5, 3: 497.188, 4: 497.25}","{0: 0, 1: 0, 2: 0, 3: 0, 4: 0, 5: 0, 6: 0, 7: 0, 8: 0, 9: 0}","{0: 0, 1: 0, 2: 0, 3: 0, 4: 0, 5: 0, 6: 0, 7: 0, 8: 0, 9: 0}","{0: 0, 1: 0, 2: 0, 3: 0, 4: 0, 5: 0, 6: 0, 7: 0, 8: 0, 9: 0}",0,0
rule_mencius,60c1s5r10p,YCSB_A,rw_zipf_0.4,concurrent_16,101,9600,157.9915,216.2695,309.02951,170.4323659375,960.0,"{0: 54.545, 1: 53.535, 2: 62.626, 3: 66.0, 4: 68.317}","{0: 507.25, 1: 505.438, 2: 509.5, 3: 502.5, 4: 504.625}","{0: 361, 1: 331, 2: 338, 3: 387, 4: 373, 5: 564, 6: 960, 7: 960, 8: 960, 9: 484}","{0: 361, 1: 331, 2: 338, 3: 387, 4: 373, 5: 564, 6: 959, 7: 960, 8: 960, 9: 484}","{0: 0, 1: 0, 2: 0, 3: 17, 4: 0, 5: 455, 6: 959, 7: 960, 8: 960, 9: 311}",99.98251136761105,64.0433718083246
rule_mencius,60c1s5r10p,YCSB_A,rw_zipf_0.5,concurrent_16,0,9600,158.22050000000002,302.8802,359.69939,203.3858428125,960.0,"{0: 28.283, 1: 27.0, 2: 28.283, 3: 28.283, 4: 27.273}","{0: 498.875, 1: 499.75, 2: 501.5, 3: 494.438, 4: 495.438}","{0: 0, 1: 0, 2: 0, 3: 0, 4: 0, 5: 0, 6: 0, 7: 0, 8: 0, 9: 0}","{0: 0, 1: 0, 2: 0, 3: 0, 4: 0, 5: 0, 6: 0, 7: 0, 8: 0, 9: 0}","{0: 0, 1: 0, 2: 0, 3: 0, 4: 0, 5: 0, 6: 0, 7: 0, 8: 0, 9: 0}",0,0
rule_mencius,60c1s5r10p,YCSB_A,rw_zipf_0.5,concurrent_16,101,9600,154.76049999999998,212.9832,309.90389000000005,168.88171125,960.0,"{0: 58.163, 1: 57.0, 2: 40.816, 3: 44.898, 4: 47.423}","{0: 507.812, 1: 505.75, 2: 511.562, 3: 504.562, 4: 504.188}","{0: 339, 1: 354, 2: 343, 3: 447, 4: 415, 5: 495, 6: 960, 7: 960, 8: 960, 9: 490}","{0: 339, 1: 354, 2: 343, 3: 447, 4: 415, 5: 495, 6: 960, 7: 960, 8: 957, 9: 490}","{0: 0, 1: 0, 2: 0, 3: 0, 4: 11, 5: 358, 6: 960, 7: 960, 8: 957, 9: 365}",99.94794377928163,62.658337671351724
rule_mencius,60c1s5r10p,YCSB_A,rw_zipf_0.55,concurrent_16,0,9600,155.7845,304.5805,359.10202999999996,203.13254177083334,960.0,"{0: 23.232, 1: 21.429, 2: 21.212, 3: 21.212, 4: 20.408}","{0: 498.938, 1: 497.312, 2: 501.375, 3: 494.375, 4: 497.125}","{0: 0, 1: 0, 2: 0, 3: 0, 4: 0, 5: 0, 6: 0, 7: 0, 8: 0, 9: 0}","{0: 0, 1: 0, 2: 0, 3: 0, 4: 0, 5: 0, 6: 0, 7: 0, 8: 0, 9: 0}","{0: 0, 1: 0, 2: 0, 3: 0, 4: 0, 5: 0, 6: 0, 7: 0, 8: 0, 9: 0}",0,0
rule_mencius,60c1s5r10p,YCSB_A,rw_zipf_0.55,concurrent_16,101,9600,159.50799999999998,216.8093,314.49513,172.2097353125,960.0,"{0: 66.0, 1: 66.0, 2: 59.596, 3: 52.475, 4: 56.122}","{0: 508.562, 1: 506.0, 2: 510.25, 3: 505.375, 4: 505.75}","{0: 358, 1: 361, 2: 374, 3: 500, 4: 396, 5: 408, 6: 960, 7: 960, 8: 960, 9: 422}","{0: 357, 1: 361, 2: 374, 3: 498, 4: 396, 5: 406, 6: 958, 7: 960, 8: 959, 9: 422}","{0: 0, 1: 0, 2: 0, 3: 9, 4: 0, 5: 161, 6: 958, 7: 960, 8: 959, 9: 217}",99.85962449552554,57.27320582558344
rule_mencius,60c1s5r10p,YCSB_A,rw_zipf_0.6,concurrent_16,0,9600,159.642,304.6501,361.24206000000004,204.77148031250002,960.0,"{0: 29.293, 1: 29.0, 2: 27.835, 3: 28.0, 4: 27.551}","{0: 500.188, 1: 498.562, 2: 503.938, 3: 495.188, 4: 498.188}","{0: 0, 1: 0, 2: 0, 3: 0, 4: 0, 5: 0, 6: 0, 7: 0, 8: 0, 9: 0}","{0: 0, 1: 0, 2: 0, 3: 0, 4: 0, 5: 0, 6: 0, 7: 0, 8: 0, 9: 0}","{0: 0, 1: 0, 2: 0, 3: 0, 4: 0, 5: 0, 6: 0, 7: 0, 8: 0, 9: 0}",0,0
rule_mencius,60c1s5r10p,YCSB_A,rw_zipf_0.6,concurrent_16,101,9600,156.06349999999998,216.8438,322.4463,171.21838583333334,960.0,"{0: 56.122, 1: 56.436, 2: 50.0, 3: 52.525, 4: 52.525}","{0: 507.625, 1: 503.188, 2: 508.375, 3: 502.125, 4: 504.5}","{0: 339, 1: 349, 2: 367, 3: 464, 4: 414, 5: 527, 6: 960, 7: 960, 8: 960, 9: 438}","{0: 336, 1: 348, 2: 367, 3: 463, 4: 412, 5: 526, 6: 957, 7: 959, 8: 957, 9: 437}","{0: 0, 1: 0, 2: 0, 3: 33, 4: 0, 5: 307, 6: 957, 7: 959, 8: 957, 9: 170}",99.72308757355486,58.549671166493596
rule_mencius,60c1s5r10p,YCSB_A,rw_zipf_0.65,concurrent_16,0,9600,154.537,301.6485,356.62508,201.53583322916666,960.0,"{0: 21.212, 1: 20.408, 2: 18.557, 3: 20.408, 4: 20.0}","{0: 499.25, 1: 497.125, 2: 500.25, 3: 495.0, 4: 496.5}","{0: 0, 1: 0, 2: 0, 3: 0, 4: 0, 5: 0, 6: 0, 7: 0, 8: 0, 9: 0}","{0: 0, 1: 0, 2: 0, 3: 0, 4: 0, 5: 0, 6: 0, 7: 0, 8: 0, 9: 0}","{0: 0, 1: 0, 2: 0, 3: 0, 4: 0, 5: 0, 6: 0, 7: 0, 8: 0, 9: 0}",0,0
rule_mencius,60c1s5r10p,YCSB_A,rw_zipf_0.65,concurrent_16,101,9600,160.423,216.371,324.66216,173.706133125,960.0,"{0: 73.0, 1: 70.707, 2: 60.0, 3: 50.505, 4: 48.485}","{0: 508.625, 1: 506.438, 2: 511.562, 3: 505.75, 4: 505.0}","{0: 380, 1: 358, 2: 389, 3: 515, 4: 533, 5: 492, 6: 960, 7: 960, 8: 960, 9: 420}","{0: 377, 1: 355, 2: 386, 3: 514, 4: 528, 5: 486, 6: 957, 7: 952, 8: 954, 9: 418}","{0: 0, 1: 0, 2: 0, 3: 10, 4: 0, 5: 346, 6: 957, 7: 952, 8: 874, 9: 174}",99.32964638846991,55.52203787497905
rule_mencius,60c1s5r10p,YCSB_A,rw_zipf_0.7,concurrent_16,0,9600,158.539,303.9011,358.07013,203.60945145833335,960.0,"{0: 25.253, 1: 23.469, 2: 23.232, 3: 24.49, 4: 23.232}","{0: 499.812, 1: 498.5, 2: 501.375, 3: 495.938, 4: 495.25}","{0: 0, 1: 0, 2: 0, 3: 0, 4: 0, 5: 0, 6: 0, 7: 0, 8: 0, 9: 0}","{0: 0, 1: 0, 2: 0, 3: 0, 4: 0, 5: 0, 6: 0, 7: 0, 8: 0, 9: 0}","{0: 0, 1: 0, 2: 0, 3: 0, 4: 0, 5: 0, 6: 0, 7: 0, 8: 0, 9: 0}",0,0
rule_mencius,60c1s5r10p,YCSB_A,rw_zipf_0.7,concurrent_16,101,9600,155.4145,214.76649999999998,302.25503,168.1496935416667,960.0,"{0: 46.0, 1: 47.475, 2: 46.939, 3: 45.361, 4: 45.361}","{0: 506.75, 1: 504.875, 2: 507.812, 3: 501.312, 4: 504.688}","{0: 340, 1: 356, 2: 331, 3: 477, 4: 431, 5: 670, 6: 960, 7: 960, 8: 960, 9: 442}","{0: 336, 1: 352, 2: 327, 3: 465, 4: 429, 5: 664, 6: 947, 7: 947, 8: 944, 9: 438}","{0: 0, 1: 0, 2: 0, 3: 25, 4: 16, 5: 517, 6: 947, 7: 947, 8: 944, 9: 203}",98.68398852707946,60.72211911591024
rule_mencius,60c1s5r10p,YCSB_A,rw_zipf_0.75,concurrent_16,0,9600,156.546,304.99510000000004,358.88313,203.4095521875,960.0,"{0: 18.0, 1: 16.162, 2: 17.526, 3: 18.0, 4: 18.182}","{0: 498.0, 1: 496.312, 2: 498.75, 3: 495.062, 4: 495.5}","{0: 0, 1: 0, 2: 0, 3: 0, 4: 0, 5: 0, 6: 0, 7: 0, 8: 0, 9: 0}","{0: 0, 1: 0, 2: 0, 3: 0, 4: 0, 5: 0, 6: 0, 7: 0, 8: 0, 9: 0}","{0: 0, 1: 0, 2: 0, 3: 0, 4: 0, 5: 0, 6: 0, 7: 0, 8: 0, 9: 0}",0,0
rule_mencius,60c1s5r10p,YCSB_A,rw_zipf_0.75,concurrent_16,101,9600,155.089,215.7581,315.81027,171.07818052083334,960.0,"{0: 47.959, 1: 47.0, 2: 48.485, 3: 49.495, 4: 52.525}","{0: 508.062, 1: 505.688, 2: 508.0, 3: 502.688, 4: 504.75}","{0: 340, 1: 364, 2: 351, 3: 358, 4: 410, 5: 451, 6: 960, 7: 960, 8: 960, 9: 434}","{0: 334, 1: 356, 2: 350, 3: 349, 4: 395, 5: 441, 6: 932, 7: 939, 8: 942, 9: 426}","{0: 0, 1: 0, 2: 0, 3: 0, 4: 0, 5: 270, 6: 932, 7: 939, 8: 942, 9: 227}",97.78095919828203,59.23407301360057
rule_mencius,60c1s5r10p,YCSB_A,rw_zipf_0.8,concurrent_16,0,9600,156.70100000000002,304.2445,356.50611,202.2934440625,960.0,"{0: 22.449, 1: 23.0, 2: 22.68, 3: 21.429, 4: 20.408}","{0: 497.5, 1: 498.438, 2: 500.562, 3: 494.312, 4: 497.062}","{0: 0, 1: 0, 2: 0, 3: 0, 4: 0, 5: 0, 6: 0, 7: 0, 8: 0, 9: 0}","{0: 0, 1: 0, 2: 0, 3: 0, 4: 0, 5: 0, 6: 0, 7: 0, 8: 0, 9: 0}","{0: 0, 1: 0, 2: 0, 3: 0, 4: 0, 5: 0, 6: 0, 7: 0, 8: 0, 9: 0}",0,0
rule_mencius,60c1s5r10p,YCSB_A,rw_zipf_0.8,concurrent_16,101,9600,156.168,215.0335,313.62218,169.2576297916667,960.0,"{0: 61.224, 1: 61.616, 2: 43.434, 3: 45.455, 4: 42.857}","{0: 504.812, 1: 505.5, 2: 506.312, 3: 501.375, 4: 504.375}","{0: 316, 1: 357, 2: 376, 3: 468, 4: 432, 5: 568, 6: 960, 7: 960, 8: 960, 9: 529}","{0: 302, 1: 345, 2: 356, 3: 450, 4: 413, 5: 544, 6: 916, 7: 921, 8: 917, 9: 514}","{0: 0, 1: 0, 2: 0, 3: 12, 4: 0, 5: 270, 6: 916, 7: 921, 8: 917, 9: 227}",95.8150523118461,55.062436719541004
rule_mencius,60c1s5r10p,YCSB_A,rw_zipf_0.85,concurrent_16,0,9600,158.6455,305.791,362.53516,204.94585645833334,960.0,"{0: 25.253, 1: 23.762, 2: 26.263, 3: 26.804, 4: 25.51}","{0: 499.75, 1: 497.688, 2: 499.812, 3: 494.625, 4: 494.625}","{0: 0, 1: 0, 2: 0, 3: 0, 4: 0, 5: 0, 6: 0, 7: 0, 8: 0, 9: 0}","{0: 0, 1: 0, 2: 0, 3: 0, 4: 0, 5: 0, 6: 0, 7: 0, 8: 0, 9: 0}","{0: 0, 1: 0, 2: 0, 3: 0, 4: 0, 5: 0, 6: 0, 7: 0, 8: 0, 9: 0}",0,0
rule_mencius,60c1s5r10p,YCSB_A,rw_zipf_0.85,concurrent_16,101,9600,157.12400000000002,215.272,305.53816,170.74274749999998,960.0,"{0: 71.717, 1: 72.0, 2: 67.347, 3: 47.959, 4: 55.0}","{0: 503.25, 1: 504.25, 2: 506.438, 3: 501.125, 4: 502.938}","{0: 336, 1: 337, 2: 336, 3: 541, 4: 348, 5: 485, 6: 960, 7: 960, 8: 960, 9: 504}","{0: 310, 1: 317, 2: 316, 3: 506, 4: 323, 5: 447, 6: 891, 7: 897, 8: 902, 9: 477}","{0: 0, 1: 0, 2: 0, 3: 19, 4: 0, 5: 176, 6: 891, 7: 897, 8: 902, 9: 265}",93.39344546558003,54.621120166464365
rule_mencius,60c1s5r10p,YCSB_A,rw_zipf_0.9,concurrent_16,0,9600,157.274,302.6637,360.75401,204.04964489583332,960.0,"{0: 25.51, 1: 26.263, 2: 26.531, 3: 25.253, 4: 25.253}","{0: 497.625, 1: 498.188, 2: 500.312, 3: 494.625, 4: 494.75}","{0: 0, 1: 0, 2: 0, 3: 0, 4: 0, 5: 0, 6: 0, 7: 0, 8: 0, 9: 0}","{0: 0, 1: 0, 2: 0, 3: 0, 4: 0, 5: 0, 6: 0, 7: 0, 8: 0, 9: 0}","{0: 0, 1: 0, 2: 0, 3: 0, 4: 0, 5: 0, 6: 0, 7: 0, 8: 0, 9: 0}",0,0
rule_mencius,60c1s5r10p,YCSB_A,rw_zipf_0.9,concurrent_16,101,9600,164.872,217.767,317.63418,175.92318677083335,960.0,"{0: 82.0, 1: 77.778, 2: 77.0, 3: 72.727, 4: 70.707}","{0: 506.188, 1: 504.125, 2: 506.875, 3: 501.312, 4: 503.125}","{0: 334, 1: 304, 2: 344, 3: 346, 4: 498, 5: 511, 6: 957, 7: 960, 8: 960, 9: 610}","{0: 298, 1: 273, 2: 306, 3: 301, 4: 441, 5: 440, 6: 848, 7: 844, 8: 837, 9: 539}","{0: 0, 1: 0, 2: 12, 3: 4, 4: 79, 5: 336, 6: 848, 7: 844, 8: 837, 9: 429}",88.03228021978022,58.190247252747255
rule_mencius,60c1s5r10p,YCSB_A,rw_zipf_0.95,concurrent_16,0,9600,154.2625,307.9976,388.05576,203.1377783333333,960.0,"{0: 18.557, 1: 18.182, 2: 19.388, 3: 19.588, 4: 18.182}","{0: 497.062, 1: 495.75, 2: 497.812, 3: 494.438, 4: 494.062}","{0: 0, 1: 0, 2: 0, 3: 0, 4: 0, 5: 0, 6: 0, 7: 0, 8: 0, 9: 0}","{0: 0, 1: 0, 2: 0, 3: 0, 4: 0, 5: 0, 6: 0, 7: 0, 8: 0, 9: 0}","{0: 0, 1: 0, 2: 0, 3: 0, 4: 0, 5: 0, 6: 0, 7: 0, 8: 0, 9: 0}",0,0
rule_mencius,60c1s5r10p,YCSB_A,rw_zipf_0.95,concurrent_16,101,9600,157.3995,247.05370000000002,313.46405000000004,175.90688458333332,960.0,"{0: 45.455, 1: 45.455, 2: 48.0, 3: 49.495, 4: 49.495}","{0: 504.938, 1: 502.625, 2: 505.375, 3: 500.062, 4: 501.875}","{0: 362, 1: 351, 2: 357, 3: 391, 4: 386, 5: 406, 6: 956, 7: 920, 8: 952, 9: 397}","{0: 294, 1: 301, 2: 294, 3: 330, 4: 315, 5: 342, 6: 809, 7: 779, 8: 791, 9: 340}","{0: 0, 1: 0, 2: 0, 3: 8, 4: 0, 5: 174, 6: 802, 7: 738, 8: 758, 9: 62}",83.88097845929171,46.403797006206645
rule_mencius,60c1s5r10p,YCSB_A,rw_zipf_1,concurrent_16,0,9600,159.57049999999998,314.1049,393.37903,207.99356104166665,960.0,"{0: 28.283, 1: 26.263, 2: 25.0, 3: 25.51, 4: 23.469}","{0: 498.312, 1: 496.625, 2: 499.312, 3: 494.312, 4: 494.25}","{0: 0, 1: 0, 2: 0, 3: 0, 4: 0, 5: 0, 6: 0, 7: 0, 8: 0, 9: 0}","{0: 0, 1: 0, 2: 0, 3: 0, 4: 0, 5: 0, 6: 0, 7: 0, 8: 0, 9: 0}","{0: 0, 1: 0, 2: 0, 3: 0, 4: 0, 5: 0, 6: 0, 7: 0, 8: 0, 9: 0}",0,0
rule_mencius,60c1s5r10p,YCSB_A,rw_zipf_1,concurrent_16,101,9600,154.7295,247.9297,303.47217,173.8602759375,960.0,"{0: 40.0, 1: 38.0, 2: 35.052, 3: 35.714, 4: 38.144}","{0: 500.875, 1: 501.562, 2: 502.688, 3: 497.75, 4: 500.062}","{0: 340, 1: 336, 2: 340, 3: 416, 4: 332, 5: 527, 6: 947, 7: 949, 8: 951, 9: 428}","{0: 255, 1: 253, 2: 254, 3: 335, 4: 260, 5: 413, 6: 710, 7: 703, 8: 751, 9: 322}","{0: 0, 1: 0, 2: 0, 3: 0, 4: 0, 5: 120, 6: 710, 7: 703, 8: 751, 9: 87}",76.46424721523536,42.59791591807402
rule_mencius,60c1s5r10p,YCSB_B,rw_zipf_0,concurrent_16,0,9600,157.78300000000002,305.8867,359.69539,202.61021166666663,960.0,"{0: 23.0, 1: 22.68, 2: 20.408, 3: 20.619, 4: 22.0}","{0: 500.875, 1: 499.0, 2: 503.188, 3: 495.312, 4: 499.0}","{0: 0, 1: 0, 2: 0, 3: 0, 4: 0, 5: 0, 6: 0, 7: 0, 8: 0, 9: 0}","{0: 0, 1: 0, 2: 0, 3: 0, 4: 0, 5: 0, 6: 0, 7: 0, 8: 0, 9: 0}","{0: 0, 1: 0, 2: 0, 3: 0, 4: 0, 5: 0, 6: 0, 7: 0, 8: 0, 9: 0}",0,0
rule_mencius,60c1s5r10p,YCSB_B,rw_zipf_0,concurrent_16,101,9600,154.0115,212.918,297.11959000000013,163.8192555208333,960.0,"{0: 63.636, 1: 61.386, 2: 42.857, 3: 48.0, 4: 48.515}","{0: 504.312, 1: 504.75, 2: 507.562, 3: 501.188, 4: 502.25}","{0: 351, 1: 328, 2: 323, 3: 462, 4: 379, 5: 804, 6: 960, 7: 960, 8: 960, 9: 690}","{0: 351, 1: 328, 2: 323, 3: 462, 4: 379, 5: 804, 6: 960, 7: 960, 8: 960, 9: 690}","{0: 0, 1: 0, 2: 0, 3: 0, 4: 0, 5: 623, 6: 960, 7: 960, 8: 960, 9: 481}",100.0,64.082354833521
rule_mencius,60c1s5r10p,YCSB_B,rw_zipf_0.1,concurrent_16,0,9600,154.83350000000002,302.0844,358.10031000000004,201.72899416666667,960.0,"{0: 18.182, 1: 18.182, 2: 19.192, 3: 20.202, 4: 18.367}","{0: 499.75, 1: 497.938, 2: 499.875, 3: 494.312, 4: 496.312}","{0: 0, 1: 0, 2: 0, 3: 0, 4: 0, 5: 0, 6: 0, 7: 0, 8: 0, 9: 0}","{0: 0, 1: 0, 2: 0, 3: 0, 4: 0, 5: 0, 6: 0, 7: 0, 8: 0, 9: 0}","{0: 0, 1: 0, 2: 0, 3: 0, 4: 0, 5: 0, 6: 0, 7: 0, 8: 0, 9: 0}",0,0
rule_mencius,60c1s5r10p,YCSB_B,rw_zipf_0.1,concurrent_16,101,9600,153.5685,212.875,307.97914,165.30487166666666,960.0,"{0: 57.732, 1: 56.122, 2: 45.545, 3: 39.0, 4: 39.394}","{0: 508.688, 1: 506.812, 2: 510.438, 3: 503.188, 4: 506.188}","{0: 330, 1: 355, 2: 358, 3: 532, 4: 456, 5: 601, 6: 960, 7: 960, 8: 960, 9: 672}","{0: 330, 1: 355, 2: 358, 3: 532, 4: 456, 5: 601, 6: 960, 7: 960, 8: 960, 9: 672}","{0: 0, 1: 0, 2: 0, 3: 0, 4: 0, 5: 379, 6: 960, 7: 960, 8: 944, 9: 488}",100.0,60.33311772315653
rule_mencius,60c1s5r10p,YCSB_B,rw_zipf_0.2,concurrent_16,0,9600,158.23250000000002,304.47610000000003,358.44202,202.86245875,960.0,"{0: 24.49, 1: 26.531, 2: 24.49, 3: 25.253, 4: 25.253}","{0: 499.0, 1: 499.562, 2: 504.312, 3: 495.438, 4: 498.5}","{0: 0, 1: 0, 2: 0, 3: 0, 4: 0, 5: 0, 6: 0, 7: 0, 8: 0, 9: 0}","{0: 0, 1: 0, 2: 0, 3: 0, 4: 0, 5: 0, 6: 0, 7: 0, 8: 0, 9: 0}","{0: 0, 1: 0, 2: 0, 3: 0, 4: 0, 5: 0, 6: 0, 7: 0, 8: 0, 9: 0}",0,0
rule_mencius,60c1s5r10p,YCSB_B,rw_zipf_0.2,concurrent_16,101,9600,160.472,216.2579,309.72970000000004,170.9129054166667,960.0,"{0: 67.0, 1: 66.667, 2: 48.98, 3: 62.626, 4: 64.286}","{0: 505.562, 1: 506.062, 2: 507.688, 3: 502.438, 4: 502.812}","{0: 353, 1: 337, 2: 379, 3: 408, 4: 349, 5: 499, 6: 960, 7: 960, 8: 960, 9: 513}","{0: 353, 1: 337, 2: 379, 3: 408, 4: 349, 5: 499, 6: 960, 7: 960, 8: 959, 9: 513}","{0: 0, 1: 0, 2: 0, 3: 28, 4: 0, 5: 216, 6: 960, 7: 960, 8: 959, 9: 327}",99.98251136761105,60.335781741867784
rule_mencius,60c1s5r10p,YCSB_B,rw_zipf_0.3,concurrent_16,0,9600,154.3885,302.6621,354.85323,201.17329135416665,960.0,"{0: 19.192, 1: 18.182, 2: 19.192, 3: 20.408, 4: 19.388}","{0: 499.875, 1: 498.062, 2: 499.938, 3: 495.0, 4: 496.188}","{0: 0, 1: 0, 2: 0, 3: 0, 4: 0, 5: 0, 6: 0, 7: 0, 8: 0, 9: 0}","{0: 0, 1: 0, 2: 0, 3: 0, 4: 0, 5: 0, 6: 0, 7: 0, 8: 0, 9: 0}","{0: 0, 1: 0, 2: 0, 3: 0, 4: 0, 5: 0, 6: 0, 7: 0, 8: 0, 9: 0}",0,0
rule_mencius,60c1s5r10p,YCSB_B,rw_zipf_0.3,concurrent_16,101,9600,154.56650000000002,214.1973,302.87952,166.67103020833335,960.0,"{0: 46.465, 1: 48.98, 2: 40.404, 3: 49.485, 4: 46.465}","{0: 507.375, 1: 505.312, 2: 508.25, 3: 501.938, 4: 504.75}","{0: 320, 1: 331, 2: 339, 3: 414, 4: 372, 5: 538, 6: 960, 7: 960, 8: 960, 9: 528}","{0: 320, 1: 331, 2: 339, 3: 414, 4: 372, 5: 538, 6: 960, 7: 960, 8: 960, 9: 528}","{0: 0, 1: 0, 2: 0, 3: 0, 4: 0, 5: 359, 6: 960, 7: 960, 8: 960, 9: 434}",100.0,64.1908423628102
rule_mencius,60c1s5r10p,YCSB_B,rw_zipf_0.4,concurrent_16,0,9600,159.15449999999998,305.9491,355.7164900000001,202.92417916666668,960.0,"{0: 26.733, 1: 24.49, 2: 22.68, 3: 24.49, 4: 24.242}","{0: 500.625, 1: 498.312, 2: 502.188, 3: 495.125, 4: 495.5}","{0: 0, 1: 0, 2: 0, 3: 0, 4: 0, 5: 0, 6: 0, 7: 0, 8: 0, 9: 0}","{0: 0, 1: 0, 2: 0, 3: 0, 4: 0, 5: 0, 6: 0, 7: 0, 8: 0, 9: 0}","{0: 0, 1: 0, 2: 0, 3: 0, 4: 0, 5: 0, 6: 0, 7: 0, 8: 0, 9: 0}",0,0
rule_mencius,60c1s5r10p,YCSB_B,rw_zipf_0.4,concurrent_16,101,9600,157.153,213.3091,305.97433,167.99559770833335,960.0,"{0: 60.606, 1: 63.366, 2: 58.0, 3: 52.041, 4: 54.545}","{0: 505.5, 1: 506.0, 2: 508.438, 3: 502.0, 4: 502.812}","{0: 351, 1: 332, 2: 339, 3: 469, 4: 345, 5: 593, 6: 960, 7: 960, 8: 960, 9: 683}","{0: 351, 1: 332, 2: 339, 3: 469, 4: 345, 5: 593, 6: 960, 7: 960, 8: 960, 9: 683}","{0: 0, 1: 0, 2: 0, 3: 0, 4: 0, 5: 409, 6: 960, 7: 960, 8: 960, 9: 573}",100.0,64.45260347129506
rule_mencius,60c1s5r10p,YCSB_B,rw_zipf_0.5,concurrent_16,0,9600,156.344,304.1554,358.34902,201.99175010416667,960.0,"{0: 18.182, 1: 17.347, 2: 18.182, 3: 18.557, 4: 18.367}","{0: 499.688, 1: 497.5, 2: 500.0, 3: 496.5, 4: 495.688}","{0: 0, 1: 0, 2: 0, 3: 0, 4: 0, 5: 0, 6: 0, 7: 0, 8: 0, 9: 0}","{0: 0, 1: 0, 2: 0, 3: 0, 4: 0, 5: 0, 6: 0, 7: 0, 8: 0, 9: 0}","{0: 0, 1: 0, 2: 0, 3: 0, 4: 0, 5: 0, 6: 0, 7: 0, 8: 0, 9: 0}",0,0
rule_mencius,60c1s5r10p,YCSB_B,rw_zipf_0.5,concurrent_16,101,9600,153.791,212.2691,301.28318,165.50443458333334,960.0,"{0: 52.475, 1: 51.961, 2: 43.878, 3: 38.542, 4: 36.735}","{0: 504.125, 1: 504.875, 2: 507.812, 3: 501.438, 4: 503.562}","{0: 353, 1: 339, 2: 344, 3: 388, 4: 439, 5: 582, 6: 960, 7: 960, 8: 960, 9: 545}","{0: 353, 1: 339, 2: 344, 3: 388, 4: 439, 5: 581, 6: 960, 7: 960, 8: 960, 9: 545}","{0: 0, 1: 0, 2: 0, 3: 0, 4: 0, 5: 287, 6: 960, 7: 960, 8: 928, 9: 195}",99.98296422487223,56.72913117546848
rule_mencius,60c1s5r10p,YCSB_B,rw_zipf_0.55,concurrent_16,0,9600,154.64749999999998,301.32050000000004,355.47227,200.76486052083337,960.0,"{0: 22.222, 1: 21.429, 2: 21.0, 3: 20.619, 4: 22.0}","{0: 499.0, 1: 497.312, 2: 500.375, 3: 493.0, 4: 497.125}","{0: 0, 1: 0, 2: 0, 3: 0, 4: 0, 5: 0, 6: 0, 7: 0, 8: 0, 9: 0}","{0: 0, 1: 0, 2: 0, 3: 0, 4: 0, 5: 0, 6: 0, 7: 0, 8: 0, 9: 0}","{0: 0, 1: 0, 2: 0, 3: 0, 4: 0, 5: 0, 6: 0, 7: 0, 8: 0, 9: 0}",0,0
rule_mencius,60c1s5r10p,YCSB_B,rw_zipf_0.55,concurrent_16,101,9600,157.152,214.9465,307.30613,169.67098708333336,960.0,"{0: 47.525, 1: 50.0, 2: 61.856, 3: 59.794, 4: 60.606}","{0: 507.938, 1: 505.625, 2: 510.5, 3: 505.312, 4: 505.0}","{0: 347, 1: 340, 2: 315, 3: 402, 4: 341, 5: 550, 6: 960, 7: 960, 8: 960, 9: 494}","{0: 347, 1: 340, 2: 314, 3: 402, 4: 341, 5: 550, 6: 960, 7: 960, 8: 960, 9: 494}","{0: 0, 1: 0, 2: 0, 3: 72, 4: 0, 5: 384, 6: 960, 7: 960, 8: 960, 9: 299}",99.98236020462163,64.12065620038807
rule_mencius,60c1s5r10p,YCSB_B,rw_zipf_0.6,concurrent_16,0,9600,155.712,303.7339,357.70446000000004,202.29235395833334,960.0,"{0: 24.242, 1: 24.242, 2: 22.449, 3: 23.469, 4: 23.0}","{0: 500.312, 1: 498.188, 2: 502.938, 3: 494.625, 4: 497.875}","{0: 0, 1: 0, 2: 0, 3: 0, 4: 0, 5: 0, 6: 0, 7: 0, 8: 0, 9: 0}","{0: 0, 1: 0, 2: 0, 3: 0, 4: 0, 5: 0, 6: 0, 7: 0, 8: 0, 9: 0}","{0: 0, 1: 0, 2: 0, 3: 0, 4: 0, 5: 0, 6: 0, 7: 0, 8: 0, 9: 0}",0,0
rule_mencius,60c1s5r10p,YCSB_B,rw_zipf_0.6,concurrent_16,101,9600,156.1655,214.2654,303.57411,169.36060552083333,960.0,"{0: 48.485, 1: 49.485, 2: 51.515, 3: 54.0, 4: 55.556}","{0: 506.812, 1: 504.812, 2: 508.125, 3: 500.75, 4: 504.312}","{0: 351, 1: 351, 2: 365, 3: 404, 4: 336, 5: 361, 6: 960, 7: 960, 8: 960, 9: 436}","{0: 351, 1: 351, 2: 365, 3: 404, 4: 336, 5: 361, 6: 960, 7: 958, 8: 960, 9: 436}","{0: 0, 1: 0, 2: 0, 3: 30, 4: 0, 5: 0, 6: 960, 7: 958, 8: 960, 9: 222}",99.963530269876,57.075127644055435
rule_mencius,60c1s5r10p,YCSB_B,rw_zipf_0.65,concurrent_16,0,9600,155.378,302.8046,356.91806,202.11348177083335,960.0,"{0: 21.212, 1: 20.202, 2: 20.202, 3: 21.429, 4: 20.619}","{0: 498.875, 1: 496.75, 2: 500.188, 3: 493.625, 4: 495.75}","{0: 0, 1: 0, 2: 0, 3: 0, 4: 0, 5: 0, 6: 0, 7: 0, 8: 0, 9: 0}","{0: 0, 1: 0, 2: 0, 3: 0, 4: 0, 5: 0, 6: 0, 7: 0, 8: 0, 9: 0}","{0: 0, 1: 0, 2: 0, 3: 0, 4: 0, 5: 0, 6: 0, 7: 0, 8: 0, 9: 0}",0,0
rule_mencius,60c1s5r10p,YCSB_B,rw_zipf_0.65,concurrent_16,101,9600,156.313,212.8583,308.56914,168.42604666666668,960.0,"{0: 62.0, 1: 61.616, 2: 48.485, 3: 51.0, 4: 51.0}","{0: 507.812, 1: 505.375, 2: 509.0, 3: 501.375, 4: 503.75}","{0: 349, 1: 365, 2: 398, 3: 428, 4: 482, 5: 674, 6: 960, 7: 960, 8: 960, 9: 593}","{0: 349, 1: 364, 2: 398, 3: 428, 4: 481, 5: 674, 6: 959, 7: 960, 8: 960, 9: 591}","{0: 0, 1: 0, 2: 0, 3: 11, 4: 16, 5: 565, 6: 959, 7: 960, 8: 944, 9: 424}",99.9189495866429,62.87891068244448
rule_mencius,60c1s5r10p,YCSB_B,rw_zipf_0.7,concurrent_16,0,9600,155.866,302.859,357.87514,202.5473726041667,960.0,"{0: 25.0, 1: 24.49, 2: 26.0, 3: 25.253, 4: 25.51}","{0: 497.938, 1: 498.562, 2: 500.5, 3: 495.125, 4: 495.562}","{0: 0, 1: 0, 2: 0, 3: 0, 4: 0, 5: 0, 6: 0, 7: 0, 8: 0, 9: 0}","{0: 0, 1: 0, 2: 0, 3: 0, 4: 0, 5: 0, 6: 0, 7: 0, 8: 0, 9: 0}","{0: 0, 1: 0, 2: 0, 3: 0, 4: 0, 5: 0, 6: 0, 7: 0, 8: 0, 9: 0}",0,0
rule_mencius,60c1s5r10p,YCSB_B,rw_zipf_0.7,concurrent_16,101,9600,157.2525,215.6402,307.90500000000003,170.22397593749997,960.0,"{0: 53.0, 1: 52.041, 2: 54.639, 3: 53.535, 4: 54.545}","{0: 505.938, 1: 506.0, 2: 509.312, 3: 503.0, 4: 503.125}","{0: 346, 1: 369, 2: 328, 3: 488, 4: 378, 5: 523, 6: 960, 7: 960, 8: 960, 9: 437}","{0: 345, 1: 368, 2: 328, 3: 488, 4: 378, 5: 522, 6: 956, 7: 957, 8: 958, 9: 437}","{0: 0, 1: 0, 2: 0, 3: 165, 4: 0, 5: 372, 6: 956, 7: 957, 8: 958, 9: 155}",99.7912680466168,61.97599582536093
rule_mencius,60c1s5r10p,YCSB_B,rw_zipf_0.75,concurrent_16,0,9600,156.701,302.28290000000004,363.37204,203.22300520833332,960.0,"{0: 18.367, 1: 19.192, 2: 19.0, 3: 19.0, 4: 18.367}","{0: 499.625, 1: 498.062, 2: 500.438, 3: 494.688, 4: 497.562}","{0: 0, 1: 0, 2: 0, 3: 0, 4: 0, 5: 0, 6: 0, 7: 0, 8: 0, 9: 0}","{0: 0, 1: 0, 2: 0, 3: 0, 4: 0, 5: 0, 6: 0, 7: 0, 8: 0, 9: 0}","{0: 0, 1: 0, 2: 0, 3: 0, 4: 0, 5: 0, 6: 0, 7: 0, 8: 0, 9: 0}",0,0
rule_mencius,60c1s5r10p,YCSB_B,rw_zipf_0.75,concurrent_16,101,9600,165.34199999999998,216.8941,317.815,176.06964,960.0,"{0: 91.919, 1: 92.929, 2: 78.571, 3: 64.646, 4: 62.0}","{0: 505.875, 1: 505.75, 2: 508.75, 3: 502.562, 4: 505.875}","{0: 386, 1: 347, 2: 418, 3: 558, 4: 554, 5: 760, 6: 960, 7: 960, 8: 960, 9: 895}","{0: 384, 1: 346, 2: 418, 3: 557, 4: 551, 5: 758, 6: 957, 7: 960, 8: 954, 9: 892}","{0: 73, 1: 65, 2: 0, 3: 117, 4: 16, 5: 504, 6: 957, 7: 960, 8: 954, 9: 795}",99.69108561341571,65.32803765813475
rule_mencius,60c1s5r10p,YCSB_B,rw_zipf_0.8,concurrent_16,0,9600,158.9115,302.6541,355.09484000000003,203.34134052083334,960.0,"{0: 23.232, 1: 23.232, 2: 24.0, 3: 23.469, 4: 22.222}","{0: 497.75, 1: 498.312, 2: 500.312, 3: 494.75, 4: 495.0}","{0: 0, 1: 0, 2: 0, 3: 0, 4: 0, 5: 0, 6: 0, 7: 0, 8: 0, 9: 0}","{0: 0, 1: 0, 2: 0, 3: 0, 4: 0, 5: 0, 6: 0, 7: 0, 8: 0, 9: 0}","{0: 0, 1: 0, 2: 0, 3: 0, 4: 0, 5: 0, 6: 0, 7: 0, 8: 0, 9: 0}",0,0
rule_mencius,60c1s5r10p,YCSB_B,rw_zipf_0.8,concurrent_16,101,9600,154.789,210.9342,303.03581,168.2108536458333,960.0,"{0: 64.0, 1: 65.657, 2: 56.122, 3: 43.878, 4: 43.0}","{0: 505.625, 1: 505.75, 2: 508.562, 3: 503.188, 4: 505.188}","{0: 364, 1: 328, 2: 337, 3: 538, 4: 453, 5: 581, 6: 960, 7: 960, 8: 960, 9: 407}","{0: 363, 1: 326, 2: 334, 3: 534, 4: 453, 5: 576, 6: 952, 7: 957, 8: 958, 9: 405}","{0: 0, 1: 0, 2: 0, 3: 16, 4: 0, 5: 412, 6: 952, 7: 957, 8: 958, 9: 113}",99.49048913043478,57.880434782608695
rule_mencius,60c1s5r10p,YCSB_B,rw_zipf_0.85,concurrent_16,0,9600,155.65449999999998,304.40360000000004,356.02332,202.1391721875,960.0,"{0: 19.388, 1: 20.408, 2: 20.202, 3: 21.212, 4: 19.192}","{0: 499.375, 1: 497.375, 2: 499.562, 3: 494.438, 4: 495.75}","{0: 0, 1: 0, 2: 0, 3: 0, 4: 0, 5: 0, 6: 0, 7: 0, 8: 0, 9: 0}","{0: 0, 1: 0, 2: 0, 3: 0, 4: 0, 5: 0, 6: 0, 7: 0, 8: 0, 9: 0}","{0: 0, 1: 0, 2: 0, 3: 0, 4: 0, 5: 0, 6: 0, 7: 0, 8: 0, 9: 0}",0,0
rule_mencius,60c1s5r10p,YCSB_B,rw_zipf_0.85,concurrent_16,101,9600,153.186,212.9781,302.67908,165.62800677083334,960.0,"{0: 50.0, 1: 47.475, 2: 40.816, 3: 40.0, 4: 40.206}","{0: 503.5, 1: 504.375, 2: 505.625, 3: 500.562, 4: 502.5}","{0: 330, 1: 328, 2: 365, 3: 485, 4: 388, 5: 597, 6: 960, 7: 960, 8: 960, 9: 590}","{0: 320, 1: 321, 2: 357, 3: 472, 4: 376, 5: 583, 6: 943, 7: 934, 8: 943, 9: 579}","{0: 0, 1: 0, 2: 0, 3: 0, 4: 0, 5: 357, 6: 943, 7: 934, 8: 943, 9: 415}",97.73603890659064,60.23813516686232
rule_mencius,60c1s5r10p,YCSB_B,rw_zipf_0.9,concurrent_16,0,9600,157.07549999999998,303.1386,358.97353000000004,203.25312916666667,960.0,"{0: 24.0, 1: 24.0, 2: 25.51, 3: 25.51, 4: 24.49}","{0: 498.375, 1: 496.5, 2: 498.375, 3: 493.062, 4: 493.062}","{0: 0, 1: 0, 2: 0, 3: 0, 4: 0, 5: 0, 6: 0, 7: 0, 8: 0, 9: 0}","{0: 0, 1: 0, 2: 0, 3: 0, 4: 0, 5: 0, 6: 0, 7: 0, 8: 0, 9: 0}","{0: 0, 1: 0, 2: 0, 3: 0, 4: 0, 5: 0, 6: 0, 7: 0, 8: 0, 9: 0}",0,0
rule_mencius,60c1s5r10p,YCSB_B,rw_zipf_0.9,concurrent_16,101,9600,155.273,217.8871,303.86215000000004,168.9909246875,960.0,"{0: 59.596, 1: 55.556, 2: 40.196, 3: 54.082, 4: 54.082}","{0: 503.312, 1: 504.25, 2: 506.562, 3: 501.0, 4: 503.25}","{0: 314, 1: 346, 2: 350, 3: 347, 4: 358, 5: 404, 6: 960, 7: 960, 8: 960, 9: 330}","{0: 305, 1: 332, 2: 341, 3: 341, 4: 341, 5: 397, 6: 918, 7: 932, 8: 942, 9: 316}","{0: 0, 1: 0, 2: 0, 3: 0, 4: 0, 5: 91, 6: 918, 7: 932, 8: 910, 9: 16}",96.92249953086883,53.799962469506475
rule_mencius,60c1s5r10p,YCSB_B,rw_zipf_0.95,concurrent_16,0,9600,155.808,304.5823,375.34809,202.88642770833337,960.0,"{0: 17.526, 1: 17.172, 2: 18.812, 3: 18.182, 4: 17.172}","{0: 497.5, 1: 495.875, 2: 498.125, 3: 494.625, 4: 494.625}","{0: 0, 1: 0, 2: 0, 3: 0, 4: 0, 5: 0, 6: 0, 7: 0, 8: 0, 9: 0}","{0: 0, 1: 0, 2: 0, 3: 0, 4: 0, 5: 0, 6: 0, 7: 0, 8: 0, 9: 0}","{0: 0, 1: 0, 2: 0, 3: 0, 4: 0, 5: 0, 6: 0, 7: 0, 8: 0, 9: 0}",0,0
rule_mencius,60c1s5r10p,YCSB_B,rw_zipf_0.95,concurrent_16,101,9600,156.6005,228.6791,301.48225,170.684855,960.0,"{0: 41.414, 1: 42.857, 2: 51.515, 3: 55.0, 4: 56.0}","{0: 504.375, 1: 502.625, 2: 506.312, 3: 499.938, 4: 502.188}","{0: 325, 1: 341, 2: 340, 3: 359, 4: 405, 5: 364, 6: 960, 7: 960, 8: 960, 9: 506}","{0: 301, 1: 323, 2: 315, 3: 332, 4: 381, 5: 344, 6: 906, 7: 889, 8: 922, 9: 479}","{0: 0, 1: 0, 2: 0, 3: 5, 4: 0, 5: 78, 6: 906, 7: 889, 8: 922, 9: 311}",94.05797101449275,56.358695652173914
rule_mencius,60c1s5r10p,YCSB_B,rw_zipf_1,concurrent_16,0,9600,155.72449999999998,311.68940000000003,390.09904,204.81421833333337,960.0,"{0: 20.202, 1: 19.388, 2: 18.367, 3: 19.192, 4: 19.0}","{0: 498.375, 1: 496.438, 2: 498.5, 3: 492.5, 4: 495.188}","{0: 0, 1: 0, 2: 0, 3: 0, 4: 0, 5: 0, 6: 0, 7: 0, 8: 0, 9: 0}","{0: 0, 1: 0, 2: 0, 3: 0, 4: 0, 5: 0, 6: 0, 7: 0, 8: 0, 9: 0}","{0: 0, 1: 0, 2: 0, 3: 0, 4: 0, 5: 0, 6: 0, 7: 0, 8: 0, 9: 0}",0,0
rule_mencius,60c1s5r10p,YCSB_B,rw_zipf_1,concurrent_16,101,9600,158.4615,244.7361,313.55928000000006,177.37389354166666,960.0,"{0: 62.626, 1: 60.396, 2: 57.0, 3: 45.0, 4: 48.0}","{0: 505.188, 1: 502.562, 2: 505.438, 3: 499.438, 4: 501.312}","{0: 371, 1: 337, 2: 329, 3: 544, 4: 445, 5: 504, 6: 960, 7: 926, 8: 960, 9: 562}","{0: 328, 1: 306, 2: 297, 3: 505, 4: 413, 5: 459, 6: 855, 7: 827, 8: 856, 9: 519}","{0: 0, 1: 0, 2: 0, 3: 37, 4: 0, 5: 296, 6: 844, 7: 782, 8: 856, 9: 410}",90.3502862916807,54.31121589760862
rule_mongodb,60c1s5r10p,YCSB_A,rw_1000000,concurrent_1,0,600,230.1415,410.1137,464.50858999999997,245.08053811666662,60.0,"{0: 20.408, 1: 2.02, 2: 2.02, 3: 1.02, 4: 1.02}","{0: 633.746, 1: 428.0, 2: 428.0, 3: 428.0, 4: 428.0}","{0: 0, 1: 0, 2: 0, 3: 0, 4: 0, 5: 0, 6: 0, 7: 0, 8: 0, 9: 0}","{0: 0, 1: 0, 2: 0, 3: 0, 4: 0, 5: 0, 6: 0, 7: 0, 8: 0, 9: 0}","{0: 0, 1: 0, 2: 0, 3: 0, 4: 0, 5: 0, 6: 0, 7: 0, 8: 0, 9: 0}",0,0
rule_mongodb,60c1s5r10p,YCSB_A,rw_1000000,concurrent_5,0,3000,218.022,437.3836999999999,512.40612,246.90210007666664,300.0,"{0: 28.571, 1: 4.082, 2: 3.0, 3: 3.061, 4: 2.062}","{0: 678.336, 1: 429.312, 2: 429.375, 3: 429.125, 4: 429.125}","{0: 0, 1: 0, 2: 0, 3: 0, 4: 0, 5: 0, 6: 0, 7: 0, 8: 0, 9: 0}","{0: 0, 1: 0, 2: 0, 3: 0, 4: 0, 5: 0, 6: 0, 7: 0, 8: 0, 9: 0}","{0: 0, 1: 0, 2: 0, 3: 0, 4: 0, 5: 0, 6: 0, 7: 0, 8: 0, 9: 0}",0,0
rule_mongodb,60c1s5r10p,YCSB_A,rw_1000000,concurrent_10,0,6000,224.8365,420.2859,512.1854599999999,248.14895940333332,600.0,"{0: 37.0, 1: 6.061, 2: 3.093, 3: 3.093, 4: 3.093}","{0: 703.016, 1: 431.062, 2: 431.312, 3: 430.938, 4: 430.875}","{0: 0, 1: 0, 2: 0, 3: 0, 4: 0, 5: 0, 6: 0, 7: 0, 8: 0, 9: 0}","{0: 0, 1: 0, 2: 0, 3: 0, 4: 0, 5: 0, 6: 0, 7: 0, 8: 0, 9: 0}","{0: 0, 1: 0, 2: 0, 3: 0, 4: 0, 5: 0, 6: 0, 7: 0, 8: 0, 9: 0}",0,0
rule_mongodb,60c1s5r10p,YCSB_A,rw_1000000,concurrent_20,0,12000,233.14749999999998,410.7735,477.67004000000003,249.28915710916664,1200.0,"{0: 41.414, 1: 8.247, 2: 5.102, 3: 6.061, 4: 5.102}","{0: 745.039, 1: 434.062, 2: 434.188, 3: 434.062, 4: 434.438}","{0: 0, 1: 0, 2: 0, 3: 0, 4: 0, 5: 0, 6: 0, 7: 0, 8: 0, 9: 0}","{0: 0, 1: 0, 2: 0, 3: 0, 4: 0, 5: 0, 6: 0, 7: 0, 8: 0, 9: 0}","{0: 0, 1: 0, 2: 0, 3: 0, 4: 0, 5: 0, 6: 0, 7: 0, 8: 0, 9: 0}",0,0
rule_mongodb,60c1s5r10p,YCSB_A,rw_1000000,concurrent_30,0,18000,232.69850000000002,420.3543000000002,480.77907999999996,250.55440079277776,1800.0,"{0: 51.515, 1: 11.34, 2: 7.216, 3: 8.163, 4: 7.143}","{0: 781.992, 1: 436.875, 2: 437.312, 3: 436.625, 4: 437.062}","{0: 0, 1: 0, 2: 0, 3: 0, 4: 0, 5: 0, 6: 0, 7: 0, 8: 0, 9: 0}","{0: 0, 1: 0, 2: 0, 3: 0, 4: 0, 5: 0, 6: 0, 7: 0, 8: 0, 9: 0}","{0: 0, 1: 0, 2: 0, 3: 0, 4: 0, 5: 0, 6: 0, 7: 0, 8: 0, 9: 0}",0,0
rule_mongodb,60c1s5r10p,YCSB_A,rw_1000000,concurrent_40,0,24000,231.62900000000002,441.63570000000004,518.2338799999976,258.83779101999994,2400.0,"{0: 57.576, 1: 13.542, 2: 8.247, 3: 8.247, 4: 8.247}","{0: 819.375, 1: 440.5, 2: 440.938, 3: 440.25, 4: 440.125}","{0: 0, 1: 0, 2: 0, 3: 0, 4: 0, 5: 0, 6: 0, 7: 0, 8: 0, 9: 0}","{0: 0, 1: 0, 2: 0, 3: 0, 4: 0, 5: 0, 6: 0, 7: 0, 8: 0, 9: 0}","{0: 0, 1: 0, 2: 0, 3: 0, 4: 0, 5: 0, 6: 0, 7: 0, 8: 0, 9: 0}",0,0
rule_mongodb,60c1s5r10p,YCSB_A,rw_1000000,concurrent_45,0,27000,231.42000000000002,445.14920000000006,512.12813,260.5160477411111,2700.0,"{0: 60.204, 1: 15.464, 2: 9.278, 3: 10.204, 4: 8.333}","{0: 856.055, 1: 442.004, 2: 442.375, 3: 441.594, 4: 441.812}","{0: 0, 1: 0, 2: 0, 3: 0, 4: 0, 5: 0, 6: 0, 7: 0, 8: 0, 9: 0}","{0: 0, 1: 0, 2: 0, 3: 0, 4: 0, 5: 0, 6: 0, 7: 0, 8: 0, 9: 0}","{0: 0, 1: 0, 2: 0, 3: 0, 4: 0, 5: 0, 6: 0, 7: 0, 8: 0, 9: 0}",0,0
rule_mongodb,60c1s5r10p,YCSB_A,rw_1000000,concurrent_50,0,30000,234.91500000000002,452.14680000000004,525.7912,263.68267692833336,3000.0,"{0: 64.0, 1: 17.172, 2: 10.204, 3: 10.309, 4: 10.204}","{0: 862.859, 1: 443.375, 2: 443.656, 3: 442.75, 4: 443.0}","{0: 0, 1: 0, 2: 0, 3: 0, 4: 0, 5: 0, 6: 0, 7: 0, 8: 0, 9: 0}","{0: 0, 1: 0, 2: 0, 3: 0, 4: 0, 5: 0, 6: 0, 7: 0, 8: 0, 9: 0}","{0: 0, 1: 0, 2: 0, 3: 0, 4: 0, 5: 0, 6: 0, 7: 0, 8: 0, 9: 0}",0,0
rule_mongodb,60c1s5r10p,YCSB_A,rw_1000000,concurrent_1,101,600,155.3225,227.5862,279.6460999999995,152.08979115,60.0,"{0: 21.429, 1: 2.041, 2: 2.02, 3: 2.02, 4: 1.031}","{0: 642.742, 1: 429.062, 2: 429.125, 3: 429.125, 4: 429.062}","{0: 44, 1: 48, 2: 60, 3: 60, 4: 60, 5: 60, 6: 50, 7: 60, 8: 60, 9: 60}","{0: 44, 1: 48, 2: 60, 3: 60, 4: 60, 5: 60, 6: 50, 7: 60, 8: 60, 9: 60}","{0: 20, 1: 18, 2: 60, 3: 60, 4: 60, 5: 60, 6: 25, 7: 60, 8: 60, 9: 60}",100.0,85.94306049822065
rule_mongodb,60c1s5r10p,YCSB_A,rw_1000000,concurrent_5,101,3000,159.925,227.6301,332.02391999999844,154.00501336,300.0,"{0: 31.0, 1: 4.082, 2: 3.061, 3: 3.03, 4: 3.061}","{0: 712.59, 1: 431.938, 2: 432.188, 3: 431.938, 4: 431.938}","{0: 257, 1: 251, 2: 300, 3: 300, 4: 300, 5: 300, 6: 248, 7: 300, 8: 300, 9: 300}","{0: 257, 1: 251, 2: 300, 3: 300, 4: 300, 5: 300, 6: 248, 7: 300, 8: 300, 9: 300}","{0: 119, 1: 129, 2: 295, 3: 281, 4: 291, 5: 285, 6: 135, 7: 281, 8: 295, 9: 285}",100.0,83.89355742296918
rule_mongodb,60c1s5r10p,YCSB_A,rw_1000000,concurrent_10,101,6000,161.7265,228.84,378.33162000000027,156.69048297833334,600.0,"{0: 36.0, 1: 6.122, 2: 3.093, 3: 4.082, 4: 4.04}","{0: 703.41, 1: 435.5, 2: 435.625, 3: 435.438, 4: 435.625}","{0: 480, 1: 497, 2: 589, 3: 592, 4: 581, 5: 588, 6: 476, 7: 583, 8: 582, 9: 584}","{0: 480, 1: 497, 2: 589, 3: 592, 4: 581, 5: 588, 6: 476, 7: 583, 8: 582, 9: 584}","{0: 235, 1: 235, 2: 470, 3: 471, 4: 457, 5: 448, 6: 248, 7: 463, 8: 452, 9: 469}",100.0,71.10951008645533
rule_mongodb,60c1s5r10p,YCSB_A,rw_1000000,concurrent_20,101,12000,162.132,239.6372,421.66670000000005,162.6721282925,1200.0,"{0: 43.878, 1: 9.184, 2: 5.155, 3: 6.061, 4: 5.155}","{0: 740.262, 1: 442.5, 2: 442.875, 3: 441.75, 4: 442.312}","{0: 1010, 1: 1003, 2: 1084, 3: 1081, 4: 1118, 5: 1116, 6: 961, 7: 1100, 8: 1095, 9: 1118}","{0: 1010, 1: 1003, 2: 1083, 3: 1081, 4: 1118, 5: 1116, 6: 961, 7: 1100, 8: 1094, 9: 1118}","{0: 472, 1: 482, 2: 710, 3: 748, 4: 764, 5: 730, 6: 511, 7: 691, 8: 737, 9: 704}",99.98128392288976,61.28579449747333
rule_mongodb,60c1s5r10p,YCSB_A,rw_1000000,concurrent_30,101,18000,163.37,235.24349999999998,433.4348199999997,166.5003216438889,1800.0,"{0: 49.495, 1: 12.121, 2: 8.163, 3: 8.081, 4: 7.216}","{0: 782.848, 1: 448.812, 2: 449.688, 3: 448.562, 4: 448.812}","{0: 1465, 1: 1500, 2: 1558, 3: 1609, 4: 1585, 5: 1624, 6: 1518, 7: 1613, 8: 1615, 9: 1624}","{0: 1465, 1: 1500, 2: 1558, 3: 1609, 4: 1581, 5: 1622, 6: 1516, 7: 1613, 8: 1615, 9: 1624}","{0: 710, 1: 763, 2: 982, 3: 1023, 4: 930, 5: 921, 6: 727, 7: 1018, 8: 1017, 9: 1061}",99.94908026223665,58.252180001273
rule_mongodb,60c1s5r10p,YCSB_A,rw_1000000,concurrent_40,101,24000,166.646,241.58730000000003,440.41523,169.82762849583332,2400.0,"{0: 56.566, 1: 15.306, 2: 9.375, 3: 10.204, 4: 9.278}","{0: 823.965, 1: 455.75, 2: 456.188, 3: 455.0, 4: 454.625}","{0: 1983, 1: 1959, 2: 2142, 3: 2176, 4: 2126, 5: 2126, 6: 1952, 7: 2152, 8: 2135, 9: 2145}","{0: 1982, 1: 1958, 2: 2141, 3: 2174, 4: 2125, 5: 2124, 6: 1950, 7: 2148, 8: 2134, 9: 2145}","{0: 994, 1: 971, 2: 1228, 3: 1274, 4: 1220, 5: 1246, 6: 934, 7: 1224, 8: 1310, 9: 1206}",99.92821592649311,55.54651607963247
rule_mongodb,60c1s5r10p,YCSB_A,rw_1000000,concurrent_45,101,27000,168.519,250.63310000000004,454.43008999999955,174.15847305296296,2700.0,"{0: 61.616, 1: 15.625, 2: 11.224, 3: 11.224, 4: 10.309}","{0: 842.02, 1: 458.5, 2: 459.438, 3: 457.312, 4: 458.375}","{0: 2244, 1: 2234, 2: 2368, 3: 2394, 4: 2363, 5: 2419, 6: 2232, 7: 2351, 8: 2402, 9: 2365}","{0: 2243, 1: 2234, 2: 2368, 3: 2394, 4: 2360, 5: 2418, 6: 2232, 7: 2351, 8: 2399, 9: 2365}","{0: 1175, 1: 1142, 2: 1444, 3: 1387, 4: 1422, 5: 1440, 6: 1082, 7: 1410, 8: 1464, 9: 1446}",99.96577100804382,57.38490501454732
rule_mongodb,60c1s5r10p,YCSB_A,rw_1000000,concurrent_50,101,30000,171.0595,263.8892,458.96409,178.38027494800002,3000.0,"{0: 66.327, 1: 18.367, 2: 11.579, 3: 12.371, 4: 11.34}","{0: 863.77, 1: 461.688, 2: 462.938, 3: 461.25, 4: 461.375}","{0: 2449, 1: 2472, 2: 2663, 3: 2635, 4: 2584, 5: 2688, 6: 2504, 7: 2651, 8: 2632, 9: 2676}","{0: 2447, 1: 2470, 2: 2663, 3: 2634, 4: 2582, 5: 2684, 6: 2503, 7: 2651, 8: 2630, 9: 2676}","{0: 1270, 1: 1236, 2: 1519, 3: 1525, 4: 1487, 5: 1531, 6: 1274, 7: 1576, 8: 1399, 9: 1657}",99.94605841103491,55.76789704862449
rule_mongodb,60c1s5r10p,YCSB_A,rw_zipf_1,concurrent_1,0,600,228.935,412.06660000000005,486.80699,248.6857792166667,60.0,"{0: 20.202, 1: 2.02, 2: 2.02, 3: 2.02, 4: 1.031}","{0: 651.793, 1: 443.25, 2: 443.25, 3: 443.375, 4: 443.375}","{0: 0, 1: 0, 2: 0, 3: 0, 4: 0, 5: 0, 6: 0, 7: 0, 8: 0, 9: 0}","{0: 0, 1: 0, 2: 0, 3: 0, 4: 0, 5: 0, 6: 0, 7: 0, 8: 0, 9: 0}","{0: 0, 1: 0, 2: 0, 3: 0, 4: 0, 5: 0, 6: 0, 7: 0, 8: 0, 9: 0}",0,0
rule_mongodb,60c1s5r10p,YCSB_A,rw_zipf_1,concurrent_5,0,3000,220.8015,420.2725,474.13202,244.98010027,300.0,"{0: 28.283, 1: 4.082, 2: 2.041, 3: 2.041, 4: 2.062}","{0: 694.09, 1: 444.375, 2: 444.25, 3: 444.312, 4: 444.25}","{0: 0, 1: 0, 2: 0, 3: 0, 4: 0, 5: 0, 6: 0, 7: 0, 8: 0, 9: 0}","{0: 0, 1: 0, 2: 0, 3: 0, 4: 0, 5: 0, 6: 0, 7: 0, 8: 0, 9: 0}","{0: 0, 1: 0, 2: 0, 3: 0, 4: 0, 5: 0, 6: 0, 7: 0, 8: 0, 9: 0}",0,0
rule_mongodb,60c1s5r10p,YCSB_A,rw_zipf_1,concurrent_10,0,6000,224.3675,416.8265,501.15605,245.0403815083333,600.0,"{0: 36.364, 1: 6.122, 2: 4.04, 3: 3.093, 4: 3.093}","{0: 714.414, 1: 445.688, 2: 445.625, 3: 445.562, 4: 445.438}","{0: 0, 1: 0, 2: 0, 3: 0, 4: 0, 5: 0, 6: 0, 7: 0, 8: 0, 9: 0}","{0: 0, 1: 0, 2: 0, 3: 0, 4: 0, 5: 0, 6: 0, 7: 0, 8: 0, 9: 0}","{0: 0, 1: 0, 2: 0, 3: 0, 4: 0, 5: 0, 6: 0, 7: 0, 8: 0, 9: 0}",0,0
rule_mongodb,60c1s5r10p,YCSB_A,rw_zipf_1,concurrent_20,0,12000,230.383,410.7076,500.20606000000004,246.17396294750003,1200.0,"{0: 42.0, 1: 8.163, 2: 5.102, 3: 6.061, 4: 5.102}","{0: 752.664, 1: 447.625, 2: 447.562, 3: 447.812, 4: 447.625}","{0: 0, 1: 0, 2: 0, 3: 0, 4: 0, 5: 0, 6: 0, 7: 0, 8: 0, 9: 0}","{0: 0, 1: 0, 2: 0, 3: 0, 4: 0, 5: 0, 6: 0, 7: 0, 8: 0, 9: 0}","{0: 0, 1: 0, 2: 0, 3: 0, 4: 0, 5: 0, 6: 0, 7: 0, 8: 0, 9: 0}",0,0
rule_mongodb,60c1s5r10p,YCSB_A,rw_zipf_1,concurrent_30,0,18000,233.6265,426.39140000000003,496.43240999999995,253.16073423444445,1800.0,"{0: 48.0, 1: 11.224, 2: 7.143, 3: 8.081, 4: 7.143}","{0: 795.062, 1: 449.438, 2: 449.562, 3: 449.312, 4: 449.188}","{0: 0, 1: 0, 2: 0, 3: 0, 4: 0, 5: 0, 6: 0, 7: 0, 8: 0, 9: 0}","{0: 0, 1: 0, 2: 0, 3: 0, 4: 0, 5: 0, 6: 0, 7: 0, 8: 0, 9: 0}","{0: 0, 1: 0, 2: 0, 3: 0, 4: 0, 5: 0, 6: 0, 7: 0, 8: 0, 9: 0}",0,0
rule_mongodb,60c1s5r10p,YCSB_A,rw_zipf_1,concurrent_40,0,24000,234.2015,436.32030000000003,504.04930999999993,257.0366208116667,2400.0,"{0: 56.566, 1: 13.542, 2: 9.184, 3: 9.184, 4: 9.278}","{0: 826.676, 1: 451.438, 2: 451.812, 3: 451.562, 4: 451.062}","{0: 0, 1: 0, 2: 0, 3: 0, 4: 0, 5: 0, 6: 0, 7: 0, 8: 0, 9: 0}","{0: 0, 1: 0, 2: 0, 3: 0, 4: 0, 5: 0, 6: 0, 7: 0, 8: 0, 9: 0}","{0: 0, 1: 0, 2: 0, 3: 0, 4: 0, 5: 0, 6: 0, 7: 0, 8: 0, 9: 0}",0,0
rule_mongodb,60c1s5r10p,YCSB_A,rw_zipf_1,concurrent_45,0,27000,234.285,437.9504,506.27765999999986,260.83139657,2700.0,"{0: 60.204, 1: 15.464, 2: 10.101, 3: 9.375, 4: 9.278}","{0: 854.891, 1: 452.25, 2: 452.625, 3: 452.062, 4: 452.125}","{0: 0, 1: 0, 2: 0, 3: 0, 4: 0, 5: 0, 6: 0, 7: 0, 8: 0, 9: 0}","{0: 0, 1: 0, 2: 0, 3: 0, 4: 0, 5: 0, 6: 0, 7: 0, 8: 0, 9: 0}","{0: 0, 1: 0, 2: 0, 3: 0, 4: 0, 5: 0, 6: 0, 7: 0, 8: 0, 9: 0}",0,0
rule_mongodb,60c1s5r10p,YCSB_A,rw_zipf_1,concurrent_50,0,30000,281.3725,574.4847000000001,678.48831,324.1565660703334,3000.0,"{0: 62.0, 1: 10.417, 2: 15.152, 3: 12.245, 4: 12.371}","{0: 867.109, 1: 453.688, 2: 453.688, 3: 453.25, 4: 453.312}","{0: 0, 1: 0, 2: 0, 3: 0, 4: 0, 5: 0, 6: 0, 7: 0, 8: 0, 9: 0}","{0: 0, 1: 0, 2: 0, 3: 0, 4: 0, 5: 0, 6: 0, 7: 0, 8: 0, 9: 0}","{0: 0, 1: 0, 2: 0, 3: 0, 4: 0, 5: 0, 6: 0, 7: 0, 8: 0, 9: 0}",0,0
rule_mongodb,60c1s5r10p,YCSB_A,rw_zipf_1,concurrent_1,101,600,159.927,229.1464,397.3551499999999,162.23293955,60.0,"{0: 23.232, 1: 2.041, 2: 1.02, 3: 2.02, 4: 2.02}","{0: 654.227, 1: 444.625, 2: 444.0, 3: 444.25, 4: 444.5}","{0: 44, 1: 42, 2: 60, 3: 60, 4: 60, 5: 60, 6: 44, 7: 60, 8: 60, 9: 60}","{0: 42, 1: 37, 2: 58, 3: 56, 4: 55, 5: 57, 6: 42, 7: 57, 8: 59, 9: 59}","{0: 20, 1: 16, 2: 58, 3: 56, 4: 55, 5: 57, 6: 21, 7: 56, 8: 59, 9: 59}",94.9090909090909,83.0909090909091
rule_mongodb,60c1s5r10p,YCSB_A,rw_zipf_1,concurrent_5,101,3000,161.4525,248.14739999999998,445.28219999999976,174.08107719333333,300.0,"{0: 32.323, 1: 5.051, 2: 2.062, 3: 3.03, 4: 3.093}","{0: 694.273, 1: 446.438, 2: 446.812, 3: 446.812, 4: 446.75}","{0: 207, 1: 214, 2: 299, 3: 298, 4: 300, 5: 297, 6: 216, 7: 298, 8: 299, 9: 299}","{0: 178, 1: 168, 2: 252, 3: 248, 4: 263, 5: 239, 6: 179, 7: 256, 8: 250, 9: 247}","{0: 79, 1: 93, 2: 249, 3: 242, 4: 254, 5: 236, 6: 98, 7: 237, 8: 240, 9: 233}",83.6083608360836,71.91052438577191
rule_mongodb,60c1s5r10p,YCSB_A,rw_zipf_1,concurrent_10,101,6000,162.20350000000002,355.71090000000004,452.81713,182.47230532,600.0,"{0: 35.052, 1: 6.061, 2: 4.04, 3: 4.124, 4: 4.082}","{0: 714.285, 1: 448.812, 2: 448.938, 3: 448.938, 4: 448.688}","{0: 416, 1: 414, 2: 570, 3: 567, 4: 521, 5: 558, 6: 399, 7: 539, 8: 574, 9: 553}","{0: 317, 1: 325, 2: 445, 3: 460, 4: 402, 5: 441, 6: 311, 7: 423, 8: 464, 9: 442}","{0: 146, 1: 142, 2: 348, 3: 358, 4: 302, 5: 366, 6: 145, 7: 310, 8: 388, 9: 360}",78.84954020739582,56.05556642535707
rule_mongodb,60c1s5r10p,YCSB_A,rw_zipf_1,concurrent_20,101,12000,170.0315,372.52680000000004,475.2902200000001,193.91548520666663,1200.0,"{0: 43.878, 1: 9.184, 2: 6.122, 3: 5.208, 4: 5.208}","{0: 757.121, 1: 453.312, 2: 453.375, 3: 452.812, 4: 453.062}","{0: 852, 1: 836, 2: 965, 3: 950, 4: 944, 5: 970, 6: 828, 7: 1008, 8: 1016, 9: 979}","{0: 643, 1: 639, 2: 731, 3: 677, 4: 698, 5: 722, 6: 625, 7: 760, 8: 760, 9: 734}","{0: 300, 1: 307, 2: 491, 3: 443, 4: 440, 5: 466, 6: 303, 7: 509, 8: 486, 9: 478}",74.76465554129226,45.175438596491226
rule_mongodb,60c1s5r10p,YCSB_A,rw_zipf_1,concurrent_30,101,18000,172.174,385.1042,472.35837999999995,200.69837508777778,1800.0,"{0: 48.98, 1: 12.121, 2: 8.247, 3: 8.081, 4: 8.163}","{0: 798.32, 1: 456.875, 2: 457.25, 3: 456.812, 4: 456.75}","{0: 1283, 1: 1183, 2: 1313, 3: 1356, 4: 1322, 5: 1403, 6: 1285, 7: 1354, 8: 1405, 9: 1381}","{0: 934, 1: 864, 2: 958, 3: 992, 4: 956, 5: 1002, 6: 948, 7: 980, 8: 985, 9: 991}","{0: 440, 1: 419, 2: 553, 3: 588, 4: 554, 5: 585, 6: 463, 7: 582, 8: 575, 9: 617}",72.3372224313135,40.466691757621376
rule_mongodb,60c1s5r10p,YCSB_A,rw_zipf_1,concurrent_40,101,24000,173.8485,397.8923,473.99311,209.06370944708328,2400.0,"{0: 55.67, 1: 15.306, 2: 10.204, 3: 10.204, 4: 10.204}","{0: 830.344, 1: 460.438, 2: 461.125, 3: 460.125, 4: 459.75}","{0: 1549, 1: 1611, 2: 1733, 3: 1774, 4: 1681, 5: 1818, 6: 1620, 7: 1673, 8: 1788, 9: 1799}","{0: 1079, 1: 1150, 2: 1233, 3: 1255, 4: 1178, 5: 1287, 6: 1145, 7: 1172, 8: 1267, 9: 1276}","{0: 532, 1: 548, 2: 671, 3: 745, 4: 667, 5: 711, 6: 554, 7: 619, 8: 732, 9: 692}",70.6441393875396,37.961985216473074
rule_mongodb,60c1s5r10p,YCSB_A,rw_zipf_1,concurrent_45,101,27000,174.128,400.385,498.19936999999993,211.3299729385185,2700.0,"{0: 61.856, 1: 15.625, 2: 10.526, 3: 11.224, 4: 11.34}","{0: 859.703, 1: 462.375, 2: 462.688, 3: 462.188, 4: 462.062}","{0: 1794, 1: 1752, 2: 1963, 3: 1972, 4: 1912, 5: 2052, 6: 1885, 7: 1981, 8: 1995, 9: 2004}","{0: 1216, 1: 1223, 2: 1347, 3: 1364, 4: 1343, 5: 1408, 6: 1339, 7: 1355, 8: 1366, 9: 1369}","{0: 598, 1: 574, 2: 830, 3: 851, 4: 766, 5: 840, 6: 669, 7: 826, 8: 788, 9: 784}",69.03158984981874,38.974624546866906
rule_mongodb,60c1s5r10p,YCSB_A,rw_zipf_1,concurrent_50,101,30000,176.40949999999998,518.2423,651.02332,246.183855111,3000.0,"{0: 66.327, 1: 11.34, 2: 15.625, 3: 13.542, 4: 13.265}","{0: 866.207, 1: 463.875, 2: 464.188, 3: 463.375, 4: 463.75}","{0: 1975, 1: 1935, 2: 2077, 3: 2169, 4: 2094, 5: 2183, 6: 1987, 7: 2185, 8: 2165, 9: 2167}","{0: 1419, 1: 1409, 2: 1452, 3: 1563, 4: 1504, 5: 1444, 6: 1398, 7: 1533, 8: 1506, 9: 1504}","{0: 646, 1: 651, 2: 769, 3: 864, 4: 805, 5: 753, 6: 621, 7: 840, 8: 844, 9: 851}",70.3634713664804,36.50952858575727
rule_mongodb,60c1s5r10p,YCSB_A,rw_zipf_0,concurrent_50,0,30000,267.2105,568.8767,676.55701,320.0820106406666,3000.0,"{0: 64.286, 1: 11.34, 2: 16.162, 3: 13.131, 4: 13.131}","{0: 893.926, 1: 458.75, 2: 459.559, 3: 458.375, 4: 458.375}","{0: 0, 1: 0, 2: 0, 3: 0, 4: 0, 5: 0, 6: 0, 7: 0, 8: 0, 9: 0}","{0: 0, 1: 0, 2: 0, 3: 0, 4: 0, 5: 0, 6: 0, 7: 0, 8: 0, 9: 0}","{0: 0, 1: 0, 2: 0, 3: 0, 4: 0, 5: 0, 6: 0, 7: 0, 8: 0, 9: 0}",0,0
rule_mongodb,60c1s5r10p,YCSB_A,rw_zipf_0,concurrent_50,101,30000,164.373,265.07710000000003,586.0782599999997,184.195074741,3000.0,"{0: 68.367, 1: 13.402, 2: 16.495, 3: 14.583, 4: 14.583}","{0: 887.711, 1: 476.812, 2: 478.141, 3: 475.938, 4: 476.625}","{0: 2414, 1: 2471, 2: 2666, 3: 2638, 4: 2681, 5: 2663, 6: 2473, 7: 2608, 8: 2614, 9: 2682}","{0: 2414, 1: 2471, 2: 2662, 3: 2636, 4: 2680, 5: 2658, 6: 2471, 7: 2606, 8: 2613, 9: 2679}","{0: 1179, 1: 1248, 2: 1538, 3: 1583, 4: 1563, 5: 1552, 6: 1307, 7: 1523, 8: 1454, 9: 1575}",99.92280972597453,56.047857969895794
rule_mongodb,60c1s5r10p,YCSB_A,rw_zipf_0.1,concurrent_50,0,30000,289.4805,577.4506,667.07609,323.70990982166666,3000.0,"{0: 64.646, 1: 11.458, 2: 13.684, 3: 12.371, 4: 12.371}","{0: 897.625, 1: 459.0, 2: 459.5, 3: 458.625, 4: 458.812}","{0: 0, 1: 0, 2: 0, 3: 0, 4: 0, 5: 0, 6: 0, 7: 0, 8: 0, 9: 0}","{0: 0, 1: 0, 2: 0, 3: 0, 4: 0, 5: 0, 6: 0, 7: 0, 8: 0, 9: 0}","{0: 0, 1: 0, 2: 0, 3: 0, 4: 0, 5: 0, 6: 0, 7: 0, 8: 0, 9: 0}",0,0
rule_mongodb,60c1s5r10p,YCSB_A,rw_zipf_0.1,concurrent_50,101,30000,169.31650000000002,256.14140000000003,600.2757399999997,184.17734618966665,3000.0,"{0: 67.677, 1: 13.542, 2: 16.495, 3: 14.141, 4: 14.433}","{0: 886.895, 1: 476.812, 2: 478.188, 3: 475.812, 4: 476.438}","{0: 2413, 1: 2452, 2: 2635, 3: 2626, 4: 2686, 5: 2682, 6: 2529, 7: 2641, 8: 2655, 9: 2709}","{0: 2411, 1: 2452, 2: 2632, 3: 2625, 4: 2685, 5: 2682, 6: 2527, 7: 2639, 8: 2652, 9: 2707}","{0: 1202, 1: 1167, 2: 1516, 3: 1522, 4: 1614, 5: 1599, 6: 1310, 7: 1504, 8: 1517, 9: 1598}",99.93852773935761,55.89749500537882
rule_mongodb,60c1s5r10p,YCSB_A,rw_zipf_0.2,concurrent_50,0,30000,285.146,581.0998000000001,688.81602,326.49988601499996,3000.0,"{0: 65.0, 1: 10.526, 2: 13.684, 3: 12.245, 4: 11.458}","{0: 879.086, 1: 458.75, 2: 459.062, 3: 458.5, 4: 458.562}","{0: 0, 1: 0, 2: 0, 3: 0, 4: 0, 5: 0, 6: 0, 7: 0, 8: 0, 9: 0}","{0: 0, 1: 0, 2: 0, 3: 0, 4: 0, 5: 0, 6: 0, 7: 0, 8: 0, 9: 0}","{0: 0, 1: 0, 2: 0, 3: 0, 4: 0, 5: 0, 6: 0, 7: 0, 8: 0, 9: 0}",0,0
rule_mongodb,60c1s5r10p,YCSB_A,rw_zipf_0.2,concurrent_50,101,30000,168.536,256.6511,602.16741,186.37237990766664,3000.0,"{0: 64.646, 1: 12.371, 2: 15.625, 3: 14.433, 4: 13.265}","{0: 900.832, 1: 477.25, 2: 478.938, 3: 476.312, 4: 477.312}","{0: 2455, 1: 2460, 2: 2688, 3: 2602, 4: 2608, 5: 2686, 6: 2542, 7: 2586, 8: 2638, 9: 2684}","{0: 2454, 1: 2456, 2: 2685, 3: 2599, 4: 2603, 5: 2683, 6: 2542, 7: 2584, 8: 2636, 9: 2680}","{0: 1204, 1: 1228, 2: 1602, 3: 1431, 4: 1527, 5: 1610, 6: 1310, 7: 1472, 8: 1594, 9: 1555}",99.8959497475818,56.00601179236194
rule_mongodb,60c1s5r10p,YCSB_A,rw_zipf_0.3,concurrent_50,0,30000,255.72750000000002,582.1752,681.28211,323.410132141,3000.0,"{0: 64.646, 1: 11.34, 2: 14.583, 3: 13.265, 4: 12.371}","{0: 880.27, 1: 458.562, 2: 458.938, 3: 458.254, 4: 458.375}","{0: 0, 1: 0, 2: 0, 3: 0, 4: 0, 5: 0, 6: 0, 7: 0, 8: 0, 9: 0}","{0: 0, 1: 0, 2: 0, 3: 0, 4: 0, 5: 0, 6: 0, 7: 0, 8: 0, 9: 0}","{0: 0, 1: 0, 2: 0, 3: 0, 4: 0, 5: 0, 6: 0, 7: 0, 8: 0, 9: 0}",0,0
rule_mongodb,60c1s5r10p,YCSB_A,rw_zipf_0.3,concurrent_50,101,30000,165.54399999999998,262.048,592.5219499999998,184.10651608499998,3000.0,"{0: 67.677, 1: 12.245, 2: 16.495, 3: 13.542, 4: 13.542}","{0: 899.496, 1: 477.562, 2: 478.438, 3: 476.438, 4: 477.188}","{0: 2537, 1: 2456, 2: 2603, 3: 2647, 4: 2645, 5: 2700, 6: 2525, 7: 2635, 8: 2728, 9: 2691}","{0: 2532, 1: 2454, 2: 2599, 3: 2645, 4: 2642, 5: 2699, 6: 2522, 7: 2630, 8: 2727, 9: 2688}","{0: 1283, 1: 1214, 2: 1460, 3: 1496, 4: 1566, 5: 1597, 6: 1290, 7: 1588, 8: 1675, 9: 1599}",99.88917338632629,56.437497611495395
rule_mongodb,60c1s5r10p,YCSB_A,rw_zipf_0.4,concurrent_50,0,30000,271.834,579.5500999999999,665.9772099999999,322.94754815933334,3000.0,"{0: 62.626, 1: 10.526, 2: 14.433, 3: 13.265, 4: 12.245}","{0: 894.215, 1: 458.75, 2: 459.441, 3: 458.125, 4: 458.625}","{0: 0, 1: 0, 2: 0, 3: 0, 4: 0, 5: 0, 6: 0, 7: 0, 8: 0, 9: 0}","{0: 0, 1: 0, 2: 0, 3: 0, 4: 0, 5: 0, 6: 0, 7: 0, 8: 0, 9: 0}","{0: 0, 1: 0, 2: 0, 3: 0, 4: 0, 5: 0, 6: 0, 7: 0, 8: 0, 9: 0}",0,0
rule_mongodb,60c1s5r10p,YCSB_A,rw_zipf_0.4,concurrent_50,101,30000,169.0975,263.7005000000001,612.1808699999962,187.62856292133336,3000.0,"{0: 66.337, 1: 12.5, 2: 16.327, 3: 15.152, 4: 13.402}","{0: 881.312, 1: 477.125, 2: 477.867, 3: 476.0, 4: 476.5}","{0: 2522, 1: 2383, 2: 2684, 3: 2649, 4: 2592, 5: 2678, 6: 2439, 7: 2547, 8: 2679, 9: 2629}","{0: 2517, 1: 2378, 2: 2679, 3: 2642, 4: 2589, 5: 2670, 6: 2435, 7: 2542, 8: 2672, 9: 2624}","{0: 1286, 1: 1125, 2: 1553, 3: 1515, 4: 1473, 5: 1613, 6: 1224, 7: 1468, 8: 1526, 9: 1457}",99.79071389814743,55.18952019223316
rule_mongodb,60c1s5r10p,YCSB_A,rw_zipf_0.5,concurrent_50,0,30000,253.3625,577.5341,676.58213,322.5102873963333,3000.0,"{0: 65.0, 1: 11.34, 2: 15.306, 3: 12.371, 4: 13.131}","{0: 892.68, 1: 458.422, 2: 458.812, 3: 458.566, 4: 458.062}","{0: 0, 1: 0, 2: 0, 3: 0, 4: 0, 5: 0, 6: 0, 7: 0, 8: 0, 9: 0}","{0: 0, 1: 0, 2: 0, 3: 0, 4: 0, 5: 0, 6: 0, 7: 0, 8: 0, 9: 0}","{0: 0, 1: 0, 2: 0, 3: 0, 4: 0, 5: 0, 6: 0, 7: 0, 8: 0, 9: 0}",0,0
rule_mongodb,60c1s5r10p,YCSB_A,rw_zipf_0.5,concurrent_50,101,30000,166.098,260.61940000000004,593.8888999999999,184.08406082533335,3000.0,"{0: 66.667, 1: 13.684, 2: 16.495, 3: 14.583, 4: 14.141}","{0: 888.113, 1: 476.504, 2: 477.316, 3: 475.188, 4: 475.938}","{0: 2493, 1: 2461, 2: 2622, 3: 2628, 4: 2644, 5: 2628, 6: 2472, 7: 2675, 8: 2678, 9: 2711}","{0: 2487, 1: 2457, 2: 2613, 3: 2619, 4: 2631, 5: 2618, 6: 2466, 7: 2667, 8: 2669, 9: 2699}","{0: 1250, 1: 1259, 2: 1480, 3: 1482, 4: 1519, 5: 1526, 6: 1202, 7: 1597, 8: 1530, 9: 1610}",99.66938336152545,55.57050592034446
rule_mongodb,60c1s5r10p,YCSB_A,rw_zipf_0.55,concurrent_50,0,29999,285.06,580.0072,654.95064,319.9665615893863,2999.9,"{0: 65.657, 1: 12.245, 2: 16.162, 3: 13.265, 4: 12.245}","{0: 880.723, 1: 458.125, 2: 458.75, 3: 458.25, 4: 458.062}","{0: 0, 1: 0, 2: 0, 3: 0, 4: 0, 5: 0, 6: 0, 7: 0, 8: 0, 9: 0}","{0: 0, 1: 0, 2: 0, 3: 0, 4: 0, 5: 0, 6: 0, 7: 0, 8: 0, 9: 0}","{0: 0, 1: 0, 2: 0, 3: 0, 4: 0, 5: 0, 6: 0, 7: 0, 8: 0, 9: 0}",0,0
rule_mongodb,60c1s5r10p,YCSB_A,rw_zipf_0.55,concurrent_50,101,30000,164.85950000000003,283.6093000000001,587.83814,184.06853127833332,3000.0,"{0: 67.347, 1: 12.5, 2: 16.162, 3: 14.286, 4: 14.286}","{0: 897.992, 1: 476.0, 2: 477.125, 3: 475.008, 4: 475.875}","{0: 2472, 1: 2469, 2: 2703, 3: 2725, 4: 2617, 5: 2621, 6: 2464, 7: 2592, 8: 2674, 9: 2639}","{0: 2464, 1: 2462, 2: 2689, 3: 2714, 4: 2603, 5: 2611, 6: 2449, 7: 2579, 8: 2665, 9: 2623}","{0: 1202, 1: 1243, 2: 1640, 3: 1641, 4: 1518, 5: 1522, 6: 1225, 7: 1454, 8: 1576, 9: 1539}",99.5495842315984,56.05174006775485
rule_mongodb,60c1s5r10p,YCSB_A,rw_zipf_0.6,concurrent_50,0,30000,304.84299999999996,582.7245,670.1991099999999,325.74943652466663,3000.0,"{0: 65.657, 1: 12.5, 2: 15.306, 3: 12.632, 4: 11.458}","{0: 891.332, 1: 458.375, 2: 458.5, 3: 457.812, 4: 458.0}","{0: 0, 1: 0, 2: 0, 3: 0, 4: 0, 5: 0, 6: 0, 7: 0, 8: 0, 9: 0}","{0: 0, 1: 0, 2: 0, 3: 0, 4: 0, 5: 0, 6: 0, 7: 0, 8: 0, 9: 0}","{0: 0, 1: 0, 2: 0, 3: 0, 4: 0, 5: 0, 6: 0, 7: 0, 8: 0, 9: 0}",0,0
rule_mongodb,60c1s5r10p,YCSB_A,rw_zipf_0.6,concurrent_50,101,30000,166.882,283.0749,597.07318,185.454692177,3000.0,"{0: 69.0, 1: 11.702, 2: 16.495, 3: 14.433, 4: 14.286}","{0: 885.246, 1: 475.312, 2: 475.688, 3: 473.875, 4: 475.0}","{0: 2453, 1: 2457, 2: 2643, 3: 2636, 4: 2647, 5: 2671, 6: 2473, 7: 2622, 8: 2668, 9: 2643}","{0: 2431, 1: 2439, 2: 2626, 3: 2613, 4: 2618, 5: 2653, 6: 2449, 7: 2599, 8: 2644, 9: 2615}","{0: 1221, 1: 1257, 2: 1588, 3: 1541, 4: 1575, 5: 1570, 6: 1258, 7: 1525, 8: 1566, 9: 1442}",99.12785088565585,56.12240960135839
rule_mongodb,60c1s5r10p,YCSB_A,rw_zipf_0.65,concurrent_50,0,30000,288.29499999999996,586.1995000000001,689.3992499999971,327.2037605666667,3000.0,"{0: 63.265, 1: 11.579, 2: 13.684, 3: 12.766, 4: 12.245}","{0: 887.594, 1: 458.312, 2: 458.688, 3: 457.562, 4: 457.562}","{0: 0, 1: 0, 2: 0, 3: 0, 4: 0, 5: 0, 6: 0, 7: 0, 8: 0, 9: 0}","{0: 0, 1: 0, 2: 0, 3: 0, 4: 0, 5: 0, 6: 0, 7: 0, 8: 0, 9: 0}","{0: 0, 1: 0, 2: 0, 3: 0, 4: 0, 5: 0, 6: 0, 7: 0, 8: 0, 9: 0}",0,0
rule_mongodb,60c1s5r10p,YCSB_A,rw_zipf_0.65,concurrent_50,101,30000,170.363,317.9819000000002,614.42101,194.93279592633334,3000.0,"{0: 65.657, 1: 11.458, 2: 14.737, 3: 13.684, 4: 14.141}","{0: 885.859, 1: 474.625, 2: 476.125, 3: 473.688, 4: 474.625}","{0: 2390, 1: 2433, 2: 2553, 3: 2650, 4: 2644, 5: 2666, 6: 2460, 7: 2525, 8: 2577, 9: 2657}","{0: 2349, 1: 2396, 2: 2503, 3: 2600, 4: 2593, 5: 2617, 6: 2418, 7: 2483, 8: 2525, 9: 2611}","{0: 1171, 1: 1187, 2: 1430, 3: 1528, 4: 1483, 5: 1533, 6: 1232, 7: 1383, 8: 1429, 9: 1485}",98.19996086871454,54.23987477988652
rule_mongodb,60c1s5r10p,YCSB_A,rw_zipf_0.7,concurrent_50,0,30000,273.2625,573.8907,673.1469199999949,321.23853071466664,3000.0,"{0: 64.286, 1: 11.458, 2: 14.433, 3: 12.371, 4: 13.0}","{0: 888.537, 1: 457.578, 2: 458.062, 3: 457.375, 4: 457.246}","{0: 0, 1: 0, 2: 0, 3: 0, 4: 0, 5: 0, 6: 0, 7: 0, 8: 0, 9: 0}","{0: 0, 1: 0, 2: 0, 3: 0, 4: 0, 5: 0, 6: 0, 7: 0, 8: 0, 9: 0}","{0: 0, 1: 0, 2: 0, 3: 0, 4: 0, 5: 0, 6: 0, 7: 0, 8: 0, 9: 0}",0,0
rule_mongodb,60c1s5r10p,YCSB_A,rw_zipf_0.7,concurrent_50,101,30000,165.53449999999998,308.91430000000014,613.47512,189.33715052899998,3000.0,"{0: 64.646, 1: 12.5, 2: 16.327, 3: 14.286, 4: 14.433}","{0: 894.326, 1: 473.812, 2: 475.062, 3: 473.312, 4: 473.438}","{0: 2431, 1: 2460, 2: 2630, 3: 2579, 4: 2624, 5: 2632, 6: 2428, 7: 2639, 8: 2652, 9: 2675}","{0: 2360, 1: 2389, 2: 2565, 3: 2499, 4: 2529, 5: 2553, 6: 2349, 7: 2562, 8: 2567, 9: 2603}","{0: 1212, 1: 1214, 2: 1622, 3: 1519, 4: 1527, 5: 1445, 6: 1167, 7: 1491, 8: 1464, 9: 1560}",96.99417475728156,55.227184466019416
rule_mongodb,60c1s5r10p,YCSB_A,rw_zipf_0.75,concurrent_50,0,30000,294.16200000000003,587.6399,685.04709,326.61273012099997,3000.0,"{0: 63.0, 1: 10.417, 2: 13.402, 3: 12.371, 4: 12.371}","{0: 889.963, 1: 456.875, 2: 457.5, 3: 456.75, 4: 457.125}","{0: 0, 1: 0, 2: 0, 3: 0, 4: 0, 5: 0, 6: 0, 7: 0, 8: 0, 9: 0}","{0: 0, 1: 0, 2: 0, 3: 0, 4: 0, 5: 0, 6: 0, 7: 0, 8: 0, 9: 0}","{0: 0, 1: 0, 2: 0, 3: 0, 4: 0, 5: 0, 6: 0, 7: 0, 8: 0, 9: 0}",0,0
rule_mongodb,60c1s5r10p,YCSB_A,rw_zipf_0.75,concurrent_50,101,30000,172.57,515.4146000000009,991.64114,235.59582556866667,3000.0,"{0: 70.707, 1: 12.632, 2: 18.182, 3: 15.464, 4: 13.542}","{0: 889.734, 1: 472.688, 2: 473.25, 3: 471.875, 4: 472.25}","{0: 2431, 1: 2396, 2: 2639, 3: 2576, 4: 2659, 5: 2699, 6: 2456, 7: 2577, 8: 2600, 9: 2577}","{0: 2293, 1: 2243, 2: 2501, 3: 2435, 4: 2512, 5: 2551, 6: 2327, 7: 2433, 8: 2455, 9: 2422}","{0: 1254, 1: 1119, 2: 1481, 3: 1397, 4: 1478, 5: 1543, 6: 1229, 7: 1328, 8: 1508, 9: 1405}",94.38500585708708,53.65872705974229
rule_mongodb,60c1s5r10p,YCSB_A,rw_zipf_0.8,concurrent_50,0,30000,259.671,570.7225000000001,658.5579999999994,317.103933702,3000.0,"{0: 65.347, 1: 11.34, 2: 14.433, 3: 13.402, 4: 12.5}","{0: 906.844, 1: 456.438, 2: 456.875, 3: 456.188, 4: 456.125}","{0: 0, 1: 0, 2: 0, 3: 0, 4: 0, 5: 0, 6: 0, 7: 0, 8: 0, 9: 0}","{0: 0, 1: 0, 2: 0, 3: 0, 4: 0, 5: 0, 6: 0, 7: 0, 8: 0, 9: 0}","{0: 0, 1: 0, 2: 0, 3: 0, 4: 0, 5: 0, 6: 0, 7: 0, 8: 0, 9: 0}",0,0
rule_mongodb,60c1s5r10p,YCSB_A,rw_zipf_0.8,concurrent_50,101,30000,167.5565,426.55320000000006,629.4963899999999,199.09776853300002,3000.0,"{0: 68.0, 1: 12.371, 2: 15.464, 3: 13.402, 4: 13.402}","{0: 880.379, 1: 471.5, 2: 472.062, 3: 470.25, 4: 471.188}","{0: 2325, 1: 2368, 2: 2556, 3: 2570, 4: 2489, 5: 2614, 6: 2391, 7: 2572, 8: 2565, 9: 2544}","{0: 2141, 1: 2179, 2: 2326, 3: 2340, 4: 2245, 5: 2385, 6: 2196, 7: 2388, 8: 2352, 9: 2324}","{0: 1074, 1: 1073, 2: 1397, 3: 1308, 4: 1337, 5: 1499, 6: 1080, 7: 1459, 8: 1376, 9: 1318}",91.52596623189565,51.69640713771305
rule_mongodb,60c1s5r10p,YCSB_A,rw_zipf_0.85,concurrent_50,0,30000,263.596,582.8793000000001,659.4525199999999,320.355330575,3000.0,"{0: 64.948, 1: 11.34, 2: 14.286, 3: 12.5, 4: 13.131}","{0: 883.207, 1: 455.625, 2: 455.875, 3: 455.375, 4: 455.062}","{0: 0, 1: 0, 2: 0, 3: 0, 4: 0, 5: 0, 6: 0, 7: 0, 8: 0, 9: 0}","{0: 0, 1: 0, 2: 0, 3: 0, 4: 0, 5: 0, 6: 0, 7: 0, 8: 0, 9: 0}","{0: 0, 1: 0, 2: 0, 3: 0, 4: 0, 5: 0, 6: 0, 7: 0, 8: 0, 9: 0}",0,0
rule_mongodb,60c1s5r10p,YCSB_A,rw_zipf_0.85,concurrent_50,101,30000,171.64499999999998,466.14130000000006,646.3637499999996,210.610936053,3000.0,"{0: 67.677, 1: 12.371, 2: 15.464, 3: 13.684, 4: 14.141}","{0: 868.434, 1: 469.5, 2: 469.938, 3: 468.562, 4: 469.062}","{0: 2287, 1: 2228, 2: 2450, 3: 2430, 4: 2485, 5: 2493, 6: 2316, 7: 2480, 8: 2513, 9: 2569}","{0: 1999, 1: 1945, 2: 2139, 3: 2122, 4: 2210, 5: 2161, 6: 2022, 7: 2181, 8: 2178, 9: 2226}","{0: 997, 1: 961, 2: 1256, 3: 1189, 4: 1329, 5: 1255, 6: 1022, 7: 1273, 8: 1326, 9: 1330}",87.34897529998763,49.22683600676261
rule_mongodb,60c1s5r10p,YCSB_A,rw_zipf_0.9,concurrent_50,0,30000,264.321,572.5174000000001,667.4780499999999,317.3540525513334,3000.0,"{0: 64.286, 1: 11.34, 2: 14.286, 3: 13.265, 4: 11.458}","{0: 884.566, 1: 454.812, 2: 454.875, 3: 454.625, 4: 454.625}","{0: 0, 1: 0, 2: 0, 3: 0, 4: 0, 5: 0, 6: 0, 7: 0, 8: 0, 9: 0}","{0: 0, 1: 0, 2: 0, 3: 0, 4: 0, 5: 0, 6: 0, 7: 0, 8: 0, 9: 0}","{0: 0, 1: 0, 2: 0, 3: 0, 4: 0, 5: 0, 6: 0, 7: 0, 8: 0, 9: 0}",0,0
rule_mongodb,60c1s5r10p,YCSB_A,rw_zipf_0.9,concurrent_50,101,30000,170.15699999999998,487.48530000000005,645.32606,220.1841705543333,3000.0,"{0: 67.677, 1: 12.5, 2: 15.464, 3: 14.286, 4: 14.286}","{0: 888.637, 1: 467.938, 2: 468.438, 3: 467.75, 4: 467.375}","{0: 2150, 1: 2238, 2: 2323, 3: 2366, 4: 2297, 5: 2430, 6: 2203, 7: 2393, 8: 2431, 9: 2379}","{0: 1771, 1: 1835, 2: 1884, 3: 1926, 4: 1859, 5: 1997, 6: 1804, 7: 1944, 8: 1987, 9: 1929}","{0: 890, 1: 908, 2: 1056, 3: 1107, 4: 989, 5: 1159, 6: 890, 7: 1175, 8: 1171, 9: 1082}",81.58552348125808,44.924601464885825
rule_mongodb,60c1s5r10p,YCSB_A,rw_zipf_0.95,concurrent_50,0,30000,263.01300000000003,573.8329,673.4201099999999,320.3674170946666,3000.0,"{0: 63.0, 1: 10.526, 2: 15.306, 3: 14.141, 4: 12.121}","{0: 869.996, 1: 454.0, 2: 454.312, 3: 453.938, 4: 454.25}","{0: 0, 1: 0, 2: 0, 3: 0, 4: 0, 5: 0, 6: 0, 7: 0, 8: 0, 9: 0}","{0: 0, 1: 0, 2: 0, 3: 0, 4: 0, 5: 0, 6: 0, 7: 0, 8: 0, 9: 0}","{0: 0, 1: 0, 2: 0, 3: 0, 4: 0, 5: 0, 6: 0, 7: 0, 8: 0, 9: 0}",0,0
rule_mongodb,60c1s5r10p,YCSB_A,rw_zipf_0.95,concurrent_50,101,30000,174.85399999999998,507.0123,645.48433,235.23480282133335,3000.0,"{0: 65.657, 1: 11.579, 2: 15.625, 3: 14.433, 4: 12.371}","{0: 884.283, 1: 465.875, 2: 466.5, 3: 465.312, 4: 465.688}","{0: 2027, 1: 2072, 2: 2131, 3: 2219, 4: 2208, 5: 2300, 6: 2144, 7: 2264, 8: 2349, 9: 2330}","{0: 1601, 1: 1610, 2: 1650, 3: 1732, 4: 1682, 5: 1752, 6: 1703, 7: 1780, 8: 1826, 9: 1775}","{0: 709, 1: 736, 2: 852, 3: 923, 4: 903, 5: 936, 6: 810, 7: 1000, 8: 1009, 9: 985}",77.62202866993286,40.20595173289784
rule_mongodb,60c1s5r10p,YCSB_A,rw_zipf_1,concurrent_50,0,30000,281.3725,574.4847000000001,678.48831,324.1565660703334,3000.0,"{0: 62.0, 1: 10.417, 2: 15.152, 3: 12.245, 4: 12.371}","{0: 867.109, 1: 453.688, 2: 453.688, 3: 453.25, 4: 453.312}","{0: 0, 1: 0, 2: 0, 3: 0, 4: 0, 5: 0, 6: 0, 7: 0, 8: 0, 9: 0}","{0: 0, 1: 0, 2: 0, 3: 0, 4: 0, 5: 0, 6: 0, 7: 0, 8: 0, 9: 0}","{0: 0, 1: 0, 2: 0, 3: 0, 4: 0, 5: 0, 6: 0, 7: 0, 8: 0, 9: 0}",0,0
rule_mongodb,60c1s5r10p,YCSB_A,rw_zipf_1,concurrent_50,101,30000,176.40949999999998,518.2423,651.02332,246.183855111,3000.0,"{0: 66.327, 1: 11.34, 2: 15.625, 3: 13.542, 4: 13.265}","{0: 866.207, 1: 463.875, 2: 464.188, 3: 463.375, 4: 463.75}","{0: 1975, 1: 1935, 2: 2077, 3: 2169, 4: 2094, 5: 2183, 6: 1987, 7: 2185, 8: 2165, 9: 2167}","{0: 1419, 1: 1409, 2: 1452, 3: 1563, 4: 1504, 5: 1444, 6: 1398, 7: 1533, 8: 1506, 9: 1504}","{0: 646, 1: 651, 2: 769, 3: 864, 4: 805, 5: 753, 6: 621, 7: 840, 8: 844, 9: 851}",70.3634713664804,36.50952858575727
rule_mongodb,60c1s5r10p,YCSB_B,rw_zipf_0,concurrent_50,0,30000,161.427,244.8272,546.5626799999999,161.05721557366667,3000.0,"{0: 58.333, 1: 4.082, 2: 4.124, 3: 4.082, 4: 4.04}","{0: 886.133, 1: 458.938, 2: 459.5, 3: 458.5, 4: 458.438}","{0: 0, 1: 0, 2: 0, 3: 0, 4: 0, 5: 0, 6: 0, 7: 0, 8: 0, 9: 0}","{0: 0, 1: 0, 2: 0, 3: 0, 4: 0, 5: 0, 6: 0, 7: 0, 8: 0, 9: 0}","{0: 0, 1: 0, 2: 0, 3: 0, 4: 0, 5: 0, 6: 0, 7: 0, 8: 0, 9: 0}",0,0
rule_mongodb,60c1s5r10p,YCSB_B,rw_zipf_0,concurrent_50,101,30000,159.48,236.0961,504.2824199999999,152.138767706,3000.0,"{0: 59.184, 1: 4.082, 2: 5.051, 3: 5.051, 4: 5.0}","{0: 888.879, 1: 473.348, 2: 474.285, 3: 473.062, 4: 473.25}","{0: 1173, 1: 1181, 2: 1523, 3: 1560, 4: 1593, 5: 1466, 6: 1199, 7: 1492, 8: 1454, 9: 1525}","{0: 1173, 1: 1181, 2: 1523, 3: 1560, 4: 1593, 5: 1466, 6: 1199, 7: 1492, 8: 1454, 9: 1525}","{0: 61, 1: 52, 2: 375, 3: 276, 4: 353, 5: 298, 6: 69, 7: 263, 8: 269, 9: 287}",100.0,16.257235634618098
rule_mongodb,60c1s5r10p,YCSB_B,rw_zipf_0.1,concurrent_50,0,30000,158.762,240.06420000000003,557.17658,159.117947142,3000.0,"{0: 59.596, 1: 3.093, 2: 4.082, 3: 4.082, 4: 4.082}","{0: 889.84, 1: 458.875, 2: 459.438, 3: 458.562, 4: 458.695}","{0: 0, 1: 0, 2: 0, 3: 0, 4: 0, 5: 0, 6: 0, 7: 0, 8: 0, 9: 0}","{0: 0, 1: 0, 2: 0, 3: 0, 4: 0, 5: 0, 6: 0, 7: 0, 8: 0, 9: 0}","{0: 0, 1: 0, 2: 0, 3: 0, 4: 0, 5: 0, 6: 0, 7: 0, 8: 0, 9: 0}",0,0
rule_mongodb,60c1s5r10p,YCSB_B,rw_zipf_0.1,concurrent_50,101,30000,159.138,236.7791,500.6686499999999,151.049153257,3000.0,"{0: 59.596, 1: 4.124, 2: 4.167, 3: 4.124, 4: 4.04}","{0: 876.242, 1: 473.125, 2: 474.125, 3: 472.188, 4: 473.125}","{0: 1226, 1: 1191, 2: 1401, 3: 1402, 4: 1517, 5: 1540, 6: 1208, 7: 1544, 8: 1552, 9: 1496}","{0: 1226, 1: 1189, 2: 1401, 3: 1402, 4: 1517, 5: 1540, 6: 1208, 7: 1544, 8: 1552, 9: 1496}","{0: 57, 1: 56, 2: 275, 3: 276, 4: 241, 5: 296, 6: 56, 7: 291, 8: 308, 9: 269}",99.98579242736379,15.095545925978547
rule_mongodb,60c1s5r10p,YCSB_B,rw_zipf_0.2,concurrent_50,0,30000,159.007,235.726,556.63522,158.42519552966667,3000.0,"{0: 59.406, 1: 4.0, 2: 4.167, 3: 4.082, 4: 4.0}","{0: 883.908, 1: 459.0, 2: 459.438, 3: 458.812, 4: 458.75}","{0: 0, 1: 0, 2: 0, 3: 0, 4: 0, 5: 0, 6: 0, 7: 0, 8: 0, 9: 0}","{0: 0, 1: 0, 2: 0, 3: 0, 4: 0, 5: 0, 6: 0, 7: 0, 8: 0, 9: 0}","{0: 0, 1: 0, 2: 0, 3: 0, 4: 0, 5: 0, 6: 0, 7: 0, 8: 0, 9: 0}",0,0
rule_mongodb,60c1s5r10p,YCSB_B,rw_zipf_0.2,concurrent_50,101,30000,160.4255,234.9232,504.8869999999999,152.16150675866666,3000.0,"{0: 60.606, 1: 5.051, 2: 5.102, 3: 4.124, 4: 4.082}","{0: 878.945, 1: 473.5, 2: 474.062, 3: 472.625, 4: 473.125}","{0: 1194, 1: 1168, 2: 1516, 3: 1423, 4: 1457, 5: 1603, 6: 1242, 7: 1521, 8: 1441, 9: 1572}","{0: 1194, 1: 1168, 2: 1516, 3: 1423, 4: 1457, 5: 1603, 6: 1242, 7: 1521, 8: 1441, 9: 1572}","{0: 64, 1: 60, 2: 306, 3: 251, 4: 318, 5: 249, 6: 63, 7: 274, 8: 312, 9: 291}",100.0,15.477116785739549
rule_mongodb,60c1s5r10p,YCSB_B,rw_zipf_0.3,concurrent_50,0,30000,159.013,236.9622,542.1280300000001,158.87448018633333,3000.0,"{0: 59.184, 1: 3.093, 2: 5.051, 3: 4.04, 4: 3.093}","{0: 879.949, 1: 458.688, 2: 458.992, 3: 458.48, 4: 458.375}","{0: 0, 1: 0, 2: 0, 3: 0, 4: 0, 5: 0, 6: 0, 7: 0, 8: 0, 9: 0}","{0: 0, 1: 0, 2: 0, 3: 0, 4: 0, 5: 0, 6: 0, 7: 0, 8: 0, 9: 0}","{0: 0, 1: 0, 2: 0, 3: 0, 4: 0, 5: 0, 6: 0, 7: 0, 8: 0, 9: 0}",0,0
rule_mongodb,60c1s5r10p,YCSB_B,rw_zipf_0.3,concurrent_50,101,30000,159.3675,236.2771,503.7744199999993,153.08065594699997,3000.0,"{0: 58.586, 1: 5.051, 2: 4.124, 3: 4.124, 4: 5.051}","{0: 889.322, 1: 473.375, 2: 474.562, 3: 472.438, 4: 473.125}","{0: 1219, 1: 1215, 2: 1481, 3: 1462, 4: 1513, 5: 1487, 6: 1192, 7: 1503, 8: 1471, 9: 1529}","{0: 1219, 1: 1215, 2: 1481, 3: 1462, 4: 1513, 5: 1487, 6: 1192, 7: 1503, 8: 1471, 9: 1529}","{0: 61, 1: 65, 2: 285, 3: 271, 4: 338, 5: 314, 6: 70, 7: 252, 8: 263, 9: 345}",100.0,16.088686753837408
rule_mongodb,60c1s5r10p,YCSB_B,rw_zipf_0.4,concurrent_50,0,30000,160.4225,244.454,557.2458499999997,160.01014983333332,3000.0,"{0: 58.586, 1: 4.082, 2: 4.082, 3: 4.082, 4: 4.04}","{0: 882.422, 1: 458.688, 2: 459.062, 3: 458.438, 4: 458.688}","{0: 0, 1: 0, 2: 0, 3: 0, 4: 0, 5: 0, 6: 0, 7: 0, 8: 0, 9: 0}","{0: 0, 1: 0, 2: 0, 3: 0, 4: 0, 5: 0, 6: 0, 7: 0, 8: 0, 9: 0}","{0: 0, 1: 0, 2: 0, 3: 0, 4: 0, 5: 0, 6: 0, 7: 0, 8: 0, 9: 0}",0,0
rule_mongodb,60c1s5r10p,YCSB_B,rw_zipf_0.4,concurrent_50,101,30000,158.52,234.9301,499.48263999999995,150.16199122733335,3000.0,"{0: 59.794, 1: 4.082, 2: 5.051, 3: 4.082, 4: 4.124}","{0: 874.973, 1: 473.625, 2: 474.688, 3: 472.75, 4: 473.25}","{0: 1143, 1: 1219, 2: 1476, 3: 1431, 4: 1507, 5: 1550, 6: 1221, 7: 1529, 8: 1592, 9: 1494}","{0: 1143, 1: 1219, 2: 1476, 3: 1431, 4: 1507, 5: 1550, 6: 1221, 7: 1529, 8: 1592, 9: 1494}","{0: 62, 1: 68, 2: 322, 3: 298, 4: 263, 5: 342, 6: 58, 7: 290, 8: 335, 9: 327}",100.0,16.699618697924024
rule_mongodb,60c1s5r10p,YCSB_B,rw_zipf_0.5,concurrent_50,0,30000,163.2685,240.15370000000001,563.47728,163.78827746166667,3000.0,"{0: 58.763, 1: 4.04, 2: 4.04, 3: 4.082, 4: 4.04}","{0: 885.072, 1: 458.688, 2: 459.0, 3: 457.938, 4: 458.227}","{0: 0, 1: 0, 2: 0, 3: 0, 4: 0, 5: 0, 6: 0, 7: 0, 8: 0, 9: 0}","{0: 0, 1: 0, 2: 0, 3: 0, 4: 0, 5: 0, 6: 0, 7: 0, 8: 0, 9: 0}","{0: 0, 1: 0, 2: 0, 3: 0, 4: 0, 5: 0, 6: 0, 7: 0, 8: 0, 9: 0}",0,0
rule_mongodb,60c1s5r10p,YCSB_B,rw_zipf_0.5,concurrent_50,101,30000,158.7505,234.94310000000002,505.55901,150.53665884666668,3000.0,"{0: 61.224, 1: 4.082, 2: 4.124, 3: 5.051, 4: 4.082}","{0: 866.977, 1: 472.812, 2: 473.438, 3: 471.938, 4: 472.625}","{0: 1212, 1: 1176, 2: 1389, 3: 1439, 4: 1462, 5: 1542, 6: 1232, 7: 1464, 8: 1575, 9: 1545}","{0: 1212, 1: 1176, 2: 1389, 3: 1439, 4: 1462, 5: 1541, 6: 1232, 7: 1464, 8: 1575, 9: 1545}","{0: 59, 1: 62, 2: 288, 3: 312, 4: 238, 5: 291, 6: 63, 7: 278, 8: 356, 9: 239}",99.9928754630949,15.574237674551155
rule_mongodb,60c1s5r10p,YCSB_B,rw_zipf_0.55,concurrent_50,0,30000,160.39249999999998,242.195,550.3725499999998,159.538372916,3000.0,"{0: 60.0, 1: 4.04, 2: 5.051, 3: 4.124, 4: 3.061}","{0: 887.008, 1: 458.625, 2: 458.625, 3: 457.688, 4: 458.18}","{0: 0, 1: 0, 2: 0, 3: 0, 4: 0, 5: 0, 6: 0, 7: 0, 8: 0, 9: 0}","{0: 0, 1: 0, 2: 0, 3: 0, 4: 0, 5: 0, 6: 0, 7: 0, 8: 0, 9: 0}","{0: 0, 1: 0, 2: 0, 3: 0, 4: 0, 5: 0, 6: 0, 7: 0, 8: 0, 9: 0}",0,0
rule_mongodb,60c1s5r10p,YCSB_B,rw_zipf_0.55,concurrent_50,101,30000,158.7255,234.9991,491.1764399999999,150.181733769,3000.0,"{0: 61.616, 1: 4.124, 2: 5.051, 3: 4.124, 4: 5.0}","{0: 867.539, 1: 472.25, 2: 473.5, 3: 472.062, 4: 472.062}","{0: 1182, 1: 1186, 2: 1535, 3: 1490, 4: 1452, 5: 1618, 6: 1254, 7: 1561, 8: 1424, 9: 1430}","{0: 1182, 1: 1186, 2: 1534, 3: 1490, 4: 1451, 5: 1616, 6: 1254, 7: 1559, 8: 1422, 9: 1429}","{0: 50, 1: 70, 2: 296, 3: 277, 4: 318, 5: 316, 6: 73, 7: 351, 8: 261, 9: 259}",99.93631474667421,16.069912255873195
rule_mongodb,60c1s5r10p,YCSB_B,rw_zipf_0.6,concurrent_50,0,30000,158.584,242.3192,560.85112,159.07090760933335,3000.0,"{0: 58.586, 1: 4.082, 2: 4.082, 3: 4.082, 4: 4.082}","{0: 888.535, 1: 458.062, 2: 458.688, 3: 457.938, 4: 458.062}","{0: 0, 1: 0, 2: 0, 3: 0, 4: 0, 5: 0, 6: 0, 7: 0, 8: 0, 9: 0}","{0: 0, 1: 0, 2: 0, 3: 0, 4: 0, 5: 0, 6: 0, 7: 0, 8: 0, 9: 0}","{0: 0, 1: 0, 2: 0, 3: 0, 4: 0, 5: 0, 6: 0, 7: 0, 8: 0, 9: 0}",0,0
rule_mongodb,60c1s5r10p,YCSB_B,rw_zipf_0.6,concurrent_50,101,30000,158.619,234.99,508.00489999999957,151.14899551099998,3000.0,"{0: 59.596, 1: 4.124, 2: 4.124, 3: 4.124, 4: 4.124}","{0: 887.629, 1: 472.125, 2: 473.062, 3: 471.938, 4: 471.621}","{0: 1178, 1: 1208, 2: 1508, 3: 1557, 4: 1433, 5: 1487, 6: 1217, 7: 1513, 8: 1433, 9: 1577}","{0: 1177, 1: 1208, 2: 1504, 3: 1556, 4: 1432, 5: 1485, 6: 1215, 7: 1513, 8: 1425, 9: 1575}","{0: 54, 1: 66, 2: 354, 3: 390, 4: 266, 5: 247, 6: 54, 7: 235, 8: 318, 9: 396}",99.85117993055063,16.866274537594784
rule_mongodb,60c1s5r10p,YCSB_B,rw_zipf_0.65,concurrent_50,0,30000,159.90800000000002,243.8842,555.8452899999988,159.63316481,3000.0,"{0: 59.596, 1: 4.04, 2: 4.082, 3: 4.082, 4: 3.093}","{0: 884.406, 1: 457.941, 2: 458.625, 3: 457.438, 4: 457.562}","{0: 0, 1: 0, 2: 0, 3: 0, 4: 0, 5: 0, 6: 0, 7: 0, 8: 0, 9: 0}","{0: 0, 1: 0, 2: 0, 3: 0, 4: 0, 5: 0, 6: 0, 7: 0, 8: 0, 9: 0}","{0: 0, 1: 0, 2: 0, 3: 0, 4: 0, 5: 0, 6: 0, 7: 0, 8: 0, 9: 0}",0,0
rule_mongodb,60c1s5r10p,YCSB_B,rw_zipf_0.65,concurrent_50,101,30000,158.79500000000002,236.0452,497.9712299999998,149.96308097966667,3000.0,"{0: 60.606, 1: 4.124, 2: 4.124, 3: 5.102, 4: 4.082}","{0: 876.727, 1: 471.562, 2: 472.613, 3: 470.543, 4: 471.355}","{0: 1177, 1: 1194, 2: 1539, 3: 1460, 4: 1428, 5: 1552, 6: 1238, 7: 1463, 8: 1501, 9: 1492}","{0: 1173, 1: 1194, 2: 1537, 3: 1458, 4: 1426, 5: 1549, 6: 1237, 7: 1463, 8: 1496, 9: 1490}","{0: 60, 1: 61, 2: 326, 3: 370, 4: 239, 5: 385, 6: 67, 7: 230, 8: 313, 9: 311}",99.85046995158075,16.818570207917972
rule_mongodb,60c1s5r10p,YCSB_B,rw_zipf_0.7,concurrent_50,0,30000,159.279,241.79700000000003,537.53415,156.13220655133333,3000.0,"{0: 59.184, 1: 4.082, 2: 4.082, 3: 4.082, 4: 3.093}","{0: 872.613, 1: 457.625, 2: 457.625, 3: 457.0, 4: 457.062}","{0: 0, 1: 0, 2: 0, 3: 0, 4: 0, 5: 0, 6: 0, 7: 0, 8: 0, 9: 0}","{0: 0, 1: 0, 2: 0, 3: 0, 4: 0, 5: 0, 6: 0, 7: 0, 8: 0, 9: 0}","{0: 0, 1: 0, 2: 0, 3: 0, 4: 0, 5: 0, 6: 0, 7: 0, 8: 0, 9: 0}",0,0
rule_mongodb,60c1s5r10p,YCSB_B,rw_zipf_0.7,concurrent_50,101,30000,157.951,235.006,511.2337899999997,149.5687082973333,3000.0,"{0: 59.596, 1: 4.082, 2: 5.102, 3: 4.082, 4: 4.082}","{0: 912.453, 1: 470.875, 2: 471.723, 3: 470.75, 4: 470.688}","{0: 1176, 1: 1192, 2: 1487, 3: 1574, 4: 1454, 5: 1585, 6: 1192, 7: 1426, 8: 1600, 9: 1469}","{0: 1171, 1: 1188, 2: 1481, 3: 1566, 4: 1449, 5: 1574, 6: 1185, 7: 1411, 8: 1594, 9: 1462}","{0: 63, 1: 59, 2: 349, 3: 370, 4: 202, 5: 302, 6: 49, 7: 249, 8: 304, 9: 323}",99.47721653126104,16.036736135641117
rule_mongodb,60c1s5r10p,YCSB_B,rw_zipf_0.75,concurrent_50,0,30000,159.50150000000002,243.85920000000002,551.45713,160.16848376766666,3000.0,"{0: 58.0, 1: 4.04, 2: 4.04, 3: 4.04, 4: 4.04}","{0: 882.586, 1: 457.062, 2: 457.562, 3: 457.188, 4: 456.676}","{0: 0, 1: 0, 2: 0, 3: 0, 4: 0, 5: 0, 6: 0, 7: 0, 8: 0, 9: 0}","{0: 0, 1: 0, 2: 0, 3: 0, 4: 0, 5: 0, 6: 0, 7: 0, 8: 0, 9: 0}","{0: 0, 1: 0, 2: 0, 3: 0, 4: 0, 5: 0, 6: 0, 7: 0, 8: 0, 9: 0}",0,0
rule_mongodb,60c1s5r10p,YCSB_B,rw_zipf_0.75,concurrent_50,101,30000,158.734,235.29,520.73511,152.017459475,3000.0,"{0: 59.596, 1: 4.082, 2: 5.051, 3: 4.124, 4: 4.082}","{0: 876.617, 1: 469.875, 2: 470.375, 3: 469.363, 4: 469.375}","{0: 1199, 1: 1230, 2: 1406, 3: 1570, 4: 1517, 5: 1430, 6: 1191, 7: 1446, 8: 1538, 9: 1577}","{0: 1191, 1: 1221, 2: 1397, 3: 1563, 4: 1503, 5: 1412, 6: 1183, 7: 1442, 8: 1528, 9: 1564}","{0: 54, 1: 66, 2: 252, 3: 350, 4: 358, 5: 241, 6: 52, 7: 299, 8: 220, 9: 367}",99.29098128190584,16.01673284174702
rule_mongodb,60c1s5r10p,YCSB_B,rw_zipf_0.8,concurrent_50,0,30000,157.415,240.8831,551.08623,158.62129529233331,3000.0,"{0: 57.576, 1: 4.124, 2: 4.082, 3: 4.082, 4: 3.093}","{0: 880.84, 1: 456.562, 2: 456.812, 3: 456.25, 4: 456.188}","{0: 0, 1: 0, 2: 0, 3: 0, 4: 0, 5: 0, 6: 0, 7: 0, 8: 0, 9: 0}","{0: 0, 1: 0, 2: 0, 3: 0, 4: 0, 5: 0, 6: 0, 7: 0, 8: 0, 9: 0}","{0: 0, 1: 0, 2: 0, 3: 0, 4: 0, 5: 0, 6: 0, 7: 0, 8: 0, 9: 0}",0,0
rule_mongodb,60c1s5r10p,YCSB_B,rw_zipf_0.8,concurrent_50,101,30000,157.214,238.1441,503.9427799999997,151.49253036199997,3000.0,"{0: 60.606, 1: 4.124, 2: 4.082, 3: 5.102, 4: 4.082}","{0: 872.512, 1: 468.75, 2: 469.438, 3: 467.812, 4: 468.562}","{0: 1174, 1: 1252, 2: 1558, 3: 1545, 4: 1365, 5: 1462, 6: 1210, 7: 1500, 8: 1544, 9: 1631}","{0: 1154, 1: 1224, 2: 1524, 3: 1503, 4: 1342, 5: 1438, 6: 1193, 7: 1480, 8: 1516, 9: 1600}","{0: 56, 1: 58, 2: 292, 3: 334, 4: 265, 5: 314, 6: 61, 7: 293, 8: 369, 9: 370}",98.12513166210238,16.937012850221194
rule_mongodb,60c1s5r10p,YCSB_B,rw_zipf_0.85,concurrent_50,0,30000,159.6365,241.3751,558.0760999999986,158.63241295866666,3000.0,"{0: 60.606, 1: 3.093, 2: 4.082, 3: 4.082, 4: 4.04}","{0: 880.381, 1: 455.812, 2: 456.25, 3: 455.0, 4: 455.5}","{0: 0, 1: 0, 2: 0, 3: 0, 4: 0, 5: 0, 6: 0, 7: 0, 8: 0, 9: 0}","{0: 0, 1: 0, 2: 0, 3: 0, 4: 0, 5: 0, 6: 0, 7: 0, 8: 0, 9: 0}","{0: 0, 1: 0, 2: 0, 3: 0, 4: 0, 5: 0, 6: 0, 7: 0, 8: 0, 9: 0}",0,0
rule_mongodb,60c1s5r10p,YCSB_B,rw_zipf_0.85,concurrent_50,101,30000,156.94850000000002,241.2561,511.5991599999984,152.64489641499998,3000.0,"{0: 60.0, 1: 3.093, 2: 5.051, 3: 4.124, 4: 4.04}","{0: 869.605, 1: 467.25, 2: 467.75, 3: 466.75, 4: 467.312}","{0: 1152, 1: 1189, 2: 1493, 3: 1532, 4: 1400, 5: 1581, 6: 1245, 7: 1590, 8: 1491, 9: 1563}","{0: 1129, 1: 1164, 2: 1469, 3: 1505, 4: 1366, 5: 1557, 6: 1220, 7: 1552, 8: 1459, 9: 1522}","{0: 46, 1: 52, 2: 298, 3: 338, 4: 286, 5: 265, 6: 63, 7: 335, 8: 207, 9: 354}",97.94183759483,15.762854734475976
rule_mongodb,60c1s5r10p,YCSB_B,rw_zipf_0.9,concurrent_50,0,30000,160.2215,239.7121,541.9882200000001,159.13774963933335,3000.0,"{0: 61.0, 1: 3.093, 2: 4.082, 3: 4.082, 4: 3.093}","{0: 926.092, 1: 454.688, 2: 455.375, 3: 454.438, 4: 454.5}","{0: 0, 1: 0, 2: 0, 3: 0, 4: 0, 5: 0, 6: 0, 7: 0, 8: 0, 9: 0}","{0: 0, 1: 0, 2: 0, 3: 0, 4: 0, 5: 0, 6: 0, 7: 0, 8: 0, 9: 0}","{0: 0, 1: 0, 2: 0, 3: 0, 4: 0, 5: 0, 6: 0, 7: 0, 8: 0, 9: 0}",0,0
rule_mongodb,60c1s5r10p,YCSB_B,rw_zipf_0.9,concurrent_50,101,30000,158.159,237.81210000000002,518.3755699999999,152.08296084533333,3000.0,"{0: 57.576, 1: 4.082, 2: 5.102, 3: 4.124, 4: 4.124}","{0: 882.543, 1: 466.062, 2: 466.812, 3: 465.625, 4: 465.875}","{0: 1192, 1: 1163, 2: 1457, 3: 1533, 4: 1407, 5: 1509, 6: 1187, 7: 1378, 8: 1498, 9: 1536}","{0: 1169, 1: 1143, 2: 1423, 3: 1486, 4: 1373, 5: 1471, 6: 1164, 7: 1352, 8: 1466, 9: 1495}","{0: 48, 1: 55, 2: 276, 3: 260, 4: 236, 5: 287, 6: 49, 7: 189, 8: 254, 9: 262}",97.7056277056277,13.823953823953824
rule_mongodb,60c1s5r10p,YCSB_B,rw_zipf_0.95,concurrent_50,0,30000,159.20749999999998,242.469,539.8890699999996,157.81091063866666,3000.0,"{0: 58.0, 1: 4.124, 2: 4.124, 3: 4.082, 4: 3.125}","{0: 872.105, 1: 454.062, 2: 454.125, 3: 453.875, 4: 453.875}","{0: 0, 1: 0, 2: 0, 3: 0, 4: 0, 5: 0, 6: 0, 7: 0, 8: 0, 9: 0}","{0: 0, 1: 0, 2: 0, 3: 0, 4: 0, 5: 0, 6: 0, 7: 0, 8: 0, 9: 0}","{0: 0, 1: 0, 2: 0, 3: 0, 4: 0, 5: 0, 6: 0, 7: 0, 8: 0, 9: 0}",0,0
rule_mongodb,60c1s5r10p,YCSB_B,rw_zipf_0.95,concurrent_50,101,30000,157.162,235.5822,512.81523,150.96274770199997,3000.0,"{0: 60.0, 1: 5.051, 2: 5.102, 3: 4.124, 4: 4.124}","{0: 857.512, 1: 464.188, 2: 464.875, 3: 464.438, 4: 464.5}","{0: 1142, 1: 1148, 2: 1443, 3: 1475, 4: 1490, 5: 1403, 6: 1187, 7: 1423, 8: 1509, 9: 1481}","{0: 1102, 1: 1109, 2: 1384, 3: 1416, 4: 1430, 5: 1348, 6: 1143, 7: 1370, 8: 1449, 9: 1409}","{0: 50, 1: 54, 2: 248, 3: 271, 4: 324, 5: 250, 6: 37, 7: 284, 8: 252, 9: 335}",96.05138311072184,15.36384205532443
rule_mongodb,60c1s5r10p,YCSB_B,rw_zipf_1,concurrent_50,0,30000,160.769,243.289,553.9676299999999,160.365985887,3000.0,"{0: 56.701, 1: 4.04, 2: 4.082, 3: 4.04, 4: 4.04}","{0: 871.275, 1: 453.375, 2: 453.875, 3: 453.5, 4: 453.375}","{0: 0, 1: 0, 2: 0, 3: 0, 4: 0, 5: 0, 6: 0, 7: 0, 8: 0, 9: 0}","{0: 0, 1: 0, 2: 0, 3: 0, 4: 0, 5: 0, 6: 0, 7: 0, 8: 0, 9: 0}","{0: 0, 1: 0, 2: 0, 3: 0, 4: 0, 5: 0, 6: 0, 7: 0, 8: 0, 9: 0}",0,0
rule_mongodb,60c1s5r10p,YCSB_B,rw_zipf_1,concurrent_50,101,30000,158.4955,235.0112,520.70823,152.63427653633332,3000.0,"{0: 59.596, 1: 4.082, 2: 5.102, 3: 5.051, 4: 4.124}","{0: 876.145, 1: 463.0, 2: 463.625, 3: 462.688, 4: 463.312}","{0: 1129, 1: 1123, 2: 1405, 3: 1520, 4: 1408, 5: 1555, 6: 1204, 7: 1405, 8: 1494, 9: 1493}","{0: 1050, 1: 1064, 2: 1304, 3: 1419, 4: 1338, 5: 1447, 6: 1125, 7: 1329, 8: 1393, 9: 1391}","{0: 42, 1: 40, 2: 273, 3: 289, 4: 260, 5: 361, 6: 48, 7: 301, 8: 255, 9: 219}",93.62259755387304,15.200931857891671
