protocol,site,ycsb,workload,concurrent,fastpath_attempt_rate,all_efficient_count,all_efficient_50pct,all_efficient_90pct,all_efficient_99pct,all_efficient_ave,throughput,cpu_usage,memory_usage,fp_attempt_cnt,fp_success_cnt,fp_efficient_success_cnt,fp_success_rate,fp_efficient_success_rate
none_raft,30c1s5r5p-zoo,YCSB_A,rw_1000000,concurrent_1,0,197,80.10083,90.60244139999999,93.88127928,79.7744546751269,19.7,"{0: 3.261, 1: 0.0, 2: 13.542, 3: 5.814, 4: 8.421}","{0: 524.027, 1: 523.258, 2: 523.518, 3: 522.25, 4: 522.576}","{0: 0, 1: 0, 2: 0, 3: 0, 4: 0}","{0: 0, 1: 0, 2: 0, 3: 0, 4: 0}","{0: 0, 1: 0, 2: 0, 3: 0, 4: 0}",0,0
none_raft,30c1s5r5p-zoo,YCSB_A,rw_1000000,concurrent_10,0,2866,75.904419,86.02941899999999,91.29647229999999,75.95850747801815,286.6,"{0: 1.099, 1: 1.111, 2: 11.702, 3: 10.227, 4: 9.677}","{0: 536.137, 1: 536.051, 2: 536.643, 3: 533.25, 4: 537.709}","{0: 0, 1: 0, 2: 0, 3: 0, 4: 0}","{0: 0, 1: 0, 2: 0, 3: 0, 4: 0}","{0: 0, 1: 0, 2: 0, 3: 0, 4: 0}",0,0
none_raft,30c1s5r5p-zoo,YCSB_A,rw_1000000,concurrent_20,0,5831,74.315918,83.883057,88.8864744,74.63602448842394,583.1,"{0: 2.198, 1: 5.495, 2: 10.0, 3: 8.14, 4: 5.682}","{0: 549.83, 1: 552.215, 2: 550.834, 3: 545.25, 4: 550.211}","{0: 0, 1: 0, 2: 0, 3: 0, 4: 0}","{0: 0, 1: 0, 2: 0, 3: 0, 4: 0}","{0: 0, 1: 0, 2: 0, 3: 0, 4: 0}",0,0
none_raft,30c1s5r5p-zoo,YCSB_A,rw_1000000,concurrent_40,0,11825,73.774902,81.754883,86.26276332,74.12690140532769,1182.5,"{0: 3.261, 1: 2.198, 2: 12.903, 3: 34.783, 4: 11.702}","{0: 578.455, 1: 579.414, 2: 579.834, 3: 587.25, 4: 578.533}","{0: 0, 1: 0, 2: 0, 3: 0, 4: 0}","{0: 0, 1: 0, 2: 0, 3: 0, 4: 0}","{0: 0, 1: 0, 2: 0, 3: 0, 4: 0}",0,0
none_raft,30c1s5r5p-zoo,YCSB_A,rw_1000000,concurrent_60,0,17800,73.4525145,80.6751466,85.579834,73.84891353449439,1780.0,"{0: 3.297, 1: 2.222, 2: 14.894, 3: 45.652, 4: 11.111}","{0: 607.166, 1: 608.234, 2: 609.613, 3: 608.75, 4: 607.244}","{0: 0, 1: 0, 2: 0, 3: 0, 4: 0}","{0: 0, 1: 0, 2: 0, 3: 0, 4: 0}","{0: 0, 1: 0, 2: 0, 3: 0, 4: 0}",0,0
none_raft,30c1s5r5p-zoo,YCSB_A,rw_1000000,concurrent_80,0,23772,73.32995600000001,79.9698733,84.46817374,73.5942053560912,2377.2,"{0: 20.0, 1: 2.222, 2: 14.286, 3: 16.484, 4: 9.89}","{0: 646.463, 1: 638.27, 2: 638.393, 3: 627.75, 4: 636.094}","{0: 0, 1: 0, 2: 0, 3: 0, 4: 0}","{0: 0, 1: 0, 2: 0, 3: 0, 4: 0}","{0: 0, 1: 0, 2: 0, 3: 0, 4: 0}",0,0
none_raft,30c1s5r5p-zoo,YCSB_A,rw_1000000,concurrent_100,0,29891,74.331055,81.755859,86.50412629999998,74.87265848917734,2989.1,"{0: 5.435, 1: 3.297, 2: 15.217, 3: 65.263, 4: 12.5}","{0: 664.27, 1: 667.266, 2: 667.445, 3: 675.5, 4: 664.328}","{0: 0, 1: 0, 2: 0, 3: 0, 4: 0}","{0: 0, 1: 0, 2: 0, 3: 0, 4: 0}","{0: 0, 1: 0, 2: 0, 3: 0, 4: 0}",0,0
none_raft,30c1s5r5p-zoo,YCSB_A,rw_1000000,concurrent_120,0,35706,74.52002,81.6915285,86.63856199999998,75.05291449148602,3570.6,"{0: 8.791, 1: 3.333, 2: 18.085, 3: 70.833, 4: 12.766}","{0: 692.814, 1: 696.406, 2: 696.5, 3: 709.75, 4: 693.068}","{0: 0, 1: 0, 2: 0, 3: 0, 4: 0}","{0: 0, 1: 0, 2: 0, 3: 0, 4: 0}","{0: 0, 1: 0, 2: 0, 3: 0, 4: 0}",0,0
none_raft,30c1s5r5p-zoo,YCSB_A,rw_1000000,concurrent_140,0,41906,73.822021,79.998413,84.86782235,74.13626626385245,4190.6,"{0: 6.522, 1: 28.421, 2: 22.105, 3: 22.34, 4: 10.87}","{0: 720.977, 1: 740.117, 2: 724.889, 3: 707.25, 4: 721.188}","{0: 0, 1: 0, 2: 0, 3: 0, 4: 0}","{0: 0, 1: 0, 2: 0, 3: 0, 4: 0}","{0: 0, 1: 0, 2: 0, 3: 0, 4: 0}",0,0
none_raft,30c1s5r5p-zoo,YCSB_A,rw_1000000,concurrent_150,0,44684,76.4155275,84.166992,96.90486103999994,77.30534782293438,4468.4,"{0: 6.522, 1: 4.396, 2: 23.404, 3: 81.0, 4: 11.111}","{0: 734.85, 1: 739.094, 2: 738.721, 3: 756.0, 4: 735.074}","{0: 0, 1: 0, 2: 0, 3: 0, 4: 0}","{0: 0, 1: 0, 2: 0, 3: 0, 4: 0}","{0: 0, 1: 0, 2: 0, 3: 0, 4: 0}",0,0
none_raft,30c1s5r5p-zoo,YCSB_A,rw_1000000,concurrent_160,0,47789,76.954834,84.92622080000002,104.30813484000029,78.14477367689217,4778.9,"{0: 7.609, 1: 3.371, 2: 25.275, 3: 87.0, 4: 11.957}","{0: 749.16, 1: 753.605, 2: 753.871, 3: 774.25, 4: 749.217}","{0: 0, 1: 0, 2: 0, 3: 0, 4: 0}","{0: 0, 1: 0, 2: 0, 3: 0, 4: 0}","{0: 0, 1: 0, 2: 0, 3: 0, 4: 0}",0,0
none_raft,30c1s5r5p-zoo,YCSB_A,rw_1000000,concurrent_170,0,50664,77.4415285,85.9440188,102.26042257000015,78.62927615166588,5066.4,"{0: 8.696, 1: 4.444, 2: 22.581, 3: 87.879, 4: 11.828}","{0: 763.979, 1: 767.625, 2: 767.316, 3: 789.25, 4: 764.352}","{0: 0, 1: 0, 2: 0, 3: 0, 4: 0}","{0: 0, 1: 0, 2: 0, 3: 0, 4: 0}","{0: 0, 1: 0, 2: 0, 3: 0, 4: 0}",0,0
none_raft,30c1s5r5p-zoo,YCSB_A,rw_1000000,concurrent_180,0,53539,74.522949,81.268066,85.90894988000001,74.94553309923606,5353.9,"{0: 7.609, 1: 34.375, 2: 24.211, 3: 21.839, 4: 13.83}","{0: 777.168, 1: 807.354, 2: 782.379, 3: 761.0, 4: 777.238}","{0: 0, 1: 0, 2: 0, 3: 0, 4: 0}","{0: 0, 1: 0, 2: 0, 3: 0, 4: 0}","{0: 0, 1: 0, 2: 0, 3: 0, 4: 0}",0,0
none_raft,30c1s5r5p-zoo,YCSB_A,rw_1000000,concurrent_190,0,56762,79.442139,87.188965,108.3188428,80.5536944030161,5676.2,"{0: 7.609, 1: 4.444, 2: 24.731, 3: 94.898, 4: 13.043}","{0: 787.645, 1: 792.59, 2: 792.402, 3: 815.688, 4: 805.844}","{0: 0, 1: 0, 2: 0, 3: 0, 4: 0}","{0: 0, 1: 0, 2: 0, 3: 0, 4: 0}","{0: 0, 1: 0, 2: 0, 3: 0, 4: 0}",0,0
none_raft,30c1s5r5p-zoo,YCSB_A,rw_1000000,concurrent_200,0,59561,75.484131,82.579102,86.9744142,75.88780754544081,5956.1,"{0: 7.609, 1: 35.484, 2: 23.913, 3: 26.437, 4: 12.5}","{0: 806.598, 1: 858.883, 2: 811.555, 3: 789.0, 4: 806.621}","{0: 0, 1: 0, 2: 0, 3: 0, 4: 0}","{0: 0, 1: 0, 2: 0, 3: 0, 4: 0}","{0: 0, 1: 0, 2: 0, 3: 0, 4: 0}",0,0
none_raft,30c1s5r5p-zoo,YCSB_A,rw_1000000,concurrent_250,0,74536,79.396973,87.518066,111.41748024999974,80.62628579087956,7453.6,"{0: 8.889, 1: 6.593, 2: 26.667, 3: 92.553, 4: 15.957}","{0: 878.115, 1: 884.098, 2: 883.863, 3: 962.402, 4: 877.834}","{0: 0, 1: 0, 2: 0, 3: 0, 4: 0}","{0: 0, 1: 0, 2: 0, 3: 0, 4: 0}","{0: 0, 1: 0, 2: 0, 3: 0, 4: 0}",0,0
none_raft,30c1s5r5p-zoo,YCSB_A,rw_1000000,concurrent_300,0,89127,78.624023,87.3253418,121.79279254000004,80.02517021063203,8912.7,"{0: 13.187, 1: 11.702, 2: 32.99, 3: 83.0, 4: 17.391}","{0: 950.871, 1: 958.164, 2: 957.887, 3: 1004.293, 4: 950.504}","{0: 0, 1: 0, 2: 0, 3: 0, 4: 0}","{0: 0, 1: 0, 2: 0, 3: 0, 4: 0}","{0: 0, 1: 0, 2: 0, 3: 0, 4: 0}",0,0
none_raft,30c1s5r5p-zoo,YCSB_A,rw_1000000,concurrent_400,0,90123,81.031006,89.1707028,205.2073634,85.24348796097556,9012.3,"{0: 16.129, 1: 11.702, 2: 31.959, 3: 95.833, 4: 15.73}","{0: 955.111, 1: 963.945, 2: 963.936, 3: 1035.137, 4: 954.719}","{0: 0, 1: 0, 2: 0, 3: 0, 4: 0}","{0: 0, 1: 0, 2: 0, 3: 0, 4: 0}","{0: 0, 1: 0, 2: 0, 3: 0, 4: 0}",0,0
none_raft,30c1s5r5p-zoo,YCSB_A,rw_1000000,concurrent_500,0,89955,81.005127,90.3961424,159.2217431800002,83.74388506494358,8995.5,"{0: 10.989, 1: 11.702, 2: 26.374, 3: 95.146, 4: 16.484}","{0: 962.574, 1: 976.328, 2: 975.625, 3: 1041.023, 4: 962.537}","{0: 0, 1: 0, 2: 0, 3: 0, 4: 0}","{0: 0, 1: 0, 2: 0, 3: 0, 4: 0}","{0: 0, 1: 0, 2: 0, 3: 0, 4: 0}",0,0
none_raft,30c1s5r5p-zoo,YCSB_A,rw_1000000,concurrent_750,0,85753,82.74707,124.18129880000004,3408.0204495199973,163.50008844342472,8575.3,"{0: 9.783, 1: 10.753, 2: 28.571, 3: 94.949, 4: 16.667}","{0: 975.027, 1: 992.754, 2: 992.33, 3: 1034.322, 4: 940.713}","{0: 0, 1: 0, 2: 0, 3: 0, 4: 0}","{0: 0, 1: 0, 2: 0, 3: 0, 4: 0}","{0: 0, 1: 0, 2: 0, 3: 0, 4: 0}",0,0
none_raft,30c1s5r5p-zoo,YCSB_A,rw_1000000,concurrent_1000,0,89922,81.73645,90.02089840000001,131.67772726999976,83.20008518936412,8992.2,"{0: 14.737, 1: 11.702, 2: 33.333, 3: 94.118, 4: 17.442}","{0: 1005.189, 1: 1028.258, 2: 1028.623, 3: 1067.305, 4: 1004.504}","{0: 0, 1: 0, 2: 0, 3: 0, 4: 0}","{0: 0, 1: 0, 2: 0, 3: 0, 4: 0}","{0: 0, 1: 0, 2: 0, 3: 0, 4: 0}",0,0
none_copilot,30c1s5r5p-zoo,YCSB_A,rw_1000000,concurrent_1,0,196,89.3304445,103.0789795,103.89807175,92.14336512755102,19.6,"{0: 2.0, 1: 2.0, 2: 4.04, 3: 3.061, 4: 5.102}","{0: 524.584, 1: 524.07, 2: 524.018, 3: 523.0, 4: 523.826}","{0: 0, 1: 0, 2: 0, 3: 0, 4: 0}","{0: 0, 1: 0, 2: 0, 3: 0, 4: 0}","{0: 0, 1: 0, 2: 0, 3: 0, 4: 0}",0,0
none_copilot,30c1s5r5p-zoo,YCSB_A,rw_1000000,concurrent_10,0,2861,102.605957,103.604004,104.483203,102.30020332436212,286.1,"{0: 10.101, 1: 11.0, 2: 12.371, 3: 15.306, 4: 100.0}","{0: 547.523, 1: 547.383, 2: 543.15, 3: 539.5, 4: 543.111}","{0: 0, 1: 0, 2: 0, 3: 0, 4: 0}","{0: 0, 1: 0, 2: 0, 3: 0, 4: 0}","{0: 0, 1: 0, 2: 0, 3: 0, 4: 0}",0,0
none_copilot,30c1s5r5p-zoo,YCSB_A,rw_1000000,concurrent_20,0,5837,82.031006,82.907959,83.81368164000001,82.08297305756382,583.7,"{0: 17.526, 1: 16.495, 2: 18.367, 3: 17.526, 4: 100.0}","{0: 573.234, 1: 571.883, 2: 565.238, 3: 563.0, 4: 564.781}","{0: 0, 1: 0, 2: 0, 3: 0, 4: 0}","{0: 0, 1: 0, 2: 0, 3: 0, 4: 0}","{0: 0, 1: 0, 2: 0, 3: 0, 4: 0}",0,0
none_copilot,30c1s5r5p-zoo,YCSB_A,rw_1000000,concurrent_30,0,8836,102.280029,103.451172,104.34351815,101.98231933001358,883.6,"{0: 24.242, 1: 24.49, 2: 28.0, 3: 29.293, 4: 100.0}","{0: 596.363, 1: 597.59, 2: 586.656, 3: 579.5, 4: 588.236}","{0: 0, 1: 0, 2: 0, 3: 0, 4: 0}","{0: 0, 1: 0, 2: 0, 3: 0, 4: 0}","{0: 0, 1: 0, 2: 0, 3: 0, 4: 0}",0,0
none_copilot,30c1s5r5p-zoo,YCSB_A,rw_1000000,concurrent_40,0,11812,102.416016,103.495117,104.43299764,102.29084972384017,1181.2,"{0: 31.313, 1: 31.959, 2: 30.928, 3: 31.683, 4: 20.619}","{0: 606.559, 1: 606.727, 2: 596.883, 3: 590.0, 4: 593.531}","{0: 0, 1: 0, 2: 0, 3: 0, 4: 0}","{0: 0, 1: 0, 2: 0, 3: 0, 4: 0}","{0: 0, 1: 0, 2: 0, 3: 0, 4: 0}",0,0
none_copilot,30c1s5r5p-zoo,YCSB_A,rw_1000000,concurrent_50,0,14846,81.871094,82.692505,83.384033,81.92898605415601,1484.6,"{0: 38.144, 1: 35.052, 2: 35.0, 3: 34.343, 4: 23.0}","{0: 608.656, 1: 611.207, 2: 598.092, 3: 596.5, 4: 596.477}","{0: 0, 1: 0, 2: 0, 3: 0, 4: 0}","{0: 0, 1: 0, 2: 0, 3: 0, 4: 0}","{0: 0, 1: 0, 2: 0, 3: 0, 4: 0}",0,0
none_copilot,30c1s5r5p-zoo,YCSB_A,rw_1000000,concurrent_60,0,17799,81.771973,82.597949,83.36818353999999,81.85449415995281,1779.9,"{0: 40.404, 1: 45.455, 2: 43.0, 3: 50.0, 4: 25.773}","{0: 623.252, 1: 623.07, 2: 607.672, 3: 611.0, 4: 604.225}","{0: 0, 1: 0, 2: 0, 3: 0, 4: 0}","{0: 0, 1: 0, 2: 0, 3: 0, 4: 0}","{0: 0, 1: 0, 2: 0, 3: 0, 4: 0}",0,0
none_copilot,30c1s5r5p-zoo,YCSB_A,rw_1000000,concurrent_70,0,20828,102.564941,103.561035,104.55477549,102.62261652107739,2082.8,"{0: 52.632, 1: 53.125, 2: 53.125, 3: 49.495, 4: 34.021}","{0: 626.777, 1: 632.012, 2: 605.844, 3: 601.0, 4: 604.199}","{0: 0, 1: 0, 2: 0, 3: 0, 4: 0}","{0: 0, 1: 0, 2: 0, 3: 0, 4: 0}","{0: 0, 1: 0, 2: 0, 3: 0, 4: 0}",0,0
none_copilot,30c1s5r5p-zoo,YCSB_A,rw_1000000,concurrent_72,0,21379,81.731934,82.50708,83.228027,81.80228949282007,2137.9,"{0: 51.546, 1: 48.454, 2: 49.485, 3: 47.525, 4: 32.632}","{0: 628.078, 1: 634.617, 2: 610.814, 3: 606.5, 4: 605.564}","{0: 0, 1: 0, 2: 0, 3: 0, 4: 0}","{0: 0, 1: 0, 2: 0, 3: 0, 4: 0}","{0: 0, 1: 0, 2: 0, 3: 0, 4: 0}",0,0
none_copilot,30c1s5r5p-zoo,YCSB_A,rw_1000000,concurrent_75,0,22329,102.448975,103.422852,104.37793,102.44606810107932,2232.9,"{0: 55.556, 1: 58.763, 2: 55.789, 3: 55.0, 4: 35.354}","{0: 638.406, 1: 644.824, 2: 611.926, 3: 609.0, 4: 607.676}","{0: 0, 1: 0, 2: 0, 3: 0, 4: 0}","{0: 0, 1: 0, 2: 0, 3: 0, 4: 0}","{0: 0, 1: 0, 2: 0, 3: 0, 4: 0}",0,0
none_copilot,30c1s5r5p-zoo,YCSB_A,rw_1000000,concurrent_77,0,22897,81.728027,82.5689456,83.5440622,81.83210571660042,2289.7,"{0: 51.579, 1: 58.0, 2: 52.041, 3: 51.579, 4: 34.375}","{0: 623.561, 1: 620.57, 2: 609.035, 3: 605.0, 4: 604.895}","{0: 0, 1: 0, 2: 0, 3: 0, 4: 0}","{0: 0, 1: 0, 2: 0, 3: 0, 4: 0}","{0: 0, 1: 0, 2: 0, 3: 0, 4: 0}",0,0
none_copilot,30c1s5r5p-zoo,YCSB_A,rw_1000000,concurrent_80,0,23806,102.489014,103.403076,104.37685535,102.49259910543559,2380.6,"{0: 59.794, 1: 62.376, 2: 61.765, 3: 58.586, 4: 40.206}","{0: 629.613, 1: 628.469, 2: 613.547, 3: 607.5, 4: 606.012}","{0: 0, 1: 0, 2: 0, 3: 0, 4: 0}","{0: 0, 1: 0, 2: 0, 3: 0, 4: 0}","{0: 0, 1: 0, 2: 0, 3: 0, 4: 0}",0,0
none_copilot,30c1s5r5p-zoo,YCSB_A,rw_1000000,concurrent_82,0,24484,102.4434815,103.3286374,104.3425391,102.39637982282306,2448.4,"{0: 62.887, 1: 61.702, 2: 63.265, 3: 67.347, 4: 41.667}","{0: 626.049, 1: 628.395, 2: 611.863, 3: 605.0, 4: 609.277}","{0: 0, 1: 0, 2: 0, 3: 0, 4: 0}","{0: 0, 1: 0, 2: 0, 3: 0, 4: 0}","{0: 0, 1: 0, 2: 0, 3: 0, 4: 0}",0,0
none_copilot,30c1s5r5p-zoo,YCSB_A,rw_1000000,concurrent_85,0,25274,102.435059,103.3051028,104.26788788,102.40896905800429,2527.4,"{0: 63.265, 1: 64.583, 2: 64.706, 3: 68.687, 4: 38.542}","{0: 633.008, 1: 639.871, 2: 617.549, 3: 615.25, 4: 611.287}","{0: 0, 1: 0, 2: 0, 3: 0, 4: 0}","{0: 0, 1: 0, 2: 0, 3: 0, 4: 0}","{0: 0, 1: 0, 2: 0, 3: 0, 4: 0}",0,0
none_copilot,30c1s5r5p-zoo,YCSB_A,rw_1000000,concurrent_87,0,25962,102.470947,103.3151615,104.20741203,102.45954766554965,2596.2,"{0: 65.979, 1: 71.0, 2: 68.0, 3: 70.652, 4: 40.206}","{0: 645.283, 1: 645.211, 2: 615.375, 3: 616.5, 4: 607.662}","{0: 0, 1: 0, 2: 0, 3: 0, 4: 0}","{0: 0, 1: 0, 2: 0, 3: 0, 4: 0}","{0: 0, 1: 0, 2: 0, 3: 0, 4: 0}",0,0
none_copilot,30c1s5r5p-zoo,YCSB_A,rw_1000000,concurrent_90,0,26718,102.482178,103.314941,104.18111052,102.44741225799086,2671.8,"{0: 67.368, 1: 70.0, 2: 69.307, 3: 72.632, 4: 45.455}","{0: 640.674, 1: 645.82, 2: 619.021, 3: 615.5, 4: 612.941}","{0: 0, 1: 0, 2: 0, 3: 0, 4: 0}","{0: 0, 1: 0, 2: 0, 3: 0, 4: 0}","{0: 0, 1: 0, 2: 0, 3: 0, 4: 0}",0,0
none_copilot,30c1s5r5p-zoo,YCSB_A,rw_1000000,concurrent_100,0,29766,102.536011,103.355957,104.21534419999999,102.5293873102869,2976.6,"{0: 76.042, 1: 78.947, 2: 76.238, 3: 75.248, 4: 44.33}","{0: 638.982, 1: 641.26, 2: 619.75, 3: 619.0, 4: 610.049}","{0: 0, 1: 0, 2: 0, 3: 0, 4: 0}","{0: 0, 1: 0, 2: 0, 3: 0, 4: 0}","{0: 0, 1: 0, 2: 0, 3: 0, 4: 0}",0,0
none_copilot,30c1s5r5p-zoo,YCSB_A,rw_1000000,concurrent_120,0,35846,102.64502,103.429932,104.0799682,102.64006435359595,3584.6,"{0: 86.735, 1: 89.0, 2: 88.66, 3: 86.316, 4: 55.208}","{0: 654.197, 1: 658.734, 2: 621.051, 3: 626.0, 4: 622.229}","{0: 0, 1: 0, 2: 0, 3: 0, 4: 0}","{0: 0, 1: 0, 2: 0, 3: 0, 4: 0}","{0: 0, 1: 0, 2: 0, 3: 0, 4: 0}",0,0
none_copilot,30c1s5r5p-zoo,YCSB_A,rw_1000000,concurrent_140,0,41627,102.824951,103.6323728,104.312988,102.82268438198764,4162.7,"{0: 92.929, 1: 94.898, 2: 93.878, 3: 92.857, 4: 64.646}","{0: 674.408, 1: 665.117, 2: 633.238, 3: 645.5, 4: 627.217}","{0: 0, 1: 0, 2: 0, 3: 0, 4: 0}","{0: 0, 1: 0, 2: 0, 3: 0, 4: 0}","{0: 0, 1: 0, 2: 0, 3: 0, 4: 0}",0,0
none_copilot,30c1s5r5p-zoo,YCSB_A,rw_1000000,concurrent_160,0,47845,81.87207,82.62793,83.45562512000001,81.95198119985369,4784.5,"{0: 92.784, 1: 94.949, 2: 93.069, 3: 93.069, 4: 58.763}","{0: 696.281, 1: 679.203, 2: 656.621, 3: 656.0, 4: 633.844}","{0: 0, 1: 0, 2: 0, 3: 0, 4: 0}","{0: 0, 1: 0, 2: 0, 3: 0, 4: 0}","{0: 0, 1: 0, 2: 0, 3: 0, 4: 0}",0,0
none_copilot,30c1s5r5p-zoo,YCSB_A,rw_1000000,concurrent_180,0,53564,104.019043,105.364014,108.01595928,104.07525106015233,5356.4,"{0: 98.02, 1: 95.876, 2: 90.526, 3: 92.857, 4: 94.949}","{0: 653.35, 1: 651.668, 2: 633.85, 3: 628.0, 4: 633.701}","{0: 0, 1: 0, 2: 0, 3: 0, 4: 0}","{0: 0, 1: 0, 2: 0, 3: 0, 4: 0}","{0: 0, 1: 0, 2: 0, 3: 0, 4: 0}",0,0
none_copilot,30c1s5r5p-zoo,YCSB_A,rw_1000000,concurrent_200,0,29551,82.418945,23016.820068,23507.1381835,4731.394269246556,2955.1,{},{},{},{},{},0,0
none_mencius,30c1s5r5p-zoo,YCSB_A,rw_1000000,concurrent_1,0,195,103.749023,122.900293,123.78989702,110.43208615897436,19.5,"{0: 1.01, 1: 1.0, 2: 3.061, 3: 3.061, 4: 6.0}","{0: 524.01, 1: 523.824, 2: 524.084, 3: 522.75, 4: 523.883}","{0: 0, 1: 0, 2: 0, 3: 0, 4: 0}","{0: 0, 1: 0, 2: 0, 3: 0, 4: 0}","{0: 0, 1: 0, 2: 0, 3: 0, 4: 0}",0,0
none_mencius,30c1s5r5p-zoo,YCSB_A,rw_1000000,concurrent_10,0,2869,104.486084,123.5869144,124.59707968000001,111.42637129104217,286.9,"{0: 10.204, 1: 5.051, 2: 19.192, 3: 19.588, 4: 9.091}","{0: 537.662, 1: 537.777, 2: 538.211, 3: 533.75, 4: 537.641}","{0: 0, 1: 0, 2: 0, 3: 0, 4: 0}","{0: 0, 1: 0, 2: 0, 3: 0, 4: 0}","{0: 0, 1: 0, 2: 0, 3: 0, 4: 0}",0,0
none_mencius,30c1s5r5p-zoo,YCSB_A,rw_1000000,concurrent_12,0,3465,104.563965,123.600635,124.59282188,111.38221691399711,346.5,"{0: 10.309, 1: 6.061, 2: 21.649, 3: 23.762, 4: 10.101}","{0: 540.713, 1: 540.289, 2: 541.031, 3: 536.0, 4: 540.635}","{0: 0, 1: 0, 2: 0, 3: 0, 4: 0}","{0: 0, 1: 0, 2: 0, 3: 0, 4: 0}","{0: 0, 1: 0, 2: 0, 3: 0, 4: 0}",0,0
none_mencius,30c1s5r5p-zoo,YCSB_A,rw_1000000,concurrent_14,0,4038,104.858887,123.6728272,124.82760469,111.63692904531946,403.8,"{0: 14.286, 1: 8.0, 2: 27.083, 3: 30.0, 4: 14.0}","{0: 543.668, 1: 542.645, 2: 543.916, 3: 540.0, 4: 543.471}","{0: 0, 1: 0, 2: 0, 3: 0, 4: 0}","{0: 0, 1: 0, 2: 0, 3: 0, 4: 0}","{0: 0, 1: 0, 2: 0, 3: 0, 4: 0}",0,0
none_mencius,30c1s5r5p-zoo,YCSB_A,rw_1000000,concurrent_16,0,4656,105.112915,123.74096650000001,124.8347657,111.67877215829036,465.6,"{0: 17.347, 1: 10.0, 2: 34.694, 3: 33.673, 4: 15.152}","{0: 546.559, 1: 545.766, 2: 547.141, 3: 542.5, 4: 546.189}","{0: 0, 1: 0, 2: 0, 3: 0, 4: 0}","{0: 0, 1: 0, 2: 0, 3: 0, 4: 0}","{0: 0, 1: 0, 2: 0, 3: 0, 4: 0}",0,0
none_mencius,30c1s5r5p-zoo,YCSB_A,rw_1000000,concurrent_18,0,5245,105.5271,123.6995606,124.78321288000001,111.83156537216396,524.5,"{0: 20.202, 1: 12.245, 2: 43.81, 3: 41.667, 4: 20.408}","{0: 549.715, 1: 549.594, 2: 550.801, 3: 545.25, 4: 549.539}","{0: 0, 1: 0, 2: 0, 3: 0, 4: 0}","{0: 0, 1: 0, 2: 0, 3: 0, 4: 0}","{0: 0, 1: 0, 2: 0, 3: 0, 4: 0}",0,0
none_mencius,30c1s5r5p-zoo,YCSB_A,rw_1000000,concurrent_20,0,5897,104.284912,123.4703614,124.51591784,111.29974973986775,589.7,"{0: 12.121, 1: 9.0, 2: 29.0, 3: 29.592, 4: 15.152}","{0: 552.428, 1: 551.75, 2: 553.227, 3: 551.5, 4: 551.465}","{0: 0, 1: 0, 2: 0, 3: 0, 4: 0}","{0: 0, 1: 0, 2: 0, 3: 0, 4: 0}","{0: 0, 1: 0, 2: 0, 3: 0, 4: 0}",0,0
none_mencius,30c1s5r5p-zoo,YCSB_A,rw_1000000,concurrent_25,0,7326,107.838623,124.06958,125.351013,112.84467225143327,732.6,"{0: 31.959, 1: 20.202, 2: 65.0, 3: 63.0, 4: 32.0}","{0: 560.033, 1: 560.504, 2: 561.539, 3: 556.0, 4: 560.197}","{0: 0, 1: 0, 2: 0, 3: 0, 4: 0}","{0: 0, 1: 0, 2: 0, 3: 0, 4: 0}","{0: 0, 1: 0, 2: 0, 3: 0, 4: 0}",0,0
none_mencius,30c1s5r5p-zoo,YCSB_A,rw_1000000,concurrent_30,0,8816,110.321533,124.267578,126.03903840000001,113.7368178874773,881.6,"{0: 38.0, 1: 23.469, 2: 73.529, 3: 77.778, 4: 34.694}","{0: 566.787, 1: 567.809, 2: 570.102, 3: 565.5, 4: 564.531}","{0: 0, 1: 0, 2: 0, 3: 0, 4: 0}","{0: 0, 1: 0, 2: 0, 3: 0, 4: 0}","{0: 0, 1: 0, 2: 0, 3: 0, 4: 0}",0,0
none_mencius,30c1s5r5p-zoo,YCSB_A,rw_1000000,concurrent_35,0,10281,119.140869,124.986084,138.29365260000006,116.55154356570372,1028.1,"{0: 42.424, 1: 27.551, 2: 88.889, 3: 88.119, 4: 40.206}","{0: 576.775, 1: 576.191, 2: 579.9, 3: 570.75, 4: 575.295}","{0: 0, 1: 0, 2: 0, 3: 0, 4: 0}","{0: 0, 1: 0, 2: 0, 3: 0, 4: 0}","{0: 0, 1: 0, 2: 0, 3: 0, 4: 0}",0,0
none_mencius,30c1s5r5p-zoo,YCSB_A,rw_1000000,concurrent_40,0,11850,108.0063475,123.7711913,125.25405047000001,112.76025025578059,1185.0,"{0: 36.634, 1: 23.762, 2: 75.248, 3: 72.0, 4: 35.714}","{0: 581.922, 1: 582.699, 2: 583.922, 3: 582.25, 4: 581.037}","{0: 0, 1: 0, 2: 0, 3: 0, 4: 0}","{0: 0, 1: 0, 2: 0, 3: 0, 4: 0}","{0: 0, 1: 0, 2: 0, 3: 0, 4: 0}",0,0
none_mencius,30c1s5r5p-zoo,YCSB_A,rw_1000000,concurrent_45,0,2019,4741.726074,10673.8708492,12818.84962392,5496.207774283308,201.9,"{0: 100.0, 1: 96.04, 2: 100.0, 3: 100.0, 4: 100.0}","{0: 747.633, 1: 785.434, 2: 653.75, 3: 743.5, 4: 710.734}","{0: 0, 1: 0, 2: 0, 3: 0}","{0: 0, 1: 0, 2: 0, 3: 0}","{0: 0, 1: 0, 2: 0, 3: 0}",0,0
none_mencius,30c1s5r5p-zoo,YCSB_A,rw_1000000,concurrent_50,0,3047,4529.072021,6551.7723634,20327.29634278,4776.196170697735,304.7,"{0: 100.0, 1: 73.737, 2: 100.0, 3: 100.0, 4: 100.0}","{0: 756.305, 1: 734.094, 2: 736.08, 3: 681.0, 4: 691.98}","{0: 0, 1: 0, 2: 0, 3: 0, 4: 0}","{0: 0, 1: 0, 2: 0, 3: 0, 4: 0}","{0: 0, 1: 0, 2: 0, 3: 0, 4: 0}",0,0
none_mencius,30c1s5r5p-zoo,YCSB_A,rw_1000000,concurrent_55,0,2727,4381.760986,6441.603027,6719.6171582,4392.83591576421,272.7,"{0: 100.0, 1: 94.0, 2: 100.0, 3: 100.0, 4: 100.0}","{0: 695.266, 1: 771.703, 2: 727.398, 3: 676.25, 4: 714.725}","{0: 0, 1: 0, 2: 0, 3: 0}","{0: 0, 1: 0, 2: 0, 3: 0}","{0: 0, 1: 0, 2: 0, 3: 0}",0,0
none_mencius,30c1s5r5p-zoo,YCSB_A,rw_1000000,concurrent_60,0,14982,122.4179685,126.870801,167.00758541,118.53383045100787,1498.2,"{0: 54.639, 1: 38.144, 2: 91.0, 3: 91.176, 4: 48.485}","{0: 599.928, 1: 602.635, 2: 602.359, 3: 596.0, 4: 598.615}","{0: 0, 1: 0, 2: 0, 3: 0, 4: 0}","{0: 0, 1: 0, 2: 0, 3: 0, 4: 0}","{0: 0, 1: 0, 2: 0, 3: 0, 4: 0}",0,0
none_mongodb,30c1s5r5p-zoo,YCSB_A,rw_1000000,concurrent_1,0,200,9587.874511999999,9589.582592699999,9591.32580605,9587.921309135,20.0,"{0: 35.354, 1: 1.01, 2: 4.167, 3: 1.064, 4: 3.96}","{0: 728.422, 1: 522.191, 2: 522.574, 3: 521.5, 4: 523.209}","{0: 0, 1: 0, 2: 0, 3: 0, 4: 0}","{0: 0, 1: 0, 2: 0, 3: 0, 4: 0}","{0: 0, 1: 0, 2: 0, 3: 0, 4: 0}",0,0
none_mongodb,30c1s5r5p-zoo,YCSB_A,rw_1000000,concurrent_10,0,2816,10356.5439455,10975.0899655,11347.552087,10514.041892055398,281.6,"{0: 64.646, 1: 2.0, 2: 8.0, 3: 6.122, 4: 4.04}","{0: 798.471, 1: 530.215, 2: 530.586, 3: 525.5, 4: 530.49}","{0: 0, 1: 0, 2: 0, 3: 0, 4: 0}","{0: 0, 1: 0, 2: 0, 3: 0, 4: 0}","{0: 0, 1: 0, 2: 0, 3: 0, 4: 0}",0,0
none_mongodb,30c1s5r5p-zoo,YCSB_A,rw_1000000,concurrent_20,0,2562,10293.168457,15518.6852783,15822.70981169,11284.459447758392,256.2,"{0: 51.0, 1: 2.02, 2: 5.155, 3: 5.155, 4: 6.061}","{0: 805.473, 1: 532.789, 2: 532.723, 3: 528.5, 4: 532.637}","{0: 0, 1: 0, 2: 0, 3: 0, 4: 0}","{0: 0, 1: 0, 2: 0, 3: 0, 4: 0}","{0: 0, 1: 0, 2: 0, 3: 0, 4: 0}",0,0
none_mongodb,30c1s5r5p-zoo,YCSB_A,rw_1000000,concurrent_30,0,2270,10011.975463499999,16819.0009281,17010.62064691,11271.683458491189,227.0,"{0: 42.708, 1: 2.97, 2: 6.122, 3: 2.105, 4: 4.04}","{0: 806.51, 1: 534.352, 2: 534.102, 3: 531.0, 4: 533.914}","{0: 0, 1: 0, 2: 0, 3: 0, 4: 0}","{0: 0, 1: 0, 2: 0, 3: 0, 4: 0}","{0: 0, 1: 0, 2: 0, 3: 0, 4: 0}",0,0
none_mongodb,30c1s5r5p-zoo,YCSB_A,rw_1000000,concurrent_35,0,2691,9926.703857,17154.338867,17446.0672605,11258.084250170941,269.1,"{0: 39.394, 1: 2.0, 2: 5.102, 3: 1.053, 4: 4.124}","{0: 806.428, 1: 534.578, 2: 535.586, 3: 529.0, 4: 534.947}","{0: 0, 1: 0, 2: 0, 3: 0, 4: 0}","{0: 0, 1: 0, 2: 0, 3: 0, 4: 0}","{0: 0, 1: 0, 2: 0, 3: 0, 4: 0}",0,0
none_mongodb,30c1s5r5p-zoo,YCSB_A,rw_1000000,concurrent_40,0,2789,9816.496826,17576.0256838,17699.45456012,11181.07086985156,278.9,"{0: 40.404, 1: 4.0, 2: 5.051, 3: 1.053, 4: 4.04}","{0: 806.07, 1: 535.91, 2: 536.68, 3: 531.0, 4: 534.93}","{0: 0, 1: 0, 2: 0, 3: 0, 4: 0}","{0: 0, 1: 0, 2: 0, 3: 0, 4: 0}","{0: 0, 1: 0, 2: 0, 3: 0, 4: 0}",0,0
none_mongodb,30c1s5r5p-zoo,YCSB_A,rw_1000000,concurrent_50,0,2654,10042.447998,17167.9273434,17788.5845163,11470.619080453655,265.4,"{0: 36.735, 1: 2.97, 2: 3.093, 3: 2.105, 4: 4.124}","{0: 807.031, 1: 536.234, 2: 537.871, 3: 533.0, 4: 536.453}","{0: 0, 1: 0, 2: 0, 3: 0, 4: 0}","{0: 0, 1: 0, 2: 0, 3: 0, 4: 0}","{0: 0, 1: 0, 2: 0, 3: 0, 4: 0}",0,0
none_mongodb,30c1s5r5p-zoo,YCSB_A,rw_1000000,concurrent_60,0,2729,10083.858154,17465.7747074,17940.91955104,12216.043690036277,272.9,"{0: 40.404, 1: 2.97, 2: 5.102, 3: 3.093, 4: 6.061}","{0: 807.523, 1: 539.805, 2: 540.055, 3: 533.0, 4: 537.393}","{0: 0, 1: 0, 2: 0, 3: 0, 4: 0}","{0: 0, 1: 0, 2: 0, 3: 0, 4: 0}","{0: 0, 1: 0, 2: 0, 3: 0, 4: 0}",0,0
none_mongodb,30c1s5r5p-zoo,YCSB_A,rw_1000000,concurrent_70,0,2637,10073.916992,17492.4658692,17995.875429480002,11674.864189919226,263.7,"{0: 38.384, 1: 2.0, 2: 3.158, 3: 3.093, 4: 4.082}","{0: 807.988, 1: 540.945, 2: 541.297, 3: 534.5, 4: 538.924}","{0: 0, 1: 0, 2: 0, 3: 0, 4: 0}","{0: 0, 1: 0, 2: 0, 3: 0, 4: 0}","{0: 0, 1: 0, 2: 0, 3: 0, 4: 0}",0,0
none_mongodb,30c1s5r5p-zoo,YCSB_A,rw_1000000,concurrent_80,0,2273,10065.006836,17412.010156199998,17432.61248064,11505.95542075451,227.3,"{0: 37.755, 1: 2.0, 2: 5.102, 3: 3.125, 4: 2.062}","{0: 808.859, 1: 541.461, 2: 542.023, 3: 536.0, 4: 540.85}","{0: 0, 1: 0, 2: 0, 3: 0, 4: 0}","{0: 0, 1: 0, 2: 0, 3: 0, 4: 0}","{0: 0, 1: 0, 2: 0, 3: 0, 4: 0}",0,0
none_mongodb,30c1s5r5p-zoo,YCSB_A,rw_1000000,concurrent_90,0,1360,9863.6450195,17426.746973,17447.04296635,11646.20529595,136.0,"{0: 37.755, 1: 2.0, 2: 3.125, 3: 2.105, 4: 5.102}","{0: 810.109, 1: 540.812, 2: 543.355, 3: 536.5, 4: 541.695}","{0: 0, 1: 0, 2: 0, 3: 0, 4: 0}","{0: 0, 1: 0, 2: 0, 3: 0, 4: 0}","{0: 0, 1: 0, 2: 0, 3: 0, 4: 0}",0,0
none_mongodb,30c1s5r5p-zoo,YCSB_A,rw_1000000,concurrent_100,0,1106,9979.425537,10393.353027000001,17498.972472999998,10615.209213425858,110.6,{},{},{},{},{},0,0
none_mongodb,30c1s5r5p-zoo,YCSB_A,rw_1000000,concurrent_110,0,0,0,0,0,0,0.0,"{0: 41.237, 1: 2.0, 2: 5.102, 3: 4.167, 4: 5.051}","{0: 811.514, 1: 542.102, 2: 546.16, 3: 539.0, 4: 543.805}",{},{},{},0,0
none_mongodb,30c1s5r5p-zoo,YCSB_A,rw_1000000,concurrent_120,0,0,0,0,0,0,0.0,"{0: 40.404, 1: 2.0, 2: 4.124, 3: 1.064, 4: 5.0}","{0: 813.184, 1: 545.215, 2: 546.848, 3: 539.5, 4: 543.031}",{4: 0},{4: 0},{4: 0},0,0
none_etcd,30c1s5r5p-zoo,YCSB_A,rw_1000000,concurrent_1,0,198,82.6464845,83.6569822,84.45075446,82.68878963636365,19.8,"{0: 1.01, 1: 2.041, 2: 3.125, 3: 2.105, 4: 5.102}","{0: 527.727, 1: 523.191, 2: 523.977, 3: 522.5, 4: 524.029}","{0: 0, 1: 0, 2: 0, 3: 0, 4: 0}","{0: 0, 1: 0, 2: 0, 3: 0, 4: 0}","{0: 0, 1: 0, 2: 0, 3: 0, 4: 0}",0,0
none_etcd,30c1s5r5p-zoo,YCSB_A,rw_1000000,concurrent_10,0,2881,82.397949,83.494873,84.40644540000001,82.43475835959737,288.1,"{0: 9.091, 1: 2.97, 2: 7.143, 3: 7.143, 4: 4.082}","{0: 542.09, 1: 525.094, 2: 525.328, 3: 523.0, 4: 525.684}","{0: 0, 1: 0, 2: 0, 3: 0, 4: 0}","{0: 0, 1: 0, 2: 0, 3: 0, 4: 0}","{0: 0, 1: 0, 2: 0, 3: 0, 4: 0}",0,0
none_etcd,30c1s5r5p-zoo,YCSB_A,rw_1000000,concurrent_20,0,5855,82.206055,83.2311034,84.17069821999999,82.25157808334757,585.5,"{0: 12.121, 1: 1.031, 2: 10.0, 3: 8.333, 4: 4.04}","{0: 557.502, 1: 526.953, 2: 527.387, 3: 523.5, 4: 527.326}","{0: 0, 1: 0, 2: 0, 3: 0, 4: 0}","{0: 0, 1: 0, 2: 0, 3: 0, 4: 0}","{0: 0, 1: 0, 2: 0, 3: 0, 4: 0}",0,0
none_etcd,30c1s5r5p-zoo,YCSB_A,rw_1000000,concurrent_30,0,8831,82.266113,83.218994,84.10080570000001,82.30914345091156,883.1,"{0: 22.222, 1: 3.0, 2: 7.071, 3: 10.101, 4: 7.0}","{0: 572.777, 1: 528.105, 2: 530.168, 3: 525.5, 4: 529.225}","{0: 0, 1: 0, 2: 0, 3: 0, 4: 0}","{0: 0, 1: 0, 2: 0, 3: 0, 4: 0}","{0: 0, 1: 0, 2: 0, 3: 0, 4: 0}",0,0
none_etcd,30c1s5r5p-zoo,YCSB_A,rw_1000000,concurrent_40,0,11898,82.167969,83.12529310000001,83.98916781,82.21309380593377,1189.8,"{0: 25.0, 1: 3.03, 2: 12.0, 3: 13.131, 4: 5.051}","{0: 590.027, 1: 531.281, 2: 532.033, 3: 528.5, 4: 530.818}","{0: 0, 1: 0, 2: 0, 3: 0, 4: 0}","{0: 0, 1: 0, 2: 0, 3: 0, 4: 0}","{0: 0, 1: 0, 2: 0, 3: 0, 4: 0}",0,0
none_etcd,30c1s5r5p-zoo,YCSB_A,rw_1000000,concurrent_50,0,14834,82.178955,83.13501,83.942871,82.21552267783471,1483.4,"{0: 28.571, 1: 3.96, 2: 12.245, 3: 12.0, 4: 7.071}","{0: 604.859, 1: 532.91, 2: 534.09, 3: 529.5, 4: 533.117}","{0: 0, 1: 0, 2: 0, 3: 0, 4: 0}","{0: 0, 1: 0, 2: 0, 3: 0, 4: 0}","{0: 0, 1: 0, 2: 0, 3: 0, 4: 0}",0,0
none_etcd,30c1s5r5p-zoo,YCSB_A,rw_1000000,concurrent_60,0,17731,82.106934,83.044922,83.9796872,82.15264248169873,1773.1,"{0: 28.571, 1: 3.0, 2: 12.245, 3: 12.121, 4: 7.216}","{0: 617.975, 1: 534.727, 2: 536.246, 3: 532.5, 4: 534.697}","{0: 0, 1: 0, 2: 0, 3: 0, 4: 0}","{0: 0, 1: 0, 2: 0, 3: 0, 4: 0}","{0: 0, 1: 0, 2: 0, 3: 0, 4: 0}",0,0
none_etcd,30c1s5r5p-zoo,YCSB_A,rw_1000000,concurrent_70,0,20730,82.044189,82.956055,83.77869891,82.08550088750603,2073.0,"{0: 33.333, 1: 3.03, 2: 13.265, 3: 12.371, 4: 6.0}","{0: 635.236, 1: 537.836, 2: 537.297, 3: 532.75, 4: 536.326}","{0: 0, 1: 0, 2: 0, 3: 0, 4: 0}","{0: 0, 1: 0, 2: 0, 3: 0, 4: 0}","{0: 0, 1: 0, 2: 0, 3: 0, 4: 0}",0,0
none_etcd,30c1s5r5p-zoo,YCSB_A,rw_1000000,concurrent_80,0,23846,82.1104735,83.047119,83.91850579999999,82.16166255715844,2384.6,"{0: 40.625, 1: 4.04, 2: 13.265, 3: 12.245, 4: 7.143}","{0: 653.221, 1: 539.113, 2: 539.457, 3: 535.0, 4: 538.367}","{0: 0, 1: 0, 2: 0, 3: 0, 4: 0}","{0: 0, 1: 0, 2: 0, 3: 0, 4: 0}","{0: 0, 1: 0, 2: 0, 3: 0, 4: 0}",0,0
none_etcd,30c1s5r5p-zoo,YCSB_A,rw_1000000,concurrent_90,0,26796,82.02417,82.928955,83.85903345,82.08058782004778,2679.6,"{0: 41.414, 1: 5.051, 2: 12.371, 3: 14.141, 4: 7.143}","{0: 668.592, 1: 540.77, 2: 541.119, 3: 536.0, 4: 539.854}","{0: 0, 1: 0, 2: 0, 3: 0, 4: 0}","{0: 0, 1: 0, 2: 0, 3: 0, 4: 0}","{0: 0, 1: 0, 2: 0, 3: 0, 4: 0}",0,0
none_etcd,30c1s5r5p-zoo,YCSB_A,rw_1000000,concurrent_100,0,29872,82.020996,82.907959,83.76874246,82.06102866858598,2987.2,"{0: 47.368, 1: 5.051, 2: 13.542, 3: 14.583, 4: 7.216}","{0: 684.861, 1: 542.984, 2: 543.84, 3: 538.0, 4: 541.574}","{0: 0, 1: 0, 2: 0, 3: 0, 4: 0}","{0: 0, 1: 0, 2: 0, 3: 0, 4: 0}","{0: 0, 1: 0, 2: 0, 3: 0, 4: 0}",0,0
none_etcd,30c1s5r5p-zoo,YCSB_A,rw_1000000,concurrent_110,0,32740,81.99646,82.856934,83.74366481,82.03853134386073,3274.0,"{0: 51.0, 1: 12.0, 2: 14.583, 3: 15.152, 4: 100.0}","{0: 701.064, 1: 544.609, 2: 545.938, 3: 540.0, 4: 543.338}","{0: 0, 1: 0, 2: 0, 3: 0, 4: 0}","{0: 0, 1: 0, 2: 0, 3: 0, 4: 0}","{0: 0, 1: 0, 2: 0, 3: 0, 4: 0}",0,0
none_etcd,30c1s5r5p-zoo,YCSB_A,rw_1000000,concurrent_120,0,35835,81.917236,82.754883,83.67072786,81.97318980066974,3583.5,"{0: 54.0, 1: 7.0, 2: 14.433, 3: 16.162, 4: 100.0}","{0: 715.771, 1: 546.82, 2: 548.119, 3: 541.5, 4: 544.758}","{0: 0, 1: 0, 2: 0, 3: 0, 4: 0}","{0: 0, 1: 0, 2: 0, 3: 0, 4: 0}","{0: 0, 1: 0, 2: 0, 3: 0, 4: 0}",0,0
none_zookeeper,30c1s5r5p-zoo,YCSB_A,rw_1000000,concurrent_1,0,206,82.78698700000001,83.6230465,84.41505135,82.73852175728155,20.6,"{0: 1.02, 1: 3.061, 2: 3.125, 3: 2.105, 4: 3.03}","{0: 524.385, 1: 522.281, 2: 522.75, 3: 521.5, 4: 522.332}","{0: 0, 1: 0, 2: 0, 3: 0, 4: 0}","{0: 0, 1: 0, 2: 0, 3: 0, 4: 0}","{0: 0, 1: 0, 2: 0, 3: 0, 4: 0}",0,0
none_zookeeper,30c1s5r5p-zoo,YCSB_A,rw_1000000,concurrent_10,0,2842,82.765503,83.824951,84.54999997,82.77962396833217,284.2,"{0: 10.204, 1: 4.04, 2: 7.143, 3: 6.186, 4: 4.082}","{0: 538.064, 1: 523.879, 2: 524.316, 3: 521.5, 4: 524.34}","{0: 0, 1: 0, 2: 0, 3: 0, 4: 0}","{0: 0, 1: 0, 2: 0, 3: 0, 4: 0}","{0: 0, 1: 0, 2: 0, 3: 0, 4: 0}",0,0
none_zookeeper,30c1s5r5p-zoo,YCSB_A,rw_1000000,concurrent_20,0,5843,82.504883,83.5547366,84.42094266,82.52976208471675,584.3,"{0: 12.0, 1: 2.02, 2: 8.163, 3: 8.247, 4: 4.04}","{0: 553.078, 1: 525.461, 2: 526.457, 3: 522.5, 4: 525.318}","{0: 0, 1: 0, 2: 0, 3: 0, 4: 0}","{0: 0, 1: 0, 2: 0, 3: 0, 4: 0}","{0: 0, 1: 0, 2: 0, 3: 0, 4: 0}",0,0
none_zookeeper,30c1s5r5p-zoo,YCSB_A,rw_1000000,concurrent_30,0,8825,82.363037,83.3890624,84.35622056,82.39920699195467,882.5,"{0: 16.162, 1: 3.0, 2: 9.184, 3: 9.091, 4: 5.051}","{0: 568.166, 1: 527.289, 2: 528.328, 3: 524.5, 4: 527.49}","{0: 0, 1: 0, 2: 0, 3: 0, 4: 0}","{0: 0, 1: 0, 2: 0, 3: 0, 4: 0}","{0: 0, 1: 0, 2: 0, 3: 0, 4: 0}",0,0
none_zookeeper,30c1s5r5p-zoo,YCSB_A,rw_1000000,concurrent_40,0,11843,82.380127,83.429199,84.32622526,82.43110125458075,1184.3,"{0: 26.042, 1: 3.0, 2: 9.091, 3: 10.204, 4: 6.186}","{0: 583.709, 1: 530.117, 2: 530.621, 3: 527.5, 4: 529.373}","{0: 0, 1: 0, 2: 0, 3: 0, 4: 0}","{0: 0, 1: 0, 2: 0, 3: 0, 4: 0}","{0: 0, 1: 0, 2: 0, 3: 0, 4: 0}",0,0
none_zookeeper,30c1s5r5p-zoo,YCSB_A,rw_1000000,concurrent_50,0,14852,82.369507,83.36499,84.29951167,82.41812225094264,1485.2,"{0: 29.592, 1: 3.0, 2: 12.121, 3: 11.224, 4: 7.071}","{0: 600.143, 1: 531.777, 2: 532.664, 3: 527.5, 4: 531.154}","{0: 0, 1: 0, 2: 0, 3: 0, 4: 0}","{0: 0, 1: 0, 2: 0, 3: 0, 4: 0}","{0: 0, 1: 0, 2: 0, 3: 0, 4: 0}",0,0
none_zookeeper,30c1s5r5p-zoo,YCSB_A,rw_1000000,concurrent_60,0,17810,82.299072,83.28425320000001,84.19498016,82.34668705609208,1781.0,"{0: 29.293, 1: 3.03, 2: 12.371, 3: 11.224, 4: 5.0}","{0: 614.172, 1: 533.152, 2: 534.254, 3: 529.5, 4: 532.902}","{0: 0, 1: 0, 2: 0, 3: 0, 4: 0}","{0: 0, 1: 0, 2: 0, 3: 0, 4: 0}","{0: 0, 1: 0, 2: 0, 3: 0, 4: 0}",0,0
none_zookeeper,30c1s5r5p-zoo,YCSB_A,rw_1000000,concurrent_70,0,20766,82.285156,83.25354,84.35106159999998,82.35407998377156,2076.6,"{0: 33.0, 1: 8.081, 2: 11.34, 3: 14.433, 4: 5.155}","{0: 630.121, 1: 536.352, 2: 536.328, 3: 532.0, 4: 534.787}","{0: 0, 1: 0, 2: 0, 3: 0, 4: 0}","{0: 0, 1: 0, 2: 0, 3: 0, 4: 0}","{0: 0, 1: 0, 2: 0, 3: 0, 4: 0}",0,0
none_zookeeper,30c1s5r5p-zoo,YCSB_A,rw_1000000,concurrent_80,0,23776,82.239014,83.169922,84.0197755,82.28151361187751,2377.6,"{0: 40.196, 1: 3.03, 2: 14.286, 3: 13.265, 4: 7.0}","{0: 644.27, 1: 537.883, 2: 538.047, 3: 533.0, 4: 536.363}","{0: 0, 1: 0, 2: 0, 3: 0, 4: 0}","{0: 0, 1: 0, 2: 0, 3: 0, 4: 0}","{0: 0, 1: 0, 2: 0, 3: 0, 4: 0}",0,0
none_zookeeper,30c1s5r5p-zoo,YCSB_A,rw_1000000,concurrent_90,0,26903,82.204834,83.116943,83.987061,82.24918407133033,2690.3,"{0: 45.361, 1: 7.143, 2: 12.5, 3: 12.371, 4: 8.163}","{0: 660.963, 1: 539.445, 2: 539.736, 3: 535.0, 4: 538.105}","{0: 0, 1: 0, 2: 0, 3: 0, 4: 0}","{0: 0, 1: 0, 2: 0, 3: 0, 4: 0}","{0: 0, 1: 0, 2: 0, 3: 0, 4: 0}",0,0
none_zookeeper,30c1s5r5p-zoo,YCSB_A,rw_1000000,concurrent_100,0,29954,82.177979,83.10498,83.99240219,82.22164221523002,2995.4,"{0: 48.454, 1: 8.247, 2: 15.152, 3: 13.265, 4: 6.186}","{0: 675.049, 1: 540.863, 2: 542.076, 3: 537.25, 4: 539.816}","{0: 0, 1: 0, 2: 0, 3: 0, 4: 0}","{0: 0, 1: 0, 2: 0, 3: 0, 4: 0}","{0: 0, 1: 0, 2: 0, 3: 0, 4: 0}",0,0
none_zookeeper,30c1s5r5p-zoo,YCSB_A,rw_1000000,concurrent_110,0,32764,82.091797,82.9720948,83.87536149,82.13880529501893,3276.4,"{0: 50.0, 1: 4.082, 2: 13.402, 3: 17.526, 4: 7.143}","{0: 690.262, 1: 543.789, 2: 544.043, 3: 538.5, 4: 541.375}","{0: 0, 1: 0, 2: 0, 3: 0, 4: 0}","{0: 0, 1: 0, 2: 0, 3: 0, 4: 0}","{0: 0, 1: 0, 2: 0, 3: 0, 4: 0}",0,0
none_zookeeper,30c1s5r5p-zoo,YCSB_A,rw_1000000,concurrent_120,0,35811,82.130127,83.026855,83.96171869999999,82.17253092988186,3581.1,"{0: 55.102, 1: 4.082, 2: 14.286, 3: 13.265, 4: 7.071}","{0: 706.387, 1: 545.477, 2: 546.004, 3: 539.5, 4: 543.262}","{0: 0, 1: 0, 2: 0, 3: 0, 4: 0}","{0: 0, 1: 0, 2: 0, 3: 0, 4: 0}","{0: 0, 1: 0, 2: 0, 3: 0, 4: 0}",0,0
rule_raft,30c1s5r5p-zoo,YCSB_A,rw_1000000,concurrent_1,0,200,80.51452649999999,90.5612304,93.43196092999999,79.95622036500001,20.0,"{0: 2.151, 1: 0.0, 2: 9.783, 3: 9.091, 4: 4.706}","{0: 524.135, 1: 523.238, 2: 523.658, 3: 522.5, 4: 523.529}","{0: 0, 1: 0, 2: 0, 3: 0, 4: 0}","{0: 0, 1: 0, 2: 0, 3: 0, 4: 0}","{0: 0, 1: 0, 2: 0, 3: 0, 4: 0}",0,0
rule_raft,30c1s5r5p-zoo,YCSB_A,rw_1000000,concurrent_10,0,2860,76.38403299999999,86.2925047,91.29929689,76.38645489020979,286.0,"{0: 4.348, 1: 1.111, 2: 8.889, 3: 8.14, 4: 13.265}","{0: 539.295, 1: 536.512, 2: 537.18, 3: 533.5, 4: 537.096}","{0: 0, 1: 0, 2: 0, 3: 0, 4: 0}","{0: 0, 1: 0, 2: 0, 3: 0, 4: 0}","{0: 0, 1: 0, 2: 0, 3: 0, 4: 0}",0,0
rule_raft,30c1s5r5p-zoo,YCSB_A,rw_1000000,concurrent_20,0,5803,74.905029,84.5301754,89.74791949999997,75.28188420592797,580.3,"{0: 7.865, 1: 1.111, 2: 11.111, 3: 24.444, 4: 8.602}","{0: 551.99, 1: 551.742, 2: 552.721, 3: 552.75, 4: 551.988}","{0: 0, 1: 0, 2: 0, 3: 0, 4: 0}","{0: 0, 1: 0, 2: 0, 3: 0, 4: 0}","{0: 0, 1: 0, 2: 0, 3: 0, 4: 0}",0,0
rule_raft,30c1s5r5p-zoo,YCSB_A,rw_1000000,concurrent_40,0,11857,73.259033,80.83466800000001,85.78923856,73.5700506401282,1185.7,"{0: 5.495, 1: 11.828, 2: 14.737, 3: 13.483, 4: 8.791}","{0: 582.051, 1: 592.129, 2: 583.758, 3: 577.75, 4: 582.543}","{0: 0, 1: 0, 2: 0, 3: 0, 4: 0}","{0: 0, 1: 0, 2: 0, 3: 0, 4: 0}","{0: 0, 1: 0, 2: 0, 3: 0, 4: 0}",0,0
rule_raft,30c1s5r5p-zoo,YCSB_A,rw_1000000,concurrent_60,0,17764,73.9710695,81.15483420000001,85.68683124999997,74.33638471515424,1776.4,"{0: 4.348, 1: 1.124, 2: 12.222, 3: 46.875, 4: 7.955}","{0: 612.283, 1: 613.586, 2: 614.139, 3: 621.25, 4: 612.357}","{0: 0, 1: 0, 2: 0, 3: 0, 4: 0}","{0: 0, 1: 0, 2: 0, 3: 0, 4: 0}","{0: 0, 1: 0, 2: 0, 3: 0, 4: 0}",0,0
rule_raft,30c1s5r5p-zoo,YCSB_A,rw_1000000,concurrent_80,0,23780,74.116455,81.2710937,86.27443579999999,74.58692273948697,2378.0,"{0: 3.333, 1: 3.333, 2: 13.187, 3: 57.609, 4: 8.046}","{0: 641.17, 1: 642.156, 2: 643.252, 3: 669.5, 4: 641.107}","{0: 0, 1: 0, 2: 0, 3: 0, 4: 0}","{0: 0, 1: 0, 2: 0, 3: 0, 4: 0}","{0: 0, 1: 0, 2: 0, 3: 0, 4: 0}",0,0
rule_raft,30c1s5r5p-zoo,YCSB_A,rw_1000000,concurrent_100,0,29710,74.87841800000001,82.212891,87.96673103,75.34718329040727,2971.0,"{0: 6.522, 1: 3.333, 2: 16.304, 3: 66.316, 4: 11.702}","{0: 671.164, 1: 674.352, 2: 673.83, 3: 707.977, 4: 671.264}","{0: 0, 1: 0, 2: 0, 3: 0, 4: 0}","{0: 0, 1: 0, 2: 0, 3: 0, 4: 0}","{0: 0, 1: 0, 2: 0, 3: 0, 4: 0}",0,0
rule_raft,30c1s5r5p-zoo,YCSB_A,rw_1000000,concurrent_120,0,35779,75.474121,82.5157228,89.49106426000002,76.0405080300735,3577.9,"{0: 11.957, 1: 3.371, 2: 16.854, 3: 74.194, 4: 12.088}","{0: 700.482, 1: 703.605, 2: 704.127, 3: 745.25, 4: 701.045}","{0: 0, 1: 0, 2: 0, 3: 0, 4: 0}","{0: 0, 1: 0, 2: 0, 3: 0, 4: 0}","{0: 0, 1: 0, 2: 0, 3: 0, 4: 0}",0,0
rule_raft,30c1s5r5p-zoo,YCSB_A,rw_1000000,concurrent_140,0,41748,74.59350599999999,81.53867190000001,85.95253899,74.99771581831465,4174.8,"{0: 5.495, 1: 29.474, 2: 23.913, 3: 22.727, 4: 12.903}","{0: 732.127, 1: 766.879, 2: 735.799, 3: 718.25, 4: 732.422}","{0: 0, 1: 0, 2: 0, 3: 0, 4: 0}","{0: 0, 1: 0, 2: 0, 3: 0, 4: 0}","{0: 0, 1: 0, 2: 0, 3: 0, 4: 0}",0,0
rule_raft,30c1s5r5p-zoo,YCSB_A,rw_1000000,concurrent_150,0,44662,74.604492,81.5858647,86.93302520999998,75.04912037027002,4466.2,"{0: 12.088, 1: 28.571, 2: 20.652, 3: 26.882, 4: 13.187}","{0: 746.912, 1: 794.953, 2: 751.0, 3: 731.5, 4: 747.352}","{0: 0, 1: 0, 2: 0, 3: 0, 4: 0}","{0: 0, 1: 0, 2: 0, 3: 0, 4: 0}","{0: 0, 1: 0, 2: 0, 3: 0, 4: 0}",0,0
rule_raft,30c1s5r5p-zoo,YCSB_A,rw_1000000,concurrent_160,0,47733,74.739014,81.8008298,87.54032216,75.2360208204806,4773.3,"{0: 8.602, 1: 33.333, 2: 24.468, 3: 24.444, 4: 11.957}","{0: 759.908, 1: 814.461, 2: 764.771, 3: 758.0, 4: 760.094}","{0: 0, 1: 0, 2: 0, 3: 0, 4: 0}","{0: 0, 1: 0, 2: 0, 3: 0, 4: 0}","{0: 0, 1: 0, 2: 0, 3: 0, 4: 0}",0,0
rule_raft,30c1s5r5p-zoo,YCSB_A,rw_1000000,concurrent_170,0,50603,75.375977,82.4907716,88.12188933999995,75.82914947803489,5060.3,"{0: 39.785, 1: 4.494, 2: 23.077, 3: 27.778, 4: 13.483}","{0: 831.152, 1: 779.301, 2: 778.443, 3: 770.5, 4: 774.293}","{0: 0, 1: 0, 2: 0, 3: 0, 4: 0}","{0: 0, 1: 0, 2: 0, 3: 0, 4: 0}","{0: 0, 1: 0, 2: 0, 3: 0, 4: 0}",0,0
rule_raft,30c1s5r5p-zoo,YCSB_A,rw_1000000,concurrent_180,0,53577,80.477051,89.748242,109.26027295999998,81.68192862775071,5357.7,"{0: 8.791, 1: 5.682, 2: 22.472, 3: 94.059, 4: 90.816}","{0: 792.188, 1: 797.889, 2: 797.064, 3: 841.223, 4: 793.422}","{0: 0, 1: 0, 2: 0, 3: 0, 4: 0}","{0: 0, 1: 0, 2: 0, 3: 0, 4: 0}","{0: 0, 1: 0, 2: 0, 3: 0, 4: 0}",0,0
rule_raft,30c1s5r5p-zoo,YCSB_A,rw_1000000,concurrent_190,0,56626,75.77758800000001,83.28149400000001,92.1591795,76.36046029482924,5662.6,"{0: 8.791, 1: 38.043, 2: 24.719, 3: 29.67, 4: 34.831}","{0: 805.119, 1: 883.625, 2: 810.086, 3: 802.0, 4: 804.998}","{0: 0, 1: 0, 2: 0, 3: 0, 4: 0}","{0: 0, 1: 0, 2: 0, 3: 0, 4: 0}","{0: 0, 1: 0, 2: 0, 3: 0, 4: 0}",0,0
rule_raft,30c1s5r5p-zoo,YCSB_A,rw_1000000,concurrent_200,0,59581,75.745117,82.753906,89.00434599999998,76.203688362196,5958.1,"{0: 11.828, 1: 40.625, 2: 24.444, 3: 30.108, 4: 14.118}","{0: 816.029, 1: 879.273, 2: 821.93, 3: 814.0, 4: 832.977}","{0: 0, 1: 0, 2: 0, 3: 0, 4: 0}","{0: 0, 1: 0, 2: 0, 3: 0, 4: 0}","{0: 0, 1: 0, 2: 0, 3: 0, 4: 0}",0,0
rule_raft,30c1s5r5p-zoo,YCSB_A,rw_1000000,concurrent_250,0,74262,80.77417,88.615967,115.70032954,82.02210949453288,7426.2,"{0: 10.87, 1: 11.579, 2: 31.868, 3: 94.949, 4: 16.854}","{0: 898.941, 1: 904.375, 2: 905.33, 3: 1010.738, 4: 898.738}","{0: 0, 1: 0, 2: 0, 3: 0, 4: 0}","{0: 0, 1: 0, 2: 0, 3: 0, 4: 0}","{0: 0, 1: 0, 2: 0, 3: 0, 4: 0}",0,0
rule_raft,30c1s5r5p-zoo,YCSB_A,rw_1000000,concurrent_300,0,89425,79.501953,88.313965,144.54298831999998,81.78509848823036,8942.5,"{0: 17.204, 1: 12.632, 2: 32.967, 3: 86.598, 4: 41.111}","{0: 963.244, 1: 972.082, 2: 973.102, 3: 1059.949, 4: 984.99}","{0: 0, 1: 0, 2: 0, 3: 0, 4: 0}","{0: 0, 1: 0, 2: 0, 3: 0, 4: 0}","{0: 0, 1: 0, 2: 0, 3: 0, 4: 0}",0,0
rule_raft,30c1s5r5p-zoo,YCSB_A,rw_1000000,concurrent_400,0,89994,82.693848,92.8527342,155.34818580999976,85.44538935449029,8999.4,"{0: 11.828, 1: 14.583, 2: 31.461, 3: 95.05, 4: 18.889}","{0: 974.611, 1: 984.438, 2: 984.953, 3: 1069.473, 4: 994.008}","{0: 0, 1: 0, 2: 0, 3: 0, 4: 0}","{0: 0, 1: 0, 2: 0, 3: 0, 4: 0}","{0: 0, 1: 0, 2: 0, 3: 0, 4: 0}",0,0
rule_raft,30c1s5r5p-zoo,YCSB_A,rw_1000000,concurrent_500,0,89875,81.059814,87.751953,126.63082517999992,82.39042788314882,8987.5,"{0: 10.989, 1: 11.828, 2: 34.409, 3: 95.05, 4: 19.565}","{0: 984.441, 1: 997.109, 2: 997.639, 3: 1095.867, 4: 984.732}","{0: 0, 1: 0, 2: 0, 3: 0, 4: 0}","{0: 0, 1: 0, 2: 0, 3: 0, 4: 0}","{0: 0, 1: 0, 2: 0, 3: 0, 4: 0}",0,0
rule_raft,30c1s5r5p-zoo,YCSB_A,rw_1000000,concurrent_750,0,89986,81.086914,88.41198700000001,100.70017124999968,81.3854038209277,8998.6,"{0: 13.978, 1: 62.245, 2: 43.333, 3: 43.617, 4: 19.54}","{0: 1005.463, 1: 1129.273, 2: 1024.309, 3: 978.75, 4: 1006.092}","{0: 0, 1: 0, 2: 0, 3: 0, 4: 0}","{0: 0, 1: 0, 2: 0, 3: 0, 4: 0}","{0: 0, 1: 0, 2: 0, 3: 0, 4: 0}",0,0
rule_raft,30c1s5r5p-zoo,YCSB_A,rw_1000000,concurrent_1000,0,89968,79.388916,87.693115,109.12959228000003,80.38401152864354,8996.8,"{0: 13.187, 1: 10.87, 2: 36.559, 3: 83.673, 4: 20.455}","{0: 1023.027, 1: 1048.914, 2: 1047.58, 3: 1136.652, 4: 1022.469}","{0: 0, 1: 0, 2: 0, 3: 0, 4: 0}","{0: 0, 1: 0, 2: 0, 3: 0, 4: 0}","{0: 0, 1: 0, 2: 0, 3: 0, 4: 0}",0,0
rule_raft,30c1s5r5p-zoo,YCSB_A,rw_1000000,concurrent_1,101,197,40.802979,41.6441898,42.7343454,41.01606351269035,19.7,"{0: 1.099, 1: 1.099, 2: 6.742, 3: 8.989, 4: 8.434}","{0: 524.635, 1: 523.781, 2: 524.027, 3: 523.0, 4: 524.422}","{0: 41, 1: 38, 2: 39, 3: 41, 4: 38}","{0: 41, 1: 38, 2: 39, 3: 41, 4: 38}","{0: 41, 1: 38, 2: 39, 3: 41, 4: 38}",100.0,100.0
rule_raft,30c1s5r5p-zoo,YCSB_A,rw_1000000,concurrent_10,101,2863,41.084961,41.8218258,42.57485354,41.18119357457213,286.3,"{0: 3.297, 1: 5.495, 2: 12.088, 3: 14.444, 4: 76.289}","{0: 539.408, 1: 539.742, 2: 540.037, 3: 533.5, 4: 539.414}","{0: 563, 1: 566, 2: 578, 3: 583, 4: 573}","{0: 563, 1: 566, 2: 578, 3: 583, 4: 573}","{0: 563, 1: 566, 2: 578, 3: 583, 4: 573}",100.0,100.0
rule_raft,30c1s5r5p-zoo,YCSB_A,rw_1000000,concurrent_20,101,5869,41.316895,42.018066,42.59395528,41.357017471800994,586.9,"{0: 6.383, 1: 4.396, 2: 18.085, 3: 28.889, 4: 69.474}","{0: 555.389, 1: 555.875, 2: 556.377, 3: 553.5, 4: 557.203}","{0: 1170, 1: 1176, 2: 1168, 3: 1179, 4: 1176}","{0: 1170, 1: 1176, 2: 1168, 3: 1179, 4: 1176}","{0: 1170, 1: 1176, 2: 1168, 3: 1179, 4: 1176}",100.0,100.0
rule_raft,30c1s5r5p-zoo,YCSB_A,rw_1000000,concurrent_40,101,11835,41.376953,42.031982,42.53341282,41.40341802289819,1183.5,"{0: 17.526, 1: 6.593, 2: 25.532, 3: 25.556, 4: 13.636}","{0: 591.557, 1: 588.363, 2: 589.213, 3: 581.75, 4: 588.805}","{0: 2363, 1: 2367, 2: 2355, 3: 2382, 4: 2368}","{0: 2363, 1: 2367, 2: 2355, 3: 2382, 4: 2368}","{0: 2363, 1: 2367, 2: 2355, 3: 2382, 4: 2368}",100.0,100.0
rule_raft,30c1s5r5p-zoo,YCSB_A,rw_1000000,concurrent_60,101,17816,41.447021,42.067139,42.57548849999999,41.46637885574764,1781.6,"{0: 25.532, 1: 11.828, 2: 31.579, 3: 32.609, 4: 17.391}","{0: 626.893, 1: 622.652, 2: 622.344, 3: 613.75, 4: 621.283}","{0: 3571, 1: 3577, 2: 3556, 3: 3569, 4: 3543}","{0: 3571, 1: 3577, 2: 3556, 3: 3569, 4: 3543}","{0: 3571, 1: 3577, 2: 3556, 3: 3569, 4: 3543}",100.0,100.0
rule_raft,30c1s5r5p-zoo,YCSB_A,rw_1000000,concurrent_80,101,23826,41.703491,42.477539,44.42303475,41.84624297045244,2382.6,"{0: 18.478, 1: 16.667, 2: 36.842, 3: 75.0, 4: 20.879}","{0: 653.586, 1: 656.152, 2: 656.002, 3: 662.0, 4: 653.932}","{0: 4774, 1: 4775, 2: 4770, 3: 4764, 4: 4743}","{0: 4774, 1: 4774, 2: 4770, 3: 4764, 4: 4743}","{0: 4774, 1: 4774, 2: 4770, 3: 4764, 4: 4743}",99.99580290439016,99.99580290439016
rule_raft,30c1s5r5p-zoo,YCSB_A,rw_1000000,concurrent_100,101,29845,41.51416,42.191162,43.36728472000001,41.56405824700954,2984.5,"{0: 18.75, 1: 16.129, 2: 41.053, 3: 48.454, 4: 42.105}","{0: 685.166, 1: 687.633, 2: 688.082, 3: 683.75, 4: 709.283}","{0: 5965, 1: 5973, 2: 5995, 3: 5927, 4: 5985}","{0: 5965, 1: 5972, 2: 5994, 3: 5927, 4: 5985}","{0: 5965, 1: 5972, 2: 5994, 3: 5927, 4: 5985}",99.99329871000168,99.99329871000168
rule_raft,30c1s5r5p-zoo,YCSB_A,rw_1000000,concurrent_120,101,35756,41.49707,42.195801,43.49033204999999,41.54480392236268,3575.6,"{0: 23.404, 1: 37.234, 2: 47.423, 3: 51.613, 4: 26.087}","{0: 718.996, 1: 744.68, 2: 722.369, 3: 705.0, 4: 719.01}","{0: 7145, 1: 7167, 2: 7137, 3: 7154, 4: 7153}","{0: 7145, 1: 7166, 2: 7137, 3: 7154, 4: 7153}","{0: 7145, 1: 7166, 2: 7137, 3: 7154, 4: 7153}",99.99720326658463,99.99720326658463
rule_raft,30c1s5r5p-zoo,YCSB_A,rw_1000000,concurrent_140,101,41764,41.523926,42.25708,44.54548087000001,41.64012574535486,4176.4,"{0: 21.277, 1: 41.053, 2: 50.538, 3: 60.0, 4: 30.337}","{0: 749.121, 1: 783.088, 2: 752.207, 3: 747.0, 4: 749.326}","{0: 8346, 1: 8345, 2: 8348, 3: 8366, 4: 8359}","{0: 8346, 1: 8345, 2: 8347, 3: 8365, 4: 8357}","{0: 8346, 1: 8345, 2: 8347, 3: 8365, 4: 8357}",99.99042237333589,99.99042237333589
rule_raft,30c1s5r5p-zoo,YCSB_A,rw_1000000,concurrent_150,101,44750,41.519043,42.279053,46.07409944,41.74478579928492,4475.0,"{0: 26.316, 1: 46.316, 2: 54.839, 3: 61.702, 4: 29.348}","{0: 764.799, 1: 800.773, 2: 768.395, 3: 762.5, 4: 765.275}","{0: 8950, 1: 8954, 2: 9000, 3: 8912, 4: 8934}","{0: 8950, 1: 8953, 2: 8995, 3: 8911, 4: 8933}","{0: 8938, 1: 8939, 2: 8982, 3: 8896, 4: 8911}",99.98212290502794,99.8122905027933
rule_raft,30c1s5r5p-zoo,YCSB_A,rw_1000000,concurrent_160,101,47695,41.551025,42.376953,45.40624035999999,41.74838620010483,4769.5,"{0: 25.263, 1: 48.958, 2: 54.737, 3: 62.887, 4: 59.783}","{0: 783.209, 1: 815.418, 2: 787.545, 3: 766.75, 4: 783.572}","{0: 9541, 1: 9557, 2: 9565, 3: 9478, 4: 9554}","{0: 9540, 1: 9557, 2: 9565, 3: 9477, 4: 9554}","{0: 9540, 1: 9557, 2: 9565, 3: 9477, 4: 9554}",99.99580668833211,99.99580668833211
rule_raft,30c1s5r5p-zoo,YCSB_A,rw_1000000,concurrent_170,101,50661,42.100098,43.463135,81.96049840000003,43.30022159890251,5066.1,"{0: 24.731, 1: 24.731, 2: 59.0, 3: 94.949, 4: 73.684}","{0: 799.383, 1: 804.953, 2: 804.592, 3: 825.75, 4: 799.992}","{0: 10172, 1: 10084, 2: 10140, 3: 10125, 4: 10140}","{0: 10172, 1: 10083, 2: 10140, 3: 10124, 4: 10139}","{0: 10172, 1: 10083, 2: 10140, 3: 10124, 4: 10139}",99.99407828507135,99.99407828507135
rule_raft,30c1s5r5p-zoo,YCSB_A,rw_1000000,concurrent_180,101,53615,41.571045,42.449951,46.2298092,41.76818456239859,5361.5,"{0: 27.368, 1: 50.526, 2: 61.224, 3: 68.085, 4: 45.161}","{0: 812.027, 1: 859.375, 2: 817.434, 3: 810.426, 4: 812.221}","{0: 10739, 1: 10719, 2: 10687, 3: 10755, 4: 10715}","{0: 10738, 1: 10719, 2: 10684, 3: 10753, 4: 10715}","{0: 10738, 1: 10719, 2: 10684, 3: 10753, 4: 10715}",99.98880910193043,99.98880910193043
rule_raft,30c1s5r5p-zoo,YCSB_A,rw_1000000,concurrent_190,101,56711,41.60498,42.656982,46.93728040000003,41.899255580310694,5671.1,"{0: 56.25, 1: 26.882, 2: 62.626, 3: 67.033, 4: 66.304}","{0: 868.354, 1: 838.281, 2: 837.434, 3: 812.678, 4: 832.713}","{0: 11299, 1: 11341, 2: 11320, 3: 11363, 4: 11388}","{0: 11295, 1: 11341, 2: 11316, 3: 11362, 4: 11387}","{0: 11295, 1: 11341, 2: 11316, 3: 11362, 4: 11387}",99.98236673661195,99.98236673661195
rule_raft,30c1s5r5p-zoo,YCSB_A,rw_1000000,concurrent_200,101,59527,42.096924,43.380859,52.950414659999936,42.48726849577502,5952.7,"{0: 28.421, 1: 26.882, 2: 66.327, 3: 94.898, 4: 45.455}","{0: 844.385, 1: 850.781, 2: 850.455, 3: 863.184, 4: 863.17}","{0: 11915, 1: 11928, 2: 11899, 3: 11882, 4: 11903}","{0: 11913, 1: 11927, 2: 11898, 3: 11880, 4: 11900}","{0: 11913, 1: 11927, 2: 11898, 3: 11880, 4: 11900}",99.98488081038856,99.98488081038856
rule_raft,30c1s5r5p-zoo,YCSB_A,rw_1000000,concurrent_250,101,74339,41.911865,43.072021,48.19428691999995,42.15301333181775,7433.9,"{0: 34.043, 1: 30.682, 2: 69.697, 3: 91.919, 4: 50.0}","{0: 929.746, 1: 937.508, 2: 936.836, 3: 971.715, 4: 929.945}","{0: 14946, 1: 14879, 2: 14887, 3: 14798, 4: 14829}","{0: 14942, 1: 14878, 2: 14883, 3: 14795, 4: 14827}","{0: 14942, 1: 14878, 2: 14883, 3: 14795, 4: 14827}",99.981167354955,99.981167354955
rule_raft,30c1s5r5p-zoo,YCSB_A,rw_1000000,concurrent_300,101,89440,41.861084,45.085938,58.89900889000001,42.877571178130594,8944.0,"{0: 81.633, 1: 41.667, 2: 78.0, 3: 85.859, 4: 52.688}","{0: 1082.713, 1: 1012.602, 2: 1012.564, 3: 1002.594, 4: 1004.273}","{0: 17950, 1: 17771, 2: 17867, 3: 17882, 4: 17970}","{0: 17949, 1: 17764, 2: 17862, 3: 17880, 4: 17967}","{0: 17874, 1: 17702, 2: 17786, 3: 17791, 4: 17888}",99.97987477638641,99.55389087656529
rule_raft,30c1s5r5p-zoo,YCSB_A,rw_1000000,concurrent_400,101,89911,41.891113,44.932129,61.39912109999988,42.9340304379998,8991.1,"{0: 80.198, 1: 40.206, 2: 79.412, 3: 82.653, 4: 49.474}","{0: 1090.639, 1: 1030.062, 2: 1029.529, 3: 990.957, 4: 1018.818}","{0: 17954, 1: 17973, 2: 18006, 3: 18023, 4: 17955}","{0: 17948, 1: 17968, 2: 18002, 3: 18017, 4: 17952}","{0: 17839, 1: 17867, 2: 17895, 3: 17925, 4: 17891}",99.97330693685979,99.45056778369721
rule_raft,30c1s5r5p-zoo,YCSB_A,rw_1000000,concurrent_500,101,89847,42.069092,46.5689456,67.59243163999994,43.491450069507046,8984.7,"{0: 80.808, 1: 38.947, 2: 84.762, 3: 84.211, 4: 53.763}","{0: 1098.441, 1: 1034.512, 2: 1032.523, 3: 1017.125, 4: 1019.92}","{0: 17973, 1: 17988, 2: 18008, 3: 17976, 4: 17902}","{0: 17969, 1: 17982, 2: 18006, 3: 17973, 4: 17896}","{0: 17850, 1: 17875, 2: 17915, 3: 17882, 4: 17785}",99.97662693245184,99.39897826304718
rule_raft,30c1s5r5p-zoo,YCSB_A,rw_1000000,concurrent_750,101,89947,42.083984,45.215380800000005,58.4788527399993,43.02638225824097,8994.7,"{0: 37.634, 1: 77.451, 2: 82.0, 3: 82.0, 4: 50.0}","{0: 1044.121, 1: 1133.348, 2: 1061.754, 3: 1016.0, 4: 1044.453}","{0: 17969, 1: 17994, 2: 18020, 3: 17963, 4: 18001}","{0: 17964, 1: 17987, 2: 18016, 3: 17959, 4: 17999}","{0: 17963, 1: 17983, 2: 18015, 3: 17959, 4: 17999}",99.97554115201174,99.96887055710584
rule_raft,30c1s5r5p-zoo,YCSB_A,rw_1000000,concurrent_1000,101,90103,42.199951,45.267870800000004,64.40289533999996,43.219849700276356,9010.3,"{0: 35.714, 1: 76.531, 2: 78.0, 3: 83.673, 4: 50.549}","{0: 1062.209, 1: 1153.73, 2: 1086.688, 3: 1035.008, 4: 1062.295}","{0: 18032, 1: 18007, 2: 17994, 3: 18073, 4: 17997}","{0: 18029, 1: 18002, 2: 17986, 3: 18073, 4: 17994}","{0: 18016, 1: 17991, 2: 17972, 3: 18060, 4: 17982}",99.97891302176399,99.90899304129718
rule_raft,30c1s5r5p-zoo,YCSB_A,rw_1000000,concurrent_1,100,197,40.858887,41.706592199999996,42.54142532,41.05628905076142,19.7,"{0: 4.348, 1: 1.111, 2: 5.682, 3: 6.897, 4: 8.696}","{0: 524.426, 1: 524.07, 2: 524.256, 3: 522.25, 4: 524.242}","{0: 41, 1: 35, 2: 40, 3: 41, 4: 40}","{0: 41, 1: 35, 2: 40, 3: 41, 4: 40}","{0: 41, 1: 35, 2: 40, 3: 41, 4: 40}",100.0,100.0
rule_raft,30c1s5r5p-zoo,YCSB_A,rw_1000000,concurrent_10,100,2835,41.065918,41.7845216,42.51001,41.13987595767196,283.5,"{0: 3.261, 1: 3.297, 2: 11.957, 3: 19.78, 4: 10.0}","{0: 539.41, 1: 538.477, 2: 539.852, 3: 537.0, 4: 539.268}","{0: 572, 1: 557, 2: 559, 3: 568, 4: 579}","{0: 572, 1: 557, 2: 559, 3: 568, 4: 579}","{0: 572, 1: 557, 2: 559, 3: 568, 4: 579}",100.0,100.0
rule_raft,30c1s5r5p-zoo,YCSB_A,rw_1000000,concurrent_20,100,5823,41.302002,41.99585,42.51818368,41.32476742486691,582.3,"{0: 10.87, 1: 5.435, 2: 16.129, 3: 31.183, 4: 10.753}","{0: 555.691, 1: 555.82, 2: 556.309, 3: 555.0, 4: 555.219}","{0: 1150, 1: 1156, 2: 1185, 3: 1172, 4: 1160}","{0: 1150, 1: 1156, 2: 1185, 3: 1172, 4: 1160}","{0: 1150, 1: 1156, 2: 1185, 3: 1172, 4: 1160}",100.0,100.0
rule_raft,30c1s5r5p-zoo,YCSB_A,rw_1000000,concurrent_40,100,11829,41.474854,42.133057,42.661865,41.50517740096373,1182.9,"{0: 11.579, 1: 7.692, 2: 27.174, 3: 46.154, 4: 13.978}","{0: 588.41, 1: 588.379, 2: 589.377, 3: 587.25, 4: 588.217}","{0: 2353, 1: 2358, 2: 2362, 3: 2366, 4: 2390}","{0: 2353, 1: 2358, 2: 2362, 3: 2366, 4: 2390}","{0: 2353, 1: 2358, 2: 2362, 3: 2366, 4: 2390}",100.0,100.0
rule_raft,30c1s5r5p-zoo,YCSB_A,rw_1000000,concurrent_60,100,17863,41.572998,42.2488278,42.815918,41.59998166450204,1786.3,"{0: 12.632, 1: 14.737, 2: 31.915, 3: 60.215, 4: 18.889}","{0: 619.91, 1: 621.418, 2: 621.369, 3: 632.145, 4: 620.205}","{0: 3569, 1: 3551, 2: 3590, 3: 3589, 4: 3564}","{0: 3569, 1: 3551, 2: 3590, 3: 3589, 4: 3564}","{0: 3569, 1: 3551, 2: 3590, 3: 3589, 4: 3564}",100.0,100.0
rule_raft,30c1s5r5p-zoo,YCSB_A,rw_1000000,concurrent_80,100,23742,41.726074,42.51709,44.23326154,41.8499911487659,2374.2,"{0: 15.789, 1: 13.978, 2: 40.0, 3: 75.0, 4: 46.154}","{0: 653.256, 1: 655.773, 2: 655.586, 3: 656.5, 4: 653.953}","{0: 4734, 1: 4754, 2: 4726, 3: 4790, 4: 4738}","{0: 4734, 1: 4754, 2: 4726, 3: 4790, 4: 4738}","{0: 4734, 1: 4754, 2: 4726, 3: 4790, 4: 4738}",100.0,100.0
rule_raft,30c1s5r5p-zoo,YCSB_A,rw_1000000,concurrent_100,100,29729,41.494141,42.176025,43.340517160000005,41.550353628409965,2972.9,"{0: 17.021, 1: 30.769, 2: 41.304, 3: 46.392, 4: 65.217}","{0: 688.627, 1: 700.352, 2: 684.348, 3: 678.0, 4: 691.014}","{0: 5977, 1: 5937, 2: 5927, 3: 5928, 4: 5960}","{0: 5977, 1: 5937, 2: 5925, 3: 5927, 4: 5960}","{0: 5977, 1: 5937, 2: 5925, 3: 5927, 4: 5960}",99.98990884321707,99.98990884321707
rule_raft,30c1s5r5p-zoo,YCSB_A,rw_1000000,concurrent_120,100,35758,41.98291,43.0239992,44.762666010000004,42.11319047734773,3575.8,"{0: 20.833, 1: 18.681, 2: 48.421, 3: 90.909, 4: 33.333}","{0: 718.969, 1: 722.289, 2: 722.389, 3: 735.25, 4: 718.846}","{0: 7168, 1: 7104, 2: 7161, 3: 7176, 4: 7149}","{0: 7167, 1: 7103, 2: 7161, 3: 7175, 4: 7149}","{0: 7167, 1: 7103, 2: 7161, 3: 7175, 4: 7149}",99.9916102690307,99.9916102690307
rule_raft,30c1s5r5p-zoo,YCSB_A,rw_1000000,concurrent_140,100,41759,41.5271,42.291992,44.37386726,41.61601981029239,4175.9,"{0: 23.913, 1: 40.659, 2: 52.128, 3: 56.989, 4: 50.562}","{0: 751.584, 1: 782.723, 2: 755.6, 3: 735.25, 4: 751.707}","{0: 8352, 1: 8361, 2: 8348, 3: 8326, 4: 8372}","{0: 8351, 1: 8361, 2: 8348, 3: 8325, 4: 8372}","{0: 8351, 1: 8361, 2: 8348, 3: 8325, 4: 8372}",99.99521061328097,99.99521061328097
rule_raft,30c1s5r5p-zoo,YCSB_A,rw_1000000,concurrent_150,100,44868,41.522949,42.2879152,45.11433608,41.72545061975127,4486.8,"{0: 23.958, 1: 42.857, 2: 58.333, 3: 59.574, 4: 36.957}","{0: 764.947, 1: 798.465, 2: 768.623, 3: 763.0, 4: 765.125}","{0: 8992, 1: 8986, 2: 8967, 3: 8952, 4: 8971}","{0: 8992, 1: 8986, 2: 8967, 3: 8951, 4: 8971}","{0: 8992, 1: 8986, 2: 8967, 3: 8951, 4: 8971}",99.99777124008202,99.99777124008202
rule_raft,30c1s5r5p-zoo,YCSB_A,rw_1000000,concurrent_160,100,47643,41.53418,42.320068,45.441640400000004,41.722967684885504,4764.3,"{0: 24.468, 1: 46.739, 2: 56.842, 3: 60.44, 4: 34.066}","{0: 783.357, 1: 816.578, 2: 787.879, 3: 764.25, 4: 783.176}","{0: 9509, 1: 9540, 2: 9549, 3: 9510, 4: 9535}","{0: 9509, 1: 9540, 2: 9549, 3: 9510, 4: 9534}","{0: 9509, 1: 9540, 2: 9549, 3: 9510, 4: 9534}",99.99790105576895,99.99790105576895
rule_raft,30c1s5r5p-zoo,YCSB_A,rw_1000000,concurrent_170,100,50728,42.049072,43.228027,51.90859358999998,42.38001056426432,5072.8,"{0: 25.0, 1: 23.913, 2: 53.763, 3: 94.949, 4: 32.609}","{0: 800.43, 1: 804.508, 2: 804.27, 3: 823.25, 4: 800.125}","{0: 10169, 1: 10135, 2: 10121, 3: 10198, 4: 10105}","{0: 10167, 1: 10135, 2: 10120, 3: 10198, 4: 10105}","{0: 10167, 1: 10135, 2: 10120, 3: 10198, 4: 10105}",99.99408610629239,99.99408610629239
rule_raft,30c1s5r5p-zoo,YCSB_A,rw_1000000,concurrent_180,100,53682,41.547119,42.38916,46.03273715,41.76199937751946,5368.2,"{0: 26.042, 1: 50.0, 2: 58.947, 3: 66.667, 4: 41.758}","{0: 813.184, 1: 837.885, 2: 817.947, 3: 793.75, 4: 830.189}","{0: 10746, 1: 10770, 2: 10794, 3: 10683, 4: 10689}","{0: 10744, 1: 10770, 2: 10792, 3: 10682, 4: 10685}","{0: 10744, 1: 10770, 2: 10792, 3: 10682, 4: 10685}",99.9832346037778,99.9832346037778
rule_raft,30c1s5r5p-zoo,YCSB_A,rw_1000000,concurrent_190,100,56615,41.555908,42.436035,46.55383818000001,41.78725190829286,5661.5,"{0: 27.66, 1: 52.688, 2: 63.83, 3: 70.103, 4: 35.484}","{0: 829.283, 1: 884.111, 2: 835.172, 3: 824.961, 4: 829.951}","{0: 11349, 1: 11350, 2: 11273, 3: 11293, 4: 11350}","{0: 11346, 1: 11348, 2: 11272, 3: 11291, 4: 11350}","{0: 11346, 1: 11348, 2: 11272, 3: 11291, 4: 11350}",99.98586946922194,99.98586946922194
rule_raft,30c1s5r5p-zoo,YCSB_A,rw_1000000,concurrent_200,100,59537,41.583984,42.576172,47.54484356,41.877784041117295,5953.7,"{0: 28.866, 1: 55.67, 2: 64.583, 3: 68.817, 4: 44.828}","{0: 845.064, 1: 897.285, 2: 850.924, 3: 843.438, 4: 845.965}","{0: 11902, 1: 11950, 2: 11900, 3: 11880, 4: 11905}","{0: 11900, 1: 11949, 2: 11896, 3: 11879, 4: 11903}","{0: 11900, 1: 11949, 2: 11896, 3: 11879, 4: 11903}",99.9832037220552,99.9832037220552
rule_raft,30c1s5r5p-zoo,YCSB_A,rw_1000000,concurrent_250,100,74423,41.675049,43.2431152,49.142582659999995,42.09989910620372,7442.3,"{0: 70.707, 1: 33.333, 2: 69.149, 3: 77.0, 4: 43.333}","{0: 986.82, 1: 936.883, 2: 935.373, 3: 904.266, 4: 929.605}","{0: 14921, 1: 14918, 2: 14847, 3: 14848, 4: 14889}","{0: 14919, 1: 14915, 2: 14846, 3: 14846, 4: 14888}","{0: 14919, 1: 14915, 2: 14846, 3: 14846, 4: 14888}",99.98790696424493,99.98790696424493
rule_raft,30c1s5r5p-zoo,YCSB_A,rw_1000000,concurrent_300,100,89211,42.763184,45.218994,126.0476314999998,45.06974072431651,8921.1,"{0: 38.298, 1: 37.234, 2: 77.0, 3: 99.0, 4: 51.111}","{0: 1011.217, 1: 1021.594, 2: 1021.184, 3: 1079.973, 4: 1012.191}","{0: 17901, 1: 17786, 2: 17845, 3: 17759, 4: 17920}","{0: 17894, 1: 17782, 2: 17839, 3: 17750, 4: 17912}","{0: 17894, 1: 17782, 2: 17839, 3: 17750, 4: 17912}",99.96188810796875,99.96188810796875
rule_raft,30c1s5r5p-zoo,YCSB_A,rw_1000000,concurrent_400,100,89895,41.938965,45.591503800000005,59.35572231999989,42.994385286968125,8989.5,"{0: 36.842, 1: 76.289, 2: 74.747, 3: 82.609, 4: 75.789}","{0: 1017.799, 1: 1098.168, 2: 1027.723, 3: 989.699, 4: 1018.012}","{0: 17956, 1: 17969, 2: 17951, 3: 17987, 4: 18032}","{0: 17952, 1: 17965, 2: 17946, 3: 17984, 4: 18028}","{0: 17944, 1: 17951, 2: 17941, 3: 17976, 4: 18017}",99.97775182156961,99.9265810111797
rule_raft,30c1s5r5p-zoo,YCSB_A,rw_1000000,concurrent_500,100,89901,42.666992,44.74292,52.846924,43.25339845483365,8990.1,"{0: 36.458, 1: 40.0, 2: 78.495, 3: 98.99, 4: 85.417}","{0: 1023.82, 1: 1038.223, 2: 1036.68, 3: 1179.824, 4: 1023.635}","{0: 18000, 1: 17943, 2: 17970, 3: 18047, 4: 17941}","{0: 17997, 1: 17938, 2: 17961, 3: 18044, 4: 17937}","{0: 17997, 1: 17938, 2: 17961, 3: 18044, 4: 17937}",99.9733039676978,99.9733039676978
rule_raft,30c1s5r5p-zoo,YCSB_A,rw_1000000,concurrent_750,100,89764,42.089111,45.52002,62.924196729999856,43.19207620244196,8976.4,"{0: 35.106, 1: 76.768, 2: 78.0, 3: 85.417, 4: 55.789}","{0: 1043.658, 1: 1133.66, 2: 1063.418, 3: 1016.023, 4: 1044.361}","{0: 17915, 1: 17977, 2: 17947, 3: 17919, 4: 18006}","{0: 17912, 1: 17974, 2: 17942, 3: 17914, 4: 17999}","{0: 17912, 1: 17970, 2: 17939, 3: 17910, 4: 17997}",99.97437725591551,99.95989483534602
rule_raft,30c1s5r5p-zoo,YCSB_A,rw_1000000,concurrent_1000,100,89909,42.744873,48.5712402,58.34727503999999,44.142459708382916,8990.9,"{0: 35.106, 1: 77.778, 2: 78.788, 3: 83.333, 4: 92.784}","{0: 1062.078, 1: 1161.348, 2: 1086.705, 3: 1035.613, 4: 1062.488}","{0: 17951, 1: 17989, 2: 17946, 3: 17991, 4: 18032}","{0: 17950, 1: 17985, 2: 17939, 3: 17990, 4: 18026}","{0: 17950, 1: 17985, 2: 17939, 3: 17990, 4: 18026}",99.97886752160518,99.97886752160518
rule_copilot,30c1s5r5p-zoo,YCSB_A,rw_1000000,concurrent_1,0,194,82.819458,103.15961920000001,104.06901879,91.37185938659793,19.4,"{0: 2.0, 1: 2.0, 2: 4.082, 3: 4.04, 4: 100.0}","{0: 524.896, 1: 524.434, 2: 524.133, 3: 522.0, 4: 524.158}","{0: 0, 1: 0, 2: 0, 3: 0, 4: 0}","{0: 0, 1: 0, 2: 0, 3: 0, 4: 0}","{0: 0, 1: 0, 2: 0, 3: 0, 4: 0}",0,0
rule_copilot,30c1s5r5p-zoo,YCSB_A,rw_1000000,concurrent_10,0,2861,81.990967,82.862061,83.646875,82.03558673226145,286.1,"{0: 10.0, 1: 10.0, 2: 13.131, 3: 15.0, 4: 8.081}","{0: 548.039, 1: 548.41, 2: 543.842, 3: 539.5, 4: 543.482}","{0: 0, 1: 0, 2: 0, 3: 0, 4: 0}","{0: 0, 1: 0, 2: 0, 3: 0, 4: 0}","{0: 0, 1: 0, 2: 0, 3: 0, 4: 0}",0,0
rule_copilot,30c1s5r5p-zoo,YCSB_A,rw_1000000,concurrent_20,0,5846,81.968994,82.819946,83.5745118,82.00454709356825,584.6,"{0: 16.162, 1: 18.182, 2: 17.526, 3: 19.388, 4: 11.224}","{0: 575.74, 1: 573.711, 2: 567.781, 3: 560.75, 4: 565.189}","{0: 0, 1: 0, 2: 0, 3: 0, 4: 0}","{0: 0, 1: 0, 2: 0, 3: 0, 4: 0}","{0: 0, 1: 0, 2: 0, 3: 0, 4: 0}",0,0
rule_copilot,30c1s5r5p-zoo,YCSB_A,rw_1000000,concurrent_30,0,8884,102.39038099999999,103.500977,104.37223609,102.19643322005854,888.4,"{0: 26.531, 1: 24.742, 2: 26.263, 3: 32.653, 4: 16.162}","{0: 605.271, 1: 605.645, 2: 590.086, 3: 588.75, 4: 588.764}","{0: 0, 1: 0, 2: 0, 3: 0, 4: 0}","{0: 0, 1: 0, 2: 0, 3: 0, 4: 0}","{0: 0, 1: 0, 2: 0, 3: 0, 4: 0}",0,0
rule_copilot,30c1s5r5p-zoo,YCSB_A,rw_1000000,concurrent_40,0,11844,102.4904785,103.5343261,104.481934,102.4034242619892,1184.4,"{0: 34.343, 1: 32.99, 2: 33.663, 3: 33.0, 4: 19.388}","{0: 613.703, 1: 616.203, 2: 598.84, 3: 595.5, 4: 596.297}","{0: 0, 1: 0, 2: 0, 3: 0, 4: 0}","{0: 0, 1: 0, 2: 0, 3: 0, 4: 0}","{0: 0, 1: 0, 2: 0, 3: 0, 4: 0}",0,0
rule_copilot,30c1s5r5p-zoo,YCSB_A,rw_1000000,concurrent_50,0,14766,102.465942,103.52600100000001,104.41195040000001,102.38911956596235,1476.6,"{0: 40.206, 1: 39.583, 2: 38.776, 3: 40.816, 4: 23.158}","{0: 620.191, 1: 618.871, 2: 602.688, 3: 597.0, 4: 600.328}","{0: 0, 1: 0, 2: 0, 3: 0, 4: 0}","{0: 0, 1: 0, 2: 0, 3: 0, 4: 0}","{0: 0, 1: 0, 2: 0, 3: 0, 4: 0}",0,0
rule_copilot,30c1s5r5p-zoo,YCSB_A,rw_1000000,concurrent_60,0,17805,102.036133,103.3162114,104.260986,101.53667724206684,1780.5,"{0: 44.444, 1: 46.939, 2: 42.574, 3: 43.158, 4: 22.68}","{0: 623.814, 1: 624.855, 2: 610.561, 3: 601.75, 4: 603.127}","{0: 0, 1: 0, 2: 0, 3: 0, 4: 0}","{0: 0, 1: 0, 2: 0, 3: 0, 4: 0}","{0: 0, 1: 0, 2: 0, 3: 0, 4: 0}",0,0
rule_copilot,30c1s5r5p-zoo,YCSB_A,rw_1000000,concurrent_70,0,20762,81.763184,82.5961666,83.442871,81.85956423331085,2076.2,"{0: 47.423, 1: 52.041, 2: 47.917, 3: 48.485, 4: 27.551}","{0: 630.785, 1: 627.6, 2: 608.695, 3: 607.75, 4: 608.1}","{0: 0, 1: 0, 2: 0, 3: 0, 4: 0}","{0: 0, 1: 0, 2: 0, 3: 0, 4: 0}","{0: 0, 1: 0, 2: 0, 3: 0, 4: 0}",0,0
rule_copilot,30c1s5r5p-zoo,YCSB_A,rw_1000000,concurrent_72,0,21392,102.486084,103.428955,104.479004,102.50085667721578,2139.2,"{0: 55.208, 1: 55.208, 2: 52.525, 3: 52.577, 4: 31.959}","{0: 635.5, 1: 638.207, 2: 616.934, 3: 607.5, 4: 608.926}","{0: 0, 1: 0, 2: 0, 3: 0, 4: 0}","{0: 0, 1: 0, 2: 0, 3: 0, 4: 0}","{0: 0, 1: 0, 2: 0, 3: 0, 4: 0}",0,0
rule_copilot,30c1s5r5p-zoo,YCSB_A,rw_1000000,concurrent_75,0,22294,102.542969,103.437012,104.38410139,102.56691708899254,2229.4,"{0: 58.586, 1: 58.763, 2: 56.25, 3: 61.856, 4: 34.021}","{0: 635.918, 1: 638.223, 2: 617.457, 3: 612.25, 4: 610.467}","{0: 0, 1: 0, 2: 0, 3: 0, 4: 0}","{0: 0, 1: 0, 2: 0, 3: 0, 4: 0}","{0: 0, 1: 0, 2: 0, 3: 0, 4: 0}",0,0
rule_copilot,30c1s5r5p-zoo,YCSB_A,rw_1000000,concurrent_77,0,22923,81.696045,82.4888186,83.333008,81.80365794298302,2292.3,"{0: 53.608, 1: 57.292, 2: 55.435, 3: 54.0, 4: 32.653}","{0: 634.297, 1: 632.215, 2: 612.537, 3: 606.25, 4: 608.129}","{0: 0, 1: 0, 2: 0, 3: 0, 4: 0}","{0: 0, 1: 0, 2: 0, 3: 0, 4: 0}","{0: 0, 1: 0, 2: 0, 3: 0, 4: 0}",0,0
rule_copilot,30c1s5r5p-zoo,YCSB_A,rw_1000000,concurrent_80,0,23781,102.499023,103.411133,104.49765599999999,102.50419142395188,2378.1,"{0: 62.887, 1: 61.616, 2: 60.0, 3: 61.538, 4: 34.021}","{0: 644.662, 1: 642.512, 2: 632.955, 3: 610.25, 4: 613.072}","{0: 0, 1: 0, 2: 0, 3: 0, 4: 0}","{0: 0, 1: 0, 2: 0, 3: 0, 4: 0}","{0: 0, 1: 0, 2: 0, 3: 0, 4: 0}",0,0
rule_copilot,30c1s5r5p-zoo,YCSB_A,rw_1000000,concurrent_82,0,24407,102.545166,103.44033180000001,104.435059,102.53908652189946,2440.7,"{0: 63.918, 1: 66.667, 2: 63.918, 3: 67.391, 4: 40.816}","{0: 648.264, 1: 647.48, 2: 621.994, 3: 625.0, 4: 613.096}","{0: 0, 1: 0, 2: 0, 3: 0, 4: 0}","{0: 0, 1: 0, 2: 0, 3: 0, 4: 0}","{0: 0, 1: 0, 2: 0, 3: 0, 4: 0}",0,0
rule_copilot,30c1s5r5p-zoo,YCSB_A,rw_1000000,concurrent_85,0,25297,102.493164,103.348877,104.31205104,102.48297742008933,2529.7,"{0: 65.625, 1: 68.687, 2: 66.304, 3: 71.277, 4: 36.364}","{0: 644.246, 1: 649.199, 2: 619.01, 3: 613.25, 4: 612.484}","{0: 0, 1: 0, 2: 0, 3: 0, 4: 0}","{0: 0, 1: 0, 2: 0, 3: 0, 4: 0}","{0: 0, 1: 0, 2: 0, 3: 0, 4: 0}",0,0
rule_copilot,30c1s5r5p-zoo,YCSB_A,rw_1000000,concurrent_87,0,25885,102.462158,103.3570804,104.36792,102.43350444809738,2588.5,"{0: 66.667, 1: 69.792, 2: 68.0, 3: 65.591, 4: 38.144}","{0: 647.611, 1: 648.146, 2: 620.307, 3: 614.0, 4: 612.07}","{0: 0, 1: 0, 2: 0, 3: 0, 4: 0}","{0: 0, 1: 0, 2: 0, 3: 0, 4: 0}","{0: 0, 1: 0, 2: 0, 3: 0, 4: 0}",0,0
rule_copilot,30c1s5r5p-zoo,YCSB_A,rw_1000000,concurrent_90,0,26771,102.488037,103.349854,104.3250242,102.4856930814314,2677.1,"{0: 68.687, 1: 69.565, 2: 68.085, 3: 74.0, 4: 44.792}","{0: 653.773, 1: 651.715, 2: 624.639, 3: 614.75, 4: 618.494}","{0: 0, 1: 0, 2: 0, 3: 0, 4: 0}","{0: 0, 1: 0, 2: 0, 3: 0, 4: 0}","{0: 0, 1: 0, 2: 0, 3: 0, 4: 0}",0,0
rule_copilot,30c1s5r5p-zoo,YCSB_A,rw_1000000,concurrent_100,0,29888,81.669922,82.341064,83.18811501,81.74597037617103,2988.8,"{0: 73.196, 1: 70.408, 2: 71.134, 3: 77.451, 4: 49.462}","{0: 656.227, 1: 665.449, 2: 626.115, 3: 630.0, 4: 621.986}","{0: 0, 1: 0, 2: 0, 3: 0, 4: 0}","{0: 0, 1: 0, 2: 0, 3: 0, 4: 0}","{0: 0, 1: 0, 2: 0, 3: 0, 4: 0}",0,0
rule_copilot,30c1s5r5p-zoo,YCSB_A,rw_1000000,concurrent_120,0,35679,81.691162,82.37915,83.23553688,81.76999326679561,3567.9,"{0: 80.808, 1: 80.808, 2: 80.412, 3: 83.838, 4: 54.737}","{0: 674.012, 1: 679.039, 2: 640.98, 3: 630.5, 4: 630.82}","{0: 0, 1: 0, 2: 0, 3: 0, 4: 0}","{0: 0, 1: 0, 2: 0, 3: 0, 4: 0}","{0: 0, 1: 0, 2: 0, 3: 0, 4: 0}",0,0
rule_copilot,30c1s5r5p-zoo,YCSB_A,rw_1000000,concurrent_140,0,41740,81.831055,82.445068,83.12392784,81.87803977999519,4174.0,"{0: 91.0, 1: 90.099, 2: 88.235, 3: 94.0, 4: 55.67}","{0: 694.066, 1: 697.846, 2: 640.984, 3: 648.5, 4: 633.953}","{0: 0, 1: 0, 2: 0, 3: 0, 4: 0}","{0: 0, 1: 0, 2: 0, 3: 0, 4: 0}","{0: 0, 1: 0, 2: 0, 3: 0, 4: 0}",0,0
rule_copilot,30c1s5r5p-zoo,YCSB_A,rw_1000000,concurrent_160,0,47646,103.587891,104.751587,108.15130620000002,103.57428119151659,4764.6,"{0: 97.98, 1: 97.0, 2: 91.919, 3: 92.857, 4: 60.0}","{0: 694.48, 1: 690.613, 2: 643.605, 3: 639.0, 4: 638.285}","{0: 0, 1: 0, 2: 0, 3: 0, 4: 0}","{0: 0, 1: 0, 2: 0, 3: 0, 4: 0}","{0: 0, 1: 0, 2: 0, 3: 0, 4: 0}",0,0
rule_copilot,30c1s5r5p-zoo,YCSB_A,rw_1000000,concurrent_180,0,32179,103.920166,105.1438478,119.58987826,104.27135123997017,3217.9,"{0: 97.03, 1: 98.0, 2: 93.0, 3: 93.814, 4: 100.0}","{0: 1055.158, 1: 977.887, 2: 664.082, 3: 678.75, 4: 1032.201}","{0: 0, 1: 0, 2: 0, 3: 0, 4: 0}","{0: 0, 1: 0, 2: 0, 3: 0, 4: 0}","{0: 0, 1: 0, 2: 0, 3: 0, 4: 0}",0,0
rule_copilot,30c1s5r5p-zoo,YCSB_A,rw_1000000,concurrent_200,0,0,0,0,0,0,0.0,{},{},{},{},{},0,0
rule_copilot,30c1s5r5p-zoo,YCSB_A,rw_1000000,concurrent_1,101,198,40.9053955,41.724829,42.62498249,41.04339900505051,19.8,"{0: 2.041, 1: 1.98, 2: 3.093, 3: 3.093, 4: 2.041}","{0: 525.418, 1: 524.617, 2: 524.391, 3: 523.5, 4: 524.645}","{0: 42, 1: 40, 2: 37, 3: 36, 4: 43}","{0: 42, 1: 40, 2: 37, 3: 36, 4: 43}","{0: 42, 1: 40, 2: 37, 3: 36, 4: 43}",100.0,100.0
rule_copilot,30c1s5r5p-zoo,YCSB_A,rw_1000000,concurrent_10,101,2817,41.02417,41.687012,42.58250016,41.115354849485264,281.7,"{0: 11.111, 1: 11.111, 2: 13.402, 3: 15.306, 4: 8.163}","{0: 549.256, 1: 548.43, 2: 546.926, 3: 542.25, 4: 545.594}","{0: 565, 1: 568, 2: 563, 3: 564, 4: 557}","{0: 565, 1: 568, 2: 563, 3: 564, 4: 557}","{0: 565, 1: 568, 2: 563, 3: 564, 4: 557}",100.0,100.0
rule_copilot,30c1s5r5p-zoo,YCSB_A,rw_1000000,concurrent_20,101,5871,41.259033,41.881104,42.5112791,41.30469622875149,587.1,"{0: 23.958, 1: 20.619, 2: 21.429, 3: 24.211, 4: 14.141}","{0: 576.916, 1: 577.434, 2: 570.068, 3: 564.75, 4: 569.559}","{0: 1184, 1: 1157, 2: 1182, 3: 1180, 4: 1168}","{0: 1184, 1: 1157, 2: 1182, 3: 1180, 4: 1168}","{0: 1184, 1: 1157, 2: 1182, 3: 1180, 4: 1168}",100.0,100.0
rule_copilot,30c1s5r5p-zoo,YCSB_A,rw_1000000,concurrent_30,101,8824,41.3480225,41.977051,42.42165029,41.379415780258384,882.4,"{0: 28.125, 1: 28.283, 2: 26.804, 3: 30.612, 4: 16.162}","{0: 603.465, 1: 602.359, 2: 596.764, 3: 591.5, 4: 592.785}","{0: 1775, 1: 1752, 2: 1766, 3: 1758, 4: 1773}","{0: 1775, 1: 1752, 2: 1766, 3: 1758, 4: 1773}","{0: 1775, 1: 1752, 2: 1766, 3: 1758, 4: 1773}",100.0,100.0
rule_copilot,30c1s5r5p-zoo,YCSB_A,rw_1000000,concurrent_40,101,11856,41.52002,98.901611,103.40034165,47.6204913442139,1185.6,"{0: 38.384, 1: 38.384, 2: 38.298, 3: 40.816, 4: 24.242}","{0: 613.867, 1: 614.703, 2: 606.342, 3: 597.75, 4: 601.979}","{0: 2382, 1: 2357, 2: 2356, 3: 2358, 4: 1207}","{0: 2382, 1: 2357, 2: 2355, 3: 2358, 4: 1207}","{0: 2382, 1: 2357, 2: 2355, 3: 2358, 4: 1207}",99.9906191369606,99.9906191369606
rule_copilot,30c1s5r5p-zoo,YCSB_A,rw_1000000,concurrent_50,101,14879,41.465088,42.096924,42.522402660000004,41.485676879696214,1487.9,"{0: 46.939, 1: 48.485, 2: 50.98, 3: 57.143, 4: 30.526}","{0: 620.604, 1: 620.801, 2: 616.639, 3: 606.25, 4: 607.988}","{0: 2958, 1: 2971, 2: 2996, 3: 2980, 4: 2974}","{0: 2958, 1: 2970, 2: 2996, 3: 2980, 4: 2974}","{0: 2958, 1: 2970, 2: 2996, 3: 2980, 4: 2974}",99.99327911822031,99.99327911822031
rule_copilot,30c1s5r5p-zoo,YCSB_A,rw_1000000,concurrent_60,101,17851,41.727051,81.943115,82.8693845,54.8080112459246,1785.1,"{0: 50.0, 1: 46.939, 2: 52.427, 3: 58.0, 4: 26.316}","{0: 634.248, 1: 637.629, 2: 617.217, 3: 607.75, 4: 609.104}","{0: 2393, 1: 3582, 2: 2354, 3: 3594, 4: 0}","{0: 2393, 1: 3582, 2: 2354, 3: 3594, 4: 0}","{0: 2393, 1: 3582, 2: 2354, 3: 3594, 4: 0}",100.0,100.0
rule_copilot,30c1s5r5p-zoo,YCSB_A,rw_1000000,concurrent_70,101,20776,41.410889,42.2769775,81.96234125000001,44.10350041846361,2077.6,"{0: 54.639, 1: 62.105, 2: 61.0, 3: 63.918, 4: 37.895}","{0: 640.055, 1: 643.236, 2: 624.824, 3: 617.5, 4: 619.074}","{0: 2769, 1: 4130, 2: 4118, 3: 4189, 4: 4177}","{0: 2769, 1: 4130, 2: 4118, 3: 4189, 4: 4176}","{0: 2769, 1: 4130, 2: 4118, 3: 4189, 4: 4176}",99.99484083991126,99.99484083991126
rule_copilot,30c1s5r5p-zoo,YCSB_A,rw_1000000,concurrent_72,101,21502,41.545898,42.363696700000006,102.82615003000001,45.558869285322295,2150.2,"{0: 62.887, 1: 65.347, 2: 64.646, 3: 69.608, 4: 41.837}","{0: 644.68, 1: 649.266, 2: 624.412, 3: 617.75, 4: 620.154}","{0: 2864, 1: 4317, 2: 4311, 3: 4279, 4: 4302}","{0: 2864, 1: 4317, 2: 4311, 3: 4278, 4: 4300}","{0: 2864, 1: 4317, 2: 4311, 3: 4278, 4: 4300}",99.98505455088926,99.98505455088926
rule_copilot,30c1s5r5p-zoo,YCSB_A,rw_1000000,concurrent_75,101,22269,41.557861,42.388916,102.83699208,45.59774698639364,2226.9,"{0: 65.263, 1: 68.0, 2: 69.388, 3: 69.697, 4: 50.0}","{0: 637.498, 1: 637.457, 2: 623.348, 3: 619.5, 4: 621.676}","{0: 2990, 1: 4465, 2: 4435, 3: 4435, 4: 4460}","{0: 2990, 1: 4465, 2: 4435, 3: 4433, 4: 4460}","{0: 2990, 1: 4465, 2: 4435, 3: 4433, 4: 4460}",99.99037767620881,99.99037767620881
rule_copilot,30c1s5r5p-zoo,YCSB_A,rw_1000000,concurrent_77,101,22882,41.798828,102.6601316,103.64836643,59.74307163731317,2288.2,"{0: 65.979, 1: 67.01, 2: 68.687, 3: 70.874, 4: 43.299}","{0: 647.352, 1: 647.09, 2: 618.33, 3: 615.0, 4: 616.924}","{0: 3049, 1: 3849, 2: 2287, 3: 4548, 4: 2305}","{0: 3049, 1: 3849, 2: 2287, 3: 4547, 4: 2304}","{0: 3049, 1: 3849, 2: 2287, 3: 4547, 4: 2304}",99.98752961715925,99.98752961715925
rule_copilot,30c1s5r5p-zoo,YCSB_A,rw_1000000,concurrent_80,101,23797,102.056152,103.126953,104.16997084,82.12189896218011,2379.7,"{0: 66.667, 1: 66.327, 2: 68.687, 3: 72.917, 4: 45.263}","{0: 648.059, 1: 650.703, 2: 622.783, 3: 617.75, 4: 619.629}","{0: 3177, 1: 0, 2: 0, 3: 4766, 4: 0}","{0: 3177, 1: 0, 2: 0, 3: 4765, 4: 0}","{0: 3177, 1: 0, 2: 0, 3: 4765, 4: 0}",99.98741029837593,99.98741029837593
rule_copilot,30c1s5r5p-zoo,YCSB_A,rw_1000000,concurrent_82,101,24332,101.541992,103.1307858,104.07019557,74.10556853526221,2433.2,"{0: 67.708, 1: 69.474, 2: 67.347, 3: 75.49, 4: 44.33}","{0: 640.064, 1: 647.344, 2: 621.041, 3: 618.75, 4: 621.24}","{0: 4840, 1: 0, 2: 1626, 3: 0, 4: 4871}","{0: 4839, 1: 0, 2: 1626, 3: 0, 4: 4871}","{0: 4839, 1: 0, 2: 1626, 3: 0, 4: 4871}",99.99117932433624,99.99117932433624
rule_copilot,30c1s5r5p-zoo,YCSB_A,rw_1000000,concurrent_85,101,25313,81.50708,82.312988,83.11161092,73.94259933283293,2531.3,"{0: 62.105, 1: 59.783, 2: 62.5, 3: 60.825, 4: 37.374}","{0: 636.84, 1: 642.547, 2: 630.516, 3: 620.0, 4: 613.699}","{0: 0, 1: 102, 2: 576, 3: 4220, 4: 0}","{0: 0, 1: 102, 2: 576, 3: 4220, 4: 0}","{0: 0, 1: 102, 2: 576, 3: 4220, 4: 0}",100.0,100.0
rule_copilot,30c1s5r5p-zoo,YCSB_A,rw_1000000,concurrent_87,101,25964,102.2579345,103.200928,104.2133424,88.29520615579263,2596.4,"{0: 67.677, 1: 72.549, 2: 66.667, 3: 71.0, 4: 41.237}","{0: 651.811, 1: 652.326, 2: 621.197, 3: 616.5, 4: 617.338}","{0: 0, 1: 872, 2: 0, 3: 5191, 4: 0}","{0: 0, 1: 871, 2: 0, 3: 5191, 4: 0}","{0: 0, 1: 871, 2: 0, 3: 5191, 4: 0}",99.9835065149266,99.9835065149266
rule_copilot,30c1s5r5p-zoo,YCSB_A,rw_1000000,concurrent_90,101,26770,102.14502,103.160156,104.10093729,86.16286092334703,2677.0,"{0: 71.579, 1: 74.468, 2: 69.474, 3: 72.34, 4: 44.211}","{0: 651.705, 1: 654.91, 2: 625.318, 3: 625.75, 4: 620.861}","{0: 0, 1: 5373, 2: 0, 3: 1774, 4: 0}","{0: 0, 1: 5373, 2: 0, 3: 1774, 4: 0}","{0: 0, 1: 5373, 2: 0, 3: 1774, 4: 0}",100.0,100.0
rule_copilot,30c1s5r5p-zoo,YCSB_A,rw_1000000,concurrent_100,101,29791,102.542969,103.37207,104.3270017,102.53453935973953,2979.1,"{0: 76.289, 1: 78.571, 2: 77.66, 3: 80.612, 4: 50.526}","{0: 670.016, 1: 672.809, 2: 634.119, 3: 621.75, 4: 624.48}","{0: 0, 1: 0, 2: 0, 3: 0, 4: 0}","{0: 0, 1: 0, 2: 0, 3: 0, 4: 0}","{0: 0, 1: 0, 2: 0, 3: 0, 4: 0}",0,0
rule_copilot,30c1s5r5p-zoo,YCSB_A,rw_1000000,concurrent_120,101,35784,102.749023,103.572021,104.49210909,102.75758384367315,3578.4,"{0: 88.66, 1: 88.776, 2: 88.776, 3: 91.0, 4: 53.608}","{0: 682.244, 1: 679.926, 2: 643.24, 3: 630.25, 4: 629.322}","{0: 0, 1: 0, 2: 0, 3: 0, 4: 0}","{0: 0, 1: 0, 2: 0, 3: 0, 4: 0}","{0: 0, 1: 0, 2: 0, 3: 0, 4: 0}",0,0
rule_copilot,30c1s5r5p-zoo,YCSB_A,rw_1000000,concurrent_140,101,41778,103.01709,103.8980222,104.768066,102.99981201857436,4177.8,"{0: 93.939, 1: 95.96, 2: 92.784, 3: 92.857, 4: 58.163}","{0: 693.396, 1: 699.744, 2: 645.264, 3: 649.75, 4: 638.652}","{0: 0, 1: 0, 2: 0, 3: 0, 4: 0}","{0: 0, 1: 0, 2: 0, 3: 0, 4: 0}","{0: 0, 1: 0, 2: 0, 3: 0, 4: 0}",0,0
rule_copilot,30c1s5r5p-zoo,YCSB_A,rw_1000000,concurrent_160,101,2738,19133.853516,19142.086084,23623.16380351,19095.97049937874,273.8,"{2: 4.04, 3: 2.02, 4: 4.04}","{2: 666.766, 3: 690.0, 4: 658.07}",{},{},{},0,0
rule_copilot,30c1s5r5p-zoo,YCSB_A,rw_1000000,concurrent_180,101,53482,82.15808100000001,103.854004,161.2784326200008,88.25895449698965,5348.2,"{0: 94.898, 1: 95.876, 2: 100.0, 3: 95.0, 4: 63.918}","{0: 980.111, 1: 948.777, 2: 1079.674, 3: 672.0, 4: 653.762}","{0: 0, 1: 0, 2: 0, 3: 0, 4: 0}","{0: 0, 1: 0, 2: 0, 3: 0, 4: 0}","{0: 0, 1: 0, 2: 0, 3: 0, 4: 0}",0,0
rule_copilot,30c1s5r5p-zoo,YCSB_A,rw_1000000,concurrent_200,101,59652,105.37915,107.135986,110.54236818999998,101.34471534381078,5965.2,"{0: 99.0, 1: 98.039, 2: 92.708, 3: 94.792, 4: 60.784}","{0: 727.91, 1: 734.742, 2: 692.449, 3: 662.0, 4: 659.105}","{0: 0, 1: 3970, 2: 0, 3: 0, 4: 0}","{0: 0, 1: 3969, 2: 0, 3: 0, 4: 0}","{0: 0, 1: 3969, 2: 0, 3: 0, 4: 0}",99.97481108312343,99.97481108312343
rule_copilot,30c1s5r5p-zoo,YCSB_A,rw_1000000,concurrent_1,100,203,40.881836,41.4226072,42.664018060000004,40.99328078325122,20.3,"{0: 2.041, 1: 2.0, 2: 3.125, 3: 4.082, 4: 4.04}","{0: 525.363, 1: 524.605, 2: 524.51, 3: 523.0, 4: 524.75}","{0: 36, 1: 41, 2: 40, 3: 41, 4: 45}","{0: 36, 1: 41, 2: 40, 3: 41, 4: 45}","{0: 36, 1: 41, 2: 40, 3: 41, 4: 45}",100.0,100.0
rule_copilot,30c1s5r5p-zoo,YCSB_A,rw_1000000,concurrent_10,100,2827,41.083984,41.769043,42.489555779999996,41.1731256848249,282.7,"{0: 11.0, 1: 12.121, 2: 16.162, 3: 14.433, 4: 13.265}","{0: 549.639, 1: 548.91, 2: 544.971, 3: 541.5, 4: 545.846}","{0: 569, 1: 567, 2: 568, 3: 565, 4: 558}","{0: 569, 1: 567, 2: 568, 3: 565, 4: 558}","{0: 569, 1: 567, 2: 568, 3: 565, 4: 558}",100.0,100.0
rule_copilot,30c1s5r5p-zoo,YCSB_A,rw_1000000,concurrent_20,100,5840,41.271606500000004,41.924072,42.52217047,41.30652451729452,584.0,"{0: 20.0, 1: 20.408, 2: 20.619, 3: 25.0, 4: 17.347}","{0: 575.236, 1: 576.051, 2: 569.564, 3: 563.25, 4: 570.705}","{0: 1149, 1: 1172, 2: 1176, 3: 1168, 4: 1175}","{0: 1149, 1: 1172, 2: 1176, 3: 1168, 4: 1175}","{0: 1149, 1: 1172, 2: 1176, 3: 1168, 4: 1175}",100.0,100.0
rule_copilot,30c1s5r5p-zoo,YCSB_A,rw_1000000,concurrent_30,100,8839,41.376953,41.986864999999995,42.421225580000005,41.400868989365314,883.9,"{0: 29.897, 1: 30.612, 2: 31.683, 3: 34.0, 4: 20.0}","{0: 604.898, 1: 604.953, 2: 597.148, 3: 586.75, 4: 593.637}","{0: 1772, 1: 1751, 2: 1785, 3: 1747, 4: 1784}","{0: 1772, 1: 1751, 2: 1784, 3: 1747, 4: 1784}","{0: 1772, 1: 1751, 2: 1784, 3: 1747, 4: 1784}",99.98868650299808,99.98868650299808
rule_copilot,30c1s5r5p-zoo,YCSB_A,rw_1000000,concurrent_40,100,11839,41.371094,42.009033,42.42663074,41.402278734859365,1183.9,"{0: 35.714, 1: 34.375, 2: 37.374, 3: 45.0, 4: 21.212}","{0: 616.219, 1: 620.039, 2: 604.016, 3: 600.0, 4: 601.393}","{0: 2366, 1: 2378, 2: 2360, 3: 2363, 4: 2372}","{0: 2366, 1: 2378, 2: 2360, 3: 2363, 4: 2372}","{0: 2366, 1: 2378, 2: 2360, 3: 2363, 4: 2372}",100.0,100.0
rule_copilot,30c1s5r5p-zoo,YCSB_A,rw_1000000,concurrent_50,100,14793,41.605957,102.1617186,103.45010724,51.58961106307037,1479.3,"{0: 45.833, 1: 45.455, 2: 46.875, 3: 54.455, 4: 33.673}","{0: 620.91, 1: 620.988, 2: 612.545, 3: 605.25, 4: 608.07}","{0: 1959, 1: 2974, 2: 2974, 3: 2963, 4: 1468}","{0: 1959, 1: 2974, 2: 2974, 3: 2963, 4: 1468}","{0: 1959, 1: 2974, 2: 2974, 3: 2963, 4: 1468}",100.0,100.0
rule_copilot,30c1s5r5p-zoo,YCSB_A,rw_1000000,concurrent_60,100,17790,101.950195,103.177979,104.199951,82.07185485958402,1779.0,"{0: 48.98, 1: 49.0, 2: 45.918, 3: 50.505, 4: 97.98}","{0: 628.422, 1: 634.887, 2: 611.104, 3: 606.25, 4: 605.703}","{0: 0, 1: 0, 2: 0, 3: 3583, 4: 2359}","{0: 0, 1: 0, 2: 0, 3: 3582, 4: 2359}","{0: 0, 1: 0, 2: 0, 3: 3582, 4: 2359}",99.98317064961293,99.98317064961293
rule_copilot,30c1s5r5p-zoo,YCSB_A,rw_1000000,concurrent_70,100,20841,41.924805,102.820068,104.0196292,63.784238021975916,2084.1,"{0: 58.333, 1: 60.204, 2: 61.053, 3: 61.224, 4: 96.0}","{0: 635.932, 1: 642.775, 2: 619.779, 3: 612.0, 4: 617.051}","{0: 2805, 1: 4131, 2: 2110, 3: 4185, 4: 0}","{0: 2805, 1: 4131, 2: 2110, 3: 4185, 4: 0}","{0: 2805, 1: 4131, 2: 2110, 3: 4185, 4: 0}",100.0,100.0
rule_copilot,30c1s5r5p-zoo,YCSB_A,rw_1000000,concurrent_72,100,21385,41.587158,101.927002,103.30540063999999,49.579502074584994,2138.5,"{0: 62.887, 1: 66.337, 2: 64.211, 3: 72.727, 4: 40.816}","{0: 632.709, 1: 634.152, 2: 628.58, 3: 615.0, 4: 619.193}","{0: 2844, 1: 4284, 2: 2843, 3: 4307, 4: 4271}","{0: 2844, 1: 4283, 2: 2843, 3: 4307, 4: 4271}","{0: 2844, 1: 4283, 2: 2843, 3: 4307, 4: 4271}",99.99460887379374,99.99460887379374
rule_copilot,30c1s5r5p-zoo,YCSB_A,rw_1000000,concurrent_75,100,22328,41.646973,102.208984,103.360107,51.66767002109459,2232.8,"{0: 64.583, 1: 68.269, 2: 67.708, 3: 69.697, 4: 96.97}","{0: 640.543, 1: 646.844, 2: 621.086, 3: 615.25, 4: 618.621}","{0: 2990, 1: 4475, 2: 4472, 3: 4449, 4: 2228}","{0: 2990, 1: 4474, 2: 4472, 3: 4449, 4: 2228}","{0: 2990, 1: 4474, 2: 4472, 3: 4449, 4: 2228}",99.99462769958096,99.99462769958096
rule_copilot,30c1s5r5p-zoo,YCSB_A,rw_1000000,concurrent_77,100,22949,41.746094,81.85791,82.865967,54.926881147675275,2294.9,"{0: 57.895, 1: 66.327, 2: 62.245, 3: 65.347, 4: 95.96}","{0: 645.66, 1: 644.656, 2: 623.68, 3: 615.25, 4: 617.621}","{0: 3058, 1: 1545, 2: 3813, 3: 4559, 4: 2307}","{0: 3058, 1: 1545, 2: 3813, 3: 4559, 4: 2303}","{0: 3058, 1: 1545, 2: 3813, 3: 4559, 4: 2303}",99.97382541552153,99.97382541552153
rule_copilot,30c1s5r5p-zoo,YCSB_A,rw_1000000,concurrent_80,100,23765,81.63208,82.412109,83.231934,79.01725572278562,2376.5,"{0: 57.732, 1: 56.383, 2: 51.064, 3: 66.0, 4: 36.735}","{0: 656.094, 1: 666.875, 2: 617.072, 3: 616.25, 4: 614.643}","{0: 0, 1: 0, 2: 0, 3: 1617, 4: 0}","{0: 0, 1: 0, 2: 0, 3: 1617, 4: 0}","{0: 0, 1: 0, 2: 0, 3: 1617, 4: 0}",100.0,100.0
rule_copilot,30c1s5r5p-zoo,YCSB_A,rw_1000000,concurrent_82,100,24396,102.207031,103.194092,104.1031735,90.23651833284144,2439.6,"{0: 64.0, 1: 67.708, 2: 65.625, 3: 65.657, 4: 40.206}","{0: 652.748, 1: 652.012, 2: 619.52, 3: 621.75, 4: 613.988}","{0: 0, 1: 0, 2: 3250, 3: 1620, 4: 0}","{0: 0, 1: 0, 2: 3250, 3: 1620, 4: 0}","{0: 0, 1: 0, 2: 3250, 3: 1620, 4: 0}",100.0,100.0
rule_copilot,30c1s5r5p-zoo,YCSB_A,rw_1000000,concurrent_85,100,25356,102.304932,103.206909,104.24946265,94.30640194107903,2535.6,"{0: 67.01, 1: 68.367, 2: 67.347, 3: 68.687, 4: 41.837}","{0: 657.898, 1: 657.363, 2: 628.309, 3: 614.5, 4: 616.404}","{0: 0, 1: 0, 2: 0, 3: 3383, 4: 0}","{0: 0, 1: 0, 2: 0, 3: 3383, 4: 0}","{0: 0, 1: 0, 2: 0, 3: 3383, 4: 0}",100.0,100.0
rule_copilot,30c1s5r5p-zoo,YCSB_A,rw_1000000,concurrent_87,100,25830,42.071899,102.7400877,103.68568091,65.91204248908247,2583.0,"{0: 71.875, 1: 73.737, 2: 73.737, 3: 80.412, 4: 47.423}","{0: 644.176, 1: 647.83, 2: 625.941, 3: 632.0, 4: 623.795}","{0: 0, 1: 5158, 2: 5192, 3: 5149, 4: 0}","{0: 0, 1: 5158, 2: 5192, 3: 5146, 4: 0}","{0: 0, 1: 5158, 2: 5192, 3: 5146, 4: 0}",99.98064391251049,99.98064391251049
rule_copilot,30c1s5r5p-zoo,YCSB_A,rw_1000000,concurrent_90,100,26761,102.365967,103.24707,104.270996,94.26298408863644,2676.1,"{0: 71.134, 1: 72.115, 2: 69.072, 3: 70.833, 4: 94.949}","{0: 652.807, 1: 661.047, 2: 624.473, 3: 617.0, 4: 621.479}","{0: 0, 1: 0, 2: 0, 3: 3599, 4: 0}","{0: 0, 1: 0, 2: 0, 3: 3599, 4: 0}","{0: 0, 1: 0, 2: 0, 3: 3599, 4: 0}",100.0,100.0
rule_copilot,30c1s5r5p-zoo,YCSB_A,rw_1000000,concurrent_100,100,29765,81.649902,82.3466308,83.163086,80.40791817423148,2976.5,"{0: 72.165, 1: 69.474, 2: 66.0, 3: 68.75, 4: 96.97}","{0: 649.162, 1: 662.094, 2: 639.211, 3: 622.5, 4: 622.199}","{0: 0, 1: 0, 2: 0, 3: 990, 4: 0}","{0: 0, 1: 0, 2: 0, 3: 990, 4: 0}","{0: 0, 1: 0, 2: 0, 3: 990, 4: 0}",100.0,100.0
rule_copilot,30c1s5r5p-zoo,YCSB_A,rw_1000000,concurrent_120,100,35656,81.662109,82.343994,83.138184,79.07932748600517,3565.6,"{0: 83.673, 1: 83.673, 2: 78.0, 3: 87.234, 4: 55.319}","{0: 655.344, 1: 660.75, 2: 634.221, 3: 630.5, 4: 625.418}","{0: 0, 1: 0, 2: 0, 3: 0, 4: 2379}","{0: 0, 1: 0, 2: 0, 3: 0, 4: 2379}","{0: 0, 1: 0, 2: 0, 3: 0, 4: 2379}",100.0,100.0
rule_copilot,30c1s5r5p-zoo,YCSB_A,rw_1000000,concurrent_140,100,41672,103.00708,103.884033,105.44625728,103.05216168772799,4167.2,"{0: 93.939, 1: 95.05, 2: 92.857, 3: 92.632, 4: 61.224}","{0: 704.379, 1: 706.76, 2: 644.406, 3: 657.25, 4: 639.879}","{0: 0, 1: 0, 2: 0, 3: 0, 4: 0}","{0: 0, 1: 0, 2: 0, 3: 0, 4: 0}","{0: 0, 1: 0, 2: 0, 3: 0, 4: 0}",0,0
rule_copilot,30c1s5r5p-zoo,YCSB_A,rw_1000000,concurrent_160,100,47760,103.305176,104.6302002,107.60911375999984,91.18485007399495,4776.0,"{0: 97.0, 1: 96.97, 2: 92.079, 3: 93.939, 4: 67.347}","{0: 697.414, 1: 713.852, 2: 655.246, 3: 645.25, 4: 653.162}","{0: 0, 1: 0, 2: 0, 3: 0, 4: 9624}","{0: 0, 1: 0, 2: 0, 3: 0, 4: 9623}","{0: 0, 1: 0, 2: 0, 3: 0, 4: 9623}",99.98960931005819,99.98960931005819
rule_copilot,30c1s5r5p-zoo,YCSB_A,rw_1000000,concurrent_180,100,53681,104.708008,106.204834,107.953711,104.75636584124736,5368.1,"{0: 99.0, 1: 96.97, 2: 93.878, 3: 92.157, 4: 66.667}","{0: 695.865, 1: 698.367, 2: 665.973, 3: 651.0, 4: 654.781}","{0: 0, 1: 0, 2: 0, 3: 0, 4: 0}","{0: 0, 1: 0, 2: 0, 3: 0, 4: 0}","{0: 0, 1: 0, 2: 0, 3: 0, 4: 0}",0,0
rule_copilot,30c1s5r5p-zoo,YCSB_A,rw_1000000,concurrent_200,100,381,15159.736084,15171.779053,15172.067724800001,14800.032660375327,38.1,{},{},{},{},{},0,0
rule_mencius,30c1s5r5p-zoo,YCSB_A,rw_1000000,concurrent_1,0,191,103.814941,122.98999,124.0681155,110.80997959685865,19.1,"{0: 1.01, 1: 1.0, 2: 3.03, 3: 4.04, 4: 4.082}","{0: 523.881, 1: 523.777, 2: 524.221, 3: 522.75, 4: 524.17}","{0: 0, 1: 0, 2: 0, 3: 0, 4: 0}","{0: 0, 1: 0, 2: 0, 3: 0, 4: 0}","{0: 0, 1: 0, 2: 0, 3: 0, 4: 0}",0,0
rule_mencius,30c1s5r5p-zoo,YCSB_A,rw_1000000,concurrent_10,0,2859,104.337891,123.9062012,124.96555206000001,111.5806674449108,285.9,"{0: 10.204, 1: 12.0, 2: 19.0, 3: 18.557, 4: 11.0}","{0: 538.375, 1: 538.367, 2: 539.41, 3: 534.25, 4: 538.371}","{0: 0, 1: 0, 2: 0, 3: 0, 4: 0}","{0: 0, 1: 0, 2: 0, 3: 0, 4: 0}","{0: 0, 1: 0, 2: 0, 3: 0, 4: 0}",0,0
rule_mencius,30c1s5r5p-zoo,YCSB_A,rw_1000000,concurrent_12,0,3460,104.66149899999999,123.9362303,124.86394048999999,111.63264393959537,346.0,"{0: 12.121, 1: 14.0, 2: 22.0, 3: 21.649, 4: 11.111}","{0: 541.68, 1: 541.223, 2: 542.18, 3: 536.5, 4: 541.59}","{0: 0, 1: 0, 2: 0, 3: 0, 4: 0}","{0: 0, 1: 0, 2: 0, 3: 0, 4: 0}","{0: 0, 1: 0, 2: 0, 3: 0, 4: 0}",0,0
rule_mencius,30c1s5r5p-zoo,YCSB_A,rw_1000000,concurrent_14,0,4076,104.768921,123.807007,124.769104,111.63669644038274,407.6,"{0: 13.402, 1: 15.152, 2: 27.273, 3: 29.0, 4: 13.265}","{0: 544.797, 1: 544.262, 2: 545.381, 3: 540.5, 4: 544.723}","{0: 0, 1: 0, 2: 0, 3: 0, 4: 0}","{0: 0, 1: 0, 2: 0, 3: 0, 4: 0}","{0: 0, 1: 0, 2: 0, 3: 0, 4: 0}",0,0
rule_mencius,30c1s5r5p-zoo,YCSB_A,rw_1000000,concurrent_16,0,4627,104.934814,124.02988260000001,125.03800788,111.77804201664146,462.7,"{0: 15.464, 1: 18.367, 2: 33.663, 3: 32.0, 4: 16.327}","{0: 547.65, 1: 547.785, 2: 548.943, 3: 542.5, 4: 547.672}","{0: 0, 1: 0, 2: 0, 3: 0, 4: 0}","{0: 0, 1: 0, 2: 0, 3: 0, 4: 0}","{0: 0, 1: 0, 2: 0, 3: 0, 4: 0}",0,0
rule_mencius,30c1s5r5p-zoo,YCSB_A,rw_1000000,concurrent_18,0,5230,105.5495605,123.6571774,124.65865267,111.8181591256214,523.0,"{0: 18.367, 1: 12.871, 2: 41.837, 3: 40.0, 4: 19.192}","{0: 551.242, 1: 551.117, 2: 550.457, 3: 547.0, 4: 551.172}","{0: 0, 1: 0, 2: 0, 3: 0, 4: 0}","{0: 0, 1: 0, 2: 0, 3: 0, 4: 0}","{0: 0, 1: 0, 2: 0, 3: 0, 4: 0}",0,0
rule_mencius,30c1s5r5p-zoo,YCSB_A,rw_1000000,concurrent_20,0,5840,105.643066,123.813965,124.85259983,111.93771789229453,584.0,"{0: 22.0, 1: 13.0, 2: 44.33, 3: 44.211, 4: 23.0}","{0: 554.16, 1: 554.047, 2: 556.348, 3: 549.75, 4: 554.174}","{0: 0, 1: 0, 2: 0, 3: 0, 4: 0}","{0: 0, 1: 0, 2: 0, 3: 0, 4: 0}","{0: 0, 1: 0, 2: 0, 3: 0, 4: 0}",0,0
rule_mencius,30c1s5r5p-zoo,YCSB_A,rw_1000000,concurrent_25,0,7339,106.759033,123.722949,125.047495,112.41808634923015,733.9,"{0: 23.232, 1: 16.327, 2: 56.122, 3: 56.25, 4: 27.0}","{0: 562.158, 1: 562.086, 2: 564.098, 3: 558.25, 4: 562.557}","{0: 0, 1: 0, 2: 0, 3: 0, 4: 0}","{0: 0, 1: 0, 2: 0, 3: 0, 4: 0}","{0: 0, 1: 0, 2: 0, 3: 0, 4: 0}",0,0
rule_mencius,30c1s5r5p-zoo,YCSB_A,rw_1000000,concurrent_30,0,8880,108.6320805,123.9861817,125.38961668999997,113.15905031171171,888.0,"{0: 34.343, 1: 21.0, 2: 72.277, 3: 68.627, 4: 32.323}","{0: 569.801, 1: 569.727, 2: 572.379, 3: 564.25, 4: 570.242}","{0: 0, 1: 0, 2: 0, 3: 0, 4: 0}","{0: 0, 1: 0, 2: 0, 3: 0, 4: 0}","{0: 0, 1: 0, 2: 0, 3: 0, 4: 0}",0,0
rule_mencius,30c1s5r5p-zoo,YCSB_A,rw_1000000,concurrent_35,0,10291,117.923096,124.960938,140.02106940000013,116.3551571395394,1029.1,"{0: 44.118, 1: 29.0, 2: 89.216, 3: 88.66, 4: 36.634}","{0: 578.402, 1: 577.855, 2: 581.328, 3: 570.5, 4: 578.35}","{0: 0, 1: 0, 2: 0, 3: 0, 4: 0}","{0: 0, 1: 0, 2: 0, 3: 0, 4: 0}","{0: 0, 1: 0, 2: 0, 3: 0, 4: 0}",0,0
rule_mencius,30c1s5r5p-zoo,YCSB_A,rw_1000000,concurrent_40,0,11778,122.732056,127.45771470000001,163.45792970999995,118.9867591315164,1177.8,"{0: 55.0, 1: 36.364, 2: 91.429, 3: 90.099, 4: 43.299}","{0: 586.855, 1: 587.18, 2: 589.191, 3: 582.0, 4: 587.131}","{0: 0, 1: 0, 2: 0, 3: 0, 4: 0}","{0: 0, 1: 0, 2: 0, 3: 0, 4: 0}","{0: 0, 1: 0, 2: 0, 3: 0, 4: 0}",0,0
rule_mencius,30c1s5r5p-zoo,YCSB_A,rw_1000000,concurrent_45,0,13294,123.6508785,133.8495121,227.9034888199999,123.2488076211825,1329.4,"{0: 62.245, 1: 44.0, 2: 93.939, 3: 93.878, 4: 60.825}","{0: 595.23, 1: 596.766, 2: 600.951, 3: 591.0, 4: 595.449}","{0: 0, 1: 0, 2: 0, 3: 0, 4: 0}","{0: 0, 1: 0, 2: 0, 3: 0, 4: 0}","{0: 0, 1: 0, 2: 0, 3: 0, 4: 0}",0,0
rule_mencius,30c1s5r5p-zoo,YCSB_A,rw_1000000,concurrent_50,0,3277,5411.488037,7222.9602538,8174.586113359999,4441.714617808056,327.7,"{0: 100.0, 1: 88.889, 2: 100.0, 3: 100.0, 4: 100.0}","{0: 750.207, 1: 783.578, 2: 763.383, 3: 702.5, 4: 703.43}","{0: 0, 1: 0, 2: 0}","{0: 0, 1: 0, 2: 0}","{0: 0, 1: 0, 2: 0}",0,0
rule_mencius,30c1s5r5p-zoo,YCSB_A,rw_1000000,concurrent_55,0,1800,3429.1666255,8136.6937259,8141.66645545,4344.2706857288895,180.0,"{0: 100.0, 1: 80.198, 2: 100.0, 3: 100.0, 4: 100.0}","{0: 711.543, 1: 806.137, 2: 772.49, 3: 725.5, 4: 649.936}","{0: 0, 1: 0, 2: 0, 4: 0}","{0: 0, 1: 0, 2: 0, 4: 0}","{0: 0, 1: 0, 2: 0, 4: 0}",0,0
rule_mencius,30c1s5r5p-zoo,YCSB_A,rw_1000000,concurrent_60,0,2629,3290.916016,6560.1907224,7117.65820316,4278.906697432484,262.9,"{0: 100.0, 1: 91.089, 2: 100.0, 3: 100.0, 4: 100.0}","{0: 741.27, 1: 684.578, 2: 741.266, 3: 748.0, 4: 674.547}","{0: 0, 1: 0, 2: 0}","{0: 0, 1: 0, 2: 0}","{0: 0, 1: 0, 2: 0}",0,0
rule_mencius,30c1s5r5p-zoo,YCSB_A,rw_1000000,concurrent_1,101,200,40.9954835,41.7667973,42.56010007,41.10896112500001,20.0,"{0: 3.03, 1: 4.0, 2: 5.102, 3: 7.071, 4: 4.04}","{0: 527.098, 1: 526.039, 2: 526.062, 3: 525.0, 4: 526.664}","{0: 43, 1: 38, 2: 42, 3: 40, 4: 37}","{0: 43, 1: 38, 2: 42, 3: 40, 4: 37}","{0: 43, 1: 38, 2: 42, 3: 40, 4: 37}",100.0,100.0
rule_mencius,30c1s5r5p-zoo,YCSB_A,rw_1000000,concurrent_10,101,2856,42.779540999999995,47.270019500000004,61.442199699999776,43.86086471253501,285.6,"{0: 37.755, 1: 26.804, 2: 84.694, 3: 83.673, 4: 41.584}","{0: 546.648, 1: 546.215, 2: 548.592, 3: 544.25, 4: 546.199}","{0: 566, 1: 579, 2: 566, 3: 568, 4: 577}","{0: 566, 1: 579, 2: 566, 3: 568, 4: 577}","{0: 566, 1: 579, 2: 566, 3: 568, 4: 577}",100.0,100.0
rule_mencius,30c1s5r5p-zoo,YCSB_A,rw_1000000,concurrent_12,101,3436,47.755005,63.821533,78.15253874999999,50.602004439173456,343.6,"{0: 61.616, 1: 45.0, 2: 92.079, 3: 94.175, 4: 61.616}","{0: 550.424, 1: 548.984, 2: 553.18, 3: 551.75, 4: 549.324}","{0: 688, 1: 686, 2: 703, 3: 688, 4: 671}","{0: 688, 1: 686, 2: 703, 3: 688, 4: 671}","{0: 688, 1: 686, 2: 703, 3: 688, 4: 671}",100.0,100.0
rule_mencius,30c1s5r5p-zoo,YCSB_A,rw_1000000,concurrent_14,101,2347,5874.850098,28906.690039,31880.11586906,12504.627786999572,234.7,"{0: 100.0, 1: 77.228, 2: 100.0, 3: 100.0, 4: 100.0}","{0: 910.367, 1: 716.77, 2: 1048.68, 3: 1091.0, 4: 995.293}","{0: 199, 1: 76, 2: 145, 3: 322, 4: 243}","{0: 199, 1: 76, 2: 145, 3: 322, 4: 243}","{0: 169, 1: 74, 2: 123, 3: 275, 4: 208}",100.0,86.19289340101523
rule_mencius,30c1s5r5p-zoo,YCSB_A,rw_1000000,concurrent_16,101,959,8584.732178,24770.684521799998,30361.718134860002,11497.228396019811,95.9,"{0: 100.0, 1: 100.0, 2: 100.0, 3: 100.0, 4: 100.0}","{0: 1224.439, 1: 976.504, 2: 1463.121, 3: 1319.75, 4: 1237.582}","{0: 292, 2: 184, 4: 219}","{0: 292, 2: 183, 4: 219}","{0: 192, 2: 93, 4: 108}",99.85611510791367,56.54676258992806
rule_mencius,30c1s5r5p-zoo,YCSB_A,rw_1000000,concurrent_18,101,465,16356.165039,23360.959424,25583.56837896,16029.913617625807,46.5,"{0: 100.0, 1: 100.0, 2: 100.0, 3: 100.0, 4: 100.0}","{0: 1132.398, 1: 993.934, 2: 1301.207, 3: 1357.0, 4: 1170.375}",{2: 3},{2: 3},{2: 1},100.0,33.333333333333336
rule_mencius,30c1s5r5p-zoo,YCSB_A,rw_1000000,concurrent_20,101,0,0,0,0,0,0.0,"{0: 100.0, 1: 98.02, 2: 100.0, 3: 100.0, 4: 100.0}","{0: 1588.682, 1: 927.109, 2: 1510.092, 3: 1528.75, 4: 1211.814}",{4: 207},{4: 206},{4: 103},99.51690821256038,49.75845410628019
rule_mencius,30c1s5r5p-zoo,YCSB_A,rw_1000000,concurrent_25,101,331,12228.153076,12726.006836,12729.5493409,11569.306056160123,33.1,"{0: 100.0, 1: 100.0, 2: 100.0, 3: 100.0, 4: 100.0}","{0: 1190.42, 1: 906.375, 2: 1314.422, 3: 1396.0, 4: 1064.074}","{2: 6, 4: 108}","{2: 6, 4: 108}","{2: 1, 4: 56}",100.0,50.0
rule_mencius,30c1s5r5p-zoo,YCSB_A,rw_1000000,concurrent_30,101,0,0,0,0,0,0.0,"{0: 100.0, 1: 100.0, 2: 100.0, 3: 100.0, 4: 100.0}","{0: 1791.113, 1: 1081.484, 2: 1642.668, 3: 1365.5, 4: 1352.873}",{},{},{},0,0
rule_mencius,30c1s5r5p-zoo,YCSB_A,rw_1000000,concurrent_35,101,299,18838.040039,19433.4266604,19440.29420868,18821.939937177256,29.9,"{0: 100.0, 1: 100.0, 2: 100.0, 3: 100.0, 4: 100.0}","{0: 1530.941, 1: 972.295, 2: 1654.285, 3: 1678.25, 4: 1401.83}",{},{},{},0,0
rule_mencius,30c1s5r5p-zoo,YCSB_A,rw_1000000,concurrent_40,101,143,15850.74585,27813.829052399964,32043.9986327,17527.244429146856,14.3,"{0: 100.0, 1: 100.0, 2: 100.0, 3: 100.0, 4: 100.0}","{0: 1674.4, 1: 1218.727, 2: 1857.895, 3: 2060.5, 4: 2026.275}",{},{},{},0,0
rule_mencius,30c1s5r5p-zoo,YCSB_A,rw_1000000,concurrent_45,101,0,0,0,0,0,0.0,"{0: 100.0, 1: 98.0, 2: 100.0, 3: 100.0, 4: 100.0}","{0: 1934.859, 1: 1688.699, 2: 1946.521, 3: 1875.0, 4: 1886.736}","{1: 300, 4: 0}","{1: 300, 4: 0}","{1: 300, 4: 0}",100.0,100.0
rule_mencius,30c1s5r5p-zoo,YCSB_A,rw_1000000,concurrent_50,101,0,0,0,0,0,0.0,"{0: 100.0, 1: 100.0, 2: 100.0, 3: 100.0, 4: 100.0}","{0: 1816.682, 1: 1038.258, 2: 1962.504, 3: 1883.0, 4: 1783.822}",{},{},{},0,0
rule_mencius,30c1s5r5p-zoo,YCSB_A,rw_1000000,concurrent_55,101,0,0,0,0,0,0.0,"{0: 100.0, 1: 100.0, 2: 100.0, 3: 100.0, 4: 100.0}","{0: 2048.984, 1: 1458.816, 2: 2004.668, 3: 1936.0, 4: 1695.949}","{1: 0, 4: 0}","{1: 0, 4: 0}","{1: 0, 4: 0}",0,0
rule_mencius,30c1s5r5p-zoo,YCSB_A,rw_1000000,concurrent_60,101,0,0,0,0,0,0.0,"{0: 100.0, 1: 100.0, 2: 100.0, 3: 100.0, 4: 100.0}","{0: 2023.775, 1: 1606.547, 2: 1976.822, 3: 2044.5, 4: 1641.922}",{},{},{},0,0
rule_mencius,30c1s5r5p-zoo,YCSB_A,rw_1000000,concurrent_1,100,202,41.0303955,41.768896399999996,42.588879070000004,41.1682648019802,20.2,"{0: 3.03, 1: 3.03, 2: 6.122, 3: 7.0, 4: 5.102}","{0: 526.609, 1: 526.066, 2: 526.318, 3: 524.5, 4: 526.521}","{0: 46, 1: 40, 2: 37, 3: 39, 4: 40}","{0: 46, 1: 40, 2: 37, 3: 39, 4: 40}","{0: 46, 1: 40, 2: 37, 3: 39, 4: 40}",100.0,100.0
rule_mencius,30c1s5r5p-zoo,YCSB_A,rw_1000000,concurrent_10,100,2837,41.509033,42.4073728,43.4927928,41.600896774409584,283.7,"{0: 24.49, 1: 17.347, 2: 42.0, 3: 46.316, 4: 24.742}","{0: 544.188, 1: 545.195, 2: 548.139, 3: 541.0, 4: 543.732}","{0: 564, 1: 565, 2: 574, 3: 567, 4: 567}","{0: 564, 1: 565, 2: 574, 3: 567, 4: 567}","{0: 564, 1: 565, 2: 574, 3: 567, 4: 567}",100.0,100.0
rule_mencius,30c1s5r5p-zoo,YCSB_A,rw_1000000,concurrent_12,100,3483,41.577881,42.5555174,43.9029004,41.69796230778065,348.3,"{0: 28.283, 1: 22.0, 2: 51.961, 3: 56.701, 4: 97.98}","{0: 548.168, 1: 548.77, 2: 550.209, 3: 549.5, 4: 547.531}","{0: 706, 1: 691, 2: 697, 3: 692, 4: 697}","{0: 706, 1: 691, 2: 697, 3: 692, 4: 697}","{0: 706, 1: 691, 2: 697, 3: 692, 4: 697}",100.0,100.0
rule_mencius,30c1s5r5p-zoo,YCSB_A,rw_1000000,concurrent_14,100,432,10412.461548,13200.9588139,17369.26354763,10102.744050960648,43.2,"{0: 100.0, 1: 100.0, 2: 100.0, 3: 100.0, 4: 100.0}","{0: 1932.01, 1: 1170.277, 2: 1798.844, 3: 1627.75, 4: 1607.855}","{0: 210, 1: 286, 3: 262, 4: 180}","{0: 210, 1: 286, 3: 262, 4: 180}","{0: 173, 1: 244, 3: 204, 4: 141}",100.0,81.2366737739872
rule_mencius,30c1s5r5p-zoo,YCSB_A,rw_1000000,concurrent_16,100,218,15527.56604,17781.529712,20649.38474837,15158.208063133028,21.8,"{0: 100.0, 1: 100.0, 2: 100.0, 3: 100.0, 4: 100.0}","{0: 1612.209, 1: 1272.812, 2: 2034.74, 3: 2096.75, 4: 1736.025}","{0: 406, 3: 361}","{0: 406, 3: 361}","{0: 218, 3: 193}",100.0,53.58539765319426
rule_mencius,30c1s5r5p-zoo,YCSB_A,rw_1000000,concurrent_18,100,548,24297.4680175,28616.6524661,29349.87685546,22601.12964926825,54.8,"{0: 100.0, 1: 100.0, 2: 100.0, 3: 100.0, 4: 100.0}","{0: 2136.365, 1: 1942.633, 2: 1487.949, 3: 1798.25, 4: 1878.461}","{2: 87, 3: 80, 4: 188}","{2: 87, 3: 80, 4: 187}","{2: 74, 3: 60, 4: 130}",99.71830985915493,74.36619718309859
rule_mencius,30c1s5r5p-zoo,YCSB_A,rw_1000000,concurrent_20,100,60,11666.406493999999,15115.3070068,15405.55080332,11631.44991695,6.0,"{0: 100.0, 1: 100.0, 2: 100.0, 3: 100.0, 4: 100.0}","{0: 2097.102, 1: 1222.273, 2: 2427.387, 3: 2018.0, 4: 1756.051}","{2: 107, 4: 93}","{2: 106, 4: 93}","{2: 63, 4: 60}",99.5,61.5
rule_mencius,30c1s5r5p-zoo,YCSB_A,rw_1000000,concurrent_25,100,69,25833.123047,27751.9022948,27754.06322248,25815.818082666672,6.9,"{0: 100.0, 1: 100.0, 2: 100.0, 3: 100.0, 4: 100.0}","{0: 2075.838, 1: 1485.758, 2: 2451.271, 3: 2421.0, 4: 1755.045}",{4: 82},{4: 82},{4: 61},100.0,74.39024390243902
rule_mencius,30c1s5r5p-zoo,YCSB_A,rw_1000000,concurrent_30,100,126,22436.6405025,22712.0310055,22715.045715,21900.99850801587,12.6,"{0: 100.0, 1: 97.03, 2: 100.0, 3: 100.0, 4: 100.0}","{0: 1752.939, 1: 1284.555, 2: 1945.668, 3: 1989.75, 4: 1511.0}","{1: 118, 4: 79}","{1: 118, 4: 79}","{1: 91, 4: 79}",100.0,86.29441624365482
rule_mencius,30c1s5r5p-zoo,YCSB_A,rw_1000000,concurrent_35,100,273,22505.081055,23087.073339799997,23091.375507920002,21887.553785509157,27.3,"{0: 100.0, 1: 100.0, 2: 100.0, 3: 100.0, 4: 100.0}","{0: 2189.455, 1: 1151.098, 2: 1880.811, 3: 2021.5, 4: 1727.695}","{2: 222, 4: 111}","{2: 222, 4: 111}","{2: 111, 4: 33}",100.0,43.24324324324324
rule_mencius,30c1s5r5p-zoo,YCSB_A,rw_1000000,concurrent_40,100,1,20523.3,20523.3,20523.3,20523.3,0.1,"{0: 100.0, 1: 100.0, 2: 100.0, 3: 100.0, 4: 100.0}","{0: 2194.0, 1: 1588.422, 2: 1804.355, 3: 1897.0, 4: 1709.84}",{},{},{},0,0
rule_mencius,30c1s5r5p-zoo,YCSB_A,rw_1000000,concurrent_45,100,300,18901.8743895,18906.1341307,18906.84988573,18837.700737946667,30.0,"{0: 100.0, 1: 100.0, 2: 100.0, 3: 100.0, 4: 100.0}","{0: 2022.137, 1: 1689.176, 2: 1691.113, 3: 1800.25, 4: 1577.166}",{2: 300},{2: 300},{2: 300},100.0,100.0
rule_mencius,30c1s5r5p-zoo,YCSB_A,rw_1000000,concurrent_50,100,0,0,0,0,0,0.0,"{0: 100.0, 1: 100.0, 2: 100.0, 3: 100.0, 4: 100.0}","{0: 1977.154, 1: 1817.527, 2: 1996.91, 3: 2117.5, 4: 1885.676}","{2: 150, 3: 212}","{2: 150, 3: 212}","{2: 150, 3: 212}",100.0,100.0
rule_mencius,30c1s5r5p-zoo,YCSB_A,rw_1000000,concurrent_55,100,0,0,0,0,0,0.0,"{0: 100.0, 1: 100.0, 2: 100.0, 3: 100.0, 4: 100.0}","{0: 1858.705, 1: 1200.691, 2: 1842.951, 3: 1749.75, 4: 1552.66}",{4: 0},{4: 0},{4: 0},0,0
rule_mencius,30c1s5r5p-zoo,YCSB_A,rw_1000000,concurrent_60,100,0,0,0,0,0,0.0,"{0: 100.0, 1: 99.01, 2: 100.0, 3: 100.0, 4: 100.0}","{0: 1926.016, 1: 1430.68, 2: 1916.15, 3: 1566.0, 4: 1979.619}",{4: 301},{4: 300},{4: 0},99.66777408637874,0.0
rule_mongodb,30c1s5r5p-zoo,YCSB_A,rw_1000000,concurrent_1,0,204,9587.920409999999,9590.118994499999,9591.851152610001,9588.094011593137,20.4,"{0: 37.0, 1: 4.0, 2: 5.102, 3: 2.105, 4: 3.061}","{0: 728.389, 1: 522.316, 2: 522.867, 3: 521.5, 4: 523.102}","{0: 0, 1: 0, 2: 0, 3: 0, 4: 0}","{0: 0, 1: 0, 2: 0, 3: 0, 4: 0}","{0: 0, 1: 0, 2: 0, 3: 0, 4: 0}",0,0
rule_mongodb,30c1s5r5p-zoo,YCSB_A,rw_1000000,concurrent_10,0,2818,10340.670409999999,11071.6947509,11404.12219963,10525.9930871934,281.8,"{0: 64.646, 1: 2.02, 2: 6.122, 3: 5.208, 4: 6.061}","{0: 801.09, 1: 530.75, 2: 530.945, 3: 528.0, 4: 531.426}","{0: 0, 1: 0, 2: 0, 3: 0, 4: 0}","{0: 0, 1: 0, 2: 0, 3: 0, 4: 0}","{0: 0, 1: 0, 2: 0, 3: 0, 4: 0}",0,0
rule_mongodb,30c1s5r5p-zoo,YCSB_A,rw_1000000,concurrent_20,0,2588,10271.734375,15570.569311700001,15837.7654346,11270.804049526661,258.8,"{0: 58.163, 1: 2.02, 2: 4.167, 3: 5.208, 4: 6.122}","{0: 808.598, 1: 533.785, 2: 533.703, 3: 531.0, 4: 533.27}","{0: 0, 1: 0, 2: 0, 3: 0, 4: 0}","{0: 0, 1: 0, 2: 0, 3: 0, 4: 0}","{0: 0, 1: 0, 2: 0, 3: 0, 4: 0}",0,0
rule_mongodb,30c1s5r5p-zoo,YCSB_A,rw_1000000,concurrent_30,0,2272,10014.837402000001,16814.6039548,16990.7213989,11285.121598274647,227.2,"{0: 46.392, 1: 4.0, 2: 4.0, 3: 2.128, 4: 6.0}","{0: 809.111, 1: 535.398, 2: 535.082, 3: 530.5, 4: 534.789}","{0: 0, 1: 0, 2: 0, 3: 0}","{0: 0, 1: 0, 2: 0, 3: 0}","{0: 0, 1: 0, 2: 0, 3: 0}",0,0
rule_mongodb,30c1s5r5p-zoo,YCSB_A,rw_1000000,concurrent_35,0,2853,9981.541992,16863.390478200003,17046.710312159998,11185.025649008412,285.3,"{0: 44.898, 1: 2.97, 2: 5.263, 3: 2.105, 4: 5.051}","{0: 809.041, 1: 535.293, 2: 535.832, 3: 531.0, 4: 535.285}","{0: 0, 1: 0, 2: 0, 3: 0, 4: 0}","{0: 0, 1: 0, 2: 0, 3: 0, 4: 0}","{0: 0, 1: 0, 2: 0, 3: 0, 4: 0}",0,0
rule_mongodb,30c1s5r5p-zoo,YCSB_A,rw_1000000,concurrent_40,0,2699,9911.432129,17020.3566406,17609.521816739998,11282.058570967765,269.9,"{0: 44.898, 1: 2.0, 2: 4.167, 3: 2.105, 4: 7.0}","{0: 809.697, 1: 536.832, 2: 536.863, 3: 532.5, 4: 536.094}","{0: 0, 1: 0, 2: 0, 3: 0, 4: 0}","{0: 0, 1: 0, 2: 0, 3: 0, 4: 0}","{0: 0, 1: 0, 2: 0, 3: 0, 4: 0}",0,0
rule_mongodb,30c1s5r5p-zoo,YCSB_A,rw_1000000,concurrent_50,0,2671,10035.775146,17280.601807,17850.9057618,11432.945064900037,267.1,"{0: 40.816, 1: 2.0, 2: 5.155, 3: 3.125, 4: 5.102}","{0: 809.316, 1: 537.891, 2: 538.535, 3: 534.5, 4: 537.004}","{0: 0, 1: 0, 2: 0, 3: 0, 4: 0}","{0: 0, 1: 0, 2: 0, 3: 0, 4: 0}","{0: 0, 1: 0, 2: 0, 3: 0, 4: 0}",0,0
rule_mongodb,30c1s5r5p-zoo,YCSB_A,rw_1000000,concurrent_60,0,2674,10078.650024499999,17498.753662400002,17968.2979858,12300.767115753926,267.4,"{0: 41.237, 1: 2.97, 2: 5.208, 3: 3.093, 4: 3.061}","{0: 810.232, 1: 539.988, 2: 540.695, 3: 534.5, 4: 538.799}","{0: 0, 1: 0, 2: 0, 3: 0, 4: 0}","{0: 0, 1: 0, 2: 0, 3: 0, 4: 0}","{0: 0, 1: 0, 2: 0, 3: 0, 4: 0}",0,0
rule_mongodb,30c1s5r5p-zoo,YCSB_A,rw_1000000,concurrent_70,0,2528,10068.351074,17448.2032963,18000.82191191,11800.73822847943,252.8,"{0: 40.206, 1: 2.0, 2: 5.102, 3: 3.093, 4: 6.061}","{0: 810.59, 1: 541.551, 2: 541.695, 3: 535.0, 4: 539.672}","{0: 0, 1: 0, 2: 0, 3: 0, 4: 0}","{0: 0, 1: 0, 2: 0, 3: 0, 4: 0}","{0: 0, 1: 0, 2: 0, 3: 0, 4: 0}",0,0
rule_mongodb,30c1s5r5p-zoo,YCSB_A,rw_1000000,concurrent_80,0,2211,10085.562012,17403.89917,17426.748095400002,11634.006573177294,221.1,"{0: 37.755, 1: 2.0, 2: 35.714, 3: 2.105, 4: 6.061}","{0: 811.312, 1: 542.977, 2: 543.498, 3: 537.0, 4: 541.051}","{0: 0, 1: 0, 2: 0, 3: 0, 4: 0}","{0: 0, 1: 0, 2: 0, 3: 0, 4: 0}","{0: 0, 1: 0, 2: 0, 3: 0, 4: 0}",0,0
rule_mongodb,30c1s5r5p-zoo,YCSB_A,rw_1000000,concurrent_90,0,1200,10358.555054,17406.004980600002,17424.77881107,11970.517138175,120.0,"{0: 38.384, 1: 2.0, 2: 5.102, 3: 1.064, 4: 9.184}","{0: 812.443, 1: 542.262, 2: 544.973, 3: 537.5, 4: 541.541}","{0: 0, 1: 0, 2: 0, 3: 0, 4: 0}","{0: 0, 1: 0, 2: 0, 3: 0, 4: 0}","{0: 0, 1: 0, 2: 0, 3: 0, 4: 0}",0,0
rule_mongodb,30c1s5r5p-zoo,YCSB_A,rw_1000000,concurrent_100,0,1863,10086.641846,17458.281884599997,17468.50775868,12045.416637949544,186.3,"{0: 40.816, 1: 2.97, 2: 4.124, 3: 1.064, 4: 100.0}","{0: 813.697, 1: 541.0, 2: 546.449, 3: 536.5, 4: 543.723}","{0: 0, 1: 0, 2: 0, 3: 0, 4: 0}","{0: 0, 1: 0, 2: 0, 3: 0, 4: 0}","{0: 0, 1: 0, 2: 0, 3: 0, 4: 0}",0,0
rule_mongodb,30c1s5r5p-zoo,YCSB_A,rw_1000000,concurrent_110,0,0,0,0,0,0,0.0,"{0: 34.653, 1: 2.0, 2: 4.04, 3: 4.124, 4: 100.0}","{0: 813.891, 1: 543.758, 2: 546.559, 3: 539.5, 4: 544.41}",{4: 0},{4: 0},{4: 0},0,0
rule_mongodb,30c1s5r5p-zoo,YCSB_A,rw_1000000,concurrent_120,0,270,10077.8865965,10087.426537700001,10090.79138695,9971.827563666666,27.0,"{0: 39.0, 1: 2.0, 2: 5.208, 3: 2.083, 4: 8.163}","{0: 815.84, 1: 543.586, 2: 547.242, 3: 540.5, 4: 545.418}",{3: 0},{3: 0},{3: 0},0,0
rule_mongodb,30c1s5r5p-zoo,YCSB_A,rw_1000000,concurrent_1,101,204,41.823608,43.5691161,44.2501956,42.10789704411766,20.4,"{0: 37.755, 1: 1.0, 2: 3.125, 3: 4.124, 4: 2.02}","{0: 728.602, 1: 522.945, 2: 523.109, 3: 522.0, 4: 523.586}","{0: 36, 1: 37, 2: 44, 3: 48, 4: 39}","{0: 36, 1: 37, 2: 44, 3: 48, 4: 39}","{0: 36, 1: 37, 2: 44, 3: 48, 4: 39}",100.0,100.0
rule_mongodb,30c1s5r5p-zoo,YCSB_A,rw_1000000,concurrent_10,101,2841,42.052002,43.468994,44.303711,56.96048651707145,284.1,"{0: 72.449, 1: 2.02, 2: 8.163, 3: 9.184, 4: 7.071}","{0: 797.41, 1: 528.68, 2: 530.033, 3: 526.5, 4: 529.451}","{0: 570, 1: 564, 2: 564, 3: 575, 4: 568}","{0: 569, 1: 563, 2: 564, 3: 574, 4: 567}","{0: 569, 1: 563, 2: 564, 3: 574, 4: 567}",99.85920450545582,99.85920450545582
rule_mongodb,30c1s5r5p-zoo,YCSB_A,rw_1000000,concurrent_20,101,5715,42.147949,43.397949,44.07418484,97.13872478775153,571.5,"{0: 74.0, 1: 3.03, 2: 11.111, 3: 14.141, 4: 5.051}","{0: 859.574, 1: 536.867, 2: 537.811, 3: 534.0, 4: 536.863}","{0: 1166, 1: 1170, 2: 1158, 3: 1156, 4: 1170}","{0: 1161, 1: 1165, 2: 1156, 3: 1153, 4: 1168}","{0: 1161, 1: 1165, 2: 1156, 3: 1153, 4: 1168}",99.70790378006873,99.70790378006873
rule_mongodb,30c1s5r5p-zoo,YCSB_A,rw_1000000,concurrent_30,101,8820,42.198975,43.4118894,45.534318609999985,110.10797043401361,882.0,"{0: 79.592, 1: 4.0, 2: 14.433, 3: 15.0, 4: 7.216}","{0: 929.262, 1: 545.656, 2: 545.373, 3: 538.5, 4: 544.879}","{0: 1786, 1: 1754, 2: 1771, 3: 1768, 4: 1771}","{0: 1778, 1: 1742, 2: 1765, 3: 1759, 4: 1759}","{0: 1778, 1: 1742, 2: 1765, 3: 1759, 4: 1759}",99.46892655367232,99.46892655367232
rule_mongodb,30c1s5r5p-zoo,YCSB_A,rw_1000000,concurrent_35,101,10307,42.208008,43.375,45.48422364000002,71.7545735403124,1030.7,"{0: 83.0, 1: 4.95, 2: 13.402, 3: 16.0, 4: 6.061}","{0: 962.039, 1: 548.559, 2: 549.086, 3: 543.5, 4: 548.639}","{0: 2061, 1: 2078, 2: 2070, 3: 2073, 4: 2085}","{0: 2045, 1: 2067, 2: 2055, 3: 2059, 4: 2073}","{0: 2045, 1: 2067, 2: 2055, 3: 2059, 4: 2073}",99.34407253786051,99.34407253786051
rule_mongodb,30c1s5r5p-zoo,YCSB_A,rw_1000000,concurrent_40,101,11737,42.26416,43.4949706,46.995693319999994,52.4819702368578,1173.7,"{0: 87.755, 1: 4.082, 2: 15.306, 3: 16.495, 4: 10.101}","{0: 998.896, 1: 552.707, 2: 551.869, 3: 547.75, 4: 553.096}","{0: 2357, 1: 2385, 2: 2371, 3: 2360, 4: 2357}","{0: 2334, 1: 2363, 2: 2350, 3: 2348, 4: 2339}","{0: 2334, 1: 2363, 2: 2350, 3: 2348, 4: 2339}",99.18850380388842,99.18850380388842
rule_mongodb,30c1s5r5p-zoo,YCSB_A,rw_1000000,concurrent_50,101,14633,42.25708,43.531006,52.340810280000014,42.63605485464362,1463.3,"{0: 92.929, 1: 11.111, 2: 16.162, 3: 16.327, 4: 7.143}","{0: 1065.924, 1: 561.609, 2: 561.311, 3: 555.0, 4: 560.576}","{0: 2962, 1: 2951, 2: 2956, 3: 2957, 4: 2983}","{0: 2927, 1: 2909, 2: 2922, 3: 2925, 4: 2950}","{0: 2927, 1: 2909, 2: 2922, 3: 2925, 4: 2950}",98.81153352690932,98.81153352690932
rule_mongodb,30c1s5r5p-zoo,YCSB_A,rw_1000000,concurrent_60,101,14071,42.380127,43.794189,51.5464601,42.8171679555824,1407.1,"{0: 95.96, 1: 5.102, 2: 17.0, 3: 17.347, 4: 11.111}","{0: 1132.346, 1: 568.879, 2: 568.812, 3: 561.25, 4: 567.785}","{0: 3560, 1: 3536, 2: 3584, 3: 3561, 4: 3562}","{0: 3516, 1: 3489, 2: 3543, 3: 3522, 4: 3523}","{0: 3516, 1: 3489, 2: 3543, 3: 3522, 4: 3523}",98.82042352412515,98.82042352412515
rule_mongodb,30c1s5r5p-zoo,YCSB_A,rw_1000000,concurrent_70,101,20457,42.398926,43.729004,51.37875031999996,42.81937533558196,2045.7,"{0: 97.0, 1: 6.061, 2: 19.388, 3: 20.619, 4: 9.0}","{0: 1199.988, 1: 576.949, 2: 577.418, 3: 569.0, 4: 575.562}","{0: 4142, 1: 4149, 2: 4146, 3: 4175, 4: 4175}","{0: 4082, 1: 4081, 2: 4084, 3: 4102, 4: 4108}","{0: 4082, 1: 4081, 2: 4084, 3: 4102, 4: 4108}",98.41246933179391,98.41246933179391
rule_mongodb,30c1s5r5p-zoo,YCSB_A,rw_1000000,concurrent_80,101,23292,42.501953,43.86792,57.3345995,43.10172416666666,2329.2,"{0: 98.0, 1: 7.071, 2: 21.429, 3: 20.619, 4: 11.34}","{0: 1262.898, 1: 585.426, 2: 585.934, 3: 575.0, 4: 583.787}","{0: 4738, 1: 4737, 2: 4737, 3: 4758, 4: 4760}","{0: 4656, 1: 4641, 2: 4656, 3: 4671, 4: 4668}","{0: 4656, 1: 4641, 2: 4656, 3: 4671, 4: 4668}",98.15423514538558,98.15423514538558
rule_mongodb,30c1s5r5p-zoo,YCSB_A,rw_1000000,concurrent_90,101,25181,42.379883,43.675049,57.00810520000002,43.03696334577658,2518.1,"{0: 98.0, 1: 8.081, 2: 21.875, 3: 21.429, 4: 10.101}","{0: 1321.344, 1: 592.766, 2: 593.188, 3: 582.5, 4: 591.686}","{0: 5167, 1: 5110, 2: 5182, 3: 5082, 4: 5123}","{0: 5062, 1: 5011, 2: 5080, 3: 4992, 4: 5036}","{0: 5062, 1: 5011, 2: 5080, 3: 4992, 4: 5036}",98.11798628428927,98.11798628428927
rule_mongodb,30c1s5r5p-zoo,YCSB_A,rw_1000000,concurrent_100,101,24690,42.544922,43.818872400000004,57.85022952000002,43.1390384946132,2469.0,"{0: 98.99, 1: 7.071, 2: 21.429, 3: 21.649, 4: 11.579}","{0: 1352.256, 1: 597.566, 2: 597.895, 3: 588.0, 4: 595.902}","{0: 5054, 1: 5049, 2: 4973, 3: 5086, 4: 5017}","{0: 4963, 1: 4950, 2: 4875, 3: 4989, 4: 4913}","{0: 4963, 1: 4950, 2: 4875, 3: 4989, 4: 4913}",98.05790539735494,98.05790539735494
rule_mongodb,30c1s5r5p-zoo,YCSB_A,rw_1000000,concurrent_110,101,24856,42.606201,43.930664,60.057299850000014,43.38273776299485,2485.6,"{0: 98.99, 1: 8.081, 2: 18.75, 3: 21.649, 4: 12.0}","{0: 1356.365, 1: 598.816, 2: 599.113, 3: 588.75, 4: 596.922}","{0: 5123, 1: 5038, 2: 4945, 3: 5264, 4: 5007}","{0: 5026, 1: 4935, 2: 4832, 3: 5159, 4: 4904}","{0: 5026, 1: 4935, 2: 4832, 3: 5159, 4: 4904}",97.94695984552942,97.94695984552942
rule_mongodb,30c1s5r5p-zoo,YCSB_A,rw_1000000,concurrent_120,101,24994,42.541016,43.7106449,50.35897902999998,42.837158135872606,2499.4,"{0: 98.02, 1: 9.901, 2: 20.408, 3: 20.0, 4: 14.0}","{0: 1343.59, 1: 599.105, 2: 599.102, 3: 593.5, 4: 599.049}","{0: 5080, 1: 5114, 2: 5129, 3: 5193, 4: 4973}","{0: 4985, 1: 5014, 2: 5038, 3: 5088, 4: 4869}","{0: 4985, 1: 5014, 2: 5038, 3: 5088, 4: 4869}",98.05798579779513,98.05798579779513
rule_mongodb,30c1s5r5p-zoo,YCSB_A,rw_1000000,concurrent_1,100,199,41.88501,43.7547366,44.474619180000005,42.18263949748744,19.9,"{0: 34.343, 1: 1.0, 2: 3.158, 3: 3.158, 4: 100.0}","{0: 728.348, 1: 523.258, 2: 523.389, 3: 522.5, 4: 523.699}","{0: 41, 1: 35, 2: 38, 3: 44, 4: 41}","{0: 41, 1: 35, 2: 38, 3: 44, 4: 41}","{0: 41, 1: 35, 2: 38, 3: 44, 4: 41}",100.0,100.0
rule_mongodb,30c1s5r5p-zoo,YCSB_A,rw_1000000,concurrent_10,100,2855,42.091064,43.5260738,44.289511420000004,42.28652577408056,285.5,"{0: 72.0, 1: 2.97, 2: 9.184, 3: 7.292, 4: 100.0}","{0: 796.975, 1: 528.379, 2: 529.594, 3: 526.5, 4: 529.635}","{0: 581, 1: 561, 2: 571, 3: 579, 4: 563}","{0: 581, 1: 561, 2: 571, 3: 579, 4: 563}","{0: 581, 1: 561, 2: 571, 3: 579, 4: 563}",100.0,100.0
rule_mongodb,30c1s5r5p-zoo,YCSB_A,rw_1000000,concurrent_20,100,4628,41.806885,42.670214800000004,43.64467758999999,106.05631313050996,462.8,"{0: 74.747, 1: 6.061, 2: 11.224, 3: 11.224, 4: 6.061}","{0: 855.869, 1: 537.059, 2: 536.877, 3: 533.25, 4: 536.422}","{0: 1144, 1: 1150, 2: 1156, 3: 1159, 4: 1164}","{0: 1142, 1: 1144, 2: 1153, 3: 1158, 4: 1162}","{0: 1142, 1: 1144, 2: 1153, 3: 1158, 4: 1162}",99.75749177204227,99.75749177204227
rule_mongodb,30c1s5r5p-zoo,YCSB_A,rw_1000000,concurrent_30,100,5262,41.89502,42.6216551,45.0337672,117.74243354998099,526.2,"{0: 81.0, 1: 6.25, 2: 12.0, 3: 13.402, 4: 7.071}","{0: 930.117, 1: 545.492, 2: 543.961, 3: 541.5, 4: 543.771}","{1: 1775, 3: 1763, 4: 1743}","{1: 1767, 3: 1752, 4: 1732}","{1: 1767, 3: 1752, 4: 1732}",99.43192577163416,99.43192577163416
rule_mongodb,30c1s5r5p-zoo,YCSB_A,rw_1000000,concurrent_35,100,10248,42.204834,43.4954101,45.376953,90.34397654430131,1024.8,"{0: 86.869, 1: 3.03, 2: 12.5, 3: 14.433, 4: 8.163}","{0: 960.029, 1: 548.121, 2: 549.111, 3: 545.0, 4: 548.514}","{0: 2056, 1: 2073, 2: 2043, 3: 2052, 4: 2070}","{0: 2044, 1: 2062, 2: 2029, 3: 2039, 4: 2061}","{0: 2044, 1: 2062, 2: 2029, 3: 2039, 4: 2061}",99.4268505925782,99.4268505925782
rule_mongodb,30c1s5r5p-zoo,YCSB_A,rw_1000000,concurrent_40,100,11837,42.169189,43.406982,48.885459119999986,52.35907693148601,1183.7,"{0: 86.869, 1: 5.0, 2: 17.0, 3: 14.737, 4: 6.186}","{0: 1004.684, 1: 553.344, 2: 552.883, 3: 547.0, 4: 551.865}","{0: 2353, 1: 2409, 2: 2382, 3: 2370, 4: 2398}","{0: 2335, 1: 2398, 2: 2360, 3: 2356, 4: 2385}","{0: 2335, 1: 2398, 2: 2360, 3: 2356, 4: 2385}",99.34519811954331,99.34519811954331
rule_mongodb,30c1s5r5p-zoo,YCSB_A,rw_1000000,concurrent_50,100,14727,42.35791,43.7213378,55.805971519999986,42.834455224825156,1472.7,"{0: 94.0, 1: 4.082, 2: 17.0, 3: 16.327, 4: 9.184}","{0: 1066.584, 1: 561.539, 2: 561.115, 3: 556.0, 4: 558.471}","{0: 2973, 1: 2950, 2: 2988, 3: 2978, 4: 2990}","{0: 2936, 1: 2920, 2: 2962, 3: 2941, 4: 2968}","{0: 2936, 1: 2920, 2: 2962, 3: 2941, 4: 2968}",98.97842596948719,98.97842596948719
rule_mongodb,30c1s5r5p-zoo,YCSB_A,rw_1000000,concurrent_60,100,17600,42.276489,43.6150877,54.32038550999964,42.74088821289772,1760.0,"{0: 95.0, 1: 12.121, 2: 18.0, 3: 18.367, 4: 9.0}","{0: 1133.676, 1: 568.953, 2: 568.857, 3: 561.5, 4: 568.094}","{0: 3586, 1: 3577, 2: 3536, 3: 3557, 4: 3583}","{0: 3544, 1: 3529, 2: 3480, 3: 3523, 4: 3524}","{0: 3544, 1: 3529, 2: 3480, 3: 3523, 4: 3524}",98.66023880262347,98.66023880262347
rule_mongodb,30c1s5r5p-zoo,YCSB_A,rw_1000000,concurrent_70,100,20460,42.250977,43.5158934,55.75172645999999,42.81483526285435,2046.0,"{0: 95.96, 1: 6.061, 2: 20.408, 3: 19.192, 4: 11.111}","{0: 1193.113, 1: 577.047, 2: 577.018, 3: 569.75, 4: 582.047}","{0: 4149, 1: 4161, 2: 4177, 3: 4121, 4: 4138}","{0: 4089, 1: 4101, 2: 4126, 3: 4067, 4: 4077}","{0: 4089, 1: 4101, 2: 4126, 3: 4067, 4: 4077}",98.62142099681867,98.62142099681867
rule_mongodb,30c1s5r5p-zoo,YCSB_A,rw_1000000,concurrent_80,100,23432,42.451172,43.791894400000004,53.85759981999993,43.04017507280642,2343.2,"{0: 98.02, 1: 8.0, 2: 21.569, 3: 18.557, 4: 11.0}","{0: 1261.559, 1: 585.52, 2: 585.535, 3: 576.75, 4: 583.758}","{0: 4729, 1: 4734, 2: 4758, 3: 4765, 4: 4848}","{0: 4648, 1: 4648, 2: 4673, 3: 4683, 4: 4780}","{0: 4648, 1: 4648, 2: 4673, 3: 4683, 4: 4780}",98.31333389275825,98.31333389275825
rule_mongodb,30c1s5r5p-zoo,YCSB_A,rw_1000000,concurrent_90,100,25120,42.424805,43.707128700000005,53.69480219000003,42.960420336345535,2512.0,"{0: 98.02, 1: 8.824, 2: 22.68, 3: 22.222, 4: 11.224}","{0: 1321.865, 1: 592.838, 2: 593.889, 3: 584.0, 4: 591.348}","{0: 5120, 1: 5082, 2: 5141, 3: 5202, 4: 5053}","{0: 5026, 1: 4988, 2: 5051, 3: 5102, 4: 4953}","{0: 5026, 1: 4988, 2: 5051, 3: 5102, 4: 4953}",98.13266661457926,98.13266661457926
rule_mongodb,30c1s5r5p-zoo,YCSB_A,rw_1000000,concurrent_100,100,24933,42.493896,43.8465334,57.57277344000001,43.06229716147274,2493.3,"{0: 98.039, 1: 7.143, 2: 18.367, 3: 21.053, 4: 10.204}","{0: 1356.412, 1: 597.781, 2: 598.363, 3: 588.5, 4: 595.893}","{0: 4997, 1: 5027, 2: 5076, 3: 5419, 4: 4906}","{0: 4892, 1: 4915, 2: 4969, 3: 5346, 4: 4811}","{0: 4892, 1: 4915, 2: 4969, 3: 5346, 4: 4811}",98.06489675516224,98.06489675516224
rule_mongodb,30c1s5r5p-zoo,YCSB_A,rw_1000000,concurrent_110,100,25158,42.35791,43.567139,51.57325437000001,42.85151761801416,2515.8,"{0: 98.0, 1: 7.143, 2: 19.388, 3: 20.408, 4: 12.121}","{0: 1358.68, 1: 599.004, 2: 599.873, 3: 588.75, 4: 596.959}","{0: 5045, 1: 5101, 2: 5091, 3: 5243, 4: 5162}","{0: 4951, 1: 5000, 2: 4984, 3: 5159, 4: 5064}","{0: 4951, 1: 5000, 2: 4984, 3: 5159, 4: 5064}",98.1124717260744,98.1124717260744
rule_mongodb,30c1s5r5p-zoo,YCSB_A,rw_1000000,concurrent_120,100,24807,42.48291,43.7549806,54.71432087999997,42.99990935739912,2480.7,"{0: 98.0, 1: 8.0, 2: 17.708, 3: 22.0, 4: 11.111}","{0: 1355.418, 1: 599.867, 2: 599.957, 3: 591.0, 4: 597.73}","{0: 5132, 1: 5081, 2: 4969, 3: 5110, 4: 5024}","{0: 5030, 1: 4985, 2: 4873, 3: 5014, 4: 4905}","{0: 5030, 1: 4985, 2: 4873, 3: 5014, 4: 4905}",97.98941380944856,97.98941380944856
rule_etcd,30c1s5r5p-zoo,YCSB_A,rw_1000000,concurrent_1,0,200,82.583496,83.64030779999999,84.50760949,82.56997106,20.0,"{0: 1.02, 1: 2.0, 2: 4.124, 3: 2.105, 4: 4.082}","{0: 528.113, 1: 523.613, 2: 523.887, 3: 523.0, 4: 524.332}","{0: 0, 1: 0, 2: 0, 3: 0, 4: 0}","{0: 0, 1: 0, 2: 0, 3: 0, 4: 0}","{0: 0, 1: 0, 2: 0, 3: 0, 4: 0}",0,0
rule_etcd,30c1s5r5p-zoo,YCSB_A,rw_1000000,concurrent_10,0,2848,82.231079,83.3852048,84.36315418000001,82.31827921910111,284.8,"{0: 7.0, 1: 2.02, 2: 6.186, 3: 7.143, 4: 6.0}","{0: 544.229, 1: 526.422, 2: 526.438, 3: 524.0, 4: 526.492}","{0: 0, 1: 0, 2: 0, 3: 0, 4: 0}","{0: 0, 1: 0, 2: 0, 3: 0, 4: 0}","{0: 0, 1: 0, 2: 0, 3: 0, 4: 0}",0,0
rule_etcd,30c1s5r5p-zoo,YCSB_A,rw_1000000,concurrent_20,0,5794,82.322998,83.29267589999999,84.21123324,82.36327934397653,579.4,"{0: 17.172, 1: 3.061, 2: 6.061, 3: 8.163, 4: 100.0}","{0: 561.486, 1: 528.781, 2: 529.422, 3: 526.0, 4: 528.951}","{0: 0, 1: 0, 2: 0, 3: 0, 4: 0}","{0: 0, 1: 0, 2: 0, 3: 0, 4: 0}","{0: 0, 1: 0, 2: 0, 3: 0, 4: 0}",0,0
rule_etcd,30c1s5r5p-zoo,YCSB_A,rw_1000000,concurrent_30,0,8862,82.25,83.2179935,84.0944921,82.29175606420672,886.2,"{0: 22.449, 1: 3.0, 2: 10.204, 3: 10.309, 4: 100.0}","{0: 579.674, 1: 531.141, 2: 531.719, 3: 529.0, 4: 531.6}","{0: 0, 1: 0, 2: 0, 3: 0, 4: 0}","{0: 0, 1: 0, 2: 0, 3: 0, 4: 0}","{0: 0, 1: 0, 2: 0, 3: 0, 4: 0}",0,0
rule_etcd,30c1s5r5p-zoo,YCSB_A,rw_1000000,concurrent_40,0,11831,82.264893,83.234131,84.13364240000001,82.31123554095174,1183.1,"{0: 26.531, 1: 3.0, 2: 12.871, 3: 10.309, 4: 10.309}","{0: 596.412, 1: 535.117, 2: 535.002, 3: 532.25, 4: 534.369}","{0: 0, 1: 0, 2: 0, 3: 0, 4: 0}","{0: 0, 1: 0, 2: 0, 3: 0, 4: 0}","{0: 0, 1: 0, 2: 0, 3: 0, 4: 0}",0,0
rule_etcd,30c1s5r5p-zoo,YCSB_A,rw_1000000,concurrent_50,0,14820,82.1521,83.103027,83.92979272999999,82.18707986066129,1482.0,"{0: 27.451, 1: 4.0, 2: 12.245, 3: 11.224, 4: 5.051}","{0: 615.18, 1: 537.328, 2: 538.182, 3: 533.0, 4: 536.896}","{0: 0, 1: 0, 2: 0, 3: 0, 4: 0}","{0: 0, 1: 0, 2: 0, 3: 0, 4: 0}","{0: 0, 1: 0, 2: 0, 3: 0, 4: 0}",0,0
rule_etcd,30c1s5r5p-zoo,YCSB_A,rw_1000000,concurrent_60,0,17773,82.233154,83.1911132,84.15176772,82.30090927620549,1777.3,"{0: 35.714, 1: 4.0, 2: 13.265, 3: 14.0, 4: 100.0}","{0: 634.752, 1: 540.242, 2: 540.133, 3: 537.25, 4: 539.27}","{0: 0, 1: 0, 2: 0, 3: 0, 4: 0}","{0: 0, 1: 0, 2: 0, 3: 0, 4: 0}","{0: 0, 1: 0, 2: 0, 3: 0, 4: 0}",0,0
rule_etcd,30c1s5r5p-zoo,YCSB_A,rw_1000000,concurrent_70,0,20724,82.106201,83.047119,83.976074,82.1598018754584,2072.4,"{0: 34.343, 1: 4.04, 2: 14.286, 3: 16.495, 4: 6.122}","{0: 648.389, 1: 543.438, 2: 544.01, 3: 538.75, 4: 542.369}","{0: 0, 1: 0, 2: 0, 3: 0, 4: 0}","{0: 0, 1: 0, 2: 0, 3: 0, 4: 0}","{0: 0, 1: 0, 2: 0, 3: 0, 4: 0}",0,0
rule_etcd,30c1s5r5p-zoo,YCSB_A,rw_1000000,concurrent_80,0,23802,82.123047,83.063965,84.06782461,82.17950248504327,2380.2,"{0: 43.299, 1: 9.091, 2: 13.402, 3: 12.245, 4: 7.143}","{0: 667.459, 1: 545.574, 2: 546.432, 3: 540.75, 4: 544.551}","{0: 0, 1: 0, 2: 0, 3: 0, 4: 0}","{0: 0, 1: 0, 2: 0, 3: 0, 4: 0}","{0: 0, 1: 0, 2: 0, 3: 0, 4: 0}",0,0
rule_etcd,30c1s5r5p-zoo,YCSB_A,rw_1000000,concurrent_90,0,26708,82.12915,83.0889402,84.030029,82.18580900962257,2670.8,"{0: 47.0, 1: 5.0, 2: 15.306, 3: 13.402, 4: 7.071}","{0: 686.416, 1: 548.803, 2: 549.131, 3: 543.0, 4: 547.707}","{0: 0, 1: 0, 2: 0, 3: 0, 4: 0}","{0: 0, 1: 0, 2: 0, 3: 0, 4: 0}","{0: 0, 1: 0, 2: 0, 3: 0, 4: 0}",0,0
rule_etcd,30c1s5r5p-zoo,YCSB_A,rw_1000000,concurrent_100,0,29729,82.048096,82.97329140000001,83.941895,82.10486586131387,2972.9,"{0: 50.515, 1: 5.941, 2: 15.306, 3: 14.583, 4: 9.091}","{0: 702.154, 1: 552.164, 2: 552.104, 3: 546.5, 4: 549.896}","{0: 0, 1: 0, 2: 0, 3: 0, 4: 0}","{0: 0, 1: 0, 2: 0, 3: 0, 4: 0}","{0: 0, 1: 0, 2: 0, 3: 0, 4: 0}",0,0
rule_etcd,30c1s5r5p-zoo,YCSB_A,rw_1000000,concurrent_110,0,32826,81.978027,82.8479,83.831787,82.02939508417109,3282.6,"{0: 52.525, 1: 6.061, 2: 17.172, 3: 13.542, 4: 10.309}","{0: 720.834, 1: 554.207, 2: 554.889, 3: 547.75, 4: 552.039}","{0: 0, 1: 0, 2: 0, 3: 0, 4: 0}","{0: 0, 1: 0, 2: 0, 3: 0, 4: 0}","{0: 0, 1: 0, 2: 0, 3: 0, 4: 0}",0,0
rule_etcd,30c1s5r5p-zoo,YCSB_A,rw_1000000,concurrent_120,0,35755,81.965088,82.849854,84.64357427999998,82.06416196660606,3575.5,"{0: 57.0, 1: 7.0, 2: 18.627, 3: 20.619, 4: 9.278}","{0: 737.371, 1: 556.617, 2: 557.967, 3: 550.25, 4: 554.82}","{0: 0, 1: 0, 2: 0, 3: 0, 4: 0}","{0: 0, 1: 0, 2: 0, 3: 0, 4: 0}","{0: 0, 1: 0, 2: 0, 3: 0, 4: 0}",0,0
rule_etcd,30c1s5r5p-zoo,YCSB_A,rw_1000000,concurrent_1,101,206,40.9069825,41.615478499999995,42.565894,41.02118906796116,20.6,"{0: 2.0, 1: 2.0, 2: 4.124, 3: 3.125, 4: 5.051}","{0: 528.566, 1: 524.406, 2: 524.758, 3: 523.5, 4: 525.264}","{0: 42, 1: 40, 2: 42, 3: 41, 4: 41}","{0: 42, 1: 40, 2: 42, 3: 41, 4: 41}","{0: 42, 1: 40, 2: 42, 3: 41, 4: 41}",100.0,100.0
rule_etcd,30c1s5r5p-zoo,YCSB_A,rw_1000000,concurrent_10,101,2846,41.116455,41.8239745,42.500171200000004,41.18819237104708,284.6,"{0: 8.081, 1: 3.0, 2: 10.101, 3: 9.278, 4: 4.04}","{0: 544.977, 1: 527.965, 2: 528.656, 3: 525.25, 4: 528.895}","{0: 571, 1: 582, 2: 582, 3: 556, 4: 555}","{0: 571, 1: 582, 2: 582, 3: 556, 4: 555}","{0: 571, 1: 582, 2: 582, 3: 556, 4: 555}",100.0,100.0
rule_etcd,30c1s5r5p-zoo,YCSB_A,rw_1000000,concurrent_20,101,5849,41.351807,42.005908,42.4926072,41.377117603350996,584.9,"{0: 15.842, 1: 4.0, 2: 13.265, 3: 13.402, 4: 7.0}","{0: 562.729, 1: 532.996, 2: 533.506, 3: 530.5, 4: 532.879}","{0: 1181, 1: 1143, 2: 1170, 3: 1181, 4: 1174}","{0: 1181, 1: 1143, 2: 1170, 3: 1181, 4: 1174}","{0: 1181, 1: 1143, 2: 1170, 3: 1181, 4: 1174}",100.0,100.0
rule_etcd,30c1s5r5p-zoo,YCSB_A,rw_1000000,concurrent_30,101,8836,41.434936500000006,42.059936500000006,42.523742649999996,41.442579334993205,883.6,"{0: 20.408, 1: 5.051, 2: 15.0, 3: 18.367, 4: 9.091}","{0: 580.117, 1: 536.605, 2: 536.988, 3: 533.25, 4: 536.836}","{0: 1774, 1: 1750, 2: 1768, 3: 1763, 4: 1781}","{0: 1774, 1: 1750, 2: 1768, 3: 1763, 4: 1781}","{0: 1774, 1: 1750, 2: 1768, 3: 1763, 4: 1781}",100.0,100.0
rule_etcd,30c1s5r5p-zoo,YCSB_A,rw_1000000,concurrent_40,101,11848,41.446045,42.0803711,42.50466781,41.4658879441256,1184.8,"{0: 31.633, 1: 6.061, 2: 18.0, 3: 19.802, 4: 9.184}","{0: 598.35, 1: 540.268, 2: 540.988, 3: 537.75, 4: 540.352}","{0: 2371, 1: 2371, 2: 2351, 3: 2371, 4: 2384}","{0: 2371, 1: 2371, 2: 2351, 3: 2371, 4: 2384}","{0: 2371, 1: 2371, 2: 2351, 3: 2371, 4: 2384}",100.0,100.0
rule_etcd,30c1s5r5p-zoo,YCSB_A,rw_1000000,concurrent_50,101,14776,41.468994,42.093994,42.48706025,41.474624630008115,1477.6,"{0: 32.0, 1: 8.911, 2: 19.388, 3: 22.0, 4: 12.632}","{0: 616.24, 1: 545.125, 2: 545.34, 3: 539.75, 4: 544.342}","{0: 2960, 1: 2963, 2: 2980, 3: 2919, 4: 2954}","{0: 2960, 1: 2963, 2: 2980, 3: 2919, 4: 2954}","{0: 2960, 1: 2963, 2: 2980, 3: 2919, 4: 2954}",100.0,100.0
rule_etcd,30c1s5r5p-zoo,YCSB_A,rw_1000000,concurrent_60,101,17859,41.469971,42.095215,42.47583,41.47294476040092,1785.9,"{0: 37.0, 1: 9.091, 2: 23.711, 3: 25.0, 4: 100.0}","{0: 634.928, 1: 548.77, 2: 549.068, 3: 543.75, 4: 547.965}","{0: 3590, 1: 3564, 2: 3568, 3: 3573, 4: 3564}","{0: 3590, 1: 3564, 2: 3568, 3: 3573, 4: 3564}","{0: 3590, 1: 3564, 2: 3568, 3: 3573, 4: 3564}",100.0,100.0
rule_etcd,30c1s5r5p-zoo,YCSB_A,rw_1000000,concurrent_70,101,20795,41.459961,42.10498,42.51818324,41.48088404125992,2079.5,"{0: 41.837, 1: 11.0, 2: 23.469, 3: 29.293, 4: 99.01}","{0: 651.756, 1: 552.297, 2: 553.422, 3: 547.75, 4: 552.066}","{0: 4139, 1: 4190, 2: 4120, 3: 4186, 4: 4160}","{0: 4139, 1: 4190, 2: 4120, 3: 4186, 4: 4160}","{0: 4139, 1: 4190, 2: 4120, 3: 4186, 4: 4160}",100.0,100.0
rule_etcd,30c1s5r5p-zoo,YCSB_A,rw_1000000,concurrent_80,101,23873,41.462891,42.098877,42.50690432,41.47273626963515,2387.3,"{0: 47.917, 1: 12.0, 2: 24.742, 3: 27.551, 4: 18.182}","{0: 668.537, 1: 557.168, 2: 557.188, 3: 551.25, 4: 555.416}","{0: 4791, 1: 4782, 2: 4769, 3: 4751, 4: 4780}","{0: 4791, 1: 4781, 2: 4769, 3: 4751, 4: 4780}","{0: 4791, 1: 4781, 2: 4769, 3: 4751, 4: 4780}",99.99581116742763,99.99581116742763
rule_etcd,30c1s5r5p-zoo,YCSB_A,rw_1000000,concurrent_90,101,26631,41.476074,42.12085,42.556665100000004,41.49230373808719,2663.1,"{0: 54.455, 1: 12.121, 2: 28.866, 3: 29.897, 4: 99.01}","{0: 686.16, 1: 560.703, 2: 561.969, 3: 554.0, 4: 559.25}","{0: 5322, 1: 5307, 2: 5313, 3: 5368, 4: 5321}","{0: 5322, 1: 5307, 2: 5313, 3: 5367, 4: 5321}","{0: 5322, 1: 5307, 2: 5313, 3: 5367, 4: 5321}",99.99624497765761,99.99624497765761
rule_etcd,30c1s5r5p-zoo,YCSB_A,rw_1000000,concurrent_100,101,29746,41.463135,42.11853,42.520996,41.47895122648423,2974.6,"{0: 57.576, 1: 13.402, 2: 31.633, 3: 30.928, 4: 52.041}","{0: 702.727, 1: 565.352, 2: 566.031, 3: 559.25, 4: 562.129}","{0: 5966, 1: 5942, 2: 5974, 3: 5923, 4: 5941}","{0: 5966, 1: 5942, 2: 5973, 3: 5922, 4: 5941}","{0: 5966, 1: 5942, 2: 5973, 3: 5922, 4: 5941}",99.99327640691186,99.99327640691186
rule_etcd,30c1s5r5p-zoo,YCSB_A,rw_1000000,concurrent_110,101,32746,41.479004,42.141113,42.56810335,41.49318502797288,3274.6,"{0: 63.265, 1: 17.0, 2: 32.323, 3: 41.237, 4: 20.833}","{0: 720.877, 1: 569.188, 2: 569.385, 3: 561.25, 4: 566.889}","{0: 6551, 1: 6594, 2: 6538, 3: 6536, 4: 6527}","{0: 6551, 1: 6594, 2: 6538, 3: 6536, 4: 6526}","{0: 6551, 1: 6594, 2: 6538, 3: 6536, 4: 6526}",99.9969461919013,99.9969461919013
rule_etcd,30c1s5r5p-zoo,YCSB_A,rw_1000000,concurrent_120,101,35715,41.490967,42.162109,42.652832,41.51643633932521,3571.5,"{0: 67.0, 1: 16.162, 2: 36.364, 3: 38.776, 4: 23.958}","{0: 740.566, 1: 572.777, 2: 573.053, 3: 566.0, 4: 571.508}","{0: 7140, 1: 7172, 2: 7125, 3: 7113, 4: 7165}","{0: 7140, 1: 7171, 2: 7125, 3: 7113, 4: 7165}","{0: 7140, 1: 7171, 2: 7125, 3: 7113, 4: 7165}",99.99720005599887,99.99720005599887
rule_etcd,30c1s5r5p-zoo,YCSB_A,rw_1000000,concurrent_1,100,197,40.843994,41.6342286,42.71167976,41.05865819796954,19.7,"{0: 1.98, 1: 2.0, 2: 5.263, 3: 3.158, 4: 7.071}","{0: 528.346, 1: 524.391, 2: 524.812, 3: 523.0, 4: 525.146}","{0: 42, 1: 39, 2: 37, 3: 38, 4: 41}","{0: 42, 1: 39, 2: 37, 3: 38, 4: 41}","{0: 42, 1: 39, 2: 37, 3: 38, 4: 41}",100.0,100.0
rule_etcd,30c1s5r5p-zoo,YCSB_A,rw_1000000,concurrent_10,100,2862,41.1224365,41.886889700000005,42.57668967,41.20928846366177,286.2,"{0: 9.0, 1: 2.041, 2: 10.204, 3: 10.101, 4: 7.071}","{0: 545.096, 1: 527.711, 2: 529.359, 3: 525.0, 4: 528.852}","{0: 560, 1: 587, 2: 567, 3: 572, 4: 576}","{0: 560, 1: 587, 2: 567, 3: 572, 4: 576}","{0: 560, 1: 587, 2: 567, 3: 572, 4: 576}",100.0,100.0
rule_etcd,30c1s5r5p-zoo,YCSB_A,rw_1000000,concurrent_20,100,5832,41.365478499999995,42.029711799999994,42.516787130000004,41.38409885236626,583.2,"{0: 15.152, 1: 3.061, 2: 15.0, 3: 15.152, 4: 6.122}","{0: 562.322, 1: 532.945, 2: 533.281, 3: 530.5, 4: 532.766}","{0: 1171, 1: 1161, 2: 1155, 3: 1178, 4: 1167}","{0: 1171, 1: 1161, 2: 1155, 3: 1178, 4: 1167}","{0: 1171, 1: 1161, 2: 1155, 3: 1178, 4: 1167}",100.0,100.0
rule_etcd,30c1s5r5p-zoo,YCSB_A,rw_1000000,concurrent_30,100,8865,41.406982,42.040039,42.4629688,41.42599960417372,886.5,"{0: 21.0, 1: 4.082, 2: 16.327, 3: 16.162, 4: 9.184}","{0: 579.639, 1: 536.77, 2: 537.385, 3: 533.25, 4: 536.67}","{0: 1759, 1: 1781, 2: 1770, 3: 1783, 4: 1772}","{0: 1759, 1: 1781, 2: 1770, 3: 1783, 4: 1772}","{0: 1759, 1: 1781, 2: 1770, 3: 1783, 4: 1772}",100.0,100.0
rule_etcd,30c1s5r5p-zoo,YCSB_A,rw_1000000,concurrent_40,100,11838,41.480957,42.104004,42.531006,41.492772757475926,1183.8,"{0: 31.313, 1: 6.061, 2: 17.347, 3: 21.212, 4: 8.163}","{0: 597.777, 1: 540.09, 2: 540.812, 3: 536.5, 4: 540.674}","{0: 2379, 1: 2374, 2: 2356, 3: 2378, 4: 2351}","{0: 2379, 1: 2374, 2: 2356, 3: 2377, 4: 2351}","{0: 2379, 1: 2374, 2: 2356, 3: 2377, 4: 2351}",99.99155262713296,99.99155262713296
rule_etcd,30c1s5r5p-zoo,YCSB_A,rw_1000000,concurrent_50,100,14787,41.462158,42.093994,42.51310994,41.47957305849732,1478.7,"{0: 35.052, 1: 8.0, 2: 20.792, 3: 23.711, 4: 10.101}","{0: 615.92, 1: 545.148, 2: 545.307, 3: 540.5, 4: 544.264}","{0: 2972, 1: 2946, 2: 2975, 3: 2959, 4: 2935}","{0: 2972, 1: 2945, 2: 2975, 3: 2959, 4: 2935}","{0: 2972, 1: 2945, 2: 2975, 3: 2959, 4: 2935}",99.99323730303645,99.99323730303645
rule_etcd,30c1s5r5p-zoo,YCSB_A,rw_1000000,concurrent_60,100,17815,41.467041,42.104004,42.520996,41.48706853297783,1781.5,"{0: 39.394, 1: 9.901, 2: 22.449, 3: 25.253, 4: 11.34}","{0: 633.455, 1: 548.93, 2: 549.369, 3: 544.25, 4: 548.008}","{0: 3556, 1: 3560, 2: 3561, 3: 3546, 4: 3592}","{0: 3555, 1: 3560, 2: 3561, 3: 3546, 4: 3592}","{0: 3555, 1: 3560, 2: 3561, 3: 3546, 4: 3592}",99.99438675273646,99.99438675273646
rule_etcd,30c1s5r5p-zoo,YCSB_A,rw_1000000,concurrent_70,100,20872,41.484131,42.113037,42.545449330000004,41.49223163544461,2087.2,"{0: 44.792, 1: 9.184, 2: 25.0, 3: 25.51, 4: 15.464}","{0: 656.898, 1: 552.574, 2: 553.449, 3: 547.0, 4: 551.902}","{0: 4176, 1: 4176, 2: 4166, 3: 4139, 4: 4215}","{0: 4176, 1: 4176, 2: 4166, 3: 4139, 4: 4215}","{0: 4176, 1: 4176, 2: 4166, 3: 4139, 4: 4215}",100.0,100.0
rule_etcd,30c1s5r5p-zoo,YCSB_A,rw_1000000,concurrent_80,100,23808,41.486084,42.144043,42.57517792,41.50332937710014,2380.8,"{0: 51.02, 1: 10.309, 2: 27.273, 3: 25.773, 4: 99.0}","{0: 668.875, 1: 557.812, 2: 557.643, 3: 550.75, 4: 555.568}","{0: 4777, 1: 4815, 2: 4771, 3: 4717, 4: 4728}","{0: 4777, 1: 4815, 2: 4771, 3: 4717, 4: 4728}","{0: 4777, 1: 4815, 2: 4771, 3: 4717, 4: 4728}",100.0,100.0
rule_etcd,30c1s5r5p-zoo,YCSB_A,rw_1000000,concurrent_90,100,26792,41.479004,42.136963,42.611084,41.50901561059272,2679.2,"{0: 55.556, 1: 12.245, 2: 29.293, 3: 29.897, 4: 99.0}","{0: 686.955, 1: 560.846, 2: 561.592, 3: 554.0, 4: 559.375}","{0: 5376, 1: 5375, 2: 5327, 3: 5346, 4: 5368}","{0: 5376, 1: 5375, 2: 5327, 3: 5346, 4: 5368}","{0: 5376, 1: 5375, 2: 5327, 3: 5346, 4: 5368}",100.0,100.0
rule_etcd,30c1s5r5p-zoo,YCSB_A,rw_1000000,concurrent_100,100,29719,41.469971,42.115967,42.535757059999995,41.4809566686295,2971.9,"{0: 58.0, 1: 13.265, 2: 31.25, 3: 32.292, 4: 22.449}","{0: 705.438, 1: 564.41, 2: 565.652, 3: 558.25, 4: 563.455}","{0: 5894, 1: 5917, 2: 5955, 3: 5952, 4: 6001}","{0: 5894, 1: 5916, 2: 5955, 3: 5951, 4: 6001}","{0: 5894, 1: 5916, 2: 5955, 3: 5951, 4: 6001}",99.99327029846226,99.99327029846226
rule_etcd,30c1s5r5p-zoo,YCSB_A,rw_1000000,concurrent_110,100,32788,41.494141,42.14209,42.574951,41.501073851409046,3278.8,"{0: 63.265, 1: 16.162, 2: 34.021, 3: 36.735, 4: 98.99}","{0: 721.352, 1: 570.027, 2: 570.123, 3: 565.0, 4: 565.678}","{0: 6545, 1: 6520, 2: 6558, 3: 6584, 4: 6581}","{0: 6545, 1: 6520, 2: 6558, 3: 6584, 4: 6580}","{0: 6545, 1: 6520, 2: 6558, 3: 6584, 4: 6580}",99.99695010369648,99.99695010369648
rule_etcd,30c1s5r5p-zoo,YCSB_A,rw_1000000,concurrent_120,100,35736,41.483154,42.156982,42.628906,41.50610667181553,3573.6,"{0: 67.347, 1: 15.464, 2: 34.343, 3: 37.0, 4: 21.053}","{0: 741.715, 1: 573.238, 2: 573.441, 3: 567.25, 4: 571.756}","{0: 7143, 1: 7133, 2: 7154, 3: 7169, 4: 7137}","{0: 7143, 1: 7133, 2: 7153, 3: 7169, 4: 7137}","{0: 7143, 1: 7133, 2: 7153, 3: 7169, 4: 7137}",99.99720170136557,99.99720170136557
rule_zookeeper,30c1s5r5p-zoo,YCSB_A,rw_1000000,concurrent_1,0,202,82.623535,83.452588,84.05860104,82.61348756435643,20.2,"{0: 1.0, 1: 2.0, 2: 3.125, 3: 1.064, 4: 6.0}","{0: 524.404, 1: 522.402, 2: 522.727, 3: 521.5, 4: 522.869}","{0: 0, 1: 0, 2: 0, 3: 0, 4: 0}","{0: 0, 1: 0, 2: 0, 3: 0, 4: 0}","{0: 0, 1: 0, 2: 0, 3: 0, 4: 0}",0,0
rule_zookeeper,30c1s5r5p-zoo,YCSB_A,rw_1000000,concurrent_10,0,2871,82.64917,83.74585,84.54877970000001,82.67375961755486,287.1,"{0: 6.122, 1: 2.02, 2: 7.143, 3: 4.04, 4: 3.03}","{0: 539.611, 1: 524.707, 2: 524.715, 3: 522.5, 4: 524.902}","{0: 0, 1: 0, 2: 0, 3: 0, 4: 0}","{0: 0, 1: 0, 2: 0, 3: 0, 4: 0}","{0: 0, 1: 0, 2: 0, 3: 0, 4: 0}",0,0
rule_zookeeper,30c1s5r5p-zoo,YCSB_A,rw_1000000,concurrent_20,0,5871,82.400879,83.473877,84.4169922,82.43967679645716,587.1,"{0: 12.121, 1: 2.02, 2: 9.091, 3: 4.082, 4: 6.061}","{0: 556.918, 1: 527.039, 2: 527.305, 3: 526.0, 4: 527.246}","{0: 0, 1: 0, 2: 0, 3: 0, 4: 0}","{0: 0, 1: 0, 2: 0, 3: 0, 4: 0}","{0: 0, 1: 0, 2: 0, 3: 0, 4: 0}",0,0
rule_zookeeper,30c1s5r5p-zoo,YCSB_A,rw_1000000,concurrent_30,0,8841,82.472168,83.49585,84.4396976,82.50587252867322,884.1,"{0: 22.68, 1: 2.041, 2: 9.184, 3: 8.0, 4: 100.0}","{0: 574.529, 1: 529.445, 2: 529.906, 3: 527.25, 4: 529.969}","{0: 0, 1: 0, 2: 0, 3: 0, 4: 0}","{0: 0, 1: 0, 2: 0, 3: 0, 4: 0}","{0: 0, 1: 0, 2: 0, 3: 0, 4: 0}",0,0
rule_zookeeper,30c1s5r5p-zoo,YCSB_A,rw_1000000,concurrent_40,0,11839,82.391113,83.40419940000001,84.33361312000001,82.43795020271983,1183.9,"{0: 22.222, 1: 2.041, 2: 12.121, 3: 12.245, 4: 100.0}","{0: 593.09, 1: 533.168, 2: 533.545, 3: 530.0, 4: 532.457}","{0: 0, 1: 0, 2: 0, 3: 0, 4: 0}","{0: 0, 1: 0, 2: 0, 3: 0, 4: 0}","{0: 0, 1: 0, 2: 0, 3: 0, 4: 0}",0,0
rule_zookeeper,30c1s5r5p-zoo,YCSB_A,rw_1000000,concurrent_50,0,14885,82.362061,83.348047,84.26248044,82.40775104030904,1488.5,"{0: 28.283, 1: 6.061, 2: 11.34, 3: 10.309, 4: 10.101}","{0: 607.598, 1: 535.648, 2: 536.035, 3: 531.0, 4: 535.666}","{0: 0, 1: 0, 2: 0, 3: 0, 4: 0}","{0: 0, 1: 0, 2: 0, 3: 0, 4: 0}","{0: 0, 1: 0, 2: 0, 3: 0, 4: 0}",0,0
rule_zookeeper,30c1s5r5p-zoo,YCSB_A,rw_1000000,concurrent_60,0,17788,82.351074,83.333984,84.24405268,82.39732595615023,1778.8,"{0: 34.375, 1: 3.03, 2: 11.34, 3: 12.245, 4: 9.184}","{0: 627.01, 1: 538.523, 2: 538.684, 3: 535.5, 4: 538.412}","{0: 0, 1: 0, 2: 0, 3: 0, 4: 0}","{0: 0, 1: 0, 2: 0, 3: 0, 4: 0}","{0: 0, 1: 0, 2: 0, 3: 0, 4: 0}",0,0
rule_zookeeper,30c1s5r5p-zoo,YCSB_A,rw_1000000,concurrent_70,0,20856,82.359863,83.349121,84.36861565000001,82.41545513415802,2085.6,"{0: 40.404, 1: 3.03, 2: 13.131, 3: 13.131, 4: 100.0}","{0: 644.934, 1: 541.82, 2: 542.02, 3: 537.25, 4: 540.516}","{0: 0, 1: 0, 2: 0, 3: 0, 4: 0}","{0: 0, 1: 0, 2: 0, 3: 0, 4: 0}","{0: 0, 1: 0, 2: 0, 3: 0, 4: 0}",0,0
rule_zookeeper,30c1s5r5p-zoo,YCSB_A,rw_1000000,concurrent_80,0,23769,82.240967,83.1961914,84.07069296,82.29270963019059,2376.9,"{0: 41.0, 1: 6.186, 2: 12.371, 3: 12.371, 4: 7.071}","{0: 660.137, 1: 544.152, 2: 544.875, 3: 538.5, 4: 543.1}","{0: 0, 1: 0, 2: 0, 3: 0, 4: 0}","{0: 0, 1: 0, 2: 0, 3: 0, 4: 0}","{0: 0, 1: 0, 2: 0, 3: 0, 4: 0}",0,0
rule_zookeeper,30c1s5r5p-zoo,YCSB_A,rw_1000000,concurrent_90,0,26833,82.245117,83.183838,84.20773408000001,82.29426014970372,2683.3,"{0: 45.918, 1: 3.061, 2: 13.265, 3: 12.5, 4: 7.143}","{0: 678.439, 1: 547.039, 2: 547.814, 3: 541.75, 4: 545.484}","{0: 0, 1: 0, 2: 0, 3: 0, 4: 0}","{0: 0, 1: 0, 2: 0, 3: 0, 4: 0}","{0: 0, 1: 0, 2: 0, 3: 0, 4: 0}",0,0
rule_zookeeper,30c1s5r5p-zoo,YCSB_A,rw_1000000,concurrent_100,0,29725,82.220215,83.1756346,84.24654272,82.27824320020186,2972.5,"{0: 49.495, 1: 5.051, 2: 14.141, 3: 13.402, 4: 8.081}","{0: 698.625, 1: 550.246, 2: 550.719, 3: 544.75, 4: 548.598}","{0: 0, 1: 0, 2: 0, 3: 0, 4: 0}","{0: 0, 1: 0, 2: 0, 3: 0, 4: 0}","{0: 0, 1: 0, 2: 0, 3: 0, 4: 0}",0,0
rule_zookeeper,30c1s5r5p-zoo,YCSB_A,rw_1000000,concurrent_110,0,32612,82.159912,83.100098,84.50762412,82.24183708637925,3261.2,"{0: 53.465, 1: 4.082, 2: 14.433, 3: 16.162, 4: 8.163}","{0: 712.465, 1: 552.516, 2: 552.637, 3: 546.25, 4: 550.871}","{0: 0, 1: 0, 2: 0, 3: 0, 4: 0}","{0: 0, 1: 0, 2: 0, 3: 0, 4: 0}","{0: 0, 1: 0, 2: 0, 3: 0, 4: 0}",0,0
rule_zookeeper,30c1s5r5p-zoo,YCSB_A,rw_1000000,concurrent_120,0,35699,82.116943,83.010986,83.97804654,82.16738852704556,3569.9,"{0: 56.0, 1: 6.0, 2: 17.0, 3: 19.588, 4: 9.184}","{0: 731.947, 1: 554.648, 2: 555.738, 3: 548.25, 4: 553.414}","{0: 0, 1: 0, 2: 0, 3: 0, 4: 0}","{0: 0, 1: 0, 2: 0, 3: 0, 4: 0}","{0: 0, 1: 0, 2: 0, 3: 0, 4: 0}",0,0
rule_zookeeper,30c1s5r5p-zoo,YCSB_A,rw_1000000,concurrent_1,101,190,40.8820805,41.7537109,42.709355859999995,41.09083528421053,19.0,"{0: 1.98, 1: 1.01, 2: 5.155, 3: 2.105, 4: 5.102}","{0: 524.895, 1: 522.945, 2: 523.301, 3: 522.0, 4: 521.643}","{0: 38, 1: 38, 2: 39, 3: 41, 4: 34}","{0: 38, 1: 38, 2: 39, 3: 41, 4: 34}","{0: 38, 1: 38, 2: 39, 3: 41, 4: 34}",100.0,100.0
rule_zookeeper,30c1s5r5p-zoo,YCSB_A,rw_1000000,concurrent_10,101,2829,41.049072,41.9028808,42.603457160000005,41.16129953693885,282.9,"{0: 8.081, 1: 2.02, 2: 10.101, 3: 9.184, 4: 6.061}","{0: 540.307, 1: 526.488, 2: 527.605, 3: 524.75, 4: 525.488}","{0: 557, 1: 570, 2: 574, 3: 573, 4: 555}","{0: 557, 1: 570, 2: 574, 3: 573, 4: 555}","{0: 557, 1: 570, 2: 574, 3: 573, 4: 555}",100.0,100.0
rule_zookeeper,30c1s5r5p-zoo,YCSB_A,rw_1000000,concurrent_20,101,5859,41.231934,41.9403812,42.4963476,41.27902377572965,585.9,"{0: 13.265, 1: 7.143, 2: 12.371, 3: 15.152, 4: 7.071}","{0: 558.045, 1: 531.363, 2: 531.592, 3: 528.5, 4: 530.678}","{0: 1171, 1: 1153, 2: 1195, 3: 1180, 4: 1160}","{0: 1171, 1: 1153, 2: 1195, 3: 1180, 4: 1160}","{0: 1171, 1: 1153, 2: 1195, 3: 1180, 4: 1160}",100.0,100.0
rule_zookeeper,30c1s5r5p-zoo,YCSB_A,rw_1000000,concurrent_30,101,8849,41.434082,42.084961,42.56361316,41.45547492631936,884.9,"{0: 26.263, 1: 4.082, 2: 16.162, 3: 16.327, 4: 13.265}","{0: 574.857, 1: 534.84, 2: 535.238, 3: 533.0, 4: 534.062}","{0: 1757, 1: 1776, 2: 1793, 3: 1755, 4: 1768}","{0: 1757, 1: 1776, 2: 1793, 3: 1755, 4: 1768}","{0: 1757, 1: 1776, 2: 1793, 3: 1755, 4: 1768}",100.0,100.0
rule_zookeeper,30c1s5r5p-zoo,YCSB_A,rw_1000000,concurrent_40,101,11795,41.46582,42.0966308,42.53424355999999,41.482179948113604,1179.5,"{0: 32.323, 1: 6.061, 2: 17.347, 3: 21.212, 4: 9.278}","{0: 591.971, 1: 538.578, 2: 540.113, 3: 535.25, 4: 536.062}","{0: 2356, 1: 2349, 2: 2363, 3: 2376, 4: 2351}","{0: 2356, 1: 2349, 2: 2363, 3: 2376, 4: 2351}","{0: 2356, 1: 2349, 2: 2363, 3: 2376, 4: 2351}",100.0,100.0
rule_zookeeper,30c1s5r5p-zoo,YCSB_A,rw_1000000,concurrent_50,101,14880,41.415039,42.063965,42.48213896,41.43884558514786,1488.0,"{0: 31.959, 1: 7.071, 2: 17.172, 3: 20.619, 4: 10.204}","{0: 610.426, 1: 543.703, 2: 544.5, 3: 538.25, 4: 540.936}","{0: 2973, 1: 3009, 2: 2991, 3: 2955, 4: 2952}","{0: 2973, 1: 3009, 2: 2991, 3: 2955, 4: 2952}","{0: 2973, 1: 3009, 2: 2991, 3: 2955, 4: 2952}",100.0,100.0
rule_zookeeper,30c1s5r5p-zoo,YCSB_A,rw_1000000,concurrent_60,101,17884,41.430908,42.0970948,42.52116209,41.45820805435026,1788.4,"{0: 38.384, 1: 8.163, 2: 20.619, 3: 22.222, 4: 13.131}","{0: 627.156, 1: 547.078, 2: 547.521, 3: 543.25, 4: 543.682}","{0: 3564, 1: 3598, 2: 3575, 3: 3565, 4: 3582}","{0: 3564, 1: 3598, 2: 3575, 3: 3565, 4: 3582}","{0: 3564, 1: 3598, 2: 3575, 3: 3565, 4: 3582}",100.0,100.0
rule_zookeeper,30c1s5r5p-zoo,YCSB_A,rw_1000000,concurrent_70,101,20782,41.415039,42.077881,42.464111,41.442430287700894,2078.2,"{0: 42.424, 1: 9.091, 2: 22.917, 3: 24.211, 4: 11.458}","{0: 645.584, 1: 550.922, 2: 551.604, 3: 546.75, 4: 550.133}","{0: 4188, 1: 4142, 2: 4165, 3: 4142, 4: 4145}","{0: 4188, 1: 4141, 2: 4165, 3: 4142, 4: 4145}","{0: 4188, 1: 4141, 2: 4165, 3: 4142, 4: 4145}",99.99518814358579,99.99518814358579
rule_zookeeper,30c1s5r5p-zoo,YCSB_A,rw_1000000,concurrent_80,101,23753,41.436035,42.104004,42.53893512,41.468606303245906,2375.3,"{0: 51.02, 1: 10.204, 2: 26.263, 3: 27.551, 4: 14.583}","{0: 662.596, 1: 555.484, 2: 556.02, 3: 549.0, 4: 553.693}","{0: 4730, 1: 4761, 2: 4773, 3: 4757, 4: 4732}","{0: 4730, 1: 4761, 2: 4773, 3: 4757, 4: 4732}","{0: 4730, 1: 4761, 2: 4773, 3: 4757, 4: 4732}",100.0,100.0
rule_zookeeper,30c1s5r5p-zoo,YCSB_A,rw_1000000,concurrent_90,101,26388,41.575928,81.77002,1654.866111080001,74.93454364006367,2638.8,"{0: 53.061, 1: 10.204, 2: 25.253, 3: 25.773, 4: 13.542}","{0: 684.578, 1: 560.371, 2: 560.348, 3: 555.5, 4: 580.66}","{0: 5355, 1: 5342, 2: 5356, 3: 5398, 4: 1595}","{0: 5355, 1: 5342, 2: 5356, 3: 5398, 4: 1594}","{0: 5355, 1: 5342, 2: 5356, 3: 5398, 4: 1582}",99.99566085220863,99.94359107871215
rule_zookeeper,30c1s5r5p-zoo,YCSB_A,rw_1000000,concurrent_100,101,29789,41.427002,42.10791,42.552979,41.46525660045655,2978.9,"{0: 58.763, 1: 15.686, 2: 29.897, 3: 30.928, 4: 99.0}","{0: 697.795, 1: 563.215, 2: 563.17, 3: 557.5, 4: 560.748}","{0: 5992, 1: 5939, 2: 5951, 3: 5919, 4: 5988}","{0: 5992, 1: 5937, 2: 5951, 3: 5919, 4: 5988}","{0: 5992, 1: 5937, 2: 5951, 3: 5919, 4: 5988}",99.99328611232335,99.99328611232335
rule_zookeeper,30c1s5r5p-zoo,YCSB_A,rw_1000000,concurrent_110,101,32828,41.444946,42.133057,42.57195512,41.48137771624832,3282.8,"{0: 64.286, 1: 15.152, 2: 33.333, 3: 34.0, 4: 98.99}","{0: 714.152, 1: 567.48, 2: 567.719, 3: 560.5, 4: 565.182}","{0: 6596, 1: 6562, 2: 6598, 3: 6549, 4: 6523}","{0: 6596, 1: 6561, 2: 6598, 3: 6549, 4: 6523}","{0: 6596, 1: 6561, 2: 6598, 3: 6549, 4: 6523}",99.99695381990983,99.99695381990983
rule_zookeeper,30c1s5r5p-zoo,YCSB_A,rw_1000000,concurrent_120,101,35745,41.443115,42.12793,42.58561548,41.476363530955375,3574.5,"{0: 68.041, 1: 31.959, 2: 38.144, 3: 36.082, 4: 25.51}","{0: 729.93, 1: 571.035, 2: 571.57, 3: 562.75, 4: 568.551}","{0: 7169, 1: 7114, 2: 7138, 3: 7170, 4: 7154}","{0: 7169, 1: 7112, 2: 7138, 3: 7169, 4: 7154}","{0: 7169, 1: 7112, 2: 7138, 3: 7169, 4: 7154}",99.9916072177927,99.9916072177927
rule_zookeeper,30c1s5r5p-zoo,YCSB_A,rw_1000000,concurrent_1,100,201,40.870117,41.593018,42.763916,41.041249308457715,20.1,"{0: 2.0, 1: 1.01, 2: 5.155, 3: 2.105, 4: 5.155}","{0: 525.031, 1: 522.773, 2: 523.559, 3: 522.0, 4: 523.371}","{0: 44, 1: 42, 2: 40, 3: 38, 4: 37}","{0: 44, 1: 42, 2: 40, 3: 38, 4: 37}","{0: 44, 1: 42, 2: 40, 3: 38, 4: 37}",100.0,100.0
rule_zookeeper,30c1s5r5p-zoo,YCSB_A,rw_1000000,concurrent_10,100,2860,41.099365500000005,41.8953129,42.5832323,41.18929947517482,286.0,"{0: 8.911, 1: 2.02, 2: 11.0, 3: 10.101, 4: 5.051}","{0: 540.584, 1: 526.148, 2: 527.664, 3: 524.5, 4: 527.256}","{0: 576, 1: 568, 2: 566, 3: 569, 4: 581}","{0: 576, 1: 568, 2: 566, 3: 569, 4: 581}","{0: 576, 1: 568, 2: 566, 3: 569, 4: 581}",100.0,100.0
rule_zookeeper,30c1s5r5p-zoo,YCSB_A,rw_1000000,concurrent_20,100,5897,41.301025,41.983154,42.57722616,41.32984932016279,589.7,"{0: 15.152, 1: 4.0, 2: 10.309, 3: 13.265, 4: 7.216}","{0: 557.939, 1: 531.441, 2: 531.717, 3: 529.0, 4: 531.031}","{0: 1180, 1: 1184, 2: 1182, 3: 1179, 4: 1172}","{0: 1180, 1: 1184, 2: 1182, 3: 1179, 4: 1172}","{0: 1180, 1: 1184, 2: 1182, 3: 1179, 4: 1172}",100.0,100.0
rule_zookeeper,30c1s5r5p-zoo,YCSB_A,rw_1000000,concurrent_30,100,8803,41.394043,42.0437498,42.463135,41.4048571201863,880.3,"{0: 19.388, 1: 5.941, 2: 15.464, 3: 18.367, 4: 8.163}","{0: 574.867, 1: 534.887, 2: 535.945, 3: 531.25, 4: 535.145}","{0: 1760, 1: 1733, 2: 1780, 3: 1767, 4: 1763}","{0: 1760, 1: 1733, 2: 1780, 3: 1767, 4: 1763}","{0: 1760, 1: 1733, 2: 1780, 3: 1767, 4: 1763}",100.0,100.0
rule_zookeeper,30c1s5r5p-zoo,YCSB_A,rw_1000000,concurrent_40,100,11790,41.427979,42.0581783,42.47626199,41.44440097760814,1179.0,"{0: 30.928, 1: 6.061, 2: 16.327, 3: 19.192, 4: 10.309}","{0: 592.277, 1: 538.629, 2: 539.217, 3: 534.75, 4: 538.824}","{0: 2387, 1: 2357, 2: 2350, 3: 2348, 4: 2348}","{0: 2387, 1: 2357, 2: 2350, 3: 2348, 4: 2348}","{0: 2387, 1: 2357, 2: 2350, 3: 2348, 4: 2348}",100.0,100.0
rule_zookeeper,30c1s5r5p-zoo,YCSB_A,rw_1000000,concurrent_50,100,14768,41.437988,42.068115,42.474121,41.461878399106176,1476.8,"{0: 37.374, 1: 7.071, 2: 19.388, 3: 21.0, 4: 11.224}","{0: 610.836, 1: 543.434, 2: 543.758, 3: 537.75, 4: 542.512}","{0: 2944, 1: 2968, 2: 2975, 3: 2939, 4: 2942}","{0: 2944, 1: 2967, 2: 2975, 3: 2939, 4: 2942}","{0: 2944, 1: 2967, 2: 2975, 3: 2939, 4: 2942}",99.99322860238354,99.99322860238354
rule_zookeeper,30c1s5r5p-zoo,YCSB_A,rw_1000000,concurrent_60,100,17841,41.427979,42.075928,42.4822752,41.44820640350877,1784.1,"{0: 40.0, 1: 7.143, 2: 20.619, 3: 23.0, 4: 12.371}","{0: 627.023, 1: 546.84, 2: 547.43, 3: 542.25, 4: 546.514}","{0: 3547, 1: 3573, 2: 3551, 3: 3583, 4: 3587}","{0: 3547, 1: 3573, 2: 3551, 3: 3583, 4: 3587}","{0: 3547, 1: 3573, 2: 3551, 3: 3583, 4: 3587}",100.0,100.0
rule_zookeeper,30c1s5r5p-zoo,YCSB_A,rw_1000000,concurrent_70,100,20749,41.441895,42.101074,42.53897468,41.471959013398234,2074.9,"{0: 44.792, 1: 9.184, 2: 23.469, 3: 29.293, 4: 13.402}","{0: 643.729, 1: 550.812, 2: 552.111, 3: 546.0, 4: 550.98}","{0: 4150, 1: 4152, 2: 4155, 3: 4156, 4: 4136}","{0: 4150, 1: 4152, 2: 4155, 3: 4156, 4: 4136}","{0: 4150, 1: 4152, 2: 4155, 3: 4156, 4: 4136}",100.0,100.0
rule_zookeeper,30c1s5r5p-zoo,YCSB_A,rw_1000000,concurrent_80,100,23776,41.431885,42.093506000000005,42.509277250000004,41.45726404231158,2377.6,"{0: 51.02, 1: 11.111, 2: 25.773, 3: 29.703, 4: 15.464}","{0: 661.609, 1: 555.457, 2: 555.963, 3: 549.0, 4: 553.809}","{0: 4762, 1: 4739, 2: 4762, 3: 4741, 4: 4772}","{0: 4762, 1: 4739, 2: 4762, 3: 4741, 4: 4772}","{0: 4762, 1: 4739, 2: 4762, 3: 4741, 4: 4772}",100.0,100.0
rule_zookeeper,30c1s5r5p-zoo,YCSB_A,rw_1000000,concurrent_90,100,26802,41.465088,42.170166,46.04267114999994,41.71944973882546,2680.2,"{0: 55.102, 1: 11.224, 2: 25.0, 3: 32.292, 4: 20.202}","{0: 678.787, 1: 559.24, 2: 559.537, 3: 553.0, 4: 542.996}","{0: 5350, 1: 5390, 2: 5386, 3: 5361, 4: 5315}","{0: 5350, 1: 5390, 2: 5384, 3: 5361, 4: 5315}","{0: 5350, 1: 5390, 2: 5384, 3: 5361, 4: 5304}",99.99253787030818,99.9514961570032
rule_zookeeper,30c1s5r5p-zoo,YCSB_A,rw_1000000,concurrent_100,100,29815,41.438965,42.117188,42.55067852,41.467308460942476,2981.5,"{0: 59.596, 1: 14.286, 2: 29.293, 3: 35.0, 4: 18.75}","{0: 694.352, 1: 562.738, 2: 563.629, 3: 557.0, 4: 546.893}","{0: 5945, 1: 5968, 2: 5985, 3: 5922, 4: 5995}","{0: 5945, 1: 5968, 2: 5983, 3: 5922, 4: 5995}","{0: 5945, 1: 5968, 2: 5983, 3: 5922, 4: 5995}",99.99329196713065,99.99329196713065
rule_zookeeper,30c1s5r5p-zoo,YCSB_A,rw_1000000,concurrent_110,100,32692,41.431885,42.1181396,42.604004,41.479270635843626,3269.2,"{0: 63.636, 1: 14.141, 2: 33.673, 3: 33.673, 4: 20.833}","{0: 711.537, 1: 567.195, 2: 568.047, 3: 561.25, 4: 560.209}","{0: 6524, 1: 6537, 2: 6524, 3: 6553, 4: 6554}","{0: 6524, 1: 6537, 2: 6524, 3: 6553, 4: 6554}","{0: 6524, 1: 6537, 2: 6524, 3: 6553, 4: 6554}",100.0,100.0
rule_zookeeper,30c1s5r5p-zoo,YCSB_A,rw_1000000,concurrent_120,100,35680,41.446777,42.125977,42.560059,41.47512397404709,3568.0,"{0: 67.708, 1: 16.162, 2: 34.343, 3: 39.362, 4: 22.105}","{0: 730.529, 1: 570.977, 2: 571.357, 3: 562.75, 4: 565.977}","{0: 7116, 1: 7116, 2: 7141, 3: 7130, 4: 7177}","{0: 7116, 1: 7115, 2: 7140, 3: 7130, 4: 7176}","{0: 7116, 1: 7115, 2: 7140, 3: 7130, 4: 7176}",99.99159192825113,99.99159192825113
