protocol,site,ycsb,workload,concurrent,fastpath_attempt_rate,all_efficient_count,all_efficient_50pct,all_efficient_90pct,all_efficient_99pct,all_efficient_ave,throughput,cpu_usage,memory_usage,fp_attempt_cnt,fp_success_cnt,fp_efficient_success_cnt,fp_success_rate,fp_efficient_success_rate
none_raft,30c1s5r5p-zoo,YCSB_A,rw_1000000,concurrent_1,0,197,77.156006,89.9913084,94.50312511999999,78.03600552791877,19.7,"{0: 28.926, 1: 7.368, 2: 14.13, 3: 15.385}","{0: 525.779, 1: 525.336, 2: 525.832, 3: 524.5}","{0: 0, 1: 0, 2: 0, 3: 0, 4: 0}","{0: 0, 1: 0, 2: 0, 3: 0, 4: 0}","{0: 0, 1: 0, 2: 0, 3: 0, 4: 0}",0,0
none_raft,30c1s5r5p-zoo,YCSB_A,rw_1000000,concurrent_10,0,2827,77.185059,86.8738768,92.32451203999999,77.4181638956491,282.7,"{2: 17.204, 3: 18.681}","{2: 539.492, 3: 536.25}","{0: 0, 1: 0, 2: 0, 3: 0, 4: 0}","{0: 0, 1: 0, 2: 0, 3: 0, 4: 0}","{0: 0, 1: 0, 2: 0, 3: 0, 4: 0}",0,0
none_raft,30c1s5r5p-zoo,YCSB_A,rw_1000000,concurrent_20,0,5874,76.896973,86.01777320000001,100.22104277999992,77.40136360333675,587.4,{4: 11.957},{4: 554.084},"{0: 0, 1: 0, 2: 0, 3: 0, 4: 0}","{0: 0, 1: 0, 2: 0, 3: 0, 4: 0}","{0: 0, 1: 0, 2: 0, 3: 0, 4: 0}",0,0
none_raft,30c1s5r5p-zoo,YCSB_A,rw_1000000,concurrent_40,0,11806,81.10839849999999,88.06958,93.31721170000002,80.99592530721667,1180.6,{},{2: 584.406},"{0: 0, 1: 0, 2: 0, 3: 0, 4: 0}","{0: 0, 1: 0, 2: 0, 3: 0, 4: 0}","{0: 0, 1: 0, 2: 0, 3: 0, 4: 0}",0,0
none_raft,30c1s5r5p-zoo,YCSB_A,rw_1000000,concurrent_60,0,17743,82.385986,90.22031260000001,105.2917578999999,83.29235261263597,1774.3,{2: 43.158},{2: 615.0},"{0: 0, 1: 0, 2: 0, 3: 0, 4: 0}","{0: 0, 1: 0, 2: 0, 3: 0, 4: 0}","{0: 0, 1: 0, 2: 0, 3: 0, 4: 0}",0,0
none_raft,30c1s5r5p-zoo,YCSB_A,rw_1000000,concurrent_80,0,0,0,0,0,0,0.0,"{0: 12.121, 1: 3.297, 2: 11.236, 4: 6.742}","{0: 543.195, 1: 543.387, 2: 545.008, 4: 545.045}","{0: 0, 1: 0, 2: 0, 3: 0, 4: 0}","{0: 0, 1: 0, 2: 0, 3: 0, 4: 0}","{0: 0, 1: 0, 2: 0, 3: 0, 4: 0}",0,0
none_raft,30c1s5r5p-zoo,YCSB_A,rw_1000000,concurrent_100,0,29737,92.694824,103.38056620000002,161.12814439999994,94.97188203181224,2973.7,{},{},"{0: 0, 1: 0, 2: 0, 3: 0, 4: 0}","{0: 0, 1: 0, 2: 0, 3: 0, 4: 0}","{0: 0, 1: 0, 2: 0, 3: 0, 4: 0}",0,0
none_raft,30c1s5r5p-zoo,YCSB_A,rw_1000000,concurrent_120,0,34022,2029.1464845,2766.5664067,3233.52915288,1990.3030258070366,3402.2,{},{},"{0: 0, 1: 0, 2: 0, 3: 0, 4: 0}","{0: 0, 1: 0, 2: 0, 3: 0, 4: 0}","{0: 0, 1: 0, 2: 0, 3: 0, 4: 0}",0,0
none_raft,30c1s5r5p-zoo,YCSB_A,rw_1000000,concurrent_140,0,12641,7567.265137,8120.058105,13485.644531,7726.976761926588,1264.1,{},{},"{0: 0, 1: 0, 2: 0, 3: 0, 4: 0}","{0: 0, 1: 0, 2: 0, 3: 0, 4: 0}","{0: 0, 1: 0, 2: 0, 3: 0, 4: 0}",0,0
none_raft,30c1s5r5p-zoo,YCSB_A,rw_1000000,concurrent_150,0,37291,2277.582031,2560.359863,2757.074072499999,2245.985278529189,3729.1,{},{},"{0: 0, 1: 0, 2: 0, 3: 0, 4: 0}","{0: 0, 1: 0, 2: 0, 3: 0, 4: 0}","{0: 0, 1: 0, 2: 0, 3: 0, 4: 0}",0,0
none_raft,30c1s5r5p-zoo,YCSB_A,rw_1000000,concurrent_160,0,36000,2443.7425535,2581.7665043,2635.3370434,2420.1037786907496,3600.0,{},{},"{0: 0, 1: 0, 2: 0, 3: 0, 4: 0}","{0: 0, 1: 0, 2: 0, 3: 0, 4: 0}","{0: 0, 1: 0, 2: 0, 3: 0, 4: 0}",0,0
none_raft,30c1s5r5p-zoo,YCSB_A,rw_1000000,concurrent_170,0,48192,898.7314455000001,1675.1198727000003,2307.923611169999,1039.732181981055,4819.2,{},{},"{0: 0, 1: 0, 2: 0, 3: 0, 4: 0}","{0: 0, 1: 0, 2: 0, 3: 0, 4: 0}","{0: 0, 1: 0, 2: 0, 3: 0, 4: 0}",0,0
none_raft,30c1s5r5p-zoo,YCSB_A,rw_1000000,concurrent_180,0,48540,1715.8754884999998,1958.7257078999999,2064.79001943,1699.3384373540996,4854.0,{},{},"{0: 0, 1: 0, 2: 0, 3: 0, 4: 0}","{0: 0, 1: 0, 2: 0, 3: 0, 4: 0}","{0: 0, 1: 0, 2: 0, 3: 0, 4: 0}",0,0
none_raft,30c1s5r5p-zoo,YCSB_A,rw_1000000,concurrent_190,0,48791,1637.849854,1756.955078,2080.5464115999994,1603.3438183795988,4879.1,{},{},"{0: 0, 1: 0, 2: 0, 3: 0, 4: 0}","{0: 0, 1: 0, 2: 0, 3: 0, 4: 0}","{0: 0, 1: 0, 2: 0, 3: 0, 4: 0}",0,0
none_raft,30c1s5r5p-zoo,YCSB_A,rw_1000000,concurrent_200,0,34551,2379.075928,3153.957031,3211.88916,2492.301407279471,3455.1,{},{},"{0: 0, 1: 0, 2: 0, 3: 0, 4: 0}","{0: 0, 1: 0, 2: 0, 3: 0, 4: 0}","{0: 0, 1: 0, 2: 0, 3: 0, 4: 0}",0,0
none_raft,30c1s5r5p-zoo,YCSB_A,rw_1000000,concurrent_250,0,35557,2479.765137,3016.9989258,3831.45423812,2561.117155627078,3555.7,{},{},"{0: 0, 1: 0, 2: 0, 3: 0, 4: 0}","{0: 0, 1: 0, 2: 0, 3: 0, 4: 0}","{0: 0, 1: 0, 2: 0, 3: 0, 4: 0}",0,0
none_raft,30c1s5r5p-zoo,YCSB_A,rw_1000000,concurrent_300,0,46158,1783.4790039999998,1975.0548097,2068.86134322,1799.2991881199794,4615.8,{},{},"{0: 0, 1: 0, 2: 0, 3: 0, 4: 0}","{0: 0, 1: 0, 2: 0, 3: 0, 4: 0}","{0: 0, 1: 0, 2: 0, 3: 0, 4: 0}",0,0
none_raft,30c1s5r5p-zoo,YCSB_A,rw_1000000,concurrent_400,0,36000,2309.6164550000003,2747.3205563,2791.2884352600004,2389.713810520806,3600.0,{},{},"{0: 0, 1: 0, 2: 0, 3: 0, 4: 0}","{0: 0, 1: 0, 2: 0, 3: 0, 4: 0}","{0: 0, 1: 0, 2: 0, 3: 0, 4: 0}",0,0
none_raft,30c1s5r5p-zoo,YCSB_A,rw_1000000,concurrent_500,0,36000,2299.036499,2756.3128172,2806.79090284,2382.736393202917,3600.0,{},{},"{0: 0, 1: 0, 2: 0, 3: 0, 4: 0}","{0: 0, 1: 0, 2: 0, 3: 0, 4: 0}","{0: 0, 1: 0, 2: 0, 3: 0, 4: 0}",0,0
none_raft,30c1s5r5p-zoo,YCSB_A,rw_1000000,concurrent_750,0,51598,1651.7960205,2140.3804933,2249.0910933100004,1729.0560180520367,5159.8,{},{},"{0: 0, 1: 0, 2: 0, 3: 0, 4: 0}","{0: 0, 1: 0, 2: 0, 3: 0, 4: 0}","{0: 0, 1: 0, 2: 0, 3: 0, 4: 0}",0,0
none_raft,30c1s5r5p-zoo,YCSB_A,rw_1000000,concurrent_1000,0,36054,2312.274414,2782.7743161,2849.04267352,2378.904552403367,3605.4,{},{},"{0: 0, 1: 0, 2: 0, 3: 0, 4: 0}","{0: 0, 1: 0, 2: 0, 3: 0, 4: 0}","{0: 0, 1: 0, 2: 0, 3: 0, 4: 0}",0,0
none_raft,30c1s5r5p-zoo,YCSB_A,rw_zipf_1,concurrent_100,0,29761,90.289795,98.77002,113.02475560000002,90.68451007704714,2976.1,{},{},"{0: 0, 1: 0, 2: 0, 3: 0, 4: 0}","{0: 0, 1: 0, 2: 0, 3: 0, 4: 0}","{0: 0, 1: 0, 2: 0, 3: 0, 4: 0}",0,0
none_raft,30c1s5r5p-zoo,YCSB_A,rw_zipf_0.9,concurrent_100,0,29817,90.429932,99.446045,128.27981472000002,91.17122217178121,2981.7,{3: 65.657},{3: 688.0},"{0: 0, 1: 0, 2: 0, 3: 0, 4: 0}","{0: 0, 1: 0, 2: 0, 3: 0, 4: 0}","{0: 0, 1: 0, 2: 0, 3: 0, 4: 0}",0,0
none_raft,30c1s5r5p-zoo,YCSB_A,rw_zipf_0.8,concurrent_100,0,29662,92.295898,101.3476071,132.73836900999999,93.43839954864808,2966.2,{},{1: 687.555},"{0: 0, 1: 0, 2: 0, 3: 0, 4: 0}","{0: 0, 1: 0, 2: 0, 3: 0, 4: 0}","{0: 0, 1: 0, 2: 0, 3: 0, 4: 0}",0,0
none_raft,30c1s5r5p-zoo,YCSB_A,rw_zipf_0.7,concurrent_100,0,29693,93.386963,102.7375976,135.93578164,94.59720094039,2969.3,{3: 63.441},{3: 687.0},"{0: 0, 1: 0, 2: 0, 3: 0, 4: 0}","{0: 0, 1: 0, 2: 0, 3: 0, 4: 0}","{0: 0, 1: 0, 2: 0, 3: 0, 4: 0}",0,0
none_raft,30c1s5r5p-zoo,YCSB_A,rw_zipf_0.6,concurrent_100,0,29761,91.200928,100.449951,127.54267540000002,91.85930845472264,2976.1,{},{},"{0: 0, 1: 0, 2: 0, 3: 0, 4: 0}","{0: 0, 1: 0, 2: 0, 3: 0, 4: 0}","{0: 0, 1: 0, 2: 0, 3: 0, 4: 0}",0,0
none_raft,30c1s5r5p-zoo,YCSB_A,rw_zipf_0.5,concurrent_100,0,29777,91.917969,110.30727520000008,347.8020212799999,101.72014161204957,2977.7,{},{},"{0: 0, 1: 0, 2: 0, 3: 0, 4: 0}","{0: 0, 1: 0, 2: 0, 3: 0, 4: 0}","{0: 0, 1: 0, 2: 0, 3: 0, 4: 0}",0,0
none_raft,30c1s5r5p-zoo,YCSB_A,rw_1,concurrent_100,0,29819,88.9021,96.6981934,115.98700655999998,88.99425386729938,2981.9,{},{},"{0: 0, 1: 0, 2: 0, 3: 0, 4: 0}","{0: 0, 1: 0, 2: 0, 3: 0, 4: 0}","{0: 0, 1: 0, 2: 0, 3: 0, 4: 0}",0,0
none_raft,30c1s5r5p-zoo,YCSB_A,rw_10,concurrent_100,0,29803,95.354004,111.6279786,292.0829735799999,102.09432479851021,2980.3,{1: 16.484},{1: 683.777},"{0: 0, 1: 0, 2: 0, 3: 0, 4: 0}","{0: 0, 1: 0, 2: 0, 3: 0, 4: 0}","{0: 0, 1: 0, 2: 0, 3: 0, 4: 0}",0,0
none_raft,30c1s5r5p-zoo,YCSB_A,rw_100,concurrent_100,0,29681,90.793945,101.570068,293.7774902,96.99695202489808,2968.1,{},{},"{0: 0, 1: 0, 2: 0, 3: 0, 4: 0}","{0: 0, 1: 0, 2: 0, 3: 0, 4: 0}","{0: 0, 1: 0, 2: 0, 3: 0, 4: 0}",0,0
none_raft,30c1s5r5p-zoo,YCSB_A,rw_1000,concurrent_100,0,29663,238.959961,309.3001956,362.7519728800001,231.9448624953309,2966.3,{},{},"{0: 0, 1: 0, 2: 0, 3: 0, 4: 0}","{0: 0, 1: 0, 2: 0, 3: 0, 4: 0}","{0: 0, 1: 0, 2: 0, 3: 0, 4: 0}",0,0
none_raft,30c1s5r5p-zoo,YCSB_A,rw_10000,concurrent_100,0,29662,90.522949,115.69914510000004,348.48316867999995,101.87991604858068,2966.2,{},{},"{0: 0, 1: 0, 2: 0, 3: 0, 4: 0}","{0: 0, 1: 0, 2: 0, 3: 0, 4: 0}","{0: 0, 1: 0, 2: 0, 3: 0, 4: 0}",0,0
none_raft,30c1s5r5p-zoo,YCSB_A,rw_100000,concurrent_100,0,29733,94.157959,107.943115,133.90137660000005,95.79555183957218,2973.3,{},{},"{0: 0, 1: 0, 2: 0, 3: 0, 4: 0}","{0: 0, 1: 0, 2: 0, 3: 0, 4: 0}","{0: 0, 1: 0, 2: 0, 3: 0, 4: 0}",0,0
none_raft,30c1s5r5p-zoo,YCSB_A,rw_1000000,concurrent_100,0,29737,92.694824,103.38056620000002,161.12814439999994,94.97188203181224,2973.7,{},{},"{0: 0, 1: 0, 2: 0, 3: 0, 4: 0}","{0: 0, 1: 0, 2: 0, 3: 0, 4: 0}","{0: 0, 1: 0, 2: 0, 3: 0, 4: 0}",0,0
none_copilot,30c1s5r5p-zoo,YCSB_A,rw_1000000,concurrent_1,0,197,83.795166,104.8335936,105.64557572,92.23844367005078,19.7,"{0: 5.051, 1: 5.263, 2: 5.155, 3: 6.061, 4: 3.96}","{0: 527.174, 1: 526.477, 2: 526.43, 3: 524.75, 4: 526.191}","{0: 0, 1: 0, 2: 0, 3: 0, 4: 0}","{0: 0, 1: 0, 2: 0, 3: 0, 4: 0}","{0: 0, 1: 0, 2: 0, 3: 0, 4: 0}",0,0
none_copilot,30c1s5r5p-zoo,YCSB_A,rw_1000000,concurrent_10,0,2866,98.133423,105.3929445,111.30399149999984,94.54277034298676,286.6,"{0: 31.633, 1: 48.421, 2: 34.021, 3: 36.082, 4: 43.878}","{0: 552.273, 1: 552.18, 2: 552.535, 3: 543.5, 4: 547.057}","{0: 0, 1: 0, 2: 0, 3: 0, 4: 0}","{0: 0, 1: 0, 2: 0, 3: 0, 4: 0}","{0: 0, 1: 0, 2: 0, 3: 0, 4: 0}",0,0
none_copilot,30c1s5r5p-zoo,YCSB_A,rw_1000000,concurrent_20,0,5838,82.99401850000001,84.077881,133.54583752,84.0982150342583,583.8,{2: 56.0},{2: 572.938},"{0: 0, 1: 0, 2: 0, 3: 0, 4: 0}","{0: 0, 1: 0, 2: 0, 3: 0, 4: 0}","{0: 0, 1: 0, 2: 0, 3: 0, 4: 0}",0,0
none_copilot,30c1s5r5p-zoo,YCSB_A,rw_1000000,concurrent_30,0,8789,104.541016,106.38403339999999,253.10247032000004,108.89139381875071,878.9,{2: 80.808},{2: 594.949},"{0: 0, 1: 0, 2: 0, 3: 0, 4: 0}","{0: 0, 1: 0, 2: 0, 3: 0, 4: 0}","{0: 0, 1: 0, 2: 0, 3: 0, 4: 0}",0,0
none_copilot,30c1s5r5p-zoo,YCSB_A,rw_1000000,concurrent_40,0,11831,105.787842,123.180908,339.65480950000006,116.18450287735611,1183.1,{2: 89.0},{2: 608.609},"{0: 0, 1: 0, 2: 0, 3: 0, 4: 0}","{0: 0, 1: 0, 2: 0, 3: 0, 4: 0}","{0: 0, 1: 0, 2: 0, 3: 0, 4: 0}",0,0
none_copilot,30c1s5r5p-zoo,YCSB_A,rw_1000000,concurrent_50,0,0,0,0,0,0,0.0,{1: 100.0},{1: 770.637},"{0: 0, 1: 0, 2: 0, 3: 0, 4: 0}","{0: 0, 1: 0, 2: 0, 3: 0, 4: 0}","{0: 0, 1: 0, 2: 0, 3: 0, 4: 0}",0,0
none_copilot,30c1s5r5p-zoo,YCSB_A,rw_1000000,concurrent_60,0,2684,528.4069825,794.6696047000008,944.5475832,528.4210767414307,268.4,{},{},{},{},{},0,0
none_copilot,30c1s5r5p-zoo,YCSB_A,rw_1000000,concurrent_70,0,0,0,0,0,0,0.0,"{2: 40.404, 3: 32.99}","{2: 665.188, 3: 664.5}",{},{},{},0,0
none_copilot,30c1s5r5p-zoo,YCSB_A,rw_1000000,concurrent_72,0,8107,87.615967,872.8103026,910.2439601,304.22949873158996,810.7,{},{},"{0: 0, 1: 0, 3: 0, 4: 0}","{0: 0, 1: 0, 3: 0, 4: 0}","{0: 0, 1: 0, 3: 0, 4: 0}",0,0
none_copilot,30c1s5r5p-zoo,YCSB_A,rw_1000000,concurrent_75,0,551,17581.959961,21453.474854,21516.963501,18113.439495321236,55.1,{},{},{},{},{},0,0
none_copilot,30c1s5r5p-zoo,YCSB_A,rw_1000000,concurrent_77,0,744,16195.389038500001,18967.178173800003,19026.58981686,16881.250918080645,74.4,{},{},{},{},{},0,0
none_copilot,30c1s5r5p-zoo,YCSB_A,rw_1000000,concurrent_80,0,0,0,0,0,0,0.0,{3: 100.0},{3: 694.0},{},{},{},0,0
none_copilot,30c1s5r5p-zoo,YCSB_A,rw_1000000,concurrent_82,0,441,23527.313965,24797.726074,24818.579883,23910.716904848072,44.1,{},{},"{2: 0, 3: 0, 4: 0}","{2: 0, 3: 0, 4: 0}","{2: 0, 3: 0, 4: 0}",0,0
none_copilot,30c1s5r5p-zoo,YCSB_A,rw_1000000,concurrent_85,0,111,24962.737061,24965.916016,24967.7000491,24925.06127531531,11.1,{},{},"{1: 0, 2: 0, 3: 0, 4: 0}","{1: 0, 2: 0, 3: 0, 4: 0}","{1: 0, 2: 0, 3: 0, 4: 0}",0,0
none_copilot,30c1s5r5p-zoo,YCSB_A,rw_1000000,concurrent_87,0,0,0,0,0,0,0.0,{},{},{},{},{},0,0
none_copilot,30c1s5r5p-zoo,YCSB_A,rw_1000000,concurrent_90,0,0,0,0,0,0,0.0,{},{},{},{},{},0,0
none_copilot,30c1s5r5p-zoo,YCSB_A,rw_1000000,concurrent_100,0,0,0,0,0,0,0.0,{},{},"{2: 0, 4: 0}","{2: 0, 4: 0}","{2: 0, 4: 0}",0,0
none_copilot,30c1s5r5p-zoo,YCSB_A,rw_1000000,concurrent_120,0,0,0,0,0,0,0.0,{},{},{},{},{},0,0
none_copilot,30c1s5r5p-zoo,YCSB_A,rw_1000000,concurrent_140,0,0,0,0,0,0,0.0,{},{},{},{},{},0,0
none_copilot,30c1s5r5p-zoo,YCSB_A,rw_1000000,concurrent_160,0,3229,14157.708984,14240.159131,14247.981113599999,13925.761011165687,322.9,{},{},{},{},{},0,0
none_copilot,30c1s5r5p-zoo,YCSB_A,rw_1000000,concurrent_180,0,0,0,0,0,0,0.0,{0: 100.0},{0: 1302.996},{},{},{},0,0
none_copilot,30c1s5r5p-zoo,YCSB_A,rw_1000000,concurrent_200,0,0,0,0,0,0,0.0,{4: 2.0},{4: 678.691},{},{},{},0,0
none_copilot,30c1s5r5p-zoo,YCSB_A,rw_zipf_1,concurrent_40,0,11732,106.1328125,129.0210939,821.8553005500002,136.29862670900104,1173.2,{},{},"{0: 0, 1: 0, 2: 0, 3: 0, 4: 0}","{0: 0, 1: 0, 2: 0, 3: 0, 4: 0}","{0: 0, 1: 0, 2: 0, 3: 0, 4: 0}",0,0
none_copilot,30c1s5r5p-zoo,YCSB_A,rw_zipf_0.9,concurrent_40,0,11805,83.797119,358.08232399999997,514.9398239199998,141.87888446759848,1180.5,{},{},"{0: 0, 1: 0, 2: 0, 3: 0, 4: 0}","{0: 0, 1: 0, 2: 0, 3: 0, 4: 0}","{0: 0, 1: 0, 2: 0, 3: 0, 4: 0}",0,0
none_copilot,30c1s5r5p-zoo,YCSB_A,rw_zipf_0.8,concurrent_40,0,11737,83.644043,102.83339840000001,335.43715811999994,94.9055513151572,1173.7,{},{},"{0: 0, 1: 0, 2: 0, 3: 0, 4: 0}","{0: 0, 1: 0, 2: 0, 3: 0, 4: 0}","{0: 0, 1: 0, 2: 0, 3: 0, 4: 0}",0,0
none_copilot,30c1s5r5p-zoo,YCSB_A,rw_zipf_0.7,concurrent_40,0,11820,105.055908,116.29008790000002,340.1527881699984,109.7727076282572,1182.0,{3: 90.217},"{2: 618.389, 3: 622.5}","{0: 0, 1: 0, 2: 0, 3: 0, 4: 0}","{0: 0, 1: 0, 2: 0, 3: 0, 4: 0}","{0: 0, 1: 0, 2: 0, 3: 0, 4: 0}",0,0
none_copilot,30c1s5r5p-zoo,YCSB_A,rw_zipf_0.6,concurrent_40,0,11756,105.7055665,401.563965,726.624988,160.2961355397244,1175.6,{3: 86.0},{3: 613.0},"{0: 0, 1: 0, 2: 0, 3: 0, 4: 0}","{0: 0, 1: 0, 2: 0, 3: 0, 4: 0}","{0: 0, 1: 0, 2: 0, 3: 0, 4: 0}",0,0
none_copilot,30c1s5r5p-zoo,YCSB_A,rw_zipf_0.5,concurrent_40,0,11823,105.595947,372.7704104000004,736.0921774600001,155.39162663317262,1182.3,{2: 88.66},{2: 619.131},"{0: 0, 1: 0, 2: 0, 3: 0, 4: 0}","{0: 0, 1: 0, 2: 0, 3: 0, 4: 0}","{0: 0, 1: 0, 2: 0, 3: 0, 4: 0}",0,0
none_copilot,30c1s5r5p-zoo,YCSB_A,rw_1,concurrent_40,0,11821,83.554199,86.365967,133.16582019999973,86.31017090102361,1182.1,{2: 90.0},{2: 609.02},"{0: 0, 1: 0, 2: 0, 3: 0, 4: 0}","{0: 0, 1: 0, 2: 0, 3: 0, 4: 0}","{0: 0, 1: 0, 2: 0, 3: 0, 4: 0}",0,0
none_copilot,30c1s5r5p-zoo,YCSB_A,rw_10,concurrent_40,0,11760,106.276855,181.2511963,381.4643775899999,125.15763247670067,1176.0,{2: 88.542},{2: 614.453},"{0: 0, 1: 0, 2: 0, 3: 0, 4: 0}","{0: 0, 1: 0, 2: 0, 3: 0, 4: 0}","{0: 0, 1: 0, 2: 0, 3: 0, 4: 0}",0,0
none_copilot,30c1s5r5p-zoo,YCSB_A,rw_100,concurrent_40,0,11755,83.719971,448.93017580000014,815.3256638799998,154.74888178307103,1175.5,{4: 51.02},{4: 608.896},"{0: 0, 1: 0, 2: 0, 3: 0, 4: 0}","{0: 0, 1: 0, 2: 0, 3: 0, 4: 0}","{0: 0, 1: 0, 2: 0, 3: 0, 4: 0}",0,0
none_copilot,30c1s5r5p-zoo,YCSB_A,rw_1000,concurrent_40,0,11778,83.601074,183.0719725000003,487.50605697999976,110.90701367583631,1177.8,{2: 89.796},{2: 598.129},"{0: 0, 1: 0, 2: 0, 3: 0, 4: 0}","{0: 0, 1: 0, 2: 0, 3: 0, 4: 0}","{0: 0, 1: 0, 2: 0, 3: 0, 4: 0}",0,0
none_copilot,30c1s5r5p-zoo,YCSB_A,rw_10000,concurrent_40,0,11751,105.892822,140.269043,349.134033,120.03092623946898,1175.1,{2: 88.119},{2: 603.936},"{0: 0, 1: 0, 2: 0, 3: 0, 4: 0}","{0: 0, 1: 0, 2: 0, 3: 0, 4: 0}","{0: 0, 1: 0, 2: 0, 3: 0, 4: 0}",0,0
none_copilot,30c1s5r5p-zoo,YCSB_A,rw_100000,concurrent_40,0,11781,105.436035,109.628906,212.9946778000007,105.56563747517188,1178.1,{2: 89.899},{2: 606.137},"{0: 0, 1: 0, 2: 0, 3: 0, 4: 0}","{0: 0, 1: 0, 2: 0, 3: 0, 4: 0}","{0: 0, 1: 0, 2: 0, 3: 0, 4: 0}",0,0
none_copilot,30c1s5r5p-zoo,YCSB_A,rw_1000000,concurrent_40,0,11831,105.787842,123.180908,339.65480950000006,116.18450287735611,1183.1,{2: 89.0},{2: 608.609},"{0: 0, 1: 0, 2: 0, 3: 0, 4: 0}","{0: 0, 1: 0, 2: 0, 3: 0, 4: 0}","{0: 0, 1: 0, 2: 0, 3: 0, 4: 0}",0,0
none_mencius,30c1s5r5p-zoo,YCSB_A,rw_1000000,concurrent_1,0,0,0,0,0,0,0.0,{},{},{},{},{},0,0
none_mencius,30c1s5r5p-zoo,YCSB_A,rw_1000000,concurrent_10,0,0,0,0,0,0,0.0,{},{},{},{},{},0,0
none_mencius,30c1s5r5p-zoo,YCSB_A,rw_1000000,concurrent_12,0,0,0,0,0,0,0.0,{},{},{},{},{},0,0
none_mencius,30c1s5r5p-zoo,YCSB_A,rw_1000000,concurrent_14,0,0,0,0,0,0,0.0,{},{},{},{},{},0,0
none_mencius,30c1s5r5p-zoo,YCSB_A,rw_1000000,concurrent_16,0,0,0,0,0,0,0.0,{},{},{},{},{},0,0
none_mencius,30c1s5r5p-zoo,YCSB_A,rw_1000000,concurrent_18,0,0,0,0,0,0,0.0,{},{},{},{},{},0,0
none_mencius,30c1s5r5p-zoo,YCSB_A,rw_1000000,concurrent_20,0,0,0,0,0,0,0.0,{},{},{},{},{},0,0
none_mencius,30c1s5r5p-zoo,YCSB_A,rw_1000000,concurrent_25,0,0,0,0,0,0,0.0,{},{},{},{},{},0,0
none_mencius,30c1s5r5p-zoo,YCSB_A,rw_1000000,concurrent_30,0,0,0,0,0,0,0.0,{},{},{},{},{},0,0
none_mencius,30c1s5r5p-zoo,YCSB_A,rw_1000000,concurrent_35,0,0,0,0,0,0,0.0,{},{},{},{},{},0,0
none_mencius,30c1s5r5p-zoo,YCSB_A,rw_1000000,concurrent_40,0,0,0,0,0,0,0.0,{},{},{},{},{},0,0
none_mencius,30c1s5r5p-zoo,YCSB_A,rw_1000000,concurrent_45,0,0,0,0,0,0,0.0,{},{},{},{},{},0,0
none_mencius,30c1s5r5p-zoo,YCSB_A,rw_1000000,concurrent_50,0,0,0,0,0,0,0.0,{},{},{},{},{},0,0
none_mencius,30c1s5r5p-zoo,YCSB_A,rw_1000000,concurrent_55,0,0,0,0,0,0,0.0,{},{},{},{},{},0,0
none_mencius,30c1s5r5p-zoo,YCSB_A,rw_1000000,concurrent_60,0,0,0,0,0,0,0.0,{},{},{},{},{},0,0
none_mencius,30c1s5r5p-zoo,YCSB_A,rw_zipf_1,concurrent_16,0,0,0,0,0,0,0.0,{},{},{},{},{},0,0
none_mencius,30c1s5r5p-zoo,YCSB_A,rw_zipf_0.9,concurrent_16,0,0,0,0,0,0,0.0,{},{},{},{},{},0,0
none_mencius,30c1s5r5p-zoo,YCSB_A,rw_zipf_0.8,concurrent_16,0,0,0,0,0,0,0.0,{},{},{},{},{},0,0
none_mencius,30c1s5r5p-zoo,YCSB_A,rw_zipf_0.7,concurrent_16,0,0,0,0,0,0,0.0,{},{},{},{},{},0,0
none_mencius,30c1s5r5p-zoo,YCSB_A,rw_zipf_0.6,concurrent_16,0,0,0,0,0,0,0.0,{},{},{},{},{},0,0
none_mencius,30c1s5r5p-zoo,YCSB_A,rw_zipf_0.5,concurrent_16,0,0,0,0,0,0,0.0,{},{},{},{},{},0,0
none_mencius,30c1s5r5p-zoo,YCSB_A,rw_1,concurrent_16,0,0,0,0,0,0,0.0,{},{},{},{},{},0,0
none_mencius,30c1s5r5p-zoo,YCSB_A,rw_10,concurrent_16,0,0,0,0,0,0,0.0,{},{},{},{},{},0,0
none_mencius,30c1s5r5p-zoo,YCSB_A,rw_100,concurrent_16,0,0,0,0,0,0,0.0,{},{},{},{},{},0,0
none_mencius,30c1s5r5p-zoo,YCSB_A,rw_1000,concurrent_16,0,0,0,0,0,0,0.0,{},{},{},{},{},0,0
none_mencius,30c1s5r5p-zoo,YCSB_A,rw_10000,concurrent_16,0,0,0,0,0,0,0.0,{},{},{},{},{},0,0
none_mencius,30c1s5r5p-zoo,YCSB_A,rw_100000,concurrent_16,0,0,0,0,0,0,0.0,{},{},{},{},{},0,0
none_mencius,30c1s5r5p-zoo,YCSB_A,rw_1000000,concurrent_16,0,0,0,0,0,0,0.0,{},{},{},{},{},0,0
none_mongodb,30c1s5r5p-zoo,YCSB_A,rw_1000000,concurrent_1,0,204,9588.633545,9590.863720899999,9592.940473460001,9588.776770828432,20.4,"{0: 34.653, 1: 2.02, 2: 7.143, 3: 7.216, 4: 4.0}","{0: 734.865, 1: 524.344, 2: 524.984, 3: 524.0, 4: 525.879}","{0: 0, 1: 0, 2: 0, 3: 0, 4: 0}","{0: 0, 1: 0, 2: 0, 3: 0, 4: 0}","{0: 0, 1: 0, 2: 0, 3: 0, 4: 0}",0,0
none_mongodb,30c1s5r5p-zoo,YCSB_A,rw_1000000,concurrent_10,0,2838,10339.80542,11035.8390136,11236.2676149,10492.150406215997,283.8,{},{},"{0: 0, 1: 0, 2: 0, 3: 0, 4: 0}","{0: 0, 1: 0, 2: 0, 3: 0, 4: 0}","{0: 0, 1: 0, 2: 0, 3: 0, 4: 0}",0,0
none_mongodb,30c1s5r5p-zoo,YCSB_A,rw_1000000,concurrent_20,0,2519,10294.026855,15354.7527346,15559.186894580002,11304.985868533942,251.9,{},{},"{0: 0, 1: 0, 2: 0, 3: 0, 4: 0}","{0: 0, 1: 0, 2: 0, 3: 0, 4: 0}","{0: 0, 1: 0, 2: 0, 3: 0, 4: 0}",0,0
none_mongodb,30c1s5r5p-zoo,YCSB_A,rw_1000000,concurrent_30,0,2672,10034.333129999999,16526.6367183,16695.95694838,11252.57954462163,267.2,{},{},"{0: 0, 1: 0, 2: 0, 3: 0, 4: 0}","{0: 0, 1: 0, 2: 0, 3: 0, 4: 0}","{0: 0, 1: 0, 2: 0, 3: 0, 4: 0}",0,0
none_mongodb,30c1s5r5p-zoo,YCSB_A,rw_1000000,concurrent_35,0,2719,9997.381104,16898.850146200002,17048.69824688,11239.308940865758,271.9,{},{},"{0: 0, 1: 0, 2: 0, 3: 0, 4: 0}","{0: 0, 1: 0, 2: 0, 3: 0, 4: 0}","{0: 0, 1: 0, 2: 0, 3: 0, 4: 0}",0,0
none_mongodb,30c1s5r5p-zoo,YCSB_A,rw_1000000,concurrent_40,0,2796,9940.600097499999,17112.317504500003,17295.81667445,11244.38632968741,279.6,{},{},"{0: 0, 1: 0, 2: 0, 3: 0, 4: 0}","{0: 0, 1: 0, 2: 0, 3: 0, 4: 0}","{0: 0, 1: 0, 2: 0, 3: 0, 4: 0}",0,0
none_mongodb,30c1s5r5p-zoo,YCSB_A,rw_1000000,concurrent_50,0,2765,9990.031006,17458.4088376,17687.32646488,11446.421850912478,276.5,{},{},"{0: 0, 1: 0, 2: 0, 3: 0, 4: 0}","{0: 0, 1: 0, 2: 0, 3: 0, 4: 0}","{0: 0, 1: 0, 2: 0, 3: 0, 4: 0}",0,0
none_mongodb,30c1s5r5p-zoo,YCSB_A,rw_1000000,concurrent_60,0,2578,9873.8494875,17274.855346800003,17750.92850083,10702.895768884408,257.8,{},{},"{0: 0, 1: 0, 2: 0, 3: 0, 4: 0}","{0: 0, 1: 0, 2: 0, 3: 0, 4: 0}","{0: 0, 1: 0, 2: 0, 3: 0, 4: 0}",0,0
none_mongodb,30c1s5r5p-zoo,YCSB_A,rw_1000000,concurrent_70,0,2511,9867.806885,10112.88208,17748.7581791,10523.286288744326,251.1,{},{},"{0: 0, 1: 0, 2: 0, 3: 0, 4: 0}","{0: 0, 1: 0, 2: 0, 3: 0, 4: 0}","{0: 0, 1: 0, 2: 0, 3: 0, 4: 0}",0,0
none_mongodb,30c1s5r5p-zoo,YCSB_A,rw_1000000,concurrent_80,0,2962,9925.832031,18099.0539798,18280.487739099997,11707.893365190072,296.2,{},{},"{0: 0, 1: 0, 2: 0, 3: 0, 4: 0}","{0: 0, 1: 0, 2: 0, 3: 0, 4: 0}","{0: 0, 1: 0, 2: 0, 3: 0, 4: 0}",0,0
none_mongodb,30c1s5r5p-zoo,YCSB_A,rw_1000000,concurrent_90,0,2180,10042.563964500001,10246.164379599999,17743.87172129,10718.028017588073,218.0,{},{},"{0: 0, 1: 0, 2: 0, 3: 0, 4: 0}","{0: 0, 1: 0, 2: 0, 3: 0, 4: 0}","{0: 0, 1: 0, 2: 0, 3: 0, 4: 0}",0,0
none_mongodb,30c1s5r5p-zoo,YCSB_A,rw_1000000,concurrent_100,0,1859,10073.342041,17715.2359862,17789.65182128,10744.538982858528,185.9,{},{},"{0: 0, 1: 0, 2: 0, 3: 0, 4: 0}","{0: 0, 1: 0, 2: 0, 3: 0, 4: 0}","{0: 0, 1: 0, 2: 0, 3: 0, 4: 0}",0,0
none_mongodb,30c1s5r5p-zoo,YCSB_A,rw_1000000,concurrent_110,0,599,10030.467041,10113.3876466,10120.40830588,9862.302569575959,59.9,{},{},{2: 0},{2: 0},{2: 0},0,0
none_mongodb,30c1s5r5p-zoo,YCSB_A,rw_1000000,concurrent_120,0,600,9857.6370845,10044.4931645,10051.89414035,9856.614517858332,60.0,{},{},{0: 0},{0: 0},{0: 0},0,0
none_mongodb,30c1s5r5p-zoo,YCSB_A,rw_zipf_1,concurrent_100,0,3000,10045.61792,18275.5390138,18374.25021973,11353.068374901668,300.0,{},{},"{0: 0, 1: 0, 2: 0, 3: 0, 4: 0}","{0: 0, 1: 0, 2: 0, 3: 0, 4: 0}","{0: 0, 1: 0, 2: 0, 3: 0, 4: 0}",0,0
none_mongodb,30c1s5r5p-zoo,YCSB_A,rw_zipf_0.9,concurrent_100,0,2524,10066.175415000002,18390.1880856,18427.61388941,11314.719294669176,252.4,{},{},"{0: 0, 1: 0, 2: 0, 3: 0, 4: 0}","{0: 0, 1: 0, 2: 0, 3: 0, 4: 0}","{0: 0, 1: 0, 2: 0, 3: 0, 4: 0}",0,0
none_mongodb,30c1s5r5p-zoo,YCSB_A,rw_zipf_0.8,concurrent_100,0,2879,10053.865967,18393.229687799998,18485.14027858,11124.892657804792,287.9,{},{},"{0: 0, 1: 0, 2: 0, 3: 0, 4: 0}","{0: 0, 1: 0, 2: 0, 3: 0, 4: 0}","{0: 0, 1: 0, 2: 0, 3: 0, 4: 0}",0,0
none_mongodb,30c1s5r5p-zoo,YCSB_A,rw_zipf_0.7,concurrent_100,0,2272,10044.584106499999,10271.5846675,17851.9318143,10609.278945237236,227.2,{},{},"{0: 0, 1: 0, 2: 0, 3: 0, 4: 0}","{0: 0, 1: 0, 2: 0, 3: 0, 4: 0}","{0: 0, 1: 0, 2: 0, 3: 0, 4: 0}",0,0
none_mongodb,30c1s5r5p-zoo,YCSB_A,rw_zipf_0.6,concurrent_100,0,2190,10051.963989,10480.9387692,17700.49595736,10690.161418096803,219.0,{},{},"{0: 0, 1: 0, 2: 0, 3: 0, 4: 0}","{0: 0, 1: 0, 2: 0, 3: 0, 4: 0}","{0: 0, 1: 0, 2: 0, 3: 0, 4: 0}",0,0
none_mongodb,30c1s5r5p-zoo,YCSB_A,rw_zipf_0.5,concurrent_100,0,2058,10043.798584,10337.0656008,17802.84231918,10631.711728883867,205.8,{},{},"{0: 0, 1: 0, 2: 0, 3: 0, 4: 0}","{0: 0, 1: 0, 2: 0, 3: 0, 4: 0}","{0: 0, 1: 0, 2: 0, 3: 0, 4: 0}",0,0
none_mongodb,30c1s5r5p-zoo,YCSB_A,rw_1,concurrent_100,0,2826,10045.8759765,18414.2159425,18507.22204575,11152.145858129157,282.6,{},{},"{0: 0, 1: 0, 2: 0, 3: 0, 4: 0}","{0: 0, 1: 0, 2: 0, 3: 0, 4: 0}","{0: 0, 1: 0, 2: 0, 3: 0, 4: 0}",0,0
none_mongodb,30c1s5r5p-zoo,YCSB_A,rw_10,concurrent_100,0,2736,10074.945923,18368.362549,18407.89980465,11244.402396127558,273.6,{},{},"{0: 0, 1: 0, 2: 0, 3: 0, 4: 0}","{0: 0, 1: 0, 2: 0, 3: 0, 4: 0}","{0: 0, 1: 0, 2: 0, 3: 0, 4: 0}",0,0
none_mongodb,30c1s5r5p-zoo,YCSB_A,rw_100,concurrent_100,0,1994,10057.546997000001,15423.493130000315,17896.39445776,10691.416719138917,199.4,{},{},"{0: 0, 1: 0, 2: 0, 3: 0, 4: 0}","{0: 0, 1: 0, 2: 0, 3: 0, 4: 0}","{0: 0, 1: 0, 2: 0, 3: 0, 4: 0}",0,0
none_mongodb,30c1s5r5p-zoo,YCSB_A,rw_1000,concurrent_100,0,2000,10083.2199705,17797.2312008,17831.004360659997,11889.3213703085,200.0,{},{},"{0: 0, 1: 0, 2: 0, 3: 0, 4: 0}","{0: 0, 1: 0, 2: 0, 3: 0, 4: 0}","{0: 0, 1: 0, 2: 0, 3: 0, 4: 0}",0,0
none_mongodb,30c1s5r5p-zoo,YCSB_A,rw_10000,concurrent_100,0,2565,10027.488037,18412.017138799998,18441.47239256,11321.6128485501,256.5,{},{},"{0: 0, 1: 0, 2: 0, 3: 0, 4: 0}","{0: 0, 1: 0, 2: 0, 3: 0, 4: 0}","{0: 0, 1: 0, 2: 0, 3: 0, 4: 0}",0,0
none_mongodb,30c1s5r5p-zoo,YCSB_A,rw_100000,concurrent_100,0,2090,9735.7165525,10269.061108299999,17940.26636447,10616.620423712438,209.0,{},{},"{0: 0, 1: 0, 2: 0, 3: 0, 4: 0}","{0: 0, 1: 0, 2: 0, 3: 0, 4: 0}","{0: 0, 1: 0, 2: 0, 3: 0, 4: 0}",0,0
none_mongodb,30c1s5r5p-zoo,YCSB_A,rw_1000000,concurrent_100,0,1859,10073.342041,17715.2359862,17789.65182128,10744.538982858528,185.9,{},{},"{0: 0, 1: 0, 2: 0, 3: 0, 4: 0}","{0: 0, 1: 0, 2: 0, 3: 0, 4: 0}","{0: 0, 1: 0, 2: 0, 3: 0, 4: 0}",0,0
none_etcd,30c1s5r5p-zoo,YCSB_A,rw_1000000,concurrent_1,0,199,83.437988,84.32416979999999,84.94494648,83.36478508040202,19.9,"{0: 3.03, 1: 2.02, 2: 7.143, 3: 7.071, 4: 3.0}","{0: 530.279, 1: 525.758, 2: 526.668, 3: 525.0, 4: 526.398}","{0: 0, 1: 0, 2: 0, 3: 0, 4: 0}","{0: 0, 1: 0, 2: 0, 3: 0, 4: 0}","{0: 0, 1: 0, 2: 0, 3: 0, 4: 0}",0,0
none_etcd,30c1s5r5p-zoo,YCSB_A,rw_1000000,concurrent_10,0,2859,82.815918,83.90483420000001,84.84540556,82.86420282686255,285.9,"{1: 3.061, 2: 12.0, 3: 10.204, 4: 100.0}","{1: 527.648, 2: 527.469, 3: 525.0, 4: 528.166}","{0: 0, 1: 0, 2: 0, 3: 0, 4: 0}","{0: 0, 1: 0, 2: 0, 3: 0, 4: 0}","{0: 0, 1: 0, 2: 0, 3: 0, 4: 0}",0,0
none_etcd,30c1s5r5p-zoo,YCSB_A,rw_1000000,concurrent_20,0,5840,82.808105,83.8354003,84.70426979999999,82.84384915547945,584.0,"{0: 26.0, 1: 4.04, 2: 15.152, 3: 14.141, 4: 7.071}","{0: 560.93, 1: 528.891, 2: 530.133, 3: 528.0, 4: 530.275}","{0: 0, 1: 0, 2: 0, 3: 0, 4: 0}","{0: 0, 1: 0, 2: 0, 3: 0, 4: 0}","{0: 0, 1: 0, 2: 0, 3: 0, 4: 0}",0,0
none_etcd,30c1s5r5p-zoo,YCSB_A,rw_1000000,concurrent_30,0,8789,82.85791,83.8581542,84.72597652,82.90429935168962,878.9,"{1: 5.051, 2: 16.327, 3: 17.347, 4: 99.0}","{1: 532.059, 2: 533.531, 3: 529.5, 4: 532.785}","{0: 0, 1: 0, 2: 0, 3: 0, 4: 0}","{0: 0, 1: 0, 2: 0, 3: 0, 4: 0}","{0: 0, 1: 0, 2: 0, 3: 0, 4: 0}",0,0
none_etcd,30c1s5r5p-zoo,YCSB_A,rw_1000000,concurrent_40,0,11829,82.844971,83.9021,85.00751016,82.9152239479246,1182.9,"{1: 6.061, 2: 20.792, 3: 20.202, 4: 8.081}","{1: 533.543, 2: 535.547, 3: 532.25, 4: 535.197}","{0: 0, 1: 0, 2: 0, 3: 0, 4: 0}","{0: 0, 1: 0, 2: 0, 3: 0, 4: 0}","{0: 0, 1: 0, 2: 0, 3: 0, 4: 0}",0,0
none_etcd,30c1s5r5p-zoo,YCSB_A,rw_1000000,concurrent_50,0,14790,82.90100100000001,153.56584480000004,3329.0365889700006,230.00194819641644,1479.0,"{1: 12.0, 2: 21.569, 3: 24.242, 4: 8.163}","{1: 536.543, 2: 537.668, 3: 535.0, 4: 537.215}","{0: 0, 1: 0, 2: 0, 3: 0, 4: 0}","{0: 0, 1: 0, 2: 0, 3: 0, 4: 0}","{0: 0, 1: 0, 2: 0, 3: 0, 4: 0}",0,0
none_etcd,30c1s5r5p-zoo,YCSB_A,rw_1000000,concurrent_60,0,17840,82.73291,83.736816,85.55860581,82.86210423974217,1784.0,"{1: 16.162, 2: 23.711, 3: 23.232, 4: 11.0}","{1: 538.246, 2: 539.531, 3: 537.5, 4: 539.57}","{0: 0, 1: 0, 2: 0, 3: 0, 4: 0}","{0: 0, 1: 0, 2: 0, 3: 0, 4: 0}","{0: 0, 1: 0, 2: 0, 3: 0, 4: 0}",0,0
none_etcd,30c1s5r5p-zoo,YCSB_A,rw_1000000,concurrent_70,0,20840,82.758057,83.76709,89.05556433000002,82.96704678013435,2084.0,"{1: 8.081, 2: 27.551, 3: 25.263, 4: 13.0}","{1: 541.629, 2: 541.648, 3: 538.5, 4: 541.846}","{0: 0, 1: 0, 2: 0, 3: 0, 4: 0}","{0: 0, 1: 0, 2: 0, 3: 0, 4: 0}","{0: 0, 1: 0, 2: 0, 3: 0, 4: 0}",0,0
none_etcd,30c1s5r5p-zoo,YCSB_A,rw_1000000,concurrent_80,0,23809,82.927979,84.021973,86.76580095999996,83.1020018912596,2380.9,"{1: 9.091, 2: 29.703, 3: 31.25, 4: 13.265}","{1: 543.695, 2: 544.648, 3: 540.5, 4: 543.939}","{0: 0, 1: 0, 2: 0, 3: 0, 4: 0}","{0: 0, 1: 0, 2: 0, 3: 0, 4: 0}","{0: 0, 1: 0, 2: 0, 3: 0, 4: 0}",0,0
none_etcd,30c1s5r5p-zoo,YCSB_A,rw_1000000,concurrent_90,0,26681,83.116943,84.253174,86.0235842,83.35803786983246,2668.1,"{1: 9.184, 2: 33.663, 3: 31.0, 4: 14.141}","{1: 545.27, 2: 546.191, 3: 543.0, 4: 546.246}","{0: 0, 1: 0, 2: 0, 3: 0, 4: 0}","{0: 0, 1: 0, 2: 0, 3: 0, 4: 0}","{0: 0, 1: 0, 2: 0, 3: 0, 4: 0}",0,0
none_etcd,30c1s5r5p-zoo,YCSB_A,rw_1000000,concurrent_100,0,29809,83.488037,84.899902,92.4742774399999,83.83150605011909,2980.9,"{1: 10.101, 2: 30.612, 3: 31.373, 4: 13.265}","{1: 548.305, 2: 548.5, 3: 545.5, 4: 548.387}","{0: 0, 1: 0, 2: 0, 3: 0, 4: 0}","{0: 0, 1: 0, 2: 0, 3: 0, 4: 0}","{0: 0, 1: 0, 2: 0, 3: 0, 4: 0}",0,0
none_etcd,30c1s5r5p-zoo,YCSB_A,rw_1000000,concurrent_110,0,32609,84.263184,86.47626939999999,99.15293915999996,85.07580911239228,3260.9,"{1: 9.091, 2: 30.303, 3: 29.897, 4: 13.131}","{1: 549.652, 2: 551.293, 3: 548.0, 4: 550.883}","{0: 0, 1: 0, 2: 0, 3: 0, 4: 0}","{0: 0, 1: 0, 2: 0, 3: 0, 4: 0}","{0: 0, 1: 0, 2: 0, 3: 0, 4: 0}",0,0
none_etcd,30c1s5r5p-zoo,YCSB_A,rw_1000000,concurrent_120,0,35774,86.460938,116.67954080000007,340.61308347999966,101.5171474280483,3577.4,"{1: 8.081, 2: 26.263, 3: 26.471, 4: 13.0}","{1: 553.262, 2: 552.998, 3: 550.0, 4: 553.982}","{0: 0, 1: 0, 2: 0, 3: 0, 4: 0}","{0: 0, 1: 0, 2: 0, 3: 0, 4: 0}","{0: 0, 1: 0, 2: 0, 3: 0, 4: 0}",0,0
none_etcd,30c1s5r5p-zoo,YCSB_A,rw_zipf_1,concurrent_120,0,35756,85.956055,92.9520265,222.14847374999917,91.52940826787113,3575.6,"{1: 8.081, 2: 27.273, 3: 26.804, 4: 12.121}","{1: 570.004, 2: 570.75, 3: 567.0, 4: 568.746}","{0: 0, 1: 0, 2: 0, 3: 0, 4: 0}","{0: 0, 1: 0, 2: 0, 3: 0, 4: 0}","{0: 0, 1: 0, 2: 0, 3: 0, 4: 0}",0,0
none_etcd,30c1s5r5p-zoo,YCSB_A,rw_zipf_0.9,concurrent_120,0,35682,85.765137,89.2277098,137.2172727200011,87.33368134328234,3568.2,"{1: 7.143, 2: 29.0, 3: 26.531, 4: 12.121}","{1: 567.793, 2: 568.656, 3: 563.5, 4: 568.172}","{0: 0, 1: 0, 2: 0, 3: 0, 4: 0}","{0: 0, 1: 0, 2: 0, 3: 0, 4: 0}","{0: 0, 1: 0, 2: 0, 3: 0, 4: 0}",0,0
none_etcd,30c1s5r5p-zoo,YCSB_A,rw_zipf_0.8,concurrent_120,0,35751,85.879883,92.021973,220.7869875,91.88591284627003,3575.1,"{1: 8.163, 2: 29.167, 3: 27.723, 4: 12.121}","{1: 569.559, 2: 570.32, 3: 565.5, 4: 568.746}","{0: 0, 1: 0, 2: 0, 3: 0, 4: 0}","{0: 0, 1: 0, 2: 0, 3: 0, 4: 0}","{0: 0, 1: 0, 2: 0, 3: 0, 4: 0}",0,0
none_etcd,30c1s5r5p-zoo,YCSB_A,rw_zipf_0.7,concurrent_120,0,35700,85.779053,88.7983889,127.85515390000023,87.10446249207284,3570.0,"{1: 7.292, 2: 28.713, 3: 27.0, 4: 13.131}","{1: 568.188, 2: 568.678, 3: 564.0, 4: 568.199}","{0: 0, 1: 0, 2: 0, 3: 0, 4: 0}","{0: 0, 1: 0, 2: 0, 3: 0, 4: 0}","{0: 0, 1: 0, 2: 0, 3: 0, 4: 0}",0,0
none_etcd,30c1s5r5p-zoo,YCSB_A,rw_zipf_0.6,concurrent_120,0,35638,86.012939,91.0981931,220.01621366999998,90.94552098350076,3563.8,"{1: 8.081, 2: 27.835, 3: 28.125, 4: 11.224}","{1: 568.074, 2: 568.383, 3: 564.5, 4: 568.109}","{0: 0, 1: 0, 2: 0, 3: 0, 4: 0}","{0: 0, 1: 0, 2: 0, 3: 0, 4: 0}","{0: 0, 1: 0, 2: 0, 3: 0, 4: 0}",0,0
none_etcd,30c1s5r5p-zoo,YCSB_A,rw_zipf_0.5,concurrent_120,0,35700,86.341064,93.32399900000001,252.47228964000024,93.41692516397758,3570.0,"{1: 8.911, 2: 25.0, 3: 26.733, 4: 12.0}","{1: 567.754, 2: 569.42, 3: 565.0, 4: 568.158}","{0: 0, 1: 0, 2: 0, 3: 0, 4: 0}","{0: 0, 1: 0, 2: 0, 3: 0, 4: 0}","{0: 0, 1: 0, 2: 0, 3: 0, 4: 0}",0,0
none_etcd,30c1s5r5p-zoo,YCSB_A,rw_1,concurrent_120,0,35639,85.752197,90.54082000000001,207.77883284000075,90.01122758276045,3563.9,"{1: 8.081, 2: 27.551, 3: 28.0, 4: 12.0}","{1: 552.832, 2: 553.055, 3: 549.5, 4: 370.389}","{0: 0, 1: 0, 2: 0, 3: 0, 4: 0}","{0: 0, 1: 0, 2: 0, 3: 0, 4: 0}","{0: 0, 1: 0, 2: 0, 3: 0, 4: 0}",0,0
none_etcd,30c1s5r5p-zoo,YCSB_A,rw_10,concurrent_120,0,35770,85.403076,87.99292,101.53704860999987,86.23445075501816,3577.0,"{1: 9.0, 2: 28.283, 3: 31.0, 4: 12.245}","{1: 554.09, 2: 554.531, 3: 549.5, 4: 312.773}","{0: 0, 1: 0, 2: 0, 3: 0, 4: 0}","{0: 0, 1: 0, 2: 0, 3: 0, 4: 0}","{0: 0, 1: 0, 2: 0, 3: 0, 4: 0}",0,0
none_etcd,30c1s5r5p-zoo,YCSB_A,rw_100,concurrent_120,0,35749,85.642822,89.677979,211.25642583999993,90.2441772710845,3574.9,"{1: 8.081, 2: 28.713, 3: 28.571, 4: 12.121}","{1: 552.977, 2: 553.35, 3: 550.5, 4: 552.885}","{0: 0, 1: 0, 2: 0, 3: 0, 4: 0}","{0: 0, 1: 0, 2: 0, 3: 0, 4: 0}","{0: 0, 1: 0, 2: 0, 3: 0, 4: 0}",0,0
none_etcd,30c1s5r5p-zoo,YCSB_A,rw_1000,concurrent_120,0,35662,85.813965,96.63496100000002,233.76808386,93.79207454363188,3566.2,"{1: 7.216, 2: 28.0, 3: 28.866, 4: 15.152}","{1: 555.158, 2: 554.527, 3: 550.5, 4: 552.965}","{0: 0, 1: 0, 2: 0, 3: 0, 4: 0}","{0: 0, 1: 0, 2: 0, 3: 0, 4: 0}","{0: 0, 1: 0, 2: 0, 3: 0, 4: 0}",0,0
none_etcd,30c1s5r5p-zoo,YCSB_A,rw_10000,concurrent_120,0,35646,85.761963,90.300903,192.73734150000038,89.08443121654604,3564.6,"{1: 9.0, 2: 27.273, 3: 25.51, 4: 14.433}","{1: 552.816, 2: 553.625, 3: 549.0, 4: 553.088}","{0: 0, 1: 0, 2: 0, 3: 0, 4: 0}","{0: 0, 1: 0, 2: 0, 3: 0, 4: 0}","{0: 0, 1: 0, 2: 0, 3: 0, 4: 0}",0,0
none_etcd,30c1s5r5p-zoo,YCSB_A,rw_100000,concurrent_120,0,35715,85.835205,91.86733360000001,255.2905612,93.72247408962622,3571.5,"{1: 9.0, 2: 28.713, 3: 27.835, 4: 13.0}","{1: 552.957, 2: 552.949, 3: 550.0, 4: 552.975}","{0: 0, 1: 0, 2: 0, 3: 0, 4: 0}","{0: 0, 1: 0, 2: 0, 3: 0, 4: 0}","{0: 0, 1: 0, 2: 0, 3: 0, 4: 0}",0,0
none_etcd,30c1s5r5p-zoo,YCSB_A,rw_1000000,concurrent_120,0,35774,86.460938,116.67954080000007,340.61308347999966,101.5171474280483,3577.4,"{1: 8.081, 2: 26.263, 3: 26.471, 4: 13.0}","{1: 553.262, 2: 552.998, 3: 550.0, 4: 553.982}","{0: 0, 1: 0, 2: 0, 3: 0, 4: 0}","{0: 0, 1: 0, 2: 0, 3: 0, 4: 0}","{0: 0, 1: 0, 2: 0, 3: 0, 4: 0}",0,0
none_zookeeper,30c1s5r5p-zoo,YCSB_A,rw_1000000,concurrent_1,0,196,83.522583,84.453003,85.4384891,83.5064470510204,19.6,"{0: 2.0, 1: 2.02, 2: 7.071, 3: 9.0, 4: 4.0}","{0: 527.176, 1: 524.609, 2: 525.066, 3: 524.0, 4: 525.0}","{0: 0, 1: 0, 2: 0, 3: 0, 4: 0}","{0: 0, 1: 0, 2: 0, 3: 0, 4: 0}","{0: 0, 1: 0, 2: 0, 3: 0, 4: 0}",0,0
none_zookeeper,30c1s5r5p-zoo,YCSB_A,rw_1000000,concurrent_10,0,2856,83.26147449999999,84.3665775,85.22827135,83.27419463760505,285.6,"{0: 13.131, 1: 4.95, 2: 11.224, 3: 10.417, 4: 4.04}","{0: 540.344, 1: 526.328, 2: 527.402, 3: 524.0, 4: 526.801}","{0: 0, 1: 0, 2: 0, 3: 0, 4: 0}","{0: 0, 1: 0, 2: 0, 3: 0, 4: 0}","{0: 0, 1: 0, 2: 0, 3: 0, 4: 0}",0,0
none_zookeeper,30c1s5r5p-zoo,YCSB_A,rw_1000000,concurrent_20,0,5845,83.280029,84.4065916,85.39849612,83.3041462968349,584.5,"{1: 4.04, 2: 14.286, 3: 13.265, 4: 5.102}","{1: 527.719, 2: 529.34, 3: 527.0, 4: 528.611}","{0: 0, 1: 0, 2: 0, 3: 0, 4: 0}","{0: 0, 1: 0, 2: 0, 3: 0, 4: 0}","{0: 0, 1: 0, 2: 0, 3: 0, 4: 0}",0,0
none_zookeeper,30c1s5r5p-zoo,YCSB_A,rw_1000000,concurrent_30,0,8878,83.0946045,84.2415529,85.3572823,83.15278775929264,887.8,"{1: 8.602, 2: 13.542, 3: 17.526, 4: 6.061}","{1: 530.965, 2: 531.701, 3: 529.0, 4: 531.408}","{0: 0, 1: 0, 2: 0, 3: 0, 4: 0}","{0: 0, 1: 0, 2: 0, 3: 0, 4: 0}","{0: 0, 1: 0, 2: 0, 3: 0, 4: 0}",0,0
none_zookeeper,30c1s5r5p-zoo,YCSB_A,rw_1000000,concurrent_40,0,11755,83.105957,84.3165042,85.64330604,83.20710098162485,1175.5,"{1: 5.051, 2: 20.0, 3: 18.182}","{1: 532.508, 2: 534.066, 3: 530.75}","{0: 0, 1: 0, 2: 0, 3: 0, 4: 0}","{0: 0, 1: 0, 2: 0, 3: 0, 4: 0}","{0: 0, 1: 0, 2: 0, 3: 0, 4: 0}",0,0
none_zookeeper,30c1s5r5p-zoo,YCSB_A,rw_1000000,concurrent_50,0,14810,83.014893,84.2898194,86.46889433,83.22121523578663,1481.0,"{1: 7.0, 2: 22.222, 3: 21.212, 4: 8.081}","{1: 535.73, 2: 536.148, 3: 532.5, 4: 535.77}","{0: 0, 1: 0, 2: 0, 3: 0, 4: 0}","{0: 0, 1: 0, 2: 0, 3: 0, 4: 0}","{0: 0, 1: 0, 2: 0, 3: 0, 4: 0}",0,0
none_zookeeper,30c1s5r5p-zoo,YCSB_A,rw_1000000,concurrent_60,0,17807,83.011963,84.3379886,86.53456046,83.21272103706409,1780.7,"{1: 6.186, 2: 24.49, 3: 25.0, 4: 9.184}","{1: 536.871, 2: 538.002, 3: 535.5, 4: 538.018}","{0: 0, 1: 0, 2: 0, 3: 0, 4: 0}","{0: 0, 1: 0, 2: 0, 3: 0, 4: 0}","{0: 0, 1: 0, 2: 0, 3: 0, 4: 0}",0,0
none_zookeeper,30c1s5r5p-zoo,YCSB_A,rw_1000000,concurrent_70,0,20770,83.115967,84.560059,87.86785893000001,83.40774647578237,2077.0,"{1: 8.081, 2: 25.0, 3: 28.283, 4: 11.111}","{1: 540.098, 2: 540.328, 3: 537.0, 4: 540.27}","{0: 0, 1: 0, 2: 0, 3: 0, 4: 0}","{0: 0, 1: 0, 2: 0, 3: 0, 4: 0}","{0: 0, 1: 0, 2: 0, 3: 0, 4: 0}",0,0
none_zookeeper,30c1s5r5p-zoo,YCSB_A,rw_1000000,concurrent_80,0,23821,83.363037,85.169922,91.76918919999999,83.91579510003778,2382.1,"{1: 7.216, 2: 27.551, 3: 25.773, 4: 11.34}","{1: 541.809, 2: 542.701, 3: 539.0, 4: 542.57}","{0: 0, 1: 0, 2: 0, 3: 0, 4: 0}","{0: 0, 1: 0, 2: 0, 3: 0, 4: 0}","{0: 0, 1: 0, 2: 0, 3: 0, 4: 0}",0,0
none_zookeeper,30c1s5r5p-zoo,YCSB_A,rw_1000000,concurrent_90,0,26656,83.609131,85.44946300000001,88.52946820000001,84.07264400761555,2665.6,"{1: 8.163, 2: 28.283, 3: 27.835, 4: 12.121}","{1: 544.008, 2: 544.998, 3: 542.0, 4: 544.502}","{0: 0, 1: 0, 2: 0, 3: 0, 4: 0}","{0: 0, 1: 0, 2: 0, 3: 0, 4: 0}","{0: 0, 1: 0, 2: 0, 3: 0, 4: 0}",0,0
none_zookeeper,30c1s5r5p-zoo,YCSB_A,rw_1000000,concurrent_100,0,29712,84.194092,86.331055,91.85247324,84.6750035253433,2971.2,"{1: 15.789, 2: 28.571, 3: 30.208, 4: 11.458}","{1: 546.281, 2: 546.512, 3: 543.5, 4: 546.625}","{0: 0, 1: 0, 2: 0, 3: 0, 4: 0}","{0: 0, 1: 0, 2: 0, 3: 0, 4: 0}","{0: 0, 1: 0, 2: 0, 3: 0, 4: 0}",0,0
none_zookeeper,30c1s5r5p-zoo,YCSB_A,rw_1000000,concurrent_110,0,32689,85.197021,87.85634759999999,96.9792282,85.91831893985743,3268.9,"{1: 9.0, 2: 28.713, 3: 27.273, 4: 12.121}","{1: 548.527, 2: 549.186, 3: 545.0, 4: 549.07}","{0: 0, 1: 0, 2: 0, 3: 0, 4: 0}","{0: 0, 1: 0, 2: 0, 3: 0, 4: 0}","{0: 0, 1: 0, 2: 0, 3: 0, 4: 0}",0,0
none_zookeeper,30c1s5r5p-zoo,YCSB_A,rw_1000000,concurrent_120,0,35666,86.875,90.3425295,97.54754614999997,87.53603739331575,3566.6,"{1: 7.216, 2: 23.711, 3: 29.412, 4: 11.111}","{1: 551.113, 2: 551.266, 3: 547.0, 4: 551.326}","{0: 0, 1: 0, 2: 0, 3: 0, 4: 0}","{0: 0, 1: 0, 2: 0, 3: 0, 4: 0}","{0: 0, 1: 0, 2: 0, 3: 0, 4: 0}",0,0
none_zookeeper,30c1s5r5p-zoo,YCSB_A,rw_zipf_1,concurrent_160,0,47432,132.0194095,419.0889164,599.1999367600002,195.1546165164446,4743.2,"{1: 6.122, 2: 23.711, 4: 10.101}","{1: 578.637, 2: 580.07, 4: 578.824}","{0: 0, 1: 0, 2: 0, 3: 0, 4: 0}","{0: 0, 1: 0, 2: 0, 3: 0, 4: 0}","{0: 0, 1: 0, 2: 0, 3: 0, 4: 0}",0,0
none_zookeeper,30c1s5r5p-zoo,YCSB_A,rw_zipf_0.9,concurrent_160,0,47751,131.437012,391.208984,577.7214355,189.17621252708844,4775.1,"{1: 6.186, 2: 23.469, 4: 11.111}","{1: 576.586, 2: 576.998, 4: 576.979}","{0: 0, 1: 0, 2: 0, 3: 0, 4: 0}","{0: 0, 1: 0, 2: 0, 3: 0, 4: 0}","{0: 0, 1: 0, 2: 0, 3: 0, 4: 0}",0,0
none_zookeeper,30c1s5r5p-zoo,YCSB_A,rw_zipf_0.8,concurrent_160,0,47365,171.200928,439.66367199999996,580.8529593600001,235.69112744433653,4736.5,"{1: 7.071, 2: 24.742, 3: 22.68, 4: 11.224}","{1: 576.859, 2: 577.639, 3: 573.5, 4: 576.066}","{0: 0, 1: 0, 2: 0, 3: 0, 4: 0}","{0: 0, 1: 0, 2: 0, 3: 0, 4: 0}","{0: 0, 1: 0, 2: 0, 3: 0, 4: 0}",0,0
none_zookeeper,30c1s5r5p-zoo,YCSB_A,rw_zipf_0.7,concurrent_160,0,47640,122.035034,146.205542,175.30031296,124.81093091507138,4764.0,"{1: 7.0, 2: 20.792, 4: 11.0}","{1: 576.336, 2: 576.182, 4: 575.701}","{0: 0, 1: 0, 2: 0, 3: 0, 4: 0}","{0: 0, 1: 0, 2: 0, 3: 0, 4: 0}","{0: 0, 1: 0, 2: 0, 3: 0, 4: 0}",0,0
none_zookeeper,30c1s5r5p-zoo,YCSB_A,rw_zipf_0.6,concurrent_160,0,47595,123.00708,496.4182618,639.5612791999997,224.5612577024687,4759.5,"{1: 7.071, 2: 23.469, 4: 11.111}","{1: 577.506, 2: 579.801, 4: 577.914}","{0: 0, 1: 0, 2: 0, 3: 0, 4: 0}","{0: 0, 1: 0, 2: 0, 3: 0, 4: 0}","{0: 0, 1: 0, 2: 0, 3: 0, 4: 0}",0,0
none_zookeeper,30c1s5r5p-zoo,YCSB_A,rw_zipf_0.5,concurrent_160,0,47508,125.654053,426.19992690000004,602.34476596,193.20718322539363,4750.8,"{1: 6.122, 2: 23.762, 4: 11.111}","{1: 577.172, 2: 577.236, 4: 577.566}","{0: 0, 1: 0, 2: 0, 3: 0, 4: 0}","{0: 0, 1: 0, 2: 0, 3: 0, 4: 0}","{0: 0, 1: 0, 2: 0, 3: 0, 4: 0}",0,0
none_zookeeper,30c1s5r5p-zoo,YCSB_A,rw_1,concurrent_160,0,47706,130.4920655,429.08544900000004,587.2117679999997,209.0960043683394,4770.6,"{1: 15.0, 2: 21.649, 3: 22.449, 4: 11.224}","{1: 562.055, 2: 562.389, 3: 558.5, 4: 560.787}","{0: 0, 1: 0, 2: 0, 3: 0, 4: 0}","{0: 0, 1: 0, 2: 0, 3: 0, 4: 0}","{0: 0, 1: 0, 2: 0, 3: 0, 4: 0}",0,0
none_zookeeper,30c1s5r5p-zoo,YCSB_A,rw_10,concurrent_160,0,47519,107.962158,121.31928700000003,139.38838851999998,109.14835262894843,4751.9,"{1: 6.122, 2: 23.232, 3: 24.0, 4: 10.204}","{1: 560.367, 2: 559.908, 3: 556.25, 4: 560.213}","{0: 0, 1: 0, 2: 0, 3: 0, 4: 0}","{0: 0, 1: 0, 2: 0, 3: 0, 4: 0}","{0: 0, 1: 0, 2: 0, 3: 0, 4: 0}",0,0
none_zookeeper,30c1s5r5p-zoo,YCSB_A,rw_100,concurrent_160,0,47642,121.761963,142.400024,164.50855686999992,123.79531656236092,4764.2,"{1: 6.122, 2: 21.429, 3: 24.742}","{2: 560.879, 3: 554.25}","{0: 0, 1: 0, 2: 0, 3: 0, 4: 0}","{0: 0, 1: 0, 2: 0, 3: 0, 4: 0}","{0: 0, 1: 0, 2: 0, 3: 0, 4: 0}",0,0
none_zookeeper,30c1s5r5p-zoo,YCSB_A,rw_1000,concurrent_160,0,47573,123.176025,438.0983884000001,645.3326956,196.21551045164276,4757.3,"{1: 7.071, 2: 23.0, 3: 23.469, 4: 12.0}","{1: 561.176, 2: 561.969, 3: 559.0, 4: 562.836}","{0: 0, 1: 0, 2: 0, 3: 0, 4: 0}","{0: 0, 1: 0, 2: 0, 3: 0, 4: 0}","{0: 0, 1: 0, 2: 0, 3: 0, 4: 0}",0,0
none_zookeeper,30c1s5r5p-zoo,YCSB_A,rw_10000,concurrent_160,0,47669,123.136963,348.1880368000001,555.7833495599999,174.65533143176907,4766.9,"{1: 6.122, 2: 23.711, 3: 22.68, 4: 11.111}","{1: 561.68, 2: 561.586, 3: 560.0, 4: 561.41}","{0: 0, 1: 0, 2: 0, 3: 0, 4: 0}","{0: 0, 1: 0, 2: 0, 3: 0, 4: 0}","{0: 0, 1: 0, 2: 0, 3: 0, 4: 0}",0,0
none_zookeeper,30c1s5r5p-zoo,YCSB_A,rw_100000,concurrent_160,0,47496,117.87695350000001,473.147461,645.5757933000001,203.43192372222927,4749.6,"{1: 6.186, 2: 24.49, 3: 23.232, 4: 11.0}","{1: 562.012, 2: 560.863, 3: 557.25, 4: 562.021}","{0: 0, 1: 0, 2: 0, 3: 0, 4: 0}","{0: 0, 1: 0, 2: 0, 3: 0, 4: 0}","{0: 0, 1: 0, 2: 0, 3: 0, 4: 0}",0,0
none_zookeeper,30c1s5r5p-zoo,YCSB_A,rw_1000000,concurrent_160,0,47712,161.619629,533.1338377000001,672.6305760599998,262.7549364872988,4771.2,"{1: 7.0, 2: 22.222, 3: 22.449, 4: 11.0}","{1: 563.191, 2: 561.699, 3: 560.0, 4: 560.664}","{0: 0, 1: 0, 2: 0, 3: 0, 4: 0}","{0: 0, 1: 0, 2: 0, 3: 0, 4: 0}","{0: 0, 1: 0, 2: 0, 3: 0, 4: 0}",0,0
rule_raft,30c1s5r5p-zoo,YCSB_A,rw_1000000,concurrent_1,0,198,78.46606449999999,90.1293213,93.99812015,78.8460952070707,19.8,"{0: 33.077, 2: 12.222, 3: 15.385, 4: 7.527}","{0: 525.859, 2: 526.184, 3: 525.0, 4: 525.717}","{0: 0, 1: 0, 2: 0, 3: 0, 4: 0}","{0: 0, 1: 0, 2: 0, 3: 0, 4: 0}","{0: 0, 1: 0, 2: 0, 3: 0, 4: 0}",0,0
rule_raft,30c1s5r5p-zoo,YCSB_A,rw_1000000,concurrent_10,0,2863,77.105957,85.6967776,91.19109360000002,77.06560081348236,286.3,"{2: 20.0, 3: 19.565}","{2: 540.279, 3: 536.5}","{0: 0, 1: 0, 2: 0, 3: 0, 4: 0}","{0: 0, 1: 0, 2: 0, 3: 0, 4: 0}","{0: 0, 1: 0, 2: 0, 3: 0, 4: 0}",0,0
rule_raft,30c1s5r5p-zoo,YCSB_A,rw_1000000,concurrent_20,0,5858,77.9289555,85.7703128,91.75904305,78.01754542830318,585.8,"{0: 19.192, 1: 5.495, 2: 23.596, 3: 22.222}","{0: 554.725, 1: 554.418, 2: 555.248, 3: 552.75}","{0: 0, 1: 0, 2: 0, 3: 0, 4: 0}","{0: 0, 1: 0, 2: 0, 3: 0, 4: 0}","{0: 0, 1: 0, 2: 0, 3: 0, 4: 0}",0,0
rule_raft,30c1s5r5p-zoo,YCSB_A,rw_1000000,concurrent_40,0,11793,81.440186,88.6748536,94.54126984,81.5136429786314,1179.3,"{2: 37.778, 3: 38.462}","{2: 588.51, 3: 585.0}","{0: 0, 1: 0, 2: 0, 3: 0, 4: 0}","{0: 0, 1: 0, 2: 0, 3: 0, 4: 0}","{0: 0, 1: 0, 2: 0, 3: 0, 4: 0}",0,0
rule_raft,30c1s5r5p-zoo,YCSB_A,rw_1000000,concurrent_60,0,17784,83.99743649999999,92.1755614,405.0723924499996,92.6657415853014,1778.4,{2: 44.086},{2: 621.088},"{0: 0, 1: 0, 2: 0, 3: 0, 4: 0}","{0: 0, 1: 0, 2: 0, 3: 0, 4: 0}","{0: 0, 1: 0, 2: 0, 3: 0, 4: 0}",0,0
rule_raft,30c1s5r5p-zoo,YCSB_A,rw_1000000,concurrent_80,0,23784,89.452881,100.106055,268.61712444999995,95.34631237907837,2378.4,{3: 60.638},{3: 643.75},"{0: 0, 1: 0, 2: 0, 3: 0, 4: 0}","{0: 0, 1: 0, 2: 0, 3: 0, 4: 0}","{0: 0, 1: 0, 2: 0, 3: 0, 4: 0}",0,0
rule_raft,30c1s5r5p-zoo,YCSB_A,rw_1000000,concurrent_100,0,29758,100.7805175,184.30031729999996,445.0976272100001,123.2940385793064,2975.8,{},{},"{0: 0, 1: 0, 2: 0, 3: 0, 4: 0}","{0: 0, 1: 0, 2: 0, 3: 0, 4: 0}","{0: 0, 1: 0, 2: 0, 3: 0, 4: 0}",0,0
rule_raft,30c1s5r5p-zoo,YCSB_A,rw_1000000,concurrent_120,0,35685,102.984863,127.34296880000004,444.90822279999963,116.10698339638503,3568.5,{},{},"{0: 0, 1: 0, 2: 0, 3: 0, 4: 0}","{0: 0, 1: 0, 2: 0, 3: 0, 4: 0}","{0: 0, 1: 0, 2: 0, 3: 0, 4: 0}",0,0
rule_raft,30c1s5r5p-zoo,YCSB_A,rw_1000000,concurrent_140,0,35412,2522.274414,2865.2505863,2980.9470899,2524.856017029482,3541.2,{},{},"{0: 0, 1: 0, 2: 0, 3: 0, 4: 0}","{0: 0, 1: 0, 2: 0, 3: 0, 4: 0}","{0: 0, 1: 0, 2: 0, 3: 0, 4: 0}",0,0
rule_raft,30c1s5r5p-zoo,YCSB_A,rw_1000000,concurrent_150,0,43071,1760.070068,2093.964111,2297.5364499,1762.6022749141882,4307.1,{},{},"{0: 0, 1: 0, 2: 0, 3: 0, 4: 0}","{0: 0, 1: 0, 2: 0, 3: 0, 4: 0}","{0: 0, 1: 0, 2: 0, 3: 0, 4: 0}",0,0
rule_raft,30c1s5r5p-zoo,YCSB_A,rw_1000000,concurrent_160,0,32536,2565.8624265,2919.9050294999997,3239.6481811,2611.8695053381794,3253.6,{},{},"{0: 0, 1: 0, 2: 0, 3: 0, 4: 0}","{0: 0, 1: 0, 2: 0, 3: 0, 4: 0}","{0: 0, 1: 0, 2: 0, 3: 0, 4: 0}",0,0
rule_raft,30c1s5r5p-zoo,YCSB_A,rw_1000000,concurrent_170,0,31693,2708.898926,3062.810254,3120.15519496,2669.6921934909915,3169.3,{},{},"{0: 0, 1: 0, 2: 0, 3: 0, 4: 0}","{0: 0, 1: 0, 2: 0, 3: 0, 4: 0}","{0: 0, 1: 0, 2: 0, 3: 0, 4: 0}",0,0
rule_raft,30c1s5r5p-zoo,YCSB_A,rw_1000000,concurrent_180,0,44602,1849.3514405,2233.3366944,2729.499970939998,1894.3733277091387,4460.2,{},{},"{0: 0, 1: 0, 2: 0, 3: 0, 4: 0}","{0: 0, 1: 0, 2: 0, 3: 0, 4: 0}","{0: 0, 1: 0, 2: 0, 3: 0, 4: 0}",0,0
rule_raft,30c1s5r5p-zoo,YCSB_A,rw_1000000,concurrent_190,0,33953,2542.263184,3261.7837894,3364.9718458400002,2573.061533797072,3395.3,{},{},"{0: 0, 1: 0, 2: 0, 3: 0, 4: 0}","{0: 0, 1: 0, 2: 0, 3: 0, 4: 0}","{0: 0, 1: 0, 2: 0, 3: 0, 4: 0}",0,0
rule_raft,30c1s5r5p-zoo,YCSB_A,rw_1000000,concurrent_200,0,33517,2330.335938,2792.1974606,2900.22380852,2283.771638128204,3351.7,{},{},"{0: 0, 1: 0, 2: 0, 3: 0, 4: 0}","{0: 0, 1: 0, 2: 0, 3: 0, 4: 0}","{0: 0, 1: 0, 2: 0, 3: 0, 4: 0}",0,0
rule_raft,30c1s5r5p-zoo,YCSB_A,rw_1000000,concurrent_250,0,29012,2442.5145265,2942.1267092000003,2980.23312716,2463.2634189794226,2901.2,{},{},"{0: 0, 1: 0, 2: 0, 3: 0, 4: 0}","{0: 0, 1: 0, 2: 0, 3: 0, 4: 0}","{0: 0, 1: 0, 2: 0, 3: 0, 4: 0}",0,0
rule_raft,30c1s5r5p-zoo,YCSB_A,rw_1000000,concurrent_300,0,50083,1722.955811,2083.6136718000002,2139.5455175399998,1800.7704373033564,5008.3,{},{},"{0: 0, 1: 0, 2: 0, 3: 0, 4: 0}","{0: 0, 1: 0, 2: 0, 3: 0, 4: 0}","{0: 0, 1: 0, 2: 0, 3: 0, 4: 0}",0,0
rule_raft,30c1s5r5p-zoo,YCSB_A,rw_1000000,concurrent_400,0,35977,2459.327881,2894.784619,2949.7956248799997,2534.3240571025376,3597.7,{},{},"{0: 0, 1: 0, 2: 0, 3: 0, 4: 0}","{0: 0, 1: 0, 2: 0, 3: 0, 4: 0}","{0: 0, 1: 0, 2: 0, 3: 0, 4: 0}",0,0
rule_raft,30c1s5r5p-zoo,YCSB_A,rw_1000000,concurrent_500,0,27000,3285.988037,3528.5019043,3568.40854005,3276.09652964937,2700.0,{},{},"{0: 0, 1: 0, 2: 0, 3: 0, 4: 0}","{0: 0, 1: 0, 2: 0, 3: 0, 4: 0}","{0: 0, 1: 0, 2: 0, 3: 0, 4: 0}",0,0
rule_raft,30c1s5r5p-zoo,YCSB_A,rw_1000000,concurrent_750,0,27262,2757.637451,2950.9213867,3014.73956034,2775.3531832989875,2726.2,{},{},"{0: 0, 1: 0, 2: 0, 3: 0, 4: 0}","{0: 0, 1: 0, 2: 0, 3: 0, 4: 0}","{0: 0, 1: 0, 2: 0, 3: 0, 4: 0}",0,0
rule_raft,30c1s5r5p-zoo,YCSB_A,rw_1000000,concurrent_1000,0,27000,3114.4490965,3501.9690189000003,3539.73546589,3211.0906820299633,2700.0,{},{},"{0: 0, 1: 0, 2: 0, 3: 0, 4: 0}","{0: 0, 1: 0, 2: 0, 3: 0, 4: 0}","{0: 0, 1: 0, 2: 0, 3: 0, 4: 0}",0,0
rule_raft,30c1s5r5p-zoo,YCSB_A,rw_1000000,concurrent_1,101,199,41.427979,42.1399904,42.78604006,41.486599266331666,19.9,"{0: 31.496, 2: 15.957, 3: 16.304, 4: 6.667}","{0: 526.857, 2: 526.4, 3: 526.0, 4: 526.74}","{0: 39, 1: 41, 2: 42, 3: 40, 4: 37}","{0: 39, 1: 41, 2: 42, 3: 40, 4: 37}","{0: 39, 1: 41, 2: 42, 3: 40, 4: 37}",100.0,100.0
rule_raft,30c1s5r5p-zoo,YCSB_A,rw_1000000,concurrent_10,101,2861,41.904053,42.767822,43.7918456,41.97614259070255,286.1,"{0: 29.412, 1: 9.574, 2: 26.374}","{0: 542.205, 1: 541.559, 2: 542.418}","{0: 567, 1: 579, 2: 569, 3: 580, 4: 566}","{0: 567, 1: 579, 2: 569, 3: 580, 4: 566}","{0: 567, 1: 579, 2: 569, 3: 580, 4: 566}",100.0,100.0
rule_raft,30c1s5r5p-zoo,YCSB_A,rw_1000000,concurrent_20,101,5842,41.933838,42.823975,46.99922334000001,42.17601864601164,584.2,{2: 38.462},{2: 559.963},"{0: 1178, 1: 1158, 2: 1165, 3: 1177, 4: 1164}","{0: 1178, 1: 1158, 2: 1165, 3: 1177, 4: 1164}","{0: 1178, 1: 1158, 2: 1165, 3: 1177, 4: 1164}",100.0,100.0
rule_raft,30c1s5r5p-zoo,YCSB_A,rw_1000000,concurrent_40,101,11835,42.321045,48.1136232,54.34982929999999,43.490010423067176,1183.5,"{1: 21.277, 2: 58.333, 3: 64.286}","{1: 591.734, 2: 592.176, 3: 590.25}","{0: 2361, 1: 2355, 2: 2370, 3: 2389, 4: 2360}","{0: 2361, 1: 2354, 2: 2369, 3: 2389, 4: 2360}","{0: 2361, 1: 2354, 2: 2369, 3: 2389, 4: 2360}",99.98310097169413,99.98310097169413
rule_raft,30c1s5r5p-zoo,YCSB_A,rw_1000000,concurrent_60,101,17812,42.824951,55.3940186,199.74135244999945,49.41127240062879,1781.2,{2: 78.571},{2: 630.396},"{0: 3596, 1: 3552, 2: 3593, 3: 3534, 4: 3537}","{0: 3596, 1: 3552, 2: 3592, 3: 3534, 4: 3537}","{0: 3559, 1: 3511, 2: 3551, 3: 3498, 4: 3497}",99.99438580732091,98.89961823489782
rule_raft,30c1s5r5p-zoo,YCSB_A,rw_1000000,concurrent_80,101,23704,45.751587,66.7501953,87.29841284000003,50.99201433361458,2370.4,{3: 90.909},{3: 660.0},"{0: 4779, 1: 4725, 2: 4710, 3: 4758, 4: 4732}","{0: 4777, 1: 4725, 2: 4709, 3: 4758, 4: 4732}","{0: 4756, 1: 4707, 2: 4683, 3: 4736, 4: 4712}",99.98734390820115,99.53594330070874
rule_raft,30c1s5r5p-zoo,YCSB_A,rw_1000000,concurrent_100,101,29782,82.91308599999999,253.51345180000007,421.7674686599999,120.8610864638372,2978.2,{2: 86.869},{2: 701.752},"{0: 5939, 1: 5963, 2: 5993, 3: 5915, 4: 5969}","{0: 5938, 1: 5955, 2: 5989, 3: 5911, 4: 5962}","{0: 5878, 1: 5908, 2: 5942, 3: 5904, 4: 5898}",99.91940629302529,99.16384029013734
rule_raft,30c1s5r5p-zoo,YCSB_A,rw_1000000,concurrent_120,101,35594,59.3640135,148.028003,553.2006051199995,87.60298607532168,3559.4,{2: 90.909},{2: 732.949},"{0: 7108, 1: 7088, 2: 7181, 3: 7097, 4: 7117}","{0: 7106, 1: 7087, 2: 7180, 3: 7092, 4: 7114}","{0: 7050, 1: 6998, 2: 7082, 3: 6993, 4: 7029}",99.96628361102526,98.76654210334073
rule_raft,30c1s5r5p-zoo,YCSB_A,rw_1000000,concurrent_140,101,41659,83.822021,222.89584960000005,410.7547411199997,113.267992891356,4165.9,{3: 91.837},{3: 763.0},"{0: 8352, 1: 8326, 2: 8306, 3: 8321, 4: 8354}","{0: 8343, 1: 8322, 2: 8299, 3: 8318, 4: 8351}","{0: 8309, 1: 8263, 2: 8264, 3: 8314, 4: 8305}",99.937588516287,99.51030989702105
rule_raft,30c1s5r5p-zoo,YCSB_A,rw_1000000,concurrent_150,101,27612,1989.9764405,3143.7713622,4103.351191579997,1953.2241429895698,2761.2,{},{},"{0: 6491, 1: 6561, 3: 5339, 4: 6594}","{0: 5022, 1: 5007, 3: 3354, 4: 5042}","{0: 5022, 1: 5007, 3: 3354, 4: 5042}",73.74424654792875,73.74424654792875
rule_raft,30c1s5r5p-zoo,YCSB_A,rw_1000000,concurrent_160,101,20974,1928.530518,2713.2035401000003,3342.1718386800003,1888.939467129732,2097.4,{4: 100.0},{4: 1387.561},"{0: 5978, 1: 4629, 2: 4957}","{0: 4885, 1: 3571, 2: 3940}","{0: 4885, 1: 3571, 2: 3940}",79.64533538936006,79.64533538936006
rule_raft,30c1s5r5p-zoo,YCSB_A,rw_1000000,concurrent_170,101,23574,2106.2420655,3035.286963,4085.5943258800003,2009.8953600469163,2357.4,{},{},"{1: 5723, 2: 5109, 3: 6458}","{1: 4914, 2: 4369, 3: 4786}","{1: 4914, 2: 4369, 3: 4786}",81.37073452862927,81.37073452862927
rule_raft,30c1s5r5p-zoo,YCSB_A,rw_1000000,concurrent_180,101,42446,1402.380005,2168.3005375000002,2446.19703375,1400.3829341703342,4244.6,{},{},"{0: 8737, 1: 8615, 2: 9034, 3: 8728, 4: 8822}","{0: 8414, 1: 8347, 2: 7668, 3: 8465, 4: 8530}","{0: 8414, 1: 8347, 2: 7668, 3: 8465, 4: 8530}",94.28259286234523,94.28259286234523
rule_raft,30c1s5r5p-zoo,YCSB_A,rw_1000000,concurrent_190,101,29617,2448.369141,3478.5576172,4353.10514656,2325.3357859125163,2961.7,{},{},"{0: 5888, 1: 6280, 2: 6251, 4: 6739}","{0: 4623, 1: 4919, 2: 4804, 4: 5009}","{0: 4623, 1: 4919, 2: 4804, 4: 5009}",76.93377851975515,76.93377851975515
rule_raft,30c1s5r5p-zoo,YCSB_A,rw_1000000,concurrent_200,101,25959,2334.483154,2973.9924804,3250.9925926,2212.122664297469,2595.9,{4: 100.0},{4: 1450.938},{3: 6627},{3: 4909},{3: 4909},74.07575071676474,74.07575071676474
rule_raft,30c1s5r5p-zoo,YCSB_A,rw_1000000,concurrent_250,101,23974,1599.275024,2671.3420896000002,3677.8329101500003,1923.0806026818636,2397.4,{},{},"{1: 9268, 3: 8806}","{1: 8941, 3: 8489}","{1: 8941, 3: 8489}",96.43687064291247,96.43687064291247
rule_raft,30c1s5r5p-zoo,YCSB_A,rw_1000000,concurrent_300,101,34076,1748.951416,2311.5891115,2391.4040525,1730.778216371728,3407.6,{},{},"{1: 8293, 2: 9060, 3: 8798, 4: 9235}","{1: 7972, 2: 8699, 3: 8500, 4: 8904}","{1: 7972, 2: 8699, 3: 8500, 4: 8904}",96.29514497258803,96.29514497258803
rule_raft,30c1s5r5p-zoo,YCSB_A,rw_1000000,concurrent_400,101,32471,1938.310059,2564.578125,3019.8310057,1926.126614023159,3247.1,{},{},"{0: 7717, 1: 6338, 3: 7856}","{0: 7467, 1: 6076, 3: 7566}","{0: 7467, 1: 6076, 3: 7566}",96.33973803112592,96.33973803112592
rule_raft,30c1s5r5p-zoo,YCSB_A,rw_1000000,concurrent_500,101,31582,2756.315918,3525.3610595,4051.62196051,2653.58872439703,3158.2,{},{},"{0: 6970, 1: 6707, 2: 6689, 4: 6459}","{0: 6806, 1: 6529, 2: 6504, 4: 6312}","{0: 6806, 1: 6529, 2: 6504, 4: 6312}",97.4874184529357,97.4874184529357
rule_raft,30c1s5r5p-zoo,YCSB_A,rw_1000000,concurrent_750,101,27589,2738.695068,3482.1299320000003,3590.80025428,2628.444630927979,2758.9,{},{},"{1: 6229, 2: 5357}","{1: 4747, 2: 3626}","{1: 4747, 2: 3626}",72.26825479026411,72.26825479026411
rule_raft,30c1s5r5p-zoo,YCSB_A,rw_1000000,concurrent_1000,101,17417,2693.191162,3838.9880858,3868.47172876,2915.5190547330762,1741.7,{},{},"{2: 5280, 3: 5819}","{2: 5144, 3: 5661}","{2: 5144, 3: 5661}",97.35111271285702,97.35111271285702
rule_raft,30c1s5r5p-zoo,YCSB_A,rw_1000000,concurrent_1,100,201,41.546143,42.190918,42.843018,41.57818258208955,20.1,"{0: 15.789, 1: 4.348, 2: 14.13, 4: 7.692}","{0: 526.658, 1: 525.605, 2: 526.477, 4: 526.439}","{0: 38, 1: 43, 2: 39, 3: 38, 4: 43}","{0: 38, 1: 43, 2: 39, 3: 38, 4: 43}","{0: 38, 1: 43, 2: 39, 3: 38, 4: 43}",100.0,100.0
rule_raft,30c1s5r5p-zoo,YCSB_A,rw_1000000,concurrent_10,100,2850,41.691162,42.409033599999994,43.75103997,41.75135036421052,285.0,"{0: 20.192, 1: 10.526, 2: 27.174, 3: 27.174}","{0: 541.908, 1: 541.535, 2: 542.238, 3: 537.5}","{0: 572, 1: 568, 2: 579, 3: 563, 4: 568}","{0: 572, 1: 568, 2: 579, 3: 563, 4: 568}","{0: 572, 1: 568, 2: 579, 3: 563, 4: 568}",100.0,100.0
rule_raft,30c1s5r5p-zoo,YCSB_A,rw_1000000,concurrent_20,100,5846,42.437988,43.979980499999996,49.84578890000002,43.01363688008895,584.6,{},{},"{0: 1178, 1: 1162, 2: 1174, 3: 1173, 4: 1159}","{0: 1178, 1: 1162, 2: 1174, 3: 1173, 4: 1159}","{0: 1178, 1: 1162, 2: 1174, 3: 1173, 4: 1159}",100.0,100.0
rule_raft,30c1s5r5p-zoo,YCSB_A,rw_1000000,concurrent_40,100,11869,42.359131,48.8463866,79.04481447999989,44.305122339034455,1186.9,"{2: 58.586, 3: 63.265}","{2: 594.803, 3: 592.75}","{0: 2356, 1: 2380, 2: 2382, 3: 2389, 4: 2362}","{0: 2356, 1: 2380, 2: 2382, 3: 2389, 4: 2361}","{0: 2356, 1: 2380, 2: 2382, 3: 2389, 4: 2361}",99.99157469036987,99.99157469036987
rule_raft,30c1s5r5p-zoo,YCSB_A,rw_1000000,concurrent_60,100,17706,42.826049999999995,55.5715335,232.65454145000007,49.69309998396024,1770.6,{2: 77.228},{2: 629.498},"{0: 3544, 1: 3576, 2: 3549, 3: 3503, 4: 3534}","{0: 3544, 1: 3576, 2: 3548, 3: 3503, 4: 3534}","{0: 3523, 1: 3560, 2: 3533, 3: 3485, 4: 3506}",99.99435219699537,99.44086750254151
rule_raft,30c1s5r5p-zoo,YCSB_A,rw_1000000,concurrent_80,100,8800,6916.8100585,9473.9512691,10377.91739984,6282.962159551136,880.0,{2: 67.327},{2: 847.844},"{0: 1788, 1: 2104, 2: 1577, 3: 2051, 4: 1416}","{0: 1351, 1: 1610, 2: 1475, 3: 1641, 4: 1369}","{0: 1351, 1: 1610, 2: 1475, 3: 1641, 4: 1369}",83.32587287376903,83.32587287376903
rule_raft,30c1s5r5p-zoo,YCSB_A,rw_1000000,concurrent_100,100,29740,82.6679685,204.1097169,343.8533884600001,107.85299511274377,2974.0,{1: 44.33},{1: 696.172},"{0: 5954, 1: 5933, 2: 5954, 3: 5959, 4: 5940}","{0: 5951, 1: 5924, 2: 5951, 3: 5953, 4: 5934}","{0: 5945, 1: 5919, 2: 5941, 3: 5940, 4: 5930}",99.90921318090115,99.78143913920646
rule_raft,30c1s5r5p-zoo,YCSB_A,rw_1000000,concurrent_120,100,28932,1450.746948,2970.0985595,7185.607690169996,1655.546578474388,2893.2,{4: 100.0},{4: 1256.484},"{1: 6837, 2: 6929, 3: 6841, 4: 6942}","{1: 6684, 2: 6786, 3: 6713, 4: 6800}","{1: 6684, 2: 6786, 3: 6713, 4: 6800}",97.94547896475372,97.94547896475372
rule_raft,30c1s5r5p-zoo,YCSB_A,rw_1000000,concurrent_140,100,41741,237.110107,503.380127,865.1811035999996,278.876172972545,4174.1,{},{},"{0: 8318, 1: 8304, 2: 8330, 3: 8382, 4: 8406}","{0: 8290, 1: 8279, 2: 8308, 3: 8358, 4: 8377}","{0: 8223, 1: 8205, 2: 8277, 3: 8296, 4: 8307}",99.69333972208912,98.9650215620508
rule_raft,30c1s5r5p-zoo,YCSB_A,rw_1000000,concurrent_150,100,31534,1783.559082,3226.2086912,3560.0621169799974,1761.2467968234603,3153.4,{4: 100.0},{4: 1454.908},"{2: 6141, 3: 5487}","{2: 5980, 3: 5338}","{2: 5980, 3: 5338}",97.33402132782938,97.33402132782938
rule_raft,30c1s5r5p-zoo,YCSB_A,rw_1000000,concurrent_160,100,25066,2345.6485595000004,3283.095459,3442.6924559499994,2321.0903200412113,2506.6,{4: 100.0},{4: 1478.988},{3: 5893},{3: 5709},{3: 5709},96.87765145087391,96.87765145087391
rule_raft,30c1s5r5p-zoo,YCSB_A,rw_1000000,concurrent_170,100,19193,1958.141113,2968.2630857999998,3835.04766584,1924.034031811285,1919.3,{4: 100.0},{4: 1513.094},"{2: 4364, 3: 5121}","{2: 2194, 3: 3189}","{2: 2194, 3: 3189}",56.752767527675275,56.752767527675275
rule_raft,30c1s5r5p-zoo,YCSB_A,rw_1000000,concurrent_180,100,30626,1723.666626,2831.7454835,3998.99377425,1847.8923450989028,3062.6,{4: 98.99},{4: 1435.398},"{1: 4812, 3: 4938}","{1: 3627, 3: 3616}","{1: 3627, 3: 3616}",74.28717948717949,74.28717948717949
rule_raft,30c1s5r5p-zoo,YCSB_A,rw_1000000,concurrent_190,100,20321,1902.875,3177.11499,4183.1270998,1976.3630847932682,2032.1,{3: 97.959},{3: 1437.75},"{0: 3202, 2: 4025, 3: 3839}","{0: 1881, 2: 2821, 3: 2303}","{0: 1881, 2: 2821, 3: 2303}",63.30200614494849,63.30200614494849
rule_raft,30c1s5r5p-zoo,YCSB_A,rw_1000000,concurrent_200,100,36129,1507.705078,2253.6713866,3336.0055955600005,1566.139883377287,3612.9,{},{},"{0: 8016, 1: 8148, 3: 7021, 4: 8241}","{0: 7720, 1: 7861, 3: 6631, 4: 7939}","{0: 7720, 1: 7861, 3: 6631, 4: 7939}",95.94284986953478,95.94284986953478
rule_raft,30c1s5r5p-zoo,YCSB_A,rw_1000000,concurrent_250,100,44281,1519.037842,2180.336914,2533.7879396,1667.875699655834,4428.1,{},{},"{0: 9371, 1: 9324, 2: 8862, 3: 9024, 4: 9446}","{0: 9041, 1: 8984, 2: 8488, 3: 8659, 4: 9109}","{0: 9041, 1: 8984, 2: 8488, 3: 8659, 4: 9109}",96.20657440198144,96.20657440198144
rule_raft,30c1s5r5p-zoo,YCSB_A,rw_1000000,concurrent_300,100,27510,2053.1140134999996,2661.62334,3353.72364744,2126.045768192257,2751.0,{},{},"{0: 7992, 2: 8178, 3: 6762}","{0: 7733, 2: 7897, 3: 6513}","{0: 7733, 2: 7897, 3: 6513}",96.55939298796442,96.55939298796442
rule_raft,30c1s5r5p-zoo,YCSB_A,rw_1000000,concurrent_400,100,16602,2476.0665280000003,2896.7953853,3219.7217949,2355.171471033128,1660.2,{},{},"{2: 5442, 3: 5200}","{2: 3596, 3: 3489}","{2: 3596, 3: 3489}",66.57583161059951,66.57583161059951
rule_raft,30c1s5r5p-zoo,YCSB_A,rw_1000000,concurrent_500,100,35782,1979.887573,2936.7938474,3685.6549294799997,2225.3798952450957,3578.2,{},{},"{0: 7999, 1: 7957}","{0: 7765, 1: 7689}","{0: 7765, 1: 7689}",96.85384808222612,96.85384808222612
rule_raft,30c1s5r5p-zoo,YCSB_A,rw_1000000,concurrent_750,100,29140,2510.7540285,2890.7736813,3292.29229022,2100.679718972615,2914.0,{},{},"{1: 5399, 2: 5313, 4: 5563}","{1: 5283, 2: 3300, 4: 3610}","{1: 5283, 2: 3300, 4: 3610}",74.91858678955454,74.91858678955454
rule_raft,30c1s5r5p-zoo,YCSB_A,rw_1000000,concurrent_1000,100,25240,1568.9278565,1894.6465087,2424.2463795599997,1569.4363425095482,2524.0,{},{},"{2: 9144, 3: 9182, 4: 7797}","{2: 7474, 3: 7510, 4: 7508}","{2: 7474, 3: 7510, 4: 7508}",86.10037132029247,86.10037132029247
rule_raft,30c1s5r5p-zoo,YCSB_A,rw_zipf_1,concurrent_100,0,29640,92.52001949999999,106.32116730000006,317.5275904100001,100.48975853626855,2964.0,{},{},"{0: 0, 1: 0, 2: 0, 3: 0, 4: 0}","{0: 0, 1: 0, 2: 0, 3: 0, 4: 0}","{0: 0, 1: 0, 2: 0, 3: 0, 4: 0}",0,0
rule_raft,30c1s5r5p-zoo,YCSB_A,rw_zipf_1,concurrent_100,101,29783,66.309082,166.0689942,536.3409476600001,98.33046469351643,2978.3,{3: 89.691},{3: 697.75},"{0: 5981, 1: 5923, 2: 5952, 3: 5977, 4: 5951}","{0: 4312, 1: 4323, 2: 4390, 3: 4332, 4: 4244}","{0: 4202, 1: 4209, 2: 4342, 3: 4273, 4: 4156}",72.52551705613752,71.11872146118722
rule_raft,30c1s5r5p-zoo,YCSB_A,rw_zipf_1,concurrent_100,100,29799,74.273193,267.0777348000002,844.46808074,130.2502979682204,2979.9,{},{},"{0: 5985, 1: 6007, 2: 6007, 3: 5934, 4: 5866}","{0: 4216, 1: 4172, 2: 4245, 3: 4147, 4: 4117}","{0: 4128, 1: 4074, 2: 4152, 3: 4068, 4: 4036}",70.12651431256083,68.65331051377564
rule_raft,30c1s5r5p-zoo,YCSB_A,rw_zipf_0.9,concurrent_100,0,29696,94.208496,105.92041,140.4404659999999,95.49856879946793,2969.6,{},{},"{0: 0, 1: 0, 2: 0, 3: 0, 4: 0}","{0: 0, 1: 0, 2: 0, 3: 0, 4: 0}","{0: 0, 1: 0, 2: 0, 3: 0, 4: 0}",0,0
rule_raft,30c1s5r5p-zoo,YCSB_A,rw_zipf_0.9,concurrent_100,101,29764,53.875,119.01140140000001,276.84852301999985,71.8668670781817,2976.4,{},{},"{0: 5940, 1: 5911, 2: 5958, 3: 5964, 4: 5991}","{0: 5188, 1: 5128, 2: 5225, 3: 5251, 4: 5182}","{0: 5058, 1: 5026, 2: 5179, 3: 5194, 4: 5070}",87.26649643865072,85.7646821663755
rule_raft,30c1s5r5p-zoo,YCSB_A,rw_zipf_0.9,concurrent_100,100,29723,61.578125,150.44164999999998,534.7409861799999,91.74760219328466,2972.3,{2: 90.0},{2: 707.566},"{0: 5946, 1: 5984, 2: 5951, 3: 5916, 4: 5926}","{0: 5047, 1: 5082, 2: 5123, 3: 5048, 4: 5107}","{0: 4969, 1: 5009, 2: 5038, 3: 5018, 4: 5025}",85.47925848669381,84.30844800322983
rule_raft,30c1s5r5p-zoo,YCSB_A,rw_zipf_0.8,concurrent_100,0,29761,96.483154,111.327881,168.4481446,99.1842484274722,2976.1,{},{},"{0: 0, 1: 0, 2: 0, 3: 0, 4: 0}","{0: 0, 1: 0, 2: 0, 3: 0, 4: 0}","{0: 0, 1: 0, 2: 0, 3: 0, 4: 0}",0,0
rule_raft,30c1s5r5p-zoo,YCSB_A,rw_zipf_0.8,concurrent_100,101,29646,48.898926,82.58251949999999,203.560767,58.44256534547662,2964.6,{},{},"{0: 5971, 1: 5927, 2: 5916, 3: 5915, 4: 5917}","{0: 5720, 1: 5623, 2: 5654, 3: 5636, 4: 5645}","{0: 5621, 1: 5540, 2: 5570, 3: 5567, 4: 5566}",95.38554948391014,93.98907103825137
rule_raft,30c1s5r5p-zoo,YCSB_A,rw_zipf_0.8,concurrent_100,100,29731,53.807129,115.256836,311.4626712000007,71.99554060593321,2973.1,{},{},"{0: 5981, 1: 5923, 2: 5935, 3: 5962, 4: 5930}","{0: 5608, 1: 5575, 2: 5618, 3: 5616, 4: 5582}","{0: 5491, 1: 5446, 2: 5535, 3: 5470, 4: 5429}",94.17443072886886,92.0621573441862
rule_raft,30c1s5r5p-zoo,YCSB_A,rw_zipf_0.7,concurrent_100,0,29638,98.86352550000001,1933.161035399999,2630.25876718,362.2656567820365,2963.8,{4: 30.851},{4: 707.857},"{0: 0, 1: 0, 2: 0, 3: 0, 4: 0}","{0: 0, 1: 0, 2: 0, 3: 0, 4: 0}","{0: 0, 1: 0, 2: 0, 3: 0, 4: 0}",0,0
rule_raft,30c1s5r5p-zoo,YCSB_A,rw_zipf_0.7,concurrent_100,101,29716,49.2175295,85.51745600000001,295.1523929999989,62.14202145588236,2971.6,{},{},"{0: 5975, 1: 5927, 2: 5914, 3: 5977, 4: 5918}","{0: 5883, 1: 5839, 2: 5821, 3: 5885, 4: 5831}","{0: 5840, 1: 5811, 2: 5794, 3: 5844, 4: 5799}",98.47867793073273,97.90313351957188
rule_raft,30c1s5r5p-zoo,YCSB_A,rw_zipf_0.7,concurrent_100,100,29708,689.579956,8965.679418799999,13946.3927397,2008.1373592053656,2970.8,{},{},"{0: 5930, 1: 5948, 2: 5929, 3: 5936, 4: 5965}","{0: 5184, 1: 5183, 2: 5141, 3: 5176, 4: 5181}","{0: 5184, 1: 5183, 2: 5141, 3: 5176, 4: 5181}",87.0640904806786,87.0640904806786
rule_raft,30c1s5r5p-zoo,YCSB_A,rw_zipf_0.6,concurrent_100,0,29662,94.6030275,109.2278317,344.4260693499999,103.25153079748497,2966.2,{},{},"{0: 0, 1: 0, 2: 0, 3: 0, 4: 0}","{0: 0, 1: 0, 2: 0, 3: 0, 4: 0}","{0: 0, 1: 0, 2: 0, 3: 0, 4: 0}",0,0
rule_raft,30c1s5r5p-zoo,YCSB_A,rw_zipf_0.6,concurrent_100,101,29740,50.626953,80.72265630000001,114.60834440000002,57.35722988557498,2974.0,{3: 88.889},{3: 710.5},"{0: 5962, 1: 5929, 2: 5950, 3: 5965, 4: 5934}","{0: 5931, 1: 5891, 2: 5918, 3: 5929, 4: 5910}","{0: 5872, 1: 5850, 2: 5858, 3: 5866, 4: 5858}",99.4586415601883,98.53396099529253
rule_raft,30c1s5r5p-zoo,YCSB_A,rw_zipf_0.6,concurrent_100,100,29811,51.984863,82.210938,115.62478070000002,58.732674041427664,2981.1,{},{},"{0: 5965, 1: 5915, 2: 5984, 3: 5973, 4: 5974}","{0: 5947, 1: 5902, 2: 5969, 3: 5958, 4: 5954}","{0: 5927, 1: 5880, 2: 5952, 3: 5937, 4: 5931}",99.72828821575928,99.3827781691322
rule_raft,30c1s5r5p-zoo,YCSB_A,rw_zipf_0.5,concurrent_100,0,29748,95.4313965,118.42814899999999,357.10219241,106.82767851808525,2974.8,{},{},"{0: 0, 1: 0, 2: 0, 3: 0, 4: 0}","{0: 0, 1: 0, 2: 0, 3: 0, 4: 0}","{0: 0, 1: 0, 2: 0, 3: 0, 4: 0}",0,0
rule_raft,30c1s5r5p-zoo,YCSB_A,rw_zipf_0.5,concurrent_100,101,29766,48.699462999999994,79.758911,247.75097664999996,60.0527112493113,2976.6,{4: 54.167},{4: 712.355},"{0: 5938, 1: 5932, 2: 5919, 3: 5905, 4: 5992}","{0: 5934, 1: 5931, 2: 5915, 3: 5901, 4: 5992}","{0: 5809, 1: 5838, 2: 5814, 3: 5819, 4: 5971}",99.95620831368322,98.53466280401535
rule_raft,30c1s5r5p-zoo,YCSB_A,rw_zipf_0.5,concurrent_100,100,29804,58.55603,116.4470213,359.15592801000116,76.41731945195275,2980.4,{3: 87.0},{3: 711.25},"{0: 5979, 1: 5954, 2: 5980, 3: 5969, 4: 5922}","{0: 5970, 1: 5943, 2: 5972, 3: 5959, 4: 5920}","{0: 5884, 1: 5881, 2: 5889, 3: 5882, 4: 5823}",99.86578982686888,98.50691182391625
rule_raft,30c1s5r5p-zoo,YCSB_A,rw_1,concurrent_100,0,29764,94.504883,111.29892600000001,157.643066,97.86009383721947,2976.4,{},{},"{0: 0, 1: 0, 2: 0, 3: 0, 4: 0}","{0: 0, 1: 0, 2: 0, 3: 0, 4: 0}","{0: 0, 1: 0, 2: 0, 3: 0, 4: 0}",0,0
rule_raft,30c1s5r5p-zoo,YCSB_A,rw_1,concurrent_100,101,29681,99.078857,258.804199,440.3823726000001,133.68097603372527,2968.1,{},{},"{0: 293, 1: 315, 2: 283, 3: 299, 4: 310}","{0: 0, 1: 0, 2: 0, 3: 0, 4: 0}","{0: 0, 1: 0, 2: 0, 3: 0, 4: 0}",0.0,0.0
rule_raft,30c1s5r5p-zoo,YCSB_A,rw_1,concurrent_100,100,29788,124.991089,165.14130880000002,220.01181116000015,130.77769985541158,2978.8,{},{},"{0: 5973, 1: 5923, 2: 5987, 3: 5914, 4: 5991}","{0: 0, 1: 0, 2: 0, 3: 0, 4: 0}","{0: 0, 1: 0, 2: 0, 3: 0, 4: 0}",0.0,0.0
rule_raft,30c1s5r5p-zoo,YCSB_A,rw_10,concurrent_100,0,29702,94.689453,115.23598630000001,211.79023474999985,100.52260866288466,2970.2,{2: 61.0},{2: 677.258},"{0: 0, 1: 0, 2: 0, 3: 0, 4: 0}","{0: 0, 1: 0, 2: 0, 3: 0, 4: 0}","{0: 0, 1: 0, 2: 0, 3: 0, 4: 0}",0,0
rule_raft,30c1s5r5p-zoo,YCSB_A,rw_10,concurrent_100,101,29716,96.090088,137.87048299999998,427.6764645499998,113.42209516216853,2971.6,{},{},"{0: 353, 1: 592, 2: 688, 3: 816, 4: 282}","{0: 1, 1: 1, 2: 2, 3: 2, 4: 0}","{0: 1, 1: 1, 2: 2, 3: 2, 4: 0}",0.21969974368363238,0.21969974368363238
rule_raft,30c1s5r5p-zoo,YCSB_A,rw_10,concurrent_100,100,29781,97.085938,118.291992,373.27719720000005,109.3461841602028,2978.1,{},{},"{0: 5969, 1: 5939, 2: 6003, 3: 5923, 4: 5947}","{0: 0, 1: 0, 2: 0, 3: 0, 4: 0}","{0: 0, 1: 0, 2: 0, 3: 0, 4: 0}",0.0,0.0
rule_raft,30c1s5r5p-zoo,YCSB_A,rw_100,concurrent_100,0,29782,91.9735105,102.0538574,331.4532520499999,98.68561431720504,2978.2,{},{},"{0: 0, 1: 0, 2: 0, 3: 0, 4: 0}","{0: 0, 1: 0, 2: 0, 3: 0, 4: 0}","{0: 0, 1: 0, 2: 0, 3: 0, 4: 0}",0,0
rule_raft,30c1s5r5p-zoo,YCSB_A,rw_100,concurrent_100,101,29844,126.56542999999999,364.3387695,726.2626589700001,179.1098657991556,2984.4,{},{},"{0: 5953, 1: 5904, 2: 5939, 3: 5949, 4: 5917}","{0: 646, 1: 628, 2: 658, 3: 635, 4: 676}","{0: 620, 1: 600, 2: 639, 3: 606, 4: 645}",10.933180500303418,10.484795361068032
rule_raft,30c1s5r5p-zoo,YCSB_A,rw_100,concurrent_100,100,29723,91.683105,108.4987792,646.96561554,108.71958363607305,2972.3,{},{},"{0: 5975, 1: 5950, 2: 5936, 3: 5939, 4: 5923}","{0: 1411, 1: 1441, 2: 1380, 3: 1390, 4: 1462}","{0: 1399, 1: 1420, 2: 1363, 3: 1372, 4: 1434}",23.833395013962253,23.510412811627358
rule_raft,30c1s5r5p-zoo,YCSB_A,rw_1000,concurrent_100,0,29702,91.3483885,100.23598630000001,311.0451786999984,96.48443932082013,2970.2,{2: 63.158},{2: 676.193},"{0: 0, 1: 0, 2: 0, 3: 0, 4: 0}","{0: 0, 1: 0, 2: 0, 3: 0, 4: 0}","{0: 0, 1: 0, 2: 0, 3: 0, 4: 0}",0,0
rule_raft,30c1s5r5p-zoo,YCSB_A,rw_1000,concurrent_100,101,29762,62.3085935,180.19309080000008,588.2229830999997,105.79907267747464,2976.2,{2: 87.879},{2: 681.779},"{0: 5966, 1: 5956, 2: 5967, 3: 5931, 4: 5942}","{0: 4459, 1: 4425, 2: 4754, 3: 4385, 4: 4403}","{0: 4387, 1: 4374, 2: 4696, 3: 4349, 4: 4340}",75.35111887641959,74.41032188696997
rule_raft,30c1s5r5p-zoo,YCSB_A,rw_1000,concurrent_100,100,29725,67.069824,293.2095216000001,777.6444040399999,126.40462598452481,2972.5,{3: 88.0},{3: 680.25},"{0: 5957, 1: 5917, 2: 5934, 3: 5955, 4: 5962}","{0: 4244, 1: 4284, 2: 4213, 3: 4687, 4: 4294}","{0: 4167, 1: 4176, 2: 4128, 3: 4618, 4: 4215}",73.07653490328006,71.67031118587047
rule_raft,30c1s5r5p-zoo,YCSB_A,rw_10000,concurrent_100,0,29674,94.9414065,107.4751218,205.78920188,99.43590729389365,2967.4,{},{},"{0: 0, 1: 0, 2: 0, 3: 0, 4: 0}","{0: 0, 1: 0, 2: 0, 3: 0, 4: 0}","{0: 0, 1: 0, 2: 0, 3: 0, 4: 0}",0,0
rule_raft,30c1s5r5p-zoo,YCSB_A,rw_10000,concurrent_100,101,29698,48.152587999999994,79.8979002,141.42118175999997,57.16521783298539,2969.8,{3: 90.099},{3: 681.25},"{0: 5960, 1: 5918, 2: 5937, 3: 5946, 4: 5937}","{0: 5858, 1: 5823, 2: 5830, 3: 5853, 4: 5824}","{0: 5702, 1: 5669, 2: 5758, 3: 5791, 4: 5637}",98.28271264058186,96.15799043706647
rule_raft,30c1s5r5p-zoo,YCSB_A,rw_10000,concurrent_100,100,29616,49.567139,95.93847650000001,274.9669559999999,63.97874453818882,2961.6,{},{},"{0: 5926, 1: 5966, 2: 5891, 3: 5922, 4: 5911}","{0: 5801, 1: 5855, 2: 5792, 3: 5801, 4: 5818}","{0: 5538, 1: 5577, 2: 5578, 3: 5637, 4: 5498}",98.14627228525121,93.96272285251216
rule_raft,30c1s5r5p-zoo,YCSB_A,rw_100000,concurrent_100,0,29694,93.45202599999999,109.9897952,333.06080324999994,102.12344897817741,2969.4,{2: 61.538},{2: 683.184},"{0: 0, 1: 0, 2: 0, 3: 0, 4: 0}","{0: 0, 1: 0, 2: 0, 3: 0, 4: 0}","{0: 0, 1: 0, 2: 0, 3: 0, 4: 0}",0,0
rule_raft,30c1s5r5p-zoo,YCSB_A,rw_100000,concurrent_100,101,29751,47.152832,71.52417,280.4940185,57.56249095385029,2975.1,{},{},"{0: 5904, 1: 5911, 2: 5996, 3: 5995, 4: 5945}","{0: 5897, 1: 5898, 2: 5983, 3: 5988, 4: 5936}","{0: 5842, 1: 5826, 2: 5924, 3: 5915, 4: 5872}",99.83529965379314,98.74962186145004
rule_raft,30c1s5r5p-zoo,YCSB_A,rw_100000,concurrent_100,100,29748,55.574462999999994,110.0135252,227.99253187999994,71.20566171440096,2974.8,{2: 88.776},{2: 696.688},"{0: 5967, 1: 5955, 2: 5978, 3: 5954, 4: 5894}","{0: 5935, 1: 5928, 2: 5967, 3: 5934, 4: 5870}","{0: 5915, 1: 5911, 2: 5933, 3: 5912, 4: 5857}",99.61678096006455,99.26045448433509
rule_raft,30c1s5r5p-zoo,YCSB_A,rw_1000000,concurrent_100,0,29758,100.7805175,184.30031729999996,445.0976272100001,123.2940385793064,2975.8,{},{},"{0: 0, 1: 0, 2: 0, 3: 0, 4: 0}","{0: 0, 1: 0, 2: 0, 3: 0, 4: 0}","{0: 0, 1: 0, 2: 0, 3: 0, 4: 0}",0,0
rule_raft,30c1s5r5p-zoo,YCSB_A,rw_1000000,concurrent_100,101,29782,82.91308599999999,253.51345180000007,421.7674686599999,120.8610864638372,2978.2,{2: 86.869},{2: 701.752},"{0: 5939, 1: 5963, 2: 5993, 3: 5915, 4: 5969}","{0: 5938, 1: 5955, 2: 5989, 3: 5911, 4: 5962}","{0: 5878, 1: 5908, 2: 5942, 3: 5904, 4: 5898}",99.91940629302529,99.16384029013734
rule_raft,30c1s5r5p-zoo,YCSB_A,rw_1000000,concurrent_100,100,29740,82.6679685,204.1097169,343.8533884600001,107.85299511274377,2974.0,{1: 44.33},{1: 696.172},"{0: 5954, 1: 5933, 2: 5954, 3: 5959, 4: 5940}","{0: 5951, 1: 5924, 2: 5951, 3: 5953, 4: 5934}","{0: 5945, 1: 5919, 2: 5941, 3: 5940, 4: 5930}",99.90921318090115,99.78143913920646
rule_copilot,30c1s5r5p-zoo,YCSB_A,rw_1000000,concurrent_1,0,199,83.150146,104.278809,105.42110319999999,89.46526203015075,19.9,"{0: 4.082, 1: 2.041, 2: 6.122, 3: 6.122, 4: 100.0}","{0: 527.408, 1: 526.602, 2: 526.4, 3: 525.0, 4: 526.414}","{0: 0, 1: 0, 2: 0, 3: 0, 4: 0}","{0: 0, 1: 0, 2: 0, 3: 0, 4: 0}","{0: 0, 1: 0, 2: 0, 3: 0, 4: 0}",0,0
rule_copilot,30c1s5r5p-zoo,YCSB_A,rw_1000000,concurrent_10,0,2852,104.153931,105.5409183,106.95828603999999,102.53738237762973,285.2,"{1: 50.515, 2: 36.364, 3: 36.634, 4: 100.0}","{1: 551.816, 2: 552.619, 3: 545.5, 4: 546.977}","{0: 0, 1: 0, 2: 0, 3: 0, 4: 0}","{0: 0, 1: 0, 2: 0, 3: 0, 4: 0}","{0: 0, 1: 0, 2: 0, 3: 0, 4: 0}",0,0
rule_copilot,30c1s5r5p-zoo,YCSB_A,rw_1000000,concurrent_20,0,5819,83.224854,104.1324706,180.8769088599998,88.75776568104484,581.9,"{2: 58.0, 3: 58.163}","{2: 571.742, 3: 570.25}","{0: 0, 1: 0, 2: 0, 3: 0, 4: 0}","{0: 0, 1: 0, 2: 0, 3: 0, 4: 0}","{0: 0, 1: 0, 2: 0, 3: 0, 4: 0}",0,0
rule_copilot,30c1s5r5p-zoo,YCSB_A,rw_1000000,concurrent_30,0,8835,83.302002,88.0918458,233.80133759999998,88.5911291221279,883.5,{3: 82.0},{3: 598.75},"{0: 0, 1: 0, 2: 0, 3: 0, 4: 0}","{0: 0, 1: 0, 2: 0, 3: 0, 4: 0}","{0: 0, 1: 0, 2: 0, 3: 0, 4: 0}",0,0
rule_copilot,30c1s5r5p-zoo,YCSB_A,rw_1000000,concurrent_40,0,11789,106.807861,323.43149420000043,855.2760840400006,156.46569209585206,1178.9,"{2: 86.0, 3: 90.816}","{2: 610.744, 3: 601.0}","{0: 0, 1: 0, 2: 0, 3: 0, 4: 0}","{0: 0, 1: 0, 2: 0, 3: 0, 4: 0}","{0: 0, 1: 0, 2: 0, 3: 0, 4: 0}",0,0
rule_copilot,30c1s5r5p-zoo,YCSB_A,rw_1000000,concurrent_50,0,0,0,0,0,0,0.0,{},{},{},{},{},0,0
rule_copilot,30c1s5r5p-zoo,YCSB_A,rw_1000000,concurrent_60,0,0,0,0,0,0,0.0,"{3: 94.949, 4: 71.717}","{3: 698.0, 4: 691.035}",{},{},{},0,0
rule_copilot,30c1s5r5p-zoo,YCSB_A,rw_1000000,concurrent_70,0,0,0,0,0,0,0.0,"{2: 4.0, 3: 3.061, 4: 2.0}","{2: 693.828, 3: 692.0, 4: 646.891}",{},{},{},0,0
rule_copilot,30c1s5r5p-zoo,YCSB_A,rw_1000000,concurrent_72,0,0,0,0,0,0,0.0,"{0: 100.0, 4: 4.082}","{0: 721.238, 4: 611.365}",{1: 0},{1: 0},{1: 0},0,0
rule_copilot,30c1s5r5p-zoo,YCSB_A,rw_1000000,concurrent_75,0,0,0,0,0,0,0.0,{},{},"{2: 0, 3: 0, 4: 0}","{2: 0, 3: 0, 4: 0}","{2: 0, 3: 0, 4: 0}",0,0
rule_copilot,30c1s5r5p-zoo,YCSB_A,rw_1000000,concurrent_77,0,0,0,0,0,0,0.0,{},{},"{2: 0, 3: 0, 4: 0}","{2: 0, 3: 0, 4: 0}","{2: 0, 3: 0, 4: 0}",0,0
rule_copilot,30c1s5r5p-zoo,YCSB_A,rw_1000000,concurrent_80,0,0,0,0,0,0,0.0,"{2: 3.093, 4: 2.0}","{2: 655.082, 4: 608.555}",{},{},{},0,0
rule_copilot,30c1s5r5p-zoo,YCSB_A,rw_1000000,concurrent_82,0,0,0,0,0,0,0.0,"{2: 3.061, 3: 65.347, 4: 100.0}","{2: 689.434, 3: 879.0, 4: 785.848}",{},{},{},0,0
rule_copilot,30c1s5r5p-zoo,YCSB_A,rw_1000000,concurrent_85,0,0,0,0,0,0,0.0,{},{},{},{},{},0,0
rule_copilot,30c1s5r5p-zoo,YCSB_A,rw_1000000,concurrent_87,0,0,0,0,0,0,0.0,"{2: 4.082, 3: 4.04, 4: 1.01}","{2: 645.242, 3: 649.5, 4: 639.322}",{},{},{},0,0
rule_copilot,30c1s5r5p-zoo,YCSB_A,rw_1000000,concurrent_90,0,0,0,0,0,0,0.0,{},{},{},{},{},0,0
rule_copilot,30c1s5r5p-zoo,YCSB_A,rw_1000000,concurrent_100,0,2320,11002.856567499999,11821.449487099999,18072.18114256,10316.403161293105,232.0,{},{},"{0: 0, 1: 0, 2: 0, 3: 0}","{0: 0, 1: 0, 2: 0, 3: 0}","{0: 0, 1: 0, 2: 0, 3: 0}",0,0
rule_copilot,30c1s5r5p-zoo,YCSB_A,rw_1000000,concurrent_120,0,0,0,0,0,0,0.0,{},{},{},{},{},0,0
rule_copilot,30c1s5r5p-zoo,YCSB_A,rw_1000000,concurrent_140,0,0,0,0,0,0,0.0,{},{},{},{},{},0,0
rule_copilot,30c1s5r5p-zoo,YCSB_A,rw_1000000,concurrent_160,0,0,0,0,0,0,0.0,"{2: 3.061, 3: 3.061, 4: 4.0}","{2: 850.367, 3: 723.0, 4: 647.621}",{},{},{},0,0
rule_copilot,30c1s5r5p-zoo,YCSB_A,rw_1000000,concurrent_180,0,0,0,0,0,0,0.0,"{2: 55.446, 3: 64.0, 4: 6.061}","{2: 796.875, 3: 807.5, 4: 711.422}",{},{},{},0,0
rule_copilot,30c1s5r5p-zoo,YCSB_A,rw_1000000,concurrent_200,0,0,0,0,0,0,0.0,{3: 2.062},{3: 842.0},{},{},{},0,0
rule_copilot,30c1s5r5p-zoo,YCSB_A,rw_1000000,concurrent_1,101,200,41.606444999999994,42.1913571,42.81868385,41.635919175,20.0,"{0: 3.093, 1: 5.155, 2: 5.102, 3: 6.122, 4: 4.082}","{0: 527.447, 1: 526.449, 2: 526.754, 3: 525.75, 4: 527.041}","{0: 40, 1: 41, 2: 39, 3: 43, 4: 37}","{0: 40, 1: 41, 2: 39, 3: 43, 4: 37}","{0: 40, 1: 41, 2: 39, 3: 43, 4: 37}",100.0,100.0
rule_copilot,30c1s5r5p-zoo,YCSB_A,rw_1000000,concurrent_10,101,2828,42.0444335,42.9402341,57.711418600000016,42.476101072843,282.8,"{2: 38.614, 3: 39.216}","{2: 551.441, 3: 547.75}","{0: 558, 1: 558, 2: 577, 3: 567, 4: 568}","{0: 558, 1: 558, 2: 577, 3: 567, 4: 568}","{0: 558, 1: 558, 2: 577, 3: 566, 4: 568}",100.0,99.96463932107497
rule_copilot,30c1s5r5p-zoo,YCSB_A,rw_1000000,concurrent_20,101,5831,42.314941,43.637939,83.47204629999999,43.57105252941176,583.1,"{1: 48.515, 2: 62.5, 3: 67.677}","{1: 586.348, 2: 577.584, 3: 574.25}","{0: 1164, 1: 1169, 2: 1182, 3: 1159, 4: 1157}","{0: 1164, 1: 1167, 2: 1182, 3: 1159, 4: 1157}","{0: 1155, 1: 1166, 2: 1176, 3: 1155, 4: 1150}",99.96570056594067,99.5026582061396
rule_copilot,30c1s5r5p-zoo,YCSB_A,rw_1000000,concurrent_30,101,8788,43.388061500000006,52.21108400000001,171.53284701999945,48.18445019299045,878.8,{2: 85.437},{2: 602.484},"{0: 1761, 1: 1738, 2: 1762, 3: 1749, 4: 1778}","{0: 1761, 1: 1738, 2: 1762, 3: 1749, 4: 1778}","{0: 1721, 1: 1720, 2: 1713, 3: 1706, 4: 1733}",100.0,97.7810650887574
rule_copilot,30c1s5r5p-zoo,YCSB_A,rw_1000000,concurrent_40,101,11883,43.235107,61.7446776,204.79908176000012,50.78286309273752,1188.3,{4: 62.887},{4: 605.449},"{0: 2387, 1: 2315, 2: 2354, 3: 2370, 4: 2385}","{0: 2387, 1: 2315, 2: 2354, 3: 2370, 4: 2384}","{0: 2360, 1: 2297, 2: 2329, 3: 2352, 4: 2359}",99.99153331639997,99.03479806959614
rule_copilot,30c1s5r5p-zoo,YCSB_A,rw_1000000,concurrent_50,101,656,29063.540039,29245.9260255,29258.49212615,24874.961925466465,65.6,{},{},"{0: 0, 2: 0, 3: 0}","{0: 0, 2: 0, 3: 0}","{0: 0, 2: 0, 3: 0}",0,0
rule_copilot,30c1s5r5p-zoo,YCSB_A,rw_1000000,concurrent_60,101,0,0,0,0,0,0.0,{},{},{},{},{},0,0
rule_copilot,30c1s5r5p-zoo,YCSB_A,rw_1000000,concurrent_70,101,0,0,0,0,0,0.0,"{2: 25.0, 3: 3.093, 4: 2.02}","{2: 755.832, 3: 754.5, 4: 650.109}",{},{},{},0,0
rule_copilot,30c1s5r5p-zoo,YCSB_A,rw_1000000,concurrent_72,101,0,0,0,0,0,0.0,"{2: 36.364, 3: 22.222, 4: 9.091}","{2: 675.834, 3: 658.5, 4: 611.285}",{},{},{},0,0
rule_copilot,30c1s5r5p-zoo,YCSB_A,rw_1000000,concurrent_75,101,475,12862.206055,12870.242041,12872.6903467,12783.667006374737,47.5,{},{},{},{},{},0,0
rule_copilot,30c1s5r5p-zoo,YCSB_A,rw_1000000,concurrent_77,101,0,0,0,0,0,0.0,{},{},{},{},{},0,0
rule_copilot,30c1s5r5p-zoo,YCSB_A,rw_1000000,concurrent_80,101,0,0,0,0,0,0.0,{},{},{},{},{},0,0
rule_copilot,30c1s5r5p-zoo,YCSB_A,rw_1000000,concurrent_82,101,0,0,0,0,0,0.0,{},{},{},{},{},0,0
rule_copilot,30c1s5r5p-zoo,YCSB_A,rw_1000000,concurrent_85,101,0,0,0,0,0,0.0,{},{},{},{},{},0,0
rule_copilot,30c1s5r5p-zoo,YCSB_A,rw_1000000,concurrent_87,101,0,0,0,0,0,0.0,"{2: 4.0, 3: 2.062, 4: 5.0}","{2: 631.812, 3: 679.5, 4: 630.406}",{},{},{},0,0
rule_copilot,30c1s5r5p-zoo,YCSB_A,rw_1000000,concurrent_90,101,0,0,0,0,0,0.0,{},{},{},{},{},0,0
rule_copilot,30c1s5r5p-zoo,YCSB_A,rw_1000000,concurrent_100,101,0,0,0,0,0,0.0,{},{},{},{},{},0,0
rule_copilot,30c1s5r5p-zoo,YCSB_A,rw_1000000,concurrent_120,101,0,0,0,0,0,0.0,"{2: 4.211, 3: 2.062, 4: 2.0}","{2: 700.285, 3: 719.5, 4: 687.5}",{},{},{},0,0
rule_copilot,30c1s5r5p-zoo,YCSB_A,rw_1000000,concurrent_140,101,0,0,0,0,0,0.0,{},{},{},{},{},0,0
rule_copilot,30c1s5r5p-zoo,YCSB_A,rw_1000000,concurrent_160,101,0,0,0,0,0,0.0,"{2: 21.875, 3: 100.0, 4: 4.04}","{2: 767.77, 3: 781.5, 4: 742.805}",{},{},{},0,0
rule_copilot,30c1s5r5p-zoo,YCSB_A,rw_1000000,concurrent_180,101,0,0,0,0,0,0.0,{},{},{},{},{},0,0
rule_copilot,30c1s5r5p-zoo,YCSB_A,rw_1000000,concurrent_200,101,0,0,0,0,0,0.0,"{2: 4.082, 3: 4.04, 4: 3.061}","{2: 776.922, 3: 753.0, 4: 733.457}",{},{},{},0,0
rule_copilot,30c1s5r5p-zoo,YCSB_A,rw_1000000,concurrent_1,100,200,41.5888675,42.254614000000004,43.02540749999999,41.669905785,20.0,"{0: 3.96, 1: 4.082, 2: 7.0, 3: 6.122, 4: 3.03}","{0: 527.51, 1: 526.75, 2: 526.916, 3: 525.5, 4: 527.025}","{0: 39, 1: 42, 2: 38, 3: 38, 4: 43}","{0: 39, 1: 42, 2: 38, 3: 38, 4: 43}","{0: 39, 1: 42, 2: 38, 3: 38, 4: 43}",100.0,100.0
rule_copilot,30c1s5r5p-zoo,YCSB_A,rw_1000000,concurrent_10,100,2817,42.070068,42.8970706,45.563720760000066,42.397189720269786,281.7,"{2: 39.394, 3: 39.796}","{2: 551.342, 3: 546.25}","{0: 570, 1: 571, 2: 550, 3: 571, 4: 555}","{0: 570, 1: 571, 2: 550, 3: 571, 4: 555}","{0: 570, 1: 570, 2: 550, 3: 571, 4: 555}",100.0,99.96450124245652
rule_copilot,30c1s5r5p-zoo,YCSB_A,rw_1000000,concurrent_20,100,5836,42.235107,43.408080999999996,83.80065914999992,43.61129157419465,583.6,{2: 64.356},{2: 577.238},"{0: 1174, 1: 1166, 2: 1154, 3: 1168, 4: 1174}","{0: 1174, 1: 1166, 2: 1154, 3: 1168, 4: 1174}","{0: 1168, 1: 1164, 2: 1144, 3: 1165, 4: 1164}",100.0,99.46881425633995
rule_copilot,30c1s5r5p-zoo,YCSB_A,rw_1000000,concurrent_30,100,8853,42.934082,45.642675399999995,122.42089847999992,45.60399053834858,885.3,{2: 86.0},{2: 601.648},"{0: 1771, 1: 1764, 2: 1775, 3: 1768, 4: 1775}","{0: 1771, 1: 1764, 2: 1775, 3: 1766, 4: 1775}","{0: 1752, 1: 1759, 2: 1758, 3: 1750, 4: 1758}",99.97740878798147,99.14153394329605
rule_copilot,30c1s5r5p-zoo,YCSB_A,rw_1000000,concurrent_40,100,11789,43.48999,125.25219700000015,387.2155857600003,68.86859351047588,1178.9,{1: 79.0},{1: 634.496},"{0: 2385, 1: 2359, 2: 2373, 3: 2349, 4: 2323}","{0: 2383, 1: 2359, 2: 2372, 3: 2348, 4: 2322}","{0: 2304, 1: 2274, 2: 2299, 3: 2247, 4: 2230}",99.9575875816439,96.31011960301977
rule_copilot,30c1s5r5p-zoo,YCSB_A,rw_1000000,concurrent_50,100,12478,658.0545649999999,2793.3630129000003,4300.46357151,1053.474022028931,1247.8,{2: 70.707},{2: 654.934},"{0: 0, 1: 0, 2: 0, 3: 0, 4: 30}","{0: 0, 1: 0, 2: 0, 3: 0, 4: 30}","{0: 0, 1: 0, 2: 0, 3: 0, 4: 23}",100.0,76.66666666666667
rule_copilot,30c1s5r5p-zoo,YCSB_A,rw_1000000,concurrent_60,100,0,0,0,0,0,0.0,{},{},"{3: 0, 4: 0}","{3: 0, 4: 0}","{3: 0, 4: 0}",0,0
rule_copilot,30c1s5r5p-zoo,YCSB_A,rw_1000000,concurrent_70,100,0,0,0,0,0,0.0,"{1: 100.0, 3: 46.392, 4: 30.612}","{1: 868.516, 3: 692.5, 4: 650.674}",{},{},{},0,0
rule_copilot,30c1s5r5p-zoo,YCSB_A,rw_1000000,concurrent_72,100,0,0,0,0,0,0.0,{},{},{},{},{},0,0
rule_copilot,30c1s5r5p-zoo,YCSB_A,rw_1000000,concurrent_75,100,322,9874.151367,9918.1861088,9930.21828875,9859.370430642857,32.2,{},{},{},{},{},0,0
rule_copilot,30c1s5r5p-zoo,YCSB_A,rw_1000000,concurrent_77,100,0,0,0,0,0,0.0,{},{},{},{},{},0,0
rule_copilot,30c1s5r5p-zoo,YCSB_A,rw_1000000,concurrent_80,100,0,0,0,0,0,0.0,{},{},{},{},{},0,0
rule_copilot,30c1s5r5p-zoo,YCSB_A,rw_1000000,concurrent_82,100,38,2326.13501,2329.2308593000002,7418.393827750021,2476.658323368421,3.8,"{2: 3.093, 3: 3.03, 4: 1.02}","{2: 668.426, 3: 691.5, 4: 638.602}",{},{},{},0,0
rule_copilot,30c1s5r5p-zoo,YCSB_A,rw_1000000,concurrent_85,100,2124,12470.9069825,16958.7687991,23048.65234598,13955.56930407627,212.4,"{2: 3.061, 3: 2.062, 4: 2.0}","{2: 673.707, 3: 661.0, 4: 636.871}",{},{},{},0,0
rule_copilot,30c1s5r5p-zoo,YCSB_A,rw_1000000,concurrent_87,100,0,0,0,0,0,0.0,"{2: 86.0, 3: 100.0, 4: 68.687}","{2: 678.32, 3: 673.25, 4: 636.426}",{},{},{},0,0
rule_copilot,30c1s5r5p-zoo,YCSB_A,rw_1000000,concurrent_90,100,0,0,0,0,0,0.0,{},{},{},{},{},0,0
rule_copilot,30c1s5r5p-zoo,YCSB_A,rw_1000000,concurrent_100,100,0,0,0,0,0,0.0,{},{},{},{},{},0,0
rule_copilot,30c1s5r5p-zoo,YCSB_A,rw_1000000,concurrent_120,100,0,0,0,0,0,0.0,{},{},{},{},{},0,0
rule_copilot,30c1s5r5p-zoo,YCSB_A,rw_1000000,concurrent_140,100,0,0,0,0,0,0.0,"{2: 3.061, 3: 3.061, 4: 3.061}","{2: 764.973, 3: 757.0, 4: 673.805}",{},{},{},0,0
rule_copilot,30c1s5r5p-zoo,YCSB_A,rw_1000000,concurrent_160,100,0,0,0,0,0,0.0,"{2: 3.061, 3: 2.062, 4: 100.0}","{2: 763.617, 3: 770.5, 4: 709.082}",{},{},{},0,0
rule_copilot,30c1s5r5p-zoo,YCSB_A,rw_1000000,concurrent_180,100,0,0,0,0,0,0.0,{},{},{},{},{},0,0
rule_copilot,30c1s5r5p-zoo,YCSB_A,rw_1000000,concurrent_200,100,0,0,0,0,0,0.0,{},{},{},{},{},0,0
rule_copilot,30c1s5r5p-zoo,YCSB_A,rw_zipf_1,concurrent_40,0,11820,107.476074,584.9109373000001,903.7124099499999,197.07188806438242,1182.0,{2: 86.869},{2: 629.414},"{0: 0, 1: 0, 2: 0, 3: 0, 4: 0}","{0: 0, 1: 0, 2: 0, 3: 0, 4: 0}","{0: 0, 1: 0, 2: 0, 3: 0, 4: 0}",0,0
rule_copilot,30c1s5r5p-zoo,YCSB_A,rw_zipf_1,concurrent_40,101,11882,82.472046,130.63117669999997,381.58802009000004,85.96908483243563,1188.2,{3: 90.722},{3: 633.0},"{0: 1195, 1: 2340, 2: 1555, 3: 2372, 4: 2364}","{0: 827, 1: 1601, 2: 1046, 3: 1601, 4: 1626}","{0: 806, 1: 1536, 2: 1018, 3: 1556, 4: 1564}",68.19662120903725,65.94748626094037
rule_copilot,30c1s5r5p-zoo,YCSB_A,rw_zipf_1,concurrent_40,100,11785,49.430908,102.17626920000001,185.73374043999996,67.06517374212982,1178.5,{},{},"{0: 2378, 1: 0, 2: 2346, 3: 2365, 4: 2354}","{0: 1788, 1: 0, 2: 1687, 3: 1765, 4: 1751}","{0: 1710, 1: 0, 2: 1617, 3: 1694, 4: 1685}",74.03367573864239,71.01556708673091
rule_copilot,30c1s5r5p-zoo,YCSB_A,rw_zipf_0.9,concurrent_40,0,11765,84.066895,129.11621100000002,497.8788377600005,111.35282071185719,1176.5,{3: 91.089},{3: 617.25},"{0: 0, 1: 0, 2: 0, 3: 0, 4: 0}","{0: 0, 1: 0, 2: 0, 3: 0, 4: 0}","{0: 0, 1: 0, 2: 0, 3: 0, 4: 0}",0,0
rule_copilot,30c1s5r5p-zoo,YCSB_A,rw_zipf_0.9,concurrent_40,101,11800,45.368164,353.24269990000016,959.37738269,136.28167706432203,1180.0,{4: 63.636},{4: 618.365},"{0: 2379, 1: 2321, 2: 2368, 3: 0, 4: 2360}","{0: 2007, 1: 1932, 2: 1953, 3: 0, 4: 1978}","{0: 1993, 1: 1881, 2: 1905, 3: 0, 4: 1873}",83.47475604582095,81.16249469664828
rule_copilot,30c1s5r5p-zoo,YCSB_A,rw_zipf_0.9,concurrent_40,100,11807,82.505859,119.76235319999998,329.24833492000033,83.79229102261371,1180.7,{2: 90.816},{2: 626.678},"{0: 0, 1: 0, 2: 2362, 3: 2374, 4: 2326}","{0: 0, 1: 0, 2: 2063, 3: 2073, 4: 2026}","{0: 0, 1: 0, 2: 2044, 3: 2061, 4: 2001}",87.25573491928633,86.46275842537524
rule_copilot,30c1s5r5p-zoo,YCSB_A,rw_zipf_0.8,concurrent_40,0,11788,108.920532,165.78195800000003,358.19608437999995,128.03622520088226,1178.8,{2: 86.598},{2: 617.707},"{0: 0, 1: 0, 2: 0, 3: 0, 4: 0}","{0: 0, 1: 0, 2: 0, 3: 0, 4: 0}","{0: 0, 1: 0, 2: 0, 3: 0, 4: 0}",0,0
rule_copilot,30c1s5r5p-zoo,YCSB_A,rw_zipf_0.8,concurrent_40,101,11821,65.920166,113.620117,286.8566891999998,78.60223213222233,1182.1,{3: 90.909},{3: 631.75},"{0: 0, 1: 0, 2: 2333, 3: 2360, 4: 2376}","{0: 0, 1: 0, 2: 2226, 3: 2239, 4: 2257}","{0: 0, 1: 0, 2: 2189, 3: 2207, 4: 2220}",95.091243457349,93.59173857688499
rule_copilot,30c1s5r5p-zoo,YCSB_A,rw_zipf_0.8,concurrent_40,100,11798,105.434082,135.25102550000005,314.73236106000013,93.47956900033905,1179.8,{},{},"{0: 2305, 1: 0, 2: 0, 3: 2347, 4: 2324}","{0: 2185, 1: 0, 2: 0, 3: 2207, 4: 2172}","{0: 1803, 1: 0, 2: 0, 3: 1671, 4: 1799}",94.0940366972477,75.58772935779817
rule_copilot,30c1s5r5p-zoo,YCSB_A,rw_zipf_0.7,concurrent_40,0,11784,84.656006,109.04563020000002,350.44603283000004,97.08676584801425,1178.4,{},{},"{0: 0, 1: 0, 2: 0, 3: 0, 4: 0}","{0: 0, 1: 0, 2: 0, 3: 0, 4: 0}","{0: 0, 1: 0, 2: 0, 3: 0, 4: 0}",0,0
rule_copilot,30c1s5r5p-zoo,YCSB_A,rw_zipf_0.7,concurrent_40,101,11782,54.066528500000004,112.4159183,313.09516135,81.16131167127821,1178.2,{1: 82.828},{1: 649.301},"{0: 1189, 1: 2346, 2: 2372, 3: 382, 4: 793}","{0: 1179, 1: 2328, 2: 2345, 3: 378, 4: 785}","{0: 1149, 1: 2292, 2: 2279, 3: 367, 4: 767}",99.05393956509461,96.78057046032194
rule_copilot,30c1s5r5p-zoo,YCSB_A,rw_zipf_0.7,concurrent_40,100,11785,62.99707,108.956055,182.09281252,76.65204322511669,1178.5,{3: 92.0},{3: 637.5},"{0: 2385, 1: 0, 2: 0, 3: 2343, 4: 1575}","{0: 2336, 1: 0, 2: 0, 3: 2305, 4: 1549}","{0: 2318, 1: 0, 2: 0, 3: 2293, 4: 1541}",98.2072029192448,97.60431540536253
rule_copilot,30c1s5r5p-zoo,YCSB_A,rw_zipf_0.6,concurrent_40,0,11812,84.595947,108.25915539999998,286.60518308999855,95.48496860870303,1181.2,{2: 88.889},{2: 624.863},"{0: 0, 1: 0, 2: 0, 3: 0, 4: 0}","{0: 0, 1: 0, 2: 0, 3: 0, 4: 0}","{0: 0, 1: 0, 2: 0, 3: 0, 4: 0}",0,0
rule_copilot,30c1s5r5p-zoo,YCSB_A,rw_zipf_0.6,concurrent_40,101,11858,44.274414,106.542969,183.44140610000002,58.92362797343566,1185.8,{3: 91.837},{3: 636.0},"{0: 390, 1: 2370, 2: 2362, 3: 2398, 4: 2369}","{0: 387, 1: 2355, 2: 2354, 3: 2377, 4: 2359}","{0: 386, 1: 2353, 2: 2351, 3: 2376, 4: 2356}",99.4236019820002,99.322479522702
rule_copilot,30c1s5r5p-zoo,YCSB_A,rw_zipf_0.6,concurrent_40,100,11770,83.696533,111.6434816,281.69629379999986,85.8756378802039,1177.0,{3: 89.796},{3: 628.5},"{0: 2361, 1: 0, 2: 0, 3: 0, 4: 1956}","{0: 2348, 1: 0, 2: 0, 3: 0, 4: 1952}","{0: 2326, 1: 0, 2: 0, 3: 0, 4: 1943}",99.60620801482511,98.88811674774149
rule_copilot,30c1s5r5p-zoo,YCSB_A,rw_zipf_0.5,concurrent_40,0,11790,84.048096,294.0989262,816.90137729,136.62461761806614,1179.0,{2: 89.216},{2: 629.232},"{0: 0, 1: 0, 2: 0, 3: 0, 4: 0}","{0: 0, 1: 0, 2: 0, 3: 0, 4: 0}","{0: 0, 1: 0, 2: 0, 3: 0, 4: 0}",0,0
rule_copilot,30c1s5r5p-zoo,YCSB_A,rw_zipf_0.5,concurrent_40,101,11764,43.583008,84.7374759,338.99324435000494,60.675371645273714,1176.4,"{2: 91.0, 3: 90.526}","{2: 628.678, 3: 624.25}","{0: 2350, 1: 2333, 2: 2315, 3: 0, 4: 2347}","{0: 2344, 1: 2332, 2: 2313, 3: 0, 4: 2341}","{0: 2284, 1: 2268, 2: 2282, 3: 0, 4: 2270}",99.83948635634029,97.42108079186731
rule_copilot,30c1s5r5p-zoo,YCSB_A,rw_zipf_0.5,concurrent_40,100,11871,43.753906,177.705811,616.0783442999997,87.89031720823857,1187.1,"{2: 88.542, 3: 91.0}","{2: 630.857, 3: 630.5}","{0: 2380, 1: 1572, 2: 2376, 3: 2368, 4: 2390}","{0: 2378, 1: 1572, 2: 2375, 3: 2367, 4: 2390}","{0: 2212, 1: 1458, 2: 2209, 3: 2199, 4: 2210}",99.9639184557099,92.80173191412592
rule_copilot,30c1s5r5p-zoo,YCSB_A,rw_1,concurrent_40,0,11880,106.48999,159.09741210000004,362.5509401899999,122.6173098692761,1188.0,{2: 88.0},{2: 608.639},"{0: 0, 1: 0, 2: 0, 3: 0, 4: 0}","{0: 0, 1: 0, 2: 0, 3: 0, 4: 0}","{0: 0, 1: 0, 2: 0, 3: 0, 4: 0}",0,0
rule_copilot,30c1s5r5p-zoo,YCSB_A,rw_1,concurrent_40,101,11819,84.218018,328.2263184000005,547.6864311200001,134.6413717263728,1181.9,{2: 89.109},{2: 614.688},"{0: 99, 1: 0, 2: 132, 3: 113, 4: 37}","{0: 0, 1: 0, 2: 0, 3: 0, 4: 0}","{0: 0, 1: 0, 2: 0, 3: 0, 4: 0}",0.0,0.0
rule_copilot,30c1s5r5p-zoo,YCSB_A,rw_1,concurrent_40,100,11839,102.664062,254.9772462,390.5149218400001,125.97844282490074,1183.9,"{2: 88.0, 3: 91.837}","{2: 605.941, 3: 622.0}","{0: 0, 1: 2398, 2: 2355, 3: 2367, 4: 1961}","{0: 0, 1: 0, 2: 0, 3: 0, 4: 0}","{0: 0, 1: 0, 2: 0, 3: 0, 4: 0}",0.0,0.0
rule_copilot,30c1s5r5p-zoo,YCSB_A,rw_10,concurrent_40,0,11834,104.696045,124.1746827,399.54317412,109.54779057985465,1183.4,{2: 88.0},{2: 611.844},"{0: 0, 1: 0, 2: 0, 3: 0, 4: 0}","{0: 0, 1: 0, 2: 0, 3: 0, 4: 0}","{0: 0, 1: 0, 2: 0, 3: 0, 4: 0}",0,0
rule_copilot,30c1s5r5p-zoo,YCSB_A,rw_10,concurrent_40,101,11820,106.403076,116.1701413,356.2052196699991,118.71942206167513,1182.0,{2: 91.262},{2: 602.834},"{0: 1781, 1: 795, 2: 315, 3: 284, 4: 321}","{0: 0, 1: 0, 2: 0, 3: 0, 4: 0}","{0: 0, 1: 0, 2: 0, 3: 0, 4: 0}",0.0,0.0
rule_copilot,30c1s5r5p-zoo,YCSB_A,rw_10,concurrent_40,100,11786,105.887451,471.7075195,881.0617674499999,169.07309946835227,1178.6,"{2: 90.816, 3: 90.909}","{2: 615.98, 3: 606.5}","{0: 2382, 1: 2334, 2: 2344, 3: 1179, 4: 2359}","{0: 0, 1: 0, 2: 0, 3: 0, 4: 0}","{0: 0, 1: 0, 2: 0, 3: 0, 4: 0}",0.0,0.0
rule_copilot,30c1s5r5p-zoo,YCSB_A,rw_100,concurrent_40,0,11775,107.106934,634.7660644,924.7679393200001,233.24822057868363,1177.5,{},{},"{0: 0, 1: 0, 2: 0, 3: 0, 4: 0}","{0: 0, 1: 0, 2: 0, 3: 0, 4: 0}","{0: 0, 1: 0, 2: 0, 3: 0, 4: 0}",0,0
rule_copilot,30c1s5r5p-zoo,YCSB_A,rw_100,concurrent_40,101,11828,108.35107450000001,466.15048810000013,761.5577736899997,201.0082950439635,1182.8,{3: 90.909},{3: 615.5},"{0: 2352, 1: 2349, 2: 2385, 3: 2358, 4: 2384}","{0: 18, 1: 33, 2: 20, 3: 18, 4: 19}","{0: 17, 1: 30, 2: 20, 3: 17, 4: 18}",0.9130875887724045,0.8623605005072709
rule_copilot,30c1s5r5p-zoo,YCSB_A,rw_100,concurrent_40,100,11784,85.3154295,685.7273196000001,1187.6245481,264.2504739956721,1178.4,"{2: 87.368, 3: 88.776}","{2: 605.305, 3: 608.5}","{0: 2368, 1: 2342, 2: 1930, 3: 2374, 4: 2382}","{0: 12, 1: 8, 2: 9, 3: 6, 4: 9}","{0: 9, 1: 8, 2: 9, 3: 6, 4: 8}",0.3861003861003861,0.351000351000351
rule_copilot,30c1s5r5p-zoo,YCSB_A,rw_1000,concurrent_40,0,11742,106.544922,146.91149859999996,371.8835744000002,120.24907655995572,1174.2,{2: 88.889},{2: 621.6},"{0: 0, 1: 0, 2: 0, 3: 0, 4: 0}","{0: 0, 1: 0, 2: 0, 3: 0, 4: 0}","{0: 0, 1: 0, 2: 0, 3: 0, 4: 0}",0,0
rule_copilot,30c1s5r5p-zoo,YCSB_A,rw_1000,concurrent_40,101,11759,90.221191,336.4920898000002,659.7222362400001,139.6338577303342,1175.9,{1: 76.0},{1: 639.488},"{0: 2353, 1: 0, 2: 0, 3: 0, 4: 1561}","{0: 1582, 1: 0, 2: 0, 3: 0, 4: 1054}","{0: 1508, 1: 0, 2: 0, 3: 0, 4: 1003}",67.34798160449668,64.1543178334185
rule_copilot,30c1s5r5p-zoo,YCSB_A,rw_1000,concurrent_40,100,11842,45.3630375,119.79130819999997,435.40598145,75.59257146368857,1184.2,"{2: 90.625, 3: 87.879}","{2: 605.832, 3: 613.0}","{0: 2360, 1: 2379, 2: 2352, 3: 1970, 4: 2386}","{0: 1966, 1: 1990, 2: 2007, 3: 1648, 4: 2023}","{0: 1836, 1: 1849, 2: 1883, 3: 1541, 4: 1893}",84.16178911505197,78.6406918843365
rule_copilot,30c1s5r5p-zoo,YCSB_A,rw_10000,concurrent_40,0,11780,106.124023,504.55432120000006,779.1720139599996,184.32340703157894,1178.0,{},{},"{0: 0, 1: 0, 2: 0, 3: 0, 4: 0}","{0: 0, 1: 0, 2: 0, 3: 0, 4: 0}","{0: 0, 1: 0, 2: 0, 3: 0, 4: 0}",0,0
rule_copilot,30c1s5r5p-zoo,YCSB_A,rw_10000,concurrent_40,101,11739,43.696045,117.81923840000006,441.6653466800001,74.9799207499787,1173.9,{3: 87.755},{3: 610.5},"{0: 2367, 1: 1165, 2: 2330, 3: 2297, 4: 1579}","{0: 2324, 1: 1147, 2: 2291, 3: 2259, 4: 1553}","{0: 2270, 1: 1111, 2: 2239, 3: 2205, 4: 1511}",98.31587594988704,95.87184226740604
rule_copilot,30c1s5r5p-zoo,YCSB_A,rw_10000,concurrent_40,100,11830,83.113037,133.41064490000002,396.8965013799999,89.74364142079459,1183.0,{2: 91.0},{2: 608.379},"{0: 2362, 1: 0, 2: 2360, 3: 0, 4: 1578}","{0: 2308, 1: 0, 2: 2313, 3: 0, 4: 1543}","{0: 2165, 1: 0, 2: 2246, 3: 0, 4: 1438}",97.84126984126983,92.84126984126983
rule_copilot,30c1s5r5p-zoo,YCSB_A,rw_100000,concurrent_40,0,11767,106.570068,337.45175759999984,769.8142240600001,155.3357207245687,1176.7,"{3: 90.099, 4: 57.143}","{3: 601.0, 4: 606.184}","{0: 0, 1: 0, 2: 0, 3: 0, 4: 0}","{0: 0, 1: 0, 2: 0, 3: 0, 4: 0}","{0: 0, 1: 0, 2: 0, 3: 0, 4: 0}",0,0
rule_copilot,30c1s5r5p-zoo,YCSB_A,rw_100000,concurrent_40,101,11807,43.491943,105.5789062,187.96942428000003,56.35616415778775,1180.7,"{2: 90.722, 3: 92.079}","{2: 621.043, 3: 607.75}","{0: 2357, 1: 2370, 2: 2361, 3: 774, 4: 2368}","{0: 2356, 1: 2369, 2: 2359, 3: 773, 4: 2365}","{0: 2356, 1: 2366, 2: 2356, 3: 773, 4: 2364}",99.92179863147605,99.8533724340176
rule_copilot,30c1s5r5p-zoo,YCSB_A,rw_100000,concurrent_40,100,11847,43.464111,85.0943848,171.58093265999972,58.147716293914065,1184.7,{2: 88.462},{2: 613.842},"{0: 2364, 1: 0, 2: 2355, 3: 2373, 4: 1988}","{0: 2363, 1: 0, 2: 2354, 3: 2370, 4: 1983}","{0: 2228, 1: 0, 2: 2210, 3: 2228, 4: 1871}",99.8898678414097,94.01982378854626
rule_copilot,30c1s5r5p-zoo,YCSB_A,rw_1000000,concurrent_40,0,11789,106.807861,323.43149420000043,855.2760840400006,156.46569209585206,1178.9,"{2: 86.0, 3: 90.816}","{2: 610.744, 3: 601.0}","{0: 0, 1: 0, 2: 0, 3: 0, 4: 0}","{0: 0, 1: 0, 2: 0, 3: 0, 4: 0}","{0: 0, 1: 0, 2: 0, 3: 0, 4: 0}",0,0
rule_copilot,30c1s5r5p-zoo,YCSB_A,rw_1000000,concurrent_40,101,11883,43.235107,61.7446776,204.79908176000012,50.78286309273752,1188.3,{4: 62.887},{4: 605.449},"{0: 2387, 1: 2315, 2: 2354, 3: 2370, 4: 2385}","{0: 2387, 1: 2315, 2: 2354, 3: 2370, 4: 2384}","{0: 2360, 1: 2297, 2: 2329, 3: 2352, 4: 2359}",99.99153331639997,99.03479806959614
rule_copilot,30c1s5r5p-zoo,YCSB_A,rw_1000000,concurrent_40,100,11789,43.48999,125.25219700000015,387.2155857600003,68.86859351047588,1178.9,{1: 79.0},{1: 634.496},"{0: 2385, 1: 2359, 2: 2373, 3: 2349, 4: 2323}","{0: 2383, 1: 2359, 2: 2372, 3: 2348, 4: 2322}","{0: 2304, 1: 2274, 2: 2299, 3: 2247, 4: 2230}",99.9575875816439,96.31011960301977
rule_mencius,30c1s5r5p-zoo,YCSB_A,rw_1000000,concurrent_1,0,0,0,0,0,0,0.0,{},{},{},{},{},0,0
rule_mencius,30c1s5r5p-zoo,YCSB_A,rw_1000000,concurrent_10,0,0,0,0,0,0,0.0,{},{},{},{},{},0,0
rule_mencius,30c1s5r5p-zoo,YCSB_A,rw_1000000,concurrent_12,0,0,0,0,0,0,0.0,{},{},{},{},{},0,0
rule_mencius,30c1s5r5p-zoo,YCSB_A,rw_1000000,concurrent_14,0,0,0,0,0,0,0.0,{},{},{},{},{},0,0
rule_mencius,30c1s5r5p-zoo,YCSB_A,rw_1000000,concurrent_16,0,0,0,0,0,0,0.0,{},{},{},{},{},0,0
rule_mencius,30c1s5r5p-zoo,YCSB_A,rw_1000000,concurrent_18,0,0,0,0,0,0,0.0,{},{},{},{},{},0,0
rule_mencius,30c1s5r5p-zoo,YCSB_A,rw_1000000,concurrent_20,0,0,0,0,0,0,0.0,{},{},{},{},{},0,0
rule_mencius,30c1s5r5p-zoo,YCSB_A,rw_1000000,concurrent_25,0,0,0,0,0,0,0.0,{},{},{},{},{},0,0
rule_mencius,30c1s5r5p-zoo,YCSB_A,rw_1000000,concurrent_30,0,0,0,0,0,0,0.0,{},{},{},{},{},0,0
rule_mencius,30c1s5r5p-zoo,YCSB_A,rw_1000000,concurrent_35,0,0,0,0,0,0,0.0,{},{},{},{},{},0,0
rule_mencius,30c1s5r5p-zoo,YCSB_A,rw_1000000,concurrent_40,0,0,0,0,0,0,0.0,{},{},{},{},{},0,0
rule_mencius,30c1s5r5p-zoo,YCSB_A,rw_1000000,concurrent_45,0,0,0,0,0,0,0.0,{},{},{},{},{},0,0
rule_mencius,30c1s5r5p-zoo,YCSB_A,rw_1000000,concurrent_50,0,0,0,0,0,0,0.0,{},{},{},{},{},0,0
rule_mencius,30c1s5r5p-zoo,YCSB_A,rw_1000000,concurrent_55,0,0,0,0,0,0,0.0,{},{},{},{},{},0,0
rule_mencius,30c1s5r5p-zoo,YCSB_A,rw_1000000,concurrent_60,0,0,0,0,0,0,0.0,{},{},{},{},{},0,0
rule_mencius,30c1s5r5p-zoo,YCSB_A,rw_1000000,concurrent_1,101,0,0,0,0,0,0.0,{},{},{},{},{},0,0
rule_mencius,30c1s5r5p-zoo,YCSB_A,rw_1000000,concurrent_10,101,0,0,0,0,0,0.0,{},{},{},{},{},0,0
rule_mencius,30c1s5r5p-zoo,YCSB_A,rw_1000000,concurrent_12,101,0,0,0,0,0,0.0,{},{},{},{},{},0,0
rule_mencius,30c1s5r5p-zoo,YCSB_A,rw_1000000,concurrent_14,101,0,0,0,0,0,0.0,{},{},{},{},{},0,0
rule_mencius,30c1s5r5p-zoo,YCSB_A,rw_1000000,concurrent_16,101,0,0,0,0,0,0.0,{},{},{},{},{},0,0
rule_mencius,30c1s5r5p-zoo,YCSB_A,rw_1000000,concurrent_18,101,0,0,0,0,0,0.0,{},{},{},{},{},0,0
rule_mencius,30c1s5r5p-zoo,YCSB_A,rw_1000000,concurrent_20,101,0,0,0,0,0,0.0,{},{},{},{},{},0,0
rule_mencius,30c1s5r5p-zoo,YCSB_A,rw_1000000,concurrent_25,101,0,0,0,0,0,0.0,{},{},{},{},{},0,0
rule_mencius,30c1s5r5p-zoo,YCSB_A,rw_1000000,concurrent_30,101,0,0,0,0,0,0.0,{},{},{},{},{},0,0
rule_mencius,30c1s5r5p-zoo,YCSB_A,rw_1000000,concurrent_35,101,0,0,0,0,0,0.0,{},{},{},{},{},0,0
rule_mencius,30c1s5r5p-zoo,YCSB_A,rw_1000000,concurrent_40,101,0,0,0,0,0,0.0,{},{},{},{},{},0,0
rule_mencius,30c1s5r5p-zoo,YCSB_A,rw_1000000,concurrent_45,101,0,0,0,0,0,0.0,{},{},{},{},{},0,0
rule_mencius,30c1s5r5p-zoo,YCSB_A,rw_1000000,concurrent_50,101,0,0,0,0,0,0.0,{},{},{},{},{},0,0
rule_mencius,30c1s5r5p-zoo,YCSB_A,rw_1000000,concurrent_55,101,0,0,0,0,0,0.0,{},{},{},{},{},0,0
rule_mencius,30c1s5r5p-zoo,YCSB_A,rw_1000000,concurrent_60,101,0,0,0,0,0,0.0,{},{},{},{},{},0,0
rule_mencius,30c1s5r5p-zoo,YCSB_A,rw_1000000,concurrent_1,100,0,0,0,0,0,0.0,{},{},{},{},{},0,0
rule_mencius,30c1s5r5p-zoo,YCSB_A,rw_1000000,concurrent_10,100,0,0,0,0,0,0.0,{},{},{},{},{},0,0
rule_mencius,30c1s5r5p-zoo,YCSB_A,rw_1000000,concurrent_12,100,0,0,0,0,0,0.0,{},{},{},{},{},0,0
rule_mencius,30c1s5r5p-zoo,YCSB_A,rw_1000000,concurrent_14,100,0,0,0,0,0,0.0,{},{},{},{},{},0,0
rule_mencius,30c1s5r5p-zoo,YCSB_A,rw_1000000,concurrent_16,100,0,0,0,0,0,0.0,{},{},{},{},{},0,0
rule_mencius,30c1s5r5p-zoo,YCSB_A,rw_1000000,concurrent_18,100,0,0,0,0,0,0.0,{},{},{},{},{},0,0
rule_mencius,30c1s5r5p-zoo,YCSB_A,rw_1000000,concurrent_20,100,0,0,0,0,0,0.0,{},{},{},{},{},0,0
rule_mencius,30c1s5r5p-zoo,YCSB_A,rw_1000000,concurrent_25,100,0,0,0,0,0,0.0,{},{},{},{},{},0,0
rule_mencius,30c1s5r5p-zoo,YCSB_A,rw_1000000,concurrent_30,100,0,0,0,0,0,0.0,{},{},{},{},{},0,0
rule_mencius,30c1s5r5p-zoo,YCSB_A,rw_1000000,concurrent_35,100,0,0,0,0,0,0.0,{},{},{},{},{},0,0
rule_mencius,30c1s5r5p-zoo,YCSB_A,rw_1000000,concurrent_40,100,0,0,0,0,0,0.0,{},{},{},{},{},0,0
rule_mencius,30c1s5r5p-zoo,YCSB_A,rw_1000000,concurrent_45,100,0,0,0,0,0,0.0,{},{},{},{},{},0,0
rule_mencius,30c1s5r5p-zoo,YCSB_A,rw_1000000,concurrent_50,100,0,0,0,0,0,0.0,{},{},{},{},{},0,0
rule_mencius,30c1s5r5p-zoo,YCSB_A,rw_1000000,concurrent_55,100,0,0,0,0,0,0.0,{},{},{},{},{},0,0
rule_mencius,30c1s5r5p-zoo,YCSB_A,rw_1000000,concurrent_60,100,0,0,0,0,0,0.0,{},{},{},{},{},0,0
rule_mencius,30c1s5r5p-zoo,YCSB_A,rw_zipf_1,concurrent_16,0,0,0,0,0,0,0.0,{},{},{},{},{},0,0
rule_mencius,30c1s5r5p-zoo,YCSB_A,rw_zipf_1,concurrent_16,101,0,0,0,0,0,0.0,{},{},{},{},{},0,0
rule_mencius,30c1s5r5p-zoo,YCSB_A,rw_zipf_1,concurrent_16,100,0,0,0,0,0,0.0,{},{},{},{},{},0,0
rule_mencius,30c1s5r5p-zoo,YCSB_A,rw_zipf_0.9,concurrent_16,0,0,0,0,0,0,0.0,{},{},{},{},{},0,0
rule_mencius,30c1s5r5p-zoo,YCSB_A,rw_zipf_0.9,concurrent_16,101,0,0,0,0,0,0.0,{},{},{},{},{},0,0
rule_mencius,30c1s5r5p-zoo,YCSB_A,rw_zipf_0.9,concurrent_16,100,0,0,0,0,0,0.0,{},{},{},{},{},0,0
rule_mencius,30c1s5r5p-zoo,YCSB_A,rw_zipf_0.8,concurrent_16,0,0,0,0,0,0,0.0,{},{},{},{},{},0,0
rule_mencius,30c1s5r5p-zoo,YCSB_A,rw_zipf_0.8,concurrent_16,101,0,0,0,0,0,0.0,{},{},{},{},{},0,0
rule_mencius,30c1s5r5p-zoo,YCSB_A,rw_zipf_0.8,concurrent_16,100,0,0,0,0,0,0.0,{},{},{},{},{},0,0
rule_mencius,30c1s5r5p-zoo,YCSB_A,rw_zipf_0.7,concurrent_16,0,0,0,0,0,0,0.0,{},{},{},{},{},0,0
rule_mencius,30c1s5r5p-zoo,YCSB_A,rw_zipf_0.7,concurrent_16,101,0,0,0,0,0,0.0,{},{},{},{},{},0,0
rule_mencius,30c1s5r5p-zoo,YCSB_A,rw_zipf_0.7,concurrent_16,100,0,0,0,0,0,0.0,{},{},{},{},{},0,0
rule_mencius,30c1s5r5p-zoo,YCSB_A,rw_zipf_0.6,concurrent_16,0,0,0,0,0,0,0.0,{},{},{},{},{},0,0
rule_mencius,30c1s5r5p-zoo,YCSB_A,rw_zipf_0.6,concurrent_16,101,0,0,0,0,0,0.0,{},{},{},{},{},0,0
rule_mencius,30c1s5r5p-zoo,YCSB_A,rw_zipf_0.6,concurrent_16,100,0,0,0,0,0,0.0,{},{},{},{},{},0,0
rule_mencius,30c1s5r5p-zoo,YCSB_A,rw_zipf_0.5,concurrent_16,0,0,0,0,0,0,0.0,{},{},{},{},{},0,0
rule_mencius,30c1s5r5p-zoo,YCSB_A,rw_zipf_0.5,concurrent_16,101,0,0,0,0,0,0.0,{},{},{},{},{},0,0
rule_mencius,30c1s5r5p-zoo,YCSB_A,rw_zipf_0.5,concurrent_16,100,0,0,0,0,0,0.0,{},{},{},{},{},0,0
rule_mencius,30c1s5r5p-zoo,YCSB_A,rw_1,concurrent_16,0,0,0,0,0,0,0.0,{},{},{},{},{},0,0
rule_mencius,30c1s5r5p-zoo,YCSB_A,rw_1,concurrent_16,101,0,0,0,0,0,0.0,{},{},{},{},{},0,0
rule_mencius,30c1s5r5p-zoo,YCSB_A,rw_1,concurrent_16,100,0,0,0,0,0,0.0,{},{},{},{},{},0,0
rule_mencius,30c1s5r5p-zoo,YCSB_A,rw_10,concurrent_16,0,0,0,0,0,0,0.0,{},{},{},{},{},0,0
rule_mencius,30c1s5r5p-zoo,YCSB_A,rw_10,concurrent_16,101,0,0,0,0,0,0.0,{},{},{},{},{},0,0
rule_mencius,30c1s5r5p-zoo,YCSB_A,rw_10,concurrent_16,100,0,0,0,0,0,0.0,{},{},{},{},{},0,0
rule_mencius,30c1s5r5p-zoo,YCSB_A,rw_100,concurrent_16,0,0,0,0,0,0,0.0,{},{},{},{},{},0,0
rule_mencius,30c1s5r5p-zoo,YCSB_A,rw_100,concurrent_16,101,0,0,0,0,0,0.0,{},{},{},{},{},0,0
rule_mencius,30c1s5r5p-zoo,YCSB_A,rw_100,concurrent_16,100,0,0,0,0,0,0.0,{},{},{},{},{},0,0
rule_mencius,30c1s5r5p-zoo,YCSB_A,rw_1000,concurrent_16,0,0,0,0,0,0,0.0,{},{},{},{},{},0,0
rule_mencius,30c1s5r5p-zoo,YCSB_A,rw_1000,concurrent_16,101,0,0,0,0,0,0.0,{},{},{},{},{},0,0
rule_mencius,30c1s5r5p-zoo,YCSB_A,rw_1000,concurrent_16,100,0,0,0,0,0,0.0,{},{},{},{},{},0,0
rule_mencius,30c1s5r5p-zoo,YCSB_A,rw_10000,concurrent_16,0,0,0,0,0,0,0.0,{},{},{},{},{},0,0
rule_mencius,30c1s5r5p-zoo,YCSB_A,rw_10000,concurrent_16,101,0,0,0,0,0,0.0,{},{},{},{},{},0,0
rule_mencius,30c1s5r5p-zoo,YCSB_A,rw_10000,concurrent_16,100,0,0,0,0,0,0.0,{},{},{},{},{},0,0
rule_mencius,30c1s5r5p-zoo,YCSB_A,rw_100000,concurrent_16,0,0,0,0,0,0,0.0,{},{},{},{},{},0,0
rule_mencius,30c1s5r5p-zoo,YCSB_A,rw_100000,concurrent_16,101,0,0,0,0,0,0.0,{},{},{},{},{},0,0
rule_mencius,30c1s5r5p-zoo,YCSB_A,rw_100000,concurrent_16,100,0,0,0,0,0,0.0,{},{},{},{},{},0,0
rule_mencius,30c1s5r5p-zoo,YCSB_A,rw_1000000,concurrent_16,0,0,0,0,0,0,0.0,{},{},{},{},{},0,0
rule_mencius,30c1s5r5p-zoo,YCSB_A,rw_1000000,concurrent_16,101,0,0,0,0,0,0.0,{},{},{},{},{},0,0
rule_mencius,30c1s5r5p-zoo,YCSB_A,rw_1000000,concurrent_16,100,0,0,0,0,0,0.0,{},{},{},{},{},0,0
rule_mongodb,30c1s5r5p-zoo,YCSB_A,rw_1000000,concurrent_1,0,202,9588.687011999999,9590.8398438,9592.88941148,9588.885118331684,20.2,"{0: 36.0, 1: 2.041, 2: 6.0, 3: 7.143, 4: 2.02}","{0: 731.52, 1: 524.945, 2: 525.18, 3: 524.0, 4: 525.928}","{0: 0, 1: 0, 2: 0, 3: 0, 4: 0}","{0: 0, 1: 0, 2: 0, 3: 0, 4: 0}","{0: 0, 1: 0, 2: 0, 3: 0, 4: 0}",0,0
rule_mongodb,30c1s5r5p-zoo,YCSB_A,rw_1000000,concurrent_10,0,2806,10360.856567499999,11002.6105955,11220.654589650001,10514.225584297219,280.6,{},{},"{0: 0, 1: 0, 2: 0, 3: 0, 4: 0}","{0: 0, 1: 0, 2: 0, 3: 0, 4: 0}","{0: 0, 1: 0, 2: 0, 3: 0, 4: 0}",0,0
rule_mongodb,30c1s5r5p-zoo,YCSB_A,rw_1000000,concurrent_20,0,2524,10291.524536,15369.9056643,15571.390893599999,11307.244472143819,252.4,{},{},"{0: 0, 1: 0, 2: 0, 3: 0, 4: 0}","{0: 0, 1: 0, 2: 0, 3: 0, 4: 0}","{0: 0, 1: 0, 2: 0, 3: 0, 4: 0}",0,0
rule_mongodb,30c1s5r5p-zoo,YCSB_A,rw_1000000,concurrent_30,0,2669,10023.819824,16509.32749,16675.961689599997,11249.49639390446,266.9,{},{},"{0: 0, 1: 0, 2: 0, 3: 0, 4: 0}","{0: 0, 1: 0, 2: 0, 3: 0, 4: 0}","{0: 0, 1: 0, 2: 0, 3: 0, 4: 0}",0,0
rule_mongodb,30c1s5r5p-zoo,YCSB_A,rw_1000000,concurrent_35,0,2735,10011.320068,16875.9885252,17032.981366980002,11236.020302299818,273.5,{},{},"{0: 0, 1: 0, 2: 0, 3: 0, 4: 0}","{0: 0, 1: 0, 2: 0, 3: 0, 4: 0}","{0: 0, 1: 0, 2: 0, 3: 0, 4: 0}",0,0
rule_mongodb,30c1s5r5p-zoo,YCSB_A,rw_1000000,concurrent_40,0,2798,10005.284912,17148.5304198,17330.14814415,11326.894597903858,279.8,{},{},"{0: 0, 1: 0, 2: 0, 3: 0, 4: 0}","{0: 0, 1: 0, 2: 0, 3: 0, 4: 0}","{0: 0, 1: 0, 2: 0, 3: 0, 4: 0}",0,0
rule_mongodb,30c1s5r5p-zoo,YCSB_A,rw_1000000,concurrent_50,0,2762,9821.6240235,17682.6850586,17771.8995142,11222.1427141622,276.2,{},{},"{0: 0, 1: 0, 2: 0, 3: 0, 4: 0}","{0: 0, 1: 0, 2: 0, 3: 0, 4: 0}","{0: 0, 1: 0, 2: 0, 3: 0, 4: 0}",0,0
rule_mongodb,30c1s5r5p-zoo,YCSB_A,rw_1000000,concurrent_60,0,2548,9841.826538000001,10131.6165772,17760.647326770002,10573.675788753531,254.8,{},{},"{0: 0, 1: 0, 2: 0, 3: 0, 4: 0}","{0: 0, 1: 0, 2: 0, 3: 0, 4: 0}","{0: 0, 1: 0, 2: 0, 3: 0, 4: 0}",0,0
rule_mongodb,30c1s5r5p-zoo,YCSB_A,rw_1000000,concurrent_70,0,2565,9889.531006,17349.818506,17835.82142584,10661.883497334502,256.5,{},{},"{0: 0, 1: 0, 2: 0, 3: 0, 4: 0}","{0: 0, 1: 0, 2: 0, 3: 0, 4: 0}","{0: 0, 1: 0, 2: 0, 3: 0, 4: 0}",0,0
rule_mongodb,30c1s5r5p-zoo,YCSB_A,rw_1000000,concurrent_80,0,2360,10007.8659665,10157.5264157,17740.85684787,10596.763067140253,236.0,{},{},"{0: 0, 1: 0, 2: 0, 3: 0, 4: 0}","{0: 0, 1: 0, 2: 0, 3: 0, 4: 0}","{0: 0, 1: 0, 2: 0, 3: 0, 4: 0}",0,0
rule_mongodb,30c1s5r5p-zoo,YCSB_A,rw_1000000,concurrent_90,0,2238,9792.989990499998,10138.2628903,17862.24642596,10457.286354865952,223.8,{},{},"{0: 0, 1: 0, 2: 0, 3: 0, 4: 0}","{0: 0, 1: 0, 2: 0, 3: 0, 4: 0}","{0: 0, 1: 0, 2: 0, 3: 0, 4: 0}",0,0
rule_mongodb,30c1s5r5p-zoo,YCSB_A,rw_1000000,concurrent_100,0,2312,10058.874878,18365.2398436,18396.73318875,11419.120956012543,231.2,{},{},"{0: 0, 1: 0, 2: 0, 3: 0, 4: 0}","{0: 0, 1: 0, 2: 0, 3: 0, 4: 0}","{0: 0, 1: 0, 2: 0, 3: 0, 4: 0}",0,0
rule_mongodb,30c1s5r5p-zoo,YCSB_A,rw_1000000,concurrent_110,0,1300,10066.1970215,10124.0302982,10142.920102659999,9910.005231899233,130.0,{},{},"{2: 0, 3: 0}","{2: 0, 3: 0}","{2: 0, 3: 0}",0,0
rule_mongodb,30c1s5r5p-zoo,YCSB_A,rw_1000000,concurrent_120,0,1106,9833.952694394213,10064.327305605786,10085.041717902352,9859.72611211573,110.6,{},{},{4: 0},{4: 0},{4: 0},0,0
rule_mongodb,30c1s5r5p-zoo,YCSB_A,rw_1000000,concurrent_1,101,198,42.3430175,43.7356932,44.308073400000005,42.55557313131313,19.8,"{0: 37.374, 1: 2.97, 2: 8.163, 3: 9.091, 4: 2.041}","{0: 731.607, 1: 525.477, 2: 525.457, 3: 524.5, 4: 526.107}","{0: 42, 1: 39, 2: 38, 3: 43, 4: 36}","{0: 42, 1: 39, 2: 38, 3: 43, 4: 36}","{0: 42, 1: 39, 2: 38, 3: 43, 4: 36}",100.0,100.0
rule_mongodb,30c1s5r5p-zoo,YCSB_A,rw_1000000,concurrent_10,101,2820,42.716552500000006,43.660009699999996,44.47607687,64.70686828758865,282.0,"{0: 75.758, 1: 4.082, 2: 16.327, 3: 18.182, 4: 6.061}","{0: 810.115, 1: 531.922, 2: 532.988, 3: 528.5, 4: 532.072}","{0: 566, 1: 561, 2: 560, 3: 565, 4: 568}","{0: 564, 1: 558, 2: 560, 3: 565, 4: 567}","{0: 564, 1: 558, 2: 560, 3: 565, 4: 567}",99.7872340425532,99.7872340425532
rule_mongodb,30c1s5r5p-zoo,YCSB_A,rw_1000000,concurrent_20,101,3477,43.015869,44.11499,45.902587639999986,196.76754401294218,347.7,"{1: 6.0, 2: 21.359, 3: 20.619, 4: 9.0}","{1: 538.664, 2: 540.744, 3: 536.75, 4: 539.686}","{0: 1169, 2: 1149, 4: 1159}","{0: 1162, 2: 1145, 4: 1150}","{0: 1162, 2: 1145, 4: 1150}",99.424791486914,99.424791486914
rule_mongodb,30c1s5r5p-zoo,YCSB_A,rw_1000000,concurrent_30,101,7039,43.082031,44.415039,51.28534146,133.26993735971018,703.9,"{0: 87.879, 1: 6.122, 2: 22.222, 3: 23.232, 4: 10.0}","{0: 978.162, 1: 547.934, 2: 548.73, 3: 544.5, 4: 548.453}","{0: 1746, 1: 1777, 2: 1785, 4: 1757}","{0: 1736, 1: 1766, 2: 1774, 4: 1745}","{0: 1736, 1: 1766, 2: 1774, 4: 1745}",99.37721160651097,99.37721160651097
rule_mongodb,30c1s5r5p-zoo,YCSB_A,rw_1000000,concurrent_35,101,10229,43.047852,44.395410600000005,53.605810839999954,102.64560843533094,1022.9,"{1: 7.216, 2: 26.0, 3: 26.0, 4: 10.101}","{1: 551.355, 2: 552.348, 3: 549.5, 4: 552.906}","{0: 2056, 1: 2076, 2: 2054, 3: 2055, 4: 2056}","{0: 2034, 1: 2060, 2: 2044, 3: 2040, 4: 2036}","{0: 2034, 1: 2060, 2: 2044, 3: 2040, 4: 2036}",99.19393998251918,99.19393998251918
rule_mongodb,30c1s5r5p-zoo,YCSB_A,rw_1000000,concurrent_40,101,11846,43.056885,44.5214845,55.706750349999936,50.17402669804154,1184.6,"{1: 9.184, 2: 26.0, 3: 28.431, 4: 14.141}","{1: 555.684, 2: 556.838, 3: 553.5, 4: 555.676}","{0: 2378, 1: 2381, 2: 2402, 3: 2389, 4: 2377}","{0: 2358, 1: 2366, 2: 2389, 3: 2373, 4: 2358}","{0: 2358, 1: 2366, 2: 2389, 3: 2373, 4: 2358}",99.30409994130963,99.30409994130963
rule_mongodb,30c1s5r5p-zoo,YCSB_A,rw_1000000,concurrent_50,101,14676,43.099854,44.9085695,61.021361999999996,43.94265724529845,1467.6,"{1: 10.309, 2: 31.683, 3: 30.303, 4: 14.141}","{1: 563.5, 2: 564.387, 3: 561.75, 4: 565.537}","{0: 2971, 1: 2961, 2: 2950, 3: 2960, 4: 2979}","{0: 2940, 1: 2931, 2: 2926, 3: 2927, 4: 2952}","{0: 2940, 1: 2931, 2: 2926, 3: 2927, 4: 2952}",99.02165845759396,99.02165845759396
rule_mongodb,30c1s5r5p-zoo,YCSB_A,rw_1000000,concurrent_60,101,17586,43.226074,45.859375,68.62869845000024,44.44605064852724,1758.6,"{1: 12.245, 2: 35.106, 3: 33.333, 4: 14.286}","{1: 571.965, 2: 572.389, 3: 571.5, 4: 572.387}","{0: 3562, 1: 3576, 2: 3567, 3: 3556, 4: 3564}","{0: 3518, 1: 3525, 2: 3513, 3: 3514, 4: 3516}","{0: 3518, 1: 3525, 2: 3513, 3: 3514, 4: 3516}",98.65918653576438,98.65918653576438
rule_mongodb,30c1s5r5p-zoo,YCSB_A,rw_1000000,concurrent_70,101,20470,43.430908,47.233447000000005,88.0783351700001,45.461832247484125,2047.0,"{1: 14.851, 2: 38.0, 3: 39.394, 4: 18.0}","{1: 580.02, 2: 581.932, 3: 578.5, 4: 580.215}","{0: 4150, 1: 4158, 2: 4161, 3: 4149, 4: 4141}","{0: 4096, 1: 4096, 2: 4104, 3: 4089, 4: 4085}","{0: 4096, 1: 4096, 2: 4104, 3: 4089, 4: 4085}",98.60783274724216,98.60783274724216
rule_mongodb,30c1s5r5p-zoo,YCSB_A,rw_1000000,concurrent_80,101,23379,43.520996,49.64941400000001,89.48852554000001,46.04919341875188,2337.9,{4: 20.0},{4: 587.941},"{0: 4715, 1: 4762, 2: 4745, 3: 4762, 4: 4778}","{0: 4643, 1: 4685, 2: 4655, 3: 4685, 4: 4711}","{0: 4643, 1: 4685, 2: 4655, 3: 4685, 4: 4711}",98.38818281289454,98.38818281289454
rule_mongodb,30c1s5r5p-zoo,YCSB_A,rw_1000000,concurrent_90,101,25146,43.561035,48.311890000000005,95.93465614999997,46.07113773383441,2514.6,{},{},"{0: 5192, 1: 5140, 2: 5050, 3: 5156, 4: 5095}","{0: 5098, 1: 5038, 2: 4958, 3: 5061, 4: 4991}","{0: 5098, 1: 5038, 2: 4958, 3: 5061, 4: 4991}",98.10010533296922,98.10010533296922
rule_mongodb,30c1s5r5p-zoo,YCSB_A,rw_1000000,concurrent_100,101,24978,43.495117,77.9513186,278.7706714,56.12052046048523,2497.8,{},{},"{0: 5160, 1: 5059, 2: 5125, 3: 5029}","{0: 5039, 1: 4956, 2: 5032, 3: 4906}","{0: 5039, 1: 4956, 2: 5032, 3: 4906}",97.84027880037304,97.84027880037304
rule_mongodb,30c1s5r5p-zoo,YCSB_A,rw_1000000,concurrent_110,101,25057,43.584961,69.27363320000002,279.72867175999954,55.12486631168935,2505.7,{},{},"{0: 5202, 1: 5106, 2: 5111, 3: 5059, 4: 5100}","{0: 5102, 1: 4994, 2: 4999, 3: 4950, 4: 5012}","{0: 5102, 1: 4994, 2: 4999, 3: 4950, 4: 5012}",97.96309328329033,97.96309328329033
rule_mongodb,30c1s5r5p-zoo,YCSB_A,rw_1000000,concurrent_120,101,24576,43.584961,51.302490000000006,124.68139675,47.544244677205405,2457.6,{},{},"{0: 5111, 1: 4973, 2: 4965, 3: 4984, 4: 5105}","{0: 4992, 1: 4853, 2: 4852, 3: 4877, 4: 5002}","{0: 4992, 1: 4853, 2: 4852, 3: 4877, 4: 5002}",97.76434083857109,97.76434083857109
rule_mongodb,30c1s5r5p-zoo,YCSB_A,rw_1000000,concurrent_1,100,200,42.2265625,43.7762204,44.48234616,42.45037962000001,20.0,"{0: 35.354, 1: 2.02, 2: 8.081, 3: 9.0, 4: 2.041}","{0: 731.422, 1: 525.414, 2: 525.652, 3: 524.0, 4: 526.027}","{0: 39, 1: 39, 2: 41, 3: 40, 4: 41}","{0: 39, 1: 39, 2: 41, 3: 40, 4: 41}","{0: 39, 1: 39, 2: 41, 3: 40, 4: 41}",100.0,100.0
rule_mongodb,30c1s5r5p-zoo,YCSB_A,rw_1000000,concurrent_10,100,2861,42.680908,43.644043,44.4327148,50.16610260293603,286.1,"{1: 3.093, 2: 13.542, 3: 15.625, 4: 6.122}","{1: 531.711, 2: 532.867, 3: 528.0, 4: 531.971}","{0: 578, 1: 562, 2: 569, 3: 571, 4: 581}","{0: 578, 1: 561, 2: 569, 3: 570, 4: 581}","{0: 578, 1: 561, 2: 569, 3: 570, 4: 581}",99.930094372597,99.930094372597
rule_mongodb,30c1s5r5p-zoo,YCSB_A,rw_1000000,concurrent_20,100,3498,42.690918,43.569214,46.03679718999999,126.34091341194969,349.8,"{0: 79.0, 2: 18.812}","{0: 890.775, 2: 539.713}","{1: 1170, 3: 1169, 4: 1162}","{1: 1164, 3: 1165, 4: 1157}","{1: 1164, 3: 1165, 4: 1157}",99.57155098543274,99.57155098543274
rule_mongodb,30c1s5r5p-zoo,YCSB_A,rw_1000000,concurrent_30,100,8772,43.1051025,44.344897700000004,50.82883294999997,84.66852712802098,877.2,"{1: 7.143, 2: 25.243, 3: 25.49, 4: 10.101}","{1: 547.246, 2: 548.971, 3: 545.5, 4: 547.742}","{0: 1768, 1: 1750, 2: 1760, 3: 1757, 4: 1773}","{0: 1753, 1: 1742, 2: 1752, 3: 1752, 4: 1763}","{0: 1753, 1: 1742, 2: 1752, 3: 1752, 4: 1763}",99.47774750227066,99.47774750227066
rule_mongodb,30c1s5r5p-zoo,YCSB_A,rw_1000000,concurrent_35,100,10328,43.107056,44.3893799,51.52512686999997,94.73437641595662,1032.8,"{2: 23.232, 3: 27.273, 4: 97.0}","{2: 552.867, 3: 550.5, 4: 551.957}","{0: 2085, 1: 2086, 2: 2054, 3: 2082, 4: 2077}","{0: 2069, 1: 2069, 2: 2038, 3: 2075, 4: 2063}","{0: 2069, 1: 2069, 2: 2038, 3: 2075, 4: 2063}",99.32588597842835,99.32588597842835
rule_mongodb,30c1s5r5p-zoo,YCSB_A,rw_1000000,concurrent_40,100,11697,43.108154,44.5249996,58.46275383999998,43.67856209882876,1169.7,"{1: 9.0, 2: 27.551, 3: 27.273, 4: 23.711}","{1: 556.387, 2: 556.861, 3: 551.75, 4: 556.254}","{0: 2335, 1: 2346, 2: 2380, 3: 2394, 4: 2335}","{0: 2323, 1: 2331, 2: 2361, 3: 2362, 4: 2320}","{0: 2323, 1: 2331, 2: 2361, 3: 2362, 4: 2320}",99.21119592875318,99.21119592875318
rule_mongodb,30c1s5r5p-zoo,YCSB_A,rw_1000000,concurrent_50,100,14611,43.24585,45.207031,60.977318999999994,44.04244565436999,1461.1,"{1: 11.111, 2: 33.01, 3: 30.928, 4: 13.131}","{1: 563.574, 2: 565.309, 3: 562.75, 4: 564.1}","{0: 2917, 1: 2965, 2: 2964, 3: 2960, 4: 2960}","{0: 2895, 1: 2924, 2: 2935, 3: 2937, 4: 2920}","{0: 2895, 1: 2924, 2: 2935, 3: 2937, 4: 2920}",98.95029120953542,98.95029120953542
rule_mongodb,30c1s5r5p-zoo,YCSB_A,rw_1000000,concurrent_60,100,17525,43.219971,45.5762692,81.58685535999975,44.88699821883024,1752.5,"{1: 12.121, 2: 35.644, 3: 33.673, 4: 16.495}","{1: 573.074, 2: 572.938, 3: 568.5, 4: 572.84}","{0: 3548, 1: 3556, 2: 3566, 3: 3516, 4: 3556}","{0: 3511, 1: 3508, 2: 3523, 3: 3471, 4: 3512}","{0: 3511, 1: 3508, 2: 3523, 3: 3471, 4: 3512}",98.77691353849622,98.77691353849622
rule_mongodb,30c1s5r5p-zoo,YCSB_A,rw_1000000,concurrent_70,100,20573,43.438965,46.481201,80.24712896,45.18434340280951,2057.3,"{1: 14.286, 2: 38.614, 3: 38.144, 4: 18.812}","{1: 580.02, 2: 582.314, 3: 579.0, 4: 580.055}","{0: 4169, 1: 4179, 2: 4197, 3: 4183, 4: 4134}","{0: 4115, 1: 4123, 2: 4143, 3: 4118, 4: 4074}","{0: 4115, 1: 4123, 2: 4143, 3: 4118, 4: 4074}",98.6147061643179,98.6147061643179
rule_mongodb,30c1s5r5p-zoo,YCSB_A,rw_1000000,concurrent_80,100,23417,43.51001,51.66010720000001,111.71830068000001,46.74504857949353,2341.7,"{2: 41.414, 3: 44.554}","{2: 587.707, 3: 581.75}","{0: 4735, 1: 4769, 2: 4789, 3: 4796, 4: 4749}","{0: 4661, 1: 4683, 2: 4709, 3: 4709, 4: 4655}","{0: 4661, 1: 4683, 2: 4709, 3: 4709, 4: 4655}",98.23391224095981,98.23391224095981
rule_mongodb,30c1s5r5p-zoo,YCSB_A,rw_1000000,concurrent_90,100,25351,43.834961,49.010986,97.003418,46.469100409609084,2535.1,{},{},"{0: 5228, 1: 5201, 2: 5073, 3: 5150, 4: 5177}","{0: 5136, 1: 5096, 2: 4974, 3: 5050, 4: 5095}","{0: 5136, 1: 5096, 2: 4974, 3: 5050, 4: 5095}",98.14936699059197,98.14936699059197
rule_mongodb,30c1s5r5p-zoo,YCSB_A,rw_1000000,concurrent_100,100,25075,43.76001,79.96210980000001,268.8209426999993,56.72048129547357,2507.5,{},{},"{0: 5172, 1: 5029, 2: 5048, 3: 5241, 4: 5114}","{0: 5074, 1: 4922, 2: 4932, 3: 5138, 4: 5009}","{0: 5074, 1: 4922, 2: 4932, 3: 5138, 4: 5009}",97.93391657553508,97.93391657553508
rule_mongodb,30c1s5r5p-zoo,YCSB_A,rw_1000000,concurrent_110,100,25165,43.687988,51.315869200000016,132.9467576,48.07556936725611,2516.5,{},{},"{0: 5230, 1: 5102, 2: 5123, 3: 5116, 4: 5104}","{0: 5143, 1: 5004, 2: 5002, 3: 5020, 4: 4996}","{0: 5143, 1: 5004, 2: 5002, 3: 5020, 4: 4996}",98.01363193768258,98.01363193768258
rule_mongodb,30c1s5r5p-zoo,YCSB_A,rw_1000000,concurrent_120,100,25071,43.7229,48.969971,106.60424779999997,46.71220113573451,2507.1,{},{},"{0: 5134, 1: 5110, 2: 5021, 3: 5103, 4: 5183}","{0: 5037, 1: 5015, 2: 4912, 3: 5014, 4: 5093}","{0: 5037, 1: 5015, 2: 4912, 3: 5014, 4: 5093}",98.12140425032288,98.12140425032288
rule_mongodb,30c1s5r5p-zoo,YCSB_A,rw_zipf_1,concurrent_100,0,2038,10071.9864505,10312.4792721,17801.22174801,10744.080569851325,203.8,{},{},"{0: 0, 1: 0, 2: 0, 3: 0, 4: 0}","{0: 0, 1: 0, 2: 0, 3: 0, 4: 0}","{0: 0, 1: 0, 2: 0, 3: 0, 4: 0}",0,0
rule_mongodb,30c1s5r5p-zoo,YCSB_A,rw_zipf_1,concurrent_100,101,2799,97.796143,27975.935693,28170.70732392,11287.842751278315,279.9,{},{},"{0: 445, 1: 642, 2: 461, 3: 706, 4: 545}","{0: 237, 1: 348, 2: 246, 3: 414, 4: 306}","{0: 237, 1: 348, 2: 246, 3: 414, 4: 306}",55.41264737406217,55.41264737406217
rule_mongodb,30c1s5r5p-zoo,YCSB_A,rw_zipf_1,concurrent_100,100,2714,81.4274905,27947.412256,28115.96966796,11239.865825365881,271.4,{},{},"{0: 423, 1: 659, 2: 647, 3: 452, 4: 533}","{0: 244, 1: 371, 2: 340, 3: 253, 4: 309}","{0: 244, 1: 371, 2: 340, 3: 253, 4: 309}",55.89535740604274,55.89535740604274
rule_mongodb,30c1s5r5p-zoo,YCSB_A,rw_zipf_0.9,concurrent_100,0,2803,10054.329102,18330.7044432,18361.41206542,11116.580851450944,280.3,{},{},"{0: 0, 1: 0, 2: 0, 3: 0, 4: 0}","{0: 0, 1: 0, 2: 0, 3: 0, 4: 0}","{0: 0, 1: 0, 2: 0, 3: 0, 4: 0}",0,0
rule_mongodb,30c1s5r5p-zoo,YCSB_A,rw_zipf_0.9,concurrent_100,101,2145,50.49707,37859.413721,42487.72933596,11760.315109384614,214.5,{},{},"{0: 375, 1: 505, 2: 522, 3: 338, 4: 405}","{0: 268, 1: 326, 2: 365, 3: 241, 4: 278}","{0: 268, 1: 326, 2: 365, 3: 241, 4: 278}",68.9044289044289,68.9044289044289
rule_mongodb,30c1s5r5p-zoo,YCSB_A,rw_zipf_0.9,concurrent_100,100,2366,47.940552,37908.7125245,42643.18109115,12057.343474994506,236.6,{},{},"{0: 424, 1: 583, 2: 581, 3: 303, 4: 475}","{0: 284, 1: 401, 2: 398, 3: 221, 4: 308}","{0: 284, 1: 401, 2: 398, 3: 221, 4: 308}",68.13186813186813,68.13186813186813
rule_mongodb,30c1s5r5p-zoo,YCSB_A,rw_zipf_0.8,concurrent_100,0,1975,10088.656982,17725.316211,17750.26211412,10814.022405891139,197.5,{},{},"{0: 0, 1: 0, 2: 0, 3: 0, 4: 0}","{0: 0, 1: 0, 2: 0, 3: 0, 4: 0}","{0: 0, 1: 0, 2: 0, 3: 0, 4: 0}",0,0
rule_mongodb,30c1s5r5p-zoo,YCSB_A,rw_zipf_0.8,concurrent_100,101,2723,42.931885,48.5652832,104.0156349000001,45.514740785163426,272.3,{},{},"{0: 561, 1: 803, 2: 521, 3: 788, 4: 722}","{0: 443, 1: 653, 2: 426, 3: 624, 4: 577}","{0: 443, 1: 653, 2: 426, 3: 624, 4: 577}",80.20618556701031,80.20618556701031
rule_mongodb,30c1s5r5p-zoo,YCSB_A,rw_zipf_0.8,concurrent_100,100,2696,42.867431499999995,47.6109615,92.73327675,45.565129591988125,269.6,{},{},"{0: 730, 1: 794, 2: 464, 3: 496, 4: 839}","{0: 594, 1: 639, 2: 368, 3: 406, 4: 689}","{0: 594, 1: 639, 2: 368, 3: 406, 4: 689}",81.13150767378875,81.13150767378875
rule_mongodb,30c1s5r5p-zoo,YCSB_A,rw_zipf_0.7,concurrent_100,0,1912,10074.3100585,17442.6671872,17752.23909953,10805.594709919458,191.2,{},{},"{0: 0, 1: 0, 2: 0, 3: 0, 4: 0}","{0: 0, 1: 0, 2: 0, 3: 0, 4: 0}","{0: 0, 1: 0, 2: 0, 3: 0, 4: 0}",0,0
rule_mongodb,30c1s5r5p-zoo,YCSB_A,rw_zipf_0.7,concurrent_100,101,6620,43.066895,51.85129360000001,215.35864277999968,49.80892924803625,662.0,{},{},"{0: 1500, 1: 1390, 2: 1500, 3: 1398, 4: 1774}","{0: 1320, 1: 1215, 2: 1301, 3: 1233, 4: 1551}","{0: 1320, 1: 1215, 2: 1301, 3: 1233, 4: 1551}",87.54297804813541,87.54297804813541
rule_mongodb,30c1s5r5p-zoo,YCSB_A,rw_zipf_0.7,concurrent_100,100,6053,42.945068,46.8353024,126.12688479999977,46.30968009334215,605.3,{},{},"{0: 1499, 1: 1422, 2: 1142, 3: 1386, 4: 1489}","{0: 1316, 1: 1241, 2: 984, 3: 1217, 4: 1295}","{0: 1316, 1: 1241, 2: 984, 3: 1217, 4: 1295}",87.24416258287691,87.24416258287691
rule_mongodb,30c1s5r5p-zoo,YCSB_A,rw_zipf_0.6,concurrent_100,0,2900,10047.31958,18365.497119300002,18445.598871680002,11110.320952475518,290.0,{},{},"{0: 0, 1: 0, 2: 0, 3: 0, 4: 0}","{0: 0, 1: 0, 2: 0, 3: 0, 4: 0}","{0: 0, 1: 0, 2: 0, 3: 0, 4: 0}",0,0
rule_mongodb,30c1s5r5p-zoo,YCSB_A,rw_zipf_0.6,concurrent_100,101,13226,43.221924,52.167969,200.45288125,48.99313260600333,1322.6,{},{},"{0: 2820, 1: 2990, 2: 2816, 3: 2767, 4: 2853}","{0: 2620, 1: 2783, 2: 2594, 3: 2571, 4: 2658}","{0: 2620, 1: 2783, 2: 2594, 3: 2571, 4: 2658}",92.8400954653938,92.8400954653938
rule_mongodb,30c1s5r5p-zoo,YCSB_A,rw_zipf_0.6,concurrent_100,100,12498,43.078857,55.97546420000014,191.59828575000006,50.21835086141783,1249.8,{},{},"{0: 2684, 1: 2766, 2: 2534, 3: 2692, 4: 2893}","{0: 2467, 1: 2547, 2: 2316, 3: 2492, 4: 2676}","{0: 2467, 1: 2547, 2: 2316, 3: 2492, 4: 2676}",92.10700862259563,92.10700862259563
rule_mongodb,30c1s5r5p-zoo,YCSB_A,rw_zipf_0.5,concurrent_100,0,2865,10050.709961,18292.772461,18325.47362276,11091.625134799302,286.5,{},{},"{0: 0, 1: 0, 2: 0, 3: 0, 4: 0}","{0: 0, 1: 0, 2: 0, 3: 0, 4: 0}","{0: 0, 1: 0, 2: 0, 3: 0, 4: 0}",0,0
rule_mongodb,30c1s5r5p-zoo,YCSB_A,rw_zipf_0.5,concurrent_100,101,18887,43.340088,66.69921860000004,259.4793702599999,52.99689693990575,1888.7,{},{},"{0: 3982, 1: 3965, 2: 4034, 3: 3929, 4: 3924}","{0: 3798, 1: 3785, 2: 3829, 3: 3753, 4: 3722}","{0: 3798, 1: 3785, 2: 3829, 3: 3753, 4: 3722}",95.22537057577897,95.22537057577897
rule_mongodb,30c1s5r5p-zoo,YCSB_A,rw_zipf_0.5,concurrent_100,100,18826,43.316895,63.195556499999995,205.07684325000002,51.516622364814616,1882.6,{},{},"{0: 4010, 1: 3995, 2: 3830, 3: 3900, 4: 4015}","{0: 3817, 1: 3802, 2: 3656, 3: 3708, 4: 3843}","{0: 3817, 1: 3802, 2: 3656, 3: 3708, 4: 3843}",95.32151898734178,95.32151898734178
rule_mongodb,30c1s5r5p-zoo,YCSB_A,rw_1,concurrent_100,0,1612,10064.965454000001,17909.677099800003,17944.147981100003,10937.798324167492,161.2,{},{},"{0: 0, 1: 0, 2: 0, 3: 0, 4: 0}","{0: 0, 1: 0, 2: 0, 3: 0, 4: 0}","{0: 0, 1: 0, 2: 0, 3: 0, 4: 0}",0,0
rule_mongodb,30c1s5r5p-zoo,YCSB_A,rw_1,concurrent_100,101,2661,10070.355957,17787.291992,17950.6517578,11592.050207354005,266.1,{},{},"{0: 30, 1: 59, 2: 29, 3: 112, 4: 28}","{0: 0, 1: 0, 2: 0, 3: 0, 4: 0}","{0: 0, 1: 0, 2: 0, 3: 0, 4: 0}",0.0,0.0
rule_mongodb,30c1s5r5p-zoo,YCSB_A,rw_1,concurrent_100,100,2587,10056.529053,18296.9558106,18387.94221664,11213.824587287207,258.7,{},{},"{0: 600, 1: 600, 2: 454, 3: 500, 4: 433}","{0: 0, 1: 0, 2: 0, 3: 0, 4: 0}","{0: 0, 1: 0, 2: 0, 3: 0, 4: 0}",0.0,0.0
rule_mongodb,30c1s5r5p-zoo,YCSB_A,rw_10,concurrent_100,0,1830,10057.1810305,17798.297632,17853.305165690002,10728.921243531695,183.0,{},{},"{0: 0, 1: 0, 2: 0, 3: 0, 4: 0}","{0: 0, 1: 0, 2: 0, 3: 0, 4: 0}","{0: 0, 1: 0, 2: 0, 3: 0, 4: 0}",0,0
rule_mongodb,30c1s5r5p-zoo,YCSB_A,rw_10,concurrent_100,101,1716,9713.469971,17822.4375,17907.379492,10739.266912009905,171.6,{},{},"{0: 134, 1: 5, 2: 8, 3: 52, 4: 12}","{0: 0, 1: 0, 2: 0, 3: 0, 4: 0}","{0: 0, 1: 0, 2: 0, 3: 0, 4: 0}",0.0,0.0
rule_mongodb,30c1s5r5p-zoo,YCSB_A,rw_10,concurrent_100,100,1916,9744.871582,17790.8270265,17895.25109835,10649.847615610648,191.6,{},{},"{0: 600, 1: 144, 2: 197, 3: 505, 4: 470}","{0: 0, 1: 0, 2: 0, 3: 0, 4: 0}","{0: 0, 1: 0, 2: 0, 3: 0, 4: 0}",0.0,0.0
rule_mongodb,30c1s5r5p-zoo,YCSB_A,rw_100,concurrent_100,0,2583,10072.508057,18369.0822752,18400.03819834,11311.629362449863,258.3,{},{},"{0: 0, 1: 0, 2: 0, 3: 0, 4: 0}","{0: 0, 1: 0, 2: 0, 3: 0, 4: 0}","{0: 0, 1: 0, 2: 0, 3: 0, 4: 0}",0,0
rule_mongodb,30c1s5r5p-zoo,YCSB_A,rw_100,concurrent_100,101,1954,10072.0959475,10159.5704104,17931.361584579998,10549.949530712385,195.4,{},{},"{0: 600, 1: 78, 2: 7, 3: 66, 4: 217}","{0: 0, 1: 0, 2: 0, 3: 0, 4: 0}","{0: 0, 1: 0, 2: 0, 3: 0, 4: 0}",0.0,0.0
rule_mongodb,30c1s5r5p-zoo,YCSB_A,rw_100,concurrent_100,100,2222,10073.134888,10216.3853761,17866.30003414,10424.587283428893,222.2,{},{},"{0: 600, 1: 584, 2: 121, 3: 587, 4: 330}","{0: 0, 1: 0, 2: 0, 3: 0, 4: 0}","{0: 0, 1: 0, 2: 0, 3: 0, 4: 0}",0.0,0.0
rule_mongodb,30c1s5r5p-zoo,YCSB_A,rw_1000,concurrent_100,0,2382,10065.082886,18351.0067386,18408.31258048,11304.77293965995,238.2,{},{},"{0: 0, 1: 0, 2: 0, 3: 0, 4: 0}","{0: 0, 1: 0, 2: 0, 3: 0, 4: 0}","{0: 0, 1: 0, 2: 0, 3: 0, 4: 0}",0,0
rule_mongodb,30c1s5r5p-zoo,YCSB_A,rw_1000,concurrent_100,101,2300,10244.88855,18076.881079299998,18465.72303677,10763.370675397826,230.0,{},{},"{0: 319, 1: 570, 2: 361, 3: 710, 4: 340}","{0: 63, 1: 109, 2: 66, 3: 156, 4: 71}","{0: 63, 1: 109, 2: 66, 3: 156, 4: 71}",20.217391304347824,20.217391304347824
rule_mongodb,30c1s5r5p-zoo,YCSB_A,rw_1000,concurrent_100,100,2594,10106.583008,18500.1969728,21019.890273650002,11416.337648782575,259.4,{},{},"{0: 513, 1: 421, 2: 582, 3: 726, 4: 352}","{0: 96, 1: 78, 2: 111, 3: 151, 4: 61}","{0: 96, 1: 78, 2: 111, 3: 151, 4: 61}",19.159599074787973,19.159599074787973
rule_mongodb,30c1s5r5p-zoo,YCSB_A,rw_10000,concurrent_100,0,1900,9711.4339595,17799.5579593,17882.56218028,10661.03355359,190.0,{},{},"{0: 0, 1: 0, 2: 0, 3: 0, 4: 0}","{0: 0, 1: 0, 2: 0, 3: 0, 4: 0}","{0: 0, 1: 0, 2: 0, 3: 0, 4: 0}",0,0
rule_mongodb,30c1s5r5p-zoo,YCSB_A,rw_10000,concurrent_100,101,886,45.586914,37752.2719725,38157.9455443,13598.756923276525,88.6,{},{},"{0: 167, 1: 203, 2: 159, 3: 173, 4: 184}","{0: 110, 1: 128, 2: 108, 3: 108, 4: 105}","{0: 110, 1: 128, 2: 108, 3: 108, 4: 105}",63.09255079006772,63.09255079006772
rule_mongodb,30c1s5r5p-zoo,YCSB_A,rw_10000,concurrent_100,100,971,64.458984,37803.224121,38061.290722900005,13473.82844430896,97.1,{},{},"{0: 151, 1: 211, 2: 187, 3: 253, 4: 169}","{0: 90, 1: 136, 2: 116, 3: 158, 4: 118}","{0: 90, 1: 136, 2: 116, 3: 158, 4: 118}",63.64572605561277,63.64572605561277
rule_mongodb,30c1s5r5p-zoo,YCSB_A,rw_100000,concurrent_100,0,2400,10022.2130125,18420.9072023,18541.18003461,11320.737950861667,240.0,{},{},"{0: 0, 1: 0, 2: 0, 3: 0, 4: 0}","{0: 0, 1: 0, 2: 0, 3: 0, 4: 0}","{0: 0, 1: 0, 2: 0, 3: 0, 4: 0}",0,0
rule_mongodb,30c1s5r5p-zoo,YCSB_A,rw_100000,concurrent_100,101,7837,43.084961,52.438721000000015,208.7282034800002,49.49645052507337,783.7,{},{},"{0: 2049, 1: 1702, 2: 1630, 3: 1844, 4: 1748}","{0: 1826, 1: 1468, 2: 1398, 3: 1617, 4: 1528}","{0: 1826, 1: 1468, 2: 1398, 3: 1617, 4: 1528}",87.33979716928563,87.33979716928563
rule_mongodb,30c1s5r5p-zoo,YCSB_A,rw_100000,concurrent_100,100,7274,42.862549,47.326904,161.23660130999977,46.88453594885895,727.4,{},{},"{0: 1772, 1: 1558, 2: 1617, 3: 1626, 4: 1814}","{0: 1548, 1: 1326, 2: 1398, 3: 1408, 4: 1594}","{0: 1548, 1: 1326, 2: 1398, 3: 1408, 4: 1594}",86.72946226302611,86.72946226302611
rule_mongodb,30c1s5r5p-zoo,YCSB_A,rw_1000000,concurrent_100,0,2312,10058.874878,18365.2398436,18396.73318875,11419.120956012543,231.2,{},{},"{0: 0, 1: 0, 2: 0, 3: 0, 4: 0}","{0: 0, 1: 0, 2: 0, 3: 0, 4: 0}","{0: 0, 1: 0, 2: 0, 3: 0, 4: 0}",0,0
rule_mongodb,30c1s5r5p-zoo,YCSB_A,rw_1000000,concurrent_100,101,24978,43.495117,77.9513186,278.7706714,56.12052046048523,2497.8,{},{},"{0: 5160, 1: 5059, 2: 5125, 3: 5029}","{0: 5039, 1: 4956, 2: 5032, 3: 4906}","{0: 5039, 1: 4956, 2: 5032, 3: 4906}",97.84027880037304,97.84027880037304
rule_mongodb,30c1s5r5p-zoo,YCSB_A,rw_1000000,concurrent_100,100,25075,43.76001,79.96210980000001,268.8209426999993,56.72048129547357,2507.5,{},{},"{0: 5172, 1: 5029, 2: 5048, 3: 5241, 4: 5114}","{0: 5074, 1: 4922, 2: 4932, 3: 5138, 4: 5009}","{0: 5074, 1: 4922, 2: 4932, 3: 5138, 4: 5009}",97.93391657553508,97.93391657553508
rule_etcd,30c1s5r5p-zoo,YCSB_A,rw_1000000,concurrent_1,0,194,83.49194299999999,84.43884270000001,85.28809069,83.44284847938144,19.4,"{0: 3.061, 1: 2.041, 2: 7.143, 3: 8.081, 4: 2.02}","{0: 530.455, 1: 525.887, 2: 526.645, 3: 525.5, 4: 526.527}","{0: 0, 1: 0, 2: 0, 3: 0, 4: 0}","{0: 0, 1: 0, 2: 0, 3: 0, 4: 0}","{0: 0, 1: 0, 2: 0, 3: 0, 4: 0}",0,0
rule_etcd,30c1s5r5p-zoo,YCSB_A,rw_1000000,concurrent_10,0,2846,82.93652349999999,83.98291,84.9042483,82.98035817709065,284.6,"{1: 3.061, 2: 10.309, 3: 12.245, 4: 4.04}","{1: 528.555, 2: 529.561, 3: 526.5, 4: 529.027}","{0: 0, 1: 0, 2: 0, 3: 0, 4: 0}","{0: 0, 1: 0, 2: 0, 3: 0, 4: 0}","{0: 0, 1: 0, 2: 0, 3: 0, 4: 0}",0,0
rule_etcd,30c1s5r5p-zoo,YCSB_A,rw_1000000,concurrent_20,0,5879,82.940918,83.974121,84.88086885999999,82.98171236230652,587.9,"{1: 3.061, 2: 16.0, 3: 16.832, 4: 5.102}","{1: 530.98, 2: 532.27, 3: 529.75, 4: 531.986}","{0: 0, 1: 0, 2: 0, 3: 0, 4: 0}","{0: 0, 1: 0, 2: 0, 3: 0, 4: 0}","{0: 0, 1: 0, 2: 0, 3: 0, 4: 0}",0,0
rule_etcd,30c1s5r5p-zoo,YCSB_A,rw_1000000,concurrent_30,0,8837,82.926025,83.9974608,85.1185452,82.9848283831617,883.7,"{1: 4.082, 2: 16.667, 3: 18.182, 4: 7.071}","{1: 534.602, 2: 535.584, 3: 532.5, 4: 535.203}","{0: 0, 1: 0, 2: 0, 3: 0, 4: 0}","{0: 0, 1: 0, 2: 0, 3: 0, 4: 0}","{0: 0, 1: 0, 2: 0, 3: 0, 4: 0}",0,0
rule_etcd,30c1s5r5p-zoo,YCSB_A,rw_1000000,concurrent_40,0,11798,82.791992,83.8679932,85.01110321,82.86766594761824,1179.8,"{1: 6.061, 2: 23.0, 3: 22.222, 4: 9.901}","{1: 538.621, 2: 538.875, 3: 534.75, 4: 538.35}","{0: 0, 1: 0, 2: 0, 3: 0, 4: 0}","{0: 0, 1: 0, 2: 0, 3: 0, 4: 0}","{0: 0, 1: 0, 2: 0, 3: 0, 4: 0}",0,0
rule_etcd,30c1s5r5p-zoo,YCSB_A,rw_1000000,concurrent_50,0,14764,82.841797,83.90871609999999,85.29779498999999,82.91439800108371,1476.4,"{1: 6.25, 2: 23.711, 3: 23.469, 4: 12.871}","{1: 541.068, 2: 541.406, 3: 538.75, 4: 541.662}","{0: 0, 1: 0, 2: 0, 3: 0, 4: 0}","{0: 0, 1: 0, 2: 0, 3: 0, 4: 0}","{0: 0, 1: 0, 2: 0, 3: 0, 4: 0}",0,0
rule_etcd,30c1s5r5p-zoo,YCSB_A,rw_1000000,concurrent_60,0,17776,82.800049,83.844971,85.4995725,82.89482097490999,1777.6,"{1: 8.081, 2: 29.0, 3: 29.293, 4: 12.121}","{1: 543.469, 2: 544.498, 3: 542.5, 4: 544.594}","{0: 0, 1: 0, 2: 0, 3: 0, 4: 0}","{0: 0, 1: 0, 2: 0, 3: 0, 4: 0}","{0: 0, 1: 0, 2: 0, 3: 0, 4: 0}",0,0
rule_etcd,30c1s5r5p-zoo,YCSB_A,rw_1000000,concurrent_70,0,20745,82.921143,84.032959,86.10528304000002,83.03938379662569,2074.5,"{1: 9.184, 2: 31.0, 3: 29.293, 4: 15.0}","{1: 547.055, 2: 548.068, 3: 544.25, 4: 547.551}","{0: 0, 1: 0, 2: 0, 3: 0, 4: 0}","{0: 0, 1: 0, 2: 0, 3: 0, 4: 0}","{0: 0, 1: 0, 2: 0, 3: 0, 4: 0}",0,0
rule_etcd,30c1s5r5p-zoo,YCSB_A,rw_1000000,concurrent_80,0,23797,83.095947,84.3233888,88.24946248,83.25513074311888,2379.7,"{1: 10.101, 2: 31.313, 3: 32.0, 4: 15.464}","{1: 549.262, 2: 550.682, 3: 547.5, 4: 550.369}","{0: 0, 1: 0, 2: 0, 3: 0, 4: 0}","{0: 0, 1: 0, 2: 0, 3: 0, 4: 0}","{0: 0, 1: 0, 2: 0, 3: 0, 4: 0}",0,0
rule_etcd,30c1s5r5p-zoo,YCSB_A,rw_1000000,concurrent_90,0,26648,83.498047,85.018066,91.27010028999999,83.87044674264484,2664.8,"{1: 11.0, 2: 36.634, 3: 33.0, 4: 15.152}","{1: 553.402, 2: 554.225, 3: 551.0, 4: 553.281}","{0: 0, 1: 0, 2: 0, 3: 0, 4: 0}","{0: 0, 1: 0, 2: 0, 3: 0, 4: 0}","{0: 0, 1: 0, 2: 0, 3: 0, 4: 0}",0,0
rule_etcd,30c1s5r5p-zoo,YCSB_A,rw_1000000,concurrent_100,0,29743,84.694092,87.0259276,91.31961405999999,85.00492739397505,2974.3,"{1: 9.184, 2: 32.323, 3: 33.981, 4: 14.0}","{1: 556.191, 2: 556.945, 3: 552.25, 4: 556.152}","{0: 0, 1: 0, 2: 0, 3: 0, 4: 0}","{0: 0, 1: 0, 2: 0, 3: 0, 4: 0}","{0: 0, 1: 0, 2: 0, 3: 0, 4: 0}",0,0
rule_etcd,30c1s5r5p-zoo,YCSB_A,rw_1000000,concurrent_110,0,32789,86.009033,89.3881344,140.25892535999998,87.60293689343987,3278.9,"{1: 8.247, 2: 31.313, 3: 33.663, 4: 14.141}","{1: 559.484, 2: 559.857, 3: 556.25, 4: 559.549}","{0: 0, 1: 0, 2: 0, 3: 0, 4: 0}","{0: 0, 1: 0, 2: 0, 3: 0, 4: 0}","{0: 0, 1: 0, 2: 0, 3: 0, 4: 0}",0,0
rule_etcd,30c1s5r5p-zoo,YCSB_A,rw_1000000,concurrent_120,0,35756,95.59741199999999,291.48254399999996,458.75228224999944,140.61242944742142,3575.6,"{1: 6.186, 2: 26.733, 3: 25.253, 4: 12.121}","{1: 563.625, 2: 563.428, 3: 558.75, 4: 564.627}","{0: 0, 1: 0, 2: 0, 3: 0, 4: 0}","{0: 0, 1: 0, 2: 0, 3: 0, 4: 0}","{0: 0, 1: 0, 2: 0, 3: 0, 4: 0}",0,0
rule_etcd,30c1s5r5p-zoo,YCSB_A,rw_1000000,concurrent_1,101,199,41.433105,41.8866698,42.42810106,41.42661435678392,19.9,"{0: 3.0, 1: 2.041, 2: 8.163, 3: 11.111, 4: 2.02}","{0: 531.02, 1: 526.836, 2: 527.023, 3: 526.5, 4: 527.395}","{0: 41, 1: 38, 2: 39, 3: 40, 4: 41}","{0: 41, 1: 38, 2: 39, 3: 40, 4: 41}","{0: 41, 1: 38, 2: 39, 3: 40, 4: 41}",100.0,100.0
rule_etcd,30c1s5r5p-zoo,YCSB_A,rw_1000000,concurrent_10,101,2840,41.7504885,42.4109134,42.8557913,41.78890216197183,284.0,"{0: 20.408, 1: 5.051, 2: 17.172, 3: 17.0, 4: 6.061}","{0: 547.033, 1: 531.449, 2: 531.969, 3: 528.5, 4: 531.551}","{0: 564, 1: 563, 2: 566, 3: 584, 4: 563}","{0: 564, 1: 563, 2: 566, 3: 584, 4: 563}","{0: 564, 1: 563, 2: 566, 3: 584, 4: 563}",100.0,100.0
rule_etcd,30c1s5r5p-zoo,YCSB_A,rw_1000000,concurrent_20,101,5855,41.84082,42.4865726,42.939863380000006,41.84893745567891,585.5,"{1: 7.216, 2: 26.471, 3: 26.0, 4: 11.0}","{1: 535.371, 2: 536.238, 3: 532.75, 4: 535.826}","{0: 1164, 1: 1166, 2: 1180, 3: 1162, 4: 1183}","{0: 1164, 1: 1166, 2: 1180, 3: 1162, 4: 1183}","{0: 1164, 1: 1166, 2: 1180, 3: 1162, 4: 1183}",100.0,100.0
rule_etcd,30c1s5r5p-zoo,YCSB_A,rw_1000000,concurrent_30,101,8810,41.888916,42.5818114,43.06101304,41.90393770249717,881.0,"{1: 22.917, 2: 30.928, 3: 32.673, 4: 14.0}","{1: 539.844, 2: 540.984, 3: 537.25, 4: 540.18}","{0: 1753, 1: 1759, 2: 1779, 3: 1744, 4: 1775}","{0: 1753, 1: 1759, 2: 1779, 3: 1744, 4: 1775}","{0: 1753, 1: 1759, 2: 1779, 3: 1744, 4: 1775}",100.0,100.0
rule_etcd,30c1s5r5p-zoo,YCSB_A,rw_1000000,concurrent_40,101,11876,41.924072,42.6710205,43.34552025,41.966124070057255,1187.6,"{1: 25.0, 2: 38.384, 3: 37.374, 4: 18.0}","{1: 543.934, 2: 545.586, 3: 541.75, 4: 544.572}","{0: 2357, 1: 2384, 2: 2392, 3: 2355, 4: 2388}","{0: 2357, 1: 2384, 2: 2392, 3: 2355, 4: 2388}","{0: 2357, 1: 2384, 2: 2392, 3: 2355, 4: 2388}",100.0,100.0
rule_etcd,30c1s5r5p-zoo,YCSB_A,rw_1000000,concurrent_50,101,14803,41.937988,42.727978199999995,43.628827879999996,42.025251926231164,1480.3,"{1: 16.327, 2: 45.631, 3: 44.33, 4: 22.0}","{1: 548.391, 2: 548.504, 3: 546.5, 4: 548.566}","{0: 2992, 1: 2939, 2: 2953, 3: 2945, 4: 2974}","{0: 2992, 1: 2939, 2: 2953, 3: 2945, 4: 2974}","{0: 2992, 1: 2939, 2: 2953, 3: 2945, 4: 2974}",100.0,100.0
rule_etcd,30c1s5r5p-zoo,YCSB_A,rw_1000000,concurrent_60,101,17831,42.047852,42.903076,43.8617679,42.14213814547698,1783.1,"{1: 19.192, 2: 50.98, 3: 50.515, 4: 25.253}","{1: 552.18, 2: 555.539, 3: 549.5, 4: 553.234}","{0: 3562, 1: 3581, 2: 3538, 3: 3598, 4: 3552}","{0: 3562, 1: 3581, 2: 3538, 3: 3598, 4: 3552}","{0: 3562, 1: 3581, 2: 3538, 3: 3598, 4: 3552}",100.0,100.0
rule_etcd,30c1s5r5p-zoo,YCSB_A,rw_1000000,concurrent_70,101,20822,42.197998,43.152832,44.55338357000001,42.35027240447603,2082.2,"{1: 20.202, 2: 57.426, 3: 56.0, 4: 28.283}","{1: 558.199, 2: 558.014, 3: 557.5, 4: 557.234}","{0: 4152, 1: 4161, 2: 4163, 3: 4192, 4: 4154}","{0: 4151, 1: 4161, 2: 4163, 3: 4192, 4: 4154}","{0: 4151, 1: 4161, 2: 4163, 3: 4192, 4: 4154}",99.99519738737874,99.99519738737874
rule_etcd,30c1s5r5p-zoo,YCSB_A,rw_1000000,concurrent_80,101,23736,42.463135,43.612549,46.2366699,42.665011342391296,2373.6,"{1: 23.232, 2: 61.386, 3: 60.638, 4: 29.897}","{1: 562.48, 2: 564.527, 3: 562.25, 4: 563.398}","{0: 4749, 1: 4757, 2: 4786, 3: 4702, 4: 4742}","{0: 4749, 1: 4756, 2: 4786, 3: 4702, 4: 4741}","{0: 4749, 1: 4756, 2: 4786, 3: 4702, 4: 4741}",99.99157398045163,99.99157398045163
rule_etcd,30c1s5r5p-zoo,YCSB_A,rw_1000000,concurrent_90,101,26767,42.946045,44.493896,47.567275480000006,43.203795981992755,2676.7,"{1: 26.0, 2: 62.0, 3: 64.0, 4: 33.0}","{1: 564.291, 2: 567.629, 3: 564.0, 4: 565.395}","{0: 5336, 1: 5298, 2: 5377, 3: 5379, 4: 5377}","{0: 5334, 1: 5298, 2: 5377, 3: 5378, 4: 5377}","{0: 5334, 1: 5298, 2: 5377, 3: 5378, 4: 5377}",99.9887921694624,99.9887921694624
rule_etcd,30c1s5r5p-zoo,YCSB_A,rw_1000000,concurrent_100,101,29659,44.109131,46.9955076,53.07720219999998,44.60141143015611,2965.9,"{1: 26.733, 2: 61.616, 3: 65.263, 4: 33.0}","{1: 569.371, 2: 573.561, 3: 571.25, 4: 572.271}","{0: 5954, 1: 5941, 2: 5946, 3: 5924, 4: 5894}","{0: 5954, 1: 5941, 2: 5946, 3: 5924, 4: 5894}","{0: 5954, 1: 5941, 2: 5946, 3: 5924, 4: 5894}",100.0,100.0
rule_etcd,30c1s5r5p-zoo,YCSB_A,rw_1000000,concurrent_110,101,32674,45.946045,52.528589100000005,96.56617707000008,48.13363649124686,3267.4,"{1: 42.424, 2: 68.687, 3: 64.583, 4: 35.0}","{1: 574.25, 2: 576.922, 3: 574.0, 4: 577.703}","{0: 6526, 1: 6503, 2: 6562, 3: 6521, 4: 6562}","{0: 6526, 1: 6502, 2: 6562, 3: 6521, 4: 6561}","{0: 6526, 1: 6502, 2: 6562, 3: 6521, 4: 6561}",99.99387892513926,99.99387892513926
rule_etcd,30c1s5r5p-zoo,YCSB_A,rw_1000000,concurrent_120,101,35607,97.612061,223.4699218,388.1583304,120.03045991535373,3560.7,"{1: 27.273, 2: 65.347, 3: 64.948, 4: 35.0}","{1: 582.48, 2: 583.494, 3: 580.25, 4: 584.605}","{0: 7127, 1: 7065, 2: 7135, 3: 7116, 4: 7164}","{0: 7123, 1: 7062, 2: 7127, 3: 7114, 4: 7158}","{0: 7123, 1: 7062, 2: 7127, 3: 7114, 4: 7158}",99.93540595950235,99.93540595950235
rule_etcd,30c1s5r5p-zoo,YCSB_A,rw_1000000,concurrent_1,100,194,41.524414,42.051050000000004,42.59155296,41.519157247422676,19.4,"{0: 2.041, 1: 2.02, 2: 8.081, 3: 8.247, 4: 5.0}","{0: 530.896, 1: 526.68, 2: 527.012, 3: 526.0, 4: 527.281}","{0: 37, 1: 36, 2: 40, 3: 42, 4: 39}","{0: 37, 1: 36, 2: 40, 3: 42, 4: 39}","{0: 37, 1: 36, 2: 40, 3: 42, 4: 39}",100.0,100.0
rule_etcd,30c1s5r5p-zoo,YCSB_A,rw_1000000,concurrent_10,100,2821,41.75293,42.323975,42.7370604,41.79057880290677,282.1,"{0: 19.588, 1: 4.04, 2: 16.327, 3: 15.464, 4: 6.061}","{0: 547.027, 1: 530.855, 2: 532.203, 3: 528.5, 4: 531.369}","{0: 568, 1: 572, 2: 554, 3: 563, 4: 564}","{0: 568, 1: 572, 2: 554, 3: 563, 4: 564}","{0: 568, 1: 572, 2: 554, 3: 563, 4: 564}",100.0,100.0
rule_etcd,30c1s5r5p-zoo,YCSB_A,rw_1000000,concurrent_20,100,5833,41.855957,42.492724599999995,42.98307592,41.86821679204526,583.3,"{1: 6.186, 2: 23.711, 3: 24.49, 4: 13.0}","{1: 535.156, 2: 536.201, 3: 532.25, 4: 535.844}","{0: 1166, 1: 1163, 2: 1159, 3: 1171, 4: 1174}","{0: 1166, 1: 1163, 2: 1159, 3: 1171, 4: 1174}","{0: 1166, 1: 1163, 2: 1159, 3: 1171, 4: 1174}",100.0,100.0
rule_etcd,30c1s5r5p-zoo,YCSB_A,rw_1000000,concurrent_30,100,8844,41.916016,42.614697199999995,43.16005108,41.9422620487336,884.4,"{1: 9.184, 2: 30.208, 3: 30.928, 4: 16.327}","{1: 539.922, 2: 540.957, 3: 537.25, 4: 539.916}","{0: 1771, 1: 1774, 2: 1768, 3: 1772, 4: 1759}","{0: 1771, 1: 1774, 2: 1768, 3: 1772, 4: 1759}","{0: 1771, 1: 1774, 2: 1768, 3: 1772, 4: 1759}",100.0,100.0
rule_etcd,30c1s5r5p-zoo,YCSB_A,rw_1000000,concurrent_40,100,11810,41.890869,42.6231446,43.26161146,41.9349583123624,1181.0,"{1: 14.141, 2: 38.776, 3: 37.374, 4: 18.182}","{1: 543.586, 2: 544.867, 3: 542.75, 4: 544.402}","{0: 2354, 1: 2361, 2: 2362, 3: 2369, 4: 2364}","{0: 2354, 1: 2361, 2: 2362, 3: 2369, 4: 2364}","{0: 2354, 1: 2361, 2: 2362, 3: 2369, 4: 2364}",100.0,100.0
rule_etcd,30c1s5r5p-zoo,YCSB_A,rw_1000000,concurrent_50,100,14870,41.968018,42.754883,43.53794929,42.022381590988566,1487.0,"{1: 17.347, 2: 45.455, 3: 44.0, 4: 22.449}","{1: 548.164, 2: 550.283, 3: 545.25, 4: 548.359}","{0: 2984, 1: 2957, 2: 2977, 3: 2968, 4: 2984}","{0: 2984, 1: 2957, 2: 2977, 3: 2968, 4: 2984}","{0: 2984, 1: 2957, 2: 2977, 3: 2968, 4: 2984}",100.0,100.0
rule_etcd,30c1s5r5p-zoo,YCSB_A,rw_1000000,concurrent_60,100,17858,42.031982,42.8948485,43.817429080000004,42.131788523518864,1785.8,"{1: 17.347, 2: 52.083, 3: 51.515, 4: 25.253}","{1: 552.102, 2: 554.371, 3: 549.5, 4: 553.182}","{0: 3574, 1: 3586, 2: 3560, 3: 3597, 4: 3541}","{0: 3574, 1: 3586, 2: 3560, 3: 3595, 4: 3541}","{0: 3574, 1: 3586, 2: 3560, 3: 3595, 4: 3541}",99.98880053757419,99.98880053757419
rule_etcd,30c1s5r5p-zoo,YCSB_A,rw_1000000,concurrent_70,100,20771,42.196045,43.136963,44.4146482,42.330416845987195,2077.1,"{1: 23.0, 2: 57.0, 3: 59.794, 4: 28.283}","{1: 557.668, 2: 559.605, 3: 555.5, 4: 557.707}","{0: 4137, 1: 4149, 2: 4158, 3: 4157, 4: 4170}","{0: 4137, 1: 4148, 2: 4158, 3: 4157, 4: 4170}","{0: 4137, 1: 4148, 2: 4158, 3: 4157, 4: 4170}",99.99518559530114,99.99518559530114
rule_etcd,30c1s5r5p-zoo,YCSB_A,rw_1000000,concurrent_80,100,23871,42.470947,43.616211,45.38859889999999,42.61613161061539,2387.1,"{1: 23.711, 2: 62.745, 3: 69.072, 4: 31.683}","{1: 561.105, 2: 564.027, 3: 560.5, 4: 562.717}","{0: 4778, 1: 4772, 2: 4751, 3: 4764, 4: 4806}","{0: 4778, 1: 4772, 2: 4751, 3: 4764, 4: 4806}","{0: 4778, 1: 4772, 2: 4751, 3: 4764, 4: 4806}",100.0,100.0
rule_etcd,30c1s5r5p-zoo,YCSB_A,rw_1000000,concurrent_90,100,26845,42.962891,44.5586912,47.50267560000002,43.19399718305085,2684.5,"{1: 39.796, 2: 63.725, 3: 64.0, 4: 32.653}","{1: 565.455, 2: 568.115, 3: 564.25, 4: 566.871}","{0: 5382, 1: 5393, 2: 5399, 3: 5323, 4: 5348}","{0: 5382, 1: 5392, 2: 5399, 3: 5323, 4: 5347}","{0: 5382, 1: 5392, 2: 5399, 3: 5323, 4: 5347}",99.9925498230583,99.9925498230583
rule_etcd,30c1s5r5p-zoo,YCSB_A,rw_1000000,concurrent_100,100,29857,44.204102,47.076904,52.492802319999996,44.63365506142613,2985.7,"{1: 26.733, 2: 62.887, 3: 63.636, 4: 33.0}","{1: 570.789, 2: 573.496, 3: 568.0, 4: 570.887}","{0: 5999, 1: 5984, 2: 5978, 3: 5946, 4: 5950}","{0: 5999, 1: 5984, 2: 5977, 3: 5946, 4: 5949}","{0: 5999, 1: 5984, 2: 5977, 3: 5946, 4: 5949}",99.993301403356,99.993301403356
rule_etcd,30c1s5r5p-zoo,YCSB_A,rw_1000000,concurrent_110,100,31777,62.183105,263.2637206,2344.8834861599976,145.15328698048904,3177.7,"{1: 25.743, 2: 64.151, 3: 65.217, 4: 32.99}","{1: 577.719, 2: 583.121, 3: 575.0, 4: 603.066}","{0: 6580, 1: 6547, 2: 6545, 3: 6477, 4: 5642}","{0: 6578, 1: 6543, 2: 6545, 3: 6472, 4: 5637}","{0: 6578, 1: 6543, 2: 6545, 3: 6472, 4: 5623}",99.94967129061685,99.90563366990658
rule_etcd,30c1s5r5p-zoo,YCSB_A,rw_1000000,concurrent_120,100,35663,326.814941,582.2264156,813.9271336999981,340.1256846453187,3566.3,"{1: 26.042, 2: 64.356, 3: 64.0, 4: 34.694}","{1: 589.598, 2: 592.316, 3: 588.5, 4: 587.307}","{0: 7102, 1: 7175, 2: 7159, 3: 7095, 4: 7132}","{0: 7084, 1: 7156, 2: 7146, 3: 7081, 4: 7119}","{0: 7084, 1: 7156, 2: 7146, 3: 7081, 4: 7119}",99.78408995317275,99.78408995317275
rule_etcd,30c1s5r5p-zoo,YCSB_A,rw_zipf_1,concurrent_120,0,35732,90.124023,133.26115750000008,286.7732296900002,103.55538640230046,3573.2,"{1: 8.163, 2: 25.532, 3: 29.293, 4: 14.286}","{1: 572.156, 2: 572.951, 3: 568.75, 4: 572.953}","{0: 0, 1: 0, 2: 0, 3: 0, 4: 0}","{0: 0, 1: 0, 2: 0, 3: 0, 4: 0}","{0: 0, 1: 0, 2: 0, 3: 0, 4: 0}",0,0
rule_etcd,30c1s5r5p-zoo,YCSB_A,rw_zipf_1,concurrent_120,101,35734,132.50500499999998,444.6845212,706.1810231199996,195.35970276756032,3573.4,"{1: 25.773, 2: 64.706, 3: 68.041, 4: 35.052}","{1: 586.527, 2: 586.066, 3: 583.0, 4: 585.883}","{0: 7128, 1: 7164, 2: 7139, 3: 7085, 4: 7171}","{0: 4838, 1: 4845, 2: 4982, 3: 4827, 4: 4899}","{0: 4838, 1: 4845, 2: 4982, 3: 4827, 4: 4899}",68.34701712108051,68.34701712108051
rule_etcd,30c1s5r5p-zoo,YCSB_A,rw_zipf_1,concurrent_120,100,35685,83.01709,302.02524400000027,559.9615036799995,130.1764823375648,3568.5,"{1: 25.0, 2: 65.0, 3: 63.265, 4: 35.354}","{1: 585.062, 2: 587.721, 3: 579.25, 4: 583.582}","{0: 7117, 1: 7138, 2: 7156, 3: 7146, 4: 7128}","{0: 5038, 1: 5179, 2: 5166, 3: 5076, 4: 5064}","{0: 5038, 1: 5179, 2: 5166, 3: 5076, 4: 5064}",71.52304890009808,71.52304890009808
rule_etcd,30c1s5r5p-zoo,YCSB_A,rw_zipf_0.9,concurrent_120,0,35815,89.929199,241.06840780000002,445.61860396000014,122.62225389292196,3581.5,"{1: 8.081, 2: 29.412, 3: 29.0, 4: 13.0}","{1: 574.516, 2: 574.553, 3: 571.75, 4: 574.277}","{0: 0, 1: 0, 2: 0, 3: 0, 4: 0}","{0: 0, 1: 0, 2: 0, 3: 0, 4: 0}","{0: 0, 1: 0, 2: 0, 3: 0, 4: 0}",0,0
rule_etcd,30c1s5r5p-zoo,YCSB_A,rw_zipf_0.9,concurrent_120,101,35699,112.583984,364.54868180000005,678.5193113799994,167.69946270447352,3569.9,"{1: 28.431, 2: 64.835, 3: 66.0, 4: 39.216}","{1: 592.219, 2: 587.26, 3: 589.75, 4: 590.635}","{0: 7099, 1: 7192, 2: 7141, 3: 7125, 4: 7142}","{0: 5942, 1: 5950, 2: 5845, 3: 5899, 4: 5923}","{0: 5942, 1: 5950, 2: 5845, 3: 5899, 4: 5923}",82.8006386733522,82.8006386733522
rule_etcd,30c1s5r5p-zoo,YCSB_A,rw_zipf_0.9,concurrent_120,100,35664,90.71838349999999,312.9779055000001,586.9012719600008,140.67588604119,3566.4,"{1: 25.0, 2: 65.263, 3: 66.667, 4: 35.354}","{1: 588.742, 2: 592.537, 3: 586.0, 4: 589.865}","{0: 7131, 1: 7142, 2: 7138, 3: 7075, 4: 7178}","{0: 5982, 1: 6024, 2: 6016, 3: 6081, 4: 6019}","{0: 5982, 1: 6024, 2: 6016, 3: 6081, 4: 6019}",84.46052041274113,84.46052041274113
rule_etcd,30c1s5r5p-zoo,YCSB_A,rw_zipf_0.8,concurrent_120,0,35652,89.24707,196.8819824,347.7730297099999,112.63714250760127,3565.2,"{1: 7.216, 2: 28.0, 3: 28.713, 4: 13.0}","{1: 577.926, 2: 578.561, 3: 573.0, 4: 575.68}","{0: 0, 1: 0, 2: 0, 3: 0, 4: 0}","{0: 0, 1: 0, 2: 0, 3: 0, 4: 0}","{0: 0, 1: 0, 2: 0, 3: 0, 4: 0}",0,0
rule_etcd,30c1s5r5p-zoo,YCSB_A,rw_zipf_0.8,concurrent_120,101,35734,392.2470705,871.3587156000001,1621.1409469799999,454.48420031695304,3573.4,"{1: 24.49, 4: 35.354}","{1: 601.928, 4: 599.277}","{0: 7109, 1: 7136, 2: 7194, 3: 7135, 4: 7146}","{0: 6183, 1: 6139, 2: 6232, 3: 6168, 4: 6202}","{0: 6183, 1: 6139, 2: 6232, 3: 6168, 4: 6202}",86.57334826427771,86.57334826427771
rule_etcd,30c1s5r5p-zoo,YCSB_A,rw_zipf_0.8,concurrent_120,100,35709,72.991943,177.5130372,378.6726663599994,98.0598839282534,3570.9,"{1: 25.51, 2: 67.647, 3: 64.948, 4: 36.0}","{1: 593.691, 2: 593.436, 3: 589.5, 4: 592.42}","{0: 7175, 1: 7161, 2: 7113, 3: 7113, 4: 7147}","{0: 6696, 1: 6726, 2: 6722, 3: 6666, 4: 6687}","{0: 6696, 1: 6726, 2: 6722, 3: 6666, 4: 6687}",93.80548321151531,93.80548321151531
rule_etcd,30c1s5r5p-zoo,YCSB_A,rw_zipf_0.7,concurrent_120,0,35712,92.409912,187.58303240000006,367.0475833,115.18963370413307,3571.2,"{1: 8.911, 2: 26.263, 3: 25.773, 4: 12.121}","{1: 577.074, 2: 577.012, 3: 573.5, 4: 576.361}","{0: 0, 1: 0, 2: 0, 3: 0, 4: 0}","{0: 0, 1: 0, 2: 0, 3: 0, 4: 0}","{0: 0, 1: 0, 2: 0, 3: 0, 4: 0}",0,0
rule_etcd,30c1s5r5p-zoo,YCSB_A,rw_zipf_0.7,concurrent_120,101,35747,88.114014,254.86606460000002,478.5630668200006,125.66774881897783,3574.7,"{1: 28.0, 2: 66.337, 3: 66.0, 4: 36.364}","{1: 593.121, 2: 599.617, 3: 594.25, 4: 595.32}","{0: 7154, 1: 7188, 2: 7159, 3: 7115, 4: 7131}","{0: 6972, 1: 6997, 2: 6981, 3: 6947, 4: 6931}","{0: 6972, 1: 6997, 2: 6981, 3: 6947, 4: 6931}",97.42915489411699,97.42915489411699
rule_etcd,30c1s5r5p-zoo,YCSB_A,rw_zipf_0.7,concurrent_120,100,35887,285.457031,549.4292972000001,1061.4690087799995,317.9852845756123,3588.7,"{1: 25.253, 2: 65.0, 3: 64.286, 4: 34.694}","{1: 599.543, 2: 604.027, 3: 600.0, 4: 597.953}","{0: 7153, 1: 7154, 2: 7226, 3: 7162, 4: 7192}","{0: 6795, 1: 6744, 2: 6826, 3: 6836, 4: 6823}","{0: 6795, 1: 6744, 2: 6826, 3: 6836, 4: 6823}",94.80870510212611,94.80870510212611
rule_etcd,30c1s5r5p-zoo,YCSB_A,rw_zipf_0.6,concurrent_120,0,35656,91.319092,167.77246100000002,335.25761739999984,110.00033366283374,3565.6,"{1: 7.143, 2: 27.273, 3: 26.804, 4: 13.0}","{1: 578.242, 2: 577.832, 3: 572.75, 4: 577.215}","{0: 0, 1: 0, 2: 0, 3: 0, 4: 0}","{0: 0, 1: 0, 2: 0, 3: 0, 4: 0}","{0: 0, 1: 0, 2: 0, 3: 0, 4: 0}",0,0
rule_etcd,30c1s5r5p-zoo,YCSB_A,rw_zipf_0.6,concurrent_120,101,35671,201.945068,392.203857,657.0814451,224.5609290455552,3567.1,"{1: 26.263, 2: 65.686, 3: 64.948, 4: 38.0}","{1: 597.371, 2: 603.295, 3: 595.5, 4: 599.586}","{0: 7158, 1: 7136, 2: 7106, 3: 7112, 4: 7159}","{0: 7033, 1: 7051, 2: 7019, 3: 7011, 4: 7073}","{0: 7033, 1: 7051, 2: 7019, 3: 7011, 4: 7073}",98.64315550447142,98.64315550447142
rule_etcd,30c1s5r5p-zoo,YCSB_A,rw_zipf_0.6,concurrent_120,100,35681,291.469971,523.036865,861.6892087999987,310.01174935581963,3568.1,"{1: 25.51, 2: 62.0, 3: 68.367, 4: 35.0}","{1: 601.523, 2: 605.705, 3: 599.0, 4: 600.207}","{0: 7118, 1: 7127, 2: 7129, 3: 7141, 4: 7166}","{0: 6983, 1: 7007, 2: 7000, 3: 7001, 4: 7044}","{0: 6983, 1: 7007, 2: 7000, 3: 7001, 4: 7044}",98.18951262576722,98.18951262576722
rule_etcd,30c1s5r5p-zoo,YCSB_A,rw_zipf_0.5,concurrent_120,0,35859,90.681152,131.1680178,282.1569087799999,103.40291834239662,3585.9,"{1: 8.0, 2: 28.0, 3: 26.531, 4: 13.131}","{1: 577.078, 2: 577.779, 3: 574.0, 4: 577.553}","{0: 0, 1: 0, 2: 0, 3: 0, 4: 0}","{0: 0, 1: 0, 2: 0, 3: 0, 4: 0}","{0: 0, 1: 0, 2: 0, 3: 0, 4: 0}",0,0
rule_etcd,30c1s5r5p-zoo,YCSB_A,rw_zipf_0.5,concurrent_120,101,35667,191.352051,342.99721660000006,511.3329490199995,204.25847886273024,3566.7,"{1: 26.0, 2: 64.356, 3: 69.072, 4: 34.343}","{1: 598.496, 2: 601.143, 3: 597.75, 4: 601.166}","{0: 7084, 1: 7119, 2: 7134, 3: 7184, 4: 7146}","{0: 7042, 1: 7095, 2: 7111, 3: 7159, 4: 7117}","{0: 7042, 1: 7095, 2: 7111, 3: 7159, 4: 7117}",99.59906916757787,99.59906916757787
rule_etcd,30c1s5r5p-zoo,YCSB_A,rw_zipf_0.5,concurrent_120,100,35643,203.878906,405.1565434,634.1586961200005,227.4109917511994,3564.3,"{1: 26.804, 2: 64.211, 3: 65.657, 4: 34.694}","{1: 600.605, 2: 604.053, 3: 598.5, 4: 600.084}","{0: 7139, 1: 7118, 2: 7146, 3: 7129, 4: 7111}","{0: 7101, 1: 7093, 2: 7121, 3: 7099, 4: 7068}","{0: 7101, 1: 7093, 2: 7121, 3: 7099, 4: 7068}",99.54829840361361,99.54829840361361
rule_etcd,30c1s5r5p-zoo,YCSB_A,rw_1,concurrent_120,0,35702,88.61084,105.99223640000001,282.91173560999994,98.94556220629097,3570.2,"{1: 15.789, 2: 27.451, 3: 27.551, 4: 13.0}","{1: 552.785, 2: 553.723, 3: 550.0, 4: 553.465}","{0: 0, 1: 0, 2: 0, 3: 0, 4: 0}","{0: 0, 1: 0, 2: 0, 3: 0, 4: 0}","{0: 0, 1: 0, 2: 0, 3: 0, 4: 0}",0,0
rule_etcd,30c1s5r5p-zoo,YCSB_A,rw_1,concurrent_120,101,35712,87.7771,93.4408446,167.91516347999996,90.76674803769042,3571.2,"{1: 11.111, 2: 30.612, 3: 30.612, 4: 16.327}","{1: 557.578, 2: 557.637, 3: 554.0, 4: 557.428}","{0: 353, 1: 359, 2: 363, 3: 360, 4: 367}","{0: 0, 1: 0, 2: 0, 3: 0, 4: 0}","{0: 0, 1: 0, 2: 0, 3: 0, 4: 0}",0.0,0.0
rule_etcd,30c1s5r5p-zoo,YCSB_A,rw_1,concurrent_120,100,35791,117.707031,314.619141,427.20583529999965,171.3391264980023,3579.1,"{1: 27.0, 2: 62.376, 3: 63.265, 4: 33.673}","{1: 559.258, 2: 559.297, 3: 555.0, 4: 559.455}","{0: 7209, 1: 7201, 2: 7125, 3: 7105, 4: 7151}","{0: 0, 1: 0, 2: 0, 3: 0, 4: 0}","{0: 0, 1: 0, 2: 0, 3: 0, 4: 0}",0.0,0.0
rule_etcd,30c1s5r5p-zoo,YCSB_A,rw_10,concurrent_120,0,35786,88.291016,93.03955049999999,100.12368130000002,88.98266418652544,3578.6,"{1: 8.081, 2: 28.846, 3: 21.053, 4: 12.121}","{1: 556.574, 2: 556.758, 3: 554.0, 4: 554.238}","{0: 0, 1: 0, 2: 0, 3: 0, 4: 0}","{0: 0, 1: 0, 2: 0, 3: 0, 4: 0}","{0: 0, 1: 0, 2: 0, 3: 0, 4: 0}",0,0
rule_etcd,30c1s5r5p-zoo,YCSB_A,rw_10,concurrent_120,101,35736,92.249023,109.842041,272.5207518000004,102.0639565792758,3573.6,"{1: 9.184, 2: 28.283, 3: 28.866, 4: 14.0}","{1: 557.285, 2: 558.08, 3: 554.5, 4: 557.588}","{0: 631, 1: 958, 2: 342, 3: 353, 4: 341}","{0: 1, 1: 0, 2: 0, 3: 0, 4: 0}","{0: 1, 1: 0, 2: 0, 3: 0, 4: 0}",0.0380952380952381,0.0380952380952381
rule_etcd,30c1s5r5p-zoo,YCSB_A,rw_10,concurrent_120,100,35794,157.532959,355.7033448,553.9086593599998,192.7343924948595,3579.4,"{1: 26.733, 2: 61.856, 3: 63.462, 4: 33.673}","{1: 559.887, 2: 560.875, 3: 556.0, 4: 559.635}","{0: 7182, 1: 7208, 2: 7139, 3: 7141, 4: 7124}","{0: 0, 1: 0, 2: 0, 3: 0, 4: 0}","{0: 0, 1: 0, 2: 0, 3: 0, 4: 0}",0.0,0.0
rule_etcd,30c1s5r5p-zoo,YCSB_A,rw_100,concurrent_120,0,35688,88.48999,133.7851071999999,316.44790518999906,103.22994237138533,3568.8,"{1: 8.0, 2: 22.0, 3: 26.531, 4: 13.131}","{1: 553.352, 2: 554.078, 3: 551.0, 4: 553.877}","{0: 0, 1: 0, 2: 0, 3: 0, 4: 0}","{0: 0, 1: 0, 2: 0, 3: 0, 4: 0}","{0: 0, 1: 0, 2: 0, 3: 0, 4: 0}",0,0
rule_etcd,30c1s5r5p-zoo,YCSB_A,rw_100,concurrent_120,101,35679,227.52002,386.9999022,543.85883806,228.5458352561451,3567.9,"{1: 24.742, 2: 63.725, 3: 61.616, 4: 33.0}","{1: 559.16, 2: 558.977, 3: 554.25, 4: 560.051}","{0: 7175, 1: 7130, 2: 7113, 3: 7115, 4: 7146}","{0: 745, 1: 752, 2: 791, 3: 799, 4: 1019}","{0: 745, 1: 752, 2: 791, 3: 799, 4: 1019}",11.508170072031167,11.508170072031167
rule_etcd,30c1s5r5p-zoo,YCSB_A,rw_100,concurrent_120,100,35767,112.835938,455.5451664,658.5068749999991,200.8732447678866,3576.7,"{1: 26.263, 2: 63.725, 3: 64.286, 4: 33.673}","{1: 560.008, 2: 560.215, 3: 556.0, 4: 559.973}","{0: 7171, 1: 7140, 2: 7126, 3: 7177, 4: 7153}","{0: 1449, 1: 1524, 2: 1747, 3: 1562, 4: 1442}","{0: 1449, 1: 1524, 2: 1747, 3: 1562, 4: 1442}",21.59532529985741,21.59532529985741
rule_etcd,30c1s5r5p-zoo,YCSB_A,rw_1000,concurrent_120,0,35658,88.769043,115.71323199999998,281.88874282,100.52754713932357,3565.8,"{1: 7.216, 2: 28.0, 3: 26.531, 4: 13.0}","{1: 553.957, 2: 553.594, 3: 550.5, 4: 554.074}","{0: 0, 1: 0, 2: 0, 3: 0, 4: 0}","{0: 0, 1: 0, 2: 0, 3: 0, 4: 0}","{0: 0, 1: 0, 2: 0, 3: 0, 4: 0}",0,0
rule_etcd,30c1s5r5p-zoo,YCSB_A,rw_1000,concurrent_120,101,35733,263.61499,516.4695804,776.97965804,278.8906760443008,3573.3,"{1: 22.68, 2: 62.626, 3: 67.021, 4: 35.052}","{1: 559.918, 2: 564.141, 3: 556.75, 4: 562.084}","{0: 7147, 1: 7158, 2: 7118, 3: 7143, 4: 7167}","{0: 3288, 1: 3219, 2: 3575, 3: 3296, 4: 3221}","{0: 3288, 1: 3219, 2: 3575, 3: 3296, 4: 3221}",46.45285870204013,46.45285870204013
rule_etcd,30c1s5r5p-zoo,YCSB_A,rw_1000,concurrent_120,100,35748,335.783569,572.6525881,723.8361990299998,335.74229727968,3574.8,"{1: 25.0, 2: 62.0, 3: 63.918, 4: 33.333}","{1: 562.488, 2: 562.621, 3: 557.5, 4: 562.672}","{0: 7134, 1: 7125, 2: 7184, 3: 7125, 4: 7180}","{0: 2826, 1: 2840, 2: 2931, 3: 2808, 4: 2783}","{0: 2826, 1: 2840, 2: 2931, 3: 2808, 4: 2783}",39.68893364663757,39.68893364663757
rule_etcd,30c1s5r5p-zoo,YCSB_A,rw_10000,concurrent_120,0,35779,90.396973,150.43471720000005,336.61617660000013,107.19189145328265,3577.9,"{1: 7.143, 2: 26.263, 3: 28.431, 4: 12.371}","{1: 554.348, 2: 555.344, 3: 552.0, 4: 555.26}","{0: 0, 1: 0, 2: 0, 3: 0, 4: 0}","{0: 0, 1: 0, 2: 0, 3: 0, 4: 0}","{0: 0, 1: 0, 2: 0, 3: 0, 4: 0}",0,0
rule_etcd,30c1s5r5p-zoo,YCSB_A,rw_10000,concurrent_120,101,35737,316.210205,758.6029784000002,1238.50732432,374.37719973861823,3573.7,"{1: 22.917, 2: 61.0, 3: 61.616, 4: 34.021}","{1: 573.07, 2: 572.594, 3: 568.5, 4: 570.738}","{0: 7210, 1: 7154, 2: 7130, 3: 7111, 4: 7132}","{0: 6057, 1: 5939, 2: 5982, 3: 5911, 4: 5895}","{0: 6057, 1: 5939, 2: 5982, 3: 5911, 4: 5895}",83.34219436438426,83.34219436438426
rule_etcd,30c1s5r5p-zoo,YCSB_A,rw_10000,concurrent_120,100,35725,69.532959,182.5941898,367.8887304000004,98.26437175403778,3572.5,"{1: 23.958, 2: 62.626, 3: 65.625, 4: 34.694}","{1: 565.316, 2: 566.068, 3: 560.0, 4: 567.088}","{0: 7208, 1: 7138, 2: 7125, 3: 7114, 4: 7140}","{0: 6961, 1: 6892, 2: 6884, 3: 6842, 4: 6851}","{0: 6961, 1: 6892, 2: 6883, 3: 6842, 4: 6851}",96.37508747375787,96.37228831350595
rule_etcd,30c1s5r5p-zoo,YCSB_A,rw_100000,concurrent_120,0,35730,90.25647000000001,112.79384760000008,286.5171878,102.60550701186679,3573.0,"{1: 7.143, 2: 26.531, 3: 28.0, 4: 13.131}","{1: 560.928, 2: 564.092, 3: 558.25, 4: 561.055}","{0: 0, 1: 0, 2: 0, 3: 0, 4: 0}","{0: 0, 1: 0, 2: 0, 3: 0, 4: 0}","{0: 0, 1: 0, 2: 0, 3: 0, 4: 0}",0,0
rule_etcd,30c1s5r5p-zoo,YCSB_A,rw_100000,concurrent_120,101,35676,96.0710445,255.6329345,448.548218,129.2901334693071,3567.6,"{1: 27.0, 2: 64.211, 3: 71.845, 4: 35.417}","{1: 578.807, 2: 581.016, 3: 576.5, 4: 578.697}","{0: 7119, 1: 7130, 2: 7116, 3: 7117, 4: 7194}","{0: 7064, 1: 7068, 2: 7068, 3: 7073, 4: 7138}","{0: 7064, 1: 7068, 2: 7068, 3: 7073, 4: 7138}",99.2572037223904,99.2572037223904
rule_etcd,30c1s5r5p-zoo,YCSB_A,rw_100000,concurrent_120,100,35625,141.37915,325.1221678,545.98048828,171.73057393041404,3562.5,"{1: 26.531, 2: 65.625, 3: 65.0, 4: 35.644}","{1: 584.686, 2: 587.568, 3: 584.25, 4: 581.172}","{0: 7119, 1: 7104, 2: 7134, 3: 7124, 4: 7144}","{0: 7057, 1: 7029, 2: 7063, 3: 7050, 4: 7080}","{0: 7057, 1: 7029, 2: 7059, 3: 7050, 4: 7080}",99.02877192982456,99.01754385964912
rule_etcd,30c1s5r5p-zoo,YCSB_A,rw_1000000,concurrent_120,0,35756,95.59741199999999,291.48254399999996,458.75228224999944,140.61242944742142,3575.6,"{1: 6.186, 2: 26.733, 3: 25.253, 4: 12.121}","{1: 563.625, 2: 563.428, 3: 558.75, 4: 564.627}","{0: 0, 1: 0, 2: 0, 3: 0, 4: 0}","{0: 0, 1: 0, 2: 0, 3: 0, 4: 0}","{0: 0, 1: 0, 2: 0, 3: 0, 4: 0}",0,0
rule_etcd,30c1s5r5p-zoo,YCSB_A,rw_1000000,concurrent_120,101,35607,97.612061,223.4699218,388.1583304,120.03045991535373,3560.7,"{1: 27.273, 2: 65.347, 3: 64.948, 4: 35.0}","{1: 582.48, 2: 583.494, 3: 580.25, 4: 584.605}","{0: 7127, 1: 7065, 2: 7135, 3: 7116, 4: 7164}","{0: 7123, 1: 7062, 2: 7127, 3: 7114, 4: 7158}","{0: 7123, 1: 7062, 2: 7127, 3: 7114, 4: 7158}",99.93540595950235,99.93540595950235
rule_etcd,30c1s5r5p-zoo,YCSB_A,rw_1000000,concurrent_120,100,35663,326.814941,582.2264156,813.9271336999981,340.1256846453187,3566.3,"{1: 26.042, 2: 64.356, 3: 64.0, 4: 34.694}","{1: 589.598, 2: 592.316, 3: 588.5, 4: 587.307}","{0: 7102, 1: 7175, 2: 7159, 3: 7095, 4: 7132}","{0: 7084, 1: 7156, 2: 7146, 3: 7081, 4: 7119}","{0: 7084, 1: 7156, 2: 7146, 3: 7081, 4: 7119}",99.78408995317275,99.78408995317275
rule_zookeeper,30c1s5r5p-zoo,YCSB_A,rw_1000000,concurrent_1,0,209,83.543945,84.5975588,85.17367184,83.5856615215311,20.9,"{0: 2.041, 1: 2.02, 2: 7.143, 3: 8.081, 4: 2.02}","{0: 527.037, 1: 524.574, 2: 525.07, 3: 523.5, 4: 525.064}","{0: 0, 1: 0, 2: 0, 3: 0, 4: 0}","{0: 0, 1: 0, 2: 0, 3: 0, 4: 0}","{0: 0, 1: 0, 2: 0, 3: 0, 4: 0}",0,0
rule_zookeeper,30c1s5r5p-zoo,YCSB_A,rw_1000000,concurrent_10,0,2866,83.42394999999999,84.512207,85.50683605,83.44820131507328,286.6,"{0: 18.367, 1: 3.093, 2: 10.0, 3: 11.111, 4: 4.082}","{0: 542.779, 1: 527.184, 2: 527.988, 3: 524.5, 4: 527.537}","{0: 0, 1: 0, 2: 0, 3: 0, 4: 0}","{0: 0, 1: 0, 2: 0, 3: 0, 4: 0}","{0: 0, 1: 0, 2: 0, 3: 0, 4: 0}",0,0
rule_zookeeper,30c1s5r5p-zoo,YCSB_A,rw_1000000,concurrent_20,0,5841,83.180908,84.2771,85.229785,83.20682158038008,584.1,"{1: 4.04, 2: 15.306, 3: 17.0, 4: 6.0}","{1: 529.215, 2: 530.754, 3: 528.5, 4: 530.312}","{0: 0, 1: 0, 2: 0, 3: 0, 4: 0}","{0: 0, 1: 0, 2: 0, 3: 0, 4: 0}","{0: 0, 1: 0, 2: 0, 3: 0, 4: 0}",0,0
rule_zookeeper,30c1s5r5p-zoo,YCSB_A,rw_1000000,concurrent_30,0,8843,83.149902,84.300049,85.33959444,83.19883586429944,884.3,"{1: 5.102, 2: 17.347, 3: 17.347, 4: 9.0}","{1: 533.363, 2: 533.928, 3: 531.25, 4: 533.682}","{0: 0, 1: 0, 2: 0, 3: 0, 4: 0}","{0: 0, 1: 0, 2: 0, 3: 0, 4: 0}","{0: 0, 1: 0, 2: 0, 3: 0, 4: 0}",0,0
rule_zookeeper,30c1s5r5p-zoo,YCSB_A,rw_1000000,concurrent_40,0,11788,83.040039,84.197998,85.93605969999999,83.15932874304377,1178.8,"{1: 5.102, 2: 21.212, 3: 21.782, 4: 100.0}","{1: 536.152, 2: 536.941, 3: 534.75, 4: 536.801}","{0: 0, 1: 0, 2: 0, 3: 0, 4: 0}","{0: 0, 1: 0, 2: 0, 3: 0, 4: 0}","{0: 0, 1: 0, 2: 0, 3: 0, 4: 0}",0,0
rule_zookeeper,30c1s5r5p-zoo,YCSB_A,rw_1000000,concurrent_50,0,14831,82.9729,84.146973,86.0279782,83.10960710107207,1483.1,"{1: 7.071, 2: 23.232, 3: 24.752, 4: 10.0}","{1: 539.645, 2: 539.908, 3: 537.0, 4: 539.947}","{0: 0, 1: 0, 2: 0, 3: 0, 4: 0}","{0: 0, 1: 0, 2: 0, 3: 0, 4: 0}","{0: 0, 1: 0, 2: 0, 3: 0, 4: 0}",0,0
rule_zookeeper,30c1s5r5p-zoo,YCSB_A,rw_1000000,concurrent_60,0,17869,83.024902,84.4071774,89.3001176,83.27491129649113,1786.9,"{1: 7.216, 2: 27.273, 3: 27.0, 4: 100.0}","{1: 542.008, 2: 542.82, 3: 540.5, 4: 542.871}","{0: 0, 1: 0, 2: 0, 3: 0, 4: 0}","{0: 0, 1: 0, 2: 0, 3: 0, 4: 0}","{0: 0, 1: 0, 2: 0, 3: 0, 4: 0}",0,0
rule_zookeeper,30c1s5r5p-zoo,YCSB_A,rw_1000000,concurrent_70,0,20751,83.186035,84.63208,87.444458,83.38535245376126,2075.1,"{1: 8.163, 2: 30.0, 3: 29.293, 4: 12.121}","{1: 545.742, 2: 546.117, 3: 542.75, 4: 546.059}","{0: 0, 1: 0, 2: 0, 3: 0, 4: 0}","{0: 0, 1: 0, 2: 0, 3: 0, 4: 0}","{0: 0, 1: 0, 2: 0, 3: 0, 4: 0}",0,0
rule_zookeeper,30c1s5r5p-zoo,YCSB_A,rw_1000000,concurrent_80,0,23772,83.436035,85.1130126,92.75613244,83.7882615424449,2377.2,"{1: 9.184, 2: 31.0, 3: 34.653, 4: 13.0}","{1: 548.035, 2: 549.094, 3: 544.5, 4: 548.762}","{0: 0, 1: 0, 2: 0, 3: 0, 4: 0}","{0: 0, 1: 0, 2: 0, 3: 0, 4: 0}","{0: 0, 1: 0, 2: 0, 3: 0, 4: 0}",0,0
rule_zookeeper,30c1s5r5p-zoo,YCSB_A,rw_1000000,concurrent_90,0,26774,83.946045,85.860107,89.97643075000002,84.27249037155448,2677.4,"{1: 10.101, 2: 32.0, 3: 30.612, 4: 13.265}","{1: 552.193, 2: 551.52, 3: 548.5, 4: 552.453}","{0: 0, 1: 0, 2: 0, 3: 0, 4: 0}","{0: 0, 1: 0, 2: 0, 3: 0, 4: 0}","{0: 0, 1: 0, 2: 0, 3: 0, 4: 0}",0,0
rule_zookeeper,30c1s5r5p-zoo,YCSB_A,rw_1000000,concurrent_100,0,29735,84.932129,87.531006,101.86390605999999,85.5955721744409,2973.5,"{1: 9.091, 2: 33.0, 3: 31.313, 4: 14.0}","{1: 553.914, 2: 555.492, 3: 550.25, 4: 555.131}","{0: 0, 1: 0, 2: 0, 3: 0, 4: 0}","{0: 0, 1: 0, 2: 0, 3: 0, 4: 0}","{0: 0, 1: 0, 2: 0, 3: 0, 4: 0}",0,0
rule_zookeeper,30c1s5r5p-zoo,YCSB_A,rw_1000000,concurrent_110,0,32842,87.180908,90.937012,98.7385644,87.82258717922173,3284.2,"{1: 8.163, 2: 28.431, 3: 30.303, 4: 12.871}","{1: 557.586, 2: 558.172, 3: 554.0, 4: 557.809}","{0: 0, 1: 0, 2: 0, 3: 0, 4: 0}","{0: 0, 1: 0, 2: 0, 3: 0, 4: 0}","{0: 0, 1: 0, 2: 0, 3: 0, 4: 0}",0,0
rule_zookeeper,30c1s5r5p-zoo,YCSB_A,rw_1000000,concurrent_120,0,35700,90.99352999999999,96.9619384,106.9447977000002,91.70478529885155,3570.0,"{1: 7.143, 2: 28.283, 3: 25.773, 4: 12.121}","{1: 560.098, 2: 561.486, 3: 558.25, 4: 560.834}","{0: 0, 1: 0, 2: 0, 3: 0, 4: 0}","{0: 0, 1: 0, 2: 0, 3: 0, 4: 0}","{0: 0, 1: 0, 2: 0, 3: 0, 4: 0}",0,0
rule_zookeeper,30c1s5r5p-zoo,YCSB_A,rw_1000000,concurrent_1,101,207,41.362061,41.849169800000006,42.9079202,41.366376048309185,20.7,"{0: 2.02, 1: 2.041, 2: 7.143, 3: 8.163, 4: 3.0}","{0: 527.441, 1: 525.047, 2: 525.449, 3: 524.0, 4: 525.531}","{0: 44, 1: 38, 2: 43, 3: 42, 4: 40}","{0: 44, 1: 38, 2: 43, 3: 42, 4: 40}","{0: 44, 1: 38, 2: 43, 3: 42, 4: 40}",100.0,100.0
rule_zookeeper,30c1s5r5p-zoo,YCSB_A,rw_1000000,concurrent_10,101,2870,41.7285155,42.380200200000004,42.8558883,41.77573420592334,287.0,"{0: 19.588, 1: 5.102, 2: 14.583, 3: 17.0, 4: 6.061}","{0: 542.938, 1: 529.539, 2: 530.334, 3: 527.25, 4: 529.988}","{0: 567, 1: 586, 2: 575, 3: 569, 4: 573}","{0: 567, 1: 586, 2: 575, 3: 569, 4: 573}","{0: 567, 1: 586, 2: 575, 3: 569, 4: 573}",100.0,100.0
rule_zookeeper,30c1s5r5p-zoo,YCSB_A,rw_1000000,concurrent_20,101,5844,41.8275145,42.4906739,42.92864024,41.854007792950036,584.4,"{1: 8.081, 2: 25.743, 3: 22.917, 4: 10.204}","{1: 533.531, 2: 534.42, 3: 531.25, 4: 534.002}","{0: 1168, 1: 1168, 2: 1175, 3: 1157, 4: 1176}","{0: 1168, 1: 1168, 2: 1175, 3: 1157, 4: 1176}","{0: 1168, 1: 1168, 2: 1175, 3: 1157, 4: 1176}",100.0,100.0
rule_zookeeper,30c1s5r5p-zoo,YCSB_A,rw_1000000,concurrent_30,101,8895,41.883057,42.593018,43.12145053999999,41.91065648173131,889.5,"{1: 10.101, 2: 31.959, 3: 31.959, 4: 14.0}","{1: 538.191, 2: 539.254, 3: 535.75, 4: 538.535}","{0: 1771, 1: 1781, 2: 1780, 3: 1775, 4: 1788}","{0: 1771, 1: 1781, 2: 1780, 3: 1775, 4: 1787}","{0: 1771, 1: 1781, 2: 1780, 3: 1775, 4: 1787}",99.98875772906128,99.98875772906128
rule_zookeeper,30c1s5r5p-zoo,YCSB_A,rw_1000000,concurrent_40,101,11778,41.911865,42.640869,43.22922848,41.94535164645949,1177.8,"{1: 30.303, 2: 36.735, 3: 37.374, 4: 18.0}","{1: 542.031, 2: 543.637, 3: 539.75, 4: 542.742}","{0: 2362, 1: 2359, 2: 2364, 3: 2363, 4: 2330}","{0: 2362, 1: 2359, 2: 2364, 3: 2363, 4: 2330}","{0: 2362, 1: 2359, 2: 2364, 3: 2363, 4: 2330}",100.0,100.0
rule_zookeeper,30c1s5r5p-zoo,YCSB_A,rw_1000000,concurrent_50,101,14871,41.955078,42.73584,43.500292599999995,42.00915332459148,1487.1,"{1: 17.0, 2: 43.0, 3: 43.434, 4: 21.212}","{1: 546.691, 2: 547.746, 3: 544.25, 4: 547.748}","{0: 2991, 1: 2956, 2: 2966, 3: 3001, 4: 2957}","{0: 2991, 1: 2956, 2: 2966, 3: 3001, 4: 2957}","{0: 2991, 1: 2956, 2: 2966, 3: 3001, 4: 2957}",100.0,100.0
rule_zookeeper,30c1s5r5p-zoo,YCSB_A,rw_1000000,concurrent_60,101,17729,42.10498,43.2752926,84.034912,44.92290938947488,1772.9,"{1: 18.0, 2: 48.485, 3: 49.474, 4: 24.0}","{1: 550.0, 2: 552.07, 3: 547.25, 4: 550.498}","{0: 3527, 1: 3536, 2: 3545, 3: 2391, 4: 3534}","{0: 3527, 1: 3536, 2: 3545, 3: 2391, 4: 3534}","{0: 3527, 1: 3536, 2: 3545, 3: 2391, 4: 3534}",100.0,100.0
rule_zookeeper,30c1s5r5p-zoo,YCSB_A,rw_1000000,concurrent_70,101,20827,42.256104,43.269043,44.54466798,42.37101162644644,2082.7,"{1: 21.429, 2: 56.566, 3: 57.576, 4: 28.0}","{1: 554.746, 2: 561.637, 3: 550.25, 4: 580.174}","{0: 4171, 1: 4171, 2: 4149, 3: 4166, 4: 4168}","{0: 4171, 1: 4171, 2: 4148, 3: 4166, 4: 4168}","{0: 4171, 1: 4171, 2: 4148, 3: 4166, 4: 4168}",99.9951980792317,99.9951980792317
rule_zookeeper,30c1s5r5p-zoo,YCSB_A,rw_1000000,concurrent_80,101,23823,42.591064,44.099121,84.47051733999999,44.14517037245518,2382.3,"{1: 22.449, 2: 58.586, 3: 56.842, 4: 31.373}","{1: 558.09, 2: 560.732, 3: 556.5, 4: 558.402}","{0: 4774, 1: 3925, 2: 4765, 3: 4768, 4: 4769}","{0: 4774, 1: 3925, 2: 4765, 3: 4768, 4: 4769}","{0: 4774, 1: 3925, 2: 4765, 3: 4768, 4: 4769}",100.0,100.0
rule_zookeeper,30c1s5r5p-zoo,YCSB_A,rw_1000000,concurrent_90,101,26826,43.130127,44.909546,48.01446525,43.5001270052561,2682.6,"{1: 23.711, 2: 62.245, 3: 64.646, 4: 31.313}","{1: 561.977, 2: 566.762, 3: 559.0, 4: 562.629}","{0: 5345, 1: 5386, 2: 5337, 3: 5307, 4: 5356}","{0: 5345, 1: 5386, 2: 5337, 3: 5307, 4: 5356}","{0: 5345, 1: 5386, 2: 5337, 3: 5307, 4: 5356}",100.0,100.0
rule_zookeeper,30c1s5r5p-zoo,YCSB_A,rw_1000000,concurrent_100,101,29716,44.536011,87.033203,92.66977545,55.19939795625253,2971.6,"{1: 20.202, 2: 57.282, 3: 52.941, 4: 28.0}","{1: 563.027, 2: 566.104, 3: 558.75, 4: 562.871}","{0: 3921, 1: 2835, 2: 5944, 3: 3481, 4: 5931}","{0: 3921, 1: 2835, 2: 5942, 3: 3481, 4: 5931}","{0: 3921, 1: 2835, 2: 5942, 3: 3481, 4: 5931}",99.9909551374819,99.9909551374819
rule_zookeeper,30c1s5r5p-zoo,YCSB_A,rw_1000000,concurrent_110,101,32072,45.14502,51.192602300000004,4933.286816510003,183.12602918988526,3207.2,"{1: 24.0, 2: 64.356, 3: 64.835, 4: 34.0}","{1: 572.293, 2: 573.168, 3: 570.25, 4: 571.805}","{0: 6402, 1: 6419, 2: 6399, 3: 6430, 4: 5774}","{0: 6402, 1: 6419, 2: 6399, 3: 6430, 4: 5774}","{0: 6402, 1: 6419, 2: 6399, 3: 6430, 4: 5774}",100.0,100.0
rule_zookeeper,30c1s5r5p-zoo,YCSB_A,rw_1000000,concurrent_120,101,35685,50.148926,61.27216760000001,135.67324207999985,53.35308208563822,3568.5,"{1: 27.273, 2: 66.337, 3: 67.0, 4: 35.354}","{1: 573.609, 2: 576.691, 3: 569.25, 4: 574.105}","{0: 6984, 1: 6925, 2: 7147, 3: 6886, 4: 6960}","{0: 6983, 1: 6924, 2: 7147, 3: 6886, 4: 6959}","{0: 6983, 1: 6924, 2: 7147, 3: 6886, 4: 6959}",99.99140450403988,99.99140450403988
rule_zookeeper,30c1s5r5p-zoo,YCSB_A,rw_1000000,concurrent_1,100,202,41.387573,41.886059700000004,42.74989014,41.42066977722772,20.2,"{0: 2.0, 1: 2.041, 2: 8.163, 3: 8.163, 4: 2.041}","{0: 527.354, 1: 524.707, 2: 525.34, 3: 524.0, 4: 525.686}","{0: 40, 1: 39, 2: 42, 3: 41, 4: 40}","{0: 40, 1: 39, 2: 42, 3: 41, 4: 40}","{0: 40, 1: 39, 2: 42, 3: 41, 4: 40}",100.0,100.0
rule_zookeeper,30c1s5r5p-zoo,YCSB_A,rw_1000000,concurrent_10,100,2853,41.687012,42.3337888,42.79304656,41.72137964178058,285.3,"{0: 19.192, 1: 4.124, 2: 16.327, 3: 17.347, 4: 7.0}","{0: 543.275, 1: 529.352, 2: 530.262, 3: 526.25, 4: 529.854}","{0: 566, 1: 560, 2: 579, 3: 562, 4: 586}","{0: 566, 1: 560, 2: 579, 3: 562, 4: 586}","{0: 566, 1: 560, 2: 579, 3: 562, 4: 586}",100.0,100.0
rule_zookeeper,30c1s5r5p-zoo,YCSB_A,rw_1000000,concurrent_20,100,5902,41.85498,42.4657468,42.9688939,41.862997236360556,590.2,"{1: 7.216, 2: 23.958, 3: 27.0, 4: 10.101}","{1: 533.965, 2: 534.725, 3: 531.25, 4: 534.307}","{0: 1175, 1: 1185, 2: 1176, 3: 1172, 4: 1194}","{0: 1175, 1: 1185, 2: 1176, 3: 1172, 4: 1194}","{0: 1175, 1: 1185, 2: 1176, 3: 1172, 4: 1194}",100.0,100.0
rule_zookeeper,30c1s5r5p-zoo,YCSB_A,rw_1000000,concurrent_30,100,8791,41.896973,42.588135,43.137060600000005,41.91724479615515,879.1,"{1: 23.469, 2: 31.313, 3: 32.0, 4: 16.0}","{1: 538.258, 2: 539.066, 3: 535.75, 4: 538.49}","{0: 1775, 1: 1761, 2: 1774, 3: 1727, 4: 1754}","{0: 1775, 1: 1761, 2: 1774, 3: 1727, 4: 1754}","{0: 1775, 1: 1761, 2: 1774, 3: 1727, 4: 1754}",100.0,100.0
rule_zookeeper,30c1s5r5p-zoo,YCSB_A,rw_1000000,concurrent_40,100,11806,41.888916,42.601440499999995,43.1591678,41.91741766085042,1180.6,"{1: 13.131, 2: 37.755, 3: 39.394, 4: 20.202}","{1: 542.102, 2: 542.871, 3: 541.25, 4: 542.531}","{0: 2363, 1: 2356, 2: 2346, 3: 2363, 4: 2378}","{0: 2363, 1: 2356, 2: 2346, 3: 2363, 4: 2378}","{0: 2363, 1: 2356, 2: 2346, 3: 2363, 4: 2378}",100.0,100.0
rule_zookeeper,30c1s5r5p-zoo,YCSB_A,rw_1000000,concurrent_50,100,14844,41.969971,42.746777200000004,43.50347928,42.023526992387495,1484.4,"{1: 16.162, 2: 44.444, 3: 46.0, 4: 21.0}","{1: 547.133, 2: 547.625, 3: 545.0, 4: 547.066}","{0: 2942, 1: 2987, 2: 2974, 3: 2991, 4: 2950}","{0: 2942, 1: 2986, 2: 2974, 3: 2991, 4: 2950}","{0: 2942, 1: 2986, 2: 2974, 3: 2991, 4: 2950}",99.99326327135543,99.99326327135543
rule_zookeeper,30c1s5r5p-zoo,YCSB_A,rw_1000000,concurrent_60,100,17845,42.271973,83.187988,84.928955,51.68710191840851,1784.5,"{1: 17.0, 2: 45.098, 3: 42.0, 4: 22.222}","{1: 549.172, 2: 550.631, 3: 546.25, 4: 549.422}","{0: 3569, 1: 2378, 2: 3554, 3: 603, 4: 3573}","{0: 3569, 1: 2378, 2: 3554, 3: 603, 4: 3573}","{0: 3569, 1: 2378, 2: 3554, 3: 603, 4: 3573}",100.0,100.0
rule_zookeeper,30c1s5r5p-zoo,YCSB_A,rw_1000000,concurrent_70,100,20759,42.208984,43.218994,44.41181174,42.33912307495544,2075.9,"{1: 21.429, 2: 55.67, 3: 55.556, 4: 27.273}","{1: 555.191, 2: 555.566, 3: 552.75, 4: 555.559}","{0: 4160, 1: 4145, 2: 4129, 3: 4160, 4: 4165}","{0: 4160, 1: 4145, 2: 4129, 3: 4159, 4: 4164}","{0: 4160, 1: 4145, 2: 4129, 3: 4159, 4: 4164}",99.99036562454839,99.99036562454839
rule_zookeeper,30c1s5r5p-zoo,YCSB_A,rw_1000000,concurrent_80,100,23811,42.530029,43.843018,45.58376470000002,42.67923873176263,2381.1,"{1: 23.232, 2: 59.406, 3: 60.396, 4: 29.293}","{1: 559.281, 2: 559.541, 3: 556.0, 4: 559.717}","{0: 4788, 1: 4744, 2: 4759, 3: 4756, 4: 4764}","{0: 4786, 1: 4744, 2: 4759, 3: 4756, 4: 4763}","{0: 4786, 1: 4744, 2: 4759, 3: 4756, 4: 4763}",99.98740078115156,99.98740078115156
rule_zookeeper,30c1s5r5p-zoo,YCSB_A,rw_1000000,concurrent_90,100,26781,43.163086,44.916992,47.03618160000001,43.35234686908629,2678.1,"{1: 46.535, 2: 60.606, 3: 62.136, 4: 32.653}","{1: 563.479, 2: 566.748, 3: 559.75, 4: 563.297}","{0: 5342, 1: 5354, 2: 5344, 3: 5354, 4: 5387}","{0: 5342, 1: 5353, 2: 5344, 3: 5353, 4: 5387}","{0: 5342, 1: 5353, 2: 5344, 3: 5353, 4: 5387}",99.99253201896867,99.99253201896867
rule_zookeeper,30c1s5r5p-zoo,YCSB_A,rw_1000000,concurrent_100,100,29797,45.428955,88.3695314,93.74863252000003,61.363735509547936,2979.7,"{1: 16.162, 2: 51.02, 3: 49.485, 4: 28.283}","{1: 563.43, 2: 565.477, 3: 560.5, 4: 563.684}","{0: 5945, 1: 0, 2: 5916, 3: 0, 4: 6001}","{0: 5945, 1: 0, 2: 5916, 3: 0, 4: 6001}","{0: 5945, 1: 0, 2: 5916, 3: 0, 4: 6001}",100.0,100.0
rule_zookeeper,30c1s5r5p-zoo,YCSB_A,rw_1000000,concurrent_110,100,32599,46.0,51.106934,91.70801258000003,47.44984203506243,3259.9,"{1: 23.958, 2: 62.5, 3: 72.165, 4: 35.0}","{1: 571.023, 2: 573.82, 3: 568.0, 4: 572.049}","{0: 6366, 1: 6445, 2: 6547, 3: 6490, 4: 6388}","{0: 6364, 1: 6444, 2: 6547, 3: 6490, 4: 6388}","{0: 6364, 1: 6444, 2: 6547, 3: 6490, 4: 6388}",99.99069363444596,99.99069363444596
rule_zookeeper,30c1s5r5p-zoo,YCSB_A,rw_1000000,concurrent_120,100,35822,51.579102,101.096924,168.72531766000017,69.318580808358,3582.2,"{1: 33.684, 2: 54.167, 3: 52.525, 4: 27.273}","{1: 570.531, 2: 573.545, 3: 567.75, 4: 570.99}","{0: 2318, 1: 6923, 2: 3532, 3: 2376, 4: 6878}","{0: 2318, 1: 6923, 2: 3532, 3: 2376, 4: 6876}","{0: 2318, 1: 6923, 2: 3532, 3: 2376, 4: 6876}",99.99092023425796,99.99092023425796
rule_zookeeper,30c1s5r5p-zoo,YCSB_A,rw_zipf_1,concurrent_160,0,47260,1018.062012,1201.515601,1330.87700203,1015.8851090121457,4726.0,{3: 27.551},{3: 579.0},"{0: 0, 1: 0, 2: 0, 3: 0, 4: 0}","{0: 0, 1: 0, 2: 0, 3: 0, 4: 0}","{0: 0, 1: 0, 2: 0, 3: 0, 4: 0}",0,0
rule_zookeeper,30c1s5r5p-zoo,YCSB_A,rw_zipf_1,concurrent_160,101,44458,1330.2646485,1560.3683838,1693.32487564,1143.277494034752,4445.8,{2: 45.0},{2: 599.348},"{0: 3946, 1: 3685, 2: 3523, 3: 3795, 4: 3854}","{0: 2224, 1: 2093, 2: 1997, 3: 2138, 4: 2129}","{0: 2224, 1: 2093, 2: 1997, 3: 2138, 4: 2129}",56.27293516991969,56.27293516991969
rule_zookeeper,30c1s5r5p-zoo,YCSB_A,rw_zipf_1,concurrent_160,100,44714,1273.3759765,1594.8533206,1755.304006130002,1088.8958029317441,4471.4,{},{},"{0: 3627, 1: 4296, 2: 2882, 3: 5523, 4: 5413}","{0: 2054, 1: 2432, 2: 1627, 3: 3091, 4: 3051}","{0: 2054, 1: 2432, 2: 1627, 3: 3091, 4: 3051}",56.36815233889885,56.36815233889885
rule_zookeeper,30c1s5r5p-zoo,YCSB_A,rw_zipf_0.9,concurrent_160,0,47111,1096.291016,1302.876953,1805.2353028,1105.5413096507823,4711.1,{2: 25.51},{2: 589.311},"{0: 0, 1: 0, 2: 0, 3: 0, 4: 0}","{0: 0, 1: 0, 2: 0, 3: 0, 4: 0}","{0: 0, 1: 0, 2: 0, 3: 0, 4: 0}",0,0
rule_zookeeper,30c1s5r5p-zoo,YCSB_A,rw_zipf_0.9,concurrent_160,101,44563,1246.498047,1728.0901858,1957.3771482799998,1036.5065457682383,4456.3,{},{},"{0: 4863, 1: 4245, 2: 6373, 3: 6022, 4: 4019}","{0: 3540, 1: 3101, 2: 4649, 3: 4346, 4: 2888}","{0: 3540, 1: 3101, 2: 4649, 3: 4346, 4: 2888}",72.58051876812162,72.58051876812162
rule_zookeeper,30c1s5r5p-zoo,YCSB_A,rw_zipf_0.9,concurrent_160,100,44117,1051.426025,1907.3732908,2286.20867204,1025.0326178509417,4411.7,{},{},"{0: 5827, 1: 6277, 2: 6688, 3: 6761, 4: 4412}","{0: 4164, 1: 4435, 2: 4774, 3: 4808, 4: 3159}","{0: 4164, 1: 4435, 2: 4774, 3: 4808, 4: 3159}",71.21641915568163,71.21641915568163
rule_zookeeper,30c1s5r5p-zoo,YCSB_A,rw_zipf_0.8,concurrent_160,0,46641,1131.60083,1308.265869,1434.2991213999999,1121.5495406935315,4664.1,{},{2: 592.252},"{0: 0, 1: 0, 2: 0, 3: 0, 4: 0}","{0: 0, 1: 0, 2: 0, 3: 0, 4: 0}","{0: 0, 1: 0, 2: 0, 3: 0, 4: 0}",0,0
rule_zookeeper,30c1s5r5p-zoo,YCSB_A,rw_zipf_0.8,concurrent_160,101,43782,1238.7425535,1582.5490237000001,1675.2050783000002,1009.1353527006305,4378.2,{},{},"{0: 4329, 1: 3894, 2: 3650, 3: 1607, 4: 3581}","{0: 3785, 1: 3420, 2: 3232, 3: 1420, 4: 3156}","{0: 3785, 1: 3420, 2: 3232, 3: 1420, 4: 3156}",87.99601430162359,87.99601430162359
rule_zookeeper,30c1s5r5p-zoo,YCSB_A,rw_zipf_0.8,concurrent_160,100,44762,1275.9439695,1490.7447998,1672.6942113199998,1155.6545047862473,4476.2,{},{},"{0: 1647, 1: 1513, 2: 1543, 3: 1589, 4: 1621}","{0: 1404, 1: 1323, 2: 1354, 3: 1396, 4: 1422}","{0: 1404, 1: 1323, 2: 1354, 3: 1396, 4: 1422}",87.18564387716415,87.18564387716415
rule_zookeeper,30c1s5r5p-zoo,YCSB_A,rw_zipf_0.7,concurrent_160,0,46910,1146.9060055,1316.5107911999999,1444.0894797199999,1133.0110118681946,4691.0,{3: 24.742},{3: 588.0},"{0: 0, 1: 0, 2: 0, 3: 0, 4: 0}","{0: 0, 1: 0, 2: 0, 3: 0, 4: 0}","{0: 0, 1: 0, 2: 0, 3: 0, 4: 0}",0,0
rule_zookeeper,30c1s5r5p-zoo,YCSB_A,rw_zipf_0.7,concurrent_160,101,42890,756.803955,1973.8166256,2130.49331518,1049.8983817651667,4289.0,{},{},"{0: 5141, 1: 5986, 2: 4917, 3: 4844, 4: 3903}","{0: 4792, 1: 5511, 2: 4562, 3: 4514, 4: 3613}","{0: 4792, 1: 5511, 2: 4562, 3: 4514, 4: 3613}",92.74333427453512,92.74333427453512
rule_zookeeper,30c1s5r5p-zoo,YCSB_A,rw_zipf_0.7,concurrent_160,100,42325,1358.168945,1940.5077634,2384.2438082400004,1173.9826646974363,4232.5,{},{},"{0: 3678, 1: 3699, 2: 3672, 3: 3336, 4: 3830}","{0: 3421, 1: 3445, 2: 3464, 3: 3117, 4: 3598}","{0: 3421, 1: 3445, 2: 3464, 3: 3117, 4: 3598}",93.57672248147132,93.57672248147132
rule_zookeeper,30c1s5r5p-zoo,YCSB_A,rw_zipf_0.6,concurrent_160,0,46298,1165.2424315,1325.8899417,1432.75307646,1150.5158828953302,4629.8,{},{},"{0: 0, 1: 0, 2: 0, 3: 0, 4: 0}","{0: 0, 1: 0, 2: 0, 3: 0, 4: 0}","{0: 0, 1: 0, 2: 0, 3: 0, 4: 0}",0,0
rule_zookeeper,30c1s5r5p-zoo,YCSB_A,rw_zipf_0.6,concurrent_160,101,44356,1255.4245605,1612.3535155,1716.5545655,994.608104745536,4435.6,{},{},"{0: 3928, 1: 4999, 2: 1731, 3: 5100, 4: 2437}","{0: 3857, 1: 4880, 2: 1695, 3: 5001, 4: 2392}","{0: 3857, 1: 4880, 2: 1695, 3: 5001, 4: 2392}",97.96647430612806,97.96647430612806
rule_zookeeper,30c1s5r5p-zoo,YCSB_A,rw_zipf_0.6,concurrent_160,100,45033,1276.822021,1580.386426,1914.91889624,1082.1866528281262,4503.3,{},{},"{0: 2712, 1: 2833, 2: 2572, 3: 2976, 4: 2715}","{0: 2654, 1: 2773, 2: 2515, 3: 2930, 4: 2646}","{0: 2654, 1: 2773, 2: 2515, 3: 2930, 4: 2646}",97.89976825028968,97.89976825028968
rule_zookeeper,30c1s5r5p-zoo,YCSB_A,rw_zipf_0.5,concurrent_160,0,45384,1235.369873,1410.1054691000002,1493.9120871,1218.3540014748808,4538.4,{},{},"{0: 0, 1: 0, 2: 0, 3: 0, 4: 0}","{0: 0, 1: 0, 2: 0, 3: 0, 4: 0}","{0: 0, 1: 0, 2: 0, 3: 0, 4: 0}",0,0
rule_zookeeper,30c1s5r5p-zoo,YCSB_A,rw_zipf_0.5,concurrent_160,101,41899,1388.484863,1753.5360842,2134.0231155799997,1102.7619715000835,4189.9,{},{},"{0: 1621, 1: 3512, 2: 3606, 3: 3779, 4: 4568}","{0: 1606, 1: 3484, 2: 3573, 3: 3739, 4: 4529}","{0: 1606, 1: 3484, 2: 3573, 3: 3739, 4: 4529}",99.09282453470678,99.09282453470678
rule_zookeeper,30c1s5r5p-zoo,YCSB_A,rw_zipf_0.5,concurrent_160,100,43693,1266.498047,1538.9409183999999,1706.94197288,1106.7759178591077,4369.3,{},{},"{0: 1771, 1: 1674, 2: 2022, 3: 2155, 4: 2307}","{0: 1760, 1: 1660, 2: 2013, 3: 2147, 4: 2286}","{0: 1760, 1: 1660, 2: 2013, 3: 2147, 4: 2286}",99.36549501460368,99.36549501460368
rule_zookeeper,30c1s5r5p-zoo,YCSB_A,rw_1,concurrent_160,0,47564,629.6129155000001,772.5459473000003,903.83523202,636.0212424961315,4756.4,{2: 25.51},{2: 564.482},"{0: 0, 1: 0, 2: 0, 3: 0, 4: 0}","{0: 0, 1: 0, 2: 0, 3: 0, 4: 0}","{0: 0, 1: 0, 2: 0, 3: 0, 4: 0}",0,0
rule_zookeeper,30c1s5r5p-zoo,YCSB_A,rw_1,concurrent_160,101,47770,957.3780515,1134.4164306,1247.9459737999998,955.5406940520621,4777.0,{2: 27.835},{2: 573.252},"{0: 401, 1: 540, 2: 471, 3: 429, 4: 281}","{0: 0, 1: 0, 2: 0, 3: 0, 4: 0}","{0: 0, 1: 0, 2: 0, 3: 0, 4: 0}",0.0,0.0
rule_zookeeper,30c1s5r5p-zoo,YCSB_A,rw_1,concurrent_160,100,42630,1370.154053,1539.9914065,1599.7574144799999,1344.8715369762842,4263.0,{},{},"{0: 8059, 1: 8424, 2: 8564, 3: 8535, 4: 8517}","{0: 0, 1: 0, 2: 0, 3: 0, 4: 0}","{0: 0, 1: 0, 2: 0, 3: 0, 4: 0}",0.0,0.0
rule_zookeeper,30c1s5r5p-zoo,YCSB_A,rw_10,concurrent_160,0,47815,845.113037,1015.1655276,1131.82216816,847.2796262474537,4781.5,"{2: 25.253, 3: 24.49}","{2: 569.41, 3: 561.0}","{0: 0, 1: 0, 2: 0, 3: 0, 4: 0}","{0: 0, 1: 0, 2: 0, 3: 0, 4: 0}","{0: 0, 1: 0, 2: 0, 3: 0, 4: 0}",0,0
rule_zookeeper,30c1s5r5p-zoo,YCSB_A,rw_10,concurrent_160,101,47346,1062.7735595,1253.737549,1392.9451171500004,1058.0647872454485,4734.6,{2: 27.551},{2: 573.08},"{0: 388, 1: 453, 2: 492, 3: 508, 4: 431}","{0: 0, 1: 0, 2: 0, 3: 0, 4: 0}","{0: 0, 1: 0, 2: 0, 3: 0, 4: 0}",0.0,0.0
rule_zookeeper,30c1s5r5p-zoo,YCSB_A,rw_10,concurrent_160,100,42252,1382.4190675,1544.7120360000001,1625.88921594,1354.2150136359935,4225.2,{},{},"{0: 8478, 1: 8423, 2: 8459, 3: 8408, 4: 8484}","{0: 0, 1: 0, 2: 0, 3: 0, 4: 0}","{0: 0, 1: 0, 2: 0, 3: 0, 4: 0}",0.0,0.0
rule_zookeeper,30c1s5r5p-zoo,YCSB_A,rw_100,concurrent_160,0,47593,829.693115,1010.2979494000001,1192.60998088,835.0649516600131,4759.3,{3: 23.232},{3: 561.5},"{0: 0, 1: 0, 2: 0, 3: 0, 4: 0}","{0: 0, 1: 0, 2: 0, 3: 0, 4: 0}","{0: 0, 1: 0, 2: 0, 3: 0, 4: 0}",0,0
rule_zookeeper,30c1s5r5p-zoo,YCSB_A,rw_100,concurrent_160,101,46320,1138.0144045000002,1319.0879885999998,1434.22305889,1129.2723596737478,4632.0,{2: 33.01},{2: 573.797},"{0: 4430, 1: 721, 2: 198, 3: 155, 4: 437}","{0: 0, 1: 0, 2: 0, 3: 0, 4: 0}","{0: 0, 1: 0, 2: 0, 3: 0, 4: 0}",0.0,0.0
rule_zookeeper,30c1s5r5p-zoo,YCSB_A,rw_100,concurrent_160,100,42302,1385.319458,1560.3412353,1647.01896243,1367.3071012858493,4230.2,{},{},"{0: 7885, 1: 8283, 2: 8594, 3: 8324, 4: 6544}","{0: 0, 1: 0, 2: 0, 3: 0, 4: 0}","{0: 0, 1: 0, 2: 0, 3: 0, 4: 0}",0.0,0.0
rule_zookeeper,30c1s5r5p-zoo,YCSB_A,rw_1000,concurrent_160,0,46516,1144.9210205,1311.7435305,1419.3972167,1129.3348223634018,4651.6,{},{},"{0: 0, 1: 0, 2: 0, 3: 0, 4: 0}","{0: 0, 1: 0, 2: 0, 3: 0, 4: 0}","{0: 0, 1: 0, 2: 0, 3: 0, 4: 0}",0,0
rule_zookeeper,30c1s5r5p-zoo,YCSB_A,rw_1000,concurrent_160,101,44863,1268.213135,1426.1065428,1531.4323046599998,1217.776161956824,4486.3,{},{},"{0: 4596, 1: 3160, 2: 4543, 3: 4656, 4: 4453}","{0: 417, 1: 313, 2: 409, 3: 438, 4: 402}","{0: 417, 1: 313, 2: 409, 3: 438, 4: 402}",9.244207772795217,9.244207772795217
rule_zookeeper,30c1s5r5p-zoo,YCSB_A,rw_1000,concurrent_160,100,44485,1305.364014,1472.0606936,1576.41992164,1254.2866414153982,4448.5,{},{},"{0: 4572, 1: 4913, 2: 4992, 3: 5030, 4: 4698}","{0: 392, 1: 399, 2: 392, 3: 343, 4: 379}","{0: 392, 1: 399, 2: 392, 3: 343, 4: 379}",7.870274736624665,7.870274736624665
rule_zookeeper,30c1s5r5p-zoo,YCSB_A,rw_10000,concurrent_160,0,47445,1056.039062,1249.8090818,1389.9620409199997,1052.7265034584677,4744.5,{4: 11.111},{4: 568.611},"{0: 0, 1: 0, 2: 0, 3: 0, 4: 0}","{0: 0, 1: 0, 2: 0, 3: 0, 4: 0}","{0: 0, 1: 0, 2: 0, 3: 0, 4: 0}",0,0
rule_zookeeper,30c1s5r5p-zoo,YCSB_A,rw_10000,concurrent_160,101,44728,1229.2669675,1767.5322265000002,1990.0289550800007,1032.513309597858,4472.8,{},{},"{0: 3963, 1: 5718, 2: 6022, 3: 5844, 4: 4160}","{0: 2948, 1: 4217, 2: 4466, 3: 4371, 4: 3039}","{0: 2948, 1: 4217, 2: 4466, 3: 4371, 4: 3039}",74.06931964056483,74.06931964056483
rule_zookeeper,30c1s5r5p-zoo,YCSB_A,rw_10000,concurrent_160,100,45289,1260.979004,1503.0155276,1654.0225101600004,1095.4960716967696,4528.9,{},{},"{0: 2628, 1: 3216, 2: 2892, 3: 3392, 4: 0}","{0: 2126, 1: 2632, 2: 2384, 3: 2810, 4: 0}","{0: 2126, 1: 2632, 2: 2384, 3: 2810, 4: 0}",82.05804749340369,82.05804749340369
rule_zookeeper,30c1s5r5p-zoo,YCSB_A,rw_100000,concurrent_160,0,46571,1159.39502,1331.46582,1438.9280026000004,1144.922321879367,4657.1,{2: 22.449},{2: 574.867},"{0: 0, 1: 0, 2: 0, 3: 0, 4: 0}","{0: 0, 1: 0, 2: 0, 3: 0, 4: 0}","{0: 0, 1: 0, 2: 0, 3: 0, 4: 0}",0,0
rule_zookeeper,30c1s5r5p-zoo,YCSB_A,rw_100000,concurrent_160,101,44133,1302.625977,1572.2437014,1654.4826758000002,1039.0397932644505,4413.3,{},{},"{0: 5563, 1: 3712, 2: 15, 3: 2765, 4: 2781}","{0: 5429, 1: 3659, 2: 14, 3: 2710, 4: 2730}","{0: 5429, 1: 3659, 2: 14, 3: 2710, 4: 2730}",98.01833378269075,98.01833378269075
rule_zookeeper,30c1s5r5p-zoo,YCSB_A,rw_100000,concurrent_160,100,44405,725.197998,1985.7456539999998,2731.389072119999,953.5286944735955,4440.5,{},{},"{0: 6735, 1: 6336, 2: 6119, 3: 6608, 4: 6955}","{0: 6451, 1: 6067, 2: 5856, 3: 6311, 4: 6659}","{0: 6451, 1: 6067, 2: 5856, 3: 6311, 4: 6659}",95.69810399047415,95.69810399047415
rule_zookeeper,30c1s5r5p-zoo,YCSB_A,rw_1000000,concurrent_160,0,45810,1159.5415035,1340.5090088,1458.99883549,1147.0254946068544,4581.0,{},{},"{0: 0, 1: 0, 2: 0, 3: 0, 4: 0}","{0: 0, 1: 0, 2: 0, 3: 0, 4: 0}","{0: 0, 1: 0, 2: 0, 3: 0, 4: 0}",0,0
rule_zookeeper,30c1s5r5p-zoo,YCSB_A,rw_1000000,concurrent_160,101,43423,1306.431152,1646.8569334000001,1752.6641994799998,1026.19582804341,4342.3,{},{},"{0: 2917, 1: 4841, 2: 3913, 3: 3041, 4: 2338}","{0: 2908, 1: 4829, 2: 3903, 3: 3035, 4: 2335}","{0: 2908, 1: 4829, 2: 3903, 3: 3035, 4: 2335}",99.76539589442815,99.76539589442815
rule_zookeeper,30c1s5r5p-zoo,YCSB_A,rw_1000000,concurrent_160,100,45741,1202.768799,1387.695068,1496.9579101999998,1123.494851935725,4574.1,{2: 32.353},{2: 587.809},"{0: 0, 1: 1467, 2: 2474, 3: 0, 4: 0}","{0: 0, 1: 1465, 2: 2470, 3: 0, 4: 0}","{0: 0, 1: 1465, 2: 2470, 3: 0, 4: 0}",99.84775437706166,99.84775437706166
