protocol,site,workload,concurrent,fastpath_percentage,fastpath_count,fastpath_50pct,fastpath_90pct,fastpath_99pct,fastpath_ave,slowpath_count,slowpath_50pct,slowpath_90pct,slowpath_99pct,slowpath_ave,total_count,total_50pct,total_90pct,total_99pct,total_ave,throughput,fastpath_attempt_count,fastpath_success_count,fastpath_success_rate
none_fpga_raft,60c1s5r10p,rw_1000000,concurrent_1,0,0,0,0,0,0,600,155.55599999999998,234.34220000000096,281.55202,154.34183583333333,600,155.55599999999998,234.34220000000096,281.55202,154.34183583333333,60.0,0,0,0
none_fpga_raft,60c1s5r10p,rw_1000000,concurrent_2,0,0,0,0,0,0,1200,157.827,234.3470000000058,282.97112,155.87220058333335,1200,157.827,234.3470000000058,282.97112,155.87220058333335,120.0,0,0,0
none_fpga_raft,60c1s5r10p,rw_1000000,concurrent_5,0,0,0,0,0,0,3000,156.0805,233.3406999999957,280.64500999999996,155.25778006666667,3000,156.0805,233.3406999999957,280.64500999999996,155.25778006666667,300.0,0,0,0
none_fpga_raft,60c1s5r10p,rw_1000000,concurrent_10,0,0,0,0,0,0,6000,156.7485,233.2291000000135,277.87901,153.90336545,6000,156.7485,233.2291000000135,277.87901,153.90336545,600.0,0,0,0
none_fpga_raft,60c1s5r10p,rw_1000000,concurrent_20,0,0,0,0,0,0,12000,180.11,234.93460000001545,277.34801,156.12321764166666,12000,180.11,234.93460000001545,277.34801,156.12321764166666,1200.0,0,0,0
none_fpga_raft,60c1s5r10p,rw_1000000,concurrent_30,0,0,0,0,0,0,18000,158.00549999999998,233.32920000001525,281.98003,155.81471204444446,18000,158.00549999999998,233.32920000001525,281.98003,155.81471204444446,1800.0,0,0,0
none_fpga_raft,60c1s5r10p,rw_1000000,concurrent_40,0,0,0,0,0,0,24000,156.297,233.82160000009353,281.987,154.46122090416665,24000,156.297,233.82160000009353,281.987,154.46122090416665,2400.0,0,0,0
none_fpga_raft,60c1s5r10p,rw_1000000,concurrent_50,0,0,0,0,0,0,30000,158.66,234.37180000008064,280.627,155.91679555666667,30000,158.66,234.37180000008064,280.627,155.91679555666667,3000.0,0,0,0
none_fpga_raft,60c1s5r10p,rw_1000000,concurrent_60,0,0,0,0,0,0,36000,155.85500000000002,233.72630000009403,280.11802,154.67689432222224,36000,155.85500000000002,233.72630000009403,280.11802,154.67689432222224,3600.0,0,0,0
none_fpga_raft,60c1s5r10p,rw_1000000,concurrent_70,0,0,0,0,0,0,42000,157.6415,233.5517999999377,278.558,154.88540786428572,42000,157.6415,233.5517999999377,278.558,154.88540786428572,4200.0,0,0,0
none_fpga_raft,60c1s5r10p,rw_1000000,concurrent_80,0,0,0,0,0,0,48000,157.215,234.70539999993835,283.44502,155.5521799729167,48000,157.215,234.70539999993835,283.44502,155.5521799729167,4800.0,0,0,0
none_fpga_raft,60c1s5r10p,rw_1000000,concurrent_90,0,0,0,0,0,0,54000,159.1365,234.86049999994242,282.41501,156.70297064074074,54000,159.1365,234.86049999994242,282.41501,156.70297064074074,5400.0,0,0,0
none_copilot,60c1s5r10p,rw_1000000,concurrent_1,0,0,0,0,0,0,600,214.9875,319.4170000000003,352.95412,225.24001499999997,600,214.9875,319.4170000000003,352.95412,225.24001499999997,60.0,0,0,0
none_copilot,60c1s5r10p,rw_1000000,concurrent_2,0,0,0,0,0,0,1200,193.1215,321.93820000000005,338.80644,217.26055333333335,1200,193.1215,321.93820000000005,338.80644,217.26055333333335,120.0,0,0,0
none_copilot,60c1s5r10p,rw_1000000,concurrent_5,0,0,0,0,0,0,3000,200.39,321.2813,344.15000999999995,225.650666,3000,200.39,321.2813,344.15000999999995,225.650666,300.0,0,0,0
none_copilot,60c1s5r10p,rw_1000000,concurrent_10,0,0,0,0,0,0,6000,135.1405,264.54190000000006,281.03805,159.90964046666667,6000,135.1405,264.54190000000006,281.03805,159.90964046666667,600.0,0,0,0
none_copilot,60c1s5r10p,rw_1000000,concurrent_20,0,0,0,0,0,0,12000,185.76999999999998,275.5585,304.60311,171.37175358333334,12000,185.76999999999998,275.5585,304.60311,171.37175358333334,1200.0,0,0,0
none_copilot,60c1s5r10p,rw_1000000,concurrent_30,0,0,0,0,0,0,18000,187.23700000000002,282.4146,311.23602,188.78458208333336,18000,187.23700000000002,282.4146,311.23602,188.78458208333336,1800.0,0,0,0
none_copilot,60c1s5r10p,rw_1000000,concurrent_40,0,0,0,0,0,0,24000,196.099,305.7234,345.01707,199.93088853333336,24000,196.099,305.7234,345.01707,199.93088853333336,2400.0,0,0,0
none_copilot,60c1s5r10p,rw_1000000,concurrent_50,0,0,0,0,0,0,30000,207.9195,335.25840000000005,342.411,224.46895103333333,30000,207.9195,335.25840000000005,342.411,224.46895103333333,3000.0,0,0,0
none_copilot,60c1s5r10p,rw_1000000,concurrent_60,0,0,0,0,0,0,36000,213.23700000000002,322.841,350.44,226.3686028333333,36000,213.23700000000002,322.841,350.44,226.3686028333333,3600.0,0,0,0
none_copilot,60c1s5r10p,rw_1000000,concurrent_70,0,0,0,0,0,0,42000,215.377,333.7077,352.37502,227.77562009523808,42000,215.377,333.7077,352.37502,227.77562009523808,4200.0,0,0,0
none_copilot,60c1s5r10p,rw_1000000,concurrent_80,0,0,0,0,0,0,48000,188.8885,280.9773999999892,312.47501,192.1658705625,48000,188.8885,280.9773999999892,312.47501,192.1658705625,4800.0,0,0,0
none_copilot,60c1s5r10p,rw_1000000,concurrent_90,0,0,0,0,0,0,54000,212.4185,331.62869999999543,344.53402,224.52049342592588,54000,212.4185,331.62869999999543,344.53402,224.52049342592588,5400.0,0,0,0
none_mencius,60c1s5r10p,rw_1000000,concurrent_1,0,0,0,0,0,0,576,872.7485,3357.58,3535.7174999999997,1160.5010484375,576,872.7485,3357.58,3535.7174999999997,1160.5010484375,57.6,0,0,0
none_mencius,60c1s5r10p,rw_1000000,concurrent_2,0,0,0,0,0,0,1187,424.094,2998.906,3165.0928000000004,967.2415058972199,1187,424.094,2998.906,3165.0928000000004,967.2415058972199,118.7,0,0,0
none_mencius,60c1s5r10p,rw_1000000,concurrent_5,0,0,0,0,0,0,2989,1081.42,3129.1659999999997,3243.138,1171.076299933088,2989,1081.42,3129.1659999999997,3243.138,1171.076299933088,298.9,0,0,0
none_mencius,60c1s5r10p,rw_1000000,concurrent_10,0,0,0,0,0,0,5969,413.773,3054.642,3130.8764,894.0204969844195,5969,413.773,3054.642,3130.8764,894.0204969844195,596.9,0,0,0
none_mencius,60c1s5r10p,rw_1000000,concurrent_20,0,0,0,0,0,0,11915,250.86,2948.61,3010.2488000000003,748.0215651531682,11915,250.86,2948.61,3010.2488000000003,748.0215651531682,1191.5,0,0,0
none_mencius,60c1s5r10p,rw_1000000,concurrent_30,0,0,0,0,0,0,17867,468.829,2955.498,3026.1934,950.8688879274639,17867,468.829,2955.498,3026.1934,950.8688879274639,1786.7,0,0,0
none_mencius,60c1s5r10p,rw_1000000,concurrent_40,0,0,0,0,0,0,23939,1124.25,3211.284,3276.6162,1333.9566241154603,23939,1124.25,3211.284,3276.6162,1333.9566241154603,2393.9,0,0,0
none_mencius,60c1s5r10p,rw_1000000,concurrent_50,0,0,0,0,0,0,29784,500.1715,2958.367,2997.7068,950.6960997985495,29784,500.1715,2958.367,2997.7068,950.6960997985495,2978.4,0,0,0
none_mencius,60c1s5r10p,rw_1000000,concurrent_60,0,0,0,0,0,0,35037,1276.24,3497.428,3750.6264,1535.0074323800552,35037,1276.24,3497.428,3750.6264,1535.0074323800552,3503.7,0,0,0
none_mencius,60c1s5r10p,rw_1000000,concurrent_70,0,0,0,0,0,0,41662,321.3435,2914.069,2970.53,908.640394892228,41662,321.3435,2914.069,2970.53,908.640394892228,4166.2,0,0,0
none_mencius,60c1s5r10p,rw_1000000,concurrent_80,0,0,0,0,0,0,47324,1168.98,3912.5750000000003,3997.5454,1495.0039458372075,47324,1168.98,3912.5750000000003,3997.5454,1495.0039458372075,4732.4,0,0,0
none_mencius,60c1s5r10p,rw_1000000,concurrent_90,0,0,0,0,0,0,53723,730.263,3177.9320000000002,3255.0078000000003,1138.1985871786758,53723,730.263,3177.9320000000002,3255.0078000000003,1138.1985871786758,5372.3,0,0,0
none_mongodb,60c1s5r10p,rw_1000000,concurrent_1,0,0,0,0,0,0,600,199.5385,296.9674,344.44877,196.8801465,600,199.5385,296.9674,344.44877,196.8801465,60.0,0,0,0
none_mongodb,60c1s5r10p,rw_1000000,concurrent_2,0,0,0,0,0,0,1200,199.836,295.849,345.17086,197.62007225000002,1200,199.836,295.849,345.17086,197.62007225000002,120.0,0,0,0
none_mongodb,60c1s5r10p,rw_1000000,concurrent_5,0,0,0,0,0,0,3000,201.928,295.9893,346.11213,198.49614046666667,3000,201.928,295.9893,346.11213,198.49614046666667,300.0,0,0,0
none_mongodb,60c1s5r10p,rw_1000000,concurrent_10,0,0,0,0,0,0,6000,203.845,297.2312,348.73072,200.57747203333335,6000,203.845,297.2312,348.73072,200.57747203333335,600.0,0,0,0
none_mongodb,60c1s5r10p,rw_1000000,concurrent_20,0,0,0,0,0,0,12000,207.2095,301.8623,352.22439,204.16832246666667,12000,207.2095,301.8623,352.22439,204.16832246666667,1200.0,0,0,0
none_mongodb,60c1s5r10p,rw_1000000,concurrent_30,0,0,0,0,0,0,18000,210.95,306.6579,358.25127999999995,209.2892572888889,18000,210.95,306.6579,358.25127999999995,209.2892572888889,1800.0,0,0,0
none_mongodb,60c1s5r10p,rw_1000000,concurrent_40,0,0,0,0,0,0,24000,221.369,317.80930000000006,389.50368999999927,220.32853141666666,24000,221.369,317.80930000000006,389.50368999999927,220.32853141666666,2400.0,0,0,0
none_mongodb,60c1s5r10p,rw_1000000,concurrent_50,0,0,0,0,0,0,30000,233.4805,346.0453,582.5002699999993,238.14744257666666,30000,233.4805,346.0453,582.5002699999993,238.14744257666666,3000.0,0,0,0
none_mongodb,60c1s5r10p,rw_1000000,concurrent_60,0,0,0,0,0,0,36000,247.071,376.0961,606.83704,254.44031991944442,36000,247.071,376.0961,606.83704,254.44031991944442,3600.0,0,0,0
none_mongodb,60c1s5r10p,rw_1000000,concurrent_70,0,0,0,0,0,0,42000,323.9275,556.4321,684.5779000000002,346.252348,42000,323.9275,556.4321,684.5779000000002,346.252348,4200.0,0,0,0
none_mongodb,60c1s5r10p,rw_1000000,concurrent_80,0,0,0,0,0,0,44844,1068.29,1912.6920000000016,2660.2913,1179.4930968245474,44844,1068.29,1912.6920000000016,2660.2913,1179.4930968245474,4484.4,0,0,0
none_mongodb,60c1s5r10p,rw_1000000,concurrent_90,0,0,0,0,0,0,36906,3887.105,6042.895,6420.797499999999,3976.699201728716,36906,3887.105,6042.895,6420.797499999999,3976.699201728716,3690.6,0,0,0
rule_fpga_raft,60c1s5r10p,rw_1000000,concurrent_1,0,0,0,0,0,0,600,156.137,232.56260000000097,281.551,154.05798950000002,600,156.137,232.56260000000097,281.551,154.05798950000002,60.0,0,0,0
rule_fpga_raft,60c1s5r10p,rw_1000000,concurrent_2,0,0,0,0,0,0,1200,157.337,230.80500000000544,279.375,154.89631891666664,1200,157.337,230.80500000000544,279.375,154.89631891666664,120.0,0,0,0
rule_fpga_raft,60c1s5r10p,rw_1000000,concurrent_5,0,0,0,0,0,0,3000,158.7095,233.63939999999624,281.15002,156.12840839999998,3000,158.7095,233.63939999999624,281.15002,156.12840839999998,300.0,0,0,0
rule_fpga_raft,60c1s5r10p,rw_1000000,concurrent_10,0,0,0,0,0,0,6000,157.393,232.57190000001498,282.893,155.09310533333334,6000,157.393,232.57190000001498,282.893,155.09310533333334,600.0,0,0,0
rule_fpga_raft,60c1s5r10p,rw_1000000,concurrent_20,0,0,0,0,0,0,12000,156.972,233.18030000001627,282.31001,154.8310008,12000,156.972,233.18030000001627,282.31001,154.8310008,1200.0,0,0,0
rule_fpga_raft,60c1s5r10p,rw_1000000,concurrent_30,0,0,0,0,0,0,18000,156.445,233.12970000001678,277.79701,154.40938845000002,18000,156.445,233.12970000001678,277.79701,154.40938845000002,1800.0,0,0,0
rule_fpga_raft,60c1s5r10p,rw_1000000,concurrent_40,0,0,0,0,0,0,24000,156.6,235.28450000009053,280.85200999999995,155.28437622500002,24000,156.6,235.28450000009053,280.85200999999995,155.28437622500002,2400.0,0,0,0
rule_fpga_raft,60c1s5r10p,rw_1000000,concurrent_50,0,0,0,0,0,0,30000,160.61149999999998,238.21260000008664,282.96101,156.31597613999998,30000,160.61149999999998,238.21260000008664,282.96101,156.31597613999998,3000.0,0,0,0
rule_fpga_raft,60c1s5r10p,rw_1000000,concurrent_60,0,0,0,0,0,0,36000,159.048,241.1115000000749,278.239,155.4868619388889,36000,159.048,241.1115000000749,278.239,155.4868619388889,3600.0,0,0,0
rule_fpga_raft,60c1s5r10p,rw_1000000,concurrent_70,0,0,0,0,0,0,42000,160.6015,247.56329999996217,282.031,155.74636823333333,42000,160.6015,247.56329999996217,282.031,155.74636823333333,4200.0,0,0,0
rule_fpga_raft,60c1s5r10p,rw_1000000,concurrent_80,0,0,0,0,0,0,48000,162.3865,249.25289999995644,282.092,156.6138268125,48000,162.3865,249.25289999995644,282.092,156.6138268125,4800.0,0,0,0
rule_fpga_raft,60c1s5r10p,rw_1000000,concurrent_90,0,0,0,0,0,0,53825,130.597,272.64119999999997,282.17252,162.49146425824432,53825,130.597,272.64119999999997,282.17252,162.49146425824432,5382.5,0,0,0
rule_fpga_raft,60c1s5r10p,rw_1000000,concurrent_1,25,141,77.2151,221.663,229.78099999999998,122.16560283687942,459,184.553,228.35320000000002,280.18284,154.3484980392157,600,131.0085,228.274,280.13448,146.78551766666666,60.0,141,105,74.46808510638297
rule_fpga_raft,60c1s5r10p,rw_1000000,concurrent_2,25,303,76.165,204.4602,230.97684,119.53068349834982,897,185.38,273.423,282.28104,156.33514191750277,1200,130.79,228.995,282.26506,147.04201616666666,120.0,303,240,79.20792079207921
rule_fpga_raft,60c1s5r10p,rw_1000000,concurrent_5,25,753,135.915,223.02820000000014,229.22548,127.39549800796813,2247,128.332,230.0332,280.67154,153.48771312861595,3000,131.784,227.4033,280.64504,146.93856713333335,300.0,753,582,77.29083665338645
rule_fpga_raft,60c1s5r10p,rw_1000000,concurrent_10,25,1518,76.22545,204.1487,226.61566000000002,120.63901350461133,4482,186.755,267.3958,278.498,156.62346938866577,6000,131.6745,229.5831,278.46900999999997,147.51940205,600.0,1518,1222,80.50065876152833
rule_fpga_raft,60c1s5r10p,rw_1000000,concurrent_20,25,2934,135.6825,218.92069999999998,229.59067000000002,123.65943490115883,9066,127.3695,227.419,280.66935,154.53797058239576,12000,131.6005,227.069,280.64500999999996,146.98816860833332,1200.0,2934,2309,78.69802317655079
rule_fpga_raft,60c1s5r10p,rw_1000000,concurrent_30,25,4454,76.4294,218.0865,228.60594,122.521432038617,13546,183.6375,230.433,279.20585,154.40627385944188,18000,130.52249999999998,228.8038,279.162,146.51654688888885,1800.0,4454,3307,74.2478670857656
rule_fpga_raft,60c1s5r10p,rw_1000000,concurrent_40,25,6014,136.808,219.02169999999998,229.11887,123.74248786165614,17986,129.036,228.4545,281.39029999999997,155.90734408984764,24000,134.8145,227.73510000000002,281.32300999999995,147.8473672,2400.0,6014,4728,78.61656135683405
rule_fpga_raft,60c1s5r10p,rw_1000000,concurrent_50,25,7441,132.884,221.003,228.97459999999998,123.75684695605429,22559,128.348,229.8032,280.61,154.95310106830976,30000,132.83350000000002,228.66840000000002,280.55902000000003,147.21539017333333,3000.0,7441,5871,78.90068539174842
rule_fpga_raft,60c1s5r10p,rw_1000000,concurrent_60,25,8878,133.85,223.03730000000002,229.38422999999997,123.9722554742059,27112,128.322,228.7962,280.80589,155.11271051932724,35990,133.81,228.17430000000002,280.70111,147.43099449013616,3599.0,8878,7006,78.91416985807615
rule_fpga_raft,60c1s5r10p,rw_1000000,concurrent_70,25,10538,134.52550000000002,220.764,228.83826,124.72778801480356,31462,128.0475,234.08860000000223,280.57,155.0271808689848,42000,134.30599999999998,228.1171,280.48402,147.42491891904763,4200.0,10538,8365,79.37938887834504
rule_fpga_raft,60c1s5r10p,rw_1000000,concurrent_80,25,12248,134.867,204.2799,227.56806,122.71543910842587,35752,128.041,271.1268,278.37149,154.42616797941372,48000,134.8295,226.084,278.22802,146.33464699583334,4800.0,12248,9583,78.24134552580013
rule_fpga_raft,60c1s5r10p,rw_1000000,concurrent_90,25,13384,135.811,206.47140000000022,228.50968,123.33524583831442,40616,129.9665,271.028,280.36895,155.7929354072287,54000,135.5575,227.377,280.16902,147.74823694074075,5400.0,13384,10724,80.1255230125523
rule_fpga_raft,60c1s5r10p,rw_1000000,concurrent_1,50,317,76.186,220.8722,227.70788,123.43291798107256,283,187.203,229.9446,281.00762,153.59428727915196,600,131.736,226.2306,280.99706000000003,137.65903049999997,60.0,317,263,82.96529968454259
rule_fpga_raft,60c1s5r10p,rw_1000000,concurrent_2,50,619,77.3479,222.3682,230.995,121.42354458804525,581,187.058,228.445,282.4574,155.7088165232358,1200,132.1985,226.55530000000002,279.86709,138.02333041666668,120.0,619,495,79.96768982229402
rule_fpga_raft,60c1s5r10p,rw_1000000,concurrent_5,50,1482,76.39150000000001,219.08980000000122,229.695,123.04194541160594,1518,186.94650000000001,231.6037,281.91915,156.14961383399208,3000,131.7465,226.4333,280.54909,139.79442563333333,300.0,1482,1115,75.2361673414305
rule_fpga_raft,60c1s5r10p,rw_1000000,concurrent_10,50,2992,74.5364,205.08689999999999,228.68709,120.80954401737968,3008,184.7075,269.1366,279.119,155.58911003989363,6000,129.68900000000002,224.6341,276.55205,138.24569978333332,600.0,2992,2143,71.62433155080214
rule_fpga_raft,60c1s5r10p,rw_1000000,concurrent_20,50,5965,135.076,204.8382,228.84336,123.32853626152557,6035,127.444,270.217,279.82898,153.89350427506216,12000,131.3475,226.0181,277.85303,138.70016809166665,1200.0,5965,4673,78.34031852472758
rule_fpga_raft,60c1s5r10p,rw_1000000,concurrent_30,50,8938,76.3396,204.88660000000002,228.71762999999999,122.14070902886553,9062,184.227,270.3306,279.213,155.06212407856984,18000,130.449,226.258,277.79801,138.71481253888888,1800.0,8938,6712,75.09509957484896
rule_fpga_raft,60c1s5r10p,rw_1000000,concurrent_40,50,12028,129.743,205.99630000000002,228.74773,123.25509965081477,11972,156.97199999999998,275.13370000000003,280.545,155.5119380471099,24000,131.14600000000002,227.173,280.32102000000003,139.34588587083334,2400.0,12028,9232,76.75424010641835
rule_fpga_raft,60c1s5r10p,rw_1000000,concurrent_50,50,15009,135.163,223.961,231.976,124.34499359717503,14991,128.538,228.809,283.7731,155.09774713494764,30000,135.0325,227.146,281.211,139.71214454,3000.0,15009,11509,76.68065827170365
rule_fpga_raft,60c1s5r10p,rw_1000000,concurrent_60,50,18014,133.2625,221.069,230.73587,123.53744017986011,17986,129.90800000000002,239.4645,282.32915,155.42647469698656,36000,133.232,227.7701,280.5285500000001,139.46955614722222,3600.0,18014,14443,80.17652936604863
rule_fpga_raft,60c1s5r10p,rw_1000000,concurrent_70,50,20970,77.65199999999999,204.7821,227.097,122.78945106342395,21030,185.675,272.9912,279.07055,156.08219672372798,42000,133.8775,225.9712,277.09202999999997,139.45960442619048,4200.0,20970,16802,80.12398664759179
rule_fpga_raft,60c1s5r10p,rw_1000000,concurrent_80,50,23954,76.26,208.02030000000013,229.456,122.68360689237706,24046,186.714,267.089,281.63765,156.44134339183233,48000,134.6435,226.3321,279.63604000000004,139.59482630625,4800.0,23954,17988,75.09393003256241
rule_fpga_raft,60c1s5r10p,rw_1000000,concurrent_90,50,27027,75.9412,223.2728,227.94,122.73064773004772,26973,187.11,228.54539999999983,279.17328,155.39691765839916,54000,134.651,225.013,278.85902,139.04744955925923,5400.0,27027,21270,78.6990786990787
rule_fpga_raft,60c1s5r10p,rw_1000000,concurrent_1,75,447,134.365,204.5232,230.62956,122.10282438478744,153,127.895,271.64700000000005,281.61392,159.31247712418298,600,131.13,224.2245,275.4153,131.59128583333333,60.0,447,343,76.7337807606264
rule_fpga_raft,60c1s5r10p,rw_1000000,concurrent_2,75,909,76.3611,206.24439999999998,229.17368000000002,123.72433410341034,291,187.552,273.913,281.2667,155.36140996563574,1200,131.8835,223.0243,276.06086,131.396325,120.0,909,715,78.65786578657865
rule_fpga_raft,60c1s5r10p,rw_1000000,concurrent_5,75,2222,76.6055,206.4005,229.63,121.97154194419443,778,186.57100000000003,273.3534,281.26261,158.35765784061698,3000,131.493,224.361,280.69626,131.40767466666668,300.0,2222,1742,78.3978397839784
rule_fpga_raft,60c1s5r10p,rw_1000000,concurrent_10,75,4459,77.3899,223.5812,229.30741999999998,123.25554660237722,1541,186.187,227.33,280.7076,155.36251109669044,6000,132.1375,225.142,278.70403,131.50168531666668,600.0,4459,3558,79.79367571204305
rule_fpga_raft,60c1s5r10p,rw_1000000,concurrent_20,75,8966,133.00349999999997,221.678,231.574,123.62169668748604,3034,129.15800000000002,228.70329999999998,283.04667,154.70940032959788,12000,131.1115,221.94430000000003,279.97700999999995,131.481704425,1200.0,8966,7174,80.01338389471336
rule_fpga_raft,60c1s5r10p,rw_1000000,concurrent_30,75,13549,134.678,221.58440000000002,228.60852,123.51404981917484,4451,128.926,227.915,280.5675,153.9212716468209,18000,131.962,221.8143,275.73100999999997,131.03308006111112,1800.0,13549,10394,76.71414864565651
rule_fpga_raft,60c1s5r10p,rw_1000000,concurrent_40,75,17996,133.138,222.6175,227.274,123.3438945043343,6004,128.876,229.9084,279.11282,154.97248695869422,24000,132.6405,224.0181,277.46608,131.25631405000001,2400.0,17996,13669,75.95576794843298
rule_fpga_raft,60c1s5r10p,rw_1000000,concurrent_50,75,22575,76.4619,220.7496,229.193,123.12162898338869,7425,186.338,229.2698,280.6298,156.06291233670035,30000,133.07549999999998,225.1893,279.74102,131.27459661333333,3000.0,22575,18046,79.93798449612403
rule_fpga_raft,60c1s5r10p,rw_1000000,concurrent_60,75,26926,75.36255,205.6955,228.481,122.6278090804427,9074,186.662,266.3523,279.16516,155.33565964293587,36000,131.9915,217.0004000000001,275.42510000000004,130.872004525,3600.0,26926,21276,79.0165639159177
rule_fpga_raft,60c1s5r10p,rw_1000000,concurrent_70,75,31337,77.04,218.69840000000002,231.108,123.01303526502218,10663,184.672,230.88600000000002,282.7469,155.9958379630498,42000,132.16649999999998,224.7611,279.99902000000003,131.3867406261905,4200.0,31337,24586,78.45677633468424
rule_fpga_raft,60c1s5r10p,rw_1000000,concurrent_80,75,35921,135.116,221.692,231.164,123.76039700453774,12079,128.06,228.57280000000003,282.22732,154.76978778044543,48000,133.85899999999998,225.67109999999997,280.82802999999996,131.5637809875,4800.0,35921,28718,79.94766292697865
rule_fpga_raft,60c1s5r10p,rw_1000000,concurrent_90,75,40397,133.925,204.6848,229.706,123.23308931851375,13603,129.773,273.33459999999997,281.768,155.98623212526647,54000,133.864,223.345,276.76210000000003,131.4838486074074,5400.0,40397,32286,79.9217763695324
rule_fpga_raft,60c1s5r10p,rw_1000000,concurrent_1,100,600,105.3655,206.3861000000003,228.85302000000001,123.00039250000002,0,0,0,0,0,600,105.3655,206.3861000000003,228.85302000000001,123.00039250000002,60.0,600,470,78.33333333333333
rule_fpga_raft,60c1s5r10p,rw_1000000,concurrent_2,100,1200,105.15655000000001,205.68980000000244,230.37801,123.03357708333334,0,0,0,0,0,1200,105.15655000000001,205.68980000000244,230.37801,123.03357708333334,120.0,1200,946,78.83333333333333
rule_fpga_raft,60c1s5r10p,rw_1000000,concurrent_5,100,3000,105.6475,206.5666999999985,228.83601000000002,122.98800359999997,0,0,0,0,0,3000,105.6475,206.5666999999985,228.83601000000002,122.98800359999997,300.0,3000,2350,78.33333333333333
rule_fpga_raft,60c1s5r10p,rw_1000000,concurrent_10,100,6000,104.92660000000001,207.21360000000365,230.075,122.86646226666666,0,0,0,0,0,6000,104.92660000000001,207.21360000000365,230.075,122.86646226666666,600.0,6000,4584,76.4
rule_fpga_raft,60c1s5r10p,rw_1000000,concurrent_20,100,12000,124.1705,207.05770000000572,231.12301,123.13897520833332,0,0,0,0,0,12000,124.1705,207.05770000000572,231.12301,123.13897520833332,1200.0,12000,9201,76.675
rule_fpga_raft,60c1s5r10p,rw_1000000,concurrent_30,100,18000,106.928,222.5236,230.404,123.19935231111111,0,0,0,0,0,18000,106.928,222.5236,230.404,123.19935231111111,1800.0,18000,14006,77.81111111111112
rule_fpga_raft,60c1s5r10p,rw_1000000,concurrent_40,100,24000,130.0485,209.54230000002218,229.63401,122.96210040833333,0,0,0,0,0,24000,130.0485,209.54230000002218,229.63401,122.96210040833333,2400.0,24000,19191,79.9625
rule_fpga_raft,60c1s5r10p,rw_1000000,concurrent_50,100,30000,123.7405,211.97920000002438,229.698,123.32104468333333,0,0,0,0,0,30000,123.7405,211.97920000002438,229.698,123.32104468333333,3000.0,30000,22460,74.86666666666666
rule_fpga_raft,60c1s5r10p,rw_1000000,concurrent_60,100,36000,130.2535,210.67730000002402,229.29301,123.24415125277778,0,0,0,0,0,36000,130.2535,210.67730000002402,229.29301,123.24415125277778,3600.0,36000,26996,74.9888888888889
rule_fpga_raft,60c1s5r10p,rw_1000000,concurrent_70,100,42000,131.459,218.31339999999997,228.60501,123.43912969285714,0,0,0,0,0,42000,131.459,218.31339999999997,228.60501,123.43912969285714,4200.0,42000,32883,78.29285714285714
rule_fpga_raft,60c1s5r10p,rw_1000000,concurrent_80,100,48000,130.293,215.32049999999998,228.82701,123.18121345208336,0,0,0,0,0,48000,130.293,215.32049999999998,228.82701,123.18121345208336,4800.0,48000,38073,79.31875
rule_fpga_raft,60c1s5r10p,rw_1000000,concurrent_90,100,54000,130.421,220.7489,229.663,123.15155095555556,0,0,0,0,0,54000,130.421,220.7489,229.663,123.15155095555556,5400.0,54000,41332,76.54074074074074
rule_fpga_raft,60c1s5r10p,rw_zipf_1,concurrent_1,0,0,0,0,0,0,600,155.887,232.42050000000094,277.20204,153.77655383333334,600,155.887,232.42050000000094,277.20204,153.77655383333334,60.0,0,0,0
rule_fpga_raft,60c1s5r10p,rw_zipf_1,concurrent_2,0,0,0,0,0,0,1200,156.929,233.25360000000552,280.86703,154.92452041666667,1200,156.929,233.25360000000552,280.86703,154.92452041666667,120.0,0,0,0
rule_fpga_raft,60c1s5r10p,rw_zipf_1,concurrent_5,0,0,0,0,0,0,3000,156.61,241.0311999999974,277.63906000000003,154.67352806666668,3000,156.61,241.0311999999974,277.63906000000003,154.67352806666668,300.0,0,0,0
rule_fpga_raft,60c1s5r10p,rw_zipf_1,concurrent_10,0,0,0,0,0,0,6000,157.49849999999998,235.8144000000151,281.10902999999996,156.28060378333333,6000,157.49849999999998,235.8144000000151,281.10902999999996,156.28060378333333,600.0,0,0,0
rule_fpga_raft,60c1s5r10p,rw_zipf_1,concurrent_20,0,0,0,0,0,0,12000,157.321,235.1915000000138,279.96200999999996,155.33792598333335,12000,157.321,235.1915000000138,279.96200999999996,155.33792598333335,1200.0,0,0,0
rule_fpga_raft,60c1s5r10p,rw_zipf_1,concurrent_30,0,0,0,0,0,0,18000,157.10649999999998,233.54760000001573,279.17,155.31458038888888,18000,157.10649999999998,233.54760000001573,279.17,155.31458038888888,1800.0,0,0,0
rule_fpga_raft,60c1s5r10p,rw_zipf_1,concurrent_40,0,0,0,0,0,0,24000,156.3945,233.91810000009338,277.29001,154.71231125,24000,156.3945,233.91810000009338,277.29001,154.71231125,2400.0,0,0,0
rule_fpga_raft,60c1s5r10p,rw_zipf_1,concurrent_50,0,0,0,0,0,0,30000,155.937,235.84670000007338,280.78501,154.23258395333335,30000,155.937,235.84670000007338,280.78501,154.23258395333335,3000.0,0,0,0
rule_fpga_raft,60c1s5r10p,rw_zipf_1,concurrent_60,0,0,0,0,0,0,36000,158.724,234.46130000009256,279.76601,156.13646170277778,36000,158.724,234.46130000009256,279.76601,156.13646170277778,3600.0,0,0,0
rule_fpga_raft,60c1s5r10p,rw_zipf_1,concurrent_70,0,0,0,0,0,0,42000,158.962,234.50079999993892,280.889,155.72177520714285,42000,158.962,234.50079999993892,280.889,155.72177520714285,4200.0,0,0,0
rule_fpga_raft,60c1s5r10p,rw_zipf_1,concurrent_80,0,0,0,0,0,0,48000,159.80149999999998,236.1060999999467,280.49300999999997,155.48281882916666,48000,159.80149999999998,236.1060999999467,280.49300999999997,155.48281882916666,4800.0,0,0,0
rule_fpga_raft,60c1s5r10p,rw_zipf_1,concurrent_90,0,0,0,0,0,0,54000,158.035,236.76859999993886,277.61400999999995,155.20241115000002,54000,158.035,236.76859999993886,277.61400999999995,155.20241115000002,5400.0,0,0,0
rule_fpga_raft,60c1s5r10p,rw_zipf_1,concurrent_1,25,142,73.89505,203.0147,230.12861,116.05156830985918,458,185.9235,274.5816,282.36758,158.32209737991266,600,131.1595,228.09820000000002,282.35312,148.31807216666667,60.0,142,104,73.2394366197183
rule_fpga_raft,60c1s5r10p,rw_zipf_1,concurrent_2,25,292,126.0615,204.0026,276.01624999999996,125.19220890410959,908,185.757,272.1274,278.66539,155.1481531938326,1200,131.175,228.29919999999998,278.63111,147.85887341666665,120.0,292,209,71.57534246575342
rule_fpga_raft,60c1s5r10p,rw_zipf_1,concurrent_5,25,724,136.103,223.016,275.99662,129.34480607734807,2276,128.8105,230.67200000000003,281.55525,155.57985347100177,3000,132.53300000000002,230.268,281.53906,149.24846203333334,300.0,724,497,68.646408839779
rule_fpga_raft,60c1s5r10p,rw_zipf_1,concurrent_10,25,1561,135.001,220.646,272.3752,128.61215957719412,4439,127.05,272.3484,280.65247999999997,155.38877999549447,6000,131.062,229.35,280.62902,148.4223959166667,600.0,1561,1051,67.32863549007047
rule_fpga_raft,60c1s5r10p,rw_zipf_1,concurrent_20,25,3007,134.336,223.436,278.67646,131.35534852011972,8993,128.778,229.47820000000002,280.613,155.18818194151007,12000,131.70049999999998,228.1201,280.59000999999995,149.2160711,1200.0,3007,1882,62.58729630861323
rule_fpga_raft,60c1s5r10p,rw_zipf_1,concurrent_30,25,4514,134.00549999999998,225.19750000000002,276.48141000000004,131.19926725742135,13486,125.82300000000001,227.6735,277.70115000000004,153.91469087943054,18000,130.0835,227.335,277.66302,148.21816742222222,1800.0,4514,2781,61.608329641116526
rule_fpga_raft,60c1s5r10p,rw_zipf_1,concurrent_40,25,5975,134.027,224.088,277.42368,131.985725790795,18025,127.348,227.99460000000002,278.38275999999996,154.40522588072122,24000,130.8935,227.1481,278.33704,148.82370450416667,2400.0,5975,3485,58.32635983263598
rule_fpga_raft,60c1s5r10p,rw_zipf_1,concurrent_50,25,7560,133.687,220.93720000000002,274.26091999999994,131.4033557936508,22440,126.09100000000001,268.555,277.72061,154.2286927361854,30000,130.293,229.313,277.67301,148.47670782666665,3000.0,7560,4332,57.301587301587304
rule_fpga_raft,60c1s5r10p,rw_zipf_1,concurrent_60,25,8719,127.785,220.0924,274.56464,130.58945252895973,27281,185.491,268.875,277.0854,154.96932353652724,36000,132.9995,227.6053,277.00302999999997,149.06465422222223,3600.0,8719,4866,55.8091524257369
rule_fpga_raft,60c1s5r10p,rw_zipf_1,concurrent_70,25,10537,133.212,224.552,279.00363999999996,132.40372194172915,31463,129.287,272.6718,280.608,155.4896530369005,42000,131.4185,228.684,280.523,149.69783265714284,4200.0,10537,5890,55.89826326278827
rule_fpga_raft,60c1s5r10p,rw_zipf_1,concurrent_80,25,11887,129.647,223.1454,276.7663599999998,133.14627416505425,36113,188.085,231.428,281.16488000000004,156.80943491540444,48000,134.3265,230.00820000000002,281.07201,150.94935175208332,4800.0,11887,6709,56.439808193825186
rule_fpga_raft,60c1s5r10p,rw_zipf_1,concurrent_90,25,13593,127.642,220.6934,275.48675999999995,132.36610895313765,40407,187.871,267.6042,279.41188,156.29724267577402,54000,134.04250000000002,229.0242,279.30003,150.27324451481482,5400.0,13593,7509,55.2416685058486
rule_fpga_raft,60c1s5r10p,rw_zipf_1,concurrent_1,50,299,134.283,220.2052,226.90114,127.81996923076926,301,127.626,228.133,279.019,151.29970033222594,600,131.5445,225.38459999999998,278.70008,139.59896766666668,60.0,299,217,72.5752508361204
rule_fpga_raft,60c1s5r10p,rw_zipf_1,concurrent_2,50,632,126.262,221.3539,259.0426199999973,124.52551123417722,568,184.85399999999998,273.0983,276.61863999999997,156.3134514084507,1200,130.6345,225.8419,276.58116,139.57180291666668,120.0,632,458,72.46835443037975
rule_fpga_raft,60c1s5r10p,rw_zipf_1,concurrent_5,50,1478,133.88,215.3606,273.57445000000007,127.38557834912044,1522,128.3095,228.98450000000003,279.64258,154.35505446780553,3000,131.184,227.1174,279.60220999999996,141.06809256666665,300.0,1478,1009,68.2679296346414
rule_fpga_raft,60c1s5r10p,rw_zipf_1,concurrent_10,50,2957,133.101,217.9512,271.51396,128.0925936083869,3043,127.37,228.004,279.58332,154.48638527768648,6000,130.2355,226.0152,276.95387,141.47864495,600.0,2957,1870,63.23977003719987
rule_fpga_raft,60c1s5r10p,rw_zipf_1,concurrent_20,50,5969,134.355,224.682,279.8604399999996,130.27366659406937,6031,128.479,231.359,282.5541,156.23883687613994,12000,131.463,228.6011,281.57120000000003,143.323328425,1200.0,5969,3698,61.953426034511644
rule_fpga_raft,60c1s5r10p,rw_zipf_1,concurrent_30,50,9026,134.7685,224.837,277.08725,131.0193557722136,8974,126.2795,227.5087,277.59,154.72288003120124,18000,130.69150000000002,226.3341,277.528,142.83687947777779,1800.0,9026,5256,58.23177487259029
rule_fpga_raft,60c1s5r10p,rw_zipf_1,concurrent_40,50,11962,134.1755,218.3447,274.87629,131.6459357632503,12038,127.9855,228.578,278.136,154.29857980561556,24000,131.246,225.9703,277.96500999999995,143.00812447083334,2400.0,11962,7041,58.861394415649556
rule_fpga_raft,60c1s5r10p,rw_zipf_1,concurrent_50,50,15043,133.959,224.1908,276.56048,131.58123342418398,14957,128.284,273.5414,279.85532,154.4430521628669,30000,131.2225,226.7121,279.68201,142.9793741866667,3000.0,15043,8420,55.97287775044872
rule_fpga_raft,60c1s5r10p,rw_zipf_1,concurrent_60,50,18071,134.104,223.954,302.98,133.88827161750868,17929,129.045,230.505,347.42960000000033,155.70184612080988,36000,132.2975,226.40580000000003,320.3220800000008,144.7520376527778,3600.0,18071,9854,54.52935642742516
rule_fpga_raft,60c1s5r10p,rw_zipf_1,concurrent_70,50,21109,126.182,221.3636,275.71376,132.24741646217254,20891,184.775,230.009,278.40409999999997,154.4797226317553,42000,131.536,226.944,278.18102,143.30587141904763,4200.0,21109,11346,53.74958548486428
rule_fpga_raft,60c1s5r10p,rw_zipf_1,concurrent_80,50,24065,134.993,224.169,277.96752,133.9052373945564,23935,128.233,272.2426,281.03463999999997,156.0149929977021,48000,132.275,228.9041,280.78000999999995,144.93017490208334,4800.0,24065,13083,54.36526075212965
rule_fpga_raft,60c1s5r10p,rw_zipf_1,concurrent_90,50,27169,133.99,221.4544,275.234,133.46318802679525,26831,128.341,229.709,279.3494,154.771369758861,54000,132.3725,227.3173,279.05402999999995,144.05059217592594,5400.0,27169,14555,53.57208583311863
rule_fpga_raft,60c1s5r10p,rw_zipf_1,concurrent_1,75,460,108.2775,219.5002,226.79738,122.42338000000001,140,185.35500000000002,233.40410000000034,276.79974,158.5331642857143,600,130.5265,221.0911,273.46020999999996,130.84899633333333,60.0,460,327,71.08695652173913
rule_fpga_raft,60c1s5r10p,rw_zipf_1,concurrent_2,75,898,134.868,222.3936,230.19642,126.36383830734967,302,127.6425,229.60469999999998,281.01055,153.86537682119203,1200,131.7585,224.892,277.1469,133.28505883333335,120.0,898,660,73.4966592427617
rule_fpga_raft,60c1s5r10p,rw_zipf_1,concurrent_5,75,2302,134.8,224.58669999999998,276.12862,129.26040799304954,698,124.5395,226.3393,277.40272,149.24065802292267,3000,130.161,225.44879999999998,277.35416999999995,133.9091461666667,300.0,2302,1547,67.20243266724587
rule_fpga_raft,60c1s5r10p,rw_zipf_1,concurrent_10,75,4536,133.0625,223.507,274.52765,129.04138752204585,1464,126.066,272.1916,277.42737,152.86188155737705,6000,129.691,224.059,276.99906000000004,134.85358806666667,600.0,4536,2964,65.34391534391534
rule_fpga_raft,60c1s5r10p,rw_zipf_1,concurrent_20,75,9007,134.906,226.49540000000002,280.73294,131.1470815143777,2993,129.073,229.44940000000003,281.50903999999997,155.9976244904778,12000,132.0845,227.8171,281.10603,137.34522110833333,1200.0,9007,5460,60.61951815254802
rule_fpga_raft,60c1s5r10p,rw_zipf_1,concurrent_30,75,13462,126.5895,223.6409,278.31695,130.52532353290744,4538,184.164,274.50509999999997,280.732,155.90412280740415,18000,129.971,226.0833,280.07302999999996,136.92360081666666,1800.0,13462,7999,59.41910563066409
rule_fpga_raft,60c1s5r10p,rw_zipf_1,concurrent_40,75,17940,128.1595,224.9211,276.128,131.55642590301002,6060,182.8565,229.79290000000006,280.213,154.4334581188119,24000,130.5685,227.301,278.972,137.3328765375,2400.0,17940,10406,58.004459308807135
rule_fpga_raft,60c1s5r10p,rw_zipf_1,concurrent_50,75,22521,127.581,223.393,275.997,132.00955479330403,7479,185.808,231.6336,279.01865999999995,155.56436404599543,30000,131.01,223.9331,277.50802999999996,137.88176874,3000.0,22521,12471,55.37498334887439
rule_fpga_raft,60c1s5r10p,rw_zipf_1,concurrent_60,75,26866,128.477,221.8025,276.35754999999995,132.30420111293085,9134,186.2135,267.1141,280.41767,155.2602476461572,36000,133.38150000000002,227.0632,280.05504,138.1286602527778,3600.0,26866,14653,54.54105560932033
rule_fpga_raft,60c1s5r10p,rw_zipf_1,concurrent_70,75,31496,135.17849999999999,223.90449999999998,276.72605,133.29171264605029,10504,129.23000000000002,229.1124,280.12093999999996,154.54842586633663,42000,135.155,225.4221,276.98100999999997,138.6079154,4200.0,31496,17369,55.14668529337059
rule_fpga_raft,60c1s5r10p,rw_zipf_1,concurrent_80,75,36043,127.207,221.74779999999998,275.1528200000001,132.21967488832783,11957,184.004,269.1544,279.56120000000004,155.0779857907502,48000,131.2095,224.8252,275.93002,137.91377537708334,4800.0,36043,18948,52.570540743001416
rule_fpga_raft,60c1s5r10p,rw_zipf_1,concurrent_90,75,40458,129.11599999999999,223.981,276.42728999999997,133.51115196994414,13542,185.98700000000002,274.0598,278.82118,156.45449438044602,54000,132.0245,225.4101,276.839,139.26483239444443,5400.0,40458,20831,51.48796282564635
rule_fpga_raft,60c1s5r10p,rw_zipf_1,concurrent_1,100,600,129.883,218.90720000000002,228.3536899999996,125.11597983333336,0,0,0,0,0,600,129.883,218.90720000000002,228.3536899999996,125.11597983333336,60.0,600,415,69.16666666666667
rule_fpga_raft,60c1s5r10p,rw_zipf_1,concurrent_2,100,1200,130.285,221.06810000000002,229.05512,125.71801441666665,0,0,0,0,0,1200,130.285,221.06810000000002,229.05512,125.71801441666665,120.0,1200,866,72.16666666666667
rule_fpga_raft,60c1s5r10p,rw_zipf_1,concurrent_5,100,3000,130.369,222.8471,275.95224,128.74705756666665,0,0,0,0,0,3000,130.369,222.8471,275.95224,128.74705756666665,300.0,3000,1902,63.4
rule_fpga_raft,60c1s5r10p,rw_zipf_1,concurrent_10,100,6000,130.923,219.315,275.28506000000004,128.77518536666668,0,0,0,0,0,6000,130.923,219.315,275.28506000000004,128.77518536666668,600.0,6000,3785,63.083333333333336
rule_fpga_raft,60c1s5r10p,rw_zipf_1,concurrent_20,100,12000,131.662,224.45520000000002,278.16103,130.53025123333333,0,0,0,0,0,12000,131.662,224.45520000000002,278.16103,130.53025123333333,1200.0,12000,7469,62.24166666666667
rule_fpga_raft,60c1s5r10p,rw_zipf_1,concurrent_30,100,18000,131.655,224.2747,277.18802999999997,131.62398385555557,0,0,0,0,0,18000,131.655,224.2747,277.18802999999997,131.62398385555557,1800.0,18000,10599,58.88333333333333
rule_fpga_raft,60c1s5r10p,rw_zipf_1,concurrent_40,100,24000,131.46300000000002,220.658,277.849,131.34055379583333,0,0,0,0,0,24000,131.46300000000002,220.658,277.849,131.34055379583333,2400.0,24000,14029,58.454166666666666
rule_fpga_raft,60c1s5r10p,rw_zipf_1,concurrent_50,100,30000,132.4315,218.354,271.50023,132.63886982,0,0,0,0,0,30000,132.4315,218.354,271.50023,132.63886982,3000.0,30000,16935,56.45
rule_fpga_raft,60c1s5r10p,rw_zipf_1,concurrent_60,100,36000,132.936,221.939,276.469,132.91828686388888,0,0,0,0,0,36000,132.936,221.939,276.469,132.91828686388888,3600.0,36000,20064,55.733333333333334
rule_fpga_raft,60c1s5r10p,rw_zipf_1,concurrent_70,100,42000,131.95999999999998,223.18110000000001,277.78603,133.0842174142857,0,0,0,0,0,42000,131.95999999999998,223.18110000000001,277.78603,133.0842174142857,4200.0,42000,21107,50.25476190476191
rule_fpga_raft,60c1s5r10p,rw_zipf_1,concurrent_80,100,48000,131.85750000000002,222.85289999999998,276.56800999999996,133.83888421666666,0,0,0,0,0,48000,131.85750000000002,222.85289999999998,276.56800999999996,133.83888421666666,4800.0,48000,25239,52.58125
rule_fpga_raft,60c1s5r10p,rw_zipf_1,concurrent_90,100,54000,131.317,222.1781,276.47206,133.58326171296298,0,0,0,0,0,54000,131.317,222.1781,276.47206,133.58326171296298,5400.0,54000,28475,52.73148148148148
rule_copilot,60c1s5r10p,rw_1000000,concurrent_1,0,0,0,0,0,0,600,188.23649999999998,316.73089999999996,341.42855,210.9981835,600,188.23649999999998,316.73089999999996,341.42855,210.9981835,60.0,0,0,0
rule_copilot,60c1s5r10p,rw_1000000,concurrent_2,0,0,0,0,0,0,1200,193.8705,322.84090000000003,345.18209,221.53266,1200,193.8705,322.84090000000003,345.18209,221.53266,120.0,0,0,0
rule_copilot,60c1s5r10p,rw_1000000,concurrent_5,0,0,0,0,0,0,3000,211.9785,326.52109999999874,354.44115,233.34245000000004,3000,211.9785,326.52109999999874,354.44115,233.34245000000004,300.0,0,0,0
rule_copilot,60c1s5r10p,rw_1000000,concurrent_10,0,0,0,0,0,0,6000,197.75400000000002,325.7287000000001,339.68414,227.0025255,6000,197.75400000000002,325.7287000000001,339.68414,227.0025255,600.0,0,0,0
rule_copilot,60c1s5r10p,rw_1000000,concurrent_20,0,0,0,0,0,0,12000,205.8665,326.2148000000028,340.08103,227.4978291666667,12000,205.8665,326.2148000000028,340.08103,227.4978291666667,1200.0,0,0,0
rule_copilot,60c1s5r10p,rw_1000000,concurrent_30,0,0,0,0,0,0,18000,212.69299999999998,333.0987000000016,347.23707,231.69060533333337,18000,212.69299999999998,333.0987000000016,347.23707,231.69060533333337,1800.0,0,0,0
rule_copilot,60c1s5r10p,rw_1000000,concurrent_40,0,0,0,0,0,0,24000,218.512,332.705,353.05106,232.83730058333333,24000,218.512,332.705,353.05106,232.83730058333333,2400.0,0,0,0
rule_copilot,60c1s5r10p,rw_1000000,concurrent_50,0,0,0,0,0,0,30000,213.7065,328.7040000000057,348.74300999999997,227.49815553333332,30000,213.7065,328.7040000000057,348.74300999999997,227.49815553333332,3000.0,0,0,0
rule_copilot,60c1s5r10p,rw_1000000,concurrent_60,0,0,0,0,0,0,36000,193.396,293.9957,314.67906999999997,199.1470018888889,36000,193.396,293.9957,314.67906999999997,199.1470018888889,3600.0,0,0,0
rule_copilot,60c1s5r10p,rw_1000000,concurrent_70,0,0,0,0,0,0,42000,213.7175,336.83549999999997,348.833,226.39099716666664,42000,213.7175,336.83549999999997,348.833,226.39099716666664,4200.0,0,0,0
rule_copilot,60c1s5r10p,rw_1000000,concurrent_80,0,0,0,0,0,0,48000,228.13,338.01329999999996,345.39605,224.389588725,48000,228.13,338.01329999999996,345.39605,224.389588725,4800.0,0,0,0
rule_copilot,60c1s5r10p,rw_1000000,concurrent_90,0,0,0,0,0,0,54000,224.4105,335.99049999999994,351.98306,226.01665024074074,54000,224.4105,335.99049999999994,351.98306,226.01665024074074,5400.0,0,0,0
rule_copilot,60c1s5r10p,rw_1000000,concurrent_1,25,153,134.621,215.8416,223.50644,124.93955751633987,447,188.502,321.67960000000005,340.72348,219.17519686800892,600,176.5405,300.2647,340.70215,195.14510883333332,60.0,153,153,100.0
rule_copilot,60c1s5r10p,rw_1000000,concurrent_2,25,293,76.387,216.1996,229.59116,125.30673686006828,907,192.708,315.33099999999996,341.61375999999996,218.12660418963617,1200,176.9835,310.9307,341.5951,195.4630865833333,120.0,293,293,100.0
rule_copilot,60c1s5r10p,rw_1000000,concurrent_5,25,766,84.05105,223.76749999999998,228.81369999999998,124.59030195822453,2234,186.27,279.9737,349.59244,184.11794691136976,3000,179.68400000000003,278.4152,346.5418999999999,168.91855489999998,300.0,766,615,80.28720626631853
rule_copilot,60c1s5r10p,rw_1000000,concurrent_10,25,1487,133.27,215.4202,223.69222,126.40926657700068,4513,200.875,334.204,343.76056,232.06769975625969,6000,195.83300000000003,332.1748,342.38219,205.88201806666666,600.0,1487,1487,100.0
rule_copilot,60c1s5r10p,rw_1000000,concurrent_20,25,3002,133.18349999999998,217.9063,227.75799,126.85581179213857,8998,188.025,322.36580000000004,343.29409,210.43300630140033,12000,173.824,318.6834,343.02227,189.52477814166667,1200.0,3002,3002,100.0
rule_copilot,60c1s5r10p,rw_1000000,concurrent_30,25,4480,76.8319,216.2322,227.18005,126.04953915178571,13520,235.9875,328.867,351.104,229.17218528106508,18000,177.3825,319.2018,350.99501,203.50610446666664,1800.0,4480,4479,99.97767857142857
rule_copilot,60c1s5r10p,rw_1000000,concurrent_40,25,6015,77.731,215.27540000000002,230.10658,126.17211843724021,17985,193.263,292.253,311.24147999999997,194.99587931609676,24000,175.42450000000002,275.2632,311.02206,177.74692424583336,2400.0,6015,6013,99.9667497921862
rule_copilot,60c1s5r10p,rw_1000000,concurrent_50,25,7521,77.0701,215.686,227.048,125.28066858130568,22479,187.116,282.102,314.53520000000003,187.02208148494148,30000,176.7825,272.8315000000001,314.13321999999994,171.54350927,3000.0,7521,7257,96.48982848025528
rule_copilot,60c1s5r10p,rw_1000000,concurrent_60,25,8856,77.6271,216.6095,228.858,125.8635835817525,27144,228.07600000000002,337.331,342.187,226.04241206159742,36000,176.773,320.6982,341.97005,201.39842025555555,3600.0,8856,8854,99.97741644083108
rule_copilot,60c1s5r10p,rw_1000000,concurrent_70,25,10377,76.928,215.9508,228.95172,125.2375340464489,31623,230.962,336.5284,346.95178,228.22446706511082,42000,177.942,321.8395,346.633,202.7793384,4200.0,10377,10373,99.9614532138383
rule_copilot,60c1s5r10p,rw_1000000,concurrent_80,25,11881,134.767,221.21,226.2544,126.12330577392476,36119,212.503,337.0194,353.92656,226.30032661480107,48000,179.699,318.5542,353.26300999999995,201.5044269354167,4800.0,11881,11872,99.92424880060601
rule_copilot,60c1s5r10p,rw_1000000,concurrent_90,25,13348,114.7205,217.7653,228.932,125.90867989211867,40652,234.7245,333.21840000000003,351.48745,223.8311872454,54000,177.487,315.719,350.75704,199.62619413148147,5400.0,13348,13336,99.91009889121966
rule_copilot,60c1s5r10p,rw_1000000,concurrent_1,50,287,75.199,215.09360000000004,227.50484,122.10107282229964,313,193.061,315.5962,333.9542,213.1677785942492,600,166.833,303.493,330.26309999999995,169.60753766666667,60.0,287,286,99.65156794425087
rule_copilot,60c1s5r10p,rw_1000000,concurrent_2,50,568,76.1764,215.508,226.15899,123.24785721830985,632,217.947,337.26259999999996,349.84628999999995,229.22837025316457,1200,173.438,303.66450000000003,348.73228,179.06426075000002,120.0,568,568,100.0
rule_copilot,60c1s5r10p,rw_1000000,concurrent_5,50,1490,75.25755000000001,216.7543,228.42043999999999,125.68119201342282,1510,219.591,327.66970000000003,351.72760999999997,232.5340503311258,3000,176.10750000000002,309.9163,350.7361899999999,179.46379736666668,300.0,1490,1490,100.0
rule_copilot,60c1s5r10p,rw_1000000,concurrent_10,50,3013,77.1399,215.0264,224.82288,125.81369020909393,2987,209.898,329.0786,341.13812,228.540328423167,6000,173.5685,311.2044,340.1535,176.95443493333335,600.0,3013,3012,99.96681048788582
rule_copilot,60c1s5r10p,rw_1000000,concurrent_20,50,6057,135.704,220.498,226.02644,127.46363628859169,5943,191.753,325.7148,346.63142,228.84462375904425,12000,171.21,308.14840000000004,344.51019,177.67257033333334,1200.0,6057,6054,99.95047052996533
rule_copilot,60c1s5r10p,rw_1000000,concurrent_30,50,9033,134.926,216.0704,227.168,126.62662940329903,8967,193.041,294.05640000000005,317.54676,196.98834372699903,18000,168.018,270.5071,307.86001,161.67849008888888,1800.0,9033,9032,99.98892948079265
rule_copilot,60c1s5r10p,rw_1000000,concurrent_40,50,12004,133.23149999999998,214.821,226.145,125.93595516494501,11996,190.696,288.4665,309.223,191.34961395465155,24000,138.10750000000002,263.80590000000035,308.699,158.63188228333334,2400.0,12004,11998,99.95001666111297
rule_copilot,60c1s5r10p,rw_1000000,concurrent_50,50,14828,104.98355000000001,216.7092000000001,228.866,126.16237228891288,15172,229.5195,335.2186,350.04783,230.05418428684416,30000,175.775,312.4311,346.04003,178.70392467666665,3000.0,14828,14816,99.91907202589695
rule_copilot,60c1s5r10p,rw_1000000,concurrent_60,50,17995,134.61,221.42759999999998,226.75506,125.79328155598779,18005,196.426,329.9822,345.11368,228.4926800888642,36000,173.3265,306.026,344.34700999999995,177.1572446277778,3600.0,17995,17987,99.95554320644624
rule_copilot,60c1s5r10p,rw_1000000,concurrent_70,50,21069,78.0281,217.9384,227.71532,125.83931284826048,20931,242.071,338.281,356.4259,231.26307209402322,42000,178.72,302.94109999999995,353.88309,178.37799629523812,4200.0,21069,21052,99.91931273434905
rule_copilot,60c1s5r10p,rw_1000000,concurrent_80,50,24049,97.9199,217.23560000000003,225.50752,126.01740854921202,23951,226.605,334.962,344.2575,223.06588188384617,48000,172.66649999999998,283.9052,342.92404,174.4425749,4800.0,24049,24026,99.90436192773089
rule_copilot,60c1s5r10p,rw_1000000,concurrent_90,50,26947,136.144,217.212,227.47554,126.07298953872417,27053,236.65,333.71759999999995,350.16736,224.15508882563856,54000,175.4365,279.323,347.39614000000006,175.2103049462963,5400.0,26947,26915,99.88124837644264
rule_copilot,60c1s5r10p,rw_1000000,concurrent_1,75,438,77.2145,218.95270000000005,227.65389,126.0024696347032,162,202.9765,310.9105,339.57505,211.3264444444445,600,158.2835,240.9021,334.26207999999997,149.03994283333333,60.0,438,438,100.0
rule_copilot,60c1s5r10p,rw_1000000,concurrent_2,75,896,75.44104999999999,217.3025,224.21105,124.45982154017858,304,194.16250000000002,305.901,337.80494999999996,201.5468519736842,1200,137.9795,224.21110000000002,326.88856,143.98853591666665,120.0,896,871,97.20982142857143
rule_copilot,60c1s5r10p,rw_1000000,concurrent_5,75,2242,134.191,217.02089999999998,228.427,126.69750976806422,758,179.1365,324.63700000000034,353.12358,225.87907387862796,3000,165.4595,240.49269999999999,350.52907,151.75738496666665,300.0,2242,2242,100.0
rule_copilot,60c1s5r10p,rw_1000000,concurrent_10,75,4506,75.65115,216.289,228.804,126.00120361739903,1494,211.417,326.0368,338.90214,225.20713386880857,6000,159.402,253.53500000000034,335.75715,150.70348025,600.0,4506,4505,99.97780736795384
rule_copilot,60c1s5r10p,rw_1000000,concurrent_20,75,8948,76.4771,218.1678,228.27053,125.87256252793921,3052,222.768,325.15749999999997,341.51696,227.97564285714287,12000,164.922,261.7544000000001,339.58702999999997,151.84077929166668,1200.0,8948,8948,100.0
rule_copilot,60c1s5r10p,rw_1000000,concurrent_30,75,13298,118.167,220.1235,228.44903000000002,126.43212280042113,4702,193.402,308.6489,339.80139,202.45000446618457,18000,136.9755,234.33,325.9975599999999,146.28968277777778,1800.0,13298,13295,99.97744021657392
rule_copilot,60c1s5r10p,rw_1000000,concurrent_40,75,17977,76.5391,214.68640000000002,227.59124,125.6081182566613,6023,229.025,323.74539999999996,343.88718,227.77374514361614,24000,167.355,265.02450000000016,342.35112999999996,151.24743370416667,2400.0,17977,17968,99.94993602937086
rule_copilot,60c1s5r10p,rw_1000000,concurrent_50,75,22446,135.165,222.75,230.17155,127.61420177314442,7554,185.26749999999998,284.2295,313.38987000000003,188.43042793222133,30000,137.798,230.06,309.70807,142.92772752,3000.0,22446,22067,98.31150316314711
rule_copilot,60c1s5r10p,rw_1000000,concurrent_60,75,27080,77.0044,220.60430000000002,225.09821,125.91599162112259,8920,225.377,330.3132000000005,341.51514999999995,224.26050695067266,36000,162.2855,230.8049000000003,339.30611,150.28357708611108,3600.0,27080,27060,99.9261447562777
rule_copilot,60c1s5r10p,rw_1000000,concurrent_70,75,31590,134.63549999999998,216.334,226.47011,126.21866619816397,10410,187.829,288.0842,341.22229,190.6849214793468,42000,136.94,226.5181,311.80002,142.19708804285716,4200.0,31590,31309,99.11047799936689
rule_copilot,60c1s5r10p,rw_1000000,concurrent_80,75,35813,133.176,217.546,227.12787999999998,126.55333419987157,12187,197.325,334.334,346.5805,224.4798330187905,48000,163.266,268.0059,343.66802,151.4164642229167,4800.0,35813,35762,99.85759361125848
rule_copilot,60c1s5r10p,rw_1000000,concurrent_90,75,40496,134.873,219.1135,227.18405,126.86968764322401,13504,220.518,325.0472,356.3183099999998,223.86197422985782,54000,163.6445,261.78159999999997,339.77805,151.1249439037037,5400.0,40496,40458,99.90616357171079
rule_copilot,60c1s5r10p,rw_1000000,concurrent_1,100,600,105.36205000000001,216.19130000000015,228.36801,125.53183449999999,0,0,0,0,0,600,105.36205000000001,216.19130000000015,228.36801,125.53183449999999,60.0,600,588,98.0
rule_copilot,60c1s5r10p,rw_1000000,concurrent_2,100,1200,105.602,216.99180000000035,230.03701,125.75123024999998,0,0,0,0,0,1200,105.602,216.99180000000035,230.03701,125.75123024999998,120.0,1200,1200,100.0
rule_copilot,60c1s5r10p,rw_1000000,concurrent_5,100,3000,105.29255,216.09199999999976,228.71102000000002,125.68394430000001,0,0,0,0,0,3000,105.29255,216.09199999999976,228.71102000000002,125.68394430000001,300.0,3000,3000,100.0
rule_copilot,60c1s5r10p,rw_1000000,concurrent_10,100,6000,105.089,214.86100000000116,228.277,125.73652499999999,0,0,0,0,0,6000,105.089,214.86100000000116,228.277,125.73652499999999,600.0,6000,5998,99.96666666666667
rule_copilot,60c1s5r10p,rw_1000000,concurrent_20,100,12000,134.978,223.468,228.848,126.14836985833334,0,0,0,0,0,12000,134.978,223.468,228.848,126.14836985833334,1200.0,12000,11996,99.96666666666667
rule_copilot,60c1s5r10p,rw_1000000,concurrent_30,100,18000,105.2225,220.57,228.83702,126.18196058888888,0,0,0,0,0,18000,105.2225,220.57,228.83702,126.18196058888888,1800.0,18000,17998,99.9888888888889
rule_copilot,60c1s5r10p,rw_1000000,concurrent_40,100,24000,135.865,218.251,228.292,126.06213412083332,0,0,0,0,0,24000,135.865,218.251,228.292,126.06213412083332,2400.0,24000,23991,99.9625
rule_copilot,60c1s5r10p,rw_1000000,concurrent_50,100,30000,134.671,223.7321,227.53001,126.61058371666667,0,0,0,0,0,30000,134.671,223.7321,227.53001,126.61058371666667,3000.0,30000,29992,99.97333333333333
rule_copilot,60c1s5r10p,rw_1000000,concurrent_60,100,36000,134.93099999999998,217.462,227.923,126.13680716944444,0,0,0,0,0,36000,134.93099999999998,217.462,227.923,126.13680716944444,3600.0,36000,35972,99.92222222222222
rule_copilot,60c1s5r10p,rw_1000000,concurrent_70,100,42000,134.863,219.898,228.48201,126.41798790714284,0,0,0,0,0,42000,134.863,219.898,228.48201,126.41798790714284,4200.0,42000,41963,99.91190476190476
rule_copilot,60c1s5r10p,rw_1000000,concurrent_80,100,48000,133.9,217.927,228.57702,126.48646718541669,0,0,0,0,0,48000,133.9,217.927,228.57702,126.48646718541669,4800.0,48000,47930,99.85416666666667
rule_copilot,60c1s5r10p,rw_1000000,concurrent_90,100,54000,133.1565,220.7421,227.605,126.65350384259258,0,0,0,0,0,54000,133.1565,220.7421,227.605,126.65350384259258,5400.0,54000,53943,99.89444444444445
rule_copilot,60c1s5r10p,rw_zipf_1,concurrent_1,0,0,0,0,0,0,600,185.7605,311.22060000000005,337.67609,198.70252616666667,600,185.7605,311.22060000000005,337.67609,198.70252616666667,60.0,0,0,0
rule_copilot,60c1s5r10p,rw_zipf_1,concurrent_2,0,0,0,0,0,0,1200,198.67950000000002,316.99470000000196,340.09601,219.50275499999998,1200,198.67950000000002,316.99470000000196,340.09601,219.50275499999998,120.0,0,0,0
rule_copilot,60c1s5r10p,rw_zipf_1,concurrent_5,0,0,0,0,0,0,3000,205.622,332.5063,343.13938,230.43077900000003,3000,205.622,332.5063,343.13938,230.43077900000003,300.0,0,0,0
rule_copilot,60c1s5r10p,rw_zipf_1,concurrent_10,0,0,0,0,0,0,6000,216.9855,331.44660000000005,351.25007,232.79335666666668,6000,216.9855,331.44660000000005,351.25007,232.79335666666668,600.0,0,0,0
rule_copilot,60c1s5r10p,rw_zipf_1,concurrent_20,0,0,0,0,0,0,12000,189.2355,292.1281,314.2154300000001,192.60240959166666,12000,189.2355,292.1281,314.2154300000001,192.60240959166666,1200.0,0,0,0
rule_copilot,60c1s5r10p,rw_zipf_1,concurrent_30,0,0,0,0,0,0,18000,190.5075,289.0175,318.65304000000003,196.82792421666667,18000,190.5075,289.0175,318.65304000000003,196.82792421666667,1800.0,0,0,0
rule_copilot,60c1s5r10p,rw_zipf_1,concurrent_40,0,0,0,0,0,0,24000,185.503,273.37800000000004,307.672,170.66969682083334,24000,185.503,273.37800000000004,307.672,170.66969682083334,2400.0,0,0,0
rule_copilot,60c1s5r10p,rw_zipf_1,concurrent_50,0,0,0,0,0,0,30000,211.827,329.59740000001324,342.95803,226.6076304,30000,211.827,329.59740000001324,342.95803,226.6076304,3000.0,0,0,0
rule_copilot,60c1s5r10p,rw_zipf_1,concurrent_60,0,0,0,0,0,0,36000,190.67450000000002,293.8449000000001,338.0341,202.27724738333336,36000,190.67450000000002,293.8449000000001,338.0341,202.27724738333336,3600.0,0,0,0
rule_copilot,60c1s5r10p,rw_zipf_1,concurrent_70,0,0,0,0,0,0,42000,208.54399999999998,324.96989999998016,343.28202,222.53370423809523,42000,208.54399999999998,324.96989999998016,343.28202,222.53370423809523,4200.0,0,0,0
rule_copilot,60c1s5r10p,rw_zipf_1,concurrent_80,0,0,0,0,0,0,48000,218.52,331.9595999999937,351.90702999999996,226.30877554166665,48000,218.52,331.9595999999937,351.90702999999996,226.30877554166665,4800.0,0,0,0
rule_copilot,60c1s5r10p,rw_zipf_1,concurrent_90,0,0,0,0,0,0,54000,224.8535,329.9729,343.02700999999996,222.82591337037036,54000,224.8535,329.9729,343.02700999999996,222.82591337037036,5400.0,0,0,0
rule_copilot,60c1s5r10p,rw_zipf_1,concurrent_1,25,149,137.782,225.276,340.5138,139.29416174496643,451,193.753,333.574,344.038,218.09168070953436,600,176.08350000000002,308.0229,343.9106,198.52363016666666,60.0,149,132,88.59060402684564
rule_copilot,60c1s5r10p,rw_zipf_1,concurrent_2,25,275,139.577,220.2052,327.04219999999987,141.1333221818182,925,190.399,320.8706,336.88723999999996,217.75200324324325,1200,178.6985,318.2551000000001,336.70908000000003,200.19355549999997,120.0,275,245,89.0909090909091
rule_copilot,60c1s5r10p,rw_zipf_1,concurrent_5,25,733,137.884,222.053,338.27964000000003,140.60436753069578,2267,211.253,334.9662,339.99338,225.55224261138068,3000,186.67849999999999,317.9502,339.97118,204.79664513333336,300.0,733,614,83.76534788540246
rule_copilot,60c1s5r10p,rw_zipf_1,concurrent_10,25,1485,150.012,230.1906,337.4520000000001,146.64042646464645,4515,217.007,328.7838,346.89392,229.56979202657809,6000,189.8795,324.7962,346.47508000000005,209.04477405,600.0,1485,1178,79.32659932659932
rule_copilot,60c1s5r10p,rw_zipf_1,concurrent_20,25,3023,136.736,230.3986,306.48964,144.18928825669866,8977,188.635,301.6148,321.52364,193.84207118190932,12000,167.15699999999998,286.03770000000003,320.85042000000004,181.33370761666663,1200.0,3023,2255,74.5947734039034
rule_copilot,60c1s5r10p,rw_zipf_1,concurrent_30,25,4459,165.42,265.9766,337.64768,152.83421910742317,13541,224.034,334.073,339.1386,226.87626342219926,18000,188.816,322.6632,338.71000999999995,208.53440366666666,1800.0,4459,3212,72.03408836061897
rule_copilot,60c1s5r10p,rw_zipf_1,concurrent_40,25,6050,139.735,254.44860000000003,313.88308,150.1211749586777,17950,196.36599999999999,308.2535,344.0832,203.38886183286908,24000,174.178,296.88380000000006,342.6024399999999,189.96096576666665,2400.0,6050,4225,69.83471074380165
rule_copilot,60c1s5r10p,rw_zipf_1,concurrent_50,25,7505,166.661,267.9032,339.80224,158.13651297801465,22495,193.865,326.24580000000003,341.34306000000004,225.5807932429429,30000,189.8065,324.7224,341.248,208.70848246333335,3000.0,7505,5090,67.82145236508994
rule_copilot,60c1s5r10p,rw_zipf_1,concurrent_60,25,8992,137.6045,258.62850000000014,310.38027,149.03188304048044,27008,196.1865,280.0471,313.205,194.3710288433057,36000,145.854,278.4142,313.04104,183.04631775833334,3600.0,8992,6027,67.02624555160142
rule_copilot,60c1s5r10p,rw_zipf_1,concurrent_70,25,10399,171.166,276.3248,344.62604000000005,161.31828520050007,31601,196.59,328.716,346.731,226.13484076453278,42000,177.75150000000002,326.118,346.52404,210.0865702571429,4200.0,10399,6736,64.77545917876719
rule_copilot,60c1s5r10p,rw_zipf_1,concurrent_80,25,12093,137.195,259.06059999999997,308.77624,150.56802810716945,35907,194.146,293.235,313.29164,195.17254710780628,48000,181.6365,278.2201,312.75815,183.93499610208335,4800.0,12093,7903,65.35185644587779
rule_copilot,60c1s5r10p,rw_zipf_1,concurrent_90,25,13547,137.628,257.893,313.7407599999999,149.3053307743412,40453,191.761,287.14740000000063,316.18544,194.04181877734655,54000,146.774,279.541,315.50104,182.81875946296296,5400.0,13547,8783,64.83354248173028
rule_copilot,60c1s5r10p,rw_zipf_1,concurrent_1,50,275,137.781,221.218,303.3856,134.0996130909091,325,192.335,314.82439999999997,340.70088,211.26198153846153,600,164.1875,301.7575,337.61001,175.89589600000002,60.0,275,245,89.0909090909091
rule_copilot,60c1s5r10p,rw_zipf_1,concurrent_2,50,599,137.191,223.1164,315.94915999999995,138.87324373956594,601,191.482,323.433,353.349,228.76541098169716,1200,177.0245,298.5314000000001,352.97532,183.89423750000003,120.0,599,519,86.64440734557596
rule_copilot,60c1s5r10p,rw_zipf_1,concurrent_5,50,1540,153.115,223.1273,341.3820199999999,144.24397363636365,1460,191.094,324.0123,343.43851,225.5584664383562,3000,174.045,315.5986,343.11311,183.81702679999998,300.0,1540,1276,82.85714285714286
rule_copilot,60c1s5r10p,rw_zipf_1,concurrent_10,50,2982,165.04399999999998,237.49540000000005,350.51102,148.4238911468813,3018,192.54899999999998,333.5469,353.34858,232.42138071570574,6000,177.8795,307.56460000000004,352.75745,190.67462840000002,600.0,2982,2361,79.17505030181087
rule_copilot,60c1s5r10p,rw_zipf_1,concurrent_20,50,5990,163.029,262.9046,340.27743,152.2481951252087,6010,183.35700000000003,332.8717000000002,341.85619,224.49658552412646,12000,174.59449999999998,315.0691,341.21708,188.43259731666666,1200.0,5990,4433,74.00667779632721
rule_copilot,60c1s5r10p,rw_zipf_1,concurrent_30,50,8952,168.51749999999998,268.6675,341.69047,157.25752953529937,9048,194.43599999999998,327.4596,344.06424,228.981424734748,18000,176.738,321.42260000000005,343.70302999999996,193.31074085555557,1800.0,8952,6311,70.49821268990169
rule_copilot,60c1s5r10p,rw_zipf_1,concurrent_40,50,11970,168.84500000000003,269.7748,343.45762,157.80924932330828,12030,196.86599999999999,337.5393,344.033,228.98192244389026,24000,174.31400000000002,326.39840000000004,343.853,193.484551725,2400.0,11970,8260,69.00584795321637
rule_copilot,60c1s5r10p,rw_zipf_1,concurrent_50,50,14892,173.34300000000002,277.0169,349.08102,160.20545047005106,15108,199.4205,331.7141,353.38772,229.94000622186923,30000,177.343,316.8279,352.45502,195.32377274666663,3000.0,14892,10087,67.73435401557883
rule_copilot,60c1s5r10p,rw_zipf_1,concurrent_60,50,18092,136.3075,234.88869999999997,306.50544,147.4873495357064,17908,193.913,285.9648000000005,307.25193,191.5311707058298,36000,141.92450000000002,272.2193,307.04400999999996,169.3967036888889,3600.0,18092,12149,67.15122706168472
rule_copilot,60c1s5r10p,rw_zipf_1,concurrent_70,50,20951,173.306,275.366,347.516,160.700280158465,21049,192.691,326.3634,350.26636,225.0835843983087,42000,175.506,314.06269999999995,349.54512000000005,192.96704613333335,4200.0,20951,13650,65.15202138322753
rule_copilot,60c1s5r10p,rw_zipf_1,concurrent_80,50,24057,169.102,272.66360000000003,343.62228,162.2107074822297,23943,197.854,331.21459999999996,345.27716000000004,225.02487436829136,48000,176.8705,314.232,344.53905,193.5431991020833,4800.0,24057,15443,64.19337406991728
rule_copilot,60c1s5r10p,rw_zipf_1,concurrent_90,50,26895,137.712,261.2952,311.90606,151.25485214723926,27105,149.53,281.9998000000003,312.967,194.17823656152,54000,140.86700000000002,278.4251,312.66902999999996,172.80000649074074,5400.0,26895,17025,63.30172894590073
rule_copilot,60c1s5r10p,rw_zipf_1,concurrent_1,75,437,137.147,223.9754,310.40319999999997,137.24673363844394,163,194.119,322.77760000000006,340.85474,216.88014723926383,600,167.39600000000002,264.79679999999996,340.24135,158.88047766666668,60.0,437,396,90.61784897025171
rule_copilot,60c1s5r10p,rw_zipf_1,concurrent_2,75,889,138.656,223.0238,326.2956400000001,140.84241867266593,311,195.743,323.034,351.8317,230.4489389067524,1200,175.289,281.452,346.04014,164.06544183333332,120.0,889,773,86.95163104611923
rule_copilot,60c1s5r10p,rw_zipf_1,concurrent_5,75,2238,138.9115,227.03730000000002,344.34113,144.17901197497767,762,187.70600000000002,319.48879999999997,348.26366,227.93180708661419,3000,173.65,289.0413,346.93136999999996,165.45222193333333,300.0,2238,1851,82.70777479892762
rule_copilot,60c1s5r10p,rw_zipf_1,concurrent_10,75,4486,166.142,238.151,351.1463499999999,149.4282769505127,1514,195.231,337.1206,355.95230999999995,234.13189431968297,6000,176.7385,298.2703,354.3119500000001,170.80182306666666,600.0,4486,3498,77.97592510031208
rule_copilot,60c1s5r10p,rw_zipf_1,concurrent_20,75,8986,135.043,222.0815,287.13905,137.924658702426,3014,135.641,267.6676,290.61663999999996,174.36703420703384,12000,135.153,250.9522,288.70906,147.07776868333335,1200.0,8986,6802,75.69552637436011
rule_copilot,60c1s5r10p,rw_zipf_1,concurrent_30,75,13617,166.066,267.2818,339.62876,155.00475301461407,4383,189.629,322.0644,341.29002,226.72635021674648,18000,167.464,304.22540000000004,340.43909,172.46896193333333,1800.0,13617,9678,71.07292355144305
rule_copilot,60c1s5r10p,rw_zipf_1,concurrent_40,75,18019,173.98,279.714,352.68282,160.2392115267218,5981,193.914,339.689,354.7246,232.36002641698713,24000,178.7,309.1922,354.08102,178.21231960416662,2400.0,18019,12338,68.47216826682946
rule_copilot,60c1s5r10p,rw_zipf_1,concurrent_50,75,22498,173.63,276.8936,345.72850999999997,159.48364396835274,7502,193.214,326.1578,353.39666,228.30572220741138,30000,176.167,305.4763000000001,348.53808,176.69375166666666,3000.0,22498,15228,67.68601653480309
rule_copilot,60c1s5r10p,rw_zipf_1,concurrent_60,75,26917,167.216,269.6574,342.02456,159.66547618976853,9083,193.921,326.6144,342.73752,224.51587085764612,36000,169.3415,302.8003,342.39,176.02759104444445,3600.0,26917,17852,66.3223984842293
rule_copilot,60c1s5r10p,rw_zipf_1,concurrent_70,75,31309,173.387,276.5348,347.5326,162.08169897154175,10691,238.139,336.016,352.34360000000004,226.59935355906842,42000,175.5605,301.3243,350.78700999999995,178.50451433333333,4200.0,31309,20180,64.45431026222492
rule_copilot,60c1s5r10p,rw_zipf_1,concurrent_80,75,36023,172.48,280.22159999999997,347.42535999999996,162.8738609888127,11977,240.988,335.88439999999997,353.7156,227.42715471320028,48000,177.102,285.1458999999999,351.63701,178.98125263333333,4800.0,36023,22970,63.764816922521725
rule_copilot,60c1s5r10p,rw_zipf_1,concurrent_90,75,40408,166.69150000000002,269.4523,341.77274,161.35666059196197,13592,193.16649999999998,325.6646,343.902,220.70209306945262,54000,167.789,286.4521,342.97801,176.29412574444441,5400.0,40408,25473,63.03949712928133
rule_copilot,60c1s5r10p,rw_zipf_1,concurrent_1,100,600,134.70749999999998,224.14659999999998,337.81454,132.42330966666665,0,0,0,0,0,600,134.70749999999998,224.14659999999998,337.81454,132.42330966666665,60.0,600,542,90.33333333333333
rule_copilot,60c1s5r10p,rw_zipf_1,concurrent_2,100,1200,136.894,222.0732,340.03952,138.05499666666665,0,0,0,0,0,1200,136.894,222.0732,340.03952,138.05499666666665,120.0,1200,1062,88.5
rule_copilot,60c1s5r10p,rw_zipf_1,concurrent_5,100,3000,142.9835,228.8381,346.38541999999995,144.38445533333334,0,0,0,0,0,3000,142.9835,228.8381,346.38541999999995,144.38445533333334,300.0,3000,2457,81.9
rule_copilot,60c1s5r10p,rw_zipf_1,concurrent_10,100,6000,163.714,240.5703,349.73747000000003,149.05279601666666,0,0,0,0,0,6000,163.714,240.5703,349.73747000000003,149.05279601666666,600.0,6000,4641,77.35
rule_copilot,60c1s5r10p,rw_zipf_1,concurrent_20,100,12000,167.4915,266.7904,342.43415000000005,153.30546321666668,0,0,0,0,0,12000,167.4915,266.7904,342.43415000000005,153.30546321666668,1200.0,12000,8831,73.59166666666667
rule_copilot,60c1s5r10p,rw_zipf_1,concurrent_30,100,18000,165.836,266.0961,338.15807,155.4346308833333,0,0,0,0,0,18000,165.836,266.0961,338.15807,155.4346308833333,1800.0,18000,12766,70.92222222222222
rule_copilot,60c1s5r10p,rw_zipf_1,concurrent_40,100,24000,173.172,275.604,350.47200999999995,159.40869349166667,0,0,0,0,0,24000,173.172,275.604,350.47200999999995,159.40869349166667,2400.0,24000,16412,68.38333333333334
rule_copilot,60c1s5r10p,rw_zipf_1,concurrent_50,100,30000,164.651,265.9559,339.17600999999996,158.10601089333332,0,0,0,0,0,30000,164.651,265.9559,339.17600999999996,158.10601089333332,3000.0,30000,20209,67.36333333333333
rule_copilot,60c1s5r10p,rw_zipf_1,concurrent_60,100,36000,137.8835,259.65680000000003,310.60303,150.97635270277777,0,0,0,0,0,36000,137.8835,259.65680000000003,310.60303,150.97635270277777,3600.0,36000,23822,66.17222222222222
rule_copilot,60c1s5r10p,rw_zipf_1,concurrent_70,100,42000,137.327,255.14329999999998,310.87302999999997,148.2752335595238,0,0,0,0,0,42000,137.327,255.14329999999998,310.87302999999997,148.2752335595238,4200.0,42000,27880,66.38095238095238
rule_copilot,60c1s5r10p,rw_zipf_1,concurrent_80,100,48000,164.40949999999998,272.409,340.04001,161.23869425625,0,0,0,0,0,48000,164.40949999999998,272.409,340.04001,161.23869425625,4800.0,48000,30735,64.03125
rule_copilot,60c1s5r10p,rw_zipf_1,concurrent_90,100,54000,136.656,252.54009999999997,309.96200999999996,149.52539667592592,0,0,0,0,0,54000,136.656,252.54009999999997,309.96200999999996,149.52539667592592,5400.0,54000,34606,64.08518518518518
rule_mencius,60c1s5r10p,rw_1000000,concurrent_1,0,0,0,0,0,0,578,658.1875,3142.471,3294.1814,973.7286534602077,578,658.1875,3142.471,3294.1814,973.7286534602077,57.8,0,0,0
rule_mencius,60c1s5r10p,rw_1000000,concurrent_2,0,0,0,0,0,0,1158,1223.0349999999999,3278.979,3385.8044,1393.9820368739204,1158,1223.0349999999999,3278.979,3385.8044,1393.9820368739204,115.8,0,0,0
rule_mencius,60c1s5r10p,rw_1000000,concurrent_5,0,0,0,0,0,0,3045,964.898,3505.114,3624.9303999999997,1321.1482528407225,3045,964.898,3505.114,3624.9303999999997,1321.1482528407225,304.5,0,0,0
rule_mencius,60c1s5r10p,rw_1000000,concurrent_10,0,0,0,0,0,0,5976,1160.8600000000001,3605.535,3718.89,1461.2842673694781,5976,1160.8600000000001,3605.535,3718.89,1461.2842673694781,597.6,0,0,0
rule_mencius,60c1s5r10p,rw_1000000,concurrent_20,0,0,0,0,0,0,12063,1032.07,3372.5660000000003,3440.4238,1250.6006180469203,12063,1032.07,3372.5660000000003,3440.4238,1250.6006180469203,1206.3,0,0,0
rule_mencius,60c1s5r10p,rw_1000000,concurrent_30,0,0,0,0,0,0,17863,913.401,3016.744,3094.5636,1159.8339149470974,17863,913.401,3016.744,3094.5636,1159.8339149470974,1786.3,0,0,0
rule_mencius,60c1s5r10p,rw_1000000,concurrent_40,0,0,0,0,0,0,23992,466.6935,2443.456,2486.5227,807.033127238246,23992,466.6935,2443.456,2486.5227,807.033127238246,2399.2,0,0,0
rule_mencius,60c1s5r10p,rw_1000000,concurrent_50,0,0,0,0,0,0,30095,1177.98,3386.728,3431.6842,1409.0733944841334,30095,1177.98,3386.728,3431.6842,1409.0733944841334,3009.5,0,0,0
rule_mencius,60c1s5r10p,rw_1000000,concurrent_60,0,0,0,0,0,0,35977,743.544,3158.594,3206.2924,1159.4131289629486,35977,743.544,3158.594,3206.2924,1159.4131289629486,3597.7,0,0,0
rule_mencius,60c1s5r10p,rw_1000000,concurrent_70,0,0,0,0,0,0,41766,432.005,2982.185,3017.937,867.9420401403056,41766,432.005,2982.185,3017.937,867.9420401403056,4176.6,0,0,0
rule_mencius,60c1s5r10p,rw_1000000,concurrent_80,0,0,0,0,0,0,48158,1121.13,3363.14,3444.1243,1398.9448477615351,48158,1121.13,3363.14,3444.1243,1398.9448477615351,4815.8,0,0,0
rule_mencius,60c1s5r10p,rw_1000000,concurrent_90,0,0,0,0,0,0,53969,793.431,3162.84,3232.0664,1097.2148883988957,53969,793.431,3162.84,3232.0664,1097.2148883988957,5396.9,0,0,0
rule_mencius,60c1s5r10p,rw_1000000,concurrent_1,25,141,146.083,225.804,264.79319999999996,149.42611914893618,453,977.623,3532.822,3808.3748,1347.1693554083886,594,700.629,3493.094,3808.3142,1062.8565670033672,59.4,141,130,92.19858156028369
rule_mencius,60c1s5r10p,rw_1000000,concurrent_2,25,295,146.174,264.265,354.69154,162.7241094915254,895,1073.03,3916.604,4070.953399999997,1452.3637294972068,1190,975.3969999999999,3887.641000000001,4067.2432,1132.6631514285714,119.0,295,262,88.8135593220339
rule_mencius,60c1s5r10p,rw_1000000,concurrent_5,25,743,143.805,257.5566,482.21317999999997,149.39294051144012,2268,480.293,3021.218,3177.2529999999983,920.695037654321,3011,310.141,2975.83,3168.967,730.3670874128196,301.1,743,622,83.71467025572005
rule_mencius,60c1s5r10p,rw_1000000,concurrent_10,25,1474,146.528,228.36860000000001,264.74627,151.25701275440977,4527,641.433,3141.554,3230.9256,1048.8945566821294,6001,485.896,3115.27,3212.3,828.4116805365773,600.1,1474,1328,90.09497964721845
rule_mencius,60c1s5r10p,rw_1000000,concurrent_20,25,2923,144.646,227.6378,266.30978,147.28298145740678,9080,340.97900000000004,2998.294,3086.2326,824.0126738436123,12003,248.699,2975.35,3084.5092000000004,659.2137993251688,1200.3,2923,2369,81.04686965446459
rule_mencius,60c1s5r10p,rw_1000000,concurrent_30,25,4485,145.963,262.925,265.4932,153.19888158305466,13487,1327.46,3526.8179999999998,3573.467,1446.9480730332912,17972,797.1020000000001,3485.977,3571.2558,1124.086670648787,1797.2,4485,4032,89.89966555183946
rule_mencius,60c1s5r10p,rw_1000000,concurrent_40,25,6094,146.692,262.9252,264.80039999999997,154.45403150639973,17906,681.6945000000001,3109.98,3170.1620000000003,1063.3706403831118,24000,324.81399999999996,3074.181,3166.0604,832.5815647791668,2400.0,6094,5493,90.13784049885133
rule_mencius,60c1s5r10p,rw_1000000,concurrent_50,25,7530,144.654,225.9864,264.84626000000003,151.9099559760956,22490,303.31550000000004,2781.949,2830.7410999999997,781.9915807292131,30020,264.8245,2743.97,2829.5981,623.9464563324451,3002.0,7530,5685,75.4980079681275
rule_mencius,60c1s5r10p,rw_1000000,concurrent_60,25,8931,146.795,263.729,269.1202,154.16191029000112,26985,773.63,2840.416,2910.3348,1041.4284938632572,35916,436.4135,2823.225,2908.6785,820.7976369222631,3591.6,8931,8024,89.8443623334453
rule_mencius,60c1s5r10p,rw_1000000,concurrent_70,25,10622,157.885,264.7737,314.34033,173.69729378648088,31261,947.875,3478.65,3543.4020000000005,1388.1872705735584,41883,803.144,3441.234,3537.6054,1080.178948976912,4188.3,10622,9486,89.30521559028432
rule_mencius,60c1s5r10p,rw_1000000,concurrent_80,25,12152,156.4085,264.8882,297.06848999999994,170.0194857307439,35931,585.444,3126.44,3176.7169999999996,1116.2259008321507,48083,426.594,3082.448,3173.1826,877.0914800116464,4808.3,12152,11011,90.61059907834101
rule_mencius,60c1s5r10p,rw_1000000,concurrent_90,25,13312,159.506,273.84000000000003,359.67346999999984,177.23973574218752,40484,680.2384999999999,2856.027,2939.1802,1021.4181613081711,53796,508.183,2821.325,2930.3460000000005,812.52338844152,5379.6,13312,11076,83.203125
rule_mencius,60c1s5r10p,rw_1000000,concurrent_1,50,304,145.89600000000002,262.8634,265.48852,147.14513585526316,295,328.041,2556.4719999999998,2759.2836,758.8277047457628,599,221.414,2264.8700000000063,2734.3272,448.3911422370618,59.9,304,271,89.14473684210526
rule_mencius,60c1s5r10p,rw_1000000,concurrent_2,50,607,147.035,262.306,264.94488,153.194026523888,590,763.298,3169.461,3410.5822,1139.9077542372881,1197,245.088,2884.0099999999998,3410.0012,639.544151294904,119.7,607,549,90.44481054365733
rule_mencius,60c1s5r10p,rw_1000000,concurrent_5,50,1434,145.67149999999998,226.519,265.04366999999996,147.06462419804743,1520,1169.73,2960.223,3074.5124,1283.694159013158,2954,245.584,1632.768,3064.5444,731.9247775220041,295.4,1434,1280,89.2608089260809
rule_mencius,60c1s5r10p,rw_1000000,concurrent_10,50,3068,144.13549999999998,228.8374,265.36933000000005,146.6637455671447,2940,415.942,2892.113,2974.5692999999997,821.3633062244899,6008,204.8905,655.3644,2961.8565000000003,476.82631353195734,600.8,3068,2462,80.24771838331161
rule_mencius,60c1s5r10p,rw_1000000,concurrent_20,50,6021,147.094,262.971,264.7518,152.34251998006977,5925,1013.68,3693.332,3770.1652,1442.930103156118,11946,225.4595,1707.585,3749.283,792.4506256487526,1194.6,6021,5411,89.86879255937552
rule_mencius,60c1s5r10p,rw_1000000,concurrent_30,50,9020,146.59550000000002,262.143,266.245,151.36323075388026,8977,617.022,2884.242,2954.2948,1000.1898591734433,17997,229.186,2506.5779999999995,2942.2052,574.7624997055066,1799.7,9020,8115,89.96674057649668
rule_mencius,60c1s5r10p,rw_1000000,concurrent_40,50,12094,145.66,262.9167,265.40020999999996,151.6244616834794,11906,468.707,3146.51,3205.1685,959.3395969343188,24000,224.14749999999998,1946.7850000001536,3199.8603000000003,552.3184783625,2400.0,12094,10900,90.12733586902597
rule_mencius,60c1s5r10p,rw_1000000,concurrent_50,50,14927,147.299,263.0124,267.85428,157.51563034769208,15028,996.5465,3055.3370000000004,3103.2,1246.6891911764706,29955,247.665,2973.964000000014,3096.6092,703.9386072174929,2995.5,14927,13421,89.91089971193139
rule_mencius,60c1s5r10p,rw_1000000,concurrent_60,50,17982,146.383,257.1779,264.66051999999996,154.6227576076076,17972,465.03650000000005,2791.069,2855.7516,878.59329034053,35954,257.13750000000005,663.0747,2848.4247,516.5073438643823,3595.4,17982,14654,81.49260371482593
rule_mencius,60c1s5r10p,rw_1000000,concurrent_70,50,21006,147.841,259.0815,266.22679999999997,157.1022710892126,21014,423.2455,3029.462,3076.48,896.2814323593794,42020,258.862,578.4945,3071.0181,526.7622162327463,4202.0,21006,17352,82.60497000856898
rule_mencius,60c1s5r10p,rw_1000000,concurrent_80,50,23904,174.477,276.1529,347.62144000000006,186.22339329400938,23947,843.836,3325.878,3409.558,1248.2353393911553,47851,266.78,2069.34,3388.98,717.7065404213079,4785.1,23904,21156,88.50401606425703
rule_mencius,60c1s5r10p,rw_1000000,concurrent_90,50,27111,181.173,278.235,359.1518000000003,188.92873376858103,26885,575.926,3311.14,3385.7648,1087.8156287892878,53996,265.25149999999996,1112.25,3368.1530000000002,636.4910378768799,5399.6,27111,23753,87.61388366345764
rule_mencius,60c1s5r10p,rw_1000000,concurrent_1,75,477,145.89,263.313,265.24644,150.54670125786163,132,709.674,3648.005,3844.2273,1282.6627204545455,609,183.802,877.9058,3756.4771999999984,395.93145418719206,60.9,477,429,89.937106918239
rule_mencius,60c1s5r10p,rw_1000000,concurrent_2,75,900,128.53199999999998,263.722,341.48115,147.7202508888889,293,939.319,3107.344,3236.153999999998,1085.9821303754268,1193,171.233,1007.454,3178.0964000000004,378.1567393126572,119.3,900,655,72.77777777777777
rule_mencius,60c1s5r10p,rw_1000000,concurrent_5,75,2239,145.628,227.78300000000002,264.46362,146.91891679321125,782,377.3105,3100.748,3182.7817999999997,820.8382033248082,3021,184.214,495.007,3152.6859999999997,321.3660806686528,302.1,2239,1926,86.02054488610987
rule_mencius,60c1s5r10p,rw_1000000,concurrent_10,75,4493,146.646,262.9808,265.33908,150.90005860227018,1487,1051.62,2984.068,3093.8032000000003,1151.8479565568257,5980,185.244,1163.7530000000002,3036.3803,399.7979723578595,598.0,4493,4054,90.2292454929891
rule_mencius,60c1s5r10p,rw_1000000,concurrent_20,75,9029,143.771,262.92220000000003,263.68272,142.34712217299813,2953,251.039,2607.028,2681.5464,698.0945435150694,11982,148.7835,314.1867999999997,2667.6175000000003,279.31274854782174,1198.2,9029,7280,80.6290840624654
rule_mencius,60c1s5r10p,rw_1000000,concurrent_30,75,13518,127.983,224.6824,265.37483000000003,144.20542100162746,4431,381.376,2427.03,2472.8179999999998,739.7359002256828,17949,185.049,428.43600000000004,2451.1888000000004,291.22172015154047,1794.9,13518,12137,89.7839917147507
rule_mencius,60c1s5r10p,rw_1000000,concurrent_40,75,17979,146.234,262.839,265.52954000000005,152.19485936926415,6080,819.989,3065.935,3121.39,1112.0098767598683,24059,184.965,887.4066000000001,3103.2826,394.7517115133629,2405.9,17979,16151,89.8325824573113
rule_mencius,60c1s5r10p,rw_1000000,concurrent_50,75,22492,146.59750000000003,262.718,267.43663,155.61646772185668,7562,929.5125,3250.01,3291.44,1200.6318772811426,30054,185.616,1097.534,3281.75,418.55672615957934,3005.4,22492,20148,89.57851680597545
rule_mencius,60c1s5r10p,rw_1000000,concurrent_60,75,27125,146.965,263.625,267.32712,153.96576428387098,9009,466.993,3082.934,3149.14,1016.9347867243866,36134,185.28050000000002,1021.8470000000015,3137.6933999999997,369.1228994797144,3613.4,27125,24403,89.96497695852534
rule_mencius,60c1s5r10p,rw_1000000,concurrent_70,75,31622,146.2905,263.3516,274.8219700000001,155.20248257542218,10407,729.14,2919.074,2988.7458,1014.324191870856,42029,184.711,956.6710000000005,2971.9216,367.93368314259203,4202.9,31622,26622,84.18822338877996
rule_mencius,60c1s5r10p,rw_1000000,concurrent_80,75,36175,176.105,277.8376,348.26812,189.144027861783,12036,1079.01,3491.175,3558.926,1353.8675336158192,48211,212.638,1203.54,3525.208,479.92024314990357,4821.1,36175,31911,88.21285418106427
rule_mencius,60c1s5r10p,rw_1000000,concurrent_90,75,40520,195.115,294.5272,406.0366399999999,203.23518695952615,13679,914.615,3225.9919999999997,3356.3864,1212.4320303677168,54199,227.82,1257.836,3288.3497999999986,457.94106014871124,5419.9,40520,35316,87.15695952615992
rule_mencius,60c1s5r10p,rw_1000000,concurrent_1,100,600,146.471,228.33430000000078,265.38201,147.95521900000003,0,0,0,0,0,600,146.471,228.33430000000078,265.38201,147.95521900000003,60.0,600,520,86.66666666666667
rule_mencius,60c1s5r10p,rw_1000000,concurrent_2,100,1200,146.14499999999998,229.00900000000453,265.25906000000003,149.23599425,0,0,0,0,0,1200,146.14499999999998,229.00900000000453,265.25906000000003,149.23599425,120.0,1200,1030,85.83333333333333
rule_mencius,60c1s5r10p,rw_1000000,concurrent_5,100,3000,145.37349999999998,262.70599999999996,265.50901,146.62097213333334,0,0,0,0,0,3000,145.37349999999998,262.70599999999996,265.50901,146.62097213333334,300.0,3000,2489,82.96666666666667
rule_mencius,60c1s5r10p,rw_1000000,concurrent_10,100,5994,146.4675,262.2392,264.545,150.94456286286288,0,0,0,0,0,5994,146.4675,262.2392,264.545,150.94456286286288,599.4,5994,5393,89.9733066399733
rule_mencius,60c1s5r10p,rw_1000000,concurrent_20,100,12001,146.028,262.215,265.321,152.13572678110157,0,0,0,0,0,12001,146.028,262.215,265.321,152.13572678110157,1200.1,12001,10782,89.84251312390634
rule_mencius,60c1s5r10p,rw_1000000,concurrent_30,100,18001,146.064,263.005,265.571,151.43263967557357,0,0,0,0,0,18001,146.064,263.005,265.571,151.43263967557357,1800.1,18001,16177,89.86722959835565
rule_mencius,60c1s5r10p,rw_1000000,concurrent_40,100,24011,146.757,262.84,266.3059,153.0933596851443,0,0,0,0,0,24011,146.757,262.84,266.3059,153.0933596851443,2401.1,24011,21555,89.77135479571862
rule_mencius,60c1s5r10p,rw_1000000,concurrent_50,100,30015,146.033,263.016,265.87973999999997,152.5535088389139,0,0,0,0,0,30015,146.033,263.016,265.87973999999997,152.5535088389139,3001.5,30015,26938,89.74845910378144
rule_mencius,60c1s5r10p,rw_1000000,concurrent_60,100,36005,146.243,262.981,266.53492,152.7989255325649,0,0,0,0,0,36005,146.243,262.981,266.53492,152.7989255325649,3600.5,36005,31711,88.07387862796834
rule_mencius,60c1s5r10p,rw_1000000,concurrent_70,100,42013,146.264,259.94620000000003,268.6774,156.43954554304622,0,0,0,0,0,42013,146.264,259.94620000000003,268.6774,156.43954554304622,4201.3,42013,32234,76.72387118272916
rule_mencius,60c1s5r10p,rw_1000000,concurrent_80,100,48026,158.886,266.33799999999997,305.3535,171.97737643568067,0,0,0,0,0,48026,158.886,266.33799999999997,305.3535,171.97737643568067,4802.6,48026,43195,89.94086536459417
rule_mencius,60c1s5r10p,rw_1000000,concurrent_90,100,54048,181.0025,280.2113,365.75536999999963,191.7307008677472,0,0,0,0,0,54048,181.0025,280.2113,365.75536999999963,191.7307008677472,5404.8,54048,47784,88.41030195381883
rule_mencius,60c1s5r10p,rw_zipf_1,concurrent_1,0,0,0,0,0,0,578,568.1105,3497.9470000000024,3655.1546000000003,1144.7335579584776,578,568.1105,3497.9470000000024,3655.1546000000003,1144.7335579584776,57.8,0,0,0
rule_mencius,60c1s5r10p,rw_zipf_1,concurrent_2,0,0,0,0,0,0,1201,602.165,3228.93,3339.91,1073.0725465445462,1201,602.165,3228.93,3339.91,1073.0725465445462,120.1,0,0,0
rule_mencius,60c1s5r10p,rw_zipf_1,concurrent_5,0,0,0,0,0,0,2986,1202.85,3199.76,3305.1020000000017,1360.2728640656396,2986,1202.85,3199.76,3305.1020000000017,1360.2728640656396,298.6,0,0,0
rule_mencius,60c1s5r10p,rw_zipf_1,concurrent_10,0,0,0,0,0,0,5990,353.96799999999996,2548.811,2624.9387,793.6362059098499,5990,353.96799999999996,2548.811,2624.9387,793.6362059098499,599.0,0,0,0
rule_mencius,60c1s5r10p,rw_zipf_1,concurrent_20,0,0,0,0,0,0,12068,1646.55,3330.739,3396.5396,1560.230009338747,12068,1646.55,3330.739,3396.5396,1560.230009338747,1206.8,0,0,0
rule_mencius,60c1s5r10p,rw_zipf_1,concurrent_30,0,0,0,0,0,0,18015,656.209,3284.338,3328.7572,1070.9229279988897,18015,656.209,3284.338,3328.7572,1070.9229279988897,1801.5,0,0,0
rule_mencius,60c1s5r10p,rw_zipf_1,concurrent_40,0,0,0,0,0,0,24183,1458.8,3584.89,3657.3918,1556.178189414051,24183,1458.8,3584.89,3657.3918,1556.178189414051,2418.3,0,0,0
rule_mencius,60c1s5r10p,rw_zipf_1,concurrent_50,0,0,0,0,0,0,29911,363.374,2800.27,2872.95,840.0430554244258,29911,363.374,2800.27,2872.95,840.0430554244258,2991.1,0,0,0
rule_mencius,60c1s5r10p,rw_zipf_1,concurrent_60,0,0,0,0,0,0,36447,1253.17,3558.228,3618.6,1456.2055605344747,36447,1253.17,3558.228,3618.6,1456.2055605344747,3644.7,0,0,0
rule_mencius,60c1s5r10p,rw_zipf_1,concurrent_70,0,0,0,0,0,0,42080,998.7974999999999,3298.864,3333.1784000000002,1213.0356568274715,42080,998.7974999999999,3298.864,3333.1784000000002,1213.0356568274715,4208.0,0,0,0
rule_mencius,60c1s5r10p,rw_zipf_1,concurrent_80,0,0,0,0,0,0,47793,495.663,3119.4040000000005,3148.8708,962.9692319461008,47793,495.663,3119.4040000000005,3148.8708,962.9692319461008,4779.3,0,0,0
rule_mencius,60c1s5r10p,rw_zipf_1,concurrent_90,0,0,0,0,0,0,53742,511.9495,3064.959,3126.1277,930.3865291001451,53742,511.9495,3064.959,3126.1277,930.3865291001451,5374.2,0,0,0
rule_mencius,60c1s5r10p,rw_zipf_1,concurrent_1,25,144,147.024,689.2182000000062,2869.1243,359.4328159722222,460,350.60249999999996,2676.17,2886.4852,864.039004347826,604,282.3775,2655.6590000000006,2886.7332,743.7355422185431,60.4,144,85,59.02777777777778
rule_mencius,60c1s5r10p,rw_zipf_1,concurrent_2,25,310,146.4815,506.9304000000004,3161.4329000000002,304.911449032258,885,581.211,3146.654,3324.0484,969.9586124293785,1195,335.051,3097.718,3323.7054,797.4359173221758,119.5,310,199,64.19354838709677
rule_mencius,60c1s5r10p,rw_zipf_1,concurrent_5,25,735,185.052,634.2360000000001,3021.409,338.8074289795918,2255,528.732,2988.7980000000002,3080.8084,906.9531179157428,2990,288.633,2968.598,3075.5211,767.2918866889632,299.0,735,464,63.12925170068027
rule_mencius,60c1s5r10p,rw_zipf_1,concurrent_10,25,1495,185.5,804.7290000000002,2985.4923999999996,424.2096503010033,4505,733.795,2932.3,3030.9424,1050.7996831298558,6000,639.9145000000001,2926.366,3026.3222,894.6743332833335,600.0,1495,900,60.20066889632107
rule_mencius,60c1s5r10p,rw_zipf_1,concurrent_20,25,3009,184.745,544.7452000000001,2719.2544000000003,365.24732831505486,8991,280.343,2664.91,2732.28,731.9707761428095,12000,252.34949999999998,2646.9500000000003,2730.9001000000003,640.0148716,1200.0,3009,1520,50.515121302758395
rule_mencius,60c1s5r10p,rw_zipf_1,concurrent_30,25,4501,196.342,770.098,3036.64,474.6589583203733,13481,538.773,2982.99,3044.024,945.1020606854091,17982,497.699,2964.3469999999998,3043.2657,827.3473947002559,1798.2,4501,2398,53.277049544545655
rule_mencius,60c1s5r10p,rw_zipf_1,concurrent_40,25,5920,210.684,534.6381,2845.3762,444.69681103040534,18057,386.424,2778.41,2848.1032,841.0384118956637,23977,358.914,2770.134,2847.7223999999997,743.1803697251532,2397.7,5920,2777,46.90878378378378
rule_mencius,60c1s5r10p,rw_zipf_1,concurrent_50,25,7508,186.2735,1181.627,3272.2490000000003,515.3582851491742,22409,283.112,3213.174,3283.9451999999997,961.5429044580302,29917,261.403,3202.352,3282.3188,849.5679697462982,2991.7,7508,3334,44.405966968566865
rule_mencius,60c1s5r10p,rw_zipf_1,concurrent_60,25,8933,185.788,843.9346,2676.952,414.2608627448785,27128,265.431,2613.22,2682.6846,780.0180732158655,36061,253.767,2601.9,2681.91,689.4130106513962,3606.1,8933,3730,41.75528937646927
rule_mencius,60c1s5r10p,rw_zipf_1,concurrent_70,25,10504,229.1745,1306.4840000000017,3158.837,613.1961710681645,31508,642.751,3106.0079999999994,3164.4579,1097.9314154024376,42012,532.874,3084.889,3163.7578000000003,976.7360663001047,4201.2,10504,4905,46.6964965727342
rule_mencius,60c1s5r10p,rw_zipf_1,concurrent_80,25,11969,223.782,1164.212,3064.9248000000002,586.6018082797227,35972,856.0450000000001,3031.453,3075.1403,1076.9096993606138,47941,673.717,2994.49,3073.874,954.4989205210571,4794.1,11969,5418,45.266939593951044
rule_mencius,60c1s5r10p,rw_zipf_1,concurrent_90,25,13650,225.203,716.4013,3074.9759,529.6928910915751,40272,501.455,3020.729,3084.92,936.472400322805,53922,465.0845,3004.59,3083.7895000000003,833.4988403471681,5392.2,13650,6069,44.46153846153846
rule_mencius,60c1s5r10p,rw_zipf_1,concurrent_1,50,293,148.026,264.6608,3023.2155999999995,250.70267542662117,305,464.679,3010.4720000000007,3202.012,1008.1464419672131,598,245.48700000000002,2935.8590000000017,3201.5375000000004,637.0243289297658,59.8,293,199,67.91808873720136
rule_mencius,60c1s5r10p,rw_zipf_1,concurrent_2,50,575,185.014,1123.15,3257.5516000000002,407.18612782608693,626,1073.375,3174.0150000000003,3302.475,1303.1160384984028,1201,610.08,3115.38,3294.65,874.1737415487095,120.1,575,406,70.6086956521739
rule_mencius,60c1s5r10p,rw_zipf_1,concurrent_5,50,1475,184.748,643.4440000000001,3023.0038,392.42020433898307,1514,553.8969999999999,2937.948,3057.3792,913.7508968956406,2989,332.955,2918.1580000000004,3039.6356,656.4866708932753,298.9,1475,906,61.42372881355932
rule_mencius,60c1s5r10p,rw_zipf_1,concurrent_10,50,3032,185.5675,590.6711000000008,3393.0111,415.9868036939314,2965,446.802,3370.892,3408.3008,975.9888373355819,5997,260.084,3308.198,3401.5751999999998,692.8595783725196,599.7,3032,1619,53.39709762532981
rule_mencius,60c1s5r10p,rw_zipf_1,concurrent_20,50,5962,201.537,1737.0760000000048,3627.4568,705.8365174102651,5988,1324.68,3569.571,3651.6992999999998,1483.8101072144289,11950,825.0195,3538.105,3646.2094,1095.669643414226,1195.0,5962,3176,53.27071452532707
rule_mencius,60c1s5r10p,rw_zipf_1,concurrent_30,50,9050,199.188,848.0533,3094.8357,509.31738026519344,8930,567.9639999999999,3011.589,3104.6485,965.7771898320268,17980,358.7665,2993.953,3101.6752,736.0240598776418,1798.0,9050,4777,52.78453038674033
rule_mencius,60c1s5r10p,rw_zipf_1,concurrent_40,50,11936,220.965,1262.72,3380.688,564.5191355730564,12001,506.178,3320.68,3398.76,1095.116765336222,23937,356.377,3288.93,3395.3456,830.538359151105,2393.7,11936,5974,50.05026809651474
rule_mencius,60c1s5r10p,rw_zipf_1,concurrent_50,50,14987,223.482,1545.528,3061.8256,647.1896802762394,15031,799.126,3026.82,3069.15,1202.7018044707604,30018,640.297,2982.263,3066.6615,925.3528736524753,3001.8,14987,7229,48.23513711883633
rule_mencius,60c1s5r10p,rw_zipf_1,concurrent_60,50,18134,220.7065,855.4626000000001,3181.0967,532.1415217161134,17960,413.027,3113.2920000000004,3184.5882,957.685918680401,36094,366.194,3099.6040000000003,3183.22,743.8879995096138,3609.4,18134,8926,49.22245505679938
rule_mencius,60c1s5r10p,rw_zipf_1,concurrent_70,50,20785,214.46,779.6282000000007,3256.2148,564.1503647341833,21088,584.0160000000001,3199.078,3265.1817,1014.6280762613809,41873,497.465,3167.826,3261.4384,791.0190863611397,4187.3,20785,9818,47.23598749097907
rule_mencius,60c1s5r10p,rw_zipf_1,concurrent_80,50,24023,258.591,1611.025999999826,3063.6423999999997,665.7201299920908,23884,800.6855,2991.388,3076.3702,1165.3136184809914,47907,650.628,2967.33,3071.8282,914.7921002483979,4790.7,24023,10942,45.54801648420264
rule_mencius,60c1s5r10p,rw_zipf_1,concurrent_90,50,26362,553.7429999999999,3783.2760000000007,4627.5594,1105.4007601433882,26109,1535.6,4022.034,5340.057599999998,1722.3459507411237,52471,814.739,3944.64,5088.081000000004,1412.3859897238474,5247.1,26362,10067,38.18754267506259
rule_mencius,60c1s5r10p,rw_zipf_1,concurrent_1,75,430,185.185,836.1153,3304.8701999999994,335.0522365116279,171,824.635,3204.08,3366.935,1069.7521269005845,601,204.771,1090.25,3361.49,544.0933034941763,60.1,430,309,71.86046511627907
rule_mencius,60c1s5r10p,rw_zipf_1,concurrent_2,75,924,184.653,636.1573000000001,2917.4472,354.12204664502167,264,415.0335,2773.976,2959.6892000000003,765.4052981060606,1188,197.665,949.3337999999999,2920.3642,445.51832474747476,118.8,924,617,66.77489177489177
rule_mencius,60c1s5r10p,rw_zipf_1,concurrent_5,75,2070,195.46,2812.903000000001,5911.457799999999,725.1024133816425,677,1151.64,3613.7439999999997,6848.2552000000005,1822.2523802067944,2747,259.773,3524.528,6419.2072,995.4957615944668,274.7,2070,1053,50.869565217391305
rule_mencius,60c1s5r10p,rw_zipf_1,concurrent_10,75,4525,191.601,833.8375999999998,2752.308,418.8242598011049,1468,745.774,2680.853,2783.3851,1012.1374955040873,5993,219.863,2590.434,2764.7495999999996,564.1577872517937,599.3,4525,2696,59.58011049723757
rule_mencius,60c1s5r10p,rw_zipf_1,concurrent_20,75,8989,196.3,1295.86,3414.4304000000006,529.1313380798754,2982,485.477,3371.887,3459.9728,1127.9468536887994,11971,247.328,3302.74,3433.6399999999994,678.2974785481581,1197.1,8989,4861,54.07720547335632
rule_mencius,60c1s5r10p,rw_zipf_1,concurrent_30,75,13541,203.424,1110.17,3120.6079999999997,530.9750264973044,4487,838.805,3044.39,3131.6228,1050.952190728772,18028,234.5245,2968.7110000000002,3124.653,660.3924624805858,1802.8,13541,7058,52.12318144893287
rule_mencius,60c1s5r10p,rw_zipf_1,concurrent_40,75,17931,217.994,1031.11,2967.874,570.7145817020802,6024,812.2139999999999,2915.775,2978.0254,1100.083891998672,23955,263.039,2870.718,2971.7392,703.835881022751,2395.5,17931,9070,50.58278958228766
rule_mencius,60c1s5r10p,rw_zipf_1,concurrent_50,75,22340,225.793,1539.18,3692.9061,781.2737610116383,7526,1264.415,3658.38,3696.745,1463.6362806404463,29866,265.6815,3596.0,3694.093,953.2238153452085,2986.6,22340,10542,47.188898836168306
rule_mencius,60c1s5r10p,rw_zipf_1,concurrent_60,75,27069,207.22,929.0006000000002,3085.3732,531.4836729358307,8944,614.8054999999999,3046.322,3093.8571,1003.085612186941,36013,263.217,2988.1420000000003,3088.7187999999996,648.6082597423152,3601.3,27069,13060,48.24707229672319
rule_mencius,60c1s5r10p,rw_zipf_1,concurrent_70,75,31605,232.95,1392.108,3124.4667999999997,683.8397887454516,10357,1103.8,3086.354,3136.5944,1271.0516025490006,41962,288.92,3023.58,3128.6956,828.7745572398837,4196.2,31605,14784,46.777408637873755
rule_mencius,60c1s5r10p,rw_zipf_1,concurrent_80,75,36040,230.25900000000001,867.1695000000002,3041.5505000000003,556.7863011709213,11928,616.4325,2985.5220000000004,3052.34,984.1393507796781,47968,261.16949999999997,2929.6620000000003,3045.1598,663.0543793841728,4796.8,36040,16847,46.74528301886792
rule_mencius,60c1s5r10p,rw_zipf_1,concurrent_90,75,40526,226.679,930.9014999999999,2817.8025,536.5446243818783,13497,532.203,2759.19,2836.1603999999998,915.6789843446693,54023,261.63,2703.806,2824.2356,631.2668067193603,5402.3,40526,18019,44.46281399595321
rule_mencius,60c1s5r10p,rw_zipf_1,concurrent_1,100,588,147.27949999999998,443.03159999999997,2804.9227,261.44491700680277,0,0,0,0,0,588,147.27949999999998,443.03159999999997,2804.9227,261.44491700680277,58.8,588,429,72.95918367346938
rule_mencius,60c1s5r10p,rw_zipf_1,concurrent_2,100,1180,185.0685,511.0116,3129.7065000000002,312.95515593220335,0,0,0,0,0,1180,185.0685,511.0116,3129.7065000000002,312.95515593220335,118.0,1180,844,71.52542372881356
rule_mencius,60c1s5r10p,rw_zipf_1,concurrent_5,100,2955,185.993,1086.738,3190.6952,408.9479891032148,0,0,0,0,0,2955,185.993,1086.738,3190.6952,408.9479891032148,295.5,2955,1894,64.0947546531303
rule_mencius,60c1s5r10p,rw_zipf_1,concurrent_10,100,5962,193.4025,1624.68,3620.2703000000006,607.6555464441462,0,0,0,0,0,5962,193.4025,1624.68,3620.2703000000006,607.6555464441462,596.2,5962,3416,57.29620932572962
rule_mencius,60c1s5r10p,rw_zipf_1,concurrent_20,100,11983,187.38,793.4404000000002,2997.8354,448.9363855628808,0,0,0,0,0,11983,187.38,793.4404000000002,2997.8354,448.9363855628808,1198.3,11983,6467,53.96812150546608
rule_mencius,60c1s5r10p,rw_zipf_1,concurrent_30,100,17968,204.3265,674.4155000000001,3272.4799,471.18756951803203,0,0,0,0,0,17968,204.3265,674.4155000000001,3272.4799,471.18756951803203,1796.8,17968,9514,52.94968833481745
rule_mencius,60c1s5r10p,rw_zipf_1,concurrent_40,100,23987,204.938,1046.902,2930.651,542.7091228457081,0,0,0,0,0,23987,204.938,1046.902,2930.651,542.7091228457081,2398.7,23987,12168,50.72747738358277
rule_mencius,60c1s5r10p,rw_zipf_1,concurrent_50,100,29934,223.46699999999998,957.7461000000001,3457.52,640.5328421126477,0,0,0,0,0,29934,223.46699999999998,957.7461000000001,3457.52,640.5328421126477,2993.4,29934,14532,48.54680296652636
rule_mencius,60c1s5r10p,rw_zipf_1,concurrent_60,100,36032,221.1275,1241.8940000000002,3053.5469000000003,576.2954263737788,0,0,0,0,0,36032,221.1275,1241.8940000000002,3053.5469000000003,576.2954263737788,3603.2,36032,17446,48.418072824156305
rule_mencius,60c1s5r10p,rw_zipf_1,concurrent_70,100,41986,216.4105,994.827,3033.7505,583.6467089672749,0,0,0,0,0,41986,216.4105,994.827,3033.7505,583.6467089672749,4198.6,41986,19494,46.42976230171962
rule_mencius,60c1s5r10p,rw_zipf_1,concurrent_80,100,47992,224.065,1094.766,3068.6118,579.6526944949159,0,0,0,0,0,47992,224.065,1094.766,3068.6118,579.6526944949159,4799.2,47992,21742,45.303383897316216
rule_mencius,60c1s5r10p,rw_zipf_1,concurrent_90,100,53762,294.563,3294.555,3574.0239,839.5983284978238,0,0,0,0,0,53762,294.563,3294.555,3574.0239,839.5983284978238,5376.2,53762,21887,40.71091105241621
rule_mongodb,60c1s5r10p,rw_1000000,concurrent_1,0,0,0,0,0,0,600,203.73,294.6352,340.3533,200.491111,600,203.73,294.6352,340.3533,200.491111,60.0,0,0,0
rule_mongodb,60c1s5r10p,rw_1000000,concurrent_2,0,0,0,0,0,0,1200,206.04,299.1195,348.95923000000005,202.69668866666663,1200,206.04,299.1195,348.95923000000005,202.69668866666663,120.0,0,0,0
rule_mongodb,60c1s5r10p,rw_1000000,concurrent_5,0,0,0,0,0,0,3000,206.358,297.5218,347.7342,203.12021833333336,3000,206.358,297.5218,347.7342,203.12021833333336,300.0,0,0,0
rule_mongodb,60c1s5r10p,rw_1000000,concurrent_10,0,0,0,0,0,0,6000,207.95850000000002,300.8858,351.35777,204.73772415,6000,207.95850000000002,300.8858,351.35777,204.73772415,600.0,0,0,0
rule_mongodb,60c1s5r10p,rw_1000000,concurrent_20,0,0,0,0,0,0,12000,211.6605,307.3007,358.85558000000003,209.8918864833333,12000,211.6605,307.3007,358.85558000000003,209.8918864833333,1200.0,0,0,0
rule_mongodb,60c1s5r10p,rw_1000000,concurrent_30,0,0,0,0,0,0,18000,215.10000000000002,310.5311,363.54992999999985,213.82608966666666,18000,215.10000000000002,310.5311,363.54992999999985,213.82608966666666,1800.0,0,0,0
rule_mongodb,60c1s5r10p,rw_1000000,concurrent_40,0,0,0,0,0,0,24000,220.75549999999998,318.2991,373.43304,219.93731362916668,24000,220.75549999999998,318.2991,373.43304,219.93731362916668,2400.0,0,0,0
rule_mongodb,60c1s5r10p,rw_1000000,concurrent_50,0,0,0,0,0,0,30000,232.2135,334.02729999999997,427.5290699999992,230.93737264,30000,232.2135,334.02729999999997,427.5290699999992,230.93737264,3000.0,0,0,0
rule_mongodb,60c1s5r10p,rw_1000000,concurrent_60,0,0,0,0,0,0,36000,253.88299999999998,404.3705,606.17909,263.5494624138889,36000,253.88299999999998,404.3705,606.17909,263.5494624138889,3600.0,0,0,0
rule_mongodb,60c1s5r10p,rw_1000000,concurrent_70,0,0,0,0,0,0,42000,245.413,337.6183,391.32701,241.13852569285714,42000,245.413,337.6183,391.32701,241.13852569285714,4200.0,0,0,0
rule_mongodb,60c1s5r10p,rw_1000000,concurrent_80,0,0,0,0,0,0,40976,1466.13,3261.285,3600.605,1668.2812441185085,40976,1466.13,3261.285,3600.605,1668.2812441185085,4097.6,0,0,0
rule_mongodb,60c1s5r10p,rw_1000000,concurrent_90,0,0,0,0,0,0,35598,5386.075000000001,6945.183,7232.234799999999,5037.884036294175,35598,5386.075000000001,6945.183,7232.234799999999,5037.884036294175,3559.8,0,0,0
rule_mongodb,60c1s5r10p,rw_1000000,concurrent_1,25,157,76.3071,221.2534,228.79332,126.29050828025477,443,206.748,298.84880000000004,347.70992,203.8875072234763,600,179.73700000000002,280.81270000000006,346.16389,183.58295916666665,60.0,157,157,100.0
rule_mongodb,60c1s5r10p,rw_1000000,concurrent_2,25,275,75.3389,219.0274,225.09304,120.39388399999999,925,208.625,296.6480000000001,350.28928,204.24544086486486,1200,180.361,284.24440000000004,347.87264,185.02945908333334,120.0,275,275,100.0
rule_mongodb,60c1s5r10p,rw_1000000,concurrent_5,25,776,76.70054999999999,217.9305,228.94,123.79417280927835,2224,207.4235,299.4375,349.60442,203.4131987410072,3000,181.61,285.2322,348.11224000000004,182.81841070000002,300.0,776,776,100.0
rule_mongodb,60c1s5r10p,rw_1000000,concurrent_10,25,1499,76.5679,220.81640000000002,229.37724,124.88036017344896,4501,208.399,302.313,352.306,205.72286682959344,6000,182.0655,287.8876,350.43309,185.52571391666666,600.0,1499,1499,100.0
rule_mongodb,60c1s5r10p,rw_1000000,concurrent_20,25,3011,78.3069,210.411,230.8212,124.58688757887744,8989,213.229,304.8286,354.8100400000001,209.4509164756925,12000,186.6485,292.8331,352.51439,188.157117225,1200.0,3011,3011,100.0
rule_mongodb,60c1s5r10p,rw_1000000,concurrent_30,25,4555,136.047,218.904,226.2616,125.88182234906695,13445,214.949,308.6664,358.29924,212.62842606173297,18000,189.8715,296.2781,355.95286999999985,190.67671606666667,1800.0,4555,4553,99.95609220636663
rule_mongodb,60c1s5r10p,rw_1000000,concurrent_40,25,6014,80.10255000000001,205.3707,231.76037,124.13976420019955,17986,221.515,316.76300000000003,368.99225,219.77664486823087,24000,195.71050000000002,304.6519000000001,366.94938999999994,195.81163652083333,2400.0,6014,6011,99.95011639507815
rule_mongodb,60c1s5r10p,rw_1000000,concurrent_50,25,7546,86.77295000000001,207.938,234.0227,125.65314223429631,22454,228.47050000000002,325.04830000000004,406.77928000000014,227.4509244188118,30000,197.84050000000002,312.49420000000003,388.2401999999989,201.84538894000005,3000.0,7546,7542,99.94699178372647
rule_mongodb,60c1s5r10p,rw_1000000,concurrent_60,25,8994,136.0665,222.2235,242.21096,128.91128782521682,27006,237.94549999999998,338.499,446.3886500000001,236.79257324298305,36000,202.7765,325.82680000000005,427.7874900000001,209.84023210277775,3600.0,8994,8989,99.94440738269958
rule_mongodb,60c1s5r10p,rw_1000000,concurrent_70,25,10552,135.121,225.7268,277.4452899999999,134.91806345716452,31448,370.847,522.8985,621.4072199999999,369.94758444416175,42000,316.879,504.41349999999994,611.5460300000001,310.89921526666666,4200.0,10552,10540,99.88627748294162
rule_mongodb,60c1s5r10p,rw_1000000,concurrent_80,25,11494,121.3345,223.312,276.15821,140.26709373586218,33898,1412.2350000000001,2117.199,2519.9809999999993,1426.5107913151219,45392,1196.99,1989.89,2488.5503999999983,1100.8127595038773,4539.2,11494,11433,99.46928832434314
rule_mongodb,60c1s5r10p,rw_1000000,concurrent_90,25,9719,137.067,227.1262,5300.8439999999955,229.8862564770038,28998,4935.645,6317.78,6618.3145,4601.602871404924,38717,3981.6,6248.94,6595.5984,3504.1853602216083,3871.7,9719,9544,98.19940323078507
rule_mongodb,60c1s5r10p,rw_1000000,concurrent_1,50,292,136.139,219.1493,228.91381,127.25907191780824,308,195.91699999999997,300.8575,350.4691500000001,198.5305938311688,600,172.2615,262.91020000000003,336.70245,163.84511983333334,60.0,292,292,100.0
rule_mongodb,60c1s5r10p,rw_1000000,concurrent_2,50,588,135.978,205.79210000000003,230.22465,127.31713231292518,612,199.5615,300.8902,353.34565,200.2110781045752,1200,174.012,263.7241,342.83426,164.49304466666666,120.0,588,588,100.0
rule_mongodb,60c1s5r10p,rw_1000000,concurrent_5,50,1513,135.622,222.4038,229.57088,127.17823093192334,1487,198.601,299.1878,352.03342000000004,201.24106677874914,3000,172.876,264.7321,344.2271899999996,163.8887099,300.0,1513,1513,100.0
rule_mongodb,60c1s5r10p,rw_1000000,concurrent_10,50,2949,77.1052,221.137,229.38356,125.14541353001017,3051,209.107,301.551,354.808,205.90583359554245,6000,174.284,269.93280000000004,346.44291000000004,166.21208713333334,600.0,2949,2948,99.96609020006782
rule_mongodb,60c1s5r10p,rw_1000000,concurrent_20,50,5964,135.19400000000002,203.70170000000002,225.44474,125.41433819584174,6036,209.2425,303.5915,354.63269999999994,207.96018041749502,12000,174.00150000000002,272.6123,349.16826,166.93489683333334,1200.0,5964,5962,99.9664654594232
rule_mongodb,60c1s5r10p,rw_1000000,concurrent_30,50,9017,136.915,220.03740000000002,229.24156,125.8196946323611,8983,214.841,310.3964,362.05818,213.2335285539352,18000,175.6065,277.7977,354.77039999999994,169.44405408333336,1800.0,9017,9016,99.9889098369746
rule_mongodb,60c1s5r10p,rw_1000000,concurrent_40,50,11961,136.805,219.036,231.5028,126.26284399297717,12039,222.744,320.3352000000001,377.08560000000017,221.57437753966272,24000,176.91899999999998,287.05210000000005,366.19316999999995,174.07349200833332,2400.0,11961,11957,99.966557980102
rule_mongodb,60c1s5r10p,rw_1000000,concurrent_50,50,15042,89.46655,208.6344,230.28808,125.46064350485308,14958,231.432,326.2736000000001,397.8669600000002,229.57325088915633,30000,179.012,293.6152000000001,374.05721,177.37118954666667,3000.0,15042,15035,99.9534636351549
rule_mongodb,60c1s5r10p,rw_1000000,concurrent_60,50,17900,134.441,223.0961,241.54613999999998,128.04104281005587,18100,237.9675,336.8883,433.6086199999991,235.735190519337,36000,184.9795,300.60040000000004,387.64171000000016,182.18726707500002,3600.0,17900,17891,99.94972067039106
rule_mongodb,60c1s5r10p,rw_1000000,concurrent_70,50,21180,135.6655,223.96710000000002,261.77055999999953,133.0924383569405,20820,284.8155,455.6309000000001,572.9125300000005,294.4514155523535,42000,197.913,384.73909999999995,549.6681100000003,213.08038848095237,4200.0,21180,21163,99.91973559962229
rule_mongodb,60c1s5r10p,rw_1000000,concurrent_80,50,23454,135.942,225.53490000000002,287.1840600000001,142.93412777777777,23410,1403.5549999999998,2020.9570000000006,2430.7721,1417.3296243485688,46864,295.47450000000003,1774.6380000000001,2355.5702000000015,779.5336193858826,4686.4,23454,23325,99.44998720900486
rule_mongodb,60c1s5r10p,rw_1000000,concurrent_90,50,20345,136.131,228.0676,5618.312800000045,242.11974225116737,20320,4793.37,7439.450000000001,7837.6424,4840.75143996063,40665,974.241,7001.6359999999995,7770.1736,2540.02201933112,4066.5,20345,19953,98.07323666748587
rule_mongodb,60c1s5r10p,rw_1000000,concurrent_1,75,453,135.108,215.263,227.0224,125.750412803532,147,200.057,297.9252,339.93357999999995,201.93414285714286,600,143.79899999999998,227.0288,314.4540599999999,144.41542666666666,60.0,453,453,100.0
rule_mongodb,60c1s5r10p,rw_1000000,concurrent_2,75,873,75.5681,204.00719999999998,229.40456,123.74723161512027,327,215.634,304.321,347.63986,207.6549651376147,1200,142.8375,243.04680000000008,335.92836,146.612089,120.0,873,873,100.0
rule_mongodb,60c1s5r10p,rw_1000000,concurrent_5,75,2298,75.91454999999999,225.757,228.78003,125.69700330722368,702,206.7255,303.643,353.69924000000003,205.22857136752137,3000,138.1995,228.8955,330.91346999999996,144.30739023333334,300.0,2298,2298,100.0
rule_mongodb,60c1s5r10p,rw_1000000,concurrent_10,75,4545,133.84,218.2734,227.67668,125.06498030803081,1455,205.894,305.0,355.216,205.74860529209622,6000,138.3905,231.1327,334.58032000000003,144.63075936666667,600.0,4545,4545,100.0
rule_mongodb,60c1s5r10p,rw_1000000,concurrent_20,75,9038,81.1996,204.25730000000001,228.39562999999998,124.72130131666297,2962,211.7015,306.9633,356.35478,210.67775850776502,12000,142.277,236.68310000000002,335.47127,145.93822016666667,1200.0,9038,9037,99.9889356052224
rule_mongodb,60c1s5r10p,rw_1000000,concurrent_30,75,13435,134.988,207.731,227.60472,125.18595944919984,4565,214.82,312.54780000000005,362.3461199999999,214.1719616429354,18000,146.3145,242.275,340.1518199999997,147.7537983388889,1800.0,13435,13433,99.98511350949013
rule_mongodb,60c1s5r10p,rw_1000000,concurrent_40,75,18058,136.82350000000002,204.8079000000001,229.44243,125.98848787241113,5942,219.973,316.82070000000004,368.19407,220.11823771457424,24000,151.6115,244.92930000000013,346.80501,149.29344510416666,2400.0,18058,18051,99.96123601727766
rule_mongodb,60c1s5r10p,rw_1000000,concurrent_50,75,22496,91.90905000000001,220.76999999999998,235.5073,126.54274547030582,7504,228.23950000000002,325.5987,380.74519,226.36301385927507,30000,154.0245,253.4341,359.6551799999999,151.51112193666665,3000.0,22496,22483,99.9422119487909
rule_mongodb,60c1s5r10p,rw_1000000,concurrent_60,75,26911,135.292,218.199,239.93060000000003,128.260302036342,9089,241.073,340.28139999999996,420.8174800000011,238.58558366156896,36000,166.10000000000002,266.0199,374.00127000000003,156.11437105555552,3600.0,26911,26905,99.97770428449333
rule_mongodb,60c1s5r10p,rw_1000000,concurrent_70,75,31458,134.923,226.0655,265.82340000000005,134.54914540657384,10542,340.4205,505.9239,610.4825000000001,345.99978136027323,42000,181.1325,373.75829999999996,558.1230200000001,187.62325503095238,4200.0,31458,31421,99.88238285968593
rule_mongodb,60c1s5r10p,rw_1000000,concurrent_80,75,34583,135.614,227.5308,305.59996,159.4414274209872,11489,2161.87,3657.87,4107.9568,2258.25914448603,46072,197.561,2426.181,3974.589,682.8247568045668,4607.2,34583,34285,99.13830494751757
rule_mongodb,60c1s5r10p,rw_1000000,concurrent_90,75,35569,134.344,228.0576,3988.6839999999997,207.31358726700216,11954,3895.565,6760.847000000001,7225.4517,4087.8784709720594,47523,195.906,4553.684000000001,7063.163,1183.4361514950656,4752.3,35569,35024,98.46776687565014
rule_mongodb,60c1s5r10p,rw_1000000,concurrent_1,100,600,105.583,207.5813000000003,227.52804,125.076244,0,0,0,0,0,600,105.583,207.5813000000003,227.52804,125.076244,60.0,600,600,100.0
rule_mongodb,60c1s5r10p,rw_1000000,concurrent_2,100,1200,106.02105,209.49650000000133,228.86602000000002,125.22753625,0,0,0,0,0,1200,106.02105,209.49650000000133,228.86602000000002,125.22753625,120.0,1200,1200,100.0
rule_mongodb,60c1s5r10p,rw_1000000,concurrent_5,100,3000,107.771,215.0343999999999,228.73401,125.21704173333333,0,0,0,0,0,3000,107.771,215.0343999999999,228.73401,125.21704173333333,300.0,3000,2999,99.96666666666667
rule_mongodb,60c1s5r10p,rw_1000000,concurrent_10,100,6000,107.52055000000001,221.2153,227.59402,125.42378355000001,0,0,0,0,0,6000,107.52055000000001,221.2153,227.59402,125.42378355000001,600.0,6000,5999,99.98333333333333
rule_mongodb,60c1s5r10p,rw_1000000,concurrent_20,100,12000,136.1155,208.72610000000552,228.52101,125.4993561,0,0,0,0,0,12000,136.1155,208.72610000000552,228.52101,125.4993561,1200.0,12000,11996,99.96666666666667
rule_mongodb,60c1s5r10p,rw_1000000,concurrent_30,100,18000,110.5075,219.1396,229.90813999999997,125.56788083888888,0,0,0,0,0,18000,110.5075,219.1396,229.90813999999997,125.56788083888888,1800.0,18000,17999,99.99444444444444
rule_mongodb,60c1s5r10p,rw_1000000,concurrent_40,100,24000,135.163,222.4471,231.89113999999998,126.33112925833333,0,0,0,0,0,24000,135.163,222.4471,231.89113999999998,126.33112925833333,2400.0,24000,23985,99.9375
rule_mongodb,60c1s5r10p,rw_1000000,concurrent_50,100,30000,134.575,219.58620000000002,236.09410999999997,126.78194793000002,0,0,0,0,0,30000,134.575,219.58620000000002,236.09410999999997,126.78194793000002,3000.0,30000,29979,99.93
rule_mongodb,60c1s5r10p,rw_1000000,concurrent_60,100,36000,134.74349999999998,220.86090000000004,239.71107000000003,128.06427424444445,0,0,0,0,0,36000,134.74349999999998,220.86090000000004,239.71107000000003,128.06427424444445,3600.0,36000,35976,99.93333333333334
rule_mongodb,60c1s5r10p,rw_1000000,concurrent_70,100,42000,134.244,228.0784,296.15858000000014,139.02417336904765,0,0,0,0,0,42000,134.244,228.0784,296.15858000000014,139.02417336904765,4200.0,42000,41898,99.75714285714285
rule_mongodb,60c1s5r10p,rw_1000000,concurrent_80,100,48053,136.023,225.10220000000007,295.41528000000005,151.73625627120055,0,0,0,0,0,48053,136.023,225.10220000000007,295.41528000000005,151.73625627120055,4805.3,48053,47671,99.20504443010842
rule_mongodb,60c1s5r10p,rw_1000000,concurrent_90,100,54100,136.4275,227.0242,3350.7366000000115,193.22517992051755,0,0,0,0,0,54100,136.4275,227.0242,3350.7366000000115,193.22517992051755,5410.0,54100,53298,98.51756007393715
rule_mongodb,60c1s5r10p,rw_zipf_1,concurrent_1,0,0,0,0,0,0,600,202.9405,300.3127,346.85790000000003,203.45829666666668,600,202.9405,300.3127,346.85790000000003,203.45829666666668,60.0,0,0,0
rule_mongodb,60c1s5r10p,rw_zipf_1,concurrent_2,0,0,0,0,0,0,1200,205.0255,298.0804000000001,347.64022,203.05521474999998,1200,205.0255,298.0804000000001,347.64022,203.05521474999998,120.0,0,0,0
rule_mongodb,60c1s5r10p,rw_zipf_1,concurrent_5,0,0,0,0,0,0,3000,206.2335,302.16839999999996,352.83790999999997,203.92575280000003,3000,206.2335,302.16839999999996,352.83790999999997,203.92575280000003,300.0,0,0,0
rule_mongodb,60c1s5r10p,rw_zipf_1,concurrent_10,0,0,0,0,0,0,6000,207.954,302.46580000000006,354.23159000000004,205.6387642333333,6000,207.954,302.46580000000006,354.23159000000004,205.6387642333333,600.0,0,0,0
rule_mongodb,60c1s5r10p,rw_zipf_1,concurrent_20,0,0,0,0,0,0,12000,212.084,307.14430000000004,360.03822,210.028366125,12000,212.084,307.14430000000004,360.03822,210.028366125,1200.0,0,0,0
rule_mongodb,60c1s5r10p,rw_zipf_1,concurrent_30,0,0,0,0,0,0,18000,218.2785,313.8972,366.04508,216.66265193333336,18000,218.2785,313.8972,366.04508,216.66265193333336,1800.0,0,0,0
rule_mongodb,60c1s5r10p,rw_zipf_1,concurrent_40,0,0,0,0,0,0,24000,222.401,319.2504,373.6731,221.74953407916666,24000,222.401,319.2504,373.6731,221.74953407916666,2400.0,0,0,0
rule_mongodb,60c1s5r10p,rw_zipf_1,concurrent_50,0,0,0,0,0,0,30000,230.707,330.22170000000006,414.68804,229.46749025333332,30000,230.707,330.22170000000006,414.68804,229.46749025333332,3000.0,0,0,0
rule_mongodb,60c1s5r10p,rw_zipf_1,concurrent_60,0,0,0,0,0,0,36000,235.4475,332.7271,404.56514000000004,233.46181934166668,36000,235.4475,332.7271,404.56514000000004,233.46181934166668,3600.0,0,0,0
rule_mongodb,60c1s5r10p,rw_zipf_1,concurrent_70,0,0,0,0,0,0,42000,330.119,497.6127,600.8315000000001,335.1322111595238,42000,330.119,497.6127,600.8315000000001,335.1322111595238,4200.0,0,0,0
rule_mongodb,60c1s5r10p,rw_zipf_1,concurrent_80,0,0,0,0,0,0,41459,1373.91,2955.684000000002,3454.2175999999986,1591.0106554668469,41459,1373.91,2955.684000000002,3454.2175999999986,1591.0106554668469,4145.9,0,0,0
rule_mongodb,60c1s5r10p,rw_zipf_1,concurrent_90,0,0,0,0,0,0,35749,5261.51,6856.366,7140.5616,4987.944670536238,35749,5261.51,6856.366,7140.5616,4987.944670536238,3574.9,0,0,0
rule_mongodb,60c1s5r10p,rw_zipf_1,concurrent_1,25,132,136.852,220.68800000000005,273.28869,128.05232803030302,468,206.122,301.70959999999997,353.39878,203.24401944444446,600,179.6705,289.6854000000001,352.7038,186.70184733333332,60.0,132,124,93.93939393939394
rule_mongodb,60c1s5r10p,rw_zipf_1,concurrent_2,25,281,136.925,226.958,303.3969999999998,136.91349110320283,919,199.865,296.4194,352.58375999999987,200.46624341675732,1200,181.61149999999998,284.01500000000004,349.20345,185.58430725,120.0,281,256,91.1032028469751
rule_mongodb,60c1s5r10p,rw_zipf_1,concurrent_5,25,736,136.841,228.96,313.3988999999999,135.55491834239132,2264,207.58800000000002,302.06120000000004,354.78558999999996,204.62350075088338,3000,183.537,288.6176,351.1532799999999,187.6786752,300.0,736,624,84.78260869565217
rule_mongodb,60c1s5r10p,rw_zipf_1,concurrent_10,25,1530,137.9965,230.85320000000002,319.17920000000004,141.35309816993464,4470,207.3405,306.3995,358.48477,206.00862961968681,6000,185.8715,293.66630000000004,355.33544000000006,189.5214691,600.0,1530,1248,81.56862745098039
rule_mongodb,60c1s5r10p,rw_zipf_1,concurrent_20,25,3068,140.274,234.10100000000003,330.60141,145.90018777705347,8932,209.8315,306.67510000000004,359.6117500000001,209.4360670510524,12000,189.719,296.1922,357.69310000000013,193.19206058333333,1200.0,3068,2391,77.93350717079531
rule_mongodb,60c1s5r10p,rw_zipf_1,concurrent_30,25,4463,154.186,250.0046,345.53268,150.23770241989695,13537,217.049,314.6604,368.35496,216.08157048829136,18000,197.415,305.2632,367.20430999999996,199.75594920000003,1800.0,4463,3296,73.85166928075286
rule_mongodb,60c1s5r10p,rw_zipf_1,concurrent_40,25,5926,160.369,260.2935,353.14300000000003,153.39467522780964,18074,221.50349999999997,318.38610000000006,373.26582,220.2667948046918,24000,197.895,310.4261,371.97517,203.75495394583334,2400.0,5926,4245,71.63347958150523
rule_mongodb,60c1s5r10p,rw_zipf_1,concurrent_50,25,7502,161.7335,262.86240000000004,363.9713499999998,155.19668972274062,22498,228.22750000000002,324.41179999999997,382.54918999999995,226.39240560494264,30000,202.619,317.664,380.19509999999997,208.58873025333332,3000.0,7502,5349,71.3009864036257
rule_mongodb,60c1s5r10p,rw_zipf_1,concurrent_60,25,8894,172.9315,274.94429999999994,381.75897,167.5577437036204,27046,240.079,338.6095,453.8033499999998,248.82605908822003,35940,211.4795,329.9068000000001,438.22004000000004,228.7147514357262,3594.0,8894,6182,69.50753316842815
rule_mongodb,60c1s5r10p,rw_zipf_1,concurrent_70,25,10806,202.605,671.2185,861.7759000000004,297.58709805663517,31199,562.749,767.783,909.9281000000001,550.7684095003044,42005,522.374,753.234,898.14648,485.63622877276504,4200.5,10806,6670,61.72496761058671
rule_mongodb,60c1s5r10p,rw_zipf_1,concurrent_80,25,10358,244.586,2351.446000000001,3103.1582000000003,891.2330610156401,31877,1549.16,2803.492,3180.5372,1671.537350032939,42235,1470.21,2761.9320000000002,3170.0897999999997,1480.170194222801,4223.5,10358,5414,52.268777756323615
rule_mongodb,60c1s5r10p,rw_zipf_1,concurrent_90,25,9343,2969.95,6467.718,6859.2028,2897.162498233972,28355,5237.64,6611.972,6899.9784,4952.839780320932,37698,5016.035,6588.454000000001,6893.1403,4443.364666348347,3769.8,9343,4088,43.754682650112386
rule_mongodb,60c1s5r10p,rw_zipf_1,concurrent_1,50,300,136.2865,227.04749999999999,273.27073999999993,130.59743399999996,300,204.423,300.4748,347.36330000000004,203.97818,600,174.4425,267.9757,341.30483999999996,167.28780700000004,60.0,300,279,93.0
rule_mongodb,60c1s5r10p,rw_zipf_1,concurrent_2,50,590,137.127,222.4958,253.64426,131.91674949152542,610,206.07049999999998,302.7836,350.1309399999999,203.82353704918035,1200,174.121,269.3972,341.90363999999994,168.4693665,120.0,590,537,91.01694915254237
rule_mongodb,60c1s5r10p,rw_zipf_1,concurrent_5,50,1514,136.047,228.9711,327.8427799999998,140.2262142668428,1486,195.71,302.1355,354.36625000000015,201.5862203230148,3000,174.8145,273.78159999999997,350.92132,170.6198706,300.0,1514,1281,84.61030383091149
rule_mongodb,60c1s5r10p,rw_zipf_1,concurrent_10,50,2966,138.1605,228.8915,321.1278,141.0967870532704,3034,204.4715,305.18010000000004,355.22451,205.62545942649967,6000,176.2055,277.40090000000004,349.8288500000001,173.72678571666668,600.0,2966,2436,82.13081591368847
rule_mongodb,60c1s5r10p,rw_zipf_1,concurrent_20,50,6017,143.558,231.7602,326.52764,145.91080159547946,5983,211.37,303.1746,354.80262,209.08003513287647,12000,176.642,281.87210000000005,349.96346000000005,177.4059286166667,1200.0,6017,4548,75.58584011966096
rule_mongodb,60c1s5r10p,rw_zipf_1,concurrent_30,50,8936,152.373,244.18849999999998,339.00889999999987,149.57910333482542,9064,213.77050000000003,310.4114,360.90690000000006,212.8073252096205,18000,180.873,289.5781,356.10976999999986,181.41802572777777,1800.0,8936,6585,73.69068934646374
rule_mongodb,60c1s5r10p,rw_zipf_1,concurrent_40,50,12084,160.93599999999998,260.62750000000005,371.42852,155.36611106421714,11916,222.8295,324.145,540.3217000000001,226.49747411043975,24000,187.894,302.5262,476.369149999999,190.6828328166667,2400.0,12084,8665,71.70638861304204
rule_mongodb,60c1s5r10p,rw_zipf_1,concurrent_50,50,15063,166.706,268.88620000000003,363.76721999999995,157.2691049458939,14937,227.567,324.61359999999996,383.54832,226.53342510544286,30000,193.357,304.74330000000003,377.89919999999995,191.7558099533333,3000.0,15063,10491,69.64748058155746
rule_mongodb,60c1s5r10p,rw_zipf_1,concurrent_60,50,18053,176.545,292.7216,511.42607999999996,171.81378083974963,17947,247.177,374.9078,579.91432,253.68171925112836,36000,199.814,344.8892,554.7716000000005,212.6272222472222,3600.0,18053,12194,67.54556029468786
rule_mongodb,60c1s5r10p,rw_zipf_1,concurrent_70,50,21029,195.556,369.7162,526.5966800000001,194.89024958866327,20971,296.302,455.457,561.2067,303.70566940536935,42000,233.77749999999997,425.4682,548.50111,249.2228250404762,4200.0,21029,13738,65.32883161348614
rule_mongodb,60c1s5r10p,rw_zipf_1,concurrent_80,50,20562,289.8485,3142.7140000000004,3674.6589999999997,1143.9633487452584,20141,1933.17,3417.63,3742.18,2100.071063800209,40703,1650.62,3338.738,3719.6696,1617.0725910350588,4070.3,20562,10349,50.330707129656645
rule_mongodb,60c1s5r10p,rw_zipf_1,concurrent_90,50,19060,2790.8,6841.862000000002,7308.2207,2797.7043133840502,18965,4832.51,7027.29,7349.2408,4830.820558555233,38025,4042.0,6966.632,7335.0776000000005,3811.7227115345167,3802.5,19060,8489,44.53830010493179
rule_mongodb,60c1s5r10p,rw_zipf_1,concurrent_1,75,451,135.337,221.884,269.18550000000005,129.8443068736142,149,193.051,302.4086000000001,340.77956,200.53899395973156,600,140.868,242.11250000000004,335.81245,147.40015416666665,60.0,451,427,94.67849223946784
rule_mongodb,60c1s5r10p,rw_zipf_1,concurrent_2,75,907,136.105,222.2378,275.8280599999999,130.90208070562295,293,210.208,312.4772000000001,352.83991999999984,208.28428361774746,1200,147.325,251.41,337.74987,149.79623525,120.0,907,824,90.8489525909592
rule_mongodb,60c1s5r10p,rw_zipf_1,concurrent_5,75,2262,136.9105,227.33,321.3435199999992,138.14982236958443,738,203.4265,298.4956,347.42471,203.11143577235774,3000,158.781,256.0464,336.4376199999996,154.13037926666664,300.0,2262,1902,84.08488063660478
rule_mongodb,60c1s5r10p,rw_zipf_1,concurrent_10,75,4471,137.313,229.391,325.60730000000007,140.81962404383805,1529,211.821,303.0812,356.94048000000004,207.04424126880312,6000,166.61700000000002,258.7084,345.72122000000013,157.69586400000003,600.0,4471,3583,80.13867143815702
rule_mongodb,60c1s5r10p,rw_zipf_1,concurrent_20,75,9058,146.6105,238.09610000000004,336.3896200000001,146.58603585780529,2942,205.649,307.77950000000004,359.06528000000003,208.41855605030588,12000,171.7235,267.8816,349.6883100000001,161.745308725,1200.0,9058,6863,75.76727754471186
rule_mongodb,60c1s5r10p,rw_zipf_1,concurrent_30,75,13555,150.567,249.3128,344.85882,150.38243549981559,4445,217.33,312.4832,365.68304,215.59176062992125,18000,174.169,276.03540000000004,355.6865899999999,166.48551606666666,1800.0,13555,9912,73.12430837329399
rule_mongodb,60c1s5r10p,rw_zipf_1,concurrent_40,75,17915,160.498,259.2898,351.10554,153.86277022606754,6085,220.67,317.7062,369.8204,220.08648729663108,24000,176.07049999999998,281.3654000000001,361.34105,170.65324182499998,2400.0,17915,12563,70.1255930784259
rule_mongodb,60c1s5r10p,rw_zipf_1,concurrent_50,75,22503,171.421,270.0361999999999,367.65386,158.619852130827,7497,231.644,327.3062,404.2223599999999,229.4616801253835,30000,178.71699999999998,290.1881,376.1064199999998,176.32322494666667,3000.0,22503,15483,68.80415944540728
rule_mongodb,60c1s5r10p,rw_zipf_1,concurrent_60,75,27030,175.04,296.7101,539.1648099999998,174.09263103588606,8970,252.662,381.4008,607.8639599999997,259.48686565217395,36000,192.96699999999998,331.5942,562.568270000001,195.37002782777776,3600.0,27030,17917,66.28560858305586
rule_mongodb,60c1s5r10p,rw_zipf_1,concurrent_70,75,31463,195.534,367.328,517.5850400000005,195.90874400406827,10537,298.396,440.2851999999999,546.02956,302.54740125272843,42000,203.104,395.70459999999997,529.27615,222.66235189523815,4200.0,31463,20258,64.38673998029431
rule_mongodb,60c1s5r10p,rw_zipf_1,concurrent_80,75,32577,251.218,2498.994,3546.8499999999985,955.2057784756117,10810,1661.475,3172.978,3630.459,1794.6810323774284,43387,1040.52,2750.1560000000004,3576.684,1164.3635329799247,4338.7,32577,16860,51.75430518463947
rule_mongodb,60c1s5r10p,rw_zipf_1,concurrent_90,75,28893,2779.5,6609.396,7020.0848,2821.4790471705955,9598,5060.040000000001,6760.613,7053.860500000001,4833.737576474266,38491,3559.58,6669.03,7032.487999999999,3323.2497822581904,3849.1,28893,12688,43.91375073547226
rule_mongodb,60c1s5r10p,rw_zipf_1,concurrent_1,100,600,135.09,223.30780000000001,315.23747,130.11585783333334,0,0,0,0,0,600,135.09,223.30780000000001,315.23747,130.11585783333334,60.0,600,561,93.5
rule_mongodb,60c1s5r10p,rw_zipf_1,concurrent_2,100,1200,136.665,228.5995,321.18573999999995,134.01914491666668,0,0,0,0,0,1200,136.665,228.5995,321.18573999999995,134.01914491666668,120.0,1200,1073,89.41666666666667
rule_mongodb,60c1s5r10p,rw_zipf_1,concurrent_5,100,3000,137.015,228.9256,313.7412799999999,138.88890256666664,0,0,0,0,0,3000,137.015,228.9256,313.7412799999999,138.88890256666664,300.0,3000,2490,83.0
rule_mongodb,60c1s5r10p,rw_zipf_1,concurrent_10,100,6000,138.68200000000002,227.5337000000001,325.85212000000007,141.76471498333333,0,0,0,0,0,6000,138.68200000000002,227.5337000000001,325.85212000000007,141.76471498333333,600.0,6000,4746,79.1
rule_mongodb,60c1s5r10p,rw_zipf_1,concurrent_20,100,12000,141.85000000000002,238.1645,338.34352000000007,146.735359125,0,0,0,0,0,12000,141.85000000000002,238.1645,338.34352000000007,146.735359125,1200.0,12000,8981,74.84166666666667
rule_mongodb,60c1s5r10p,rw_zipf_1,concurrent_30,100,18000,153.4145,252.51030000000003,344.00655999999987,150.54491685555556,0,0,0,0,0,18000,153.4145,252.51030000000003,344.00655999999987,150.54491685555556,1800.0,18000,12940,71.88888888888889
rule_mongodb,60c1s5r10p,rw_zipf_1,concurrent_40,100,24000,163.562,261.2093,354.86723,154.60134379166666,0,0,0,0,0,24000,163.562,261.2093,354.86723,154.60134379166666,2400.0,24000,16757,69.82083333333334
rule_mongodb,60c1s5r10p,rw_zipf_1,concurrent_50,100,30000,173.20749999999998,274.3002,376.81516999999997,161.02651961333333,0,0,0,0,0,30000,173.20749999999998,274.3002,376.81516999999997,161.02651961333333,3000.0,30000,20373,67.91
rule_mongodb,60c1s5r10p,rw_zipf_1,concurrent_60,100,36000,174.31,282.9615,388.9364600000003,165.44329491944447,0,0,0,0,0,36000,174.31,282.9615,388.9364600000003,165.44329491944447,3600.0,36000,23935,66.48611111111111
rule_mongodb,60c1s5r10p,rw_zipf_1,concurrent_70,100,42000,182.3425,304.768,416.71766000000014,176.43493074761906,0,0,0,0,0,42000,182.3425,304.768,416.71766000000014,176.43493074761906,4200.0,42000,27051,64.40714285714286
rule_mongodb,60c1s5r10p,rw_zipf_1,concurrent_80,100,44262,269.6295,2530.466,3294.9541,1011.3279293570106,0,0,0,0,0,44262,269.6295,2530.466,3294.9541,1011.3279293570106,4426.2,44262,22467,50.75911617188559
rule_mongodb,60c1s5r10p,rw_zipf_1,concurrent_90,100,40069,2814.22,6686.314,7088.022,2806.078483900272,0,0,0,0,0,40069,2814.22,6686.314,7088.022,2806.078483900272,4006.9,40069,17870,44.59806833212708
