protocol,latency_ms,cumulative_fraction
raft,71.335938,1.9645053179158956e-06
raft,141.27417,0.0010018977121371067
raft,231.387939,0.002001830918956298
raft,251.781982,0.0030017641257754886
raft,270.87207,0.0040016973325946795
raft,298.612061,0.00500163053941387
raft,364.447021,0.006001563746233061
raft,454.154053,0.007001496953052252
raft,525.053955,0.008001430159871443
raft,579.749023,0.009001363366690633
raft,638.348877,0.010001296573509824
raft,703.990967,0.011001229780329016
raft,790.954102,0.012001162987148206
raft,1182.485107,0.013001096193967398
raft,1212.255127,0.014001029400786588
raft,1244.756104,0.01500096260760578
raft,1291.890869,0.01600089581442497
raft,1303.228027,0.01700082902124416
raft,1304.550049,0.018000762228063353
raft,1305.743164,0.01900069543488254
raft,1306.573975,0.020000628641701733
raft,1307.750977,0.021000561848520925
raft,1308.324951,0.022000495055340116
raft,1308.946045,0.023000428262159305
raft,1309.446045,0.024000361468978496
raft,1309.963135,0.025000294675797688
raft,1310.381104,0.02600022788261688
raft,1310.793945,0.027000161089436068
raft,1311.216064,0.02800009429625526
raft,1311.535156,0.02900002750307445
raft,1311.924805,0.029999960709893643
raft,1312.358887,0.03099989391671283
raft,1312.702881,0.031999827123532026
raft,1313.126953,0.032999760330351215
raft,1313.459961,0.0339996935371704
raft,1313.756836,0.0349996267439896
raft,1314.148926,0.035999559950808786
raft,1314.47998,0.036999493157627975
raft,1314.723877,0.03799942636444717
raft,1315.0,0.03899935957126636
raft,1315.221924,0.03999929277808555
raft,1315.511963,0.04099922598490474
raft,1315.738037,0.04199915919172393
raft,1316.049072,0.042999092398543125
raft,1316.410156,0.04399902560536231
raft,1316.659912,0.0449989588121815
raft,1316.835938,0.045998892019000696
raft,1317.020996,0.046998825225819885
raft,1317.281006,0.04799875843263908
raft,1317.545898,0.04899869163945827
raft,1317.835938,0.049998624846277456
raft,1318.038086,0.05099855805309665
raft,1318.35791,0.05199849125991584
raft,1318.661865,0.052998424466735035
raft,1319.038818,0.05399835767355422
raft,1319.38501,0.05499829088037341
raft,1320.293945,0.055998224087192607
raft,1338.508057,0.056998157294011795
raft,1484.3479,0.05799809050083098
raft,1567.661865,0.05899802370765018
raft,1583.644043,0.059997956914469366
raft,1658.25,0.06099789012128856
raft,1677.251953,0.06199782332810775
raft,1699.653076,0.06299775653492694
raft,1711.100098,0.06399768974174613
raft,1712.800049,0.06499762294856533
raft,1713.472168,0.06599755615538451
raft,1714.555176,0.0669974893622037
raft,1715.032227,0.0679974225690229
raft,1715.438965,0.06899735577584208
raft,1715.98291,0.06999728898266128
raft,1716.430176,0.07099722218948047
raft,1716.727051,0.07199715539629965
raft,1717.376953,0.07299708860311885
raft,1718.186768,0.07399702180993804
raft,1720.905029,0.07499695501675722
raft,1736.533936,0.07599688822357642
raft,1749.577148,0.07699682143039561
raft,1763.583984,0.0779967546372148
raft,1780.914062,0.07899668784403399
raft,1801.791992,0.07999662105085319
raft,1811.699219,0.08099655425767238
raft,1831.672852,0.08199648746449156
raft,1840.035889,0.08299642067131076
raft,1851.975098,0.08399635387812995
raft,1856.858887,0.08499628708494913
raft,1858.169189,0.08599622029176833
raft,1858.686035,0.08699615349858753
raft,1859.408936,0.0879960867054067
raft,1860.195068,0.0889960199122259
raft,1860.643066,0.0899959531190451
raft,1860.959961,0.09099588632586428
raft,1861.2771,0.09199581953268347
raft,1861.463135,0.09299575273950267
raft,1861.631104,0.09399568594632186
raft,1861.772949,0.09499561915314104
raft,1861.880859,0.09599555235996024
raft,1862.001953,0.09699548556677944
raft,1862.159912,0.09799541877359862
raft,1862.291016,0.09899535198041781
raft,1862.412842,0.099995285187237
raft,1862.503906,0.10099521839405619
raft,1862.618164,0.10199515160087538
raft,1862.75,0.10299508480769458
raft,1862.863037,0.10399501801451376
raft,1862.969971,0.10499495122133295
raft,1863.050049,0.10599488442815215
raft,1863.137939,0.10699481763497133
raft,1863.228027,0.10799475084179053
raft,1863.322021,0.10899468404860972
raft,1863.408936,0.10999461725542892
raft,1863.488037,0.1109945504622481
raft,1863.552979,0.1119944836690673
raft,1863.638916,0.11299441687588649
raft,1863.723877,0.11399435008270567
raft,1863.831055,0.11499428328952487
raft,1863.938965,0.11599421649634406
raft,1864.018799,0.11699414970316324
raft,1864.10498,0.11799408290998244
raft,1864.196045,0.11899401611680163
raft,1864.293945,0.11999394932362081
raft,1864.384033,0.12099388253044001
raft,1864.477051,0.1219938157372592
raft,1864.565186,0.12299374894407838
raft,1864.680908,0.12399368215089758
raft,1864.792969,0.12499361535771678
raft,1864.931885,0.12599354856453596
raft,1865.078857,0.12699348177135517
raft,1865.177002,0.12799341497817435
raft,1865.292969,0.12899334818499353
raft,1865.394043,0.12999328139181274
raft,1865.511963,0.13099321459863192
raft,1865.694092,0.1319931478054511
raft,1865.858154,0.1329930810122703
raft,1866.125,0.1339930142190895
raft,1866.616943,0.13499294742590867
raft,1867.266846,0.13599288063272788
raft,1867.762939,0.13699281383954706
raft,1868.197998,0.13799274704636624
raft,1868.865967,0.13899268025318545
raft,1870.028076,0.13999261346000463
raft,1876.450195,0.14099254666682381
raft,1880.48999,0.14199247987364302
raft,1882.851074,0.1429924130804622
raft,1883.7229,0.1439923462872814
raft,1884.386963,0.1449922794941006
raft,1885.029053,0.14599221270091978
raft,1885.531006,0.14699214590773899
raft,1885.840088,0.14799207911455817
raft,1886.365967,0.14899201232137735
raft,1886.875977,0.14999194552819656
raft,1887.177002,0.15099187873501574
raft,1887.446045,0.15199181194183492
raft,1887.74585,0.15299174514865413
raft,1887.978027,0.1539916783554733
raft,1888.166992,0.1549916115622925
raft,1888.447998,0.1559915447691117
raft,1888.708008,0.15699147797593088
raft,1888.964844,0.15799141118275006
raft,1889.263916,0.15899134438956927
raft,1889.505127,0.15999127759638845
raft,1889.74707,0.16099121080320763
raft,1890.013916,0.16199114401002684
raft,1890.293213,0.16299107721684603
raft,1890.575928,0.1639910104236652
raft,1890.832031,0.16499094363048442
raft,1891.00293,0.1659908768373036
raft,1891.182861,0.16699081004412278
raft,1891.303955,0.167990743250942
raft,1891.456055,0.16899067645776117
raft,1891.624023,0.16999060966458035
raft,1891.756836,0.17099054287139956
raft,1891.874023,0.17199047607821874
raft,1891.995117,0.17299040928503792
raft,1892.084961,0.17399034249185713
raft,1892.194824,0.1749902756986763
raft,1892.374023,0.17599020890549552
raft,1892.514893,0.1769901421123147
raft,1892.593994,0.17799007531913388
raft,1892.699951,0.1789900085259531
raft,1892.853027,0.17998994173277227
raft,1892.967041,0.18098987493959146
raft,1893.091797,0.18198980814641066
raft,1893.250977,0.18298974135322985
raft,1893.390869,0.18398967456004903
raft,1893.603027,0.18498960776686824
raft,1893.781982,0.18598954097368742
raft,1894.178955,0.1869894741805066
raft,1894.430176,0.1879894073873258
raft,1894.803955,0.188989340594145
raft,1895.137939,0.18998927380096417
raft,1895.532959,0.19098920700778338
raft,1895.800049,0.19198914021460256
raft,1896.030029,0.19298907342142174
raft,1896.24585,0.19398900662824095
raft,1896.538818,0.19498893983506013
raft,1896.73584,0.1959888730418793
raft,1896.913086,0.19698880624869852
raft,1897.045166,0.1979887394555177
raft,1897.197021,0.19898867266233689
raft,1897.349121,0.1999886058691561
raft,1897.5,0.20098853907597528
raft,1897.615967,0.20198847228279446
raft,1897.733887,0.20298840548961367
raft,1897.880859,0.20398833869643285
raft,1898.016113,0.20498827190325203
raft,1898.136963,0.20598820511007124
raft,1898.259033,0.20698813831689042
raft,1898.35083,0.20798807152370963
raft,1898.461182,0.2089880047305288
raft,1898.555908,0.209987937937348
raft,1898.652832,0.2109878711441672
raft,1898.740967,0.21198780435098638
raft,1898.845947,0.21298773755780556
raft,1898.961182,0.21398767076462477
raft,1899.11499,0.21498760397144395
raft,1899.325928,0.21598753717826313
raft,1899.458984,0.21698747038508234
raft,1899.600098,0.21798740359190152
raft,1899.720947,0.2189873367987207
raft,1899.838867,0.21998727000553991
raft,1899.929932,0.2209872032123591
raft,1900.053955,0.22198713641917828
raft,1900.166016,0.22298706962599749
raft,1900.272949,0.22398700283281667
raft,1900.362793,0.22498693603963585
raft,1900.454834,0.22598686924645506
raft,1900.601807,0.22698680245327424
raft,1900.748047,0.22798673566009342
raft,1900.878174,0.22898666886691263
raft,1900.980957,0.2299866020737318
raft,1901.089111,0.230986535280551
raft,1901.192139,0.2319864684873702
raft,1901.288086,0.23298640169418938
raft,1901.374023,0.23398633490100856
raft,1901.468018,0.23498626810782777
raft,1901.580078,0.23598620131464695
raft,1901.665039,0.23698613452146616
raft,1901.75,0.23798606772828534
raft,1901.846191,0.23898600093510453
raft,1902.0,0.23998593414192373
raft,1902.135986,0.24098586734874292
raft,1902.293945,0.2419858005555621
raft,1902.522217,0.2429857337623813
raft,1902.738037,0.2439856669692005
raft,1903.117188,0.24498560017601967
raft,1903.771973,0.24598553338283888
raft,1904.859863,0.24698546658965806
raft,1911.409912,0.24798539979647724
raft,1918.376221,0.24898533300329645
raft,1922.031982,0.24998526621011563
raft,1923.898193,0.2509851994169348
raft,1925.853027,0.251985132623754
raft,1927.821045,0.25298506583057323
raft,1928.856934,0.2539849990373924
raft,1931.164062,0.2549849322442116
raft,1932.936035,0.2559848654510308
raft,1933.907959,0.25698479865784996
raft,1934.77002,0.25798473186466914
raft,1935.119141,0.2589846650714884
raft,1935.622803,0.25998459827830755
raft,1935.887939,0.26098453148512674
raft,1936.085205,0.2619844646919459
raft,1936.335938,0.2629843978987651
raft,1936.551025,0.2639843311055843
raft,1936.76709,0.2649842643124035
raft,1937.008057,0.2659841975192227
raft,1937.220947,0.2669841307260419
raft,1937.453857,0.26798406393286106
raft,1937.668945,0.26898399713968024
raft,1937.871094,0.2699839303464994
raft,1938.151123,0.27098386355331866
raft,1938.27417,0.27198379676013784
raft,1938.375,0.272983729966957
raft,1938.505127,0.2739836631737762
raft,1938.625977,0.2749835963805954
raft,1938.736084,0.27598352958741457
raft,1938.863037,0.2769834627942338
raft,1938.958984,0.277983396001053
raft,1939.074219,0.27898332920787217
raft,1939.179932,0.27998326241469135
raft,1939.286865,0.28098319562151053
raft,1939.406006,0.28198312882832977
raft,1939.517822,0.28298306203514895
raft,1939.643066,0.28398299524196813
raft,1939.754883,0.2849829284487873
raft,1939.845947,0.2859828616556065
raft,1939.952148,0.28698279486242567
raft,1940.028076,0.2879827280692449
raft,1940.13208,0.2889826612760641
raft,1940.222168,0.28998259448288327
raft,1940.312988,0.29098252768970245
raft,1940.411133,0.29198246089652163
raft,1940.510986,0.2929823941033408
raft,1940.657959,0.29398232731016005
raft,1940.802979,0.29498226051697923
raft,1940.897949,0.2959821937237984
raft,1940.985107,0.2969821269306176
raft,1941.093018,0.2979820601374368
raft,1941.170898,0.29898199334425596
raft,1941.24585,0.2999819265510752
raft,1941.328857,0.3009818597578944
raft,1941.406006,0.30198179296471356
raft,1941.489014,0.30298172617153274
raft,1941.572021,0.3039816593783519
raft,1941.675049,0.3049815925851711
raft,1941.78418,0.30598152579199034
raft,1941.88208,0.3069814589988095
raft,1941.959961,0.3079813922056287
raft,1942.035156,0.3089813254124479
raft,1942.098877,0.30998125861926706
raft,1942.177002,0.3109811918260863
raft,1942.28418,0.3119811250329055
raft,1942.370117,0.31298105823972466
raft,1942.478027,0.31398099144654384
raft,1942.616211,0.314980924653363
raft,1942.784912,0.3159808578601822
raft,1942.937012,0.31698079106700144
raft,1943.130859,0.3179807242738206
raft,1943.316895,0.3189806574806398
raft,1943.561035,0.319980590687459
raft,1944.052002,0.32098052389427817
raft,1944.592041,0.32198045710109735
raft,1945.282959,0.3229803903079166
raft,1946.135986,0.32398032351473577
raft,1946.660889,0.32498025672155495
raft,1947.207031,0.32598018992837413
raft,1947.656982,0.3269801231351933
raft,1948.259033,0.3279800563420125
raft,1949.415039,0.32897998954883173
raft,1950.496094,0.3299799227556509
raft,1951.708984,0.3309798559624701
raft,1952.917969,0.3319797891692893
raft,1954.229004,0.33297972237610846
raft,1955.599854,0.33397965558292764
raft,1956.47583,0.3349795887897469
raft,1957.174072,0.33597952199656606
raft,1957.614014,0.33697945520338524
raft,1957.968018,0.3379793884102044
raft,1958.552979,0.3389793216170236
raft,1959.115967,0.33997925482384284
raft,1959.702881,0.340979188030662
raft,1960.160889,0.3419791212374812
raft,1960.772949,0.3429790544443004
raft,1961.819092,0.34397898765111956
raft,1962.400146,0.34497892085793874
raft,1962.994141,0.345978854064758
raft,1963.807129,0.34697878727157716
raft,1964.672119,0.34797872047839634
raft,1965.158936,0.3489786536852155
raft,1965.802979,0.3499785868920347
raft,1966.335938,0.3509785200988539
raft,1967.146973,0.3519784533056731
raft,1967.85083,0.3529783865124923
raft,1968.270996,0.3539783197193115
raft,1968.612061,0.35497825292613067
raft,1969.248047,0.35597818613294985
raft,1969.724121,0.35697811933976903
raft,1970.176025,0.35797805254658827
raft,1970.701172,0.35897798575340745
raft,1971.00415,0.35997791896022663
raft,1971.266846,0.3609778521670458
raft,1971.466064,0.361977785373865
raft,1971.659912,0.36297771858068417
raft,1971.871094,0.3639776517875034
raft,1972.075195,0.3649775849943226
raft,1972.27002,0.36597751820114177
raft,1972.398193,0.36697745140796095
raft,1972.552979,0.36797738461478013
raft,1972.658936,0.3689773178215993
raft,1972.772217,0.36997725102841855
raft,1972.881104,0.37097718423523773
raft,1972.988037,0.3719771174420569
raft,1973.098877,0.3729770506488761
raft,1973.219971,0.3739769838556953
raft,1973.36499,0.3749769170625145
raft,1973.484863,0.3759768502693337
raft,1973.588867,0.3769767834761529
raft,1973.704102,0.37797671668297206
raft,1973.808105,0.37897664988979124
raft,1973.921143,0.3799765830966104
raft,1974.021973,0.38097651630342966
raft,1974.102051,0.38197644951024884
raft,1974.178955,0.382976382717068
raft,1974.246094,0.3839763159238872
raft,1974.319824,0.3849762491307064
raft,1974.378174,0.38597618233752556
raft,1974.433105,0.3869761155443448
raft,1974.499023,0.387976048751164
raft,1974.568115,0.38897598195798316
raft,1974.657959,0.38997591516480234
raft,1974.740967,0.3909758483716215
raft,1974.838867,0.3919757815784407
raft,1974.958984,0.39297571478525994
raft,1975.068115,0.3939756479920791
raft,1975.164795,0.3949755811988983
raft,1975.260986,0.3959755144057175
raft,1975.335205,0.39697544761253667
raft,1975.412109,0.39797538081935585
raft,1975.491211,0.3989753140261751
raft,1975.591797,0.39997524723299427
raft,1975.669922,0.40097518043981345
raft,1975.760986,0.40197511364663263
raft,1975.850098,0.4029750468534518
raft,1975.931885,0.40397498006027105
raft,1976.050781,0.40497491326709023
raft,1976.145996,0.4059748464739094
raft,1976.236816,0.4069747796807286
raft,1976.348877,0.4079747128875478
raft,1976.453125,0.40897464609436696
raft,1976.557861,0.4099745793011862
raft,1976.677979,0.4109745125080054
raft,1976.846924,0.41197444571482456
raft,1977.073975,0.41297437892164374
raft,1977.280029,0.4139743121284629
raft,1977.432129,0.4149742453352821
raft,1977.605957,0.41597417854210134
raft,1977.740967,0.4169741117489205
raft,1977.966064,0.4179740449557397
raft,1978.280029,0.4189739781625589
raft,1978.553223,0.41997391136937806
raft,1978.861084,0.42097384457619724
raft,1979.131104,0.4219737777830165
raft,1979.406982,0.42297371098983566
raft,1979.708008,0.42397364419665484
raft,1980.036133,0.424973577403474
raft,1980.327148,0.4259735106102932
raft,1980.62915,0.4269734438171124
raft,1981.173096,0.4279733770239316
raft,1981.492188,0.4289733102307508
raft,1981.86499,0.42997324343757
raft,1982.197021,0.43097317664438917
raft,1982.410889,0.43197310985120835
raft,1982.605957,0.4329730430580276
raft,1982.833984,0.43397297626484677
raft,1983.073975,0.43497290947166595
raft,1983.304932,0.43597284267848513
raft,1983.469971,0.4369727758853043
raft,1983.64209,0.4379727090921235
raft,1983.811035,0.43897264229894273
raft,1983.958008,0.4399725755057619
raft,1984.166016,0.4409725087125811
raft,1984.356934,0.44197244191940027
raft,1984.525879,0.44297237512621945
raft,1984.669922,0.44397230833303863
raft,1984.839111,0.44497224153985787
raft,1984.960205,0.44597217474667705
raft,1985.072998,0.44697210795349623
raft,1985.180908,0.4479720411603154
raft,1985.288818,0.4489719743671346
raft,1985.379883,0.4499719075739538
raft,1985.470947,0.450971840780773
raft,1985.562988,0.4519717739875922
raft,1985.678955,0.4529717071944114
raft,1985.810059,0.45397164040123056
raft,1985.930908,0.45497157360804974
raft,1986.051025,0.4559715068148689
raft,1986.167969,0.45697144002168816
raft,1986.291016,0.45797137322850734
raft,1986.405029,0.4589713064353265
raft,1986.50708,0.4599712396421457
raft,1986.630859,0.4609711728489649
raft,1986.765137,0.4619711060557841
raft,1986.87207,0.4629710392626033
raft,1986.977051,0.4639709724694225
raft,1987.072998,0.46497090567624166
raft,1987.164062,0.46597083888306084
raft,1987.262939,0.46697077208988
raft,1987.363037,0.46797070529669926
raft,1987.484863,0.46897063850351844
raft,1987.591064,0.4699705717103376
raft,1987.708008,0.4709705049171568
raft,1987.788086,0.471970438123976
raft,1987.918945,0.47297037133079517
raft,1988.046143,0.4739703045376144
raft,1988.176025,0.4749702377444336
raft,1988.334961,0.47597017095125277
raft,1988.530029,0.47697010415807195
raft,1988.822021,0.47797003736489113
raft,1989.130859,0.4789699705717103
raft,1989.411865,0.47996990377852955
raft,1989.60498,0.48096983698534873
raft,1989.757812,0.4819697701921679
raft,1989.930176,0.4829697033989871
raft,1990.098145,0.4839696366058063
raft,1990.302002,0.48496956981262546
raft,1990.518799,0.4859695030194447
raft,1990.697998,0.4869694362262639
raft,1990.887207,0.48796936943308306
raft,1991.018066,0.48896930263990224
raft,1991.132812,0.4899692358467214
raft,1991.233887,0.49096916905354065
raft,1991.356201,0.49196910226035984
raft,1991.468994,0.492969035467179
raft,1991.557129,0.4939689686739982
raft,1991.701904,0.4949689018808174
raft,1991.823975,0.49596883508763656
raft,1991.954102,0.4969687682944558
raft,1992.086914,0.497968701501275
raft,1992.204834,0.49896863470809416
raft,1992.322998,0.49996856791491334
raft,1992.433105,0.5009685011217325
raft,1992.539062,0.5019684343285518
raft,1992.649902,0.5029683675353709
raft,1992.769043,0.5039683007421901
raft,1992.939941,0.5049682339490092
raft,1993.105957,0.5059681671558285
raft,1993.266113,0.5069681003626477
raft,1993.438965,0.5079680335694668
raft,1993.586914,0.5089679667762861
raft,1993.716064,0.5099678999831052
raft,1993.888916,0.5109678331899244
raft,1994.050049,0.5119677663967437
raft,1994.253174,0.5129676996035628
raft,1994.500977,0.513967632810382
raft,1994.682861,0.5149675660172012
raft,1994.831055,0.5159674992240204
raft,1994.979004,0.5169674324308395
raft,1995.171875,0.5179673656376588
raft,1995.364014,0.518967298844478
raft,1995.541016,0.5199672320512971
raft,1995.772949,0.5209671652581164
raft,1995.964111,0.5219670984649355
raft,1996.201904,0.5229670316717547
raft,1996.400146,0.523966964878574
raft,1996.735107,0.5249668980853931
raft,1997.033936,0.5259668312922123
raft,1997.406006,0.5269667644990315
raft,1997.855957,0.5279666977058507
raft,1998.505127,0.5289666309126699
raft,1998.895996,0.5299665641194891
raft,1999.403076,0.5309664973263083
raft,1999.780029,0.5319664305331274
raft,2000.397949,0.5329663637399467
raft,2000.956055,0.5339662969467658
raft,2001.384033,0.534966230153585
raft,2001.818115,0.5359661633604043
raft,2002.279785,0.5369660965672234
raft,2002.635986,0.5379660297740426
raft,2003.035889,0.5389659629808617
raft,2003.320068,0.539965896187681
raft,2003.512939,0.5409658293945002
raft,2003.826904,0.5419657626013193
raft,2004.195068,0.5429656958081386
raft,2004.372803,0.5439656290149577
raft,2004.579102,0.544965562221777
raft,2004.804932,0.5459654954285961
raft,2005.052002,0.5469654286354153
raft,2005.269043,0.5479653618422345
raft,2005.47998,0.5489652950490537
raft,2005.781982,0.5499652282558729
raft,2006.121094,0.550965161462692
raft,2006.468018,0.5519650946695113
raft,2006.793945,0.5529650278763305
raft,2007.535156,0.5539649610831496
raft,2008.459961,0.5549648942899689
raft,2009.714844,0.555964827496788
raft,2010.371094,0.5569647607036072
raft,2010.986084,0.5579646939104265
raft,2011.433105,0.5589646271172456
raft,2011.839844,0.5599645603240648
raft,2012.279053,0.560964493530884
raft,2012.60791,0.5619644267377032
raft,2012.888916,0.5629643599445223
raft,2013.308838,0.5639642931513416
raft,2013.697021,0.5649642263581608
raft,2013.975098,0.5659641595649799
raft,2014.236084,0.5669640927717992
raft,2014.511963,0.5679640259786183
raft,2014.762939,0.5689639591854375
raft,2015.128906,0.5699638923922568
raft,2015.432129,0.5709638255990759
raft,2015.715088,0.5719637588058951
raft,2016.111816,0.5729636920127142
raft,2016.687988,0.5739636252195335
raft,2017.560791,0.5749635584263526
raft,2019.656006,0.5759634916331718
raft,2021.848877,0.5769634248399911
raft,2023.769043,0.5779633580468102
raft,2025.454102,0.5789632912536294
raft,2027.878906,0.5799632244604486
raft,2029.406006,0.5809631576672678
raft,2031.061035,0.581963090874087
raft,2032.002197,0.5829630240809062
raft,2032.605957,0.5839629572877254
raft,2032.938965,0.5849628904945445
raft,2033.248779,0.5859628237013638
raft,2033.562012,0.586962756908183
raft,2033.804199,0.5879626901150021
raft,2034.025146,0.5889626233218214
raft,2034.208984,0.5899625565286405
raft,2034.332031,0.5909624897354597
raft,2034.560059,0.5919624229422789
raft,2034.74292,0.5929623561490981
raft,2034.919922,0.5939622893559173
raft,2035.086914,0.5949622225627365
raft,2035.227051,0.5959621557695557
raft,2035.416016,0.5969620889763748
raft,2035.60083,0.597962022183194
raft,2035.75293,0.5989619553900133
raft,2035.88208,0.5999618885968324
raft,2036.043945,0.6009618218036517
raft,2036.154053,0.6019617550104708
raft,2036.329102,0.60296168821729
raft,2036.467041,0.6039616214241091
raft,2036.591064,0.6049615546309284
raft,2036.72583,0.6059614878377476
raft,2036.863037,0.6069614210445667
raft,2037.015869,0.607961354251386
raft,2037.227051,0.6089612874582051
raft,2037.586914,0.6099612206650243
raft,2037.949951,0.6109611538718436
raft,2038.234863,0.6119610870786627
raft,2038.572998,0.6129610202854819
raft,2039.000977,0.6139609534923011
raft,2039.634033,0.6149608866991203
raft,2040.397949,0.6159608199059395
raft,2041.639893,0.6169607531127587
raft,2044.789062,0.6179606863195779
raft,2048.5,0.618960619526397
raft,2051.476074,0.6199605527332163
raft,2056.435059,0.6209604859400354
raft,2060.264893,0.6219604191468546
raft,2065.940186,0.6229603523536739
raft,2069.693848,0.623960285560493
raft,2073.737061,0.6249602187673122
raft,2076.623047,0.6259601519741314
raft,2078.513916,0.6269600851809506
raft,2080.037109,0.6279600183877698
raft,2081.13208,0.628959951594589
raft,2082.080078,0.6299598848014082
raft,2082.715088,0.6309598180082273
raft,2083.032959,0.6319597512150466
raft,2083.50415,0.6329596844218657
raft,2083.864014,0.6339596176286849
raft,2084.487061,0.6349595508355041
raft,2084.978027,0.6359594840423233
raft,2085.354004,0.6369594172491425
raft,2085.625,0.6379593504559616
raft,2085.928955,0.6389592836627809
raft,2086.348877,0.6399592168696001
raft,2086.736084,0.6409591500764192
raft,2087.119141,0.6419590832832385
raft,2087.470947,0.6429590164900576
raft,2087.727051,0.6439589496968768
raft,2087.906982,0.6449588829036961
raft,2088.105957,0.6459588161105152
raft,2088.283936,0.6469587493173344
raft,2088.437988,0.6479586825241536
raft,2088.616943,0.6489586157309728
raft,2088.791992,0.6499585489377919
raft,2088.968994,0.6509584821446112
raft,2089.136963,0.6519584153514304
raft,2089.23291,0.6529583485582495
raft,2089.343994,0.6539582817650688
raft,2089.427979,0.6549582149718879
raft,2089.540039,0.6559581481787071
raft,2089.668945,0.6569580813855264
raft,2089.813965,0.6579580145923455
raft,2089.999023,0.6589579477991647
raft,2090.124023,0.6599578810059838
raft,2090.279053,0.6609578142128031
raft,2090.434082,0.6619577474196222
raft,2090.659912,0.6629576806264414
raft,2090.843994,0.6639576138332607
raft,2091.155029,0.6649575470400798
raft,2091.49292,0.665957480246899
raft,2091.750977,0.6669574134537182
raft,2092.011963,0.6679573466605374
raft,2092.303955,0.6689572798673566
raft,2092.656006,0.6699572130741758
raft,2093.484131,0.670957146280995
raft,2094.409912,0.6719570794878141
raft,2095.856934,0.6729570126946334
raft,2099.211914,0.6739569459014526
raft,2105.598877,0.6749568791082717
raft,2110.450928,0.675956812315091
raft,2117.281982,0.6769567455219101
raft,2120.369873,0.6779566787287293
raft,2125.765869,0.6789566119355485
raft,2127.464111,0.6799565451423677
raft,2128.288086,0.6809564783491869
raft,2129.1521,0.6819564115560061
raft,2129.616943,0.6829563447628253
raft,2129.856934,0.6839562779696444
raft,2130.044189,0.6849562111764637
raft,2130.288086,0.6859561443832829
raft,2130.484131,0.686956077590102
raft,2130.683105,0.6879560107969213
raft,2130.832031,0.6889559440037404
raft,2131.018066,0.6899558772105596
raft,2131.260986,0.6909558104173787
raft,2131.711182,0.691955743624198
raft,2131.950928,0.6929556768310172
raft,2132.303955,0.6939556100378363
raft,2132.653809,0.6949555432446556
raft,2133.077881,0.6959554764514747
raft,2133.511963,0.696955409658294
raft,2133.938965,0.6979553428651132
raft,2134.236816,0.6989552760719323
raft,2134.499023,0.6999552092787515
raft,2134.765137,0.7009551424855707
raft,2135.023926,0.7019550756923899
raft,2135.214111,0.7029550088992091
raft,2135.387939,0.7039549421060283
raft,2135.585938,0.7049548753128475
raft,2135.761963,0.7059548085196666
raft,2135.925049,0.7069547417264859
raft,2136.10498,0.707954674933305
raft,2136.292969,0.7089546081401242
raft,2136.443848,0.7099545413469435
raft,2136.5979,0.7109544745537626
raft,2136.768799,0.7119544077605818
raft,2136.89209,0.712954340967401
raft,2137.013916,0.7139542741742202
raft,2137.190918,0.7149542073810394
raft,2137.35083,0.7159541405878586
raft,2137.498047,0.7169540737946778
raft,2137.701904,0.7179540070014969
raft,2137.919189,0.7189539402083162
raft,2138.143066,0.7199538734151353
raft,2138.365234,0.7209538066219545
raft,2138.572021,0.7219537398287738
raft,2138.726807,0.7229536730355929
raft,2138.87207,0.7239536062424121
raft,2139.014893,0.7249535394492312
raft,2139.238037,0.7259534726560505
raft,2139.399902,0.7269534058628697
raft,2139.646973,0.7279533390696888
raft,2139.845947,0.7289532722765081
raft,2140.073975,0.7299532054833272
raft,2140.295898,0.7309531386901464
raft,2140.455078,0.7319530718969657
raft,2140.628906,0.7329530051037848
raft,2140.912109,0.733952938310604
raft,2141.320068,0.7349528715174232
raft,2141.609131,0.7359528047242424
raft,2141.946045,0.7369527379310615
raft,2142.388916,0.7379526711378808
raft,2142.886963,0.7389526043447
raft,2143.165039,0.7399525375515191
raft,2143.531006,0.7409524707583384
raft,2143.790039,0.7419524039651575
raft,2144.013184,0.7429523371719767
raft,2144.27417,0.743952270378796
raft,2144.561035,0.7449522035856151
raft,2144.816895,0.7459521367924343
raft,2145.044189,0.7469520699992535
raft,2145.245117,0.7479520032060727
raft,2145.395996,0.7489519364128918
raft,2145.540039,0.749951869619711
raft,2145.741943,0.7509518028265303
raft,2145.905029,0.7519517360333494
raft,2146.072021,0.7529516692401687
raft,2146.187988,0.7539516024469878
raft,2146.332031,0.754951535653807
raft,2146.470947,0.7559514688606263
raft,2146.598877,0.7569514020674454
raft,2146.681152,0.7579513352742646
raft,2146.813965,0.7589512684810837
raft,2146.916016,0.759951201687903
raft,2147.01001,0.7609511348947222
raft,2147.081055,0.7619510681015413
raft,2147.165039,0.7629510013083606
raft,2147.26416,0.7639509345151797
raft,2147.371094,0.7649508677219989
raft,2147.484863,0.7659508009288181
raft,2147.60498,0.7669507341356373
raft,2147.773926,0.7679506673424565
raft,2147.894775,0.7689506005492757
raft,2147.989014,0.7699505337560949
raft,2148.085938,0.770950466962914
raft,2148.187012,0.7719504001697333
raft,2148.315918,0.7729503333765525
raft,2148.417969,0.7739502665833716
raft,2148.523926,0.7749501997901909
raft,2148.685059,0.77595013299701
raft,2148.813965,0.7769500662038292
raft,2148.969971,0.7779499994106484
raft,2149.11792,0.7789499326174676
raft,2149.262939,0.7799498658242868
raft,2149.520996,0.780949799031106
raft,2149.786865,0.7819497322379252
raft,2150.033936,0.7829496654447443
raft,2150.418945,0.7839495986515636
raft,2150.806152,0.7849495318583828
raft,2151.095947,0.7859494650652019
raft,2151.383057,0.7869493982720212
raft,2151.696045,0.7879493314788403
raft,2152.251953,0.7889492646856595
raft,2152.750977,0.7899491978924787
raft,2153.267822,0.7909491310992979
raft,2153.810059,0.7919490643061171
raft,2163.478027,0.7929489975129362
raft,2178.679932,0.7939489307197555
raft,2192.427002,0.7949488639265746
raft,2208.962891,0.7959487971333938
raft,2233.623047,0.7969487303402131
raft,2239.87207,0.7979486635470322
raft,2242.912109,0.7989485967538514
raft,2246.036865,0.7999485299606706
raft,2248.580811,0.8009484631674898
raft,2249.955078,0.801948396374309
raft,2250.849854,0.8029483295811282
raft,2251.262207,0.8039482627879474
raft,2251.60498,0.8049481959947665
raft,2251.98584,0.8059481292015858
raft,2252.24585,0.8069480624084049
raft,2252.493896,0.8079479956152241
raft,2252.710938,0.8089479288220434
raft,2252.861084,0.8099478620288625
raft,2253.011963,0.8109477952356817
raft,2253.125,0.8119477284425008
raft,2253.265869,0.8129476616493201
raft,2253.371094,0.8139475948561393
raft,2253.509033,0.8149475280629584
raft,2253.6521,0.8159474612697777
raft,2253.741943,0.8169473944765968
raft,2253.826904,0.817947327683416
raft,2253.921143,0.8189472608902353
raft,2254.044922,0.8199471940970544
raft,2254.178955,0.8209471273038736
raft,2254.276123,0.8219470605106928
raft,2254.369141,0.822946993717512
raft,2254.460938,0.8239469269243311
raft,2254.562012,0.8249468601311504
raft,2254.63501,0.8259467933379696
raft,2254.73291,0.8269467265447887
raft,2254.875977,0.827946659751608
raft,2255.039062,0.8289465929584271
raft,2255.161133,0.8299465261652463
raft,2255.321045,0.8309464593720656
raft,2255.467041,0.8319463925788847
raft,2255.586914,0.8329463257857039
raft,2255.750977,0.8339462589925231
raft,2255.929932,0.8349461921993423
raft,2256.14502,0.8359461254061614
raft,2256.398193,0.8369460586129807
raft,2256.593018,0.8379459918197999
raft,2256.762939,0.838945925026619
raft,2257.003174,0.8399458582334383
raft,2257.826172,0.8409457914402574
raft,2258.723145,0.8419457246470766
raft,2259.325928,0.8429456578538959
raft,2259.77002,0.843945591060715
raft,2260.213135,0.8449455242675342
raft,2260.537842,0.8459454574743533
raft,2260.853027,0.8469453906811726
raft,2261.156006,0.8479453238879918
raft,2261.426025,0.848945257094811
raft,2261.587891,0.8499451903016302
raft,2261.875977,0.8509451235084493
raft,2262.233154,0.8519450567152685
raft,2262.454102,0.8529449899220877
raft,2262.6521,0.8539449231289069
raft,2262.812012,0.8549448563357261
raft,2262.9729,0.8559447895425453
raft,2263.211914,0.8569447227493645
raft,2263.374023,0.8579446559561836
raft,2263.521973,0.8589445891630029
raft,2263.705811,0.8599445223698221
raft,2263.887939,0.8609444555766412
raft,2264.040039,0.8619443887834605
raft,2264.175049,0.8629443219902796
raft,2264.407959,0.8639442551970988
raft,2264.645996,0.864944188403918
raft,2264.865967,0.8659441216107372
raft,2265.112061,0.8669440548175564
raft,2265.414795,0.8679439880243756
raft,2265.806152,0.8689439212311948
raft,2266.210938,0.8699438544380139
raft,2266.662109,0.8709437876448332
raft,2267.046875,0.8719437208516524
raft,2268.235107,0.8729436540584715
raft,2269.764893,0.8739435872652908
raft,2271.881104,0.8749435204721099
raft,2273.737793,0.8759434536789291
raft,2276.111816,0.8769433868857484
raft,2279.706787,0.8779433200925675
raft,2290.029053,0.8789432532993867
raft,2293.055908,0.8799431865062058
raft,2294.263916,0.8809431197130251
raft,2295.111084,0.8819430529198442
raft,2295.578125,0.8829429861266634
raft,2296.0,0.8839429193334827
raft,2296.260986,0.8849428525403018
raft,2296.474121,0.885942785747121
raft,2296.683105,0.8869427189539402
raft,2296.912109,0.8879426521607594
raft,2297.114014,0.8889425853675786
raft,2297.348877,0.8899425185743978
raft,2297.542969,0.890942451781217
raft,2297.743896,0.8919423849880361
raft,2298.076172,0.8929423181948554
raft,2298.334961,0.8939422514016745
raft,2298.698975,0.8949421846084937
raft,2299.848877,0.895942117815313
raft,2309.072998,0.8969420510221321
raft,2313.849121,0.8979419842289513
raft,2315.041016,0.8989419174357705
raft,2315.928223,0.8999418506425897
raft,2316.595947,0.9009417838494089
raft,2317.243164,0.901941717056228
raft,2317.75415,0.9029416502630473
raft,2318.180908,0.9039415834698664
raft,2318.459961,0.9049415166766857
raft,2318.648926,0.9059414498835049
raft,2318.887939,0.906941383090324
raft,2319.066895,0.9079413162971433
raft,2319.255127,0.9089412495039624
raft,2319.450195,0.9099411827107816
raft,2319.612061,0.9109411159176007
raft,2319.844971,0.91194104912442
raft,2320.056152,0.9129409823312392
raft,2320.15918,0.9139409155380583
raft,2320.312012,0.9149408487448776
raft,2320.503174,0.9159407819516967
raft,2320.727051,0.9169407151585159
raft,2320.906006,0.9179406483653352
raft,2321.088867,0.9189405815721543
raft,2321.272949,0.9199405147789735
raft,2321.408203,0.9209404479857927
raft,2321.579102,0.9219403811926119
raft,2321.737061,0.922940314399431
raft,2321.85498,0.9239402476062503
raft,2321.963867,0.9249401808130695
raft,2322.047852,0.9259401140198886
raft,2322.191895,0.9269400472267079
raft,2322.319092,0.927939980433527
raft,2322.418213,0.9289399136403462
raft,2322.514893,0.9299398468471655
raft,2322.618896,0.9309397800539846
raft,2322.723877,0.9319397132608038
raft,2322.824951,0.932939646467623
raft,2322.987793,0.9339395796744422
raft,2323.276855,0.9349395128812613
raft,2323.709961,0.9359394460880806
raft,2324.88208,0.9369393792948998
raft,2331.743896,0.9379393125017189
raft,2337.398193,0.9389392457085382
raft,2341.59082,0.9399391789153573
raft,2344.042969,0.9409391121221765
raft,2344.819092,0.9419390453289957
raft,2345.208984,0.9429389785358149
raft,2345.598145,0.9439389117426341
raft,2345.938965,0.9449388449494532
raft,2346.135986,0.9459387781562725
raft,2346.348877,0.9469387113630917
raft,2346.587891,0.9479386445699108
raft,2346.842041,0.9489385777767301
raft,2347.096191,0.9499385109835492
raft,2347.26416,0.9509384441903684
raft,2347.458008,0.9519383773971876
raft,2347.672119,0.9529383106040068
raft,2347.87793,0.953938243810826
raft,2348.046143,0.9549381770176452
raft,2348.2229,0.9559381102244644
raft,2348.416992,0.9569380434312835
raft,2348.657959,0.9579379766381028
raft,2348.885986,0.958937909844922
raft,2349.049072,0.9599378430517411
raft,2349.230957,0.9609377762585604
raft,2349.346924,0.9619377094653795
raft,2349.497803,0.9629376426721987
raft,2349.593018,0.9639375758790178
raft,2349.743896,0.9649375090858371
raft,2349.913818,0.9659374422926563
raft,2350.049072,0.9669373754994754
raft,2350.218018,0.9679373087062947
raft,2350.370117,0.9689372419131138
raft,2350.473877,0.969937175119933
raft,2350.635986,0.9709371083267523
raft,2350.797119,0.9719370415335714
raft,2350.927979,0.9729369747403906
raft,2351.085938,0.9739369079472098
raft,2351.440918,0.974936841154029
raft,2352.008057,0.9759367743608482
raft,2352.864014,0.9769367075676674
raft,2353.246094,0.9779366407744866
raft,2354.733887,0.9789365739813057
raft,2356.333984,0.979936507188125
raft,2362.093994,0.9809364403949441
raft,2367.572998,0.9819363736017633
raft,2372.614014,0.9829363068085826
raft,2374.161133,0.9839362400154017
raft,2374.668945,0.9849361732222209
raft,2375.223145,0.9859361064290401
raft,2375.956055,0.9869360396358593
raft,2376.513916,0.9879359728426785
raft,2376.968018,0.9889359060494977
raft,2377.443115,0.9899358392563169
raft,2377.754883,0.990935772463136
raft,2378.147949,0.9919357056699553
raft,2378.591064,0.9929356388767744
raft,2378.952881,0.9939355720835936
raft,2379.322998,0.9949355052904129
raft,2379.572021,0.995935438497232
raft,2380.177002,0.9969353717040512
raft,2380.622803,0.9979353049108703
raft,2381.198975,0.9989352381176896
raft,2385.973145,0.9999351713245088
jp-raft-fp0,63.464111,1.981206277253969e-06
jp-raft-fp0,142.86792,0.0010005091700132542
jp-raft-fp0,210.347168,0.0019990371337492547
jp-raft-fp0,285.092041,0.002997565097485255
jp-raft-fp0,392.445068,0.0039960930612212555
jp-raft-fp0,474.436035,0.004994621024957255
jp-raft-fp0,718.599121,0.005993148988693256
jp-raft-fp0,852.215088,0.006991676952429256
jp-raft-fp0,853.987061,0.007990204916165256
jp-raft-fp0,854.726074,0.008988732879901257
jp-raft-fp0,855.49292,0.009987260843637257
jp-raft-fp0,856.339111,0.010985788807373257
jp-raft-fp0,856.942871,0.011984316771109258
jp-raft-fp0,857.490967,0.012982844734845258
jp-raft-fp0,857.909912,0.013981372698581258
jp-raft-fp0,858.331055,0.01497990066231726
jp-raft-fp0,858.763916,0.015978428626053257
jp-raft-fp0,859.237061,0.01697695658978926
jp-raft-fp0,859.546143,0.01797548455352526
jp-raft-fp0,859.820801,0.01897401251726126
jp-raft-fp0,860.155029,0.01997254048099726
jp-raft-fp0,860.51416,0.02097106844473326
jp-raft-fp0,860.974121,0.02196959640846926
jp-raft-fp0,861.451172,0.022968124372205263
jp-raft-fp0,861.791992,0.023966652335941262
jp-raft-fp0,862.057129,0.024965180299677262
jp-raft-fp0,862.358887,0.025963708263413262
jp-raft-fp0,862.643799,0.026962236227149262
jp-raft-fp0,863.036865,0.02796076419088526
jp-raft-fp0,863.383057,0.02895929215462126
jp-raft-fp0,863.677979,0.029957820118357265
jp-raft-fp0,863.960938,0.030956348082093264
jp-raft-fp0,864.342041,0.031954876045829264
jp-raft-fp0,864.875977,0.032953404009565264
jp-raft-fp0,865.417969,0.033951931973301264
jp-raft-fp0,866.613037,0.03495045993703726
jp-raft-fp0,1225.940918,0.03594898790077326
jp-raft-fp0,1473.615967,0.03694751586450926
jp-raft-fp0,1474.801025,0.03794604382824526
jp-raft-fp0,1475.265137,0.03894457179198126
jp-raft-fp0,1475.466064,0.03994309975571727
jp-raft-fp0,1475.704102,0.04094162771945327
jp-raft-fp0,1476.283936,0.04194015568318927
jp-raft-fp0,1494.306885,0.04293868364692527
jp-raft-fp0,1530.842773,0.04393721161066127
jp-raft-fp0,1593.148926,0.04493573957439727
jp-raft-fp0,1647.016113,0.04593426753813327
jp-raft-fp0,1677.712158,0.04693279550186927
jp-raft-fp0,1730.491211,0.04793132346560527
jp-raft-fp0,1744.0979,0.04892985142934127
jp-raft-fp0,1745.889893,0.04992837939307727
jp-raft-fp0,1746.72998,0.05092690735681327
jp-raft-fp0,1747.239014,0.05192543532054927
jp-raft-fp0,1747.462891,0.05292396328428527
jp-raft-fp0,1748.038086,0.05392249124802127
jp-raft-fp0,1751.174805,0.05492101921175727
jp-raft-fp0,1754.805908,0.05591954717549327
jp-raft-fp0,1756.240967,0.05691807513922927
jp-raft-fp0,1757.390869,0.05791660310296527
jp-raft-fp0,1757.985107,0.05891513106670127
jp-raft-fp0,1758.411865,0.05991365903043727
jp-raft-fp0,1758.931885,0.06091218699417327
jp-raft-fp0,1759.368896,0.06191071495790927
jp-raft-fp0,1759.616943,0.06290924292164528
jp-raft-fp0,1759.994141,0.06390777088538127
jp-raft-fp0,1760.352051,0.06490629884911728
jp-raft-fp0,1761.023926,0.06590482681285327
jp-raft-fp0,1761.566895,0.06690335477658928
jp-raft-fp0,1762.470947,0.06790188274032527
jp-raft-fp0,1763.78418,0.06890041070406128
jp-raft-fp0,1773.109131,0.06989893866779727
jp-raft-fp0,1817.488037,0.07089746663153328
jp-raft-fp0,1836.639893,0.07189599459526927
jp-raft-fp0,1846.22998,0.07289452255900528
jp-raft-fp0,1847.819092,0.07389305052274128
jp-raft-fp0,1848.77417,0.07489157848647728
jp-raft-fp0,1852.182129,0.07589010645021328
jp-raft-fp0,1859.020996,0.07688863441394928
jp-raft-fp0,1885.496826,0.07788716237768528
jp-raft-fp0,1903.646973,0.07888569034142127
jp-raft-fp0,1927.285156,0.07988421830515728
jp-raft-fp0,1933.539062,0.08088274626889327
jp-raft-fp0,1935.376953,0.08188127423262928
jp-raft-fp0,1936.511963,0.08287980219636527
jp-raft-fp0,1937.12207,0.08387833016010128
jp-raft-fp0,1937.526123,0.08487685812383727
jp-raft-fp0,1937.916016,0.08587538608757328
jp-raft-fp0,1938.27417,0.08687391405130929
jp-raft-fp0,1938.538086,0.08787244201504528
jp-raft-fp0,1938.745117,0.08887096997878129
jp-raft-fp0,1938.949951,0.08986949794251728
jp-raft-fp0,1939.144043,0.09086802590625329
jp-raft-fp0,1939.308105,0.09186655386998928
jp-raft-fp0,1939.468018,0.09286508183372529
jp-raft-fp0,1939.60791,0.09386360979746128
jp-raft-fp0,1939.728027,0.09486213776119728
jp-raft-fp0,1939.837891,0.09586066572493328
jp-raft-fp0,1939.943848,0.09685919368866928
jp-raft-fp0,1940.064941,0.09785772165240528
jp-raft-fp0,1940.190918,0.09885624961614128
jp-raft-fp0,1940.314941,0.09985477757987729
jp-raft-fp0,1940.434082,0.10085330554361328
jp-raft-fp0,1940.541016,0.10185183350734929
jp-raft-fp0,1940.630127,0.10285036147108528
jp-raft-fp0,1940.708984,0.10384888943482129
jp-raft-fp0,1940.791016,0.10484741739855728
jp-raft-fp0,1940.875,0.10584594536229329
jp-raft-fp0,1940.958008,0.10684447332602928
jp-raft-fp0,1941.038818,0.10784300128976529
jp-raft-fp0,1941.12207,0.10884152925350128
jp-raft-fp0,1941.186035,0.10984005721723729
jp-raft-fp0,1941.254883,0.11083858518097328
jp-raft-fp0,1941.322998,0.11183711314470929
jp-raft-fp0,1941.383057,0.1128356411084453
jp-raft-fp0,1941.454102,0.11383416907218129
jp-raft-fp0,1941.534912,0.1148326970359173
jp-raft-fp0,1941.625,0.11583122499965329
jp-raft-fp0,1941.696045,0.1168297529633893
jp-raft-fp0,1941.759033,0.11782828092712529
jp-raft-fp0,1941.823975,0.1188268088908613
jp-raft-fp0,1941.89209,0.11982533685459729
jp-raft-fp0,1941.943115,0.12082386481833329
jp-raft-fp0,1942.012939,0.12182239278206929
jp-raft-fp0,1942.072998,0.12282092074580529
jp-raft-fp0,1942.13501,0.12381944870954129
jp-raft-fp0,1942.192139,0.12481797667327729
jp-raft-fp0,1942.249023,0.1258165046370133
jp-raft-fp0,1942.300781,0.1268150326007493
jp-raft-fp0,1942.352783,0.12781356056448528
jp-raft-fp0,1942.416992,0.1288120885282213
jp-raft-fp0,1942.479004,0.1298106164919573
jp-raft-fp0,1942.550049,0.1308091444556933
jp-raft-fp0,1942.615967,0.13180767241942928
jp-raft-fp0,1942.682861,0.1328062003831653
jp-raft-fp0,1942.743164,0.1338047283469013
jp-raft-fp0,1942.800049,0.1348032563106373
jp-raft-fp0,1942.853027,0.13580178427437328
jp-raft-fp0,1942.89917,0.1368003122381093
jp-raft-fp0,1942.954102,0.1377988402018453
jp-raft-fp0,1943.012939,0.1387973681655813
jp-raft-fp0,1943.063965,0.1397958961293173
jp-raft-fp0,1943.121094,0.1407944240930533
jp-raft-fp0,1943.179932,0.1417929520567893
jp-raft-fp0,1943.237793,0.1427914800205253
jp-raft-fp0,1943.299072,0.1437900079842613
jp-raft-fp0,1943.354004,0.1447885359479973
jp-raft-fp0,1943.411865,0.1457870639117333
jp-raft-fp0,1943.476074,0.1467855918754693
jp-raft-fp0,1943.536133,0.1477841198392053
jp-raft-fp0,1943.593994,0.1487826478029413
jp-raft-fp0,1943.645996,0.1497811757666773
jp-raft-fp0,1943.701904,0.1507797037304133
jp-raft-fp0,1943.76709,0.1517782316941493
jp-raft-fp0,1943.825928,0.1527767596578853
jp-raft-fp0,1943.883057,0.1537752876216213
jp-raft-fp0,1943.951904,0.1547738155853573
jp-raft-fp0,1944.010986,0.1557723435490933
jp-raft-fp0,1944.062012,0.1567708715128293
jp-raft-fp0,1944.11499,0.1577693994765653
jp-raft-fp0,1944.175049,0.1587679274403013
jp-raft-fp0,1944.240967,0.1597664554040373
jp-raft-fp0,1944.305908,0.1607649833677733
jp-raft-fp0,1944.382812,0.1617635113315093
jp-raft-fp0,1944.463135,0.1627620392952453
jp-raft-fp0,1944.530029,0.1637605672589813
jp-raft-fp0,1944.5979,0.1647590952227173
jp-raft-fp0,1944.665039,0.16575762318645332
jp-raft-fp0,1944.7229,0.1667561511501893
jp-raft-fp0,1944.776855,0.1677546791139253
jp-raft-fp0,1944.845947,0.1687532070776613
jp-raft-fp0,1944.922852,0.16975173504139732
jp-raft-fp0,1944.993164,0.1707502630051333
jp-raft-fp0,1945.059082,0.1717487909688693
jp-raft-fp0,1945.145996,0.1727473189326053
jp-raft-fp0,1945.231201,0.17374584689634132
jp-raft-fp0,1945.326904,0.1747443748600773
jp-raft-fp0,1945.427002,0.1757429028238133
jp-raft-fp0,1945.503906,0.1767414307875493
jp-raft-fp0,1945.582031,0.17773995875128532
jp-raft-fp0,1945.655029,0.1787384867150213
jp-raft-fp0,1945.735107,0.1797370146787573
jp-raft-fp0,1945.810059,0.1807355426424933
jp-raft-fp0,1945.878906,0.18173407060622931
jp-raft-fp0,1945.946045,0.18273259856996532
jp-raft-fp0,1946.029053,0.1837311265337013
jp-raft-fp0,1946.130127,0.1847296544974373
jp-raft-fp0,1946.228027,0.1857281824611733
jp-raft-fp0,1946.331055,0.18672671042490932
jp-raft-fp0,1946.450928,0.1877252383886453
jp-raft-fp0,1946.580078,0.1887237663523813
jp-raft-fp0,1946.695068,0.1897222943161173
jp-raft-fp0,1946.855225,0.19072082227985332
jp-raft-fp0,1946.986816,0.1917193502435893
jp-raft-fp0,1947.136963,0.1927178782073253
jp-raft-fp0,1947.312012,0.1937164061710613
jp-raft-fp0,1947.494873,0.19471493413479732
jp-raft-fp0,1947.726074,0.19571346209853333
jp-raft-fp0,1948.018066,0.1967119900622693
jp-raft-fp0,1948.228027,0.1977105180260053
jp-raft-fp0,1948.464844,0.19870904598974132
jp-raft-fp0,1948.699951,0.19970757395347732
jp-raft-fp0,1949.166016,0.2007061019172133
jp-raft-fp0,1949.583008,0.2017046298809493
jp-raft-fp0,1950.304932,0.20270315784468532
jp-raft-fp0,1951.265869,0.20370168580842132
jp-raft-fp0,1954.295898,0.2047002137721573
jp-raft-fp0,1960.035889,0.2056987417358933
jp-raft-fp0,1962.565186,0.20669726969962932
jp-raft-fp0,1963.468994,0.20769579766336532
jp-raft-fp0,1964.115967,0.20869432562710133
jp-raft-fp0,1964.866943,0.2096928535908373
jp-raft-fp0,1965.256836,0.21069138155457331
jp-raft-fp0,1965.541016,0.21168990951830932
jp-raft-fp0,1965.778809,0.21268843748204533
jp-raft-fp0,1965.977051,0.2136869654457813
jp-raft-fp0,1966.277832,0.21468549340951731
jp-raft-fp0,1966.505127,0.21568402137325332
jp-raft-fp0,1966.671875,0.21668254933698933
jp-raft-fp0,1966.828857,0.2176810773007253
jp-raft-fp0,1967.019043,0.2186796052644613
jp-raft-fp0,1967.218018,0.21967813322819732
jp-raft-fp0,1967.377197,0.22067666119193333
jp-raft-fp0,1967.548096,0.22167518915566933
jp-raft-fp0,1967.701904,0.2226737171194053
jp-raft-fp0,1967.865967,0.22367224508314132
jp-raft-fp0,1968.022949,0.22467077304687733
jp-raft-fp0,1968.179932,0.22566930101061333
jp-raft-fp0,1968.318848,0.2266678289743493
jp-raft-fp0,1968.421875,0.22766635693808532
jp-raft-fp0,1968.523193,0.22866488490182132
jp-raft-fp0,1968.64209,0.22966341286555733
jp-raft-fp0,1968.750977,0.2306619408292933
jp-raft-fp0,1968.833984,0.23166046879302932
jp-raft-fp0,1968.940918,0.23265899675676532
jp-raft-fp0,1969.038086,0.23365752472050133
jp-raft-fp0,1969.143066,0.23465605268423734
jp-raft-fp0,1969.230957,0.23565458064797332
jp-raft-fp0,1969.321045,0.23665310861170932
jp-raft-fp0,1969.410889,0.23765163657544533
jp-raft-fp0,1969.49292,0.23865016453918134
jp-raft-fp0,1969.583984,0.23964869250291732
jp-raft-fp0,1969.676025,0.24064722046665332
jp-raft-fp0,1969.77002,0.24164574843038933
jp-raft-fp0,1969.855957,0.24264427639412534
jp-raft-fp0,1969.943115,0.24364280435786131
jp-raft-fp0,1970.03418,0.24464133232159732
jp-raft-fp0,1970.112061,0.24563986028533333
jp-raft-fp0,1970.181885,0.24663838824906933
jp-raft-fp0,1970.251221,0.24763691621280534
jp-raft-fp0,1970.331055,0.24863544417654132
jp-raft-fp0,1970.414062,0.24963397214027733
jp-raft-fp0,1970.505859,0.25063250010401333
jp-raft-fp0,1970.596924,0.25163102806774934
jp-raft-fp0,1970.697021,0.25262955603148535
jp-raft-fp0,1970.825195,0.25362808399522135
jp-raft-fp0,1970.931152,0.2546266119589573
jp-raft-fp0,1971.052979,0.2556251399226933
jp-raft-fp0,1971.208984,0.2566236678864293
jp-raft-fp0,1971.369141,0.2576221958501653
jp-raft-fp0,1971.508057,0.25862072381390133
jp-raft-fp0,1971.660156,0.25961925177763734
jp-raft-fp0,1971.828857,0.26061777974137335
jp-raft-fp0,1972.009033,0.26161630770510935
jp-raft-fp0,1972.14917,0.26261483566884536
jp-raft-fp0,1972.273926,0.2636133636325813
jp-raft-fp0,1972.416016,0.2646118915963173
jp-raft-fp0,1972.575928,0.2656104195600533
jp-raft-fp0,1972.73584,0.26660894752378933
jp-raft-fp0,1972.978027,0.26760747548752534
jp-raft-fp0,1973.175049,0.26860600345126134
jp-raft-fp0,1973.354004,0.26960453141499735
jp-raft-fp0,1973.498047,0.27060305937873336
jp-raft-fp0,1973.689941,0.2716015873424693
jp-raft-fp0,1973.893066,0.2726001153062053
jp-raft-fp0,1974.166016,0.2735986432699413
jp-raft-fp0,1974.512939,0.27459717123367733
jp-raft-fp0,1975.373047,0.27559569919741334
jp-raft-fp0,1976.891113,0.27659422716114934
jp-raft-fp0,1977.821045,0.27759275512488535
jp-raft-fp0,1978.562012,0.27859128308862136
jp-raft-fp0,1979.052979,0.27958981105235736
jp-raft-fp0,1979.49707,0.2805883390160933
jp-raft-fp0,1980.070068,0.2815868669798293
jp-raft-fp0,1980.553955,0.2825853949435653
jp-raft-fp0,1981.032959,0.28358392290730133
jp-raft-fp0,1981.312012,0.28458245087103734
jp-raft-fp0,1981.670898,0.28558097883477335
jp-raft-fp0,1981.963135,0.28657950679850935
jp-raft-fp0,1982.303955,0.28757803476224536
jp-raft-fp0,1982.667969,0.28857656272598137
jp-raft-fp0,1983.416016,0.2895750906897173
jp-raft-fp0,1984.042969,0.2905736186534533
jp-raft-fp0,1984.63501,0.29157214661718933
jp-raft-fp0,1985.13501,0.29257067458092534
jp-raft-fp0,1985.409912,0.29356920254466135
jp-raft-fp0,1985.656006,0.29456773050839735
jp-raft-fp0,1985.820068,0.29556625847213336
jp-raft-fp0,1985.985107,0.29656478643586937
jp-raft-fp0,1986.178955,0.2975633143996053
jp-raft-fp0,1986.334961,0.2985618423633413
jp-raft-fp0,1986.459961,0.29956037032707733
jp-raft-fp0,1986.572998,0.30055889829081334
jp-raft-fp0,1986.687988,0.30155742625454934
jp-raft-fp0,1986.793945,0.30255595421828535
jp-raft-fp0,1986.901855,0.30355448218202136
jp-raft-fp0,1986.994873,0.30455301014575736
jp-raft-fp0,1987.078125,0.30555153810949337
jp-raft-fp0,1987.1521,0.3065500660732293
jp-raft-fp0,1987.216064,0.30754859403696533
jp-raft-fp0,1987.271973,0.30854712200070133
jp-raft-fp0,1987.342041,0.30954564996443734
jp-raft-fp0,1987.399902,0.31054417792817335
jp-raft-fp0,1987.470947,0.31154270589190936
jp-raft-fp0,1987.539062,0.31254123385564536
jp-raft-fp0,1987.619141,0.31353976181938137
jp-raft-fp0,1987.693115,0.3145382897831174
jp-raft-fp0,1987.759033,0.3155368177468533
jp-raft-fp0,1987.817871,0.31653534571058933
jp-raft-fp0,1987.88916,0.31753387367432534
jp-raft-fp0,1987.956055,0.31853240163806135
jp-raft-fp0,1988.018066,0.31953092960179735
jp-raft-fp0,1988.080078,0.32052945756553336
jp-raft-fp0,1988.141113,0.32152798552926937
jp-raft-fp0,1988.208984,0.3225265134930054
jp-raft-fp0,1988.258057,0.3235250414567413
jp-raft-fp0,1988.312988,0.32452356942047733
jp-raft-fp0,1988.362061,0.32552209738421334
jp-raft-fp0,1988.406982,0.32652062534794934
jp-raft-fp0,1988.458984,0.32751915331168535
jp-raft-fp0,1988.510986,0.32851768127542136
jp-raft-fp0,1988.570068,0.32951620923915736
jp-raft-fp0,1988.625,0.33051473720289337
jp-raft-fp0,1988.681885,0.3315132651666294
jp-raft-fp0,1988.73584,0.33251179313036533
jp-raft-fp0,1988.786133,0.33351032109410134
jp-raft-fp0,1988.836914,0.33450884905783734
jp-raft-fp0,1988.88501,0.33550737702157335
jp-raft-fp0,1988.927002,0.33650590498530936
jp-raft-fp0,1988.970947,0.33750443294904536
jp-raft-fp0,1989.015137,0.33850296091278137
jp-raft-fp0,1989.059814,0.3395014888765174
jp-raft-fp0,1989.10791,0.3405000168402534
jp-raft-fp0,1989.150879,0.34149854480398933
jp-raft-fp0,1989.190918,0.34249707276772534
jp-raft-fp0,1989.228027,0.34349560073146135
jp-raft-fp0,1989.265137,0.34449412869519735
jp-raft-fp0,1989.301025,0.34549265665893336
jp-raft-fp0,1989.336914,0.34649118462266937
jp-raft-fp0,1989.374023,0.3474897125864054
jp-raft-fp0,1989.416016,0.3484882405501414
jp-raft-fp0,1989.454102,0.34948676851387733
jp-raft-fp0,1989.493164,0.35048529647761334
jp-raft-fp0,1989.525879,0.35148382444134935
jp-raft-fp0,1989.562988,0.35248235240508535
jp-raft-fp0,1989.60083,0.35348088036882136
jp-raft-fp0,1989.637207,0.35447940833255737
jp-raft-fp0,1989.676025,0.3554779362962934
jp-raft-fp0,1989.718018,0.3564764642600294
jp-raft-fp0,1989.758057,0.3574749922237654
jp-raft-fp0,1989.797119,0.35847352018750134
jp-raft-fp0,1989.836914,0.35947204815123734
jp-raft-fp0,1989.871826,0.36047057611497335
jp-raft-fp0,1989.909912,0.36146910407870936
jp-raft-fp0,1989.948975,0.36246763204244536
jp-raft-fp0,1989.986084,0.36346616000618137
jp-raft-fp0,1990.024902,0.3644646879699174
jp-raft-fp0,1990.062988,0.3654632159336534
jp-raft-fp0,1990.106201,0.3664617438973894
jp-raft-fp0,1990.143066,0.36746027186112534
jp-raft-fp0,1990.170166,0.36845879982486135
jp-raft-fp0,1990.203125,0.36945732778859736
jp-raft-fp0,1990.234863,0.37045585575233336
jp-raft-fp0,1990.266846,0.37145438371606937
jp-raft-fp0,1990.301025,0.3724529116798054
jp-raft-fp0,1990.330078,0.3734514396435414
jp-raft-fp0,1990.363037,0.3744499676072774
jp-raft-fp0,1990.398193,0.37544849557101334
jp-raft-fp0,1990.428955,0.37644702353474935
jp-raft-fp0,1990.461914,0.37744555149848535
jp-raft-fp0,1990.49707,0.37844407946222136
jp-raft-fp0,1990.530029,0.37944260742595737
jp-raft-fp0,1990.562988,0.3804411353896934
jp-raft-fp0,1990.599854,0.3814396633534294
jp-raft-fp0,1990.633057,0.3824381913171654
jp-raft-fp0,1990.666992,0.3834367192809014
jp-raft-fp0,1990.699951,0.38443524724463735
jp-raft-fp0,1990.729004,0.38543377520837335
jp-raft-fp0,1990.760986,0.38643230317210936
jp-raft-fp0,1990.796875,0.38743083113584537
jp-raft-fp0,1990.835938,0.3884293590995814
jp-raft-fp0,1990.874023,0.3894278870633174
jp-raft-fp0,1990.911865,0.3904264150270534
jp-raft-fp0,1990.948975,0.3914249429907894
jp-raft-fp0,1990.98584,0.3924234709545254
jp-raft-fp0,1991.021973,0.39342199891826135
jp-raft-fp0,1991.056885,0.39442052688199736
jp-raft-fp0,1991.091064,0.39541905484573336
jp-raft-fp0,1991.128906,0.39641758280946937
jp-raft-fp0,1991.165771,0.3974161107732054
jp-raft-fp0,1991.199951,0.3984146387369414
jp-raft-fp0,1991.235107,0.3994131667006774
jp-raft-fp0,1991.271973,0.4004116946644134
jp-raft-fp0,1991.305908,0.40141022262814935
jp-raft-fp0,1991.337891,0.40240875059188536
jp-raft-fp0,1991.37207,0.40340727855562136
jp-raft-fp0,1991.408936,0.40440580651935737
jp-raft-fp0,1991.441162,0.4054043344830934
jp-raft-fp0,1991.475098,0.4064028624468294
jp-raft-fp0,1991.508057,0.4074013904105654
jp-raft-fp0,1991.539795,0.4083999183743014
jp-raft-fp0,1991.573975,0.4093984463380374
jp-raft-fp0,1991.606201,0.41039697430177335
jp-raft-fp0,1991.637207,0.41139550226550936
jp-raft-fp0,1991.677002,0.41239403022924537
jp-raft-fp0,1991.715088,0.4133925581929814
jp-raft-fp0,1991.75708,0.4143910861567174
jp-raft-fp0,1991.797119,0.4153896141204534
jp-raft-fp0,1991.841797,0.4163881420841894
jp-raft-fp0,1991.88501,0.4173866700479254
jp-raft-fp0,1991.928955,0.4183851980116614
jp-raft-fp0,1991.968994,0.41938372597539736
jp-raft-fp0,1992.005859,0.42038225393913337
jp-raft-fp0,1992.045166,0.4213807819028694
jp-raft-fp0,1992.085938,0.4223793098666054
jp-raft-fp0,1992.125,0.4233778378303414
jp-raft-fp0,1992.166016,0.4243763657940774
jp-raft-fp0,1992.211914,0.4253748937578134
jp-raft-fp0,1992.25708,0.4263734217215494
jp-raft-fp0,1992.305908,0.42737194968528536
jp-raft-fp0,1992.356201,0.42837047764902136
jp-raft-fp0,1992.406006,0.42936900561275737
jp-raft-fp0,1992.453857,0.4303675335764934
jp-raft-fp0,1992.5,0.4313660615402294
jp-raft-fp0,1992.543945,0.4323645895039654
jp-raft-fp0,1992.593018,0.4333631174677014
jp-raft-fp0,1992.644043,0.4343616454314374
jp-raft-fp0,1992.693115,0.4353601733951734
jp-raft-fp0,1992.745117,0.43635870135890936
jp-raft-fp0,1992.806885,0.43735722932264537
jp-raft-fp0,1992.856201,0.4383557572863814
jp-raft-fp0,1992.910889,0.4393542852501174
jp-raft-fp0,1992.968018,0.4403528132138534
jp-raft-fp0,1993.025146,0.4413513411775894
jp-raft-fp0,1993.083008,0.4423498691413254
jp-raft-fp0,1993.14502,0.4433483971050614
jp-raft-fp0,1993.206055,0.44434692506879736
jp-raft-fp0,1993.266113,0.44534545303253337
jp-raft-fp0,1993.322021,0.4463439809962694
jp-raft-fp0,1993.373047,0.4473425089600054
jp-raft-fp0,1993.416992,0.4483410369237414
jp-raft-fp0,1993.461182,0.4493395648874774
jp-raft-fp0,1993.508057,0.4503380928512134
jp-raft-fp0,1993.557129,0.4513366208149494
jp-raft-fp0,1993.608887,0.4523351487786854
jp-raft-fp0,1993.666016,0.45333367674242137
jp-raft-fp0,1993.715088,0.45433220470615737
jp-raft-fp0,1993.76416,0.4553307326698934
jp-raft-fp0,1993.814941,0.4563292606336294
jp-raft-fp0,1993.85498,0.4573277885973654
jp-raft-fp0,1993.900146,0.4583263165611014
jp-raft-fp0,1993.951904,0.4593248445248374
jp-raft-fp0,1994.000977,0.4603233724885734
jp-raft-fp0,1994.044189,0.4613219004523094
jp-raft-fp0,1994.095947,0.46232042841604537
jp-raft-fp0,1994.147949,0.4633189563797814
jp-raft-fp0,1994.198975,0.4643174843435174
jp-raft-fp0,1994.248047,0.4653160123072534
jp-raft-fp0,1994.292969,0.4663145402709894
jp-raft-fp0,1994.335938,0.4673130682347254
jp-raft-fp0,1994.378174,0.4683115961984614
jp-raft-fp0,1994.423096,0.4693101241621974
jp-raft-fp0,1994.471924,0.47030865212593337
jp-raft-fp0,1994.520996,0.4713071800896694
jp-raft-fp0,1994.563965,0.4723057080534054
jp-raft-fp0,1994.606201,0.4733042360171414
jp-raft-fp0,1994.64917,0.4743027639808774
jp-raft-fp0,1994.687988,0.4753012919446134
jp-raft-fp0,1994.730957,0.4762998199083494
jp-raft-fp0,1994.778809,0.4772983478720854
jp-raft-fp0,1994.830078,0.4782968758358214
jp-raft-fp0,1994.875977,0.4792954037995574
jp-raft-fp0,1994.926025,0.4802939317632934
jp-raft-fp0,1994.98291,0.4812924597270294
jp-raft-fp0,1995.044189,0.4822909876907654
jp-raft-fp0,1995.102051,0.4832895156545014
jp-raft-fp0,1995.157959,0.4842880436182374
jp-raft-fp0,1995.209961,0.4852865715819734
jp-raft-fp0,1995.262939,0.4862850995457094
jp-raft-fp0,1995.312012,0.4872836275094454
jp-raft-fp0,1995.366943,0.4882821554731814
jp-raft-fp0,1995.433838,0.4892806834369174
jp-raft-fp0,1995.506104,0.4902792114006534
jp-raft-fp0,1995.579102,0.4912777393643894
jp-raft-fp0,1995.662842,0.4922762673281254
jp-raft-fp0,1995.755859,0.4932747952918614
jp-raft-fp0,1995.839844,0.4942733232555974
jp-raft-fp0,1995.921143,0.4952718512193334
jp-raft-fp0,1996.018066,0.4962703791830694
jp-raft-fp0,1996.112061,0.4972689071468054
jp-raft-fp0,1996.214111,0.4982674351105414
jp-raft-fp0,1996.333984,0.4992659630742774
jp-raft-fp0,1996.494141,0.5002644910380134
jp-raft-fp0,1996.692139,0.5012630190017494
jp-raft-fp0,1996.851807,0.5022615469654854
jp-raft-fp0,1997.073975,0.5032600749292214
jp-raft-fp0,1997.302979,0.5042586028929574
jp-raft-fp0,1997.555908,0.5052571308566934
jp-raft-fp0,1997.843994,0.5062556588204294
jp-raft-fp0,1998.308105,0.5072541867841655
jp-raft-fp0,1998.936035,0.5082527147479015
jp-raft-fp0,1999.85791,0.5092512427116374
jp-raft-fp0,2000.647949,0.5102497706753734
jp-raft-fp0,2002.775879,0.5112482986391094
jp-raft-fp0,2011.681152,0.5122468266028454
jp-raft-fp0,2013.989014,0.5132453545665814
jp-raft-fp0,2014.918945,0.5142438825303174
jp-raft-fp0,2015.762939,0.5152424104940534
jp-raft-fp0,2016.356201,0.5162409384577894
jp-raft-fp0,2019.187988,0.5172394664215254
jp-raft-fp0,2020.888916,0.5182379943852614
jp-raft-fp0,2021.778076,0.5192365223489974
jp-raft-fp0,2022.323975,0.5202350503127334
jp-raft-fp0,2022.734863,0.5212335782764694
jp-raft-fp0,2022.994141,0.5222321062402054
jp-raft-fp0,2023.344971,0.5232306342039414
jp-raft-fp0,2023.714111,0.5242291621676775
jp-raft-fp0,2024.113037,0.5252276901314135
jp-raft-fp0,2024.572998,0.5262262180951495
jp-raft-fp0,2025.035156,0.5272247460588854
jp-raft-fp0,2025.481201,0.5282232740226214
jp-raft-fp0,2025.897949,0.5292218019863574
jp-raft-fp0,2026.548096,0.5302203299500934
jp-raft-fp0,2027.317871,0.5312188579138294
jp-raft-fp0,2028.771973,0.5322173858775654
jp-raft-fp0,2029.308105,0.5332159138413014
jp-raft-fp0,2029.661133,0.5342144418050374
jp-raft-fp0,2030.367188,0.5352129697687734
jp-raft-fp0,2030.968018,0.5362114977325094
jp-raft-fp0,2031.449219,0.5372100256962454
jp-raft-fp0,2031.836914,0.5382085536599814
jp-raft-fp0,2032.268799,0.5392070816237174
jp-raft-fp0,2032.603027,0.5402056095874535
jp-raft-fp0,2032.845947,0.5412041375511895
jp-raft-fp0,2033.110107,0.5422026655149255
jp-raft-fp0,2033.385986,0.5432011934786615
jp-raft-fp0,2033.647949,0.5441997214423974
jp-raft-fp0,2033.937012,0.5451982494061334
jp-raft-fp0,2034.099854,0.5461967773698694
jp-raft-fp0,2034.325928,0.5471953053336054
jp-raft-fp0,2034.540039,0.5481938332973414
jp-raft-fp0,2034.809082,0.5491923612610774
jp-raft-fp0,2035.008057,0.5501908892248134
jp-raft-fp0,2035.226807,0.5511894171885494
jp-raft-fp0,2035.408936,0.5521879451522854
jp-raft-fp0,2035.675049,0.5531864731160214
jp-raft-fp0,2035.993896,0.5541850010797574
jp-raft-fp0,2036.312012,0.5551835290434934
jp-raft-fp0,2036.663086,0.5561820570072294
jp-raft-fp0,2037.060791,0.5571805849709655
jp-raft-fp0,2037.422852,0.5581791129347015
jp-raft-fp0,2037.974121,0.5591776408984375
jp-raft-fp0,2038.668945,0.5601761688621735
jp-raft-fp0,2039.5,0.5611746968259094
jp-raft-fp0,2040.943115,0.5621732247896454
jp-raft-fp0,2041.958008,0.5631717527533814
jp-raft-fp0,2042.552002,0.5641702807171174
jp-raft-fp0,2043.404785,0.5651688086808534
jp-raft-fp0,2043.880127,0.5661673366445894
jp-raft-fp0,2044.380127,0.5671658646083254
jp-raft-fp0,2045.191162,0.5681643925720614
jp-raft-fp0,2045.693115,0.5691629205357974
jp-raft-fp0,2046.156006,0.5701614484995334
jp-raft-fp0,2046.665039,0.5711599764632694
jp-raft-fp0,2046.843018,0.5721585044270054
jp-raft-fp0,2047.126953,0.5731570323907414
jp-raft-fp0,2047.4729,0.5741555603544775
jp-raft-fp0,2047.934814,0.5751540883182135
jp-raft-fp0,2048.324951,0.5761526162819495
jp-raft-fp0,2048.579834,0.5771511442456855
jp-raft-fp0,2048.851074,0.5781496722094215
jp-raft-fp0,2049.093994,0.5791482001731574
jp-raft-fp0,2049.481934,0.5801467281368934
jp-raft-fp0,2049.926025,0.5811452561006294
jp-raft-fp0,2050.242188,0.5821437840643654
jp-raft-fp0,2050.531006,0.5831423120281014
jp-raft-fp0,2050.816162,0.5841408399918374
jp-raft-fp0,2051.197998,0.5851393679555734
jp-raft-fp0,2051.518799,0.5861378959193094
jp-raft-fp0,2051.842041,0.5871364238830454
jp-raft-fp0,2052.288086,0.5881349518467814
jp-raft-fp0,2053.116943,0.5891334798105174
jp-raft-fp0,2053.971191,0.5901320077742535
jp-raft-fp0,2056.567871,0.5911305357379895
jp-raft-fp0,2057.831055,0.5921290637017255
jp-raft-fp0,2058.683838,0.5931275916654615
jp-raft-fp0,2059.765137,0.5941261196291975
jp-raft-fp0,2062.39209,0.5951246475929335
jp-raft-fp0,2065.071777,0.5961231755566694
jp-raft-fp0,2068.354004,0.5971217035204054
jp-raft-fp0,2071.031982,0.5981202314841414
jp-raft-fp0,2072.395996,0.5991187594478774
jp-raft-fp0,2073.416016,0.6001172874116134
jp-raft-fp0,2074.61084,0.6011158153753494
jp-raft-fp0,2075.173096,0.6021143433390854
jp-raft-fp0,2075.7771,0.6031128713028214
jp-raft-fp0,2076.281006,0.6041113992665574
jp-raft-fp0,2076.966064,0.6051099272302934
jp-raft-fp0,2079.170898,0.6061084551940294
jp-raft-fp0,2096.566162,0.6071069831577655
jp-raft-fp0,2111.066895,0.6081055111215015
jp-raft-fp0,2118.748779,0.6091040390852375
jp-raft-fp0,2122.529785,0.6101025670489735
jp-raft-fp0,2125.559082,0.6111010950127095
jp-raft-fp0,2128.302979,0.6120996229764455
jp-raft-fp0,2131.147949,0.6130981509401814
jp-raft-fp0,2133.458008,0.6140966789039174
jp-raft-fp0,2135.346924,0.6150952068676534
jp-raft-fp0,2137.303955,0.6160937348313894
jp-raft-fp0,2138.2229,0.6170922627951254
jp-raft-fp0,2138.734131,0.6180907907588614
jp-raft-fp0,2139.187012,0.6190893187225974
jp-raft-fp0,2139.603027,0.6200878466863334
jp-raft-fp0,2139.873047,0.6210863746500694
jp-raft-fp0,2140.12915,0.6220849026138054
jp-raft-fp0,2140.351807,0.6230834305775415
jp-raft-fp0,2140.572021,0.6240819585412775
jp-raft-fp0,2140.840088,0.6250804865050135
jp-raft-fp0,2141.050049,0.6260790144687495
jp-raft-fp0,2141.218018,0.6270775424324855
jp-raft-fp0,2141.37793,0.6280760703962215
jp-raft-fp0,2141.531982,0.6290745983599575
jp-raft-fp0,2141.62915,0.6300731263236934
jp-raft-fp0,2141.729004,0.6310716542874294
jp-raft-fp0,2141.826172,0.6320701822511654
jp-raft-fp0,2141.915039,0.6330687102149014
jp-raft-fp0,2142.006836,0.6340672381786374
jp-raft-fp0,2142.090088,0.6350657661423734
jp-raft-fp0,2142.192871,0.6360642941061094
jp-raft-fp0,2142.292969,0.6370628220698454
jp-raft-fp0,2142.382812,0.6380613500335814
jp-raft-fp0,2142.488037,0.6390598779973174
jp-raft-fp0,2142.583008,0.6400584059610535
jp-raft-fp0,2142.672852,0.6410569339247895
jp-raft-fp0,2142.766846,0.6420554618885255
jp-raft-fp0,2142.871094,0.6430539898522615
jp-raft-fp0,2142.961914,0.6440525178159975
jp-raft-fp0,2143.058105,0.6450510457797335
jp-raft-fp0,2143.156982,0.6460495737434695
jp-raft-fp0,2143.245117,0.6470481017072055
jp-raft-fp0,2143.342041,0.6480466296709414
jp-raft-fp0,2143.428955,0.6490451576346774
jp-raft-fp0,2143.520996,0.6500436855984134
jp-raft-fp0,2143.594971,0.6510422135621494
jp-raft-fp0,2143.673096,0.6520407415258854
jp-raft-fp0,2143.778076,0.6530392694896214
jp-raft-fp0,2143.869873,0.6540377974533574
jp-raft-fp0,2143.961914,0.6550363254170934
jp-raft-fp0,2144.055908,0.6560348533808295
jp-raft-fp0,2144.156982,0.6570333813445655
jp-raft-fp0,2144.26001,0.6580319093083015
jp-raft-fp0,2144.371094,0.6590304372720375
jp-raft-fp0,2144.460205,0.6600289652357735
jp-raft-fp0,2144.552979,0.6610274931995095
jp-raft-fp0,2144.647949,0.6620260211632455
jp-raft-fp0,2144.739014,0.6630245491269815
jp-raft-fp0,2144.829834,0.6640230770907175
jp-raft-fp0,2144.919189,0.6650216050544534
jp-raft-fp0,2145.016113,0.6660201330181894
jp-raft-fp0,2145.094971,0.6670186609819254
jp-raft-fp0,2145.168945,0.6680171889456614
jp-raft-fp0,2145.244141,0.6690157169093974
jp-raft-fp0,2145.343994,0.6700142448731334
jp-raft-fp0,2145.441162,0.6710127728368694
jp-raft-fp0,2145.524902,0.6720113008006054
jp-raft-fp0,2145.625,0.6730098287643415
jp-raft-fp0,2145.714111,0.6740083567280775
jp-raft-fp0,2145.796875,0.6750068846918135
jp-raft-fp0,2145.886963,0.6760054126555495
jp-raft-fp0,2145.98291,0.6770039406192855
jp-raft-fp0,2146.084961,0.6780024685830215
jp-raft-fp0,2146.172852,0.6790009965467575
jp-raft-fp0,2146.255859,0.6799995245104935
jp-raft-fp0,2146.331055,0.6809980524742295
jp-raft-fp0,2146.423828,0.6819965804379654
jp-raft-fp0,2146.51001,0.6829951084017014
jp-raft-fp0,2146.595947,0.6839936363654374
jp-raft-fp0,2146.684082,0.6849921643291734
jp-raft-fp0,2146.759033,0.6859906922929094
jp-raft-fp0,2146.843994,0.6869892202566454
jp-raft-fp0,2146.937012,0.6879877482203814
jp-raft-fp0,2147.03418,0.6889862761841175
jp-raft-fp0,2147.143066,0.6899848041478535
jp-raft-fp0,2147.26709,0.6909833321115895
jp-raft-fp0,2147.371094,0.6919818600753255
jp-raft-fp0,2147.471924,0.6929803880390615
jp-raft-fp0,2147.569824,0.6939789160027975
jp-raft-fp0,2147.664062,0.6949774439665335
jp-raft-fp0,2147.773193,0.6959759719302695
jp-raft-fp0,2147.862061,0.6969744998940055
jp-raft-fp0,2147.933838,0.6979730278577415
jp-raft-fp0,2148.013184,0.6989715558214775
jp-raft-fp0,2148.105957,0.6999700837852134
jp-raft-fp0,2148.197021,0.7009686117489494
jp-raft-fp0,2148.286133,0.7019671397126854
jp-raft-fp0,2148.366943,0.7029656676764214
jp-raft-fp0,2148.462891,0.7039641956401574
jp-raft-fp0,2148.576904,0.7049627236038934
jp-raft-fp0,2148.698975,0.7059612515676295
jp-raft-fp0,2148.788818,0.7069597795313655
jp-raft-fp0,2148.880127,0.7079583074951015
jp-raft-fp0,2148.971191,0.7089568354588375
jp-raft-fp0,2149.060059,0.7099553634225735
jp-raft-fp0,2149.164062,0.7109538913863095
jp-raft-fp0,2149.270996,0.7119524193500455
jp-raft-fp0,2149.389893,0.7129509473137815
jp-raft-fp0,2149.493896,0.7139494752775175
jp-raft-fp0,2149.587891,0.7149480032412535
jp-raft-fp0,2149.673096,0.7159465312049895
jp-raft-fp0,2149.791992,0.7169450591687254
jp-raft-fp0,2149.906982,0.7179435871324614
jp-raft-fp0,2150.024902,0.7189421150961974
jp-raft-fp0,2150.172852,0.7199406430599334
jp-raft-fp0,2150.312012,0.7209391710236694
jp-raft-fp0,2150.489014,0.7219376989874055
jp-raft-fp0,2150.801025,0.7229362269511415
jp-raft-fp0,2151.326172,0.7239347549148775
jp-raft-fp0,2151.863037,0.7249332828786135
jp-raft-fp0,2152.36792,0.7259318108423495
jp-raft-fp0,2154.490967,0.7269303388060855
jp-raft-fp0,2157.994141,0.7279288667698215
jp-raft-fp0,2161.656006,0.7289273947335575
jp-raft-fp0,2168.187012,0.7299259226972935
jp-raft-fp0,2174.173096,0.7309244506610295
jp-raft-fp0,2179.193848,0.7319229786247655
jp-raft-fp0,2181.108154,0.7329215065885015
jp-raft-fp0,2182.312988,0.7339200345522374
jp-raft-fp0,2182.928955,0.7349185625159734
jp-raft-fp0,2183.330078,0.7359170904797094
jp-raft-fp0,2183.669922,0.7369156184434454
jp-raft-fp0,2183.968994,0.7379141464071814
jp-raft-fp0,2184.244873,0.7389126743709175
jp-raft-fp0,2184.432861,0.7399112023346535
jp-raft-fp0,2184.596924,0.7409097302983895
jp-raft-fp0,2184.819092,0.7419082582621255
jp-raft-fp0,2185.059082,0.7429067862258615
jp-raft-fp0,2185.241943,0.7439053141895975
jp-raft-fp0,2185.432861,0.7449038421533335
jp-raft-fp0,2185.680908,0.7459023701170695
jp-raft-fp0,2185.875977,0.7469008980808055
jp-raft-fp0,2186.020996,0.7478994260445415
jp-raft-fp0,2186.144043,0.7488979540082775
jp-raft-fp0,2186.2771,0.7498964819720135
jp-raft-fp0,2186.408203,0.7508950099357495
jp-raft-fp0,2186.532959,0.7518935378994854
jp-raft-fp0,2186.683105,0.7528920658632214
jp-raft-fp0,2186.798096,0.7538905938269574
jp-raft-fp0,2186.9021,0.7548891217906935
jp-raft-fp0,2187.02002,0.7558876497544295
jp-raft-fp0,2187.132812,0.7568861777181655
jp-raft-fp0,2187.236084,0.7578847056819015
jp-raft-fp0,2187.343018,0.7588832336456375
jp-raft-fp0,2187.470215,0.7598817616093735
jp-raft-fp0,2187.615967,0.7608802895731095
jp-raft-fp0,2187.812988,0.7618788175368455
jp-raft-fp0,2187.99707,0.7628773455005815
jp-raft-fp0,2188.146973,0.7638758734643175
jp-raft-fp0,2188.300049,0.7648744014280535
jp-raft-fp0,2188.438965,0.7658729293917895
jp-raft-fp0,2188.595947,0.7668714573555255
jp-raft-fp0,2188.76416,0.7678699853192615
jp-raft-fp0,2188.89209,0.7688685132829974
jp-raft-fp0,2189.001953,0.7698670412467334
jp-raft-fp0,2189.12793,0.7708655692104694
jp-raft-fp0,2189.280029,0.7718640971742055
jp-raft-fp0,2189.451904,0.7728626251379415
jp-raft-fp0,2189.592041,0.7738611531016775
jp-raft-fp0,2189.756836,0.7748596810654135
jp-raft-fp0,2189.891846,0.7758582090291495
jp-raft-fp0,2190.028076,0.7768567369928855
jp-raft-fp0,2190.136963,0.7778552649566215
jp-raft-fp0,2190.285156,0.7788537929203575
jp-raft-fp0,2190.466064,0.7798523208840935
jp-raft-fp0,2190.576904,0.7808508488478295
jp-raft-fp0,2190.696045,0.7818493768115655
jp-raft-fp0,2190.818848,0.7828479047753015
jp-raft-fp0,2190.958008,0.7838464327390375
jp-raft-fp0,2191.077148,0.7848449607027735
jp-raft-fp0,2191.199951,0.7858434886665094
jp-raft-fp0,2191.331055,0.7868420166302454
jp-raft-fp0,2191.451172,0.7878405445939815
jp-raft-fp0,2191.559082,0.7888390725577175
jp-raft-fp0,2191.688965,0.7898376005214535
jp-raft-fp0,2191.824951,0.7908361284851895
jp-raft-fp0,2191.950928,0.7918346564489255
jp-raft-fp0,2192.108154,0.7928331844126615
jp-raft-fp0,2192.273926,0.7938317123763975
jp-raft-fp0,2192.406982,0.7948302403401335
jp-raft-fp0,2192.601074,0.7958287683038695
jp-raft-fp0,2192.7771,0.7968272962676055
jp-raft-fp0,2192.912109,0.7978258242313415
jp-raft-fp0,2193.083984,0.7988243521950775
jp-raft-fp0,2193.270996,0.7998228801588135
jp-raft-fp0,2193.39917,0.8008214081225495
jp-raft-fp0,2193.571045,0.8018199360862855
jp-raft-fp0,2193.790039,0.8028184640500214
jp-raft-fp0,2194.054932,0.8038169920137574
jp-raft-fp0,2194.407959,0.8048155199774935
jp-raft-fp0,2194.701904,0.8058140479412295
jp-raft-fp0,2195.125977,0.8068125759049655
jp-raft-fp0,2195.442139,0.8078111038687015
jp-raft-fp0,2195.698975,0.8088096318324375
jp-raft-fp0,2195.923096,0.8098081597961735
jp-raft-fp0,2196.109131,0.8108066877599095
jp-raft-fp0,2196.290039,0.8118052157236455
jp-raft-fp0,2196.479004,0.8128037436873815
jp-raft-fp0,2196.631104,0.8138022716511175
jp-raft-fp0,2196.792969,0.8148007996148535
jp-raft-fp0,2196.960938,0.8157993275785895
jp-raft-fp0,2197.171143,0.8167978555423255
jp-raft-fp0,2197.299072,0.8177963835060615
jp-raft-fp0,2197.422119,0.8187949114697975
jp-raft-fp0,2197.533936,0.8197934394335336
jp-raft-fp0,2197.663086,0.8207919673972695
jp-raft-fp0,2197.830078,0.8217904953610055
jp-raft-fp0,2198.00708,0.8227890233247415
jp-raft-fp0,2198.147949,0.8237875512884775
jp-raft-fp0,2198.298828,0.8247860792522135
jp-raft-fp0,2198.460205,0.8257846072159495
jp-raft-fp0,2198.62793,0.8267831351796855
jp-raft-fp0,2198.74292,0.8277816631434215
jp-raft-fp0,2198.880127,0.8287801911071575
jp-raft-fp0,2199.01709,0.8297787190708935
jp-raft-fp0,2199.130127,0.8307772470346295
jp-raft-fp0,2199.229004,0.8317757749983655
jp-raft-fp0,2199.327148,0.8327743029621015
jp-raft-fp0,2199.468994,0.8337728309258375
jp-raft-fp0,2199.611084,0.8347713588895735
jp-raft-fp0,2199.745117,0.8357698868533096
jp-raft-fp0,2199.853027,0.8367684148170456
jp-raft-fp0,2200.000977,0.8377669427807815
jp-raft-fp0,2200.101074,0.8387654707445175
jp-raft-fp0,2200.224854,0.8397639987082535
jp-raft-fp0,2200.417969,0.8407625266719895
jp-raft-fp0,2200.645996,0.8417610546357255
jp-raft-fp0,2200.837891,0.8427595825994615
jp-raft-fp0,2201.110107,0.8437581105631975
jp-raft-fp0,2201.493164,0.8447566385269335
jp-raft-fp0,2202.699951,0.8457551664906695
jp-raft-fp0,2203.86792,0.8467536944544055
jp-raft-fp0,2211.256104,0.8477522224181415
jp-raft-fp0,2217.243164,0.8487507503818775
jp-raft-fp0,2222.35791,0.8497492783456135
jp-raft-fp0,2229.114014,0.8507478063093495
jp-raft-fp0,2235.260986,0.8517463342730855
jp-raft-fp0,2240.541016,0.8527448622368216
jp-raft-fp0,2247.599121,0.8537433902005576
jp-raft-fp0,2256.708984,0.8547419181642935
jp-raft-fp0,2262.979004,0.8557404461280295
jp-raft-fp0,2264.84082,0.8567389740917655
jp-raft-fp0,2265.784912,0.8577375020555015
jp-raft-fp0,2266.873047,0.8587360300192375
jp-raft-fp0,2267.682861,0.8597345579829735
jp-raft-fp0,2268.519043,0.8607330859467095
jp-raft-fp0,2270.304932,0.8617316139104455
jp-raft-fp0,2272.611084,0.8627301418741815
jp-raft-fp0,2277.699219,0.8637286698379175
jp-raft-fp0,2282.955078,0.8647271978016535
jp-raft-fp0,2288.515137,0.8657257257653895
jp-raft-fp0,2295.746826,0.8667242537291255
jp-raft-fp0,2302.789062,0.8677227816928615
jp-raft-fp0,2305.884033,0.8687213096565976
jp-raft-fp0,2307.204102,0.8697198376203336
jp-raft-fp0,2308.063965,0.8707183655840696
jp-raft-fp0,2308.809082,0.8717168935478056
jp-raft-fp0,2309.624023,0.8727154215115415
jp-raft-fp0,2310.190918,0.8737139494752775
jp-raft-fp0,2311.013916,0.8747124774390135
jp-raft-fp0,2313.044922,0.8757110054027495
jp-raft-fp0,2319.493896,0.8767095333664855
jp-raft-fp0,2322.006104,0.8777080613302215
jp-raft-fp0,2322.853027,0.8787065892939575
jp-raft-fp0,2323.454834,0.8797051172576935
jp-raft-fp0,2323.719971,0.8807036452214295
jp-raft-fp0,2323.942139,0.8817021731851655
jp-raft-fp0,2324.165039,0.8827007011489015
jp-raft-fp0,2324.360107,0.8836992291126375
jp-raft-fp0,2324.509033,0.8846977570763735
jp-raft-fp0,2324.656982,0.8856962850401096
jp-raft-fp0,2324.784912,0.8866948130038456
jp-raft-fp0,2324.938965,0.8876933409675816
jp-raft-fp0,2325.074951,0.8886918689313176
jp-raft-fp0,2325.210938,0.8896903968950535
jp-raft-fp0,2325.339111,0.8906889248587895
jp-raft-fp0,2325.456055,0.8916874528225255
jp-raft-fp0,2325.583008,0.8926859807862615
jp-raft-fp0,2325.696777,0.8936845087499975
jp-raft-fp0,2325.791992,0.8946830367137335
jp-raft-fp0,2325.882812,0.8956815646774695
jp-raft-fp0,2325.959961,0.8966800926412055
jp-raft-fp0,2326.044922,0.8976786206049415
jp-raft-fp0,2326.154785,0.8986771485686775
jp-raft-fp0,2326.287842,0.8996756765324135
jp-raft-fp0,2326.421143,0.9006742044961495
jp-raft-fp0,2326.554932,0.9016727324598856
jp-raft-fp0,2326.691895,0.9026712604236216
jp-raft-fp0,2326.838867,0.9036697883873576
jp-raft-fp0,2327.018066,0.9046683163510936
jp-raft-fp0,2327.25708,0.9056668443148296
jp-raft-fp0,2327.466064,0.9066653722785655
jp-raft-fp0,2327.676025,0.9076639002423015
jp-raft-fp0,2328.201172,0.9086624282060375
jp-raft-fp0,2329.270996,0.9096609561697735
jp-raft-fp0,2333.890869,0.9106594841335095
jp-raft-fp0,2335.47998,0.9116580120972455
jp-raft-fp0,2336.3479,0.9126565400609815
jp-raft-fp0,2337.11792,0.9136550680247175
jp-raft-fp0,2337.895996,0.9146535959884535
jp-raft-fp0,2338.50293,0.9156521239521895
jp-raft-fp0,2339.757812,0.9166506519159255
jp-raft-fp0,2345.933838,0.9176491798796615
jp-raft-fp0,2351.308105,0.9186477078433976
jp-raft-fp0,2357.523926,0.9196462358071336
jp-raft-fp0,2364.176025,0.9206447637708696
jp-raft-fp0,2365.47998,0.9216432917346056
jp-raft-fp0,2365.933105,0.9226418196983416
jp-raft-fp0,2366.319824,0.9236403476620776
jp-raft-fp0,2366.752197,0.9246388756258135
jp-raft-fp0,2367.189941,0.9256374035895495
jp-raft-fp0,2367.682129,0.9266359315532855
jp-raft-fp0,2367.983154,0.9276344595170215
jp-raft-fp0,2368.201904,0.9286329874807575
jp-raft-fp0,2368.404053,0.9296315154444935
jp-raft-fp0,2368.646973,0.9306300434082295
jp-raft-fp0,2369.047852,0.9316285713719655
jp-raft-fp0,2369.666992,0.9326270993357015
jp-raft-fp0,2370.126953,0.9336256272994375
jp-raft-fp0,2377.130127,0.9346241552631736
jp-raft-fp0,2383.503174,0.9356226832269096
jp-raft-fp0,2385.940918,0.9366212111906456
jp-raft-fp0,2387.295898,0.9376197391543816
jp-raft-fp0,2387.984863,0.9386182671181176
jp-raft-fp0,2388.425049,0.9396167950818536
jp-raft-fp0,2388.696045,0.9406153230455896
jp-raft-fp0,2389.01001,0.9416138510093255
jp-raft-fp0,2389.282959,0.9426123789730615
jp-raft-fp0,2389.585938,0.9436109069367975
jp-raft-fp0,2389.811035,0.9446094349005335
jp-raft-fp0,2390.075195,0.9456079628642695
jp-raft-fp0,2390.321045,0.9466064908280055
jp-raft-fp0,2390.491943,0.9476050187917415
jp-raft-fp0,2390.6521,0.9486035467554775
jp-raft-fp0,2390.792969,0.9496020747192135
jp-raft-fp0,2390.941895,0.9506006026829495
jp-raft-fp0,2391.073975,0.9515991306466856
jp-raft-fp0,2391.197021,0.9525976586104216
jp-raft-fp0,2391.314209,0.9535961865741576
jp-raft-fp0,2391.422852,0.9545947145378936
jp-raft-fp0,2391.553955,0.9555932425016296
jp-raft-fp0,2391.64502,0.9565917704653656
jp-raft-fp0,2391.740967,0.9575902984291016
jp-raft-fp0,2391.833008,0.9585888263928375
jp-raft-fp0,2391.947021,0.9595873543565735
jp-raft-fp0,2392.064941,0.9605858823203095
jp-raft-fp0,2392.174072,0.9615844102840455
jp-raft-fp0,2392.266846,0.9625829382477815
jp-raft-fp0,2392.372803,0.9635814662115175
jp-raft-fp0,2392.483887,0.9645799941752535
jp-raft-fp0,2392.593018,0.9655785221389895
jp-raft-fp0,2392.719971,0.9665770501027255
jp-raft-fp0,2392.841064,0.9675755780664616
jp-raft-fp0,2392.978027,0.9685741060301976
jp-raft-fp0,2393.118164,0.9695726339939336
jp-raft-fp0,2393.404053,0.9705711619576696
jp-raft-fp0,2393.644043,0.9715696899214056
jp-raft-fp0,2393.90918,0.9725682178851416
jp-raft-fp0,2394.62915,0.9735667458488776
jp-raft-fp0,2395.933105,0.9745652738126136
jp-raft-fp0,2398.340088,0.9755638017763495
jp-raft-fp0,2412.704834,0.9765623297400855
jp-raft-fp0,2417.798096,0.9775608577038215
jp-raft-fp0,2421.016113,0.9785593856675575
jp-raft-fp0,2422.336182,0.9795579136312935
jp-raft-fp0,2423.254883,0.9805564415950295
jp-raft-fp0,2423.89502,0.9815549695587655
jp-raft-fp0,2424.401855,0.9825534975225015
jp-raft-fp0,2424.900879,0.9835520254862375
jp-raft-fp0,2425.273926,0.9845505534499736
jp-raft-fp0,2425.554932,0.9855490814137096
jp-raft-fp0,2426.138916,0.9865476093774456
jp-raft-fp0,2426.514893,0.9875461373411816
jp-raft-fp0,2427.135986,0.9885446653049176
jp-raft-fp0,2427.947021,0.9895431932686536
jp-raft-fp0,2429.033936,0.9905417212323896
jp-raft-fp0,2429.848877,0.9915402491961256
jp-raft-fp0,2431.031982,0.9925387771598616
jp-raft-fp0,2436.142822,0.9935373051235975
jp-raft-fp0,2453.193115,0.9945358330873335
jp-raft-fp0,2470.706055,0.9955343610510695
jp-raft-fp0,2493.606934,0.9965328890148055
jp-raft-fp0,2529.060059,0.9975314169785415
jp-raft-fp0,2716.980957,0.9985299449422775
jp-raft-fp0,2719.821045,0.9995284729060135
jp-raft-fp100,40.036133,3.917006466977677e-06
jp-raft-fp100,40.145996,0.0010027536555462853
jp-raft-fp100,40.172119,0.002001590304625593
jp-raft-fp100,40.190918,0.0030004269537049007
jp-raft-fp100,40.206055,0.003999263602784208
jp-raft-fp100,40.218994,0.004998100251863515
jp-raft-fp100,40.22998,0.005996936900942823
jp-raft-fp100,40.23999,0.006995773550022131
jp-raft-fp100,40.249023,0.00799461019910144
jp-raft-fp100,40.258057,0.008993446848180747
jp-raft-fp100,40.266113,0.009992283497260054
jp-raft-fp100,40.27417,0.01099112014633936
jp-raft-fp100,40.281982,0.01198995679541867
jp-raft-fp100,40.289062,0.012988793444497977
jp-raft-fp100,40.295898,0.013987630093577284
jp-raft-fp100,40.302002,0.014986466742656593
jp-raft-fp100,40.309082,0.0159853033917359
jp-raft-fp100,40.315186,0.016984140040815207
jp-raft-fp100,40.322021,0.017982976689894514
jp-raft-fp100,40.328125,0.01898181333897382
jp-raft-fp100,40.333984,0.019980649988053132
jp-raft-fp100,40.340088,0.02097948663713244
jp-raft-fp100,40.345947,0.021978323286211746
jp-raft-fp100,40.353027,0.022977159935291053
jp-raft-fp100,40.359131,0.02397599658437036
jp-raft-fp100,40.36499,0.024974833233449668
jp-raft-fp100,40.371094,0.025973669882528975
jp-raft-fp100,40.376953,0.026972506531608282
jp-raft-fp100,40.383057,0.027971343180687593
jp-raft-fp100,40.387939,0.0289701798297669
jp-raft-fp100,40.393066,0.029969016478846207
jp-raft-fp100,40.398926,0.030967853127925514
jp-raft-fp100,40.404053,0.03196668977700482
jp-raft-fp100,40.409912,0.03296552642608413
jp-raft-fp100,40.414062,0.033964363075163435
jp-raft-fp100,40.419922,0.03496319972424274
jp-raft-fp100,40.424805,0.03596203637332205
jp-raft-fp100,40.429932,0.03696087302240136
jp-raft-fp100,40.435059,0.03795970967148067
jp-raft-fp100,40.439941,0.03895854632055998
jp-raft-fp100,40.445068,0.039957382969639285
jp-raft-fp100,40.449951,0.04095621961871859
jp-raft-fp100,40.455078,0.0419550562677979
jp-raft-fp100,40.458984,0.04295389291687721
jp-raft-fp100,40.463867,0.043952729565956514
jp-raft-fp100,40.468994,0.04495156621503582
jp-raft-fp100,40.473877,0.04595040286411513
jp-raft-fp100,40.479004,0.046949239513194435
jp-raft-fp100,40.483887,0.04794807616227374
jp-raft-fp100,40.488037,0.04894691281135305
jp-raft-fp100,40.49292,0.049945749460432357
jp-raft-fp100,40.49707,0.050944586109511664
jp-raft-fp100,40.501953,0.05194342275859098
jp-raft-fp100,40.506104,0.052942259407670285
jp-raft-fp100,40.510986,0.05394109605674959
jp-raft-fp100,40.515137,0.0549399327058289
jp-raft-fp100,40.519043,0.055938769354908206
jp-raft-fp100,40.523926,0.05693760600398751
jp-raft-fp100,40.527832,0.05793644265306682
jp-raft-fp100,40.531006,0.05893527930214613
jp-raft-fp100,40.535889,0.059934115951225435
jp-raft-fp100,40.540039,0.06093295260030474
jp-raft-fp100,40.543945,0.06193178924938405
jp-raft-fp100,40.548096,0.06293062589846336
jp-raft-fp100,40.552002,0.06392946254754267
jp-raft-fp100,40.556152,0.06492829919662198
jp-raft-fp100,40.560059,0.06592713584570128
jp-raft-fp100,40.564209,0.06692597249478059
jp-raft-fp100,40.568115,0.0679248091438599
jp-raft-fp100,40.572021,0.0689236457929392
jp-raft-fp100,40.575928,0.06992248244201851
jp-raft-fp100,40.579102,0.07092131909109782
jp-raft-fp100,40.583984,0.07192015574017713
jp-raft-fp100,40.586914,0.07291899238925643
jp-raft-fp100,40.591064,0.07391782903833574
jp-raft-fp100,40.594971,0.07491666568741505
jp-raft-fp100,40.599121,0.07591550233649436
jp-raft-fp100,40.603027,0.07691433898557366
jp-raft-fp100,40.606934,0.07791317563465297
jp-raft-fp100,40.61084,0.07891201228373228
jp-raft-fp100,40.61499,0.07991084893281158
jp-raft-fp100,40.61792,0.08090968558189089
jp-raft-fp100,40.62207,0.0819085222309702
jp-raft-fp100,40.625,0.0829073588800495
jp-raft-fp100,40.628906,0.08390619552912881
jp-raft-fp100,40.632812,0.08490503217820812
jp-raft-fp100,40.636963,0.08590386882728743
jp-raft-fp100,40.639893,0.08690270547636675
jp-raft-fp100,40.644043,0.08790154212544606
jp-raft-fp100,40.646973,0.08890037877452536
jp-raft-fp100,40.650146,0.08989921542360467
jp-raft-fp100,40.654053,0.09089805207268398
jp-raft-fp100,40.656982,0.09189688872176328
jp-raft-fp100,40.660889,0.09289572537084259
jp-raft-fp100,40.665039,0.0938945620199219
jp-raft-fp100,40.668945,0.0948933986690012
jp-raft-fp100,40.671875,0.09589223531808051
jp-raft-fp100,40.675049,0.09689107196715982
jp-raft-fp100,40.678955,0.09788990861623913
jp-raft-fp100,40.681885,0.09888874526531843
jp-raft-fp100,40.685059,0.09988758191439774
jp-raft-fp100,40.688965,0.10088641856347705
jp-raft-fp100,40.691895,0.10188525521255636
jp-raft-fp100,40.695068,0.10288409186163566
jp-raft-fp100,40.698975,0.10388292851071497
jp-raft-fp100,40.702148,0.10488176515979428
jp-raft-fp100,40.705078,0.10588060180887358
jp-raft-fp100,40.708984,0.10687943845795289
jp-raft-fp100,40.711914,0.1078782751070322
jp-raft-fp100,40.715088,0.1088771117561115
jp-raft-fp100,40.718994,0.10987594840519081
jp-raft-fp100,40.722168,0.11087478505427012
jp-raft-fp100,40.725098,0.11187362170334943
jp-raft-fp100,40.729004,0.11287245835242873
jp-raft-fp100,40.731934,0.11387129500150804
jp-raft-fp100,40.735107,0.11487013165058735
jp-raft-fp100,40.738037,0.11586896829966667
jp-raft-fp100,40.741943,0.11686780494874598
jp-raft-fp100,40.745117,0.11786664159782528
jp-raft-fp100,40.748047,0.11886547824690459
jp-raft-fp100,40.750977,0.1198643148959839
jp-raft-fp100,40.75415,0.1208631515450632
jp-raft-fp100,40.757812,0.12186198819414251
jp-raft-fp100,40.760986,0.12286082484322182
jp-raft-fp100,40.764893,0.12385966149230113
jp-raft-fp100,40.767822,0.12485849814138043
jp-raft-fp100,40.770996,0.12585733479045974
jp-raft-fp100,40.773926,0.12685617143953903
jp-raft-fp100,40.776855,0.12785500808861835
jp-raft-fp100,40.780029,0.12885384473769765
jp-raft-fp100,40.782959,0.12985268138677697
jp-raft-fp100,40.785889,0.1308515180358563
jp-raft-fp100,40.789062,0.13185035468493558
jp-raft-fp100,40.791992,0.1328491913340149
jp-raft-fp100,40.795166,0.1338480279830942
jp-raft-fp100,40.798828,0.13484686463217352
jp-raft-fp100,40.802002,0.1358457012812528
jp-raft-fp100,40.804932,0.13684453793033213
jp-raft-fp100,40.807861,0.13784337457941143
jp-raft-fp100,40.810059,0.13884221122849075
jp-raft-fp100,40.813965,0.13984104787757004
jp-raft-fp100,40.816895,0.14083988452664936
jp-raft-fp100,40.819824,0.14183872117572865
jp-raft-fp100,40.822998,0.14283755782480798
jp-raft-fp100,40.825928,0.14383639447388727
jp-raft-fp100,40.828857,0.1448352311229666
jp-raft-fp100,40.831787,0.14583406777204588
jp-raft-fp100,40.833984,0.1468329044211252
jp-raft-fp100,40.836914,0.1478317410702045
jp-raft-fp100,40.840088,0.14883057771928382
jp-raft-fp100,40.843018,0.1498294143683631
jp-raft-fp100,40.845947,0.15082825101744243
jp-raft-fp100,40.848877,0.15182708766652173
jp-raft-fp100,40.851074,0.15282592431560105
jp-raft-fp100,40.854004,0.15382476096468034
jp-raft-fp100,40.856934,0.15482359761375966
jp-raft-fp100,40.859131,0.15582243426283895
jp-raft-fp100,40.862061,0.15682127091191828
jp-raft-fp100,40.86499,0.1578201075609976
jp-raft-fp100,40.86792,0.1588189442100769
jp-raft-fp100,40.870117,0.1598177808591562
jp-raft-fp100,40.873047,0.1608166175082355
jp-raft-fp100,40.875,0.16181545415731483
jp-raft-fp100,40.878174,0.16281429080639412
jp-raft-fp100,40.881104,0.16381312745547344
jp-raft-fp100,40.884033,0.16481196410455273
jp-raft-fp100,40.886963,0.16581080075363205
jp-raft-fp100,40.889893,0.16680963740271135
jp-raft-fp100,40.893066,0.16780847405179067
jp-raft-fp100,40.89502,0.16880731070086996
jp-raft-fp100,40.897949,0.16980614734994928
jp-raft-fp100,40.900879,0.17080498399902858
jp-raft-fp100,40.903076,0.1718038206481079
jp-raft-fp100,40.906006,0.1728026572971872
jp-raft-fp100,40.908936,0.1738014939462665
jp-raft-fp100,40.911133,0.1748003305953458
jp-raft-fp100,40.914062,0.17579916724442513
jp-raft-fp100,40.916992,0.17679800389350442
jp-raft-fp100,40.918945,0.17779684054258374
jp-raft-fp100,40.921875,0.17879567719166303
jp-raft-fp100,40.924072,0.17979451384074235
jp-raft-fp100,40.927002,0.18079335048982165
jp-raft-fp100,40.928955,0.18179218713890097
jp-raft-fp100,40.931885,0.18279102378798026
jp-raft-fp100,40.934082,0.18378986043705958
jp-raft-fp100,40.937012,0.18478869708613888
jp-raft-fp100,40.939209,0.1857875337352182
jp-raft-fp100,40.941895,0.18678637038429752
jp-raft-fp100,40.944092,0.1877852070333768
jp-raft-fp100,40.947021,0.18878404368245613
jp-raft-fp100,40.949951,0.18978288033153543
jp-raft-fp100,40.952881,0.19078171698061475
jp-raft-fp100,40.955078,0.19178055362969404
jp-raft-fp100,40.957031,0.19277939027877336
jp-raft-fp100,40.959961,0.19377822692785265
jp-raft-fp100,40.962891,0.19477706357693197
jp-raft-fp100,40.965088,0.19577590022601127
jp-raft-fp100,40.967041,0.1967747368750906
jp-raft-fp100,40.969971,0.19777357352416988
jp-raft-fp100,40.9729,0.1987724101732492
jp-raft-fp100,40.975098,0.1997712468223285
jp-raft-fp100,40.977783,0.20077008347140782
jp-raft-fp100,40.97998,0.2017689201204871
jp-raft-fp100,40.98291,0.20276775676956643
jp-raft-fp100,40.985107,0.20376659341864573
jp-raft-fp100,40.988037,0.20476543006772505
jp-raft-fp100,40.98999,0.20576426671680434
jp-raft-fp100,40.99292,0.20676310336588366
jp-raft-fp100,40.994873,0.20776194001496295
jp-raft-fp100,40.99707,0.20876077666404227
jp-raft-fp100,41.0,0.20975961331312157
jp-raft-fp100,41.001953,0.2107584499622009
jp-raft-fp100,41.00415,0.21175728661128018
jp-raft-fp100,41.00708,0.2127561232603595
jp-raft-fp100,41.01001,0.21375495990943882
jp-raft-fp100,41.011963,0.21475379655851812
jp-raft-fp100,41.013916,0.21575263320759744
jp-raft-fp100,41.016846,0.21675146985667673
jp-raft-fp100,41.019043,0.21775030650575605
jp-raft-fp100,41.021973,0.21874914315483535
jp-raft-fp100,41.023926,0.21974797980391467
jp-raft-fp100,41.026123,0.22074681645299396
jp-raft-fp100,41.029053,0.22174565310207328
jp-raft-fp100,41.031006,0.22274448975115257
jp-raft-fp100,41.032959,0.2237433264002319
jp-raft-fp100,41.035889,0.2247421630493112
jp-raft-fp100,41.038086,0.2257409996983905
jp-raft-fp100,41.041016,0.2267398363474698
jp-raft-fp100,41.042969,0.22773867299654912
jp-raft-fp100,41.045166,0.22873750964562842
jp-raft-fp100,41.047852,0.22973634629470774
jp-raft-fp100,41.050049,0.23073518294378703
jp-raft-fp100,41.052979,0.23173401959286635
jp-raft-fp100,41.054932,0.23273285624194565
jp-raft-fp100,41.057129,0.23373169289102497
jp-raft-fp100,41.059082,0.23473052954010426
jp-raft-fp100,41.061035,0.23572936618918358
jp-raft-fp100,41.063965,0.23672820283826287
jp-raft-fp100,41.066162,0.2377270394873422
jp-raft-fp100,41.068848,0.2387258761364215
jp-raft-fp100,41.070801,0.2397247127855008
jp-raft-fp100,41.072998,0.2407235494345801
jp-raft-fp100,41.074951,0.24172238608365942
jp-raft-fp100,41.077148,0.24272122273273875
jp-raft-fp100,41.079834,0.24372005938181804
jp-raft-fp100,41.082031,0.24471889603089736
jp-raft-fp100,41.084961,0.24571773267997665
jp-raft-fp100,41.086914,0.24671656932905597
jp-raft-fp100,41.089111,0.24771540597813527
jp-raft-fp100,41.092041,0.2487142426272146
jp-raft-fp100,41.093994,0.24971307927629388
jp-raft-fp100,41.096924,0.2507119159253732
jp-raft-fp100,41.098877,0.2517107525744525
jp-raft-fp100,41.101074,0.2527095892235318
jp-raft-fp100,41.103027,0.2537084258726111
jp-raft-fp100,41.105957,0.2547072625216904
jp-raft-fp100,41.10791,0.25570609917076975
jp-raft-fp100,41.110107,0.25670493581984904
jp-raft-fp100,41.112061,0.25770377246892834
jp-raft-fp100,41.11499,0.25870260911800763
jp-raft-fp100,41.116943,0.259701445767087
jp-raft-fp100,41.118896,0.2607002824161663
jp-raft-fp100,41.121094,0.26169911906524557
jp-raft-fp100,41.123047,0.26269795571432486
jp-raft-fp100,41.125,0.2636967923634042
jp-raft-fp100,41.12793,0.2646956290124835
jp-raft-fp100,41.129883,0.2656944656615628
jp-raft-fp100,41.13208,0.2666933023106421
jp-raft-fp100,41.134033,0.26769213895972144
jp-raft-fp100,41.135986,0.26869097560880073
jp-raft-fp100,41.138184,0.26968981225788
jp-raft-fp100,41.140869,0.2706886489069594
jp-raft-fp100,41.143066,0.27168748555603867
jp-raft-fp100,41.14502,0.27268632220511796
jp-raft-fp100,41.147217,0.27368515885419725
jp-raft-fp100,41.149902,0.2746839955032766
jp-raft-fp100,41.1521,0.2756828321523559
jp-raft-fp100,41.154053,0.2766816688014352
jp-raft-fp100,41.156006,0.2776805054505145
jp-raft-fp100,41.157959,0.27867934209959383
jp-raft-fp100,41.160156,0.2796781787486731
jp-raft-fp100,41.162842,0.2806770153977524
jp-raft-fp100,41.165039,0.2816758520468317
jp-raft-fp100,41.166992,0.28267468869591106
jp-raft-fp100,41.168945,0.28367352534499035
jp-raft-fp100,41.171143,0.28467236199406964
jp-raft-fp100,41.173828,0.28567119864314894
jp-raft-fp100,41.176025,0.2866700352922283
jp-raft-fp100,41.177979,0.2876688719413076
jp-raft-fp100,41.179932,0.2886677085903869
jp-raft-fp100,41.182129,0.28966654523946617
jp-raft-fp100,41.184082,0.2906653818885455
jp-raft-fp100,41.187012,0.2916642185376248
jp-raft-fp100,41.188965,0.2926630551867041
jp-raft-fp100,41.190918,0.2936618918357834
jp-raft-fp100,41.192871,0.29466072848486274
jp-raft-fp100,41.195068,0.29565956513394204
jp-raft-fp100,41.197021,0.29665840178302133
jp-raft-fp100,41.198975,0.2976572384321006
jp-raft-fp100,41.200928,0.29865607508118
jp-raft-fp100,41.202881,0.29965491173025927
jp-raft-fp100,41.205078,0.30065374837933856
jp-raft-fp100,41.207031,0.3016525850284179
jp-raft-fp100,41.208984,0.3026514216774972
jp-raft-fp100,41.210938,0.3036502583265765
jp-raft-fp100,41.212891,0.3046490949756558
jp-raft-fp100,41.215088,0.30564793162473514
jp-raft-fp100,41.217041,0.30664676827381443
jp-raft-fp100,41.218994,0.3076456049228937
jp-raft-fp100,41.220947,0.308644441571973
jp-raft-fp100,41.2229,0.30964327822105236
jp-raft-fp100,41.224854,0.31064211487013166
jp-raft-fp100,41.226074,0.31164095151921095
jp-raft-fp100,41.229004,0.31263978816829024
jp-raft-fp100,41.230957,0.3136386248173696
jp-raft-fp100,41.23291,0.3146374614664489
jp-raft-fp100,41.235107,0.3156362981155282
jp-raft-fp100,41.237061,0.3166351347646075
jp-raft-fp100,41.239014,0.3176339714136868
jp-raft-fp100,41.240967,0.3186328080627661
jp-raft-fp100,41.24292,0.3196316447118454
jp-raft-fp100,41.244873,0.3206304813609247
jp-raft-fp100,41.24707,0.32162931801000405
jp-raft-fp100,41.249023,0.32262815465908334
jp-raft-fp100,41.250977,0.32362699130816264
jp-raft-fp100,41.25293,0.32462582795724193
jp-raft-fp100,41.254883,0.3256246646063213
jp-raft-fp100,41.25708,0.3266235012554006
jp-raft-fp100,41.259033,0.32762233790447987
jp-raft-fp100,41.260986,0.3286211745535592
jp-raft-fp100,41.262939,0.3296200112026385
jp-raft-fp100,41.26416,0.3306188478517178
jp-raft-fp100,41.266846,0.3316176845007971
jp-raft-fp100,41.268066,0.33261652114987644
jp-raft-fp100,41.27002,0.33361535779895574
jp-raft-fp100,41.272949,0.33461419444803503
jp-raft-fp100,41.274902,0.3356130310971143
jp-raft-fp100,41.276855,0.33661186774619367
jp-raft-fp100,41.278809,0.33761070439527296
jp-raft-fp100,41.281006,0.33860954104435226
jp-raft-fp100,41.282959,0.33960837769343155
jp-raft-fp100,41.28418,0.3406072143425109
jp-raft-fp100,41.286133,0.3416060509915902
jp-raft-fp100,41.288086,0.3426048876406695
jp-raft-fp100,41.290039,0.3436037242897488
jp-raft-fp100,41.291992,0.34460256093882813
jp-raft-fp100,41.293945,0.3456013975879074
jp-raft-fp100,41.296143,0.3466002342369867
jp-raft-fp100,41.298096,0.347599070886066
jp-raft-fp100,41.300049,0.34859790753514536
jp-raft-fp100,41.302002,0.34959674418422465
jp-raft-fp100,41.303955,0.35059558083330394
jp-raft-fp100,41.306152,0.35159441748238324
jp-raft-fp100,41.308105,0.3525932541314626
jp-raft-fp100,41.310059,0.3535920907805419
jp-raft-fp100,41.312012,0.35459092742962117
jp-raft-fp100,41.314209,0.3555897640787005
jp-raft-fp100,41.316162,0.3565886007277798
jp-raft-fp100,41.318115,0.3575874373768591
jp-raft-fp100,41.320068,0.3585862740259384
jp-raft-fp100,41.322021,0.35958511067501775
jp-raft-fp100,41.323975,0.36058394732409704
jp-raft-fp100,41.326172,0.36158278397317634
jp-raft-fp100,41.328125,0.36258162062225563
jp-raft-fp100,41.330078,0.363580457271335
jp-raft-fp100,41.332031,0.36457929392041427
jp-raft-fp100,41.333984,0.36557813056949356
jp-raft-fp100,41.335938,0.36657696721857286
jp-raft-fp100,41.337891,0.3675758038676522
jp-raft-fp100,41.340088,0.3685746405167315
jp-raft-fp100,41.342041,0.3695734771658108
jp-raft-fp100,41.343994,0.3705723138148901
jp-raft-fp100,41.345947,0.37157115046396944
jp-raft-fp100,41.3479,0.37256998711304873
jp-raft-fp100,41.349854,0.373568823762128
jp-raft-fp100,41.351074,0.3745676604112073
jp-raft-fp100,41.353027,0.37556649706028666
jp-raft-fp100,41.35498,0.37656533370936596
jp-raft-fp100,41.357178,0.37756417035844525
jp-raft-fp100,41.359131,0.37856300700752454
jp-raft-fp100,41.361084,0.3795618436566039
jp-raft-fp100,41.363037,0.3805606803056832
jp-raft-fp100,41.36499,0.3815595169547625
jp-raft-fp100,41.366943,0.3825583536038418
jp-raft-fp100,41.368896,0.3835571902529211
jp-raft-fp100,41.371094,0.3845560269020004
jp-raft-fp100,41.373047,0.3855548635510797
jp-raft-fp100,41.375,0.38655370020015906
jp-raft-fp100,41.377197,0.38755253684923835
jp-raft-fp100,41.37915,0.38855137349831764
jp-raft-fp100,41.381104,0.38955021014739694
jp-raft-fp100,41.383789,0.3905490467964763
jp-raft-fp100,41.385986,0.3915478834455556
jp-raft-fp100,41.387939,0.39254672009463487
jp-raft-fp100,41.389893,0.39354555674371416
jp-raft-fp100,41.391846,0.3945443933927935
jp-raft-fp100,41.394043,0.3955432300418728
jp-raft-fp100,41.395996,0.3965420666909521
jp-raft-fp100,41.397949,0.3975409033400314
jp-raft-fp100,41.400146,0.39853973998911074
jp-raft-fp100,41.4021,0.39953857663819003
jp-raft-fp100,41.404053,0.40053741328726933
jp-raft-fp100,41.406006,0.4015362499363486
jp-raft-fp100,41.407959,0.40253508658542797
jp-raft-fp100,41.409912,0.40353392323450726
jp-raft-fp100,41.411865,0.40453275988358656
jp-raft-fp100,41.414062,0.40553159653266585
jp-raft-fp100,41.416016,0.4065304331817452
jp-raft-fp100,41.417969,0.4075292698308245
jp-raft-fp100,41.419922,0.4085281064799038
jp-raft-fp100,41.422119,0.4095269431289831
jp-raft-fp100,41.424072,0.4105257797780624
jp-raft-fp100,41.426025,0.4115246164271417
jp-raft-fp100,41.428955,0.412523453076221
jp-raft-fp100,41.430908,0.41352228972530036
jp-raft-fp100,41.432861,0.41452112637437966
jp-raft-fp100,41.434814,0.41551996302345895
jp-raft-fp100,41.437012,0.41651879967253824
jp-raft-fp100,41.438965,0.4175176363216176
jp-raft-fp100,41.440918,0.4185164729706969
jp-raft-fp100,41.442871,0.4195153096197762
jp-raft-fp100,41.445068,0.42051414626885547
jp-raft-fp100,41.447021,0.4215129829179348
jp-raft-fp100,41.448975,0.4225118195670141
jp-raft-fp100,41.451904,0.4235106562160934
jp-raft-fp100,41.453125,0.4245094928651727
jp-raft-fp100,41.455811,0.42550832951425205
jp-raft-fp100,41.458008,0.42650716616333134
jp-raft-fp100,41.459961,0.42750600281241063
jp-raft-fp100,41.462158,0.42850483946148993
jp-raft-fp100,41.464111,0.4295036761105693
jp-raft-fp100,41.466064,0.43050251275964857
jp-raft-fp100,41.468994,0.43150134940872786
jp-raft-fp100,41.470215,0.43250018605780716
jp-raft-fp100,41.4729,0.4334990227068865
jp-raft-fp100,41.475098,0.4344978593559658
jp-raft-fp100,41.477051,0.4354966960050451
jp-raft-fp100,41.479004,0.4364955326541244
jp-raft-fp100,41.481201,0.43749436930320373
jp-raft-fp100,41.483887,0.438493205952283
jp-raft-fp100,41.48584,0.4394920426013623
jp-raft-fp100,41.488037,0.44049087925044167
jp-raft-fp100,41.48999,0.44148971589952096
jp-raft-fp100,41.492188,0.44248855254860026
jp-raft-fp100,41.494873,0.44348738919767955
jp-raft-fp100,41.49707,0.4444862258467589
jp-raft-fp100,41.5,0.4454850624958382
jp-raft-fp100,41.501953,0.4464838991449175
jp-raft-fp100,41.503906,0.4474827357939968
jp-raft-fp100,41.505859,0.4484815724430761
jp-raft-fp100,41.508057,0.4494804090921554
jp-raft-fp100,41.51001,0.4504792457412347
jp-raft-fp100,41.511963,0.451478082390314
jp-raft-fp100,41.51416,0.45247691903939335
jp-raft-fp100,41.516113,0.45347575568847265
jp-raft-fp100,41.518066,0.45447459233755194
jp-raft-fp100,41.52002,0.45547342898663123
jp-raft-fp100,41.522949,0.4564722656357106
jp-raft-fp100,41.524902,0.4574711022847899
jp-raft-fp100,41.5271,0.45846993893386917
jp-raft-fp100,41.529053,0.45946877558294846
jp-raft-fp100,41.531006,0.4604676122320278
jp-raft-fp100,41.533936,0.4614664488811071
jp-raft-fp100,41.535889,0.4624652855301864
jp-raft-fp100,41.538086,0.4634641221792657
jp-raft-fp100,41.540039,0.46446295882834504
jp-raft-fp100,41.541992,0.46546179547742433
jp-raft-fp100,41.544922,0.4664606321265036
jp-raft-fp100,41.546875,0.467459468775583
jp-raft-fp100,41.549072,0.46845830542466227
jp-raft-fp100,41.551025,0.46945714207374156
jp-raft-fp100,41.553223,0.47045597872282086
jp-raft-fp100,41.555176,0.4714548153719002
jp-raft-fp100,41.557861,0.4724536520209795
jp-raft-fp100,41.560059,0.4734524886700588
jp-raft-fp100,41.562012,0.4744513253191381
jp-raft-fp100,41.564941,0.47545016196821743
jp-raft-fp100,41.566895,0.4764489986172967
jp-raft-fp100,41.569824,0.477447835266376
jp-raft-fp100,41.572021,0.4784466719154553
jp-raft-fp100,41.573975,0.47944550856453466
jp-raft-fp100,41.576904,0.48044434521361395
jp-raft-fp100,41.578857,0.48144318186269325
jp-raft-fp100,41.581055,0.48244201851177254
jp-raft-fp100,41.583984,0.4834408551608519
jp-raft-fp100,41.585938,0.4844396918099312
jp-raft-fp100,41.588135,0.4854385284590105
jp-raft-fp100,41.590088,0.48643736510808977
jp-raft-fp100,41.592041,0.4874362017571691
jp-raft-fp100,41.594971,0.4884350384062484
jp-raft-fp100,41.597168,0.4894338750553277
jp-raft-fp100,41.599854,0.490432711704407
jp-raft-fp100,41.602051,0.49143154835348635
jp-raft-fp100,41.60498,0.49243038500256564
jp-raft-fp100,41.606934,0.49342922165164493
jp-raft-fp100,41.609863,0.4944280583007242
jp-raft-fp100,41.612061,0.4954268949498036
jp-raft-fp100,41.614014,0.49642573159888287
jp-raft-fp100,41.616943,0.49742456824796216
jp-raft-fp100,41.619141,0.4984234048970415
jp-raft-fp100,41.621826,0.4994222415461208
jp-raft-fp100,41.624023,0.5004210781952001
jp-raft-fp100,41.626221,0.5014199148442794
jp-raft-fp100,41.628906,0.5024187514933587
jp-raft-fp100,41.631104,0.503417588142438
jp-raft-fp100,41.633057,0.5044164247915174
jp-raft-fp100,41.635986,0.5054152614405967
jp-raft-fp100,41.637939,0.506414098089676
jp-raft-fp100,41.640869,0.5074129347387553
jp-raft-fp100,41.643066,0.5084117713878346
jp-raft-fp100,41.645996,0.5094106080369138
jp-raft-fp100,41.648193,0.5104094446859931
jp-raft-fp100,41.650879,0.5114082813350724
jp-raft-fp100,41.653076,0.5124071179841518
jp-raft-fp100,41.656006,0.5134059546332311
jp-raft-fp100,41.657959,0.5144047912823104
jp-raft-fp100,41.660889,0.5154036279313897
jp-raft-fp100,41.663086,0.516402464580469
jp-raft-fp100,41.666016,0.5174013012295483
jp-raft-fp100,41.667969,0.5184001378786276
jp-raft-fp100,41.670898,0.5193989745277069
jp-raft-fp100,41.673096,0.5203978111767863
jp-raft-fp100,41.676025,0.5213966478258656
jp-raft-fp100,41.678955,0.5223954844749449
jp-raft-fp100,41.681152,0.5233943211240242
jp-raft-fp100,41.683838,0.5243931577731035
jp-raft-fp100,41.686035,0.5253919944221828
jp-raft-fp100,41.688965,0.526390831071262
jp-raft-fp100,41.691162,0.5273896677203415
jp-raft-fp100,41.693848,0.5283885043694208
jp-raft-fp100,41.697021,0.5293873410185
jp-raft-fp100,41.698975,0.5303861776675793
jp-raft-fp100,41.701904,0.5313850143166586
jp-raft-fp100,41.704102,0.5323838509657379
jp-raft-fp100,41.707031,0.5333826876148172
jp-raft-fp100,41.709961,0.5343815242638965
jp-raft-fp100,41.712891,0.5353803609129759
jp-raft-fp100,41.715088,0.5363791975620552
jp-raft-fp100,41.718018,0.5373780342111345
jp-raft-fp100,41.720947,0.5383768708602138
jp-raft-fp100,41.723877,0.5393757075092931
jp-raft-fp100,41.726074,0.5403745441583724
jp-raft-fp100,41.729004,0.5413733808074517
jp-raft-fp100,41.731201,0.542372217456531
jp-raft-fp100,41.734131,0.5433710541056104
jp-raft-fp100,41.736816,0.5443698907546897
jp-raft-fp100,41.73999,0.545368727403769
jp-raft-fp100,41.741943,0.5463675640528483
jp-raft-fp100,41.744873,0.5473664007019275
jp-raft-fp100,41.747803,0.5483652373510068
jp-raft-fp100,41.75,0.5493640740000861
jp-raft-fp100,41.753174,0.5503629106491654
jp-raft-fp100,41.756104,0.5513617472982448
jp-raft-fp100,41.759033,0.5523605839473241
jp-raft-fp100,41.761963,0.5533594205964034
jp-raft-fp100,41.764893,0.5543582572454827
jp-raft-fp100,41.767822,0.555357093894562
jp-raft-fp100,41.77002,0.5563559305436413
jp-raft-fp100,41.772949,0.5573547671927206
jp-raft-fp100,41.775146,0.5583536038418
jp-raft-fp100,41.778076,0.5593524404908793
jp-raft-fp100,41.781006,0.5603512771399586
jp-raft-fp100,41.78418,0.5613501137890379
jp-raft-fp100,41.787109,0.5623489504381172
jp-raft-fp100,41.790039,0.5633477870871965
jp-raft-fp100,41.791992,0.5643466237362758
jp-raft-fp100,41.795898,0.565345460385355
jp-raft-fp100,41.798828,0.5663442970344345
jp-raft-fp100,41.802002,0.5673431336835137
jp-raft-fp100,41.804932,0.568341970332593
jp-raft-fp100,41.807861,0.5693408069816723
jp-raft-fp100,41.810059,0.5703396436307516
jp-raft-fp100,41.813965,0.5713384802798309
jp-raft-fp100,41.816162,0.5723373169289102
jp-raft-fp100,41.819092,0.5733361535779895
jp-raft-fp100,41.822998,0.5743349902270689
jp-raft-fp100,41.825928,0.5753338268761482
jp-raft-fp100,41.829102,0.5763326635252275
jp-raft-fp100,41.832031,0.5773315001743068
jp-raft-fp100,41.835938,0.5783303368233861
jp-raft-fp100,41.838135,0.5793291734724654
jp-raft-fp100,41.841064,0.5803280101215447
jp-raft-fp100,41.844971,0.5813268467706241
jp-raft-fp100,41.8479,0.5823256834197034
jp-raft-fp100,41.85083,0.5833245200687827
jp-raft-fp100,41.854004,0.584323356717862
jp-raft-fp100,41.856934,0.5853221933669412
jp-raft-fp100,41.859863,0.5863210300160205
jp-raft-fp100,41.863037,0.5873198666650998
jp-raft-fp100,41.865967,0.5883187033141791
jp-raft-fp100,41.869141,0.5893175399632585
jp-raft-fp100,41.873047,0.5903163766123378
jp-raft-fp100,41.875977,0.5913152132614171
jp-raft-fp100,41.878906,0.5923140499104964
jp-raft-fp100,41.88208,0.5933128865595757
jp-raft-fp100,41.88501,0.594311723208655
jp-raft-fp100,41.888916,0.5953105598577343
jp-raft-fp100,41.89209,0.5963093965068136
jp-raft-fp100,41.89502,0.597308233155893
jp-raft-fp100,41.898926,0.5983070698049723
jp-raft-fp100,41.9021,0.5993059064540516
jp-raft-fp100,41.905029,0.6003047431031309
jp-raft-fp100,41.908936,0.6013035797522102
jp-raft-fp100,41.911865,0.6023024164012895
jp-raft-fp100,41.915039,0.6033012530503687
jp-raft-fp100,41.918945,0.604300089699448
jp-raft-fp100,41.922119,0.6052989263485274
jp-raft-fp100,41.925049,0.6062977629976067
jp-raft-fp100,41.928955,0.607296599646686
jp-raft-fp100,41.932129,0.6082954362957653
jp-raft-fp100,41.935059,0.6092942729448446
jp-raft-fp100,41.938965,0.6102931095939239
jp-raft-fp100,41.942871,0.6112919462430032
jp-raft-fp100,41.946045,0.6122907828920826
jp-raft-fp100,41.949219,0.6132896195411619
jp-raft-fp100,41.952881,0.6142884561902412
jp-raft-fp100,41.956787,0.6152872928393205
jp-raft-fp100,41.960938,0.6162861294883998
jp-raft-fp100,41.964111,0.6172849661374791
jp-raft-fp100,41.968018,0.6182838027865584
jp-raft-fp100,41.971924,0.6192826394356377
jp-raft-fp100,41.97583,0.6202814760847171
jp-raft-fp100,41.97998,0.6212803127337964
jp-raft-fp100,41.98291,0.6222791493828757
jp-raft-fp100,41.987061,0.623277986031955
jp-raft-fp100,41.990967,0.6242768226810342
jp-raft-fp100,41.994873,0.6252756593301135
jp-raft-fp100,41.999023,0.6262744959791928
jp-raft-fp100,42.002197,0.6272733326282721
jp-raft-fp100,42.006104,0.6282721692773515
jp-raft-fp100,42.01001,0.6292710059264308
jp-raft-fp100,42.01416,0.6302698425755101
jp-raft-fp100,42.018066,0.6312686792245894
jp-raft-fp100,42.021973,0.6322675158736687
jp-raft-fp100,42.026123,0.633266352522748
jp-raft-fp100,42.030029,0.6342651891718273
jp-raft-fp100,42.033936,0.6352640258209066
jp-raft-fp100,42.038818,0.636262862469986
jp-raft-fp100,42.042969,0.6372616991190653
jp-raft-fp100,42.047119,0.6382605357681446
jp-raft-fp100,42.051758,0.6392593724172239
jp-raft-fp100,42.055908,0.6402582090663032
jp-raft-fp100,42.060059,0.6412570457153824
jp-raft-fp100,42.063965,0.6422558823644617
jp-raft-fp100,42.068115,0.6432547190135411
jp-raft-fp100,42.072998,0.6442535556626204
jp-raft-fp100,42.077148,0.6452523923116997
jp-raft-fp100,42.082031,0.646251228960779
jp-raft-fp100,42.085938,0.6472500656098583
jp-raft-fp100,42.090088,0.6482489022589376
jp-raft-fp100,42.094971,0.6492477389080169
jp-raft-fp100,42.099121,0.6502465755570962
jp-raft-fp100,42.104004,0.6512454122061756
jp-raft-fp100,42.108887,0.6522442488552549
jp-raft-fp100,42.114014,0.6532430855043342
jp-raft-fp100,42.118896,0.6542419221534135
jp-raft-fp100,42.124023,0.6552407588024928
jp-raft-fp100,42.128174,0.6562395954515721
jp-raft-fp100,42.134033,0.6572384321006514
jp-raft-fp100,42.138916,0.6582372687497307
jp-raft-fp100,42.143799,0.6592361053988101
jp-raft-fp100,42.148926,0.6602349420478894
jp-raft-fp100,42.153809,0.6612337786969686
jp-raft-fp100,42.158936,0.6622326153460479
jp-raft-fp100,42.164795,0.6632314519951272
jp-raft-fp100,42.169922,0.6642302886442065
jp-raft-fp100,42.175049,0.6652291252932858
jp-raft-fp100,42.179932,0.6662279619423652
jp-raft-fp100,42.185791,0.6672267985914445
jp-raft-fp100,42.191895,0.6682256352405238
jp-raft-fp100,42.197021,0.6692244718896031
jp-raft-fp100,42.202881,0.6702233085386824
jp-raft-fp100,42.208008,0.6712221451877617
jp-raft-fp100,42.213135,0.672220981836841
jp-raft-fp100,42.219971,0.6732198184859203
jp-raft-fp100,42.224854,0.6742186551349997
jp-raft-fp100,42.230957,0.675217491784079
jp-raft-fp100,42.237061,0.6762163284331583
jp-raft-fp100,42.243164,0.6772151650822376
jp-raft-fp100,42.25,0.6782140017313169
jp-raft-fp100,42.256836,0.6792128383803961
jp-raft-fp100,42.263916,0.6802116750294754
jp-raft-fp100,42.27002,0.6812105116785547
jp-raft-fp100,42.277832,0.6822093483276341
jp-raft-fp100,42.285156,0.6832081849767134
jp-raft-fp100,42.292969,0.6842070216257927
jp-raft-fp100,42.299072,0.685205858274872
jp-raft-fp100,42.307129,0.6862046949239513
jp-raft-fp100,42.313965,0.6872035315730306
jp-raft-fp100,42.322021,0.6882023682221099
jp-raft-fp100,42.330811,0.6892012048711892
jp-raft-fp100,42.338867,0.6902000415202686
jp-raft-fp100,42.346924,0.6911988781693479
jp-raft-fp100,42.355957,0.6921977148184272
jp-raft-fp100,42.365967,0.6931965514675065
jp-raft-fp100,42.374023,0.6941953881165858
jp-raft-fp100,42.38501,0.6951942247656651
jp-raft-fp100,42.394043,0.6961930614147444
jp-raft-fp100,42.404053,0.6971918980638238
jp-raft-fp100,42.414062,0.698190734712903
jp-raft-fp100,42.424072,0.6991895713619823
jp-raft-fp100,42.436035,0.7001884080110616
jp-raft-fp100,42.448975,0.7011872446601409
jp-raft-fp100,42.461914,0.7021860813092202
jp-raft-fp100,42.474854,0.7031849179582995
jp-raft-fp100,42.489014,0.7041837546073788
jp-raft-fp100,42.503906,0.7051825912564582
jp-raft-fp100,42.518066,0.7061814279055375
jp-raft-fp100,42.533203,0.7071802645546168
jp-raft-fp100,42.550049,0.7081791012036961
jp-raft-fp100,42.567871,0.7091779378527754
jp-raft-fp100,42.587158,0.7101767745018547
jp-raft-fp100,42.610107,0.711175611150934
jp-raft-fp100,42.63501,0.7121744478000133
jp-raft-fp100,42.666016,0.7131732844490927
jp-raft-fp100,42.694824,0.714172121098172
jp-raft-fp100,42.731934,0.7151709577472513
jp-raft-fp100,42.780029,0.7161697943963306
jp-raft-fp100,42.830078,0.7171686310454098
jp-raft-fp100,42.909912,0.7181674676944891
jp-raft-fp100,43.022949,0.7191663043435684
jp-raft-fp100,43.231934,0.7201651409926478
jp-raft-fp100,43.620117,0.7211639776417271
jp-raft-fp100,44.287109,0.7221628142908064
jp-raft-fp100,44.84082,0.7231616509398857
jp-raft-fp100,45.914062,0.724160487588965
jp-raft-fp100,47.236084,0.7251593242380443
jp-raft-fp100,48.748047,0.7261581608871236
jp-raft-fp100,50.325928,0.7271569975362029
jp-raft-fp100,51.805176,0.7281558341852823
jp-raft-fp100,53.729004,0.7291546708343616
jp-raft-fp100,55.775146,0.7301535074834409
jp-raft-fp100,57.720947,0.7311523441325202
jp-raft-fp100,59.656982,0.7321511807815995
jp-raft-fp100,61.511963,0.7331500174306788
jp-raft-fp100,63.490967,0.734148854079758
jp-raft-fp100,65.49585,0.7351476907288373
jp-raft-fp100,67.641113,0.7361465273779167
jp-raft-fp100,70.113037,0.737145364026996
jp-raft-fp100,72.666016,0.7381442006760753
jp-raft-fp100,75.050049,0.7391430373251546
jp-raft-fp100,77.834961,0.7401418739742339
jp-raft-fp100,79.990967,0.7411407106233132
jp-raft-fp100,82.531006,0.7421395472723925
jp-raft-fp100,84.664062,0.7431383839214718
jp-raft-fp100,87.028076,0.7441372205705512
jp-raft-fp100,89.273926,0.7451360572196305
jp-raft-fp100,91.568115,0.7461348938687098
jp-raft-fp100,93.993164,0.7471337305177891
jp-raft-fp100,96.861816,0.7481325671668684
jp-raft-fp100,99.929932,0.7491314038159477
jp-raft-fp100,102.623047,0.750130240465027
jp-raft-fp100,104.706055,0.7511290771141064
jp-raft-fp100,107.021973,0.7521279137631857
jp-raft-fp100,109.550049,0.753126750412265
jp-raft-fp100,111.854004,0.7541255870613442
jp-raft-fp100,114.468994,0.7551244237104235
jp-raft-fp100,116.792969,0.7561232603595028
jp-raft-fp100,119.25,0.7571220970085821
jp-raft-fp100,121.670898,0.7581209336576614
jp-raft-fp100,123.802979,0.7591197703067408
jp-raft-fp100,125.635986,0.7601186069558201
jp-raft-fp100,128.581055,0.7611174436048994
jp-raft-fp100,131.310059,0.7621162802539787
jp-raft-fp100,133.922119,0.763115116903058
jp-raft-fp100,136.126953,0.7641139535521373
jp-raft-fp100,138.443848,0.7651127902012166
jp-raft-fp100,141.209961,0.7661116268502959
jp-raft-fp100,144.140869,0.7671104634993753
jp-raft-fp100,146.9021,0.7681093001484546
jp-raft-fp100,149.76001,0.7691081367975339
jp-raft-fp100,152.35498,0.7701069734466132
jp-raft-fp100,155.159912,0.7711058100956925
jp-raft-fp100,157.769043,0.7721046467447717
jp-raft-fp100,160.477051,0.773103483393851
jp-raft-fp100,163.586914,0.7741023200429303
jp-raft-fp100,165.688965,0.7751011566920097
jp-raft-fp100,168.51001,0.776099993341089
jp-raft-fp100,171.126953,0.7770988299901683
jp-raft-fp100,173.799805,0.7780976666392476
jp-raft-fp100,176.436035,0.7790965032883269
jp-raft-fp100,179.092041,0.7800953399374062
jp-raft-fp100,181.808838,0.7810941765864855
jp-raft-fp100,184.63501,0.7820930132355649
jp-raft-fp100,187.391846,0.7830918498846442
jp-raft-fp100,190.491943,0.7840906865337235
jp-raft-fp100,193.376953,0.7850895231828028
jp-raft-fp100,196.365967,0.7860883598318821
jp-raft-fp100,199.475098,0.7870871964809614
jp-raft-fp100,202.932861,0.7880860331300407
jp-raft-fp100,206.523926,0.78908486977912
jp-raft-fp100,209.554932,0.7900837064281994
jp-raft-fp100,212.74292,0.7910825430772787
jp-raft-fp100,216.169189,0.792081379726358
jp-raft-fp100,218.809082,0.7930802163754372
jp-raft-fp100,221.375,0.7940790530245165
jp-raft-fp100,223.60498,0.7950778896735958
jp-raft-fp100,225.977051,0.7960767263226751
jp-raft-fp100,228.587891,0.7970755629717544
jp-raft-fp100,233.005127,0.7980743996208338
jp-raft-fp100,237.569824,0.7990732362699131
jp-raft-fp100,240.932861,0.8000720729189924
jp-raft-fp100,244.248047,0.8010709095680717
jp-raft-fp100,248.590088,0.802069746217151
jp-raft-fp100,251.418945,0.8030685828662303
jp-raft-fp100,255.924072,0.8040674195153096
jp-raft-fp100,258.119141,0.805066256164389
jp-raft-fp100,261.963135,0.8060650928134683
jp-raft-fp100,264.012939,0.8070639294625476
jp-raft-fp100,266.85498,0.8080627661116269
jp-raft-fp100,268.717041,0.8090616027607062
jp-raft-fp100,271.975098,0.8100604394097854
jp-raft-fp100,276.988037,0.8110592760588647
jp-raft-fp100,282.344971,0.812058112707944
jp-raft-fp100,287.356934,0.8130569493570234
jp-raft-fp100,289.846924,0.8140557860061027
jp-raft-fp100,292.693848,0.815054622655182
jp-raft-fp100,298.216064,0.8160534593042613
jp-raft-fp100,304.343018,0.8170522959533406
jp-raft-fp100,308.462158,0.8180511326024199
jp-raft-fp100,310.175049,0.8190499692514992
jp-raft-fp100,314.791992,0.8200488059005785
jp-raft-fp100,318.549072,0.8210476425496579
jp-raft-fp100,323.074951,0.8220464791987372
jp-raft-fp100,325.836182,0.8230453158478165
jp-raft-fp100,327.96582,0.8240441524968958
jp-raft-fp100,330.603027,0.8250429891459751
jp-raft-fp100,332.576172,0.8260418257950544
jp-raft-fp100,334.494141,0.8270406624441337
jp-raft-fp100,336.292969,0.828039499093213
jp-raft-fp100,340.479004,0.8290383357422924
jp-raft-fp100,344.107178,0.8300371723913716
jp-raft-fp100,350.309082,0.8310360090404509
jp-raft-fp100,356.349121,0.8320348456895302
jp-raft-fp100,363.475098,0.8330336823386095
jp-raft-fp100,368.244873,0.8340325189876888
jp-raft-fp100,372.691895,0.8350313556367681
jp-raft-fp100,380.066895,0.8360301922858475
jp-raft-fp100,384.841064,0.8370290289349268
jp-raft-fp100,389.569092,0.8380278655840061
jp-raft-fp100,393.888916,0.8390267022330854
jp-raft-fp100,403.177979,0.8400255388821647
jp-raft-fp100,410.89502,0.841024375531244
jp-raft-fp100,416.145996,0.8420232121803233
jp-raft-fp100,422.695068,0.8430220488294026
jp-raft-fp100,428.827881,0.844020885478482
jp-raft-fp100,434.538086,0.8450197221275613
jp-raft-fp100,441.371094,0.8460185587766406
jp-raft-fp100,449.5979,0.8470173954257199
jp-raft-fp100,460.751221,0.8480162320747991
jp-raft-fp100,472.795898,0.8490150687238784
jp-raft-fp100,482.860107,0.8500139053729577
jp-raft-fp100,494.448975,0.851012742022037
jp-raft-fp100,502.163086,0.8520115786711164
jp-raft-fp100,515.552979,0.8530104153201957
jp-raft-fp100,520.828125,0.854009251969275
jp-raft-fp100,523.776123,0.8550080886183543
jp-raft-fp100,527.331055,0.8560069252674336
jp-raft-fp100,531.197021,0.8570057619165129
jp-raft-fp100,535.479004,0.8580045985655922
jp-raft-fp100,539.032959,0.8590034352146715
jp-raft-fp100,542.37207,0.8600022718637509
jp-raft-fp100,544.670166,0.8610011085128302
jp-raft-fp100,547.833984,0.8619999451619095
jp-raft-fp100,550.973877,0.8629987818109888
jp-raft-fp100,554.457031,0.8639976184600681
jp-raft-fp100,560.76709,0.8649964551091474
jp-raft-fp100,568.429932,0.8659952917582266
jp-raft-fp100,575.328857,0.866994128407306
jp-raft-fp100,585.282959,0.8679929650563853
jp-raft-fp100,589.618896,0.8689918017054646
jp-raft-fp100,591.775146,0.8699906383545439
jp-raft-fp100,593.912842,0.8709894750036232
jp-raft-fp100,595.047119,0.8719883116527025
jp-raft-fp100,596.666992,0.8729871483017818
jp-raft-fp100,604.102051,0.8739859849508611
jp-raft-fp100,610.241943,0.8749848215999405
jp-raft-fp100,619.710938,0.8759836582490198
jp-raft-fp100,622.965088,0.8769824948980991
jp-raft-fp100,626.328857,0.8779813315471784
jp-raft-fp100,629.040039,0.8789801681962577
jp-raft-fp100,632.544922,0.879979004845337
jp-raft-fp100,635.13501,0.8809778414944163
jp-raft-fp100,640.168945,0.8819766781434956
jp-raft-fp100,643.470947,0.882975514792575
jp-raft-fp100,648.140869,0.8839743514416543
jp-raft-fp100,650.528076,0.8849731880907336
jp-raft-fp100,655.201904,0.8859720247398128
jp-raft-fp100,658.02002,0.8869708613888921
jp-raft-fp100,661.186035,0.8879696980379714
jp-raft-fp100,665.552002,0.8889685346870507
jp-raft-fp100,670.718018,0.8899673713361301
jp-raft-fp100,673.560791,0.8909662079852094
jp-raft-fp100,679.666016,0.8919650446342887
jp-raft-fp100,682.802979,0.892963881283368
jp-raft-fp100,686.011963,0.8939627179324473
jp-raft-fp100,691.099121,0.8949615545815266
jp-raft-fp100,697.484863,0.8959603912306059
jp-raft-fp100,703.276123,0.8969592278796852
jp-raft-fp100,718.189941,0.8979580645287646
jp-raft-fp100,736.302002,0.8989569011778439
jp-raft-fp100,995.125,0.8999557378269232
jp-raft-fp100,1177.241943,0.9009545744760025
jp-raft-fp100,1266.436035,0.9019534111250818
jp-raft-fp100,1355.479004,0.902952247774161
jp-raft-fp100,1443.721191,0.9039510844232403
jp-raft-fp100,2430.818848,0.9049499210723196
jp-raft-fp100,2973.754883,0.905948757721399
jp-raft-fp100,23197.556152,0.9069475943704783
jp-raft-fp100,25666.979004,0.9079464310195576
jp-raft-fp100,26431.869873,0.9089452676686369
jp-raft-fp100,34725.897949,0.9099441043177162
jp-raft-fp100,35047.917969,0.9109429409667955
jp-raft-fp100,35450.730957,0.9119417776158748
jp-raft-fp100,42248.033936,0.9129406142649541
jp-raft-fp100,44424.687988,0.9139394509140335
jp-raft-fp100,46689.883057,0.9149382875631128
jp-raft-fp100,47903.802002,0.9159371242121921
jp-raft-fp100,48843.718994,0.9169359608612714
jp-raft-fp100,49708.095947,0.9179347975103507
jp-raft-fp100,50380.217041,0.91893363415943
jp-raft-fp100,50947.851074,0.9199324708085093
jp-raft-fp100,51459.75,0.9209313074575887
jp-raft-fp100,51895.754883,0.921930144106668
jp-raft-fp100,52230.094971,0.9229289807557473
jp-raft-fp100,52502.018066,0.9239278174048265
jp-raft-fp100,52734.070801,0.9249266540539058
jp-raft-fp100,52926.666992,0.9259254907029851
jp-raft-fp100,53150.302002,0.9269243273520644
jp-raft-fp100,53366.786865,0.9279231640011437
jp-raft-fp100,53576.921875,0.9289220006502231
jp-raft-fp100,53796.231934,0.9299208372993024
jp-raft-fp100,54022.85498,0.9309196739483817
jp-raft-fp100,54268.052979,0.931918510597461
jp-raft-fp100,54492.36499,0.9329173472465403
jp-raft-fp100,54696.851074,0.9339161838956196
jp-raft-fp100,54906.830078,0.9349150205446989
jp-raft-fp100,55120.48291,0.9359138571937782
jp-raft-fp100,55320.853027,0.9369126938428576
jp-raft-fp100,55519.945801,0.9379115304919369
jp-raft-fp100,55712.14209,0.9389103671410162
jp-raft-fp100,55902.093994,0.9399092037900955
jp-raft-fp100,56089.427979,0.9409080404391748
jp-raft-fp100,56250.629883,0.941906877088254
jp-raft-fp100,56414.628906,0.9429057137373333
jp-raft-fp100,56585.273926,0.9439045503864126
jp-raft-fp100,56746.035156,0.944903387035492
jp-raft-fp100,56911.532959,0.9459022236845713
jp-raft-fp100,57057.250977,0.9469010603336506
jp-raft-fp100,57195.000977,0.9478998969827299
jp-raft-fp100,57330.715088,0.9488987336318092
jp-raft-fp100,57490.789062,0.9498975702808885
jp-raft-fp100,57630.796143,0.9508964069299678
jp-raft-fp100,57778.173828,0.9518952435790472
jp-raft-fp100,57904.269043,0.9528940802281265
jp-raft-fp100,58035.75415,0.9538929168772058
jp-raft-fp100,58170.939941,0.9548917535262851
jp-raft-fp100,58300.334961,0.9558905901753644
jp-raft-fp100,58418.268066,0.9568894268244437
jp-raft-fp100,58541.7771,0.957888263473523
jp-raft-fp100,58666.918945,0.9588871001226023
jp-raft-fp100,58792.718018,0.9598859367716817
jp-raft-fp100,58916.453857,0.960884773420761
jp-raft-fp100,59030.166992,0.9618836100698402
jp-raft-fp100,59150.38623,0.9628824467189195
jp-raft-fp100,59277.445068,0.9638812833679988
jp-raft-fp100,59399.035889,0.9648801200170781
jp-raft-fp100,59516.700928,0.9658789566661574
jp-raft-fp100,59637.618896,0.9668777933152367
jp-raft-fp100,59755.678955,0.9678766299643161
jp-raft-fp100,59872.170166,0.9688754666133954
jp-raft-fp100,59996.64209,0.9698743032624747
jp-raft-fp100,60104.736084,0.970873139911554
jp-raft-fp100,60220.911865,0.9718719765606333
jp-raft-fp100,60325.730957,0.9728708132097126
jp-raft-fp100,60430.716064,0.9738696498587919
jp-raft-fp100,60540.470947,0.9748684865078713
jp-raft-fp100,60644.827148,0.9758673231569506
jp-raft-fp100,60759.13501,0.9768661598060299
jp-raft-fp100,60859.325928,0.9778649964551092
jp-raft-fp100,60973.043945,0.9788638331041885
jp-raft-fp100,61093.543213,0.9798626697532677
jp-raft-fp100,61205.358154,0.980861506402347
jp-raft-fp100,61317.669922,0.9818603430514263
jp-raft-fp100,61435.770996,0.9828591797005057
jp-raft-fp100,61553.921875,0.983858016349585
jp-raft-fp100,61654.906982,0.9848568529986643
jp-raft-fp100,61763.467041,0.9858556896477436
jp-raft-fp100,61886.249023,0.9868545262968229
jp-raft-fp100,62004.285156,0.9878533629459022
jp-raft-fp100,62125.439941,0.9888521995949815
jp-raft-fp100,62250.990967,0.9898510362440608
jp-raft-fp100,62385.595947,0.9908498728931402
jp-raft-fp100,62509.53418,0.9918487095422195
jp-raft-fp100,62647.444824,0.9928475461912988
jp-raft-fp100,62777.234863,0.9938463828403781
jp-raft-fp100,62901.208984,0.9948452194894574
jp-raft-fp100,63047.210938,0.9958440561385367
jp-raft-fp100,63164.184082,0.996842892787616
jp-raft-fp100,63308.743896,0.9978417294366952
jp-raft-fp100,63546.691895,0.9988405660857747
jp-raft-fp100,64037.765137,0.9998394027348539
jp-raft-adaptive,40.054199,2.907915053985443e-06
jp-raft-adaptive,40.152832,0.0010003227785709923
jp-raft-adaptive,40.185059,0.0019977376420879994
jp-raft-adaptive,40.208984,0.0029951525056050063
jp-raft-adaptive,40.22998,0.003992567369122013
jp-raft-adaptive,40.248047,0.0049899822326390205
jp-raft-adaptive,40.265137,0.005987397096156027
jp-raft-adaptive,40.281006,0.006984811959673034
jp-raft-adaptive,40.295166,0.00798222682319004
jp-raft-adaptive,40.311035,0.008979641686707047
jp-raft-adaptive,40.325928,0.009977056550224055
jp-raft-adaptive,40.339844,0.010974471413741062
jp-raft-adaptive,40.352783,0.011971886277258068
jp-raft-adaptive,40.36499,0.012969301140775076
jp-raft-adaptive,40.377197,0.013966716004292083
jp-raft-adaptive,40.388184,0.01496413086780909
jp-raft-adaptive,40.400879,0.015961545731326097
jp-raft-adaptive,40.412109,0.016958960594843104
jp-raft-adaptive,40.425049,0.01795637545836011
jp-raft-adaptive,40.435791,0.018953790321877117
jp-raft-adaptive,40.447021,0.019951205185394123
jp-raft-adaptive,40.458008,0.02094862004891113
jp-raft-adaptive,40.469971,0.02194603491242814
jp-raft-adaptive,40.480957,0.022943449775945146
jp-raft-adaptive,40.490967,0.023940864639462153
jp-raft-adaptive,40.50293,0.02493827950297916
jp-raft-adaptive,40.512207,0.025935694366496165
jp-raft-adaptive,40.522949,0.026933109230013172
jp-raft-adaptive,40.532959,0.02793052409353018
jp-raft-adaptive,40.542969,0.02892793895704719
jp-raft-adaptive,40.552979,0.029925353820564195
jp-raft-adaptive,40.562012,0.0309227686840812
jp-raft-adaptive,40.572998,0.03192018354759821
jp-raft-adaptive,40.583008,0.03291759841111522
jp-raft-adaptive,40.593018,0.03391501327463222
jp-raft-adaptive,40.602783,0.03491242813814923
jp-raft-adaptive,40.613037,0.03590984300166623
jp-raft-adaptive,40.622803,0.03690725786518324
jp-raft-adaptive,40.632812,0.037904672728700246
jp-raft-adaptive,40.64209,0.038902087592217256
jp-raft-adaptive,40.650879,0.039899502455734266
jp-raft-adaptive,40.65918,0.04089691731925127
jp-raft-adaptive,40.668213,0.04189433218276828
jp-raft-adaptive,40.677002,0.04289174704628528
jp-raft-adaptive,40.686768,0.04388916190980229
jp-raft-adaptive,40.695068,0.044886576773319295
jp-raft-adaptive,40.703125,0.045883991636836305
jp-raft-adaptive,40.711914,0.046881406500353315
jp-raft-adaptive,40.720215,0.04787882136387032
jp-raft-adaptive,40.729004,0.04887623622738733
jp-raft-adaptive,40.737061,0.04987365109090433
jp-raft-adaptive,40.745117,0.05087106595442134
jp-raft-adaptive,40.752197,0.051868480817938344
jp-raft-adaptive,40.759033,0.052865895681455354
jp-raft-adaptive,40.767822,0.05386331054497236
jp-raft-adaptive,40.774902,0.054860725408489366
jp-raft-adaptive,40.781982,0.055858140272006376
jp-raft-adaptive,40.790039,0.05685555513552338
jp-raft-adaptive,40.797119,0.05785296999904039
jp-raft-adaptive,40.804932,0.05885038486255739
jp-raft-adaptive,40.812012,0.0598477997260744
jp-raft-adaptive,40.820068,0.06084521458959141
jp-raft-adaptive,40.827148,0.061842629453108415
jp-raft-adaptive,40.834961,0.06284004431662542
jp-raft-adaptive,40.842041,0.06383745918014243
jp-raft-adaptive,40.849121,0.06483487404365944
jp-raft-adaptive,40.855957,0.06583228890717645
jp-raft-adaptive,40.864014,0.06682970377069344
jp-raft-adaptive,40.87085,0.06782711863421045
jp-raft-adaptive,40.877197,0.06882453349772746
jp-raft-adaptive,40.884033,0.06982194836124447
jp-raft-adaptive,40.891113,0.07081936322476148
jp-raft-adaptive,40.897949,0.07181677808827848
jp-raft-adaptive,40.904785,0.07281419295179549
jp-raft-adaptive,40.911865,0.0738116078153125
jp-raft-adaptive,40.918213,0.07480902267882951
jp-raft-adaptive,40.925049,0.07580643754234652
jp-raft-adaptive,40.931885,0.07680385240586352
jp-raft-adaptive,40.937988,0.07780126726938053
jp-raft-adaptive,40.944824,0.07879868213289754
jp-raft-adaptive,40.951172,0.07979609699641455
jp-raft-adaptive,40.958008,0.08079351185993154
jp-raft-adaptive,40.964844,0.08179092672344855
jp-raft-adaptive,40.970947,0.08278834158696556
jp-raft-adaptive,40.977051,0.08378575645048257
jp-raft-adaptive,40.983887,0.08478317131399958
jp-raft-adaptive,40.98999,0.08578058617751658
jp-raft-adaptive,40.996094,0.08677800104103359
jp-raft-adaptive,41.00293,0.0877754159045506
jp-raft-adaptive,41.009033,0.0887728307680676
jp-raft-adaptive,41.015137,0.08977024563158462
jp-raft-adaptive,41.021973,0.09076766049510161
jp-raft-adaptive,41.028809,0.09176507535861862
jp-raft-adaptive,41.034912,0.09276249022213563
jp-raft-adaptive,41.041016,0.09375990508565264
jp-raft-adaptive,41.047119,0.09475731994916964
jp-raft-adaptive,41.053223,0.09575473481268665
jp-raft-adaptive,41.059814,0.09675214967620366
jp-raft-adaptive,41.065918,0.09774956453972067
jp-raft-adaptive,41.072021,0.09874697940323768
jp-raft-adaptive,41.078125,0.09974439426675467
jp-raft-adaptive,41.083984,0.10074180913027168
jp-raft-adaptive,41.089844,0.1017392239937887
jp-raft-adaptive,41.094971,0.1027366388573057
jp-raft-adaptive,41.100098,0.10373405372082271
jp-raft-adaptive,41.105957,0.10473146858433971
jp-raft-adaptive,41.111084,0.10572888344785672
jp-raft-adaptive,41.116943,0.10672629831137373
jp-raft-adaptive,41.12207,0.10772371317489074
jp-raft-adaptive,41.127197,0.10872112803840774
jp-raft-adaptive,41.133057,0.10971854290192475
jp-raft-adaptive,41.138916,0.11071595776544176
jp-raft-adaptive,41.144043,0.11171337262895877
jp-raft-adaptive,41.149902,0.11271078749247578
jp-raft-adaptive,41.155029,0.11370820235599277
jp-raft-adaptive,41.159912,0.11470561721950978
jp-raft-adaptive,41.165771,0.11570303208302679
jp-raft-adaptive,41.170898,0.1167004469465438
jp-raft-adaptive,41.176025,0.11769786181006081
jp-raft-adaptive,41.180908,0.11869527667357781
jp-raft-adaptive,41.186035,0.11969269153709482
jp-raft-adaptive,41.191162,0.12069010640061183
jp-raft-adaptive,41.197021,0.12168752126412884
jp-raft-adaptive,41.201904,0.12268493612764583
jp-raft-adaptive,41.207031,0.12368235099116284
jp-raft-adaptive,41.212158,0.12467976585467985
jp-raft-adaptive,41.218018,0.12567718071819686
jp-raft-adaptive,41.2229,0.12667459558171387
jp-raft-adaptive,41.228027,0.12767201044523088
jp-raft-adaptive,41.23291,0.1286694253087479
jp-raft-adaptive,41.237793,0.12966684017226487
jp-raft-adaptive,41.24292,0.13066425503578188
jp-raft-adaptive,41.248047,0.1316616698992989
jp-raft-adaptive,41.253174,0.1326590847628159
jp-raft-adaptive,41.259033,0.13365649962633291
jp-raft-adaptive,41.26416,0.13465391448984992
jp-raft-adaptive,41.269775,0.13565132935336693
jp-raft-adaptive,41.274902,0.13664874421688394
jp-raft-adaptive,41.279785,0.13764615908040095
jp-raft-adaptive,41.284912,0.13864357394391796
jp-raft-adaptive,41.290039,0.13964098880743495
jp-raft-adaptive,41.295166,0.14063840367095196
jp-raft-adaptive,41.301025,0.14163581853446897
jp-raft-adaptive,41.306152,0.14263323339798598
jp-raft-adaptive,41.311768,0.14363064826150299
jp-raft-adaptive,41.316895,0.14462806312502
jp-raft-adaptive,41.322021,0.145625477988537
jp-raft-adaptive,41.327881,0.14662289285205402
jp-raft-adaptive,41.333008,0.14762030771557103
jp-raft-adaptive,41.337891,0.148617722579088
jp-raft-adaptive,41.343018,0.14961513744260502
jp-raft-adaptive,41.348145,0.15061255230612203
jp-raft-adaptive,41.354004,0.15160996716963904
jp-raft-adaptive,41.359131,0.15260738203315605
jp-raft-adaptive,41.36499,0.15360479689667306
jp-raft-adaptive,41.370117,0.15460221176019007
jp-raft-adaptive,41.375977,0.15559962662370708
jp-raft-adaptive,41.38208,0.1565970414872241
jp-raft-adaptive,41.387939,0.15759445635074107
jp-raft-adaptive,41.393066,0.15859187121425808
jp-raft-adaptive,41.398926,0.1595892860777751
jp-raft-adaptive,41.405029,0.1605867009412921
jp-raft-adaptive,41.410889,0.1615841158048091
jp-raft-adaptive,41.416016,0.16258153066832612
jp-raft-adaptive,41.421143,0.16357894553184313
jp-raft-adaptive,41.427002,0.16457636039536014
jp-raft-adaptive,41.432129,0.16557377525887715
jp-raft-adaptive,41.437988,0.16657119012239416
jp-raft-adaptive,41.443115,0.16756860498591114
jp-raft-adaptive,41.448975,0.16856601984942815
jp-raft-adaptive,41.454834,0.16956343471294516
jp-raft-adaptive,41.460938,0.17056084957646217
jp-raft-adaptive,41.466064,0.17155826443997918
jp-raft-adaptive,41.472168,0.1725556793034962
jp-raft-adaptive,41.478027,0.1735530941670132
jp-raft-adaptive,41.484131,0.1745505090305302
jp-raft-adaptive,41.48999,0.17554792389404722
jp-raft-adaptive,41.496094,0.1765453387575642
jp-raft-adaptive,41.502197,0.1775427536210812
jp-raft-adaptive,41.508057,0.17854016848459822
jp-raft-adaptive,41.513916,0.17953758334811523
jp-raft-adaptive,41.52002,0.18053499821163224
jp-raft-adaptive,41.526123,0.18153241307514925
jp-raft-adaptive,41.531982,0.18252982793866626
jp-raft-adaptive,41.537842,0.18352724280218327
jp-raft-adaptive,41.544189,0.18452465766570028
jp-raft-adaptive,41.550049,0.18552207252921726
jp-raft-adaptive,41.556885,0.18651948739273427
jp-raft-adaptive,41.562988,0.18751690225625128
jp-raft-adaptive,41.569092,0.1885143171197683
jp-raft-adaptive,41.574951,0.1895117319832853
jp-raft-adaptive,41.582031,0.1905091468468023
jp-raft-adaptive,41.588867,0.19150656171031932
jp-raft-adaptive,41.594971,0.19250397657383633
jp-raft-adaptive,41.601074,0.19350139143735334
jp-raft-adaptive,41.608154,0.19449880630087035
jp-raft-adaptive,41.61499,0.19549622116438733
jp-raft-adaptive,41.62207,0.19649363602790434
jp-raft-adaptive,41.628906,0.19749105089142135
jp-raft-adaptive,41.635986,0.19848846575493836
jp-raft-adaptive,41.643066,0.19948588061845537
jp-raft-adaptive,41.650146,0.20048329548197238
jp-raft-adaptive,41.656982,0.2014807103454894
jp-raft-adaptive,41.664062,0.2024781252090064
jp-raft-adaptive,41.671143,0.20347554007252341
jp-raft-adaptive,41.677979,0.2044729549360404
jp-raft-adaptive,41.686035,0.2054703697995574
jp-raft-adaptive,41.692871,0.20646778466307442
jp-raft-adaptive,41.699219,0.20746519952659143
jp-raft-adaptive,41.707031,0.20846261439010844
jp-raft-adaptive,41.714844,0.20946002925362545
jp-raft-adaptive,41.721924,0.21045744411714246
jp-raft-adaptive,41.729004,0.21145485898065947
jp-raft-adaptive,41.736084,0.21245227384417648
jp-raft-adaptive,41.743896,0.21344968870769346
jp-raft-adaptive,41.751953,0.21444710357121047
jp-raft-adaptive,41.759033,0.21544451843472748
jp-raft-adaptive,41.766846,0.2164419332982445
jp-raft-adaptive,41.77417,0.2174393481617615
jp-raft-adaptive,41.782959,0.2184367630252785
jp-raft-adaptive,41.791992,0.21943417788879552
jp-raft-adaptive,41.800049,0.22043159275231253
jp-raft-adaptive,41.808105,0.22142900761582954
jp-raft-adaptive,41.817139,0.22242642247934655
jp-raft-adaptive,41.825928,0.22342383734286353
jp-raft-adaptive,41.834961,0.22442125220638054
jp-raft-adaptive,41.843994,0.22541866706989755
jp-raft-adaptive,41.853027,0.22641608193341456
jp-raft-adaptive,41.861816,0.22741349679693157
jp-raft-adaptive,41.87085,0.22841091166044858
jp-raft-adaptive,41.879883,0.2294083265239656
jp-raft-adaptive,41.887939,0.2304057413874826
jp-raft-adaptive,41.896973,0.2314031562509996
jp-raft-adaptive,41.906982,0.2324005711145166
jp-raft-adaptive,41.916992,0.2333979859780336
jp-raft-adaptive,41.926025,0.2343954008415506
jp-raft-adaptive,41.936768,0.23539281570506762
jp-raft-adaptive,41.947021,0.23639023056858463
jp-raft-adaptive,41.958008,0.23738764543210164
jp-raft-adaptive,41.968994,0.23838506029561865
jp-raft-adaptive,41.980957,0.23938247515913566
jp-raft-adaptive,41.991943,0.24037989002265267
jp-raft-adaptive,42.00293,0.24137730488616965
jp-raft-adaptive,42.01416,0.24237471974968666
jp-raft-adaptive,42.026123,0.24337213461320367
jp-raft-adaptive,42.038818,0.24436954947672068
jp-raft-adaptive,42.052002,0.2453669643402377
jp-raft-adaptive,42.063965,0.2463643792037547
jp-raft-adaptive,42.076904,0.2473617940672717
jp-raft-adaptive,42.090088,0.24835920893078872
jp-raft-adaptive,42.104004,0.24935662379430573
jp-raft-adaptive,42.118896,0.25035403865782274
jp-raft-adaptive,42.133057,0.25135145352133975
jp-raft-adaptive,42.149902,0.25234886838485676
jp-raft-adaptive,42.166016,0.25334628324837377
jp-raft-adaptive,42.184082,0.2543436981118908
jp-raft-adaptive,42.201904,0.25534111297540774
jp-raft-adaptive,42.220947,0.25633852783892475
jp-raft-adaptive,42.241211,0.25733594270244176
jp-raft-adaptive,42.261963,0.25833335756595877
jp-raft-adaptive,42.287109,0.2593307724294758
jp-raft-adaptive,42.311035,0.2603281872929928
jp-raft-adaptive,42.337891,0.2613256021565098
jp-raft-adaptive,42.368896,0.2623230170200268
jp-raft-adaptive,42.402832,0.2633204318835438
jp-raft-adaptive,42.444092,0.2643178467470608
jp-raft-adaptive,42.495117,0.26531526161057783
jp-raft-adaptive,42.563965,0.26631267647409484
jp-raft-adaptive,42.684082,0.26731009133761185
jp-raft-adaptive,42.962891,0.26830750620112886
jp-raft-adaptive,45.450928,0.2693049210646459
jp-raft-adaptive,49.344971,0.2703023359281629
jp-raft-adaptive,54.276855,0.2712997507916799
jp-raft-adaptive,59.069092,0.2722971656551969
jp-raft-adaptive,62.355957,0.2732945805187139
jp-raft-adaptive,65.949951,0.27429199538223087
jp-raft-adaptive,69.278076,0.2752894102457479
jp-raft-adaptive,73.707031,0.2762868251092649
jp-raft-adaptive,77.39502,0.2772842399727819
jp-raft-adaptive,81.626221,0.2782816548362989
jp-raft-adaptive,85.970215,0.2792790696998159
jp-raft-adaptive,90.415039,0.28027648456333293
jp-raft-adaptive,94.761963,0.28127389942684994
jp-raft-adaptive,99.12793,0.28227131429036695
jp-raft-adaptive,103.678955,0.28326872915388396
jp-raft-adaptive,107.818848,0.28426614401740097
jp-raft-adaptive,112.644043,0.285263558880918
jp-raft-adaptive,116.876953,0.286260973744435
jp-raft-adaptive,121.133057,0.287258388607952
jp-raft-adaptive,125.684814,0.288255803471469
jp-raft-adaptive,130.651123,0.289253218334986
jp-raft-adaptive,135.118896,0.290250633198503
jp-raft-adaptive,139.171143,0.29124804806202004
jp-raft-adaptive,143.633057,0.292245462925537
jp-raft-adaptive,148.12915,0.293242877789054
jp-raft-adaptive,152.749023,0.294240292652571
jp-raft-adaptive,157.63916,0.295237707516088
jp-raft-adaptive,162.403076,0.29623512237960503
jp-raft-adaptive,167.616943,0.29723253724312204
jp-raft-adaptive,171.516846,0.29822995210663905
jp-raft-adaptive,174.25708,0.29922736697015606
jp-raft-adaptive,176.979004,0.30022478183367307
jp-raft-adaptive,179.495117,0.3012221966971901
jp-raft-adaptive,181.988037,0.3022196115607071
jp-raft-adaptive,184.385986,0.3032170264242241
jp-raft-adaptive,186.504883,0.3042144412877411
jp-raft-adaptive,188.789062,0.3052118561512581
jp-raft-adaptive,191.198975,0.30620927101477513
jp-raft-adaptive,193.526123,0.30720668587829214
jp-raft-adaptive,195.719971,0.30820410074180915
jp-raft-adaptive,198.61499,0.30920151560532616
jp-raft-adaptive,201.955078,0.31019893046884317
jp-raft-adaptive,205.562988,0.3111963453323601
jp-raft-adaptive,209.144043,0.31219376019587713
jp-raft-adaptive,212.76416,0.31319117505939414
jp-raft-adaptive,216.184814,0.31418858992291115
jp-raft-adaptive,219.541016,0.31518600478642816
jp-raft-adaptive,223.51001,0.3161834196499452
jp-raft-adaptive,227.687012,0.3171808345134622
jp-raft-adaptive,234.283203,0.3181782493769792
jp-raft-adaptive,240.38501,0.3191756642404962
jp-raft-adaptive,245.821045,0.3201730791040132
jp-raft-adaptive,252.00708,0.3211704939675302
jp-raft-adaptive,260.541016,0.32216790883104723
jp-raft-adaptive,272.585938,0.32316532369456424
jp-raft-adaptive,289.363037,0.32416273855808125
jp-raft-adaptive,310.291992,0.32516015342159826
jp-raft-adaptive,471.182129,0.3261575682851153
jp-raft-adaptive,473.75,0.3271549831486323
jp-raft-adaptive,474.407959,0.3281523980121493
jp-raft-adaptive,475.4021,0.3291498128756663
jp-raft-adaptive,476.421143,0.33014722773918326
jp-raft-adaptive,477.257812,0.33114464260270027
jp-raft-adaptive,478.103027,0.3321420574662173
jp-raft-adaptive,478.591797,0.3331394723297343
jp-raft-adaptive,479.033936,0.3341368871932513
jp-raft-adaptive,479.458984,0.3351343020567683
jp-raft-adaptive,479.927979,0.3361317169202853
jp-raft-adaptive,480.293945,0.3371291317838023
jp-raft-adaptive,480.613037,0.33812654664731934
jp-raft-adaptive,480.999023,0.33912396151083635
jp-raft-adaptive,481.246094,0.34012137637435336
jp-raft-adaptive,481.458008,0.34111879123787037
jp-raft-adaptive,481.779053,0.3421162061013874
jp-raft-adaptive,482.205078,0.3431136209649044
jp-raft-adaptive,482.60498,0.3441110358284214
jp-raft-adaptive,482.893066,0.3451084506919384
jp-raft-adaptive,483.170898,0.3461058655554554
jp-raft-adaptive,483.479004,0.3471032804189724
jp-raft-adaptive,483.992188,0.3481006952824894
jp-raft-adaptive,484.764893,0.3490981101460064
jp-raft-adaptive,485.312988,0.3500955250095234
jp-raft-adaptive,485.854004,0.3510929398730404
jp-raft-adaptive,847.48291,0.3520903547365574
jp-raft-adaptive,936.88623,0.35308776960007443
jp-raft-adaptive,981.48999,0.35408518446359144
jp-raft-adaptive,1033.6521,0.35508259932710845
jp-raft-adaptive,1070.937012,0.35608001419062546
jp-raft-adaptive,1092.315918,0.35707742905414247
jp-raft-adaptive,1105.218018,0.3580748439176595
jp-raft-adaptive,1116.104004,0.3590722587811765
jp-raft-adaptive,1124.261963,0.3600696736446935
jp-raft-adaptive,1132.079102,0.3610670885082105
jp-raft-adaptive,1137.432861,0.3620645033717275
jp-raft-adaptive,1141.648926,0.36306191823524453
jp-raft-adaptive,1146.965088,0.36405933309876154
jp-raft-adaptive,1151.351074,0.36505674796227855
jp-raft-adaptive,1154.826904,0.36605416282579556
jp-raft-adaptive,1159.189941,0.3670515776893125
jp-raft-adaptive,1162.782959,0.3680489925528295
jp-raft-adaptive,1166.468018,0.36904640741634653
jp-raft-adaptive,1168.856934,0.37004382227986354
jp-raft-adaptive,1170.852783,0.37104123714338055
jp-raft-adaptive,1172.489014,0.37203865200689756
jp-raft-adaptive,1175.056885,0.3730360668704146
jp-raft-adaptive,1178.437012,0.3740334817339316
jp-raft-adaptive,1182.574951,0.3750308965974486
jp-raft-adaptive,1186.395996,0.3760283114609656
jp-raft-adaptive,1189.906006,0.3770257263244826
jp-raft-adaptive,1193.515137,0.3780231411879996
jp-raft-adaptive,1196.525879,0.37902055605151663
jp-raft-adaptive,1200.400146,0.38001797091503364
jp-raft-adaptive,1203.223145,0.38101538577855065
jp-raft-adaptive,1206.199951,0.38201280064206766
jp-raft-adaptive,1208.745117,0.3830102155055847
jp-raft-adaptive,1211.450928,0.3840076303691017
jp-raft-adaptive,1214.499023,0.3850050452326187
jp-raft-adaptive,1216.572998,0.38600246009613565
jp-raft-adaptive,1218.665039,0.38699987495965266
jp-raft-adaptive,1221.934082,0.38799728982316967
jp-raft-adaptive,1224.606934,0.3889947046866867
jp-raft-adaptive,1226.836182,0.3899921195502037
jp-raft-adaptive,1229.145996,0.3909895344137207
jp-raft-adaptive,1233.462158,0.3919869492772377
jp-raft-adaptive,1237.179932,0.3929843641407547
jp-raft-adaptive,1240.641113,0.3939817790042717
jp-raft-adaptive,1244.113037,0.39497919386778874
jp-raft-adaptive,1245.296875,0.39597660873130575
jp-raft-adaptive,1245.964111,0.39697402359482276
jp-raft-adaptive,1246.407959,0.39797143845833977
jp-raft-adaptive,1246.656982,0.3989688533218568
jp-raft-adaptive,1246.931152,0.3999662681853738
jp-raft-adaptive,1247.243164,0.4009636830488908
jp-raft-adaptive,1247.48291,0.4019610979124078
jp-raft-adaptive,1247.732178,0.4029585127759248
jp-raft-adaptive,1247.97998,0.40395592763944177
jp-raft-adaptive,1248.234131,0.4049533425029588
jp-raft-adaptive,1248.437988,0.4059507573664758
jp-raft-adaptive,1248.615967,0.4069481722299928
jp-raft-adaptive,1248.75,0.4079455870935098
jp-raft-adaptive,1248.904053,0.4089430019570268
jp-raft-adaptive,1249.086914,0.40994041682054383
jp-raft-adaptive,1249.214111,0.41093783168406084
jp-raft-adaptive,1249.331055,0.41193524654757785
jp-raft-adaptive,1249.487061,0.41293266141109486
jp-raft-adaptive,1249.667969,0.41393007627461187
jp-raft-adaptive,1249.825195,0.4149274911381289
jp-raft-adaptive,1249.982178,0.4159249060016459
jp-raft-adaptive,1250.122803,0.4169223208651629
jp-raft-adaptive,1250.254883,0.4179197357286799
jp-raft-adaptive,1250.40918,0.4189171505921969
jp-raft-adaptive,1250.5979,0.41991456545571393
jp-raft-adaptive,1250.769043,0.42091198031923094
jp-raft-adaptive,1250.933105,0.42190939518274795
jp-raft-adaptive,1251.095947,0.4229068100462649
jp-raft-adaptive,1251.241943,0.4239042249097819
jp-raft-adaptive,1251.36792,0.4249016397732989
jp-raft-adaptive,1251.474854,0.42589905463681593
jp-raft-adaptive,1251.552979,0.42689646950033294
jp-raft-adaptive,1251.643066,0.42789388436384995
jp-raft-adaptive,1251.749023,0.42889129922736696
jp-raft-adaptive,1251.866943,0.42988871409088397
jp-raft-adaptive,1251.975098,0.430886128954401
jp-raft-adaptive,1252.083984,0.431883543817918
jp-raft-adaptive,1252.239014,0.432880958681435
jp-raft-adaptive,1252.339111,0.433878373544952
jp-raft-adaptive,1252.434082,0.434875788408469
jp-raft-adaptive,1252.543945,0.43587320327198603
jp-raft-adaptive,1252.666016,0.43687061813550304
jp-raft-adaptive,1252.826172,0.43786803299902005
jp-raft-adaptive,1252.987793,0.43886544786253706
jp-raft-adaptive,1253.235107,0.43986286272605407
jp-raft-adaptive,1253.522949,0.440860277589571
jp-raft-adaptive,1253.902832,0.44185769245308804
jp-raft-adaptive,1254.26709,0.44285510731660505
jp-raft-adaptive,1255.543945,0.44385252218012206
jp-raft-adaptive,1257.738037,0.44484993704363907
jp-raft-adaptive,1262.694092,0.4458473519071561
jp-raft-adaptive,1268.413818,0.4468447667706731
jp-raft-adaptive,1273.950928,0.4478421816341901
jp-raft-adaptive,1279.23291,0.4488395964977071
jp-raft-adaptive,1283.416016,0.4498370113612241
jp-raft-adaptive,1288.887939,0.4508344262247411
jp-raft-adaptive,1293.166992,0.45183184108825813
jp-raft-adaptive,1295.898926,0.45282925595177514
jp-raft-adaptive,1297.192139,0.45382667081529215
jp-raft-adaptive,1297.706055,0.45482408567880916
jp-raft-adaptive,1298.5,0.4558215005423262
jp-raft-adaptive,1298.869873,0.4568189154058432
jp-raft-adaptive,1299.158936,0.4578163302693602
jp-raft-adaptive,1299.455078,0.4588137451328772
jp-raft-adaptive,1299.771973,0.45981115999639416
jp-raft-adaptive,1300.052979,0.46080857485991117
jp-raft-adaptive,1300.260986,0.4618059897234282
jp-raft-adaptive,1300.468994,0.4628034045869452
jp-raft-adaptive,1300.665039,0.4638008194504622
jp-raft-adaptive,1300.813965,0.4647982343139792
jp-raft-adaptive,1300.947021,0.4657956491774962
jp-raft-adaptive,1301.092041,0.46679306404101323
jp-raft-adaptive,1301.222168,0.46779047890453024
jp-raft-adaptive,1301.334961,0.46878789376804725
jp-raft-adaptive,1301.486084,0.46978530863156426
jp-raft-adaptive,1301.609131,0.47078272349508127
jp-raft-adaptive,1301.730957,0.4717801383585983
jp-raft-adaptive,1301.840088,0.4727775532221153
jp-raft-adaptive,1301.977051,0.4737749680856323
jp-raft-adaptive,1302.055908,0.4747723829491493
jp-raft-adaptive,1302.157959,0.4757697978126663
jp-raft-adaptive,1302.264893,0.4767672126761833
jp-raft-adaptive,1302.363037,0.47776462753970034
jp-raft-adaptive,1302.458008,0.4787620424032173
jp-raft-adaptive,1302.551025,0.4797594572667343
jp-raft-adaptive,1302.656982,0.4807568721302513
jp-raft-adaptive,1302.742188,0.4817542869937683
jp-raft-adaptive,1302.820068,0.48275170185728533
jp-raft-adaptive,1302.900146,0.48374911672080234
jp-raft-adaptive,1302.972168,0.48474653158431935
jp-raft-adaptive,1303.058105,0.48574394644783636
jp-raft-adaptive,1303.135986,0.48674136131135337
jp-raft-adaptive,1303.223877,0.4877387761748704
jp-raft-adaptive,1303.359131,0.4887361910383874
jp-raft-adaptive,1303.50293,0.4897336059019044
jp-raft-adaptive,1303.634766,0.4907310207654214
jp-raft-adaptive,1303.760986,0.4917284356289384
jp-raft-adaptive,1303.896973,0.49272585049245543
jp-raft-adaptive,1304.041992,0.49372326535597244
jp-raft-adaptive,1304.167969,0.49472068021948945
jp-raft-adaptive,1304.248047,0.49571809508300646
jp-raft-adaptive,1304.330811,0.4967155099465234
jp-raft-adaptive,1304.447998,0.4977129248100404
jp-raft-adaptive,1304.572021,0.49871033967355743
jp-raft-adaptive,1304.677979,0.49970775453707444
jp-raft-adaptive,1304.759033,0.5007051694005915
jp-raft-adaptive,1304.848877,0.5017025842641085
jp-raft-adaptive,1304.956055,0.5026999991276255
jp-raft-adaptive,1305.071045,0.5036974139911425
jp-raft-adaptive,1305.166016,0.5046948288546595
jp-raft-adaptive,1305.248779,0.5056922437181766
jp-raft-adaptive,1305.338867,0.5066896585816935
jp-raft-adaptive,1305.444824,0.5076870734452105
jp-raft-adaptive,1305.569824,0.5086844883087275
jp-raft-adaptive,1305.708008,0.5096819031722445
jp-raft-adaptive,1305.819092,0.5106793180357615
jp-raft-adaptive,1305.914062,0.5116767328992785
jp-raft-adaptive,1306.022949,0.5126741477627955
jp-raft-adaptive,1306.14502,0.5136715626263125
jp-raft-adaptive,1306.266846,0.5146689774898295
jp-raft-adaptive,1306.358887,0.5156663923533465
jp-raft-adaptive,1306.466064,0.5166638072168636
jp-raft-adaptive,1306.556885,0.5176612220803806
jp-raft-adaptive,1306.640869,0.5186586369438976
jp-raft-adaptive,1306.716064,0.5196560518074146
jp-raft-adaptive,1306.795898,0.5206534666709316
jp-raft-adaptive,1306.87793,0.5216508815344486
jp-raft-adaptive,1306.961182,0.5226482963979656
jp-raft-adaptive,1307.067871,0.5236457112614826
jp-raft-adaptive,1307.177002,0.5246431261249996
jp-raft-adaptive,1307.279053,0.5256405409885166
jp-raft-adaptive,1307.39209,0.5266379558520337
jp-raft-adaptive,1307.499023,0.5276353707155507
jp-raft-adaptive,1307.619141,0.5286327855790677
jp-raft-adaptive,1307.721924,0.5296302004425847
jp-raft-adaptive,1307.812012,0.5306276153061017
jp-raft-adaptive,1307.900879,0.5316250301696187
jp-raft-adaptive,1307.987061,0.5326224450331357
jp-raft-adaptive,1308.054199,0.5336198598966527
jp-raft-adaptive,1308.130127,0.5346172747601697
jp-raft-adaptive,1308.213867,0.5356146896236867
jp-raft-adaptive,1308.299072,0.5366121044872038
jp-raft-adaptive,1308.372803,0.5376095193507208
jp-raft-adaptive,1308.459961,0.5386069342142378
jp-raft-adaptive,1308.541016,0.5396043490777548
jp-raft-adaptive,1308.615967,0.5406017639412718
jp-raft-adaptive,1308.693848,0.5415991788047888
jp-raft-adaptive,1308.790039,0.5425965936683058
jp-raft-adaptive,1308.890137,0.5435940085318227
jp-raft-adaptive,1309.043945,0.5445914233953397
jp-raft-adaptive,1309.247803,0.5455888382588567
jp-raft-adaptive,1309.417969,0.5465862531223737
jp-raft-adaptive,1309.736084,0.5475836679858908
jp-raft-adaptive,1310.494873,0.5485810828494078
jp-raft-adaptive,1313.104004,0.5495784977129248
jp-raft-adaptive,1320.697021,0.5505759125764418
jp-raft-adaptive,1324.975098,0.5515733274399588
jp-raft-adaptive,1327.572021,0.5525707423034758
jp-raft-adaptive,1328.548096,0.5535681571669928
jp-raft-adaptive,1329.365967,0.5545655720305098
jp-raft-adaptive,1329.876953,0.5555629868940268
jp-raft-adaptive,1330.289062,0.5565604017575438
jp-raft-adaptive,1330.625,0.5575578166210609
jp-raft-adaptive,1330.919922,0.5585552314845779
jp-raft-adaptive,1331.118896,0.5595526463480949
jp-raft-adaptive,1331.268066,0.5605500612116119
jp-raft-adaptive,1331.382812,0.5615474760751289
jp-raft-adaptive,1331.531982,0.5625448909386459
jp-raft-adaptive,1331.676025,0.5635423058021629
jp-raft-adaptive,1331.836182,0.5645397206656799
jp-raft-adaptive,1331.948975,0.5655371355291969
jp-raft-adaptive,1332.046875,0.5665345503927139
jp-raft-adaptive,1332.14502,0.567531965256231
jp-raft-adaptive,1332.246094,0.568529380119748
jp-raft-adaptive,1332.329102,0.569526794983265
jp-raft-adaptive,1332.418945,0.570524209846782
jp-raft-adaptive,1332.517822,0.571521624710299
jp-raft-adaptive,1332.601807,0.572519039573816
jp-raft-adaptive,1332.687988,0.573516454437333
jp-raft-adaptive,1332.77002,0.57451386930085
jp-raft-adaptive,1332.849854,0.575511284164367
jp-raft-adaptive,1332.922852,0.576508699027884
jp-raft-adaptive,1333.003906,0.577506113891401
jp-raft-adaptive,1333.078125,0.5785035287549181
jp-raft-adaptive,1333.141846,0.5795009436184351
jp-raft-adaptive,1333.205078,0.580498358481952
jp-raft-adaptive,1333.267822,0.581495773345469
jp-raft-adaptive,1333.330078,0.582493188208986
jp-raft-adaptive,1333.393066,0.583490603072503
jp-raft-adaptive,1333.458984,0.58448801793602
jp-raft-adaptive,1333.521973,0.585485432799537
jp-raft-adaptive,1333.572998,0.586482847663054
jp-raft-adaptive,1333.625,0.587480262526571
jp-raft-adaptive,1333.675049,0.588477677390088
jp-raft-adaptive,1333.723145,0.5894750922536051
jp-raft-adaptive,1333.765869,0.5904725071171221
jp-raft-adaptive,1333.812988,0.5914699219806391
jp-raft-adaptive,1333.854004,0.5924673368441561
jp-raft-adaptive,1333.88501,0.5934647517076731
jp-raft-adaptive,1333.927002,0.5944621665711901
jp-raft-adaptive,1333.979004,0.5954595814347071
jp-raft-adaptive,1334.033936,0.5964569962982241
jp-raft-adaptive,1334.098877,0.5974544111617411
jp-raft-adaptive,1334.166992,0.5984518260252581
jp-raft-adaptive,1334.236084,0.5994492408887752
jp-raft-adaptive,1334.292969,0.6004466557522922
jp-raft-adaptive,1334.344238,0.6014440706158092
jp-raft-adaptive,1334.394043,0.6024414854793262
jp-raft-adaptive,1334.449951,0.6034389003428432
jp-raft-adaptive,1334.512939,0.6044363152063602
jp-raft-adaptive,1334.579834,0.6054337300698772
jp-raft-adaptive,1334.638916,0.6064311449333942
jp-raft-adaptive,1334.710205,0.6074285597969112
jp-raft-adaptive,1334.771973,0.6084259746604282
jp-raft-adaptive,1334.835938,0.6094233895239453
jp-raft-adaptive,1334.895996,0.6104208043874623
jp-raft-adaptive,1334.947998,0.6114182192509793
jp-raft-adaptive,1335.012939,0.6124156341144963
jp-raft-adaptive,1335.065918,0.6134130489780133
jp-raft-adaptive,1335.116943,0.6144104638415303
jp-raft-adaptive,1335.167969,0.6154078787050473
jp-raft-adaptive,1335.242188,0.6164052935685643
jp-raft-adaptive,1335.308105,0.6174027084320813
jp-raft-adaptive,1335.380127,0.6184001232955982
jp-raft-adaptive,1335.442139,0.6193975381591152
jp-raft-adaptive,1335.493164,0.6203949530226323
jp-raft-adaptive,1335.541992,0.6213923678861493
jp-raft-adaptive,1335.591064,0.6223897827496663
jp-raft-adaptive,1335.640137,0.6233871976131833
jp-raft-adaptive,1335.695068,0.6243846124767003
jp-raft-adaptive,1335.749023,0.6253820273402173
jp-raft-adaptive,1335.804932,0.6263794422037343
jp-raft-adaptive,1335.866943,0.6273768570672513
jp-raft-adaptive,1335.936035,0.6283742719307683
jp-raft-adaptive,1336.01001,0.6293716867942853
jp-raft-adaptive,1336.0979,0.6303691016578024
jp-raft-adaptive,1336.165039,0.6313665165213194
jp-raft-adaptive,1336.239014,0.6323639313848364
jp-raft-adaptive,1336.315918,0.6333613462483534
jp-raft-adaptive,1336.412109,0.6343587611118704
jp-raft-adaptive,1336.50293,0.6353561759753874
jp-raft-adaptive,1336.583008,0.6363535908389044
jp-raft-adaptive,1336.670166,0.6373510057024214
jp-raft-adaptive,1336.751953,0.6383484205659384
jp-raft-adaptive,1336.834961,0.6393458354294554
jp-raft-adaptive,1336.925049,0.6403432502929725
jp-raft-adaptive,1337.023926,0.6413406651564895
jp-raft-adaptive,1337.164795,0.6423380800200065
jp-raft-adaptive,1337.333008,0.6433354948835235
jp-raft-adaptive,1337.454834,0.6443329097470405
jp-raft-adaptive,1337.593018,0.6453303246105575
jp-raft-adaptive,1337.748047,0.6463277394740745
jp-raft-adaptive,1337.981934,0.6473251543375915
jp-raft-adaptive,1338.231934,0.6483225692011085
jp-raft-adaptive,1338.459961,0.6493199840646255
jp-raft-adaptive,1338.614014,0.6503173989281426
jp-raft-adaptive,1338.958984,0.6513148137916596
jp-raft-adaptive,1339.822021,0.6523122286551766
jp-raft-adaptive,1355.917969,0.6533096435186936
jp-raft-adaptive,1444.472168,0.6543070583822106
jp-raft-adaptive,1450.218994,0.6553044732457275
jp-raft-adaptive,1456.004883,0.6563018881092445
jp-raft-adaptive,1457.36499,0.6572993029727615
jp-raft-adaptive,1457.831055,0.6582967178362785
jp-raft-adaptive,1458.208008,0.6592941326997955
jp-raft-adaptive,1458.565186,0.6602915475633125
jp-raft-adaptive,1458.870117,0.6612889624268296
jp-raft-adaptive,1459.098877,0.6622863772903466
jp-raft-adaptive,1459.438965,0.6632837921538636
jp-raft-adaptive,1459.656006,0.6642812070173806
jp-raft-adaptive,1459.837891,0.6652786218808976
jp-raft-adaptive,1460.034912,0.6662760367444146
jp-raft-adaptive,1460.232178,0.6672734516079316
jp-raft-adaptive,1460.375977,0.6682708664714486
jp-raft-adaptive,1460.524902,0.6692682813349656
jp-raft-adaptive,1460.686035,0.6702656961984826
jp-raft-adaptive,1460.858887,0.6712631110619997
jp-raft-adaptive,1460.998047,0.6722605259255167
jp-raft-adaptive,1461.14209,0.6732579407890337
jp-raft-adaptive,1461.276855,0.6742553556525507
jp-raft-adaptive,1461.413818,0.6752527705160677
jp-raft-adaptive,1461.542969,0.6762501853795847
jp-raft-adaptive,1461.693115,0.6772476002431017
jp-raft-adaptive,1461.852051,0.6782450151066187
jp-raft-adaptive,1462.005127,0.6792424299701357
jp-raft-adaptive,1462.154053,0.6802398448336527
jp-raft-adaptive,1462.259033,0.6812372596971698
jp-raft-adaptive,1462.388184,0.6822346745606868
jp-raft-adaptive,1462.538086,0.6832320894242038
jp-raft-adaptive,1462.660889,0.6842295042877208
jp-raft-adaptive,1462.782959,0.6852269191512378
jp-raft-adaptive,1462.876953,0.6862243340147548
jp-raft-adaptive,1462.991943,0.6872217488782718
jp-raft-adaptive,1463.152832,0.6882191637417888
jp-raft-adaptive,1463.325928,0.6892165786053058
jp-raft-adaptive,1463.46582,0.6902139934688228
jp-raft-adaptive,1463.576904,0.6912114083323398
jp-raft-adaptive,1463.705078,0.6922088231958567
jp-raft-adaptive,1463.839111,0.6932062380593738
jp-raft-adaptive,1463.962891,0.6942036529228908
jp-raft-adaptive,1464.055176,0.6952010677864078
jp-raft-adaptive,1464.174072,0.6961984826499248
jp-raft-adaptive,1464.271973,0.6971958975134418
jp-raft-adaptive,1464.371094,0.6981933123769588
jp-raft-adaptive,1464.479004,0.6991907272404758
jp-raft-adaptive,1464.564941,0.7001881421039928
jp-raft-adaptive,1464.670898,0.7011855569675098
jp-raft-adaptive,1464.780029,0.7021829718310268
jp-raft-adaptive,1464.875977,0.7031803866945439
jp-raft-adaptive,1465.010986,0.7041778015580609
jp-raft-adaptive,1465.149902,0.7051752164215779
jp-raft-adaptive,1465.334961,0.7061726312850949
jp-raft-adaptive,1465.694092,0.7071700461486119
jp-raft-adaptive,1465.971191,0.7081674610121289
jp-raft-adaptive,1466.38916,0.7091648758756459
jp-raft-adaptive,1565.094971,0.7101622907391629
jp-raft-adaptive,1572.601074,0.7111597056026799
jp-raft-adaptive,1577.756104,0.712157120466197
jp-raft-adaptive,1582.009033,0.713154535329714
jp-raft-adaptive,1590.775146,0.714151950193231
jp-raft-adaptive,1599.488037,0.715149365056748
jp-raft-adaptive,1620.565918,0.716146779920265
jp-raft-adaptive,1623.25708,0.717144194783782
jp-raft-adaptive,1624.964844,0.718141609647299
jp-raft-adaptive,1626.008057,0.719139024510816
jp-raft-adaptive,1626.570068,0.720136439374333
jp-raft-adaptive,1627.221191,0.72113385423785
jp-raft-adaptive,1627.604004,0.722131269101367
jp-raft-adaptive,1628.10791,0.7231286839648841
jp-raft-adaptive,1628.346924,0.7241260988284011
jp-raft-adaptive,1628.52002,0.7251235136919181
jp-raft-adaptive,1628.667969,0.7261209285554351
jp-raft-adaptive,1628.791992,0.7271183434189521
jp-raft-adaptive,1628.963867,0.7281157582824691
jp-raft-adaptive,1629.166016,0.729113173145986
jp-raft-adaptive,1629.344971,0.730110588009503
jp-raft-adaptive,1629.48999,0.73110800287302
jp-raft-adaptive,1629.592041,0.732105417736537
jp-raft-adaptive,1629.687012,0.733102832600054
jp-raft-adaptive,1629.789062,0.734100247463571
jp-raft-adaptive,1629.891846,0.7350976623270881
jp-raft-adaptive,1629.99292,0.7360950771906051
jp-raft-adaptive,1630.097168,0.7370924920541221
jp-raft-adaptive,1630.199219,0.7380899069176391
jp-raft-adaptive,1630.315918,0.7390873217811561
jp-raft-adaptive,1630.432861,0.7400847366446731
jp-raft-adaptive,1630.524902,0.7410821515081901
jp-raft-adaptive,1630.616943,0.7420795663717071
jp-raft-adaptive,1630.698975,0.7430769812352241
jp-raft-adaptive,1630.782959,0.7440743960987412
jp-raft-adaptive,1630.89209,0.7450718109622582
jp-raft-adaptive,1631.022949,0.7460692258257752
jp-raft-adaptive,1631.140869,0.7470666406892922
jp-raft-adaptive,1631.278076,0.7480640555528092
jp-raft-adaptive,1631.374023,0.7490614704163262
jp-raft-adaptive,1631.475098,0.7500588852798432
jp-raft-adaptive,1631.580078,0.7510563001433602
jp-raft-adaptive,1631.671875,0.7520537150068772
jp-raft-adaptive,1631.771973,0.7530511298703942
jp-raft-adaptive,1631.849121,0.7540485447339113
jp-raft-adaptive,1631.969971,0.7550459595974283
jp-raft-adaptive,1632.074951,0.7560433744609453
jp-raft-adaptive,1632.205078,0.7570407893244623
jp-raft-adaptive,1632.313965,0.7580382041879793
jp-raft-adaptive,1632.444092,0.7590356190514963
jp-raft-adaptive,1632.556885,0.7600330339150133
jp-raft-adaptive,1632.665039,0.7610304487785303
jp-raft-adaptive,1632.766113,0.7620278636420473
jp-raft-adaptive,1632.898926,0.7630252785055643
jp-raft-adaptive,1633.062012,0.7640226933690814
jp-raft-adaptive,1633.260986,0.7650201082325984
jp-raft-adaptive,1633.516113,0.7660175230961154
jp-raft-adaptive,1668.89502,0.7670149379596323
jp-raft-adaptive,1759.937988,0.7680123528231493
jp-raft-adaptive,1761.925049,0.7690097676866663
jp-raft-adaptive,1763.25,0.7700071825501833
jp-raft-adaptive,1765.034912,0.7710045974137003
jp-raft-adaptive,1774.549805,0.7720020122772173
jp-raft-adaptive,1776.540039,0.7729994271407343
jp-raft-adaptive,1777.802002,0.7739968420042513
jp-raft-adaptive,1778.359131,0.7749942568677683
jp-raft-adaptive,1778.75708,0.7759916717312854
jp-raft-adaptive,1779.126953,0.7769890865948024
jp-raft-adaptive,1779.406982,0.7779865014583194
jp-raft-adaptive,1779.660889,0.7789839163218364
jp-raft-adaptive,1779.861816,0.7799813311853534
jp-raft-adaptive,1780.059082,0.7809787460488704
jp-raft-adaptive,1780.204834,0.7819761609123874
jp-raft-adaptive,1780.406982,0.7829735757759044
jp-raft-adaptive,1780.545898,0.7839709906394214
jp-raft-adaptive,1780.668945,0.7849684055029384
jp-raft-adaptive,1780.793945,0.7859658203664555
jp-raft-adaptive,1780.900146,0.7869632352299725
jp-raft-adaptive,1780.994141,0.7879606500934895
jp-raft-adaptive,1781.124023,0.7889580649570065
jp-raft-adaptive,1781.255127,0.7899554798205235
jp-raft-adaptive,1781.376953,0.7909528946840405
jp-raft-adaptive,1781.506836,0.7919503095475575
jp-raft-adaptive,1781.610107,0.7929477244110745
jp-raft-adaptive,1781.710938,0.7939451392745915
jp-raft-adaptive,1781.791992,0.7949425541381085
jp-raft-adaptive,1781.888916,0.7959399690016256
jp-raft-adaptive,1782.006836,0.7969373838651426
jp-raft-adaptive,1782.125977,0.7979347987286596
jp-raft-adaptive,1782.243164,0.7989322135921766
jp-raft-adaptive,1782.324951,0.7999296284556936
jp-raft-adaptive,1782.417969,0.8009270433192106
jp-raft-adaptive,1782.510986,0.8019244581827276
jp-raft-adaptive,1782.634033,0.8029218730462446
jp-raft-adaptive,1782.791992,0.8039192879097615
jp-raft-adaptive,1782.907959,0.8049167027732785
jp-raft-adaptive,1783.01001,0.8059141176367955
jp-raft-adaptive,1783.12793,0.8069115325003126
jp-raft-adaptive,1783.260986,0.8079089473638296
jp-raft-adaptive,1783.424805,0.8089063622273466
jp-raft-adaptive,1783.572998,0.8099037770908636
jp-raft-adaptive,1783.760986,0.8109011919543806
jp-raft-adaptive,1783.955811,0.8118986068178976
jp-raft-adaptive,1784.140137,0.8128960216814146
jp-raft-adaptive,1784.338867,0.8138934365449316
jp-raft-adaptive,1784.603027,0.8148908514084486
jp-raft-adaptive,1784.861084,0.8158882662719656
jp-raft-adaptive,1785.208008,0.8168856811354827
jp-raft-adaptive,1785.660889,0.8178830959989997
jp-raft-adaptive,1786.605957,0.8188805108625167
jp-raft-adaptive,1788.664062,0.8198779257260337
jp-raft-adaptive,1825.235107,0.8208753405895507
jp-raft-adaptive,1882.75708,0.8218727554530677
jp-raft-adaptive,1884.376953,0.8228701703165847
jp-raft-adaptive,1885.196045,0.8238675851801017
jp-raft-adaptive,1885.635986,0.8248650000436187
jp-raft-adaptive,1886.236816,0.8258624149071357
jp-raft-adaptive,1886.703125,0.8268598297706528
jp-raft-adaptive,1887.241943,0.8278572446341698
jp-raft-adaptive,1916.213867,0.8288546594976868
jp-raft-adaptive,1917.115967,0.8298520743612038
jp-raft-adaptive,1917.749023,0.8308494892247208
jp-raft-adaptive,1918.037842,0.8318469040882378
jp-raft-adaptive,1918.279053,0.8328443189517548
jp-raft-adaptive,1918.478027,0.8338417338152718
jp-raft-adaptive,1918.708008,0.8348391486787888
jp-raft-adaptive,1918.946045,0.8358365635423058
jp-raft-adaptive,1919.249023,0.8368339784058229
jp-raft-adaptive,1919.541016,0.8378313932693399
jp-raft-adaptive,1919.786865,0.8388288081328569
jp-raft-adaptive,1920.029053,0.8398262229963739
jp-raft-adaptive,1920.265869,0.8408236378598908
jp-raft-adaptive,1920.459961,0.8418210527234078
jp-raft-adaptive,1920.595947,0.8428184675869248
jp-raft-adaptive,1920.727051,0.8438158824504418
jp-raft-adaptive,1920.835938,0.8448132973139588
jp-raft-adaptive,1920.945068,0.8458107121774758
jp-raft-adaptive,1921.050049,0.8468081270409928
jp-raft-adaptive,1921.174805,0.8478055419045099
jp-raft-adaptive,1921.338135,0.8488029567680269
jp-raft-adaptive,1921.476074,0.8498003716315439
jp-raft-adaptive,1921.61792,0.8507977864950609
jp-raft-adaptive,1921.769043,0.8517952013585779
jp-raft-adaptive,1921.9021,0.8527926162220949
jp-raft-adaptive,1922.042969,0.8537900310856119
jp-raft-adaptive,1922.174805,0.8547874459491289
jp-raft-adaptive,1922.302002,0.8557848608126459
jp-raft-adaptive,1922.429932,0.8567822756761629
jp-raft-adaptive,1922.543945,0.85777969053968
jp-raft-adaptive,1922.655029,0.858777105403197
jp-raft-adaptive,1922.762939,0.859774520266714
jp-raft-adaptive,1922.869873,0.860771935130231
jp-raft-adaptive,1922.953857,0.861769349993748
jp-raft-adaptive,1923.042969,0.862766764857265
jp-raft-adaptive,1923.149902,0.863764179720782
jp-raft-adaptive,1923.243896,0.864761594584299
jp-raft-adaptive,1923.364014,0.865759009447816
jp-raft-adaptive,1923.501953,0.866756424311333
jp-raft-adaptive,1923.65918,0.86775383917485
jp-raft-adaptive,1923.771973,0.8687512540383671
jp-raft-adaptive,1923.891113,0.8697486689018841
jp-raft-adaptive,1924.040039,0.8707460837654011
jp-raft-adaptive,1924.187012,0.8717434986289181
jp-raft-adaptive,1924.322021,0.8727409134924351
jp-raft-adaptive,1924.479004,0.8737383283559521
jp-raft-adaptive,1924.694092,0.8747357432194691
jp-raft-adaptive,1925.004883,0.8757331580829861
jp-raft-adaptive,1925.638184,0.8767305729465031
jp-raft-adaptive,1928.801025,0.87772798781002
jp-raft-adaptive,1943.913086,0.878725402673537
jp-raft-adaptive,2166.512939,0.8797228175370541
jp-raft-adaptive,2168.348145,0.8807202324005711
jp-raft-adaptive,2169.537109,0.8817176472640881
jp-raft-adaptive,2232.48999,0.8827150621276051
jp-raft-adaptive,2247.830811,0.8837124769911221
jp-raft-adaptive,2251.717041,0.8847098918546391
jp-raft-adaptive,2253.173096,0.8857073067181561
jp-raft-adaptive,2254.204102,0.8867047215816731
jp-raft-adaptive,2256.309082,0.8877021364451901
jp-raft-adaptive,2257.25708,0.8886995513087071
jp-raft-adaptive,2257.587891,0.8896969661722242
jp-raft-adaptive,2257.895996,0.8906943810357412
jp-raft-adaptive,2258.226074,0.8916917958992582
jp-raft-adaptive,2258.455811,0.8926892107627752
jp-raft-adaptive,2258.724121,0.8936866256262922
jp-raft-adaptive,2259.246094,0.8946840404898092
jp-raft-adaptive,2259.690918,0.8956814553533262
jp-raft-adaptive,2259.964844,0.8966788702168432
jp-raft-adaptive,2260.256104,0.8976762850803602
jp-raft-adaptive,2260.522949,0.8986736999438772
jp-raft-adaptive,2260.789062,0.8996711148073943
jp-raft-adaptive,2261.119141,0.9006685296709113
jp-raft-adaptive,2261.375977,0.9016659445344283
jp-raft-adaptive,2261.701172,0.9026633593979453
jp-raft-adaptive,2261.988037,0.9036607742614623
jp-raft-adaptive,2262.239014,0.9046581891249793
jp-raft-adaptive,2262.625977,0.9056556039884963
jp-raft-adaptive,2263.003906,0.9066530188520133
jp-raft-adaptive,2263.36792,0.9076504337155303
jp-raft-adaptive,2263.631104,0.9086478485790473
jp-raft-adaptive,2263.998047,0.9096452634425644
jp-raft-adaptive,2264.365967,0.9106426783060814
jp-raft-adaptive,2264.705078,0.9116400931695984
jp-raft-adaptive,2265.080811,0.9126375080331154
jp-raft-adaptive,2265.477051,0.9136349228966324
jp-raft-adaptive,2265.916016,0.9146323377601494
jp-raft-adaptive,2266.343994,0.9156297526236663
jp-raft-adaptive,2267.030029,0.9166271674871833
jp-raft-adaptive,2267.430176,0.9176245823507003
jp-raft-adaptive,2267.763184,0.9186219972142173
jp-raft-adaptive,2268.218018,0.9196194120777343
jp-raft-adaptive,2269.384033,0.9206168269412514
jp-raft-adaptive,2363.419922,0.9216142418047684
jp-raft-adaptive,3901.545166,0.9226116566682854
jp-raft-adaptive,3903.479004,0.9236090715318024
jp-raft-adaptive,3904.664062,0.9246064863953194
jp-raft-adaptive,3905.6521,0.9256039012588364
jp-raft-adaptive,3906.505859,0.9266013161223534
jp-raft-adaptive,3907.179932,0.9275987309858704
jp-raft-adaptive,3907.939941,0.9285961458493874
jp-raft-adaptive,3909.284912,0.9295935607129044
jp-raft-adaptive,3910.369141,0.9305909755764215
jp-raft-adaptive,3911.887207,0.9315883904399385
jp-raft-adaptive,3912.99707,0.9325858053034555
jp-raft-adaptive,3915.311035,0.9335832201669725
jp-raft-adaptive,4096.116943,0.9345806350304895
jp-raft-adaptive,4099.448975,0.9355780498940065
jp-raft-adaptive,4102.344971,0.9365754647575235
jp-raft-adaptive,4406.987061,0.9375728796210405
jp-raft-adaptive,5416.296143,0.9385702944845575
jp-raft-adaptive,5439.593018,0.9395677093480745
jp-raft-adaptive,5454.068115,0.9405651242115916
jp-raft-adaptive,5685.713867,0.9415625390751086
jp-raft-adaptive,8539.000977,0.9425599539386256
jp-raft-adaptive,8785.065918,0.9435573688021426
jp-raft-adaptive,8923.875977,0.9445547836656596
jp-raft-adaptive,9031.049072,0.9455521985291766
jp-raft-adaptive,9110.02002,0.9465496133926936
jp-raft-adaptive,9181.186035,0.9475470282562106
jp-raft-adaptive,9246.506104,0.9485444431197276
jp-raft-adaptive,9302.324951,0.9495418579832446
jp-raft-adaptive,9351.62207,0.9505392728467617
jp-raft-adaptive,9391.329834,0.9515366877102787
jp-raft-adaptive,9428.683105,0.9525341025737956
jp-raft-adaptive,9472.515137,0.9535315174373126
jp-raft-adaptive,9512.156982,0.9545289323008296
jp-raft-adaptive,9546.602051,0.9555263471643466
jp-raft-adaptive,9584.736084,0.9565237620278636
jp-raft-adaptive,9622.278809,0.9575211768913806
jp-raft-adaptive,9656.993896,0.9585185917548976
jp-raft-adaptive,9694.115967,0.9595160066184146
jp-raft-adaptive,9727.474854,0.9605134214819316
jp-raft-adaptive,9760.64502,0.9615108363454486
jp-raft-adaptive,9791.192871,0.9625082512089657
jp-raft-adaptive,9817.783936,0.9635056660724827
jp-raft-adaptive,9846.558838,0.9645030809359997
jp-raft-adaptive,9868.60498,0.9655004957995167
jp-raft-adaptive,9892.656982,0.9664979106630337
jp-raft-adaptive,9915.544922,0.9674953255265507
jp-raft-adaptive,9935.745117,0.9684927403900677
jp-raft-adaptive,9957.945068,0.9694901552535847
jp-raft-adaptive,9980.530029,0.9704875701171017
jp-raft-adaptive,10006.145996,0.9714849849806187
jp-raft-adaptive,10036.021973,0.9724823998441358
jp-raft-adaptive,10068.166016,0.9734798147076528
jp-raft-adaptive,10098.192139,0.9744772295711698
jp-raft-adaptive,10127.272949,0.9754746444346868
jp-raft-adaptive,10159.01001,0.9764720592982038
jp-raft-adaptive,10187.808105,0.9774694741617208
jp-raft-adaptive,10221.12793,0.9784668890252378
jp-raft-adaptive,10252.288086,0.9794643038887548
jp-raft-adaptive,10282.625,0.9804617187522718
jp-raft-adaptive,10310.427002,0.9814591336157888
jp-raft-adaptive,10337.932129,0.9824565484793059
jp-raft-adaptive,10369.161133,0.9834539633428229
jp-raft-adaptive,10400.541992,0.9844513782063399
jp-raft-adaptive,10434.218018,0.9854487930698569
jp-raft-adaptive,10476.766113,0.9864462079333739
jp-raft-adaptive,10544.863037,0.9874436227968909
jp-raft-adaptive,10611.978027,0.9884410376604079
jp-raft-adaptive,10680.598877,0.9894384525239248
jp-raft-adaptive,10740.617188,0.9904358673874418
jp-raft-adaptive,10813.028076,0.9914332822509588
jp-raft-adaptive,10876.944092,0.9924306971144758
jp-raft-adaptive,10946.446045,0.9934281119779929
jp-raft-adaptive,11008.697998,0.9944255268415099
jp-raft-adaptive,11077.112793,0.9954229417050269
jp-raft-adaptive,11150.498047,0.9964203565685439
jp-raft-adaptive,11225.727051,0.9974177714320609
jp-raft-adaptive,11303.153076,0.9984151862955779
jp-raft-adaptive,11387.049072,0.9994126011590949
copilot,80.927979,6.273289587593942e-06
copilot,81.248047,0.0010037263340150308
copilot,81.339111,0.0020011793784424675
copilot,81.399902,0.0029986324228699047
copilot,81.458008,0.003996085467297341
copilot,81.505127,0.0049935385117247785
copilot,81.543945,0.005990991556152215
copilot,81.576904,0.006988444600579652
copilot,81.607178,0.007985897645007088
copilot,81.639893,0.008983350689434526
copilot,81.668945,0.009980803733861962
copilot,81.698975,0.010978256778289399
copilot,81.724854,0.011975709822716837
copilot,81.755127,0.012973162867144273
copilot,81.780029,0.01397061591157171
copilot,81.802979,0.014968068955999147
copilot,81.824951,0.015965522000426585
copilot,81.846191,0.01696297504485402
copilot,81.869141,0.017960428089281458
copilot,81.893066,0.018957881133708894
copilot,81.914795,0.01995533417813633
copilot,81.939941,0.020952787222563767
copilot,81.956787,0.021950240266991206
copilot,81.976074,0.022947693311418643
copilot,82.0,0.02394514635584608
copilot,82.022949,0.024942599400273515
copilot,82.043213,0.02594005244470095
copilot,82.065918,0.026937505489128388
copilot,82.087158,0.027934958533555827
copilot,82.11084,0.028932411577983264
copilot,82.133057,0.0299298646224107
copilot,82.156006,0.030927317666838136
copilot,82.183105,0.03192477071126557
copilot,82.213867,0.03292222375569301
copilot,82.237793,0.033919676800120445
copilot,82.264893,0.03491712984454788
copilot,82.291992,0.03591458288897532
copilot,82.317139,0.03691203593340276
copilot,82.345215,0.0379094889778302
copilot,82.373047,0.03890694202225763
copilot,82.401123,0.03990439506668507
copilot,82.433838,0.040901848111112506
copilot,82.468994,0.04189930115553994
copilot,82.498047,0.04289675419996738
copilot,82.532959,0.043894207244394814
copilot,82.567139,0.04489166028882225
copilot,82.605957,0.04588911333324969
copilot,82.648926,0.04688656637767712
copilot,82.691162,0.047884019422104566
copilot,82.733887,0.048881472466532
copilot,82.780029,0.04987892551095944
copilot,82.825928,0.050876378555386875
copilot,82.890137,0.05187383159981431
copilot,82.955078,0.05287128464424175
copilot,83.035889,0.053868737688669184
copilot,83.133057,0.05486619073309662
copilot,83.24292,0.05586364377752406
copilot,83.391846,0.05686109682195149
copilot,83.615967,0.05785854986637893
copilot,83.917969,0.058856002910806365
copilot,84.400146,0.05985345595523381
copilot,85.090088,0.060850908999661245
copilot,86.065918,0.06184836204408868
copilot,87.171875,0.06284581508851611
copilot,88.269043,0.06384326813294355
copilot,89.274902,0.06484072117737098
copilot,90.645996,0.06583817422179843
copilot,92.001221,0.06683562726622587
copilot,93.453857,0.0678330803106533
copilot,94.786133,0.06883053335508074
copilot,95.760986,0.06982798639950817
copilot,96.812988,0.07082543944393561
copilot,97.804932,0.07182289248836304
copilot,98.570068,0.07282034553279049
copilot,99.279785,0.07381779857721792
copilot,99.947998,0.07481525162164536
copilot,100.487061,0.07581270466607279
copilot,100.98291,0.07681015771050023
copilot,101.304932,0.07780761075492768
copilot,101.48999,0.0788050637993551
copilot,101.592041,0.07980251684378255
copilot,101.663086,0.08079996988820998
copilot,101.718994,0.08179742293263742
copilot,101.763184,0.08279487597706485
copilot,101.801025,0.08379232902149229
copilot,101.829834,0.08478978206591972
copilot,101.859131,0.08578723511034717
copilot,101.88501,0.0867846881547746
copilot,101.908203,0.08778214119920204
copilot,101.930908,0.08877959424362948
copilot,101.951904,0.08977704728805691
copilot,101.969238,0.09077450033248435
copilot,101.986084,0.09177195337691178
copilot,102.001953,0.09276940642133923
copilot,102.015869,0.09376685946576666
copilot,102.031006,0.0947643125101941
copilot,102.045898,0.09576176555462153
copilot,102.057861,0.09675921859904897
copilot,102.071045,0.0977566716434764
copilot,102.082031,0.09875412468790384
copilot,102.093018,0.09975157773233127
copilot,102.104004,0.10074903077675872
copilot,102.11499,0.10174648382118616
copilot,102.126953,0.10274393686561359
copilot,102.137207,0.10374138991004103
copilot,102.147949,0.10473884295446846
copilot,102.158936,0.1057362959988959
copilot,102.168945,0.10673374904332333
copilot,102.178223,0.10773120208775078
copilot,102.187988,0.1087286551321782
copilot,102.197998,0.10972610817660565
copilot,102.206055,0.11072356122103308
copilot,102.214844,0.11172101426546052
copilot,102.222168,0.11271846730988797
copilot,102.230957,0.1137159203543154
copilot,102.238037,0.11471337339874284
copilot,102.24707,0.11571082644317027
copilot,102.25415,0.11670827948759771
copilot,102.260986,0.11770573253202514
copilot,102.268066,0.11870318557645258
copilot,102.275879,0.11970063862088001
copilot,102.281982,0.12069809166530746
copilot,102.290039,0.12169554470973488
copilot,102.297119,0.12269299775416233
copilot,102.303955,0.12369045079858977
copilot,102.310059,0.1246879038430172
copilot,102.316895,0.12568535688744464
copilot,102.322998,0.1266828099318721
copilot,102.329834,0.1276802629762995
copilot,102.334961,0.12867771602072695
copilot,102.342041,0.1296751690651544
copilot,102.348877,0.13067262210958183
copilot,102.354004,0.13167007515400925
copilot,102.359131,0.1326675281984367
copilot,102.36499,0.13366498124286413
copilot,102.370117,0.13466243428729158
copilot,102.375977,0.13565988733171902
copilot,102.381104,0.13665734037614644
copilot,102.386963,0.13765479342057388
copilot,102.39209,0.13865224646500132
copilot,102.396973,0.13964969950942877
copilot,102.403076,0.14064715255385618
copilot,102.407959,0.14164460559828362
copilot,102.413086,0.14264205864271107
copilot,102.418213,0.1436395116871385
copilot,102.424072,0.14463696473156593
copilot,102.429932,0.14563441777599337
copilot,102.435059,0.1466318708204208
copilot,102.439941,0.14762932386484826
copilot,102.443848,0.1486267769092757
copilot,102.447998,0.14962422995370311
copilot,102.452881,0.15062168299813056
copilot,102.458008,0.151619136042558
copilot,102.462158,0.15261658908698544
copilot,102.467041,0.15361404213141286
copilot,102.471924,0.1546114951758403
copilot,102.476074,0.15560894822026775
copilot,102.480957,0.1566064012646952
copilot,102.48584,0.1576038543091226
copilot,102.48999,0.15860130735355005
copilot,102.494141,0.1595987603979775
copilot,102.499023,0.16059621344240493
copilot,102.503906,0.16159366648683238
copilot,102.508057,0.1625911195312598
copilot,102.512939,0.16358857257568724
copilot,102.516846,0.16458602562011468
copilot,102.520996,0.16558347866454212
copilot,102.525146,0.16658093170896954
copilot,102.529053,0.16757838475339698
copilot,102.533936,0.16857583779782442
copilot,102.538086,0.16957329084225187
copilot,102.541992,0.1705707438866793
copilot,102.546143,0.17156819693110673
copilot,102.550049,0.17256564997553417
copilot,102.554932,0.1735631030199616
copilot,102.558105,0.17456055606438906
copilot,102.562012,0.17555800910881647
copilot,102.564941,0.17655546215324391
copilot,102.569092,0.17755291519767136
copilot,102.572998,0.1785503682420988
copilot,102.576904,0.17954782128652622
copilot,102.580078,0.18054527433095366
copilot,102.583984,0.1815427273753811
copilot,102.587891,0.18254018041980855
copilot,102.591797,0.183537633464236
copilot,102.594971,0.1845350865086634
copilot,102.598877,0.18553253955309085
copilot,102.603027,0.1865299925975183
copilot,102.605957,0.18752744564194573
copilot,102.609131,0.18852489868637315
copilot,102.612793,0.1895223517308006
copilot,102.615967,0.19051980477522804
copilot,102.619873,0.19151725781965548
copilot,102.623047,0.1925147108640829
copilot,102.625977,0.19351216390851034
copilot,102.629883,0.19450961695293778
copilot,102.633057,0.19550706999736522
copilot,102.63623,0.19650452304179267
copilot,102.639893,0.19750197608622008
copilot,102.643066,0.19849942913064753
copilot,102.645996,0.19949688217507497
copilot,102.649902,0.2004943352195024
copilot,102.652832,0.20149178826392983
copilot,102.656006,0.20248924130835727
copilot,102.65918,0.2034866943527847
copilot,102.662109,0.20448414739721216
copilot,102.666016,0.2054816004416396
copilot,102.668945,0.20647905348606702
copilot,102.672119,0.20747650653049446
copilot,102.676025,0.2084739595749219
copilot,102.678955,0.20947141261934935
copilot,102.682861,0.21046886566377676
copilot,102.685059,0.2114663187082042
copilot,102.687988,0.21246377175263165
copilot,102.691895,0.2134612247970591
copilot,102.695068,0.2144586778414865
copilot,102.698975,0.21545613088591395
copilot,102.702148,0.2164535839303414
copilot,102.705811,0.21745103697476884
copilot,102.708008,0.21844849001919628
copilot,102.711914,0.2194459430636237
copilot,102.715088,0.22044339610805114
copilot,102.718018,0.22144084915247858
copilot,102.721924,0.22243830219690602
copilot,102.724854,0.22343575524133344
copilot,102.728027,0.22443320828576088
copilot,102.731201,0.22543066133018833
copilot,102.734863,0.22642811437461577
copilot,102.737793,0.22742556741904318
copilot,102.740967,0.22842302046347063
copilot,102.743164,0.22942047350789807
copilot,102.746826,0.2304179265523255
copilot,102.75,0.23141537959675296
copilot,102.75293,0.23241283264118037
copilot,102.755859,0.23341028568560782
copilot,102.759033,0.23440773873003526
copilot,102.761963,0.2354051917744627
copilot,102.764893,0.23640264481889012
copilot,102.767822,0.23740009786331756
copilot,102.77002,0.238397550907745
copilot,102.772949,0.23939500395217245
copilot,102.775879,0.2403924569965999
copilot,102.778076,0.2413899100410273
copilot,102.781006,0.24238736308545475
copilot,102.783936,0.2433848161298822
copilot,102.786865,0.24438226917430964
copilot,102.789795,0.24537972221873705
copilot,102.792969,0.2463771752631645
copilot,102.795166,0.24737462830759194
copilot,102.798096,0.24837208135201938
copilot,102.801025,0.2493695343964468
copilot,102.803955,0.25036698744087427
copilot,102.806885,0.2513644404853017
copilot,102.810059,0.2523618935297291
copilot,102.812988,0.25335934657415654
copilot,102.815918,0.254356799618584
copilot,102.818115,0.2553542526630114
copilot,102.821045,0.25635170570743887
copilot,102.823975,0.2573491587518663
copilot,102.827881,0.25834661179629376
copilot,102.830078,0.2593440648407212
copilot,102.833008,0.2603415178851486
copilot,102.835938,0.26133897092957603
copilot,102.838867,0.2623364239740035
copilot,102.841064,0.2633338770184309
copilot,102.843994,0.26433133006285836
copilot,102.847168,0.2653287831072858
copilot,102.850098,0.26632623615171325
copilot,102.853027,0.2673236891961407
copilot,102.85498,0.26832114224056813
copilot,102.85791,0.2693185952849955
copilot,102.86084,0.27031604832942296
copilot,102.863037,0.2713135013738504
copilot,102.865967,0.27231095441827785
copilot,102.868896,0.2733084074627053
copilot,102.871826,0.27430586050713274
copilot,102.875,0.2753033135515602
copilot,102.876953,0.2763007665959876
copilot,102.879883,0.27729821964041507
copilot,102.882812,0.27829567268484245
copilot,102.88501,0.2792931257292699
copilot,102.887939,0.28029057877369734
copilot,102.890869,0.2812880318181248
copilot,102.893066,0.2822854848625522
copilot,102.895996,0.28328293790697967
copilot,102.898193,0.2842803909514071
copilot,102.901123,0.28527784399583456
copilot,102.904053,0.286275297040262
copilot,102.906982,0.2872727500846894
copilot,102.909912,0.28827020312911683
copilot,102.913086,0.2892676561735443
copilot,102.915039,0.2902651092179717
copilot,102.917969,0.29126256226239916
copilot,102.920166,0.2922600153068266
copilot,102.922852,0.29325746835125405
copilot,102.925049,0.2942549213956815
copilot,102.927979,0.2952523744401089
copilot,102.930908,0.2962498274845363
copilot,102.933105,0.29724728052896376
copilot,102.936035,0.2982447335733912
copilot,102.938965,0.29924218661781865
copilot,102.941895,0.3002396396622461
copilot,102.944092,0.30123709270667354
copilot,102.946045,0.302234545751101
copilot,102.948975,0.3032319987955284
copilot,102.951172,0.3042294518399558
copilot,102.954102,0.30522690488438325
copilot,102.956055,0.3062243579288107
copilot,102.958984,0.30722181097323814
copilot,102.961914,0.3082192640176656
copilot,102.964111,0.309216717062093
copilot,102.966064,0.31021417010652047
copilot,102.968994,0.3112116231509479
copilot,102.970947,0.31220907619537536
copilot,102.973877,0.31320652923980274
copilot,102.976074,0.3142039822842302
copilot,102.979004,0.31520143532865763
copilot,102.980957,0.3161988883730851
copilot,102.983154,0.3171963414175125
copilot,102.986084,0.31819379446193996
copilot,102.988037,0.3191912475063674
copilot,102.990967,0.32018870055079485
copilot,102.993164,0.3211861535952223
copilot,102.99585,0.3221836066396497
copilot,102.998047,0.3231810596840771
copilot,103.0,0.32417851272850456
copilot,103.00293,0.325175965772932
copilot,103.005127,0.32617341881735945
copilot,103.008057,0.3271708718617869
copilot,103.01001,0.32816832490621434
copilot,103.012939,0.3291657779506418
copilot,103.015137,0.33016323099506917
copilot,103.018066,0.3311606840394966
copilot,103.02002,0.33215813708392405
copilot,103.022217,0.3331555901283515
copilot,103.024902,0.33415304317277894
copilot,103.0271,0.3351504962172064
copilot,103.029053,0.3361479492616338
copilot,103.031982,0.33714540230606127
copilot,103.034912,0.3381428553504887
copilot,103.037109,0.3391403083949161
copilot,103.039062,0.34013776143934354
copilot,103.041992,0.341135214483771
copilot,103.044189,0.34213266752819843
copilot,103.046875,0.3431301205726259
copilot,103.049072,0.3441275736170533
copilot,103.052002,0.34512502666148076
copilot,103.053955,0.3461224797059082
copilot,103.056885,0.34711993275033565
copilot,103.059082,0.34811738579476303
copilot,103.061035,0.3491148388391905
copilot,103.063965,0.3501122918836179
copilot,103.066162,0.35110974492804536
copilot,103.068848,0.3521071979724728
copilot,103.071045,0.35310465101690025
copilot,103.072998,0.3541021040613277
copilot,103.075928,0.35509955710575514
copilot,103.078125,0.3560970101501826
copilot,103.081055,0.35709446319460997
copilot,103.083008,0.3580919162390374
copilot,103.085205,0.35908936928346485
copilot,103.088135,0.3600868223278923
copilot,103.090088,0.36108427537231974
copilot,103.093018,0.3620817284167472
copilot,103.094971,0.3630791814611746
copilot,103.097168,0.36407663450560207
copilot,103.099854,0.36507408755002946
copilot,103.102051,0.3660715405944569
copilot,103.104004,0.36706899363888434
copilot,103.106201,0.3680664466833118
copilot,103.108887,0.36906389972773923
copilot,103.111084,0.3700613527721667
copilot,103.11377,0.3710588058165941
copilot,103.115967,0.37205625886102156
copilot,103.118164,0.373053711905449
copilot,103.121094,0.3740511649498764
copilot,103.123779,0.37504861799430383
copilot,103.125977,0.3760460710387313
copilot,103.128906,0.3770435240831587
copilot,103.131104,0.37804097712758616
copilot,103.133057,0.3790384301720136
copilot,103.135986,0.38003588321644105
copilot,103.137939,0.3810333362608685
copilot,103.139893,0.38203078930529594
copilot,103.14209,0.3830282423497233
copilot,103.144043,0.38402569539415077
copilot,103.146973,0.3850231484385782
copilot,103.148926,0.38602060148300565
copilot,103.151855,0.3870180545274331
copilot,103.154053,0.38801550757186054
copilot,103.156006,0.389012960616288
copilot,103.158936,0.3900104136607154
copilot,103.161133,0.39100786670514287
copilot,103.163086,0.39200531974957026
copilot,103.165039,0.3930027727939977
copilot,103.167969,0.39400022583842514
copilot,103.169922,0.3949976788828526
copilot,103.172119,0.39599513192728003
copilot,103.174805,0.3969925849717075
copilot,103.177002,0.3979900380161349
copilot,103.178955,0.39898749106056236
copilot,103.181885,0.39998494410498975
copilot,103.184082,0.4009823971494172
copilot,103.187012,0.40197985019384463
copilot,103.188965,0.4029773032382721
copilot,103.191162,0.4039747562826995
copilot,103.193115,0.40497220932712696
copilot,103.196045,0.4059696623715544
copilot,103.197998,0.40696711541598185
copilot,103.200195,0.4079645684604093
copilot,103.202881,0.4089620215048367
copilot,103.205078,0.4099594745492641
copilot,103.207031,0.41095692759369157
copilot,103.209961,0.411954380638119
copilot,103.211914,0.41295183368254645
copilot,103.214111,0.4139492867269739
copilot,103.216064,0.41494673977140134
copilot,103.218018,0.4159441928158288
copilot,103.220947,0.4169416458602562
copilot,103.2229,0.4179390989046836
copilot,103.225098,0.41893655194911106
copilot,103.227051,0.4199340049935385
copilot,103.229004,0.42093145803796594
copilot,103.231934,0.4219289110823934
copilot,103.233887,0.42292636412682083
copilot,103.236084,0.4239238171712483
copilot,103.238037,0.4249212702156757
copilot,103.240967,0.42591872326010316
copilot,103.24292,0.42691617630453055
copilot,103.245117,0.427913629348958
copilot,103.24707,0.42891108239338543
copilot,103.25,0.4299085354378129
copilot,103.251953,0.4309059884822403
copilot,103.253906,0.43190344152666776
copilot,103.256104,0.4329008945710952
copilot,103.258789,0.43389834761552265
copilot,103.260986,0.43489580065995004
copilot,103.262939,0.4358932537043775
copilot,103.265869,0.4368907067488049
copilot,103.268066,0.43788815979323237
copilot,103.270996,0.4388856128376598
copilot,103.272949,0.43988306588208725
copilot,103.275146,0.4408805189265147
copilot,103.277832,0.44187797197094214
copilot,103.280029,0.4428754250153696
copilot,103.281982,0.44387287805979697
copilot,103.283936,0.4448703311042244
copilot,103.286133,0.44586778414865186
copilot,103.288086,0.4468652371930793
copilot,103.290039,0.44786269023750674
copilot,103.292236,0.4488601432819342
copilot,103.294922,0.44985759632636163
copilot,103.296875,0.4508550493707891
copilot,103.299072,0.4518525024152165
copilot,103.301025,0.4528499554596439
copilot,103.303955,0.45384740850407135
copilot,103.305908,0.4548448615484988
copilot,103.308105,0.45584231459292623
copilot,103.310059,0.4568397676373537
copilot,103.312988,0.4578372206817811
copilot,103.314941,0.45883467372620856
copilot,103.317139,0.459832126770636
copilot,103.319092,0.46082957981506345
copilot,103.322021,0.46182703285949084
copilot,103.323975,0.4628244859039183
copilot,103.326904,0.4638219389483457
copilot,103.329102,0.46481939199277317
copilot,103.331787,0.4658168450372006
copilot,103.333984,0.46681429808162805
copilot,103.335938,0.4678117511260555
copilot,103.338867,0.46880920417048294
copilot,103.341064,0.46980665721491033
copilot,103.343018,0.47080411025933777
copilot,103.345215,0.4718015633037652
copilot,103.3479,0.47279901634819266
copilot,103.350098,0.4737964693926201
copilot,103.352051,0.47479392243704754
copilot,103.354004,0.475791375481475
copilot,103.356934,0.47678882852590243
copilot,103.358887,0.4777862815703299
copilot,103.36084,0.47878373461475726
copilot,103.363037,0.4797811876591847
copilot,103.36499,0.48077864070361215
copilot,103.367188,0.4817760937480396
copilot,103.369873,0.48277354679246703
copilot,103.37207,0.4837709998368945
copilot,103.374023,0.4847684528813219
copilot,103.376953,0.48576590592574936
copilot,103.378906,0.4867633589701768
copilot,103.381104,0.4877608120146042
copilot,103.383057,0.48875826505903164
copilot,103.38501,0.4897557181034591
copilot,103.387939,0.4907531711478865
copilot,103.389893,0.49175062419231397
copilot,103.39209,0.4927480772367414
copilot,103.394043,0.49374553028116885
copilot,103.396973,0.4947429833255963
copilot,103.398926,0.49574043637002374
copilot,103.401123,0.49673788941445113
copilot,103.403076,0.49773534245887857
copilot,103.405029,0.498732795503306
copilot,103.407959,0.49973024854773346
copilot,103.409912,0.5007277015921608
copilot,103.412109,0.5017251546365883
copilot,103.414062,0.5027226076810157
copilot,103.416992,0.5037200607254432
copilot,103.418945,0.5047175137698706
copilot,103.421143,0.5057149668142981
copilot,103.423828,0.5067124198587255
copilot,103.425049,0.507709872903153
copilot,103.427979,0.5087073259475804
copilot,103.429932,0.5097047789920078
copilot,103.432861,0.5107022320364353
copilot,103.435059,0.5116996850808627
copilot,103.437988,0.5126971381252902
copilot,103.439941,0.5136945911697176
copilot,103.441895,0.514692044214145
copilot,103.444092,0.5156894972585725
copilot,103.446045,0.5166869503029999
copilot,103.447998,0.5176844033474273
copilot,103.450928,0.5186818563918547
copilot,103.453125,0.5196793094362822
copilot,103.455811,0.5206767624807096
copilot,103.458008,0.521674215525137
copilot,103.460205,0.5226716685695645
copilot,103.462158,0.5236691216139919
copilot,103.464844,0.5246665746584194
copilot,103.467041,0.5256640277028468
copilot,103.468994,0.5266614807472743
copilot,103.471924,0.5276589337917017
copilot,103.473877,0.5286563868361291
copilot,103.476074,0.5296538398805566
copilot,103.479004,0.530651292924984
copilot,103.480957,0.5316487459694115
copilot,103.483154,0.5326461990138389
copilot,103.48584,0.5336436520582664
copilot,103.488037,0.5346411051026938
copilot,103.48999,0.5356385581471211
copilot,103.49292,0.5366360111915486
copilot,103.495117,0.537633464235976
copilot,103.498047,0.5386309172804035
copilot,103.500977,0.5396283703248309
copilot,103.50293,0.5406258233692584
copilot,103.505127,0.5416232764136858
copilot,103.50708,0.5426207294581132
copilot,103.51001,0.5436181825025407
copilot,103.512207,0.5446156355469681
copilot,103.514893,0.5456130885913956
copilot,103.51709,0.546610541635823
copilot,103.519043,0.5476079946802505
copilot,103.520996,0.5486054477246779
copilot,103.523926,0.5496029007691053
copilot,103.525879,0.5506003538135328
copilot,103.528809,0.5515978068579602
copilot,103.531006,0.5525952599023876
copilot,103.533203,0.553592712946815
copilot,103.535889,0.5545901659912424
copilot,103.538086,0.5555876190356699
copilot,103.541016,0.5565850720800973
copilot,103.542969,0.5575825251245248
copilot,103.545166,0.5585799781689522
copilot,103.547852,0.5595774312133797
copilot,103.550049,0.5605748842578071
copilot,103.552979,0.5615723373022345
copilot,103.554932,0.562569790346662
copilot,103.556885,0.5635672433910894
copilot,103.559082,0.5645646964355169
copilot,103.562012,0.5655621494799443
copilot,103.564941,0.5665596025243718
copilot,103.567139,0.5675570555687992
copilot,103.569824,0.5685545086132267
copilot,103.572021,0.5695519616576541
copilot,103.574951,0.5705494147020814
copilot,103.577148,0.5715468677465089
copilot,103.579834,0.5725443207909363
copilot,103.582031,0.5735417738353638
copilot,103.583984,0.5745392268797912
copilot,103.586914,0.5755366799242186
copilot,103.589844,0.5765341329686461
copilot,103.592041,0.5775315860130735
copilot,103.594971,0.578529039057501
copilot,103.596924,0.5795264921019284
copilot,103.599854,0.5805239451463559
copilot,103.602051,0.5815213981907833
copilot,103.60498,0.5825188512352107
copilot,103.606934,0.5835163042796382
copilot,103.609131,0.5845137573240656
copilot,103.611816,0.5855112103684931
copilot,103.614014,0.5865086634129205
copilot,103.616943,0.5875061164573478
copilot,103.618896,0.5885035695017753
copilot,103.621826,0.5895010225462027
copilot,103.624023,0.5904984755906302
copilot,103.625977,0.5914959286350576
copilot,103.628906,0.5924933816794851
copilot,103.631104,0.5934908347239125
copilot,103.633057,0.59448828776834
copilot,103.635986,0.5954857408127674
copilot,103.637939,0.5964831938571948
copilot,103.640869,0.5974806469016223
copilot,103.643066,0.5984780999460497
copilot,103.64502,0.5994755529904772
copilot,103.647949,0.6004730060349046
copilot,103.650879,0.601470459079332
copilot,103.653076,0.6024679121237595
copilot,103.655029,0.6034653651681869
copilot,103.657959,0.6044628182126144
copilot,103.660156,0.6054602712570417
copilot,103.663086,0.6064577243014692
copilot,103.665039,0.6074551773458966
copilot,103.667969,0.608452630390324
copilot,103.670166,0.6094500834347515
copilot,103.672852,0.6104475364791789
copilot,103.675049,0.6114449895236064
copilot,103.677979,0.6124424425680338
copilot,103.680176,0.6134398956124613
copilot,103.683105,0.6144373486568887
copilot,103.685791,0.6154348017013161
copilot,103.687988,0.6164322547457436
copilot,103.690918,0.617429707790171
copilot,103.693848,0.6184271608345985
copilot,103.696045,0.6194246138790259
copilot,103.698975,0.6204220669234534
copilot,103.701904,0.6214195199678808
copilot,103.704834,0.6224169730123081
copilot,103.707031,0.6234144260567356
copilot,103.708984,0.624411879101163
copilot,103.712158,0.6254093321455905
copilot,103.714844,0.6264067851900179
copilot,103.717041,0.6274042382344454
copilot,103.719971,0.6284016912788728
copilot,103.7229,0.6293991443233002
copilot,103.72583,0.6303965973677277
copilot,103.728027,0.6313940504121551
copilot,103.730957,0.6323915034565826
copilot,103.733154,0.63338895650101
copilot,103.736084,0.6343864095454375
copilot,103.739014,0.6353838625898649
copilot,103.740967,0.6363813156342923
copilot,103.743164,0.6373787686787198
copilot,103.746094,0.6383762217231472
copilot,103.749023,0.6393736747675747
copilot,103.750977,0.640371127812002
copilot,103.753174,0.6413685808564294
copilot,103.756104,0.6423660339008569
copilot,103.759033,0.6433634869452843
copilot,103.761963,0.6443609399897118
copilot,103.764893,0.6453583930341392
copilot,103.768066,0.6463558460785667
copilot,103.770996,0.6473532991229941
copilot,103.772949,0.6483507521674216
copilot,103.776123,0.649348205211849
copilot,103.779053,0.6503456582562764
copilot,103.782959,0.6513431113007039
copilot,103.785889,0.6523405643451313
copilot,103.788818,0.6533380173895588
copilot,103.791992,0.6543354704339862
copilot,103.794922,0.6553329234784137
copilot,103.798096,0.6563303765228411
copilot,103.801025,0.6573278295672684
copilot,103.803955,0.6583252826116959
copilot,103.807861,0.6593227356561233
copilot,103.810791,0.6603201887005508
copilot,103.812988,0.6613176417449782
copilot,103.815918,0.6623150947894056
copilot,103.819092,0.6633125478338331
copilot,103.822021,0.6643100008782605
copilot,103.824951,0.665307453922688
copilot,103.827881,0.6663049069671154
copilot,103.830811,0.6673023600115429
copilot,103.833984,0.6682998130559703
copilot,103.836182,0.6692972661003977
copilot,103.839844,0.6702947191448252
copilot,103.843018,0.6712921721892526
copilot,103.845947,0.6722896252336801
copilot,103.848877,0.6732870782781075
copilot,103.851807,0.674284531322535
copilot,103.854004,0.6752819843669623
copilot,103.85791,0.6762794374113897
copilot,103.86084,0.6772768904558172
copilot,103.863037,0.6782743435002446
copilot,103.866943,0.6792717965446721
copilot,103.869141,0.6802692495890995
copilot,103.87207,0.681266702633527
copilot,103.875977,0.6822641556779544
copilot,103.878906,0.6832616087223818
copilot,103.88208,0.6842590617668093
copilot,103.88501,0.6852565148112367
copilot,103.887939,0.6862539678556642
copilot,103.890869,0.6872514209000916
copilot,103.894043,0.6882488739445191
copilot,103.897949,0.6892463269889465
copilot,103.900879,0.6902437800333739
copilot,103.903809,0.6912412330778014
copilot,103.906982,0.6922386861222287
copilot,103.909912,0.6932361391666562
copilot,103.913086,0.6942335922110836
copilot,103.916016,0.695231045255511
copilot,103.918945,0.6962284982999385
copilot,103.922119,0.6972259513443659
copilot,103.925049,0.6982234043887934
copilot,103.928223,0.6992208574332208
copilot,103.931885,0.7002183104776483
copilot,103.935059,0.7012157635220757
copilot,103.938965,0.7022132165665032
copilot,103.942139,0.7032106696109306
copilot,103.945801,0.704208122655358
copilot,103.948975,0.7052055756997855
copilot,103.951904,0.7062030287442129
copilot,103.955078,0.7072004817886404
copilot,103.958008,0.7081979348330678
copilot,103.960938,0.7091953878774953
copilot,103.963867,0.7101928409219226
copilot,103.966064,0.71119029396635
copilot,103.969971,0.7121877470107775
copilot,103.972168,0.7131852000552049
copilot,103.976074,0.7141826530996324
copilot,103.97998,0.7151801061440598
copilot,103.98291,0.7161775591884872
copilot,103.98584,0.7171750122329147
copilot,103.989014,0.7181724652773421
copilot,103.99292,0.7191699183217696
copilot,103.99585,0.720167371366197
copilot,104.0,0.7211648244106245
copilot,104.00293,0.7221622774550519
copilot,104.006104,0.7231597304994793
copilot,104.009033,0.7241571835439068
copilot,104.012939,0.7251546365883342
copilot,104.016113,0.7261520896327617
copilot,104.02002,0.727149542677189
copilot,104.022949,0.7281469957216165
copilot,104.026123,0.7291444487660439
copilot,104.030029,0.7301419018104713
copilot,104.033936,0.7311393548548988
copilot,104.038086,0.7321368078993262
copilot,104.041016,0.7331342609437537
copilot,104.044922,0.7341317139881811
copilot,104.048828,0.7351291670326086
copilot,104.052002,0.736126620077036
copilot,104.055908,0.7371240731214634
copilot,104.059082,0.7381215261658909
copilot,104.062988,0.7391189792103183
copilot,104.066895,0.7401164322547458
copilot,104.071045,0.7411138852991732
copilot,104.074951,0.7421113383436007
copilot,104.078857,0.7431087913880281
copilot,104.083008,0.7441062444324555
copilot,104.086914,0.7451036974768829
copilot,104.090088,0.7461011505213103
copilot,104.093994,0.7470986035657378
copilot,104.0979,0.7480960566101652
copilot,104.102051,0.7490935096545926
copilot,104.106201,0.7500909626990201
copilot,104.111084,0.7510884157434475
copilot,104.11499,0.752085868787875
copilot,104.119141,0.7530833218323024
copilot,104.123047,0.7540807748767299
copilot,104.12793,0.7550782279211573
copilot,104.13208,0.7560756809655848
copilot,104.136963,0.7570731340100122
copilot,104.140869,0.7580705870544396
copilot,104.145996,0.7590680400988671
copilot,104.149902,0.7600654931432945
copilot,104.154053,0.761062946187722
copilot,104.157959,0.7620603992321493
copilot,104.161865,0.7630578522765767
copilot,104.166016,0.7640553053210042
copilot,104.170898,0.7650527583654316
copilot,104.175781,0.7660502114098591
copilot,104.180176,0.7670476644542865
copilot,104.185059,0.768045117498714
copilot,104.188965,0.7690425705431414
copilot,104.192871,0.7700400235875688
copilot,104.197021,0.7710374766319963
copilot,104.201172,0.7720349296764237
copilot,104.206055,0.7730323827208512
copilot,104.210938,0.7740298357652786
copilot,104.216064,0.7750272888097061
copilot,104.220947,0.7760247418541335
copilot,104.226074,0.777022194898561
copilot,104.22998,0.7780196479429884
copilot,104.23584,0.7790171009874158
copilot,104.240967,0.7800145540318432
copilot,104.24585,0.7810120070762706
copilot,104.25,0.782009460120698
copilot,104.255859,0.7830069131651255
copilot,104.26001,0.7840043662095529
copilot,104.265137,0.7850018192539804
copilot,104.27002,0.7859992722984078
copilot,104.27417,0.7869967253428353
copilot,104.279053,0.7879941783872627
copilot,104.284912,0.7889916314316902
copilot,104.291016,0.7899890844761176
copilot,104.296875,0.790986537520545
copilot,104.302002,0.7919839905649725
copilot,104.307861,0.7929814436093999
copilot,104.313965,0.7939788966538274
copilot,104.319824,0.7949763496982548
copilot,104.324951,0.7959738027426823
copilot,104.331055,0.7969712557871096
copilot,104.337158,0.797968708831537
copilot,104.343994,0.7989661618759645
copilot,104.349854,0.7999636149203919
copilot,104.355957,0.8009610679648194
copilot,104.361084,0.8019585210092468
copilot,104.366943,0.8029559740536742
copilot,104.37207,0.8039534270981017
copilot,104.378906,0.8049508801425291
copilot,104.384033,0.8059483331869566
copilot,104.390137,0.806945786231384
copilot,104.395996,0.8079432392758115
copilot,104.4021,0.8089406923202389
copilot,104.407959,0.8099381453646664
copilot,104.414062,0.8109355984090938
copilot,104.421143,0.8119330514535212
copilot,104.427002,0.8129305044979487
copilot,104.434814,0.8139279575423761
copilot,104.441895,0.8149254105868035
copilot,104.449219,0.8159228636312309
copilot,104.456055,0.8169203166756583
copilot,104.462891,0.8179177697200858
copilot,104.470947,0.8189152227645132
copilot,104.479004,0.8199126758089407
copilot,104.486816,0.8209101288533681
copilot,104.494873,0.8219075818977956
copilot,104.501953,0.822905034942223
copilot,104.51001,0.8239024879866504
copilot,104.51709,0.8248999410310779
copilot,104.525146,0.8258973940755053
copilot,104.532959,0.8268948471199328
copilot,104.541016,0.8278923001643602
copilot,104.549805,0.8288897532087877
copilot,104.558105,0.8298872062532151
copilot,104.565918,0.8308846592976425
copilot,104.573975,0.8318821123420699
copilot,104.581055,0.8328795653864973
copilot,104.590088,0.8338770184309248
copilot,104.599121,0.8348744714753522
copilot,104.60791,0.8358719245197797
copilot,104.616943,0.8368693775642071
copilot,104.626953,0.8378668306086345
copilot,104.635986,0.838864283653062
copilot,104.646973,0.8398617366974894
copilot,104.657959,0.8408591897419169
copilot,104.667969,0.8418566427863443
copilot,104.677979,0.8428540958307718
copilot,104.687012,0.8438515488751992
copilot,104.698975,0.8448490019196266
copilot,104.709961,0.8458464549640541
copilot,104.721924,0.8468439080084815
copilot,104.73291,0.847841361052909
copilot,104.743896,0.8488388140973364
copilot,104.756836,0.8498362671417637
copilot,104.77002,0.8508337201861912
copilot,104.781982,0.8518311732306186
copilot,104.794922,0.8528286262750461
copilot,104.807129,0.8538260793194735
copilot,104.822021,0.854823532363901
copilot,104.836182,0.8558209854083284
copilot,104.850098,0.8568184384527558
copilot,104.863037,0.8578158914971833
copilot,104.879883,0.8588133445416107
copilot,104.89502,0.8598107975860382
copilot,104.909912,0.8608082506304656
copilot,104.927979,0.8618057036748931
copilot,104.943115,0.8628031567193205
copilot,104.958008,0.863800609763748
copilot,104.978027,0.8647980628081754
copilot,104.998047,0.8657955158526028
copilot,105.019043,0.8667929688970302
copilot,105.036133,0.8677904219414576
copilot,105.056885,0.8687878749858851
copilot,105.074951,0.8697853280303125
copilot,105.0979,0.8707827810747399
copilot,105.124023,0.8717802341191674
copilot,105.149902,0.8727776871635948
copilot,105.180176,0.8737751402080223
copilot,105.209961,0.8747725932524497
copilot,105.244873,0.8757700462968772
copilot,105.27417,0.8767674993413046
copilot,105.312012,0.877764952385732
copilot,105.351807,0.8787624054301595
copilot,105.39502,0.8797598584745869
copilot,105.437012,0.8807573115190144
copilot,105.480225,0.8817547645634418
copilot,105.531006,0.8827522176078693
copilot,105.589111,0.8837496706522967
copilot,105.650146,0.884747123696724
copilot,105.711182,0.8857445767411515
copilot,105.773926,0.8867420297855789
copilot,105.855957,0.8877394828300064
copilot,105.924805,0.8887369358744338
copilot,106.020996,0.8897343889188613
copilot,106.120117,0.8907318419632887
copilot,106.233887,0.8917292950077161
copilot,106.346924,0.8927267480521436
copilot,106.474854,0.893724201096571
copilot,106.607178,0.8947216541409985
copilot,106.741211,0.8957191071854259
copilot,106.897949,0.8967165602298534
copilot,107.040039,0.8977140132742808
copilot,107.24292,0.8987114663187082
copilot,107.454102,0.8997089193631357
copilot,107.670898,0.9007063724075631
copilot,107.911865,0.9017038254519905
copilot,108.144043,0.9027012784964179
copilot,108.38623,0.9036987315408453
copilot,108.679932,0.9046961845852728
copilot,108.947998,0.9056936376297002
copilot,109.295898,0.9066910906741277
copilot,109.718994,0.9076885437185551
copilot,110.196045,0.9086859967629826
copilot,110.711914,0.90968344980741
copilot,111.177979,0.9106809028518374
copilot,111.706055,0.9116783558962649
copilot,112.22583,0.9126758089406923
copilot,112.940918,0.9136732619851198
copilot,113.539062,0.9146707150295472
copilot,114.168945,0.9156681680739747
copilot,114.856201,0.9166656211184021
copilot,115.677979,0.9176630741628296
copilot,116.417969,0.918660527207257
copilot,117.202148,0.9196579802516843
copilot,118.158936,0.9206554332961118
copilot,119.102051,0.9216528863405392
copilot,120.158936,0.9226503393849667
copilot,121.327881,0.9236477924293941
copilot,122.538086,0.9246452454738215
copilot,124.016113,0.925642698518249
copilot,125.797119,0.9266401515626764
copilot,127.115967,0.9276376046071039
copilot,128.602051,0.9286350576515313
copilot,130.116943,0.9296325106959588
copilot,131.547852,0.9306299637403862
copilot,133.313965,0.9316274167848136
copilot,135.364014,0.9326248698292411
copilot,137.704102,0.9336223228736685
copilot,140.118164,0.934619775918096
copilot,143.251953,0.9356172289625234
copilot,146.634033,0.9366146820069507
copilot,151.623779,0.9376121350513782
copilot,156.330078,0.9386095880958056
copilot,160.217041,0.9396070411402331
copilot,161.801025,0.9406044941846605
copilot,164.807129,0.941601947229088
copilot,169.950928,0.9425994002735154
copilot,174.092041,0.9435968533179429
copilot,182.830078,0.9445943063623703
copilot,202.697998,0.9455917594067977
copilot,228.659912,0.9465892124512252
copilot,246.665039,0.9475866654956526
copilot,265.385986,0.9485841185400801
copilot,273.435059,0.9495815715845075
copilot,275.384766,0.950579024628935
copilot,278.062012,0.9515764776733624
copilot,285.073975,0.9525739307177898
copilot,290.538818,0.9535713837622173
copilot,298.006104,0.9545688368066446
copilot,299.285889,0.9555662898510721
copilot,299.606201,0.9565637428954995
copilot,300.518066,0.957561195939927
copilot,304.687988,0.9585586489843544
copilot,315.190918,0.9595561020287818
copilot,321.689941,0.9605535550732093
copilot,324.560059,0.9615510081176367
copilot,327.349121,0.9625484611620642
copilot,330.024902,0.9635459142064916
copilot,345.10791,0.964543367250919
copilot,385.501953,0.9655408202953465
copilot,389.876953,0.9665382733397739
copilot,421.793945,0.9675357263842014
copilot,468.711182,0.9685331794286288
copilot,489.62207,0.9695306324730563
copilot,526.768066,0.9705280855174837
copilot,559.292969,0.971525538561911
copilot,575.261963,0.9725229916063385
copilot,578.413086,0.9735204446507659
copilot,582.086914,0.9745178976951934
copilot,584.486084,0.9755153507396208
copilot,586.341064,0.9765128037840483
copilot,591.649902,0.9775102568284757
copilot,595.360107,0.9785077098729031
copilot,598.022949,0.9795051629173306
copilot,599.933838,0.980502615961758
copilot,602.111084,0.9815000690061855
copilot,618.614014,0.9824975220506129
copilot,658.852051,0.9834949750950404
copilot,698.558105,0.9844924281394678
copilot,731.413086,0.9854898811838952
copilot,764.583008,0.9864873342283227
copilot,778.151855,0.9874847872727501
copilot,788.795166,0.9884822403171776
copilot,823.281006,0.9894796933616049
copilot,865.281982,0.9904771464060323
copilot,940.554932,0.9914745994504598
copilot,1099.176025,0.9924720524948872
copilot,1142.765869,0.9934695055393147
copilot,1145.781006,0.9944669585837421
copilot,1148.604004,0.9954644116281696
copilot,1152.942871,0.996461864672597
copilot,1198.359131,0.9974593177170245
copilot,1199.845947,0.9984567707614519
copilot,1201.219971,0.9994542238058793
jp-copilot-fp0,81.253174,6.26150551638636e-06
jp-copilot-fp0,83.098145,0.0010018408826218176
jp-copilot-fp0,84.880859,0.001997420259727249
jp-copilot-fp0,89.021973,0.00299299963683268
jp-copilot-fp0,92.887939,0.003988579013938111
jp-copilot-fp0,94.802002,0.004984158391043543
jp-copilot-fp0,96.183838,0.005979737768148974
jp-copilot-fp0,97.362061,0.006975317145254405
jp-copilot-fp0,98.403076,0.007970896522359836
jp-copilot-fp0,99.086914,0.008966475899465268
jp-copilot-fp0,99.595947,0.009962055276570698
jp-copilot-fp0,100.10791,0.01095763465367613
jp-copilot-fp0,100.484863,0.011953214030781562
jp-copilot-fp0,100.855957,0.012948793407886992
jp-copilot-fp0,101.096924,0.013944372784992424
jp-copilot-fp0,101.300049,0.014939952162097855
jp-copilot-fp0,101.430908,0.015935531539203285
jp-copilot-fp0,101.551025,0.016931110916308716
jp-copilot-fp0,101.62207,0.01792669029341415
jp-copilot-fp0,101.692139,0.01892226967051958
jp-copilot-fp0,101.743896,0.01991784904762501
jp-copilot-fp0,101.790039,0.020913428424730443
jp-copilot-fp0,101.824951,0.021909007801835873
jp-copilot-fp0,101.865967,0.022904587178941303
jp-copilot-fp0,101.896973,0.023900166556046737
jp-copilot-fp0,101.926025,0.024895745933152167
jp-copilot-fp0,101.952148,0.025891325310257597
jp-copilot-fp0,101.971924,0.02688690468736303
jp-copilot-fp0,101.991943,0.02788248406446846
jp-copilot-fp0,102.01001,0.02887806344157389
jp-copilot-fp0,102.028076,0.029873642818679325
jp-copilot-fp0,102.044922,0.030869222195784755
jp-copilot-fp0,102.063965,0.031864801572890185
jp-copilot-fp0,102.079102,0.03286038094999562
jp-copilot-fp0,102.093018,0.033855960327101045
jp-copilot-fp0,102.10791,0.03485153970420648
jp-copilot-fp0,102.122803,0.03584711908131191
jp-copilot-fp0,102.138184,0.03684269845841734
jp-copilot-fp0,102.150879,0.03783827783552277
jp-copilot-fp0,102.165039,0.038833857212628206
jp-copilot-fp0,102.176025,0.03982943658973363
jp-copilot-fp0,102.188965,0.040825015966839066
jp-copilot-fp0,102.202148,0.0418205953439445
jp-copilot-fp0,102.213135,0.04281617472104993
jp-copilot-fp0,102.2229,0.04381175409815536
jp-copilot-fp0,102.235107,0.044807333475260794
jp-copilot-fp0,102.24585,0.04580291285236622
jp-copilot-fp0,102.255127,0.046798492229471654
jp-copilot-fp0,102.266846,0.04779407160657709
jp-copilot-fp0,102.276855,0.048789650983682514
jp-copilot-fp0,102.284912,0.04978523036078795
jp-copilot-fp0,102.293945,0.05078080973789338
jp-copilot-fp0,102.303955,0.05177638911499881
jp-copilot-fp0,102.312012,0.05277196849210424
jp-copilot-fp0,102.320068,0.053767547869209675
jp-copilot-fp0,102.328125,0.0547631272463151
jp-copilot-fp0,102.335938,0.055758706623420536
jp-copilot-fp0,102.343994,0.05675428600052597
jp-copilot-fp0,102.352051,0.057749865377631396
jp-copilot-fp0,102.359131,0.05874544475473683
jp-copilot-fp0,102.36792,0.05974102413184226
jp-copilot-fp0,102.375,0.06073660350894769
jp-copilot-fp0,102.384033,0.06173218288605312
jp-copilot-fp0,102.390137,0.06272776226315856
jp-copilot-fp0,102.396973,0.06372334164026398
jp-copilot-fp0,102.404785,0.06471892101736941
jp-copilot-fp0,102.411133,0.06571450039447485
jp-copilot-fp0,102.417969,0.06671007977158028
jp-copilot-fp0,102.425049,0.0677056591486857
jp-copilot-fp0,102.432129,0.06870123852579114
jp-copilot-fp0,102.439941,0.06969681790289657
jp-copilot-fp0,102.446045,0.070692397280002
jp-copilot-fp0,102.451904,0.07168797665710744
jp-copilot-fp0,102.458008,0.07268355603421287
jp-copilot-fp0,102.463135,0.07367913541131829
jp-copilot-fp0,102.468994,0.07467471478842373
jp-copilot-fp0,102.474854,0.07567029416552916
jp-copilot-fp0,102.480957,0.07666587354263459
jp-copilot-fp0,102.487061,0.07766145291974003
jp-copilot-fp0,102.493164,0.07865703229684545
jp-copilot-fp0,102.5,0.07965261167395088
jp-copilot-fp0,102.504883,0.08064819105105632
jp-copilot-fp0,102.51001,0.08164377042816175
jp-copilot-fp0,102.516113,0.08263934980526717
jp-copilot-fp0,102.520996,0.08363492918237261
jp-copilot-fp0,102.526123,0.08463050855947804
jp-copilot-fp0,102.531006,0.08562608793658347
jp-copilot-fp0,102.536133,0.08662166731368891
jp-copilot-fp0,102.541016,0.08761724669079433
jp-copilot-fp0,102.545898,0.08861282606789976
jp-copilot-fp0,102.551025,0.0896084054450052
jp-copilot-fp0,102.555176,0.09060398482211063
jp-copilot-fp0,102.560059,0.09159956419921605
jp-copilot-fp0,102.563965,0.0925951435763215
jp-copilot-fp0,102.569092,0.09359072295342692
jp-copilot-fp0,102.574219,0.09458630233053235
jp-copilot-fp0,102.578857,0.09558188170763779
jp-copilot-fp0,102.583984,0.09657746108474322
jp-copilot-fp0,102.589111,0.09757304046184864
jp-copilot-fp0,102.593994,0.09856861983895408
jp-copilot-fp0,102.599121,0.09956419921605951
jp-copilot-fp0,102.603027,0.10055977859316494
jp-copilot-fp0,102.607178,0.10155535797027038
jp-copilot-fp0,102.611084,0.1025509373473758
jp-copilot-fp0,102.615967,0.10354651672448123
jp-copilot-fp0,102.62085,0.10454209610158667
jp-copilot-fp0,102.624023,0.1055376754786921
jp-copilot-fp0,102.628906,0.10653325485579752
jp-copilot-fp0,102.633057,0.10752883423290296
jp-copilot-fp0,102.636963,0.10852441361000839
jp-copilot-fp0,102.641846,0.10951999298711382
jp-copilot-fp0,102.645996,0.11051557236421926
jp-copilot-fp0,102.650146,0.11151115174132468
jp-copilot-fp0,102.654053,0.11250673111843011
jp-copilot-fp0,102.657959,0.11350231049553555
jp-copilot-fp0,102.662842,0.11449788987264098
jp-copilot-fp0,102.666992,0.1154934692497464
jp-copilot-fp0,102.671143,0.11648904862685185
jp-copilot-fp0,102.676025,0.11748462800395727
jp-copilot-fp0,102.679932,0.1184802073810627
jp-copilot-fp0,102.684082,0.11947578675816814
jp-copilot-fp0,102.687988,0.12047136613527357
jp-copilot-fp0,102.692139,0.121466945512379
jp-copilot-fp0,102.696777,0.12246252488948443
jp-copilot-fp0,102.700928,0.12345810426658986
jp-copilot-fp0,102.704834,0.12445368364369529
jp-copilot-fp0,102.708984,0.12544926302080073
jp-copilot-fp0,102.712891,0.12644484239790615
jp-copilot-fp0,102.716064,0.12744042177501158
jp-copilot-fp0,102.719971,0.128436001152117
jp-copilot-fp0,102.723877,0.12943158052922243
jp-copilot-fp0,102.727051,0.1304271599063279
jp-copilot-fp0,102.730957,0.13142273928343332
jp-copilot-fp0,102.735107,0.13241831866053874
jp-copilot-fp0,102.739014,0.13341389803764417
jp-copilot-fp0,102.74292,0.1344094774147496
jp-copilot-fp0,102.746094,0.13540505679185502
jp-copilot-fp0,102.75,0.13640063616896048
jp-copilot-fp0,102.75415,0.1373962155460659
jp-copilot-fp0,102.757812,0.13839179492317133
jp-copilot-fp0,102.760986,0.13938737430027676
jp-copilot-fp0,102.76416,0.14038295367738218
jp-copilot-fp0,102.767822,0.1413785330544876
jp-copilot-fp0,102.770996,0.14237411243159306
jp-copilot-fp0,102.774902,0.1433696918086985
jp-copilot-fp0,102.778809,0.14436527118580392
jp-copilot-fp0,102.781982,0.14536085056290934
jp-copilot-fp0,102.786133,0.14635642994001477
jp-copilot-fp0,102.790039,0.1473520093171202
jp-copilot-fp0,102.793213,0.14834758869422565
jp-copilot-fp0,102.796875,0.14934316807133108
jp-copilot-fp0,102.800049,0.1503387474484365
jp-copilot-fp0,102.803223,0.15133432682554193
jp-copilot-fp0,102.806152,0.15232990620264736
jp-copilot-fp0,102.810059,0.15332548557975278
jp-copilot-fp0,102.812988,0.15432106495685824
jp-copilot-fp0,102.817139,0.15531664433396367
jp-copilot-fp0,102.821045,0.1563122237110691
jp-copilot-fp0,102.824951,0.15730780308817452
jp-copilot-fp0,102.828125,0.15830338246527995
jp-copilot-fp0,102.832031,0.15929896184238537
jp-copilot-fp0,102.835205,0.16029454121949083
jp-copilot-fp0,102.838135,0.16129012059659625
jp-copilot-fp0,102.842041,0.16228569997370168
jp-copilot-fp0,102.843994,0.1632812793508071
jp-copilot-fp0,102.8479,0.16427685872791253
jp-copilot-fp0,102.851074,0.16527243810501796
jp-copilot-fp0,102.85498,0.16626801748212341
jp-copilot-fp0,102.85791,0.16726359685922884
jp-copilot-fp0,102.861084,0.16825917623633427
jp-copilot-fp0,102.864014,0.1692547556134397
jp-copilot-fp0,102.867188,0.17025033499054512
jp-copilot-fp0,102.87085,0.17124591436765055
jp-copilot-fp0,102.874023,0.172241493744756
jp-copilot-fp0,102.876953,0.17323707312186143
jp-copilot-fp0,102.880127,0.17423265249896686
jp-copilot-fp0,102.883057,0.17522823187607228
jp-copilot-fp0,102.886963,0.1762238112531777
jp-copilot-fp0,102.88916,0.17721939063028314
jp-copilot-fp0,102.893066,0.1782149700073886
jp-copilot-fp0,102.895996,0.17921054938449402
jp-copilot-fp0,102.898926,0.18020612876159944
jp-copilot-fp0,102.901855,0.18120170813870487
jp-copilot-fp0,102.904053,0.1821972875158103
jp-copilot-fp0,102.907959,0.18319286689291572
jp-copilot-fp0,102.910889,0.18418844627002118
jp-copilot-fp0,102.914062,0.1851840256471266
jp-copilot-fp0,102.916992,0.18617960502423203
jp-copilot-fp0,102.919189,0.18717518440133746
jp-copilot-fp0,102.922119,0.18817076377844288
jp-copilot-fp0,102.925049,0.1891663431555483
jp-copilot-fp0,102.927979,0.19016192253265374
jp-copilot-fp0,102.931885,0.1911575019097592
jp-copilot-fp0,102.934082,0.19215308128686462
jp-copilot-fp0,102.937012,0.19314866066397005
jp-copilot-fp0,102.939941,0.19414424004107547
jp-copilot-fp0,102.942871,0.1951398194181809
jp-copilot-fp0,102.945068,0.19613539879528633
jp-copilot-fp0,102.948975,0.19713097817239178
jp-copilot-fp0,102.951172,0.1981265575494972
jp-copilot-fp0,102.954102,0.19912213692660263
jp-copilot-fp0,102.957031,0.20011771630370806
jp-copilot-fp0,102.959961,0.2011132956808135
jp-copilot-fp0,102.962158,0.2021088750579189
jp-copilot-fp0,102.965088,0.20310445443502437
jp-copilot-fp0,102.968018,0.2041000338121298
jp-copilot-fp0,102.970947,0.20509561318923522
jp-copilot-fp0,102.974121,0.20609119256634065
jp-copilot-fp0,102.977051,0.20708677194344607
jp-copilot-fp0,102.97998,0.2080823513205515
jp-copilot-fp0,102.98291,0.20907793069765696
jp-copilot-fp0,102.98584,0.21007351007476238
jp-copilot-fp0,102.989014,0.2110690894518678
jp-copilot-fp0,102.991943,0.21206466882897324
jp-copilot-fp0,102.993896,0.21306024820607866
jp-copilot-fp0,102.996826,0.2140558275831841
jp-copilot-fp0,102.999023,0.21505140696028954
jp-copilot-fp0,103.001953,0.21604698633739497
jp-copilot-fp0,103.00415,0.2170425657145004
jp-copilot-fp0,103.00708,0.21803814509160582
jp-copilot-fp0,103.009033,0.21903372446871125
jp-copilot-fp0,103.011963,0.22002930384581668
jp-copilot-fp0,103.014893,0.22102488322292213
jp-copilot-fp0,103.017822,0.22202046260002756
jp-copilot-fp0,103.02002,0.22301604197713298
jp-copilot-fp0,103.022949,0.2240116213542384
jp-copilot-fp0,103.025879,0.22500720073134384
jp-copilot-fp0,103.028809,0.22600278010844926
jp-copilot-fp0,103.031006,0.22699835948555472
jp-copilot-fp0,103.032959,0.22799393886266014
jp-copilot-fp0,103.036133,0.22898951823976557
jp-copilot-fp0,103.038818,0.229985097616871
jp-copilot-fp0,103.041016,0.23098067699397642
jp-copilot-fp0,103.043945,0.23197625637108185
jp-copilot-fp0,103.046143,0.2329718357481873
jp-copilot-fp0,103.048828,0.23396741512529273
jp-copilot-fp0,103.051025,0.23496299450239816
jp-copilot-fp0,103.053955,0.23595857387950359
jp-copilot-fp0,103.056152,0.236954153256609
jp-copilot-fp0,103.059082,0.23794973263371444
jp-copilot-fp0,103.061035,0.2389453120108199
jp-copilot-fp0,103.063965,0.23994089138792532
jp-copilot-fp0,103.066895,0.24093647076503075
jp-copilot-fp0,103.069092,0.24193205014213617
jp-copilot-fp0,103.072021,0.2429276295192416
jp-copilot-fp0,103.074951,0.24392320889634703
jp-copilot-fp0,103.076904,0.24491878827345248
jp-copilot-fp0,103.079102,0.2459143676505579
jp-copilot-fp0,103.081787,0.24690994702766333
jp-copilot-fp0,103.083984,0.24790552640476876
jp-copilot-fp0,103.086914,0.2489011057818742
jp-copilot-fp0,103.089111,0.24989668515897961
jp-copilot-fp0,103.092041,0.25089226453608504
jp-copilot-fp0,103.093994,0.25188784391319047
jp-copilot-fp0,103.096924,0.2528834232902959
jp-copilot-fp0,103.099121,0.2538790026674014
jp-copilot-fp0,103.101807,0.2548745820445068
jp-copilot-fp0,103.104004,0.25587016142161223
jp-copilot-fp0,103.106201,0.25686574079871766
jp-copilot-fp0,103.109131,0.2578613201758231
jp-copilot-fp0,103.111816,0.2588568995529285
jp-copilot-fp0,103.114014,0.25985247893003394
jp-copilot-fp0,103.115967,0.26084805830713936
jp-copilot-fp0,103.118896,0.2618436376842448
jp-copilot-fp0,103.121094,0.2628392170613502
jp-copilot-fp0,103.123779,0.26383479643845564
jp-copilot-fp0,103.125977,0.26483037581556107
jp-copilot-fp0,103.128174,0.26582595519266655
jp-copilot-fp0,103.130859,0.266821534569772
jp-copilot-fp0,103.133057,0.2678171139468774
jp-copilot-fp0,103.135986,0.26881269332398283
jp-copilot-fp0,103.137939,0.26980827270108826
jp-copilot-fp0,103.140137,0.2708038520781937
jp-copilot-fp0,103.142822,0.2717994314552991
jp-copilot-fp0,103.14502,0.27279501083240454
jp-copilot-fp0,103.146973,0.27379059020950997
jp-copilot-fp0,103.14917,0.2747861695866154
jp-copilot-fp0,103.1521,0.2757817489637208
jp-copilot-fp0,103.154053,0.27677732834082625
jp-copilot-fp0,103.156982,0.27777290771793167
jp-copilot-fp0,103.158936,0.27876848709503715
jp-copilot-fp0,103.161865,0.2797640664721426
jp-copilot-fp0,103.164062,0.280759645849248
jp-copilot-fp0,103.166016,0.28175522522635343
jp-copilot-fp0,103.168945,0.28275080460345886
jp-copilot-fp0,103.170898,0.2837463839805643
jp-copilot-fp0,103.173828,0.2847419633576697
jp-copilot-fp0,103.176025,0.28573754273477514
jp-copilot-fp0,103.178955,0.28673312211188057
jp-copilot-fp0,103.181152,0.287728701488986
jp-copilot-fp0,103.183838,0.2887242808660914
jp-copilot-fp0,103.186035,0.28971986024319685
jp-copilot-fp0,103.187988,0.29071543962030233
jp-copilot-fp0,103.190186,0.29171101899740776
jp-copilot-fp0,103.192871,0.2927065983745132
jp-copilot-fp0,103.195068,0.2937021777516186
jp-copilot-fp0,103.197021,0.29469775712872404
jp-copilot-fp0,103.198975,0.29569333650582946
jp-copilot-fp0,103.201904,0.2966889158829349
jp-copilot-fp0,103.204102,0.2976844952600403
jp-copilot-fp0,103.206055,0.29868007463714574
jp-copilot-fp0,103.208008,0.29967565401425117
jp-copilot-fp0,103.210938,0.3006712333913566
jp-copilot-fp0,103.213867,0.301666812768462
jp-copilot-fp0,103.21582,0.3026623921455675
jp-copilot-fp0,103.218018,0.30365797152267293
jp-copilot-fp0,103.220215,0.30465355089977836
jp-copilot-fp0,103.222168,0.3056491302768838
jp-copilot-fp0,103.225098,0.3066447096539892
jp-copilot-fp0,103.227783,0.30764028903109464
jp-copilot-fp0,103.22998,0.30863586840820006
jp-copilot-fp0,103.231934,0.3096314477853055
jp-copilot-fp0,103.233887,0.3106270271624109
jp-copilot-fp0,103.236084,0.31162260653951634
jp-copilot-fp0,103.23877,0.31261818591662177
jp-copilot-fp0,103.240967,0.3136137652937272
jp-copilot-fp0,103.243164,0.3146093446708327
jp-copilot-fp0,103.24585,0.3156049240479381
jp-copilot-fp0,103.248047,0.31660050342504353
jp-copilot-fp0,103.25,0.31759608280214896
jp-copilot-fp0,103.25293,0.3185916621792544
jp-copilot-fp0,103.254883,0.3195872415563598
jp-copilot-fp0,103.256836,0.32058282093346524
jp-copilot-fp0,103.259033,0.32157840031057067
jp-copilot-fp0,103.26123,0.3225739796876761
jp-copilot-fp0,103.263916,0.3235695590647815
jp-copilot-fp0,103.266113,0.32456513844188695
jp-copilot-fp0,103.268066,0.3255607178189924
jp-copilot-fp0,103.270996,0.32655629719609786
jp-copilot-fp0,103.272949,0.3275518765732033
jp-copilot-fp0,103.275146,0.3285474559503087
jp-copilot-fp0,103.278076,0.32954303532741414
jp-copilot-fp0,103.281006,0.33053861470451956
jp-copilot-fp0,103.282959,0.331534194081625
jp-copilot-fp0,103.285156,0.3325297734587304
jp-copilot-fp0,103.287109,0.33352535283583584
jp-copilot-fp0,103.290039,0.33452093221294127
jp-copilot-fp0,103.291992,0.3355165115900467
jp-copilot-fp0,103.294189,0.3365120909671521
jp-copilot-fp0,103.296875,0.33750767034425755
jp-copilot-fp0,103.299072,0.33850324972136303
jp-copilot-fp0,103.301025,0.33949882909846846
jp-copilot-fp0,103.303955,0.3404944084755739
jp-copilot-fp0,103.305908,0.3414899878526793
jp-copilot-fp0,103.308105,0.34248556722978474
jp-copilot-fp0,103.310059,0.34348114660689016
jp-copilot-fp0,103.312012,0.3444767259839956
jp-copilot-fp0,103.313965,0.345472305361101
jp-copilot-fp0,103.316895,0.34646788473820644
jp-copilot-fp0,103.319092,0.34746346411531187
jp-copilot-fp0,103.322021,0.3484590434924173
jp-copilot-fp0,103.323975,0.3494546228695227
jp-copilot-fp0,103.326904,0.3504502022466282
jp-copilot-fp0,103.328857,0.35144578162373363
jp-copilot-fp0,103.331055,0.35244136100083906
jp-copilot-fp0,103.333008,0.3534369403779445
jp-copilot-fp0,103.335205,0.3544325197550499
jp-copilot-fp0,103.337891,0.35542809913215534
jp-copilot-fp0,103.339844,0.35642367850926077
jp-copilot-fp0,103.342041,0.3574192578863662
jp-copilot-fp0,103.343994,0.3584148372634716
jp-copilot-fp0,103.346191,0.35941041664057705
jp-copilot-fp0,103.348877,0.3604059960176825
jp-copilot-fp0,103.351074,0.3614015753947879
jp-copilot-fp0,103.353027,0.3623971547718934
jp-copilot-fp0,103.355957,0.3633927341489988
jp-copilot-fp0,103.358154,0.36438831352610423
jp-copilot-fp0,103.360107,0.36538389290320966
jp-copilot-fp0,103.363037,0.3663794722803151
jp-copilot-fp0,103.36499,0.3673750516574205
jp-copilot-fp0,103.366943,0.36837063103452594
jp-copilot-fp0,103.369141,0.36936621041163137
jp-copilot-fp0,103.371094,0.3703617897887368
jp-copilot-fp0,103.374023,0.3713573691658422
jp-copilot-fp0,103.375977,0.37235294854294765
jp-copilot-fp0,103.37793,0.3733485279200531
jp-copilot-fp0,103.380127,0.3743441072971585
jp-copilot-fp0,103.382812,0.375339686674264
jp-copilot-fp0,103.384033,0.3763352660513694
jp-copilot-fp0,103.386963,0.37733084542847484
jp-copilot-fp0,103.388916,0.37832642480558026
jp-copilot-fp0,103.390869,0.3793220041826857
jp-copilot-fp0,103.393066,0.3803175835597911
jp-copilot-fp0,103.39502,0.38131316293689654
jp-copilot-fp0,103.397949,0.38230874231400197
jp-copilot-fp0,103.399902,0.3833043216911074
jp-copilot-fp0,103.4021,0.3842999010682128
jp-copilot-fp0,103.404053,0.38529548044531825
jp-copilot-fp0,103.406982,0.3862910598224237
jp-copilot-fp0,103.408936,0.38728663919952916
jp-copilot-fp0,103.411133,0.3882822185766346
jp-copilot-fp0,103.414062,0.38927779795374
jp-copilot-fp0,103.416016,0.39027337733084544
jp-copilot-fp0,103.417969,0.39126895670795087
jp-copilot-fp0,103.420166,0.3922645360850563
jp-copilot-fp0,103.422852,0.3932601154621617
jp-copilot-fp0,103.425049,0.39425569483926715
jp-copilot-fp0,103.427002,0.3952512742163726
jp-copilot-fp0,103.428955,0.396246853593478
jp-copilot-fp0,103.431152,0.3972424329705834
jp-copilot-fp0,103.433105,0.39823801234768885
jp-copilot-fp0,103.435059,0.39923359172479433
jp-copilot-fp0,103.437012,0.40022917110189976
jp-copilot-fp0,103.439209,0.4012247504790052
jp-copilot-fp0,103.441895,0.4022203298561106
jp-copilot-fp0,103.444092,0.40321590923321604
jp-copilot-fp0,103.446045,0.40421148861032147
jp-copilot-fp0,103.447998,0.4052070679874269
jp-copilot-fp0,103.450928,0.4062026473645323
jp-copilot-fp0,103.452881,0.40719822674163775
jp-copilot-fp0,103.455078,0.4081938061187432
jp-copilot-fp0,103.457031,0.4091893854958486
jp-copilot-fp0,103.458984,0.410184964872954
jp-copilot-fp0,103.460938,0.4111805442500595
jp-copilot-fp0,103.463135,0.41217612362716494
jp-copilot-fp0,103.46582,0.41317170300427036
jp-copilot-fp0,103.468018,0.4141672823813758
jp-copilot-fp0,103.470215,0.4151628617584812
jp-copilot-fp0,103.4729,0.41615844113558664
jp-copilot-fp0,103.474854,0.41715402051269207
jp-copilot-fp0,103.476807,0.4181495998897975
jp-copilot-fp0,103.479004,0.4191451792669029
jp-copilot-fp0,103.481934,0.42014075864400835
jp-copilot-fp0,103.484131,0.4211363380211138
jp-copilot-fp0,103.486084,0.4221319173982192
jp-copilot-fp0,103.488037,0.4231274967753247
jp-copilot-fp0,103.48999,0.4241230761524301
jp-copilot-fp0,103.492188,0.42511865552953554
jp-copilot-fp0,103.494141,0.42611423490664097
jp-copilot-fp0,103.496826,0.4271098142837464
jp-copilot-fp0,103.499023,0.4281053936608518
jp-copilot-fp0,103.500977,0.42910097303795725
jp-copilot-fp0,103.50293,0.43009655241506267
jp-copilot-fp0,103.505127,0.4310921317921681
jp-copilot-fp0,103.50708,0.4320877111692735
jp-copilot-fp0,103.51001,0.43308329054637895
jp-copilot-fp0,103.511963,0.4340788699234844
jp-copilot-fp0,103.513916,0.43507444930058986
jp-copilot-fp0,103.515869,0.4360700286776953
jp-copilot-fp0,103.518066,0.4370656080548007
jp-copilot-fp0,103.52002,0.43806118743190614
jp-copilot-fp0,103.521973,0.43905676680901157
jp-copilot-fp0,103.52417,0.440052346186117
jp-copilot-fp0,103.526123,0.4410479255632224
jp-copilot-fp0,103.528809,0.44204350494032785
jp-copilot-fp0,103.531006,0.4430390843174333
jp-copilot-fp0,103.532959,0.4440346636945387
jp-copilot-fp0,103.535156,0.4450302430716441
jp-copilot-fp0,103.537109,0.44602582244874955
jp-copilot-fp0,103.539062,0.44702140182585504
jp-copilot-fp0,103.541016,0.44801698120296046
jp-copilot-fp0,103.543945,0.4490125605800659
jp-copilot-fp0,103.545898,0.4500081399571713
jp-copilot-fp0,103.547852,0.45100371933427674
jp-copilot-fp0,103.550049,0.45199929871138217
jp-copilot-fp0,103.552002,0.4529948780884876
jp-copilot-fp0,103.554932,0.453990457465593
jp-copilot-fp0,103.556885,0.45498603684269845
jp-copilot-fp0,103.559082,0.4559816162198039
jp-copilot-fp0,103.561035,0.4569771955969093
jp-copilot-fp0,103.562988,0.45797277497401473
jp-copilot-fp0,103.564941,0.45896835435112016
jp-copilot-fp0,103.567139,0.45996393372822564
jp-copilot-fp0,103.569092,0.46095951310533106
jp-copilot-fp0,103.571777,0.4619550924824365
jp-copilot-fp0,103.572998,0.4629506718595419
jp-copilot-fp0,103.575928,0.46394625123664734
jp-copilot-fp0,103.578125,0.46494183061375277
jp-copilot-fp0,103.580078,0.4659374099908582
jp-copilot-fp0,103.582031,0.4669329893679636
jp-copilot-fp0,103.584961,0.46792856874506905
jp-copilot-fp0,103.587158,0.4689241481221745
jp-copilot-fp0,103.589111,0.4699197274992799
jp-copilot-fp0,103.592041,0.47091530687638533
jp-copilot-fp0,103.593994,0.4719108862534908
jp-copilot-fp0,103.596924,0.47290646563059624
jp-copilot-fp0,103.598877,0.47390204500770167
jp-copilot-fp0,103.601074,0.4748976243848071
jp-copilot-fp0,103.603027,0.4758932037619125
jp-copilot-fp0,103.605957,0.47688878313901795
jp-copilot-fp0,103.60791,0.4778843625161234
jp-copilot-fp0,103.610107,0.4788799418932288
jp-copilot-fp0,103.613037,0.4798755212703342
jp-copilot-fp0,103.61499,0.48087110064743965
jp-copilot-fp0,103.617188,0.4818666800245451
jp-copilot-fp0,103.619873,0.4828622594016505
jp-copilot-fp0,103.621094,0.483857838778756
jp-copilot-fp0,103.624023,0.4848534181558614
jp-copilot-fp0,103.625977,0.48584899753296684
jp-copilot-fp0,103.62793,0.48684457691007227
jp-copilot-fp0,103.630127,0.4878401562871777
jp-copilot-fp0,103.632812,0.4888357356642831
jp-copilot-fp0,103.63501,0.48983131504138855
jp-copilot-fp0,103.636963,0.490826894418494
jp-copilot-fp0,103.63916,0.4918224737955994
jp-copilot-fp0,103.641846,0.49281805317270483
jp-copilot-fp0,103.644043,0.49381363254981026
jp-copilot-fp0,103.645996,0.4948092119269157
jp-copilot-fp0,103.648193,0.49580479130402116
jp-copilot-fp0,103.650879,0.4968003706811266
jp-copilot-fp0,103.653076,0.497795950058232
jp-copilot-fp0,103.655029,0.49879152943533744
jp-copilot-fp0,103.656982,0.49978710881244287
jp-copilot-fp0,103.658936,0.5007826881895483
jp-copilot-fp0,103.661133,0.5017782675666538
jp-copilot-fp0,103.663086,0.5027738469437592
jp-copilot-fp0,103.666016,0.5037694263208646
jp-copilot-fp0,103.667969,0.50476500569797
jp-copilot-fp0,103.670166,0.5057605850750755
jp-copilot-fp0,103.672119,0.5067561644521809
jp-copilot-fp0,103.674805,0.5077517438292863
jp-copilot-fp0,103.677002,0.5087473232063917
jp-copilot-fp0,103.678955,0.5097429025834972
jp-copilot-fp0,103.680908,0.5107384819606026
jp-copilot-fp0,103.683105,0.511734061337708
jp-copilot-fp0,103.685059,0.5127296407148134
jp-copilot-fp0,103.687012,0.5137252200919189
jp-copilot-fp0,103.689941,0.5147207994690244
jp-copilot-fp0,103.692139,0.5157163788461298
jp-copilot-fp0,103.694092,0.5167119582232352
jp-copilot-fp0,103.697021,0.5177075376003406
jp-copilot-fp0,103.698975,0.5187031169774461
jp-copilot-fp0,103.701172,0.5196986963545515
jp-copilot-fp0,103.703857,0.5206942757316569
jp-copilot-fp0,103.706055,0.5216898551087623
jp-copilot-fp0,103.708008,0.5226854344858678
jp-copilot-fp0,103.709961,0.5236810138629732
jp-copilot-fp0,103.712891,0.5246765932400786
jp-copilot-fp0,103.714844,0.5256721726171841
jp-copilot-fp0,103.717041,0.5266677519942895
jp-copilot-fp0,103.718994,0.527663331371395
jp-copilot-fp0,103.720947,0.5286589107485004
jp-copilot-fp0,103.723145,0.5296544901256058
jp-copilot-fp0,103.72583,0.5306500695027112
jp-copilot-fp0,103.728027,0.5316456488798167
jp-copilot-fp0,103.72998,0.5326412282569221
jp-copilot-fp0,103.731934,0.5336368076340275
jp-copilot-fp0,103.734131,0.5346323870111329
jp-copilot-fp0,103.737061,0.5356279663882384
jp-copilot-fp0,103.739014,0.5366235457653438
jp-copilot-fp0,103.741943,0.5376191251424493
jp-copilot-fp0,103.744141,0.5386147045195547
jp-copilot-fp0,103.746094,0.5396102838966601
jp-copilot-fp0,103.748047,0.5406058632737656
jp-copilot-fp0,103.750977,0.541601442650871
jp-copilot-fp0,103.753174,0.5425970220279764
jp-copilot-fp0,103.755127,0.5435926014050818
jp-copilot-fp0,103.757812,0.5445881807821873
jp-copilot-fp0,103.76001,0.5455837601592927
jp-copilot-fp0,103.761963,0.5465793395363981
jp-copilot-fp0,103.764893,0.5475749189135035
jp-copilot-fp0,103.76709,0.548570498290609
jp-copilot-fp0,103.77002,0.5495660776677144
jp-copilot-fp0,103.771973,0.5505616570448199
jp-copilot-fp0,103.773926,0.5515572364219253
jp-copilot-fp0,103.776123,0.5525528157990307
jp-copilot-fp0,103.778809,0.5535483951761362
jp-copilot-fp0,103.781006,0.5545439745532416
jp-copilot-fp0,103.782959,0.555539553930347
jp-copilot-fp0,103.785156,0.5565351333074524
jp-copilot-fp0,103.788086,0.5575307126845579
jp-copilot-fp0,103.790039,0.5585262920616633
jp-copilot-fp0,103.792969,0.5595218714387687
jp-copilot-fp0,103.794922,0.5605174508158741
jp-copilot-fp0,103.797119,0.5615130301929796
jp-copilot-fp0,103.800049,0.5625086095700851
jp-copilot-fp0,103.802002,0.5635041889471905
jp-copilot-fp0,103.804199,0.5644997683242959
jp-copilot-fp0,103.806885,0.5654953477014013
jp-copilot-fp0,103.808838,0.5664909270785068
jp-copilot-fp0,103.811035,0.5674865064556122
jp-copilot-fp0,103.812988,0.5684820858327176
jp-copilot-fp0,103.815918,0.569477665209823
jp-copilot-fp0,103.818848,0.5704732445869285
jp-copilot-fp0,103.821045,0.5714688239640339
jp-copilot-fp0,103.823975,0.5724644033411393
jp-copilot-fp0,103.825928,0.5734599827182447
jp-copilot-fp0,103.828857,0.5744555620953502
jp-copilot-fp0,103.831055,0.5754511414724557
jp-copilot-fp0,103.833008,0.5764467208495611
jp-copilot-fp0,103.835938,0.5774423002266665
jp-copilot-fp0,103.838135,0.5784378796037719
jp-copilot-fp0,103.841064,0.5794334589808774
jp-copilot-fp0,103.843018,0.5804290383579828
jp-copilot-fp0,103.845947,0.5814246177350882
jp-copilot-fp0,103.848877,0.5824201971121936
jp-copilot-fp0,103.851074,0.5834157764892991
jp-copilot-fp0,103.853027,0.5844113558664045
jp-copilot-fp0,103.855225,0.58540693524351
jp-copilot-fp0,103.85791,0.5864025146206154
jp-copilot-fp0,103.860107,0.5873980939977208
jp-copilot-fp0,103.863037,0.5883936733748263
jp-copilot-fp0,103.86499,0.5893892527519317
jp-copilot-fp0,103.86792,0.5903848321290371
jp-copilot-fp0,103.870117,0.5913804115061425
jp-copilot-fp0,103.873047,0.592375990883248
jp-copilot-fp0,103.875977,0.5933715702603534
jp-copilot-fp0,103.87793,0.5943671496374588
jp-copilot-fp0,103.880859,0.5953627290145642
jp-copilot-fp0,103.883057,0.5963583083916697
jp-copilot-fp0,103.885986,0.5973538877687751
jp-copilot-fp0,103.887939,0.5983494671458806
jp-copilot-fp0,103.890137,0.599345046522986
jp-copilot-fp0,103.892822,0.6003406259000914
jp-copilot-fp0,103.89502,0.6013362052771969
jp-copilot-fp0,103.897949,0.6023317846543023
jp-copilot-fp0,103.900146,0.6033273640314077
jp-copilot-fp0,103.902832,0.6043229434085131
jp-copilot-fp0,103.905029,0.6053185227856186
jp-copilot-fp0,103.907959,0.606314102162724
jp-copilot-fp0,103.910156,0.6073096815398294
jp-copilot-fp0,103.912842,0.6083052609169348
jp-copilot-fp0,103.915039,0.6093008402940403
jp-copilot-fp0,103.917969,0.6102964196711458
jp-copilot-fp0,103.920898,0.6112919990482512
jp-copilot-fp0,103.923096,0.6122875784253566
jp-copilot-fp0,103.926025,0.613283157802462
jp-copilot-fp0,103.927979,0.6142787371795675
jp-copilot-fp0,103.930908,0.6152743165566729
jp-copilot-fp0,103.933838,0.6162698959337783
jp-copilot-fp0,103.936035,0.6172654753108837
jp-copilot-fp0,103.938965,0.6182610546879892
jp-copilot-fp0,103.941162,0.6192566340650946
jp-copilot-fp0,103.944092,0.6202522134422
jp-copilot-fp0,103.946045,0.6212477928193054
jp-copilot-fp0,103.948975,0.6222433721964109
jp-copilot-fp0,103.951172,0.6232389515735164
jp-copilot-fp0,103.954102,0.6242345309506218
jp-copilot-fp0,103.957031,0.6252301103277272
jp-copilot-fp0,103.958984,0.6262256897048326
jp-copilot-fp0,103.961914,0.6272212690819381
jp-copilot-fp0,103.964844,0.6282168484590435
jp-copilot-fp0,103.967041,0.629212427836149
jp-copilot-fp0,103.968994,0.6302080072132543
jp-copilot-fp0,103.971924,0.6312035865903598
jp-copilot-fp0,103.973877,0.6321991659674652
jp-copilot-fp0,103.976074,0.6331947453445707
jp-copilot-fp0,103.979004,0.6341903247216761
jp-copilot-fp0,103.980957,0.6351859040987815
jp-copilot-fp0,103.983887,0.636181483475887
jp-copilot-fp0,103.986084,0.6371770628529924
jp-copilot-fp0,103.988037,0.6381726422300978
jp-copilot-fp0,103.990967,0.6391682216072032
jp-copilot-fp0,103.993164,0.6401638009843087
jp-copilot-fp0,103.99585,0.6411593803614141
jp-copilot-fp0,103.998047,0.6421549597385195
jp-copilot-fp0,104.000977,0.6431505391156249
jp-copilot-fp0,104.003174,0.6441461184927304
jp-copilot-fp0,104.005859,0.6451416978698358
jp-copilot-fp0,104.008057,0.6461372772469413
jp-copilot-fp0,104.010986,0.6471328566240467
jp-copilot-fp0,104.012939,0.6481284360011521
jp-copilot-fp0,104.015869,0.6491240153782576
jp-copilot-fp0,104.018799,0.650119594755363
jp-copilot-fp0,104.020996,0.6511151741324684
jp-copilot-fp0,104.023926,0.6521107535095738
jp-copilot-fp0,104.026855,0.6531063328866793
jp-copilot-fp0,104.030029,0.6541019122637847
jp-copilot-fp0,104.031982,0.6550974916408902
jp-copilot-fp0,104.034912,0.6560930710179955
jp-copilot-fp0,104.037842,0.657088650395101
jp-copilot-fp0,104.041016,0.6580842297722064
jp-copilot-fp0,104.043945,0.6590798091493119
jp-copilot-fp0,104.046875,0.6600753885264173
jp-copilot-fp0,104.049072,0.6610709679035227
jp-copilot-fp0,104.052002,0.6620665472806282
jp-copilot-fp0,104.054932,0.6630621266577336
jp-copilot-fp0,104.057861,0.664057706034839
jp-copilot-fp0,104.061035,0.6650532854119444
jp-copilot-fp0,104.063965,0.6660488647890499
jp-copilot-fp0,104.066895,0.6670444441661553
jp-copilot-fp0,104.069092,0.6680400235432608
jp-copilot-fp0,104.072021,0.6690356029203661
jp-copilot-fp0,104.074951,0.6700311822974716
jp-copilot-fp0,104.077881,0.6710267616745771
jp-copilot-fp0,104.080811,0.6720223410516825
jp-copilot-fp0,104.083008,0.6730179204287879
jp-copilot-fp0,104.085938,0.6740134998058933
jp-copilot-fp0,104.088867,0.6750090791829988
jp-copilot-fp0,104.091797,0.6760046585601042
jp-copilot-fp0,104.093994,0.6770002379372096
jp-copilot-fp0,104.097168,0.677995817314315
jp-copilot-fp0,104.100098,0.6789913966914205
jp-copilot-fp0,104.103027,0.6799869760685259
jp-copilot-fp0,104.105957,0.6809825554456314
jp-copilot-fp0,104.108154,0.6819781348227367
jp-copilot-fp0,104.111816,0.6829737141998422
jp-copilot-fp0,104.114014,0.6839692935769477
jp-copilot-fp0,104.116943,0.6849648729540531
jp-copilot-fp0,104.120117,0.6859604523311585
jp-copilot-fp0,104.123047,0.6869560317082639
jp-copilot-fp0,104.125977,0.6879516110853694
jp-copilot-fp0,104.12915,0.6889471904624748
jp-copilot-fp0,104.13208,0.6899427698395802
jp-copilot-fp0,104.135986,0.6909383492166856
jp-copilot-fp0,104.138184,0.6919339285937911
jp-copilot-fp0,104.141846,0.6929295079708965
jp-copilot-fp0,104.14502,0.693925087348002
jp-copilot-fp0,104.147949,0.6949206667251074
jp-copilot-fp0,104.151123,0.6959162461022128
jp-copilot-fp0,104.154053,0.6969118254793183
jp-copilot-fp0,104.156982,0.6979074048564237
jp-copilot-fp0,104.159912,0.6989029842335291
jp-copilot-fp0,104.163086,0.6998985636106345
jp-copilot-fp0,104.166016,0.70089414298774
jp-copilot-fp0,104.169189,0.7018897223648454
jp-copilot-fp0,104.172852,0.7028853017419509
jp-copilot-fp0,104.175049,0.7038808811190562
jp-copilot-fp0,104.177979,0.7048764604961617
jp-copilot-fp0,104.181885,0.7058720398732671
jp-copilot-fp0,104.184814,0.7068676192503726
jp-copilot-fp0,104.187988,0.707863198627478
jp-copilot-fp0,104.190186,0.7088587780045834
jp-copilot-fp0,104.194092,0.7098543573816889
jp-copilot-fp0,104.197021,0.7108499367587943
jp-copilot-fp0,104.200928,0.7118455161358997
jp-copilot-fp0,104.204102,0.7128410955130051
jp-copilot-fp0,104.207031,0.7138366748901106
jp-copilot-fp0,104.209961,0.714832254267216
jp-copilot-fp0,104.213867,0.7158278336443215
jp-copilot-fp0,104.217041,0.7168234130214268
jp-copilot-fp0,104.219971,0.7178189923985323
jp-copilot-fp0,104.223145,0.7188145717756378
jp-copilot-fp0,104.227051,0.7198101511527432
jp-copilot-fp0,104.22998,0.7208057305298486
jp-copilot-fp0,104.233154,0.721801309906954
jp-copilot-fp0,104.237061,0.7227968892840595
jp-copilot-fp0,104.23999,0.7237924686611649
jp-copilot-fp0,104.24292,0.7247880480382703
jp-copilot-fp0,104.246094,0.7257836274153757
jp-copilot-fp0,104.25,0.7267792067924812
jp-copilot-fp0,104.253174,0.7277747861695866
jp-copilot-fp0,104.256836,0.7287703655466921
jp-copilot-fp0,104.26001,0.7297659449237974
jp-copilot-fp0,104.262939,0.7307615243009029
jp-copilot-fp0,104.266113,0.7317571036780084
jp-copilot-fp0,104.27002,0.7327526830551138
jp-copilot-fp0,104.272949,0.7337482624322192
jp-copilot-fp0,104.276123,0.7347438418093246
jp-copilot-fp0,104.280029,0.7357394211864301
jp-copilot-fp0,104.283203,0.7367350005635355
jp-copilot-fp0,104.287109,0.737730579940641
jp-copilot-fp0,104.290039,0.7387261593177463
jp-copilot-fp0,104.293213,0.7397217386948518
jp-copilot-fp0,104.297119,0.7407173180719572
jp-copilot-fp0,104.300049,0.7417128974490627
jp-copilot-fp0,104.302979,0.742708476826168
jp-copilot-fp0,104.306885,0.7437040562032735
jp-copilot-fp0,104.310059,0.744699635580379
jp-copilot-fp0,104.313965,0.7456952149574844
jp-copilot-fp0,104.316895,0.7466907943345898
jp-copilot-fp0,104.320068,0.7476863737116952
jp-copilot-fp0,104.323975,0.7486819530888007
jp-copilot-fp0,104.327881,0.7496775324659061
jp-copilot-fp0,104.332031,0.7506731118430116
jp-copilot-fp0,104.334961,0.7516686912201169
jp-copilot-fp0,104.339111,0.7526642705972224
jp-copilot-fp0,104.343018,0.7536598499743278
jp-copilot-fp0,104.346191,0.7546554293514333
jp-copilot-fp0,104.349854,0.7556510087285387
jp-copilot-fp0,104.354004,0.7566465881056441
jp-copilot-fp0,104.358154,0.7576421674827496
jp-copilot-fp0,104.362061,0.758637746859855
jp-copilot-fp0,104.365967,0.7596333262369604
jp-copilot-fp0,104.369873,0.7606289056140658
jp-copilot-fp0,104.373047,0.7616244849911713
jp-copilot-fp0,104.376953,0.7626200643682767
jp-copilot-fp0,104.380859,0.7636156437453822
jp-copilot-fp0,104.38501,0.7646112231224875
jp-copilot-fp0,104.388916,0.765606802499593
jp-copilot-fp0,104.39209,0.7666023818766984
jp-copilot-fp0,104.396973,0.7675979612538039
jp-copilot-fp0,104.400879,0.7685935406309093
jp-copilot-fp0,104.404053,0.7695891200080147
jp-copilot-fp0,104.407959,0.7705846993851202
jp-copilot-fp0,104.411865,0.7715802787622256
jp-copilot-fp0,104.416016,0.772575858139331
jp-copilot-fp0,104.420166,0.7735714375164364
jp-copilot-fp0,104.424805,0.7745670168935419
jp-copilot-fp0,104.428955,0.7755625962706473
jp-copilot-fp0,104.433105,0.7765581756477528
jp-copilot-fp0,104.437012,0.7775537550248581
jp-copilot-fp0,104.441895,0.7785493344019636
jp-copilot-fp0,104.446045,0.7795449137790691
jp-copilot-fp0,104.449951,0.7805404931561745
jp-copilot-fp0,104.453857,0.78153607253328
jp-copilot-fp0,104.458008,0.7825316519103853
jp-copilot-fp0,104.461914,0.7835272312874908
jp-copilot-fp0,104.466064,0.7845228106645962
jp-copilot-fp0,104.470947,0.7855183900417017
jp-copilot-fp0,104.476074,0.786513969418807
jp-copilot-fp0,104.47998,0.7875095487959125
jp-copilot-fp0,104.485107,0.7885051281730179
jp-copilot-fp0,104.48999,0.7895007075501234
jp-copilot-fp0,104.494873,0.7904962869272287
jp-copilot-fp0,104.499023,0.7914918663043342
jp-copilot-fp0,104.503906,0.7924874456814397
jp-copilot-fp0,104.508057,0.7934830250585451
jp-copilot-fp0,104.513184,0.7944786044356505
jp-copilot-fp0,104.518066,0.7954741838127559
jp-copilot-fp0,104.522217,0.7964697631898614
jp-copilot-fp0,104.5271,0.7974653425669668
jp-copilot-fp0,104.531982,0.7984609219440723
jp-copilot-fp0,104.536133,0.7994565013211776
jp-copilot-fp0,104.541016,0.8004520806982831
jp-copilot-fp0,104.546143,0.8014476600753885
jp-copilot-fp0,104.551025,0.802443239452494
jp-copilot-fp0,104.555908,0.8034388188295994
jp-copilot-fp0,104.560059,0.8044343982067048
jp-copilot-fp0,104.565186,0.8054299775838103
jp-copilot-fp0,104.570801,0.8064255569609157
jp-copilot-fp0,104.574951,0.8074211363380212
jp-copilot-fp0,104.579834,0.8084167157151265
jp-copilot-fp0,104.584961,0.809412295092232
jp-copilot-fp0,104.59082,0.8104078744693374
jp-copilot-fp0,104.596191,0.8114034538464429
jp-copilot-fp0,104.602051,0.8123990332235482
jp-copilot-fp0,104.60791,0.8133946126006537
jp-copilot-fp0,104.613037,0.8143901919777591
jp-copilot-fp0,104.61792,0.8153857713548646
jp-copilot-fp0,104.623779,0.81638135073197
jp-copilot-fp0,104.628906,0.8173769301090754
jp-copilot-fp0,104.634033,0.8183725094861809
jp-copilot-fp0,104.63916,0.8193680888632863
jp-copilot-fp0,104.644043,0.8203636682403918
jp-copilot-fp0,104.650146,0.8213592476174971
jp-copilot-fp0,104.656006,0.8223548269946026
jp-copilot-fp0,104.661133,0.823350406371708
jp-copilot-fp0,104.666992,0.8243459857488135
jp-copilot-fp0,104.672852,0.8253415651259188
jp-copilot-fp0,104.678955,0.8263371445030243
jp-copilot-fp0,104.684814,0.8273327238801297
jp-copilot-fp0,104.689941,0.8283283032572352
jp-copilot-fp0,104.696045,0.8293238826343406
jp-copilot-fp0,104.702148,0.830319462011446
jp-copilot-fp0,104.708984,0.8313150413885515
jp-copilot-fp0,104.715088,0.8323106207656569
jp-copilot-fp0,104.721924,0.8333062001427624
jp-copilot-fp0,104.729004,0.8343017795198677
jp-copilot-fp0,104.736084,0.8352973588969732
jp-copilot-fp0,104.741943,0.8362929382740786
jp-copilot-fp0,104.747803,0.8372885176511841
jp-copilot-fp0,104.754883,0.8382840970282894
jp-copilot-fp0,104.762207,0.8392796764053949
jp-copilot-fp0,104.769043,0.8402752557825004
jp-copilot-fp0,104.775146,0.8412708351596058
jp-copilot-fp0,104.781982,0.8422664145367112
jp-copilot-fp0,104.788086,0.8432619939138166
jp-copilot-fp0,104.794922,0.8442575732909221
jp-copilot-fp0,104.803955,0.8452531526680275
jp-copilot-fp0,104.811768,0.846248732045133
jp-copilot-fp0,104.818848,0.8472443114222383
jp-copilot-fp0,104.826904,0.8482398907993438
jp-copilot-fp0,104.833984,0.8492354701764492
jp-copilot-fp0,104.841797,0.8502310495535547
jp-copilot-fp0,104.849121,0.85122662893066
jp-copilot-fp0,104.856934,0.8522222083077655
jp-copilot-fp0,104.86499,0.853217787684871
jp-copilot-fp0,104.873047,0.8542133670619764
jp-copilot-fp0,104.88208,0.8552089464390819
jp-copilot-fp0,104.891113,0.8562045258161872
jp-copilot-fp0,104.900879,0.8572001051932927
jp-copilot-fp0,104.908936,0.8581956845703981
jp-copilot-fp0,104.917969,0.8591912639475036
jp-copilot-fp0,104.926025,0.8601868433246089
jp-copilot-fp0,104.935059,0.8611824227017144
jp-copilot-fp0,104.943848,0.8621780020788198
jp-copilot-fp0,104.954834,0.8631735814559253
jp-copilot-fp0,104.964844,0.8641691608330307
jp-copilot-fp0,104.973145,0.8651647402101361
jp-copilot-fp0,104.984131,0.8661603195872416
jp-copilot-fp0,104.99585,0.867155898964347
jp-copilot-fp0,105.005127,0.8681514783414525
jp-copilot-fp0,105.016113,0.8691470577185578
jp-copilot-fp0,105.0271,0.8701426370956633
jp-copilot-fp0,105.038086,0.8711382164727687
jp-copilot-fp0,105.048096,0.8721337958498742
jp-copilot-fp0,105.060059,0.8731293752269795
jp-copilot-fp0,105.071045,0.874124954604085
jp-copilot-fp0,105.083008,0.8751205339811904
jp-copilot-fp0,105.095947,0.8761161133582959
jp-copilot-fp0,105.106934,0.8771116927354013
jp-copilot-fp0,105.120117,0.8781072721125067
jp-copilot-fp0,105.135986,0.8791028514896122
jp-copilot-fp0,105.150879,0.8800984308667176
jp-copilot-fp0,105.164795,0.8810940102438231
jp-copilot-fp0,105.177979,0.8820895896209284
jp-copilot-fp0,105.194092,0.8830851689980339
jp-copilot-fp0,105.210205,0.8840807483751393
jp-copilot-fp0,105.224121,0.8850763277522448
jp-copilot-fp0,105.23999,0.8860719071293501
jp-copilot-fp0,105.255859,0.8870674865064556
jp-copilot-fp0,105.272949,0.8880630658835611
jp-copilot-fp0,105.291016,0.8890586452606665
jp-copilot-fp0,105.310791,0.890054224637772
jp-copilot-fp0,105.326904,0.8910498040148773
jp-copilot-fp0,105.344971,0.8920453833919828
jp-copilot-fp0,105.366211,0.8930409627690882
jp-copilot-fp0,105.387939,0.8940365421461937
jp-copilot-fp0,105.409912,0.895032121523299
jp-copilot-fp0,105.431885,0.8960277009004045
jp-copilot-fp0,105.455078,0.8970232802775099
jp-copilot-fp0,105.479004,0.8980188596546154
jp-copilot-fp0,105.506836,0.8990144390317207
jp-copilot-fp0,105.537109,0.9000100184088262
jp-copilot-fp0,105.568115,0.9010055977859317
jp-copilot-fp0,105.599854,0.9020011771630371
jp-copilot-fp0,105.633057,0.9029967565401426
jp-copilot-fp0,105.673096,0.9039923359172479
jp-copilot-fp0,105.713867,0.9049879152943534
jp-copilot-fp0,105.757812,0.9059834946714588
jp-copilot-fp0,105.810059,0.9069790740485643
jp-copilot-fp0,105.851807,0.9079746534256696
jp-copilot-fp0,105.904053,0.9089702328027751
jp-copilot-fp0,105.957031,0.9099658121798805
jp-copilot-fp0,106.017822,0.910961391556986
jp-copilot-fp0,106.078857,0.9119569709340913
jp-copilot-fp0,106.141846,0.9129525503111968
jp-copilot-fp0,106.2229,0.9139481296883023
jp-copilot-fp0,106.308105,0.9149437090654077
jp-copilot-fp0,106.38208,0.9159392884425132
jp-copilot-fp0,106.468994,0.9169348678196185
jp-copilot-fp0,106.562012,0.917930447196724
jp-copilot-fp0,106.666992,0.9189260265738294
jp-copilot-fp0,106.771973,0.9199216059509349
jp-copilot-fp0,106.898926,0.9209171853280402
jp-copilot-fp0,107.033203,0.9219127647051457
jp-copilot-fp0,107.187012,0.9229083440822511
jp-copilot-fp0,107.351807,0.9239039234593566
jp-copilot-fp0,107.488037,0.924899502836462
jp-copilot-fp0,107.666992,0.9258950822135674
jp-copilot-fp0,107.861084,0.9268906615906729
jp-copilot-fp0,108.098145,0.9278862409677783
jp-copilot-fp0,108.311035,0.9288818203448838
jp-copilot-fp0,108.577881,0.9298773997219891
jp-copilot-fp0,108.823975,0.9308729790990946
jp-copilot-fp0,109.13208,0.9318685584762
jp-copilot-fp0,109.427979,0.9328641378533055
jp-copilot-fp0,109.75293,0.9338597172304108
jp-copilot-fp0,110.136963,0.9348552966075163
jp-copilot-fp0,110.453857,0.9358508759846217
jp-copilot-fp0,110.837158,0.9368464553617272
jp-copilot-fp0,111.204102,0.9378420347388327
jp-copilot-fp0,111.559814,0.938837614115938
jp-copilot-fp0,111.97998,0.9398331934930435
jp-copilot-fp0,112.370117,0.9408287728701489
jp-copilot-fp0,112.775879,0.9418243522472544
jp-copilot-fp0,113.24292,0.9428199316243597
jp-copilot-fp0,113.663086,0.9438155110014652
jp-copilot-fp0,114.142822,0.9448110903785706
jp-copilot-fp0,114.750977,0.9458066697556761
jp-copilot-fp0,115.358887,0.9468022491327814
jp-copilot-fp0,115.980225,0.9477978285098869
jp-copilot-fp0,116.64502,0.9487934078869924
jp-copilot-fp0,117.328857,0.9497889872640978
jp-copilot-fp0,118.083008,0.9507845666412033
jp-copilot-fp0,118.801025,0.9517801460183086
jp-copilot-fp0,119.597168,0.9527757253954141
jp-copilot-fp0,120.468994,0.9537713047725195
jp-copilot-fp0,121.3479,0.954766884149625
jp-copilot-fp0,122.330078,0.9557624635267303
jp-copilot-fp0,123.311768,0.9567580429038358
jp-copilot-fp0,124.278076,0.9577536222809412
jp-copilot-fp0,125.302002,0.9587492016580467
jp-copilot-fp0,126.306885,0.959744781035152
jp-copilot-fp0,127.582031,0.9607403604122575
jp-copilot-fp0,128.956055,0.961735939789363
jp-copilot-fp0,130.579102,0.9627315191664684
jp-copilot-fp0,132.330078,0.9637270985435739
jp-copilot-fp0,134.381104,0.9647226779206792
jp-copilot-fp0,137.065918,0.9657182572977847
jp-copilot-fp0,140.224121,0.9667138366748901
jp-copilot-fp0,144.238037,0.9677094160519956
jp-copilot-fp0,149.067871,0.9687049954291009
jp-copilot-fp0,156.041992,0.9697005748062064
jp-copilot-fp0,163.018066,0.9706961541833118
jp-copilot-fp0,170.049072,0.9716917335604173
jp-copilot-fp0,174.425049,0.9726873129375228
jp-copilot-fp0,179.158936,0.9736828923146281
jp-copilot-fp0,184.324951,0.9746784716917336
jp-copilot-fp0,199.846924,0.975674051068839
jp-copilot-fp0,226.463867,0.9766696304459445
jp-copilot-fp0,229.048828,0.9776652098230498
jp-copilot-fp0,231.227051,0.9786607892001553
jp-copilot-fp0,233.030029,0.9796563685772607
jp-copilot-fp0,235.227051,0.9806519479543662
jp-copilot-fp0,238.915039,0.9816475273314715
jp-copilot-fp0,258.873047,0.982643106708577
jp-copilot-fp0,292.39502,0.9836386860856824
jp-copilot-fp0,295.733887,0.9846342654627879
jp-copilot-fp0,298.327881,0.9856298448398934
jp-copilot-fp0,302.314941,0.9866254242169987
jp-copilot-fp0,317.76001,0.9876210035941042
jp-copilot-fp0,322.24585,0.9886165829712096
jp-copilot-fp0,372.877197,0.9896121623483151
jp-copilot-fp0,516.009033,0.9906077417254204
jp-copilot-fp0,540.12207,0.9916033211025259
jp-copilot-fp0,545.357178,0.9925989004796313
jp-copilot-fp0,550.538086,0.9935944798567368
jp-copilot-fp0,552.655029,0.9945900592338421
jp-copilot-fp0,555.742188,0.9955856386109476
jp-copilot-fp0,559.204102,0.9965812179880531
jp-copilot-fp0,563.844971,0.9975767973651585
jp-copilot-fp0,568.337891,0.998572376742264
jp-copilot-fp0,576.916016,0.9995679561193693
jp-copilot-fp100,55.801025,6.28156486343878e-06
jp-copilot-fp100,60.190918,0.0010050503781502047
jp-copilot-fp100,62.309082,0.002003819191436971
jp-copilot-fp100,64.820068,0.0030025880047237366
jp-copilot-fp100,67.192871,0.004001356818010502
jp-copilot-fp100,80.947998,0.005000125631297269
jp-copilot-fp100,81.085938,0.005998894444584035
jp-copilot-fp100,81.134033,0.0069976632578708006
jp-copilot-fp100,81.173096,0.007996432071157567
jp-copilot-fp100,81.202148,0.008995200884444332
jp-copilot-fp100,81.224121,0.009993969697731099
jp-copilot-fp100,81.24292,0.010992738511017865
jp-copilot-fp100,81.258057,0.01199150732430463
jp-copilot-fp100,81.276855,0.012990276137591397
jp-copilot-fp100,81.289062,0.013989044950878163
jp-copilot-fp100,81.302979,0.014987813764164928
jp-copilot-fp100,81.316895,0.015986582577451693
jp-copilot-fp100,81.328857,0.01698535139073846
jp-copilot-fp100,81.339111,0.017984120204025227
jp-copilot-fp100,81.349854,0.01898288901731199
jp-copilot-fp100,81.36084,0.01998165783059876
jp-copilot-fp100,81.370117,0.020980426643885525
jp-copilot-fp100,81.378906,0.02197919545717229
jp-copilot-fp100,81.387939,0.022977964270459058
jp-copilot-fp100,81.395996,0.023976733083745823
jp-copilot-fp100,81.406006,0.024975501897032588
jp-copilot-fp100,81.415771,0.025974270710319356
jp-copilot-fp100,81.422852,0.02697303952360612
jp-copilot-fp100,81.430908,0.027971808336892886
jp-copilot-fp100,81.437988,0.028970577150179654
jp-copilot-fp100,81.444824,0.02996934596346642
jp-copilot-fp100,81.453125,0.030968114776753184
jp-copilot-fp100,81.459961,0.03196688359003995
jp-copilot-fp100,81.466064,0.03296565240332672
jp-copilot-fp100,81.472168,0.033964421216613486
jp-copilot-fp100,81.479004,0.03496319002990025
jp-copilot-fp100,81.484863,0.035961958843187015
jp-copilot-fp100,81.48999,0.036960727656473784
jp-copilot-fp100,81.496094,0.037959496469760545
jp-copilot-fp100,81.501953,0.038958265283047314
jp-copilot-fp100,81.507812,0.03995703409633408
jp-copilot-fp100,81.512939,0.04095580290962084
jp-copilot-fp100,81.518066,0.04195457172290761
jp-copilot-fp100,81.522949,0.04295334053619438
jp-copilot-fp100,81.528076,0.04395210934948114
jp-copilot-fp100,81.532959,0.04495087816276791
jp-copilot-fp100,81.538086,0.04594964697605467
jp-copilot-fp100,81.542969,0.04694841578934144
jp-copilot-fp100,81.549072,0.04794718460262821
jp-copilot-fp100,81.554199,0.04894595341591497
jp-copilot-fp100,81.558105,0.04994472222920174
jp-copilot-fp100,81.563232,0.050943491042488506
jp-copilot-fp100,81.568115,0.05194225985577527
jp-copilot-fp100,81.572998,0.052941028669062036
jp-copilot-fp100,81.576904,0.053939797482348804
jp-copilot-fp100,81.582031,0.054938566295635566
jp-copilot-fp100,81.585938,0.055937335108922334
jp-copilot-fp100,81.590088,0.0569361039222091
jp-copilot-fp100,81.593994,0.057934872735495864
jp-copilot-fp100,81.598877,0.05893364154878263
jp-copilot-fp100,81.603027,0.0599324103620694
jp-copilot-fp100,81.606934,0.06093117917535616
jp-copilot-fp100,81.611084,0.06192994798864293
jp-copilot-fp100,81.61499,0.0629287168019297
jp-copilot-fp100,81.619141,0.06392748561521647
jp-copilot-fp100,81.624023,0.06492625442850324
jp-copilot-fp100,81.62793,0.06592502324178999
jp-copilot-fp100,81.63208,0.06692379205507676
jp-copilot-fp100,81.635986,0.06792256086836353
jp-copilot-fp100,81.640137,0.0689213296816503
jp-copilot-fp100,81.644043,0.06992009849493706
jp-copilot-fp100,81.647949,0.07091886730822382
jp-copilot-fp100,81.6521,0.07191763612151059
jp-copilot-fp100,81.656006,0.07291640493479735
jp-copilot-fp100,81.659912,0.07391517374808412
jp-copilot-fp100,81.664062,0.07491394256137089
jp-copilot-fp100,81.666992,0.07591271137465766
jp-copilot-fp100,81.671143,0.07691148018794441
jp-copilot-fp100,81.675049,0.07791024900123118
jp-copilot-fp100,81.678955,0.07890901781451795
jp-copilot-fp100,81.682861,0.07990778662780472
jp-copilot-fp100,81.686035,0.08090655544109149
jp-copilot-fp100,81.689941,0.08190532425437826
jp-copilot-fp100,81.693848,0.08290409306766501
jp-copilot-fp100,81.697021,0.08390286188095178
jp-copilot-fp100,81.700928,0.08490163069423855
jp-copilot-fp100,81.703857,0.08590039950752532
jp-copilot-fp100,81.708008,0.08689916832081208
jp-copilot-fp100,81.710938,0.08789793713409885
jp-copilot-fp100,81.714844,0.0888967059473856
jp-copilot-fp100,81.718018,0.08989547476067238
jp-copilot-fp100,81.721191,0.09089424357395914
jp-copilot-fp100,81.725098,0.09189301238724591
jp-copilot-fp100,81.728027,0.09289178120053268
jp-copilot-fp100,81.731934,0.09389055001381945
jp-copilot-fp100,81.735107,0.0948893188271062
jp-copilot-fp100,81.739014,0.09588808764039297
jp-copilot-fp100,81.741943,0.09688685645367974
jp-copilot-fp100,81.744873,0.09788562526696651
jp-copilot-fp100,81.749023,0.09888439408025328
jp-copilot-fp100,81.751953,0.09988316289354005
jp-copilot-fp100,81.755127,0.1008819317068268
jp-copilot-fp100,81.759033,0.10188070052011357
jp-copilot-fp100,81.761963,0.10287946933340034
jp-copilot-fp100,81.765137,0.1038782381466871
jp-copilot-fp100,81.768066,0.10487700695997387
jp-copilot-fp100,81.771973,0.10587577577326064
jp-copilot-fp100,81.775146,0.1068745445865474
jp-copilot-fp100,81.778076,0.10787331339983416
jp-copilot-fp100,81.781006,0.10887208221312093
jp-copilot-fp100,81.78418,0.1098708510264077
jp-copilot-fp100,81.787109,0.11086961983969447
jp-copilot-fp100,81.790039,0.11186838865298122
jp-copilot-fp100,81.793945,0.11286715746626799
jp-copilot-fp100,81.796875,0.11386592627955476
jp-copilot-fp100,81.800049,0.11486469509284153
jp-copilot-fp100,81.802979,0.1158634639061283
jp-copilot-fp100,81.805908,0.11686223271941507
jp-copilot-fp100,81.809082,0.11786100153270182
jp-copilot-fp100,81.812012,0.11885977034598859
jp-copilot-fp100,81.815186,0.11985853915927536
jp-copilot-fp100,81.818115,0.12085730797256213
jp-copilot-fp100,81.821045,0.1218560767858489
jp-copilot-fp100,81.824951,0.12285484559913566
jp-copilot-fp100,81.827148,0.12385361441242242
jp-copilot-fp100,81.830078,0.12485238322570918
jp-copilot-fp100,81.833008,0.12585115203899597
jp-copilot-fp100,81.836914,0.12684992085228272
jp-copilot-fp100,81.840088,0.12784868966556948
jp-copilot-fp100,81.842041,0.12884745847885626
jp-copilot-fp100,81.845947,0.129846227292143
jp-copilot-fp100,81.848877,0.1308449961054298
jp-copilot-fp100,81.852051,0.13184376491871655
jp-copilot-fp100,81.85498,0.1328425337320033
jp-copilot-fp100,81.857178,0.1338413025452901
jp-copilot-fp100,81.86084,0.13484007135857684
jp-copilot-fp100,81.864014,0.13583884017186362
jp-copilot-fp100,81.867188,0.13683760898515038
jp-copilot-fp100,81.87085,0.13783637779843716
jp-copilot-fp100,81.874023,0.13883514661172391
jp-copilot-fp100,81.876953,0.13983391542501067
jp-copilot-fp100,81.880127,0.14083268423829745
jp-copilot-fp100,81.883057,0.1418314530515842
jp-copilot-fp100,81.885986,0.142830221864871
jp-copilot-fp100,81.889893,0.14382899067815774
jp-copilot-fp100,81.892822,0.1448277594914445
jp-copilot-fp100,81.895996,0.14582652830473128
jp-copilot-fp100,81.898926,0.14682529711801803
jp-copilot-fp100,81.901855,0.14782406593130482
jp-copilot-fp100,81.904053,0.14882283474459157
jp-copilot-fp100,81.907959,0.14982160355787835
jp-copilot-fp100,81.910156,0.1508203723711651
jp-copilot-fp100,81.913086,0.15181914118445186
jp-copilot-fp100,81.916016,0.15281790999773864
jp-copilot-fp100,81.918945,0.1538166788110254
jp-copilot-fp100,81.922119,0.15481544762431218
jp-copilot-fp100,81.925049,0.15581421643759893
jp-copilot-fp100,81.927979,0.1568129852508857
jp-copilot-fp100,81.931152,0.15781175406417247
jp-copilot-fp100,81.934082,0.15881052287745923
jp-copilot-fp100,81.937012,0.159809291690746
jp-copilot-fp100,81.939941,0.16080806050403276
jp-copilot-fp100,81.942871,0.16180682931731952
jp-copilot-fp100,81.946045,0.1628055981306063
jp-copilot-fp100,81.948975,0.16380436694389305
jp-copilot-fp100,81.952148,0.16480313575717984
jp-copilot-fp100,81.955078,0.1658019045704666
jp-copilot-fp100,81.958008,0.16680067338375337
jp-copilot-fp100,81.961182,0.16779944219704013
jp-copilot-fp100,81.964111,0.16879821101032688
jp-copilot-fp100,81.967041,0.16979697982361366
jp-copilot-fp100,81.969971,0.17079574863690042
jp-copilot-fp100,81.9729,0.1717945174501872
jp-copilot-fp100,81.976074,0.17279328626347396
jp-copilot-fp100,81.979004,0.1737920550767607
jp-copilot-fp100,81.982178,0.1747908238900475
jp-copilot-fp100,81.985107,0.17578959270333425
jp-copilot-fp100,81.988037,0.17678836151662103
jp-copilot-fp100,81.990967,0.17778713032990778
jp-copilot-fp100,81.994141,0.17878589914319457
jp-copilot-fp100,81.99707,0.17978466795648132
jp-copilot-fp100,82.0,0.18078343676976807
jp-copilot-fp100,82.002197,0.18178220558305486
jp-copilot-fp100,82.005859,0.1827809743963416
jp-copilot-fp100,82.009033,0.1837797432096284
jp-copilot-fp100,82.011963,0.18477851202291515
jp-copilot-fp100,82.014893,0.1857772808362019
jp-copilot-fp100,82.01709,0.18677604964948868
jp-copilot-fp100,82.020996,0.18777481846277544
jp-copilot-fp100,82.023926,0.18877358727606222
jp-copilot-fp100,82.026855,0.18977235608934898
jp-copilot-fp100,82.030029,0.19077112490263576
jp-copilot-fp100,82.032959,0.1917698937159225
jp-copilot-fp100,82.036865,0.19276866252920927
jp-copilot-fp100,82.039062,0.19376743134249605
jp-copilot-fp100,82.041992,0.1947662001557828
jp-copilot-fp100,82.044922,0.19576496896906959
jp-copilot-fp100,82.048096,0.19676373778235634
jp-copilot-fp100,82.052002,0.1977625065956431
jp-copilot-fp100,82.054932,0.19876127540892988
jp-copilot-fp100,82.058105,0.19976004422221663
jp-copilot-fp100,82.061035,0.20075881303550341
jp-copilot-fp100,82.064209,0.20175758184879017
jp-copilot-fp100,82.067139,0.20275635066207692
jp-copilot-fp100,82.070068,0.2037551194753637
jp-copilot-fp100,82.072998,0.20475388828865046
jp-copilot-fp100,82.076172,0.20575265710193724
jp-copilot-fp100,82.078857,0.206751425915224
jp-copilot-fp100,82.082031,0.20775019472851078
jp-copilot-fp100,82.084961,0.20874896354179753
jp-copilot-fp100,82.088135,0.2097477323550843
jp-copilot-fp100,82.091064,0.21074650116837107
jp-copilot-fp100,82.093994,0.21174526998165782
jp-copilot-fp100,82.097168,0.2127440387949446
jp-copilot-fp100,82.100098,0.21374280760823136
jp-copilot-fp100,82.103027,0.21474157642151812
jp-copilot-fp100,82.106934,0.2157403452348049
jp-copilot-fp100,82.109863,0.21673911404809165
jp-copilot-fp100,82.113037,0.21773788286137843
jp-copilot-fp100,82.116211,0.2187366516746652
jp-copilot-fp100,82.119873,0.21973542048795197
jp-copilot-fp100,82.123047,0.22073418930123873
jp-copilot-fp100,82.125977,0.22173295811452548
jp-copilot-fp100,82.129883,0.22273172692781226
jp-copilot-fp100,82.132812,0.22373049574109902
jp-copilot-fp100,82.135986,0.2247292645543858
jp-copilot-fp100,82.138916,0.22572803336767255
jp-copilot-fp100,82.141846,0.2267268021809593
jp-copilot-fp100,82.144775,0.2277255709942461
jp-copilot-fp100,82.147949,0.22872433980753284
jp-copilot-fp100,82.150879,0.22972310862081963
jp-copilot-fp100,82.154053,0.23072187743410638
jp-copilot-fp100,82.156982,0.23172064624739316
jp-copilot-fp100,82.160156,0.23271941506067992
jp-copilot-fp100,82.163086,0.23371818387396667
jp-copilot-fp100,82.166992,0.23471695268725346
jp-copilot-fp100,82.169922,0.2357157215005402
jp-copilot-fp100,82.172119,0.236714490313827
jp-copilot-fp100,82.175049,0.23771325912711375
jp-copilot-fp100,82.177979,0.2387120279404005
jp-copilot-fp100,82.181152,0.23971079675368728
jp-copilot-fp100,82.184814,0.24070956556697404
jp-copilot-fp100,82.187988,0.24170833438026082
jp-copilot-fp100,82.190918,0.24270710319354757
jp-copilot-fp100,82.193848,0.24370587200683433
jp-copilot-fp100,82.197021,0.2447046408201211
jp-copilot-fp100,82.199951,0.24570340963340787
jp-copilot-fp100,82.203125,0.24670217844669465
jp-copilot-fp100,82.206055,0.2477009472599814
jp-copilot-fp100,82.208984,0.24869971607326818
jp-copilot-fp100,82.212158,0.24969848488655494
jp-copilot-fp100,82.215088,0.2506972536998417
jp-copilot-fp100,82.218018,0.25169602251312845
jp-copilot-fp100,82.220947,0.25269479132641526
jp-copilot-fp100,82.224121,0.253693560139702
jp-copilot-fp100,82.227051,0.25469232895298877
jp-copilot-fp100,82.22998,0.2556910977662755
jp-copilot-fp100,82.233887,0.2566898665795623
jp-copilot-fp100,82.237061,0.2576886353928491
jp-copilot-fp100,82.23999,0.25868740420613584
jp-copilot-fp100,82.243164,0.2596861730194226
jp-copilot-fp100,82.246826,0.26068494183270935
jp-copilot-fp100,82.25,0.2616837106459961
jp-copilot-fp100,82.25293,0.2626824794592829
jp-copilot-fp100,82.256104,0.26368124827256967
jp-copilot-fp100,82.26001,0.2646800170858564
jp-copilot-fp100,82.263184,0.2656787858991432
jp-copilot-fp100,82.26709,0.26667755471243
jp-copilot-fp100,82.27002,0.26767632352571674
jp-copilot-fp100,82.272949,0.2686750923390035
jp-copilot-fp100,82.276123,0.26967386115229025
jp-copilot-fp100,82.280029,0.270672629965577
jp-copilot-fp100,82.282959,0.2716713987788638
jp-copilot-fp100,82.285889,0.27267016759215057
jp-copilot-fp100,82.289062,0.2736689364054373
jp-copilot-fp100,82.292969,0.2746677052187241
jp-copilot-fp100,82.296875,0.27566647403201083
jp-copilot-fp100,82.300049,0.27666524284529764
jp-copilot-fp100,82.303955,0.2776640116585844
jp-copilot-fp100,82.307129,0.27866278047187115
jp-copilot-fp100,82.311035,0.2796615492851579
jp-copilot-fp100,82.313965,0.28066031809844466
jp-copilot-fp100,82.318115,0.28165908691173147
jp-copilot-fp100,82.322021,0.2826578557250182
jp-copilot-fp100,82.325195,0.283656624538305
jp-copilot-fp100,82.329102,0.28465539335159173
jp-copilot-fp100,82.333984,0.2856541621648785
jp-copilot-fp100,82.336914,0.2866529309781653
jp-copilot-fp100,82.34082,0.28765169979145205
jp-copilot-fp100,82.343994,0.2886504686047388
jp-copilot-fp100,82.348145,0.28964923741802556
jp-copilot-fp100,82.352051,0.2906480062313123
jp-copilot-fp100,82.355957,0.2916467750445991
jp-copilot-fp100,82.359863,0.2926455438578859
jp-copilot-fp100,82.364014,0.29364431267117264
jp-copilot-fp100,82.36792,0.2946430814844594
jp-copilot-fp100,82.37207,0.2956418502977462
jp-copilot-fp100,82.375977,0.29664061911103295
jp-copilot-fp100,82.37915,0.2976393879243197
jp-copilot-fp100,82.383057,0.29863815673760646
jp-copilot-fp100,82.386963,0.2996369255508932
jp-copilot-fp100,82.391113,0.30063569436418003
jp-copilot-fp100,82.39502,0.3016344631774668
jp-copilot-fp100,82.398926,0.30263323199075354
jp-copilot-fp100,82.403076,0.3036320008040403
jp-copilot-fp100,82.406982,0.30463076961732705
jp-copilot-fp100,82.411865,0.30562953843061386
jp-copilot-fp100,82.416016,0.3066283072439006
jp-copilot-fp100,82.419189,0.30762707605718737
jp-copilot-fp100,82.423096,0.3086258448704741
jp-copilot-fp100,82.427002,0.3096246136837609
jp-copilot-fp100,82.431152,0.3106233824970477
jp-copilot-fp100,82.436035,0.31162215131033444
jp-copilot-fp100,82.439941,0.3126209201236212
jp-copilot-fp100,82.444092,0.31361968893690795
jp-copilot-fp100,82.447998,0.3146184577501947
jp-copilot-fp100,82.452148,0.3156172265634815
jp-copilot-fp100,82.456055,0.31661599537676827
jp-copilot-fp100,82.460205,0.317614764190055
jp-copilot-fp100,82.463867,0.3186135330033418
jp-copilot-fp100,82.468994,0.3196123018166286
jp-copilot-fp100,82.4729,0.32061107062991534
jp-copilot-fp100,82.477051,0.3216098394432021
jp-copilot-fp100,82.480957,0.32260860825648885
jp-copilot-fp100,82.485107,0.3236073770697756
jp-copilot-fp100,82.48999,0.3246061458830624
jp-copilot-fp100,82.493896,0.32560491469634917
jp-copilot-fp100,82.498047,0.3266036835096359
jp-copilot-fp100,82.50293,0.3276024523229227
jp-copilot-fp100,82.508057,0.32860122113620943
jp-copilot-fp100,82.511963,0.32959998994949624
jp-copilot-fp100,82.516846,0.330598758762783
jp-copilot-fp100,82.520996,0.33159752757606975
jp-copilot-fp100,82.525879,0.3325962963893565
jp-copilot-fp100,82.531006,0.33359506520264326
jp-copilot-fp100,82.535889,0.33459383401593007
jp-copilot-fp100,82.540039,0.3355926028292168
jp-copilot-fp100,82.544922,0.3365913716425036
jp-copilot-fp100,82.549805,0.33759014045579033
jp-copilot-fp100,82.554932,0.3385889092690771
jp-copilot-fp100,82.559082,0.3395876780823639
jp-copilot-fp100,82.563965,0.34058644689565065
jp-copilot-fp100,82.569092,0.3415852157089374
jp-copilot-fp100,82.573975,0.34258398452222416
jp-copilot-fp100,82.578125,0.3435827533355109
jp-copilot-fp100,82.583008,0.3445815221487977
jp-copilot-fp100,82.588135,0.3455802909620845
jp-copilot-fp100,82.593018,0.34657905977537123
jp-copilot-fp100,82.598145,0.347577828588658
jp-copilot-fp100,82.604004,0.3485765974019448
jp-copilot-fp100,82.609131,0.34957536621523155
jp-copilot-fp100,82.614014,0.3505741350285183
jp-copilot-fp100,82.619873,0.35157290384180506
jp-copilot-fp100,82.625977,0.3525716726550918
jp-copilot-fp100,82.630859,0.3535704414683786
jp-copilot-fp100,82.635986,0.3545692102816654
jp-copilot-fp100,82.64209,0.35556797909495214
jp-copilot-fp100,82.648926,0.3565667479082389
jp-copilot-fp100,82.655029,0.35756551672152564
jp-copilot-fp100,82.660156,0.35856428553481245
jp-copilot-fp100,82.665039,0.3595630543480992
jp-copilot-fp100,82.670166,0.36056182316138596
jp-copilot-fp100,82.676025,0.3615605919746727
jp-copilot-fp100,82.682861,0.3625593607879595
jp-copilot-fp100,82.687988,0.3635581296012463
jp-copilot-fp100,82.695068,0.36455689841453304
jp-copilot-fp100,82.701172,0.3655556672278198
jp-copilot-fp100,82.707031,0.36655443604110655
jp-copilot-fp100,82.713867,0.3675532048543933
jp-copilot-fp100,82.720215,0.3685519736676801
jp-copilot-fp100,82.726807,0.36955074248096687
jp-copilot-fp100,82.733154,0.3705495112942536
jp-copilot-fp100,82.740967,0.3715482801075404
jp-copilot-fp100,82.74707,0.3725470489208272
jp-copilot-fp100,82.753906,0.37354581773411394
jp-copilot-fp100,82.761963,0.3745445865474007
jp-copilot-fp100,82.769043,0.37554335536068745
jp-copilot-fp100,82.775879,0.3765421241739742
jp-copilot-fp100,82.782959,0.377540892987261
jp-copilot-fp100,82.789795,0.37853966180054777
jp-copilot-fp100,82.798096,0.3795384306138345
jp-copilot-fp100,82.805908,0.3805371994271213
jp-copilot-fp100,82.813965,0.38153596824040803
jp-copilot-fp100,82.821045,0.38253473705369484
jp-copilot-fp100,82.829102,0.3835335058669816
jp-copilot-fp100,82.836182,0.38453227468026835
jp-copilot-fp100,82.843018,0.3855310434935551
jp-copilot-fp100,82.851074,0.38652981230684186
jp-copilot-fp100,82.85791,0.38752858112012867
jp-copilot-fp100,82.865967,0.3885273499334154
jp-copilot-fp100,82.875,0.3895261187467022
jp-copilot-fp100,82.882812,0.39052488755998893
jp-copilot-fp100,82.891846,0.3915236563732757
jp-copilot-fp100,82.900879,0.3925224251865625
jp-copilot-fp100,82.910156,0.39352119399984925
jp-copilot-fp100,82.918945,0.394519962813136
jp-copilot-fp100,82.928955,0.39551873162642276
jp-copilot-fp100,82.937988,0.3965175004397095
jp-copilot-fp100,82.947998,0.3975162692529963
jp-copilot-fp100,82.957031,0.3985150380662831
jp-copilot-fp100,82.966064,0.39951380687956983
jp-copilot-fp100,82.976074,0.4005125756928566
jp-copilot-fp100,82.986816,0.4015113445061434
jp-copilot-fp100,82.99707,0.40251011331943015
jp-copilot-fp100,83.01001,0.4035088821327169
jp-copilot-fp100,83.023926,0.40450765094600366
jp-copilot-fp100,83.036133,0.4055064197592904
jp-copilot-fp100,83.050049,0.4065051885725772
jp-copilot-fp100,83.062988,0.407503957385864
jp-copilot-fp100,83.074951,0.40850272619915073
jp-copilot-fp100,83.088867,0.4095014950124375
jp-copilot-fp100,83.103027,0.41050026382572424
jp-copilot-fp100,83.119141,0.41149903263901105
jp-copilot-fp100,83.13208,0.4124978014522978
jp-copilot-fp100,83.147949,0.41349657026558456
jp-copilot-fp100,83.163086,0.4144953390788713
jp-copilot-fp100,83.180908,0.41549410789215807
jp-copilot-fp100,83.198975,0.4164928767054449
jp-copilot-fp100,83.215088,0.41749164551873164
jp-copilot-fp100,83.234131,0.4184904143320184
jp-copilot-fp100,83.251953,0.41948918314530514
jp-copilot-fp100,83.271973,0.4204879519585919
jp-copilot-fp100,83.298828,0.4214867207718787
jp-copilot-fp100,83.324951,0.42248548958516546
jp-copilot-fp100,83.352051,0.4234842583984522
jp-copilot-fp100,83.377197,0.424483027211739
jp-copilot-fp100,83.407959,0.4254817960250257
jp-copilot-fp100,83.446045,0.42648056483831254
jp-copilot-fp100,83.480225,0.4274793336515993
jp-copilot-fp100,83.52002,0.42847810246488605
jp-copilot-fp100,83.557129,0.4294768712781728
jp-copilot-fp100,83.601074,0.4304756400914596
jp-copilot-fp100,83.6521,0.43147440890474636
jp-copilot-fp100,83.717041,0.4324731777180331
jp-copilot-fp100,83.781982,0.4334719465313199
jp-copilot-fp100,83.870117,0.43447071534460663
jp-copilot-fp100,83.987061,0.43546948415789344
jp-copilot-fp100,84.129883,0.4364682529711802
jp-copilot-fp100,84.293945,0.43746702178446695
jp-copilot-fp100,84.531006,0.4384657905977537
jp-copilot-fp100,84.824951,0.43946455941104046
jp-copilot-fp100,85.199951,0.44046332822432727
jp-copilot-fp100,85.595947,0.441462097037614
jp-copilot-fp100,85.953125,0.4424608658509008
jp-copilot-fp100,86.360107,0.44345963466418753
jp-copilot-fp100,86.813965,0.4444584034774743
jp-copilot-fp100,87.270996,0.4454571722907611
jp-copilot-fp100,87.757812,0.44645594110404785
jp-copilot-fp100,88.275879,0.4474547099173346
jp-copilot-fp100,88.791016,0.44845347873062136
jp-copilot-fp100,89.319824,0.4494522475439081
jp-copilot-fp100,89.872803,0.4504510163571949
jp-copilot-fp100,90.488037,0.4514497851704817
jp-copilot-fp100,91.00293,0.45244855398376843
jp-copilot-fp100,91.593994,0.4534473227970552
jp-copilot-fp100,92.176025,0.454446091610342
jp-copilot-fp100,92.671143,0.45544486042362875
jp-copilot-fp100,93.12915,0.4564436292369155
jp-copilot-fp100,93.551025,0.45744239805020226
jp-copilot-fp100,93.990967,0.458441166863489
jp-copilot-fp100,94.433838,0.4594399356767758
jp-copilot-fp100,94.875977,0.4604387044900626
jp-copilot-fp100,95.362061,0.46143747330334933
jp-copilot-fp100,95.85498,0.4624362421166361
jp-copilot-fp100,96.331055,0.46343501092992284
jp-copilot-fp100,96.800781,0.46443377974320965
jp-copilot-fp100,97.369873,0.4654325485564964
jp-copilot-fp100,97.712158,0.46643131736978316
jp-copilot-fp100,98.189209,0.4674300861830699
jp-copilot-fp100,98.726807,0.46842885499635667
jp-copilot-fp100,99.221924,0.4694276238096435
jp-copilot-fp100,99.751953,0.47042639262293023
jp-copilot-fp100,100.285156,0.471425161436217
jp-copilot-fp100,100.713135,0.47242393024950374
jp-copilot-fp100,101.035889,0.4734226990627905
jp-copilot-fp100,101.351807,0.4744214678760773
jp-copilot-fp100,101.559082,0.47542023668936406
jp-copilot-fp100,101.728027,0.4764190055026508
jp-copilot-fp100,101.839111,0.47741777431593757
jp-copilot-fp100,101.956787,0.4784165431292243
jp-copilot-fp100,102.019043,0.47941531194251114
jp-copilot-fp100,102.082031,0.4804140807557979
jp-copilot-fp100,102.133057,0.48141284956908464
jp-copilot-fp100,102.177979,0.4824116183823714
jp-copilot-fp100,102.220947,0.4834103871956582
jp-copilot-fp100,102.259033,0.48440915600894496
jp-copilot-fp100,102.295166,0.4854079248222317
jp-copilot-fp100,102.326172,0.4864066936355185
jp-copilot-fp100,102.354004,0.4874054624488052
jp-copilot-fp100,102.379883,0.48840423126209204
jp-copilot-fp100,102.404053,0.4894030000753788
jp-copilot-fp100,102.428955,0.49040176888866555
jp-copilot-fp100,102.450928,0.4914005377019523
jp-copilot-fp100,102.470215,0.49239930651523905
jp-copilot-fp100,102.491943,0.49339807532852586
jp-copilot-fp100,102.511963,0.4943968441418126
jp-copilot-fp100,102.531982,0.4953956129550994
jp-copilot-fp100,102.548096,0.49639438176838613
jp-copilot-fp100,102.563965,0.4973931505816729
jp-copilot-fp100,102.578857,0.4983919193949597
jp-copilot-fp100,102.591064,0.49939068820824645
jp-copilot-fp100,102.606201,0.5003894570215333
jp-copilot-fp100,102.62207,0.50138822583482
jp-copilot-fp100,102.635986,0.5023869946481068
jp-copilot-fp100,102.651855,0.5033857634613935
jp-copilot-fp100,102.665039,0.5043845322746803
jp-copilot-fp100,102.680908,0.505383301087967
jp-copilot-fp100,102.693848,0.5063820699012538
jp-copilot-fp100,102.708008,0.5073808387145405
jp-copilot-fp100,102.719971,0.5083796075278273
jp-copilot-fp100,102.731201,0.509378376341114
jp-copilot-fp100,102.744141,0.5103771451544009
jp-copilot-fp100,102.755127,0.5113759139676877
jp-copilot-fp100,102.766113,0.5123746827809744
jp-copilot-fp100,102.775879,0.5133734515942612
jp-copilot-fp100,102.787842,0.5143722204075479
jp-copilot-fp100,102.798828,0.5153709892208347
jp-copilot-fp100,102.807861,0.5163697580341214
jp-copilot-fp100,102.817871,0.5173685268474082
jp-copilot-fp100,102.827148,0.518367295660695
jp-copilot-fp100,102.836914,0.5193660644739817
jp-copilot-fp100,102.846924,0.5203648332872686
jp-copilot-fp100,102.857178,0.5213636021005553
jp-copilot-fp100,102.866943,0.5223623709138421
jp-copilot-fp100,102.87793,0.5233611397271288
jp-copilot-fp100,102.886963,0.5243599085404156
jp-copilot-fp100,102.895996,0.5253586773537023
jp-copilot-fp100,102.906006,0.5263574461669891
jp-copilot-fp100,102.915039,0.5273562149802759
jp-copilot-fp100,102.924072,0.5283549837935626
jp-copilot-fp100,102.933105,0.5293537526068495
jp-copilot-fp100,102.943115,0.5303525214201362
jp-copilot-fp100,102.951904,0.531351290233423
jp-copilot-fp100,102.960205,0.5323500590467097
jp-copilot-fp100,102.968018,0.5333488278599965
jp-copilot-fp100,102.977051,0.5343475966732832
jp-copilot-fp100,102.98584,0.53534636548657
jp-copilot-fp100,102.994873,0.5363451342998568
jp-copilot-fp100,103.00293,0.5373439031131435
jp-copilot-fp100,103.010986,0.5383426719264303
jp-copilot-fp100,103.019043,0.5393414407397171
jp-copilot-fp100,103.026855,0.5403402095530039
jp-copilot-fp100,103.035889,0.5413389783662906
jp-copilot-fp100,103.042969,0.5423377471795774
jp-copilot-fp100,103.052002,0.5433365159928641
jp-copilot-fp100,103.059082,0.5443352848061509
jp-copilot-fp100,103.067871,0.5453340536194377
jp-copilot-fp100,103.076172,0.5463328224327244
jp-copilot-fp100,103.083984,0.5473315912460112
jp-copilot-fp100,103.091064,0.548330360059298
jp-copilot-fp100,103.099121,0.5493291288725848
jp-copilot-fp100,103.105957,0.5503278976858715
jp-copilot-fp100,103.114014,0.5513266664991583
jp-copilot-fp100,103.12085,0.552325435312445
jp-copilot-fp100,103.12793,0.5533242041257318
jp-copilot-fp100,103.135986,0.5543229729390186
jp-copilot-fp100,103.143066,0.5553217417523053
jp-copilot-fp100,103.149902,0.5563205105655921
jp-copilot-fp100,103.156982,0.5573192793788788
jp-copilot-fp100,103.163086,0.5583180481921657
jp-copilot-fp100,103.168945,0.5593168170054524
jp-copilot-fp100,103.176025,0.5603155858187392
jp-copilot-fp100,103.181885,0.561314354632026
jp-copilot-fp100,103.188232,0.5623131234453127
jp-copilot-fp100,103.195068,0.5633118922585995
jp-copilot-fp100,103.200928,0.5643106610718862
jp-copilot-fp100,103.207031,0.565309429885173
jp-copilot-fp100,103.214111,0.5663081986984597
jp-copilot-fp100,103.219971,0.5673069675117465
jp-copilot-fp100,103.226807,0.5683057363250333
jp-copilot-fp100,103.23291,0.5693045051383201
jp-copilot-fp100,103.239014,0.5703032739516068
jp-copilot-fp100,103.246094,0.5713020427648936
jp-copilot-fp100,103.25293,0.5723008115781804
jp-copilot-fp100,103.259033,0.5732995803914671
jp-copilot-fp100,103.266113,0.5742983492047539
jp-copilot-fp100,103.272949,0.5752971180180406
jp-copilot-fp100,103.279053,0.5762958868313274
jp-copilot-fp100,103.284912,0.5772946556446142
jp-copilot-fp100,103.291992,0.578293424457901
jp-copilot-fp100,103.297852,0.5792921932711877
jp-copilot-fp100,103.303955,0.5802909620844745
jp-copilot-fp100,103.310791,0.5812897308977613
jp-copilot-fp100,103.317139,0.582288499711048
jp-copilot-fp100,103.322998,0.5832872685243348
jp-copilot-fp100,103.329834,0.5842860373376215
jp-copilot-fp100,103.335938,0.5852848061509083
jp-copilot-fp100,103.341797,0.586283574964195
jp-copilot-fp100,103.346924,0.5872823437774819
jp-copilot-fp100,103.353027,0.5882811125907687
jp-copilot-fp100,103.359131,0.5892798814040554
jp-copilot-fp100,103.36499,0.5902786502173422
jp-copilot-fp100,103.371094,0.5912774190306289
jp-copilot-fp100,103.376953,0.5922761878439157
jp-copilot-fp100,103.383057,0.5932749566572024
jp-copilot-fp100,103.388916,0.5942737254704892
jp-copilot-fp100,103.395996,0.5952724942837759
jp-copilot-fp100,103.4021,0.5962712630970627
jp-copilot-fp100,103.407227,0.5972700319103496
jp-copilot-fp100,103.412842,0.5982688007236363
jp-copilot-fp100,103.418945,0.5992675695369231
jp-copilot-fp100,103.425049,0.6002663383502098
jp-copilot-fp100,103.430176,0.6012651071634966
jp-copilot-fp100,103.435791,0.6022638759767833
jp-copilot-fp100,103.440918,0.6032626447900701
jp-copilot-fp100,103.446777,0.6042614136033568
jp-copilot-fp100,103.451172,0.6052601824166436
jp-copilot-fp100,103.457031,0.6062589512299305
jp-copilot-fp100,103.462891,0.6072577200432172
jp-copilot-fp100,103.468994,0.608256488856504
jp-copilot-fp100,103.474121,0.6092552576697907
jp-copilot-fp100,103.47998,0.6102540264830775
jp-copilot-fp100,103.48584,0.6112527952963642
jp-copilot-fp100,103.490967,0.612251564109651
jp-copilot-fp100,103.496826,0.6132503329229377
jp-copilot-fp100,103.500977,0.6142491017362245
jp-copilot-fp100,103.50708,0.6152478705495112
jp-copilot-fp100,103.512939,0.6162466393627981
jp-copilot-fp100,103.518066,0.6172454081760849
jp-copilot-fp100,103.523926,0.6182441769893716
jp-copilot-fp100,103.529053,0.6192429458026584
jp-copilot-fp100,103.533936,0.6202417146159451
jp-copilot-fp100,103.539062,0.6212404834292319
jp-copilot-fp100,103.544922,0.6222392522425186
jp-copilot-fp100,103.550049,0.6232380210558054
jp-copilot-fp100,103.555908,0.6242367898690921
jp-copilot-fp100,103.561035,0.6252355586823789
jp-copilot-fp100,103.565918,0.6262343274956658
jp-copilot-fp100,103.571045,0.6272330963089525
jp-copilot-fp100,103.576172,0.6282318651222393
jp-copilot-fp100,103.581055,0.629230633935526
jp-copilot-fp100,103.586914,0.6302294027488128
jp-copilot-fp100,103.592041,0.6312281715620995
jp-copilot-fp100,103.596924,0.6322269403753863
jp-copilot-fp100,103.602051,0.633225709188673
jp-copilot-fp100,103.606934,0.6342244780019598
jp-copilot-fp100,103.613037,0.6352232468152467
jp-copilot-fp100,103.61792,0.6362220156285334
jp-copilot-fp100,103.623047,0.6372207844418202
jp-copilot-fp100,103.628906,0.6382195532551069
jp-copilot-fp100,103.634033,0.6392183220683937
jp-copilot-fp100,103.639893,0.6402170908816804
jp-copilot-fp100,103.64502,0.6412158596949672
jp-copilot-fp100,103.649902,0.642214628508254
jp-copilot-fp100,103.655029,0.6432133973215407
jp-copilot-fp100,103.660156,0.6442121661348275
jp-copilot-fp100,103.666016,0.6452109349481143
jp-copilot-fp100,103.672119,0.6462097037614011
jp-copilot-fp100,103.677979,0.6472084725746878
jp-copilot-fp100,103.682861,0.6482072413879746
jp-copilot-fp100,103.688965,0.6492060102012613
jp-copilot-fp100,103.693848,0.6502047790145481
jp-copilot-fp100,103.697998,0.6512035478278348
jp-copilot-fp100,103.704102,0.6522023166411216
jp-copilot-fp100,103.709961,0.6532010854544084
jp-copilot-fp100,103.714844,0.6541998542676951
jp-copilot-fp100,103.720947,0.655198623080982
jp-copilot-fp100,103.726074,0.6561973918942687
jp-copilot-fp100,103.731934,0.6571961607075555
jp-copilot-fp100,103.738037,0.6581949295208422
jp-copilot-fp100,103.743164,0.659193698334129
jp-copilot-fp100,103.749023,0.6601924671474158
jp-copilot-fp100,103.754883,0.6611912359607025
jp-copilot-fp100,103.76001,0.6621900047739893
jp-copilot-fp100,103.76416,0.663188773587276
jp-copilot-fp100,103.77002,0.6641875424005629
jp-copilot-fp100,103.775879,0.6651863112138496
jp-copilot-fp100,103.780029,0.6661850800271364
jp-copilot-fp100,103.785889,0.6671838488404231
jp-copilot-fp100,103.791016,0.6681826176537099
jp-copilot-fp100,103.796143,0.6691813864669967
jp-copilot-fp100,103.801025,0.6701801552802834
jp-copilot-fp100,103.806152,0.6711789240935702
jp-copilot-fp100,103.811768,0.6721776929068569
jp-copilot-fp100,103.816895,0.6731764617201437
jp-copilot-fp100,103.822021,0.6741752305334305
jp-copilot-fp100,103.827148,0.6751739993467173
jp-copilot-fp100,103.832031,0.676172768160004
jp-copilot-fp100,103.836914,0.6771715369732908
jp-copilot-fp100,103.842041,0.6781703057865776
jp-copilot-fp100,103.846924,0.6791690745998643
jp-copilot-fp100,103.852051,0.6801678434131511
jp-copilot-fp100,103.856934,0.6811666122264378
jp-copilot-fp100,103.861084,0.6821653810397246
jp-copilot-fp100,103.866943,0.6831641498530114
jp-copilot-fp100,103.871094,0.6841629186662982
jp-copilot-fp100,103.876953,0.685161687479585
jp-copilot-fp100,103.88208,0.6861604562928717
jp-copilot-fp100,103.887939,0.6871592251061585
jp-copilot-fp100,103.893066,0.6881579939194452
jp-copilot-fp100,103.898926,0.689156762732732
jp-copilot-fp100,103.904053,0.6901555315460187
jp-copilot-fp100,103.910156,0.6911543003593055
jp-copilot-fp100,103.915039,0.6921530691725922
jp-copilot-fp100,103.919922,0.6931518379858791
jp-copilot-fp100,103.925781,0.6941506067991658
jp-copilot-fp100,103.930908,0.6951493756124526
jp-copilot-fp100,103.936035,0.6961481444257394
jp-copilot-fp100,103.941895,0.6971469132390261
jp-copilot-fp100,103.947021,0.6981456820523129
jp-copilot-fp100,103.952148,0.6991444508655996
jp-copilot-fp100,103.958008,0.7001432196788864
jp-copilot-fp100,103.962891,0.7011419884921731
jp-copilot-fp100,103.967041,0.7021407573054599
jp-copilot-fp100,103.9729,0.7031395261187467
jp-copilot-fp100,103.978027,0.7041382949320335
jp-copilot-fp100,103.983154,0.7051370637453203
jp-copilot-fp100,103.988037,0.706135832558607
jp-copilot-fp100,103.993896,0.7071346013718938
jp-copilot-fp100,103.999023,0.7081333701851805
jp-copilot-fp100,104.003906,0.7091321389984673
jp-copilot-fp100,104.009766,0.710130907811754
jp-copilot-fp100,104.015137,0.7111296766250408
jp-copilot-fp100,104.02002,0.7121284454383277
jp-copilot-fp100,104.025879,0.7131272142516144
jp-copilot-fp100,104.031982,0.7141259830649012
jp-copilot-fp100,104.037842,0.7151247518781879
jp-copilot-fp100,104.043945,0.7161235206914747
jp-copilot-fp100,104.049072,0.7171222895047614
jp-copilot-fp100,104.053955,0.7181210583180482
jp-copilot-fp100,104.059082,0.7191198271313349
jp-copilot-fp100,104.064941,0.7201185959446217
jp-copilot-fp100,104.070068,0.7211173647579084
jp-copilot-fp100,104.074951,0.7221161335711953
jp-copilot-fp100,104.081055,0.7231149023844821
jp-copilot-fp100,104.086914,0.7241136711977688
jp-copilot-fp100,104.092041,0.7251124400110556
jp-copilot-fp100,104.096924,0.7261112088243423
jp-copilot-fp100,104.102051,0.7271099776376291
jp-copilot-fp100,104.10791,0.7281087464509158
jp-copilot-fp100,104.113037,0.7291075152642026
jp-copilot-fp100,104.118896,0.7301062840774893
jp-copilot-fp100,104.123779,0.7311050528907761
jp-copilot-fp100,104.129883,0.732103821704063
jp-copilot-fp100,104.13501,0.7331025905173497
jp-copilot-fp100,104.138916,0.7341013593306365
jp-copilot-fp100,104.14502,0.7351001281439232
jp-copilot-fp100,104.150146,0.73609889695721
jp-copilot-fp100,104.156006,0.7370976657704967
jp-copilot-fp100,104.161133,0.7380964345837835
jp-copilot-fp100,104.167969,0.7390952033970702
jp-copilot-fp100,104.173096,0.740093972210357
jp-copilot-fp100,104.179932,0.7410927410236439
jp-copilot-fp100,104.184814,0.7420915098369306
jp-copilot-fp100,104.190186,0.7430902786502174
jp-copilot-fp100,104.197021,0.7440890474635041
jp-copilot-fp100,104.202881,0.7450878162767909
jp-copilot-fp100,104.208008,0.7460865850900776
jp-copilot-fp100,104.213135,0.7470853539033644
jp-copilot-fp100,104.218018,0.7480841227166511
jp-copilot-fp100,104.224121,0.7490828915299379
jp-copilot-fp100,104.22998,0.7500816603432247
jp-copilot-fp100,104.235107,0.7510804291565115
jp-copilot-fp100,104.240967,0.7520791979697983
jp-copilot-fp100,104.24707,0.753077966783085
jp-copilot-fp100,104.25293,0.7540767355963718
jp-copilot-fp100,104.259033,0.7550755044096585
jp-copilot-fp100,104.26416,0.7560742732229453
jp-copilot-fp100,104.27002,0.757073042036232
jp-copilot-fp100,104.276123,0.7580718108495188
jp-copilot-fp100,104.282959,0.7590705796628056
jp-copilot-fp100,104.289062,0.7600693484760923
jp-copilot-fp100,104.294922,0.7610681172893792
jp-copilot-fp100,104.301025,0.7620668861026659
jp-copilot-fp100,104.307861,0.7630656549159527
jp-copilot-fp100,104.312988,0.7640644237292394
jp-copilot-fp100,104.319824,0.7650631925425262
jp-copilot-fp100,104.325928,0.766061961355813
jp-copilot-fp100,104.332031,0.7670607301690997
jp-copilot-fp100,104.337158,0.7680594989823865
jp-copilot-fp100,104.343994,0.7690582677956732
jp-copilot-fp100,104.351074,0.7700570366089601
jp-copilot-fp100,104.357178,0.7710558054222468
jp-copilot-fp100,104.364014,0.7720545742355336
jp-copilot-fp100,104.37085,0.7730533430488203
jp-copilot-fp100,104.376953,0.7740521118621071
jp-copilot-fp100,104.383057,0.7750508806753938
jp-copilot-fp100,104.390137,0.7760496494886806
jp-copilot-fp100,104.397949,0.7770484183019674
jp-copilot-fp100,104.405029,0.7780471871152541
jp-copilot-fp100,104.411133,0.7790459559285409
jp-copilot-fp100,104.418945,0.7800447247418277
jp-copilot-fp100,104.426025,0.7810434935551145
jp-copilot-fp100,104.433838,0.7820422623684012
jp-copilot-fp100,104.439941,0.783041031181688
jp-copilot-fp100,104.447021,0.7840397999949748
jp-copilot-fp100,104.454834,0.7850385688082615
jp-copilot-fp100,104.461182,0.7860373376215483
jp-copilot-fp100,104.468018,0.787036106434835
jp-copilot-fp100,104.476074,0.7880348752481218
jp-copilot-fp100,104.483887,0.7890336440614085
jp-copilot-fp100,104.490967,0.7900324128746954
jp-copilot-fp100,104.498047,0.7910311816879821
jp-copilot-fp100,104.506104,0.7920299505012689
jp-copilot-fp100,104.514893,0.7930287193145557
jp-copilot-fp100,104.521973,0.7940274881278424
jp-copilot-fp100,104.529053,0.7950262569411292
jp-copilot-fp100,104.536133,0.7960250257544159
jp-copilot-fp100,104.542969,0.7970237945677027
jp-copilot-fp100,104.551025,0.7980225633809894
jp-copilot-fp100,104.558838,0.7990213321942763
jp-copilot-fp100,104.568115,0.800020101007563
jp-copilot-fp100,104.575928,0.8010188698208498
jp-copilot-fp100,104.583984,0.8020176386341366
jp-copilot-fp100,104.591064,0.8030164074474233
jp-copilot-fp100,104.60083,0.8040151762607101
jp-copilot-fp100,104.609863,0.8050139450739968
jp-copilot-fp100,104.617188,0.8060127138872836
jp-copilot-fp100,104.625,0.8070114827005703
jp-copilot-fp100,104.634033,0.8080102515138571
jp-copilot-fp100,104.64209,0.809009020327144
jp-copilot-fp100,104.650879,0.8100077891404307
jp-copilot-fp100,104.659912,0.8110065579537175
jp-copilot-fp100,104.668945,0.8120053267670042
jp-copilot-fp100,104.677979,0.813004095580291
jp-copilot-fp100,104.686035,0.8140028643935777
jp-copilot-fp100,104.696045,0.8150016332068645
jp-copilot-fp100,104.707031,0.8160004020201512
jp-copilot-fp100,104.717041,0.816999170833438
jp-copilot-fp100,104.727051,0.8179979396467248
jp-copilot-fp100,104.736084,0.8189967084600116
jp-copilot-fp100,104.745117,0.8199954772732984
jp-copilot-fp100,104.753906,0.8209942460865851
jp-copilot-fp100,104.765137,0.8219930148998719
jp-copilot-fp100,104.775146,0.8229917837131586
jp-copilot-fp100,104.785156,0.8239905525264454
jp-copilot-fp100,104.795166,0.8249893213397321
jp-copilot-fp100,104.804932,0.8259880901530189
jp-copilot-fp100,104.815186,0.8269868589663056
jp-copilot-fp100,104.824951,0.8279856277795925
jp-copilot-fp100,104.836182,0.8289843965928793
jp-copilot-fp100,104.848145,0.829983165406166
jp-copilot-fp100,104.859863,0.8309819342194528
jp-copilot-fp100,104.869873,0.8319807030327395
jp-copilot-fp100,104.881104,0.8329794718460263
jp-copilot-fp100,104.893066,0.833978240659313
jp-copilot-fp100,104.906006,0.8349770094725998
jp-copilot-fp100,104.918945,0.8359757782858865
jp-copilot-fp100,104.931885,0.8369745470991733
jp-copilot-fp100,104.945068,0.8379733159124602
jp-copilot-fp100,104.957031,0.8389720847257469
jp-copilot-fp100,104.968994,0.8399708535390337
jp-copilot-fp100,104.981934,0.8409696223523204
jp-copilot-fp100,104.99707,0.8419683911656072
jp-copilot-fp100,105.012939,0.8429671599788939
jp-copilot-fp100,105.0271,0.8439659287921807
jp-copilot-fp100,105.041016,0.8449646976054674
jp-copilot-fp100,105.056885,0.8459634664187542
jp-copilot-fp100,105.072021,0.8469622352320411
jp-copilot-fp100,105.087891,0.8479610040453278
jp-copilot-fp100,105.104004,0.8489597728586146
jp-copilot-fp100,105.119873,0.8499585416719013
jp-copilot-fp100,105.135986,0.8509573104851881
jp-copilot-fp100,105.155029,0.8519560792984748
jp-copilot-fp100,105.171875,0.8529548481117616
jp-copilot-fp100,105.187988,0.8539536169250483
jp-copilot-fp100,105.206055,0.8549523857383351
jp-copilot-fp100,105.225098,0.8559511545516219
jp-copilot-fp100,105.244141,0.8569499233649087
jp-copilot-fp100,105.261963,0.8579486921781955
jp-copilot-fp100,105.283936,0.8589474609914822
jp-copilot-fp100,105.307861,0.859946229804769
jp-copilot-fp100,105.327881,0.8609449986180557
jp-copilot-fp100,105.346191,0.8619437674313425
jp-copilot-fp100,105.366943,0.8629425362446292
jp-copilot-fp100,105.391846,0.863941305057916
jp-copilot-fp100,105.419922,0.8649400738712028
jp-copilot-fp100,105.447021,0.8659388426844895
jp-copilot-fp100,105.473145,0.8669376114977764
jp-copilot-fp100,105.506104,0.8679363803110631
jp-copilot-fp100,105.539062,0.8689351491243499
jp-copilot-fp100,105.578857,0.8699339179376366
jp-copilot-fp100,105.617188,0.8709326867509234
jp-copilot-fp100,105.660889,0.8719314555642101
jp-copilot-fp100,105.703857,0.8729302243774969
jp-copilot-fp100,105.746094,0.8739289931907837
jp-copilot-fp100,105.789062,0.8749277620040704
jp-copilot-fp100,105.833008,0.8759265308173573
jp-copilot-fp100,105.890869,0.876925299630644
jp-copilot-fp100,105.952148,0.8779240684439308
jp-copilot-fp100,106.012939,0.8789228372572175
jp-copilot-fp100,106.105957,0.8799216060705043
jp-copilot-fp100,106.193115,0.880920374883791
jp-copilot-fp100,106.303955,0.8819191436970778
jp-copilot-fp100,106.434814,0.8829179125103646
jp-copilot-fp100,106.586914,0.8839166813236513
jp-copilot-fp100,106.753906,0.8849154501369381
jp-copilot-fp100,106.888916,0.8859142189502249
jp-copilot-fp100,107.098145,0.8869129877635117
jp-copilot-fp100,107.329102,0.8879117565767984
jp-copilot-fp100,107.576904,0.8889105253900852
jp-copilot-fp100,107.839111,0.889909294203372
jp-copilot-fp100,108.062012,0.8909080630166587
jp-copilot-fp100,108.295898,0.8919068318299455
jp-copilot-fp100,108.603027,0.8929056006432322
jp-copilot-fp100,109.044922,0.893904369456519
jp-copilot-fp100,109.487061,0.8949031382698057
jp-copilot-fp100,109.920898,0.8959019070830926
jp-copilot-fp100,110.4021,0.8969006758963793
jp-copilot-fp100,110.905029,0.8978994447096661
jp-copilot-fp100,111.23291,0.8988982135229528
jp-copilot-fp100,111.781982,0.8998969823362396
jp-copilot-fp100,112.360107,0.9008957511495264
jp-copilot-fp100,112.932129,0.9018945199628131
jp-copilot-fp100,113.405029,0.9028932887760999
jp-copilot-fp100,113.766846,0.9038920575893866
jp-copilot-fp100,114.168945,0.9048908264026735
jp-copilot-fp100,114.560791,0.9058895952159602
jp-copilot-fp100,115.036133,0.906888364029247
jp-copilot-fp100,115.328857,0.9078871328425338
jp-copilot-fp100,115.677979,0.9088859016558205
jp-copilot-fp100,115.930908,0.9098846704691073
jp-copilot-fp100,116.295898,0.910883439282394
jp-copilot-fp100,116.575928,0.9118822080956808
jp-copilot-fp100,116.961182,0.9128809769089675
jp-copilot-fp100,117.378174,0.9138797457222543
jp-copilot-fp100,117.780029,0.9148785145355411
jp-copilot-fp100,118.473877,0.9158772833488279
jp-copilot-fp100,119.187012,0.9168760521621147
jp-copilot-fp100,120.026123,0.9178748209754014
jp-copilot-fp100,120.945068,0.9188735897886882
jp-copilot-fp100,121.884033,0.9198723586019749
jp-copilot-fp100,122.709961,0.9208711274152617
jp-copilot-fp100,123.596191,0.9218698962285484
jp-copilot-fp100,124.343994,0.9228686650418352
jp-copilot-fp100,125.171143,0.9238674338551219
jp-copilot-fp100,125.947021,0.9248662026684088
jp-copilot-fp100,126.848877,0.9258649714816956
jp-copilot-fp100,127.791016,0.9268637402949823
jp-copilot-fp100,128.718018,0.9278625091082691
jp-copilot-fp100,129.687988,0.9288612779215558
jp-copilot-fp100,130.73999,0.9298600467348426
jp-copilot-fp100,131.794922,0.9308588155481293
jp-copilot-fp100,132.845947,0.9318575843614161
jp-copilot-fp100,133.977051,0.9328563531747028
jp-copilot-fp100,135.139893,0.9338551219879897
jp-copilot-fp100,136.095947,0.9348538908012765
jp-copilot-fp100,137.205078,0.9358526596145632
jp-copilot-fp100,138.428223,0.93685142842785
jp-copilot-fp100,140.180176,0.9378501972411367
jp-copilot-fp100,142.354004,0.9388489660544235
jp-copilot-fp100,144.788086,0.9398477348677102
jp-copilot-fp100,147.764893,0.940846503680997
jp-copilot-fp100,151.099854,0.9418452724942837
jp-copilot-fp100,153.285889,0.9428440413075705
jp-copilot-fp100,155.244141,0.9438428101208574
jp-copilot-fp100,157.13208,0.9448415789341441
jp-copilot-fp100,158.832031,0.9458403477474309
jp-copilot-fp100,160.184082,0.9468391165607176
jp-copilot-fp100,161.213135,0.9478378853740044
jp-copilot-fp100,162.205078,0.9488366541872911
jp-copilot-fp100,165.37207,0.9498354230005779
jp-copilot-fp100,167.739014,0.9508341918138646
jp-copilot-fp100,169.583008,0.9518329606271514
jp-copilot-fp100,171.326172,0.9528317294404381
jp-copilot-fp100,172.915039,0.953830498253725
jp-copilot-fp100,174.430908,0.9548292670670118
jp-copilot-fp100,176.020996,0.9558280358802985
jp-copilot-fp100,177.629883,0.9568268046935853
jp-copilot-fp100,179.093994,0.957825573506872
jp-copilot-fp100,181.21582,0.9588243423201588
jp-copilot-fp100,183.637939,0.9598231111334455
jp-copilot-fp100,186.694092,0.9608218799467323
jp-copilot-fp100,190.252197,0.961820648760019
jp-copilot-fp100,192.796875,0.9628194175733059
jp-copilot-fp100,195.415039,0.9638181863865927
jp-copilot-fp100,198.170166,0.9648169551998794
jp-copilot-fp100,204.150146,0.9658157240131662
jp-copilot-fp100,234.188965,0.9668144928264529
jp-copilot-fp100,243.939941,0.9678132616397397
jp-copilot-fp100,422.422119,0.9688120304530264
jp-copilot-fp100,477.5,0.9698107992663132
jp-copilot-fp100,511.672852,0.9708095680796
jp-copilot-fp100,549.329102,0.9718083368928867
jp-copilot-fp100,582.185059,0.9728071057061736
jp-copilot-fp100,615.253174,0.9738058745194603
jp-copilot-fp100,644.291016,0.9748046433327471
jp-copilot-fp100,676.810059,0.9758034121460338
jp-copilot-fp100,706.602051,0.9768021809593206
jp-copilot-fp100,733.962891,0.9778009497726073
jp-copilot-fp100,764.074951,0.9787997185858941
jp-copilot-fp100,795.887939,0.9797984873991809
jp-copilot-fp100,824.49292,0.9807972562124676
jp-copilot-fp100,859.286865,0.9817960250257545
jp-copilot-fp100,888.628906,0.9827947938390412
jp-copilot-fp100,919.206787,0.983793562652328
jp-copilot-fp100,955.412842,0.9847923314656147
jp-copilot-fp100,983.451172,0.9857911002789015
jp-copilot-fp100,1017.031006,0.9867898690921882
jp-copilot-fp100,1042.724121,0.987788637905475
jp-copilot-fp100,1066.040039,0.9887874067187618
jp-copilot-fp100,1088.856934,0.9897861755320485
jp-copilot-fp100,1112.9021,0.9907849443453353
jp-copilot-fp100,1137.573975,0.9917837131586221
jp-copilot-fp100,1162.194092,0.9927824819719089
jp-copilot-fp100,1194.854004,0.9937812507851956
jp-copilot-fp100,1226.716064,0.9947800195984824
jp-copilot-fp100,1249.498047,0.9957787884117691
jp-copilot-fp100,1271.899902,0.9967775572250559
jp-copilot-fp100,1300.823975,0.9977763260383427
jp-copilot-fp100,1333.629883,0.9987750948516294
jp-copilot-fp100,1379.073975,0.9997738636649162
jp-copilot-adaptive,42.143066,6.259154012743638e-06
jp-copilot-adaptive,44.160156,0.001001464642038982
jp-copilot-adaptive,45.628906,0.00199667013006522
jp-copilot-adaptive,47.196045,0.002991875618091459
jp-copilot-adaptive,49.697021,0.003987081106117697
jp-copilot-adaptive,53.333984,0.004982286594143935
jp-copilot-adaptive,55.702148,0.0059774920821701735
jp-copilot-adaptive,61.009033,0.006972697570196413
jp-copilot-adaptive,69.979004,0.00796790305822265
jp-copilot-adaptive,72.27417,0.008963108546248889
jp-copilot-adaptive,75.165039,0.009958314034275127
jp-copilot-adaptive,78.220215,0.010953519522301365
jp-copilot-adaptive,81.537842,0.011948725010327604
jp-copilot-adaptive,82.413086,0.012943930498353842
jp-copilot-adaptive,82.89502,0.01393913598638008
jp-copilot-adaptive,83.322021,0.01493434147440632
jp-copilot-adaptive,83.750977,0.015929546962432557
jp-copilot-adaptive,84.277832,0.016924752450458797
jp-copilot-adaptive,84.901123,0.017919957938485033
jp-copilot-adaptive,85.812012,0.018915163426511273
jp-copilot-adaptive,86.928955,0.01991036891453751
jp-copilot-adaptive,88.170898,0.02090557440256375
jp-copilot-adaptive,89.393066,0.02190077989058999
jp-copilot-adaptive,90.378906,0.022895985378616226
jp-copilot-adaptive,91.345947,0.023891190866642466
jp-copilot-adaptive,92.14502,0.024886396354668702
jp-copilot-adaptive,92.843994,0.025881601842694942
jp-copilot-adaptive,93.566895,0.02687680733072118
jp-copilot-adaptive,94.276123,0.02787201281874742
jp-copilot-adaptive,95.156006,0.028867218306773655
jp-copilot-adaptive,96.189941,0.029862423794799895
jp-copilot-adaptive,97.12207,0.03085762928282613
jp-copilot-adaptive,97.990234,0.03185283477085237
jp-copilot-adaptive,98.705811,0.03284804025887861
jp-copilot-adaptive,99.258057,0.03384324574690485
jp-copilot-adaptive,99.708008,0.03483845123493109
jp-copilot-adaptive,100.091064,0.035833656722957324
jp-copilot-adaptive,100.400146,0.03682886221098356
jp-copilot-adaptive,100.64209,0.037824067699009804
jp-copilot-adaptive,100.831055,0.03881927318703604
jp-copilot-adaptive,100.971924,0.03981447867506228
jp-copilot-adaptive,101.089111,0.040809684163088514
jp-copilot-adaptive,101.218994,0.04180488965111476
jp-copilot-adaptive,101.310059,0.042800095139140994
jp-copilot-adaptive,101.397949,0.04379530062716723
jp-copilot-adaptive,101.461914,0.044790506115193474
jp-copilot-adaptive,101.526855,0.04578571160321971
jp-copilot-adaptive,101.593018,0.04678091709124595
jp-copilot-adaptive,101.655029,0.04777612257927218
jp-copilot-adaptive,101.702148,0.048771328067298426
jp-copilot-adaptive,101.74707,0.04976653355532466
jp-copilot-adaptive,101.791992,0.0507617390433509
jp-copilot-adaptive,101.833984,0.051756944531377136
jp-copilot-adaptive,101.869141,0.05275215001940338
jp-copilot-adaptive,101.906006,0.053747355507429616
jp-copilot-adaptive,101.940918,0.05474256099545585
jp-copilot-adaptive,101.980957,0.055737766483482096
jp-copilot-adaptive,102.020996,0.05673297197150833
jp-copilot-adaptive,102.048828,0.05772817745953457
jp-copilot-adaptive,102.076904,0.058723382947560805
jp-copilot-adaptive,102.106934,0.05971858843558705
jp-copilot-adaptive,102.129883,0.060713793923613285
jp-copilot-adaptive,102.160156,0.06170899941163952
jp-copilot-adaptive,102.183105,0.06270420489966576
jp-copilot-adaptive,102.206055,0.063699410387692
jp-copilot-adaptive,102.228027,0.06469461587571823
jp-copilot-adaptive,102.250977,0.06568982136374447
jp-copilot-adaptive,102.269043,0.06668502685177072
jp-copilot-adaptive,102.291016,0.06768023233979695
jp-copilot-adaptive,102.310059,0.06867543782782319
jp-copilot-adaptive,102.328125,0.06967064331584943
jp-copilot-adaptive,102.343994,0.07066584880387566
jp-copilot-adaptive,102.360107,0.07166105429190191
jp-copilot-adaptive,102.375,0.07265625977992815
jp-copilot-adaptive,102.387939,0.07365146526795438
jp-copilot-adaptive,102.404053,0.07464667075598062
jp-copilot-adaptive,102.419189,0.07564187624400685
jp-copilot-adaptive,102.437012,0.0766370817320331
jp-copilot-adaptive,102.454102,0.07763228722005934
jp-copilot-adaptive,102.468994,0.07862749270808557
jp-copilot-adaptive,102.48291,0.07962269819611181
jp-copilot-adaptive,102.497803,0.08061790368413806
jp-copilot-adaptive,102.51001,0.08161310917216429
jp-copilot-adaptive,102.524902,0.08260831466019053
jp-copilot-adaptive,102.536865,0.08360352014821677
jp-copilot-adaptive,102.550049,0.084598725636243
jp-copilot-adaptive,102.562012,0.08559393112426925
jp-copilot-adaptive,102.572998,0.08658913661229548
jp-copilot-adaptive,102.584961,0.08758434210032172
jp-copilot-adaptive,102.596924,0.08857954758834796
jp-copilot-adaptive,102.608887,0.08957475307637419
jp-copilot-adaptive,102.620117,0.09056995856440044
jp-copilot-adaptive,102.630859,0.09156516405242668
jp-copilot-adaptive,102.641113,0.09256036954045291
jp-copilot-adaptive,102.6521,0.09355557502847915
jp-copilot-adaptive,102.663086,0.0945507805165054
jp-copilot-adaptive,102.674805,0.09554598600453162
jp-copilot-adaptive,102.684082,0.09654119149255787
jp-copilot-adaptive,102.694092,0.0975363969805841
jp-copilot-adaptive,102.703857,0.09853160246861034
jp-copilot-adaptive,102.713867,0.09952680795663658
jp-copilot-adaptive,102.721924,0.10052201344466281
jp-copilot-adaptive,102.730957,0.10151721893268906
jp-copilot-adaptive,102.740967,0.1025124244207153
jp-copilot-adaptive,102.75,0.10350762990874153
jp-copilot-adaptive,102.759033,0.10450283539676777
jp-copilot-adaptive,102.769043,0.10549804088479402
jp-copilot-adaptive,102.777832,0.10649324637282025
jp-copilot-adaptive,102.787109,0.10748845186084649
jp-copilot-adaptive,102.794922,0.10848365734887272
jp-copilot-adaptive,102.802002,0.10947886283689896
jp-copilot-adaptive,102.810059,0.1104740683249252
jp-copilot-adaptive,102.819824,0.11146927381295144
jp-copilot-adaptive,102.829102,0.11246447930097768
jp-copilot-adaptive,102.835205,0.11345968478900392
jp-copilot-adaptive,102.843018,0.11445489027703015
jp-copilot-adaptive,102.851074,0.1154500957650564
jp-copilot-adaptive,102.858887,0.11644530125308264
jp-copilot-adaptive,102.865967,0.11744050674110887
jp-copilot-adaptive,102.874023,0.11843571222913511
jp-copilot-adaptive,102.880859,0.11943091771716134
jp-copilot-adaptive,102.887939,0.12042612320518759
jp-copilot-adaptive,102.89502,0.12142132869321383
jp-copilot-adaptive,102.9021,0.12241653418124006
jp-copilot-adaptive,102.909912,0.1234117396692663
jp-copilot-adaptive,102.918945,0.12440694515729254
jp-copilot-adaptive,102.927002,0.1254021506453188
jp-copilot-adaptive,102.934082,0.12639735613334502
jp-copilot-adaptive,102.940186,0.12739256162137125
jp-copilot-adaptive,102.947998,0.1283877671093975
jp-copilot-adaptive,102.955078,0.12938297259742373
jp-copilot-adaptive,102.960938,0.13037817808544996
jp-copilot-adaptive,102.968018,0.13137338357347622
jp-copilot-adaptive,102.974854,0.13236858906150245
jp-copilot-adaptive,102.982178,0.13336379454952868
jp-copilot-adaptive,102.989014,0.13435900003755494
jp-copilot-adaptive,102.996094,0.13535420552558117
jp-copilot-adaptive,103.001953,0.1363494110136074
jp-copilot-adaptive,103.008057,0.13734461650163363
jp-copilot-adaptive,103.01416,0.13833982198965988
jp-copilot-adaptive,103.020996,0.1393350274776861
jp-copilot-adaptive,103.0271,0.14033023296571234
jp-copilot-adaptive,103.033936,0.1413254384537386
jp-copilot-adaptive,103.039062,0.14232064394176483
jp-copilot-adaptive,103.044922,0.14331584942979106
jp-copilot-adaptive,103.051025,0.14431105491781732
jp-copilot-adaptive,103.057861,0.14530626040584355
jp-copilot-adaptive,103.063965,0.14630146589386978
jp-copilot-adaptive,103.071045,0.14729667138189603
jp-copilot-adaptive,103.076904,0.14829187686992226
jp-copilot-adaptive,103.082031,0.1492870823579485
jp-copilot-adaptive,103.088135,0.15028228784597475
jp-copilot-adaptive,103.093994,0.15127749333400098
jp-copilot-adaptive,103.099854,0.1522726988220272
jp-copilot-adaptive,103.105225,0.15326790431005347
jp-copilot-adaptive,103.111084,0.1542631097980797
jp-copilot-adaptive,103.116943,0.15525831528610592
jp-copilot-adaptive,103.12207,0.15625352077413218
jp-copilot-adaptive,103.12793,0.1572487262621584
jp-copilot-adaptive,103.134033,0.15824393175018464
jp-copilot-adaptive,103.139893,0.15923913723821087
jp-copilot-adaptive,103.14502,0.16023434272623713
jp-copilot-adaptive,103.151123,0.16122954821426336
jp-copilot-adaptive,103.156006,0.1622247537022896
jp-copilot-adaptive,103.161865,0.16321995919031584
jp-copilot-adaptive,103.166992,0.16421516467834207
jp-copilot-adaptive,103.171875,0.1652103701663683
jp-copilot-adaptive,103.177979,0.16620557565439456
jp-copilot-adaptive,103.182861,0.1672007811424208
jp-copilot-adaptive,103.187988,0.16819598663044702
jp-copilot-adaptive,103.193115,0.16919119211847328
jp-copilot-adaptive,103.197998,0.1701863976064995
jp-copilot-adaptive,103.202881,0.17118160309452574
jp-copilot-adaptive,103.208008,0.172176808582552
jp-copilot-adaptive,103.213135,0.17317201407057822
jp-copilot-adaptive,103.218994,0.17416721955860445
jp-copilot-adaptive,103.223877,0.1751624250466307
jp-copilot-adaptive,103.22998,0.17615763053465694
jp-copilot-adaptive,103.235107,0.17715283602268317
jp-copilot-adaptive,103.23999,0.17814804151070943
jp-copilot-adaptive,103.243896,0.17914324699873566
jp-copilot-adaptive,103.249023,0.18013845248676189
jp-copilot-adaptive,103.25415,0.18113365797478811
jp-copilot-adaptive,103.259033,0.18212886346281437
jp-copilot-adaptive,103.263916,0.1831240689508406
jp-copilot-adaptive,103.268066,0.18411927443886683
jp-copilot-adaptive,103.272949,0.1851144799268931
jp-copilot-adaptive,103.2771,0.18610968541491932
jp-copilot-adaptive,103.281982,0.18710489090294555
jp-copilot-adaptive,103.287109,0.1881000963909718
jp-copilot-adaptive,103.291016,0.18909530187899803
jp-copilot-adaptive,103.295898,0.19009050736702426
jp-copilot-adaptive,103.301025,0.19108571285505052
jp-copilot-adaptive,103.305908,0.19208091834307675
jp-copilot-adaptive,103.310059,0.19307612383110298
jp-copilot-adaptive,103.313965,0.19407132931912924
jp-copilot-adaptive,103.318848,0.19506653480715547
jp-copilot-adaptive,103.323975,0.1960617402951817
jp-copilot-adaptive,103.328857,0.19705694578320795
jp-copilot-adaptive,103.333008,0.19805215127123418
jp-copilot-adaptive,103.337891,0.1990473567592604
jp-copilot-adaptive,103.342041,0.20004256224728667
jp-copilot-adaptive,103.346924,0.2010377677353129
jp-copilot-adaptive,103.351074,0.20203297322333913
jp-copilot-adaptive,103.355957,0.20302817871136536
jp-copilot-adaptive,103.359863,0.20402338419939162
jp-copilot-adaptive,103.36499,0.20501858968741785
jp-copilot-adaptive,103.369873,0.20601379517544408
jp-copilot-adaptive,103.375,0.20700900066347033
jp-copilot-adaptive,103.379883,0.20800420615149656
jp-copilot-adaptive,103.384033,0.2089994116395228
jp-copilot-adaptive,103.387939,0.20999461712754905
jp-copilot-adaptive,103.39209,0.21098982261557528
jp-copilot-adaptive,103.395996,0.2119850281036015
jp-copilot-adaptive,103.400879,0.21298023359162777
jp-copilot-adaptive,103.405029,0.213975439079654
jp-copilot-adaptive,103.408936,0.21497064456768022
jp-copilot-adaptive,103.412842,0.21596585005570648
jp-copilot-adaptive,103.416992,0.2169610555437327
jp-copilot-adaptive,103.421143,0.21795626103175894
jp-copilot-adaptive,103.426025,0.2189514665197852
jp-copilot-adaptive,103.430908,0.21994667200781143
jp-copilot-adaptive,103.434082,0.22094187749583766
jp-copilot-adaptive,103.438965,0.22193708298386391
jp-copilot-adaptive,103.442871,0.22293228847189014
jp-copilot-adaptive,103.446777,0.22392749395991637
jp-copilot-adaptive,103.450928,0.2249226994479426
jp-copilot-adaptive,103.454102,0.22591790493596886
jp-copilot-adaptive,103.458984,0.2269131104239951
jp-copilot-adaptive,103.462891,0.22790831591202132
jp-copilot-adaptive,103.467041,0.22890352140004758
jp-copilot-adaptive,103.470947,0.2298987268880738
jp-copilot-adaptive,103.475098,0.23089393237610004
jp-copilot-adaptive,103.479004,0.2318891378641263
jp-copilot-adaptive,103.48291,0.23288434335215252
jp-copilot-adaptive,103.486816,0.23387954884017875
jp-copilot-adaptive,103.490967,0.234874754328205
jp-copilot-adaptive,103.494873,0.23586995981623124
jp-copilot-adaptive,103.499023,0.23686516530425747
jp-copilot-adaptive,103.502197,0.23786037079228373
jp-copilot-adaptive,103.506104,0.23885557628030996
jp-copilot-adaptive,103.51001,0.23985078176833619
jp-copilot-adaptive,103.513916,0.24084598725636244
jp-copilot-adaptive,103.51709,0.24184119274438867
jp-copilot-adaptive,103.521973,0.2428363982324149
jp-copilot-adaptive,103.524902,0.24383160372044116
jp-copilot-adaptive,103.528076,0.2448268092084674
jp-copilot-adaptive,103.531982,0.24582201469649362
jp-copilot-adaptive,103.536133,0.24681722018451985
jp-copilot-adaptive,103.540039,0.2478124256725461
jp-copilot-adaptive,103.543945,0.24880763116057233
jp-copilot-adaptive,103.548096,0.24980283664859856
jp-copilot-adaptive,103.552002,0.2507980421366248
jp-copilot-adaptive,103.555908,0.25179324762465105
jp-copilot-adaptive,103.559082,0.2527884531126773
jp-copilot-adaptive,103.563965,0.2537836586007035
jp-copilot-adaptive,103.567139,0.25477886408872974
jp-copilot-adaptive,103.571045,0.255774069576756
jp-copilot-adaptive,103.573975,0.25676927506478225
jp-copilot-adaptive,103.578125,0.2577644805528085
jp-copilot-adaptive,103.582031,0.2587596860408347
jp-copilot-adaptive,103.586182,0.25975489152886094
jp-copilot-adaptive,103.590088,0.2607500970168872
jp-copilot-adaptive,103.593994,0.26174530250491346
jp-copilot-adaptive,103.598145,0.2627405079929397
jp-copilot-adaptive,103.602051,0.2637357134809659
jp-copilot-adaptive,103.605225,0.26473091896899215
jp-copilot-adaptive,103.609131,0.2657261244570184
jp-copilot-adaptive,103.613037,0.2667213299450446
jp-copilot-adaptive,103.615967,0.2677165354330709
jp-copilot-adaptive,103.620117,0.2687117409210971
jp-copilot-adaptive,103.624023,0.26970694640912335
jp-copilot-adaptive,103.627197,0.2707021518971496
jp-copilot-adaptive,103.630859,0.2716973573851758
jp-copilot-adaptive,103.634033,0.27269256287320204
jp-copilot-adaptive,103.637939,0.2736877683612283
jp-copilot-adaptive,103.641113,0.27468297384925455
jp-copilot-adaptive,103.64502,0.2756781793372808
jp-copilot-adaptive,103.647949,0.276673384825307
jp-copilot-adaptive,103.651855,0.27766859031333324
jp-copilot-adaptive,103.655029,0.27866379580135947
jp-copilot-adaptive,103.658936,0.2796590012893857
jp-copilot-adaptive,103.662842,0.280654206777412
jp-copilot-adaptive,103.666016,0.2816494122654382
jp-copilot-adaptive,103.669922,0.28264461775346444
jp-copilot-adaptive,103.673096,0.2836398232414907
jp-copilot-adaptive,103.676025,0.2846350287295169
jp-copilot-adaptive,103.678955,0.28563023421754313
jp-copilot-adaptive,103.683105,0.2866254397055694
jp-copilot-adaptive,103.687012,0.28762064519359565
jp-copilot-adaptive,103.689941,0.2886158506816219
jp-copilot-adaptive,103.693115,0.2896110561696481
jp-copilot-adaptive,103.697021,0.29060626165767434
jp-copilot-adaptive,103.700195,0.29160146714570057
jp-copilot-adaptive,103.704102,0.29259667263372685
jp-copilot-adaptive,103.707031,0.2935918781217531
jp-copilot-adaptive,103.709961,0.2945870836097793
jp-copilot-adaptive,103.713867,0.29558228909780554
jp-copilot-adaptive,103.717041,0.29657749458583177
jp-copilot-adaptive,103.720947,0.297572700073858
jp-copilot-adaptive,103.724121,0.29856790556188423
jp-copilot-adaptive,103.727051,0.2995631110499105
jp-copilot-adaptive,103.730957,0.30055831653793674
jp-copilot-adaptive,103.735107,0.301553522025963
jp-copilot-adaptive,103.738037,0.3025487275139892
jp-copilot-adaptive,103.741943,0.30354393300201543
jp-copilot-adaptive,103.744873,0.30453913849004166
jp-copilot-adaptive,103.748047,0.30553434397806795
jp-copilot-adaptive,103.751221,0.3065295494660942
jp-copilot-adaptive,103.754883,0.3075247549541204
jp-copilot-adaptive,103.758057,0.30851996044214663
jp-copilot-adaptive,103.761963,0.30951516593017286
jp-copilot-adaptive,103.76416,0.3105103714181991
jp-copilot-adaptive,103.767822,0.3115055769062254
jp-copilot-adaptive,103.770996,0.3125007823942516
jp-copilot-adaptive,103.77417,0.31349598788227784
jp-copilot-adaptive,103.778076,0.31449119337030407
jp-copilot-adaptive,103.781006,0.3154863988583303
jp-copilot-adaptive,103.78418,0.3164816043463565
jp-copilot-adaptive,103.788086,0.3174768098343828
jp-copilot-adaptive,103.791992,0.31847201532240904
jp-copilot-adaptive,103.795166,0.31946722081043527
jp-copilot-adaptive,103.798828,0.3204624262984615
jp-copilot-adaptive,103.802002,0.32145763178648773
jp-copilot-adaptive,103.804932,0.32245283727451396
jp-copilot-adaptive,103.808105,0.3234480427625402
jp-copilot-adaptive,103.812012,0.3244432482505665
jp-copilot-adaptive,103.814941,0.3254384537385927
jp-copilot-adaptive,103.818115,0.32643365922661893
jp-copilot-adaptive,103.821045,0.32742886471464516
jp-copilot-adaptive,103.824219,0.3284240702026714
jp-copilot-adaptive,103.827881,0.3294192756906976
jp-copilot-adaptive,103.831055,0.3304144811787239
jp-copilot-adaptive,103.833984,0.33140968666675014
jp-copilot-adaptive,103.836914,0.33240489215477637
jp-copilot-adaptive,103.840088,0.3334000976428026
jp-copilot-adaptive,103.843994,0.3343953031308288
jp-copilot-adaptive,103.846924,0.33539050861885505
jp-copilot-adaptive,103.850098,0.33638571410688134
jp-copilot-adaptive,103.854004,0.33738091959490757
jp-copilot-adaptive,103.856934,0.3383761250829338
jp-copilot-adaptive,103.859863,0.33937133057096003
jp-copilot-adaptive,103.863037,0.34036653605898626
jp-copilot-adaptive,103.865967,0.3413617415470125
jp-copilot-adaptive,103.868896,0.3423569470350387
jp-copilot-adaptive,103.87207,0.343352152523065
jp-copilot-adaptive,103.875,0.34434735801109123
jp-copilot-adaptive,103.878174,0.34534256349911746
jp-copilot-adaptive,103.881104,0.3463377689871437
jp-copilot-adaptive,103.884033,0.3473329744751699
jp-copilot-adaptive,103.886963,0.34832817996319615
jp-copilot-adaptive,103.890137,0.34932338545122243
jp-copilot-adaptive,103.893066,0.35031859093924866
jp-copilot-adaptive,103.895996,0.3513137964272749
jp-copilot-adaptive,103.89917,0.3523090019153011
jp-copilot-adaptive,103.9021,0.35330420740332735
jp-copilot-adaptive,103.905029,0.3542994128913536
jp-copilot-adaptive,103.907959,0.35529461837937987
jp-copilot-adaptive,103.910889,0.3562898238674061
jp-copilot-adaptive,103.913818,0.3572850293554323
jp-copilot-adaptive,103.916992,0.35828023484345856
jp-copilot-adaptive,103.919922,0.3592754403314848
jp-copilot-adaptive,103.922852,0.360270645819511
jp-copilot-adaptive,103.926025,0.3612658513075373
jp-copilot-adaptive,103.928955,0.36226105679556353
jp-copilot-adaptive,103.932129,0.36325626228358976
jp-copilot-adaptive,103.935059,0.364251467771616
jp-copilot-adaptive,103.937988,0.3652466732596422
jp-copilot-adaptive,103.940918,0.36624187874766845
jp-copilot-adaptive,103.943848,0.3672370842356947
jp-copilot-adaptive,103.947021,0.36823228972372096
jp-copilot-adaptive,103.949951,0.3692274952117472
jp-copilot-adaptive,103.952881,0.3702227006997734
jp-copilot-adaptive,103.955811,0.37121790618779965
jp-copilot-adaptive,103.958984,0.3722131116758259
jp-copilot-adaptive,103.962158,0.3732083171638521
jp-copilot-adaptive,103.965088,0.3742035226518784
jp-copilot-adaptive,103.968018,0.3751987281399046
jp-copilot-adaptive,103.969971,0.37619393362793085
jp-copilot-adaptive,103.973877,0.3771891391159571
jp-copilot-adaptive,103.977051,0.3781843446039833
jp-copilot-adaptive,103.97998,0.37917955009200954
jp-copilot-adaptive,103.98291,0.38017475558003583
jp-copilot-adaptive,103.98584,0.38116996106806206
jp-copilot-adaptive,103.989014,0.3821651665560883
jp-copilot-adaptive,103.991943,0.3831603720441145
jp-copilot-adaptive,103.994873,0.38415557753214075
jp-copilot-adaptive,103.997803,0.385150783020167
jp-copilot-adaptive,104.0,0.3861459885081932
jp-copilot-adaptive,104.003906,0.3871411939962195
jp-copilot-adaptive,104.006836,0.3881363994842457
jp-copilot-adaptive,104.01001,0.38913160497227195
jp-copilot-adaptive,104.012939,0.3901268104602982
jp-copilot-adaptive,104.016113,0.3911220159483244
jp-copilot-adaptive,104.019043,0.39211722143635064
jp-copilot-adaptive,104.022949,0.3931124269243769
jp-copilot-adaptive,104.025879,0.39410763241240315
jp-copilot-adaptive,104.029053,0.3951028379004294
jp-copilot-adaptive,104.031982,0.3960980433884556
jp-copilot-adaptive,104.034912,0.39709324887648184
jp-copilot-adaptive,104.037109,0.39808845436450807
jp-copilot-adaptive,104.040039,0.39908365985253436
jp-copilot-adaptive,104.043213,0.4000788653405606
jp-copilot-adaptive,104.046143,0.4010740708285868
jp-copilot-adaptive,104.049072,0.40206927631661304
jp-copilot-adaptive,104.052002,0.4030644818046393
jp-copilot-adaptive,104.054932,0.4040596872926655
jp-copilot-adaptive,104.058105,0.4050548927806918
jp-copilot-adaptive,104.061035,0.406050098268718
jp-copilot-adaptive,104.063965,0.40704530375674425
jp-copilot-adaptive,104.067139,0.4080405092447705
jp-copilot-adaptive,104.070068,0.4090357147327967
jp-copilot-adaptive,104.072998,0.41003092022082294
jp-copilot-adaptive,104.075928,0.41102612570884917
jp-copilot-adaptive,104.078857,0.41202133119687545
jp-copilot-adaptive,104.081787,0.4130165366849017
jp-copilot-adaptive,104.084961,0.4140117421729279
jp-copilot-adaptive,104.087891,0.41500694766095414
jp-copilot-adaptive,104.090088,0.41600215314898037
jp-copilot-adaptive,104.093994,0.4169973586370066
jp-copilot-adaptive,104.096924,0.4179925641250329
jp-copilot-adaptive,104.099121,0.4189877696130591
jp-copilot-adaptive,104.102783,0.41998297510108534
jp-copilot-adaptive,104.105957,0.4209781805891116
jp-copilot-adaptive,104.108887,0.4219733860771378
jp-copilot-adaptive,104.111084,0.42296859156516403
jp-copilot-adaptive,104.114014,0.4239637970531903
jp-copilot-adaptive,104.116943,0.42495900254121655
jp-copilot-adaptive,104.120117,0.4259542080292428
jp-copilot-adaptive,104.123047,0.426949413517269
jp-copilot-adaptive,104.125977,0.42794461900529523
jp-copilot-adaptive,104.128906,0.42893982449332146
jp-copilot-adaptive,104.13208,0.4299350299813477
jp-copilot-adaptive,104.13501,0.430930235469374
jp-copilot-adaptive,104.137939,0.4319254409574002
jp-copilot-adaptive,104.141113,0.43292064644542644
jp-copilot-adaptive,104.144043,0.43391585193345267
jp-copilot-adaptive,104.146973,0.4349110574214789
jp-copilot-adaptive,104.150146,0.4359062629095051
jp-copilot-adaptive,104.153076,0.4369014683975314
jp-copilot-adaptive,104.156006,0.43789667388555764
jp-copilot-adaptive,104.159912,0.43889187937358387
jp-copilot-adaptive,104.162842,0.4398870848616101
jp-copilot-adaptive,104.166016,0.44088229034963633
jp-copilot-adaptive,104.168213,0.44187749583766256
jp-copilot-adaptive,104.171875,0.44287270132568884
jp-copilot-adaptive,104.175049,0.4438679068137151
jp-copilot-adaptive,104.177002,0.4448631123017413
jp-copilot-adaptive,104.180176,0.44585831778976753
jp-copilot-adaptive,104.183105,0.44685352327779376
jp-copilot-adaptive,104.186035,0.44784872876582
jp-copilot-adaptive,104.187988,0.4488439342538463
jp-copilot-adaptive,104.191162,0.4498391397418725
jp-copilot-adaptive,104.194824,0.45083434522989874
jp-copilot-adaptive,104.197998,0.45182955071792497
jp-copilot-adaptive,104.200195,0.4528247562059512
jp-copilot-adaptive,104.203125,0.4538199616939774
jp-copilot-adaptive,104.206055,0.45481516718200365
jp-copilot-adaptive,104.208984,0.45581037267002994
jp-copilot-adaptive,104.211914,0.45680557815805617
jp-copilot-adaptive,104.215088,0.4578007836460824
jp-copilot-adaptive,104.218018,0.45879598913410863
jp-copilot-adaptive,104.219971,0.45979119462213486
jp-copilot-adaptive,104.2229,0.4607864001101611
jp-copilot-adaptive,104.226074,0.4617816055981874
jp-copilot-adaptive,104.229004,0.4627768110862136
jp-copilot-adaptive,104.231934,0.46377201657423983
jp-copilot-adaptive,104.234131,0.46476722206226606
jp-copilot-adaptive,104.237061,0.4657624275502923
jp-copilot-adaptive,104.23999,0.4667576330383185
jp-copilot-adaptive,104.243896,0.4677528385263448
jp-copilot-adaptive,104.24707,0.46874804401437103
jp-copilot-adaptive,104.25,0.46974324950239726
jp-copilot-adaptive,104.25293,0.4707384549904235
jp-copilot-adaptive,104.255859,0.4717336604784497
jp-copilot-adaptive,104.258057,0.47272886596647595
jp-copilot-adaptive,104.260986,0.4737240714545022
jp-copilot-adaptive,104.26416,0.47471927694252847
jp-copilot-adaptive,104.267822,0.4757144824305547
jp-copilot-adaptive,104.270996,0.4767096879185809
jp-copilot-adaptive,104.273926,0.47770489340660716
jp-copilot-adaptive,104.2771,0.4787000988946334
jp-copilot-adaptive,104.280029,0.4796953043826596
jp-copilot-adaptive,104.282959,0.4806905098706859
jp-copilot-adaptive,104.285889,0.48168571535871213
jp-copilot-adaptive,104.288818,0.48268092084673836
jp-copilot-adaptive,104.291016,0.4836761263347646
jp-copilot-adaptive,104.294189,0.4846713318227908
jp-copilot-adaptive,104.297119,0.48566653731081705
jp-copilot-adaptive,104.300049,0.48666174279884333
jp-copilot-adaptive,104.303955,0.48765694828686956
jp-copilot-adaptive,104.306152,0.4886521537748958
jp-copilot-adaptive,104.309082,0.489647359262922
jp-copilot-adaptive,104.312012,0.49064256475094825
jp-copilot-adaptive,104.314941,0.4916377702389745
jp-copilot-adaptive,104.317871,0.49263297572700077
jp-copilot-adaptive,104.320068,0.493628181215027
jp-copilot-adaptive,104.322998,0.4946233867030532
jp-copilot-adaptive,104.325928,0.49561859219107945
jp-copilot-adaptive,104.328857,0.4966137976791057
jp-copilot-adaptive,104.331787,0.4976090031671319
jp-copilot-adaptive,104.334961,0.49860420865515814
jp-copilot-adaptive,104.337158,0.49959941414318443
jp-copilot-adaptive,104.340088,0.5005946196312107
jp-copilot-adaptive,104.343018,0.5015898251192369
jp-copilot-adaptive,104.345947,0.5025850306072631
jp-copilot-adaptive,104.348145,0.5035802360952893
jp-copilot-adaptive,104.351074,0.5045754415833156
jp-copilot-adaptive,104.354004,0.5055706470713418
jp-copilot-adaptive,104.356201,0.506565852559368
jp-copilot-adaptive,104.359863,0.5075610580473943
jp-copilot-adaptive,104.363037,0.5085562635354206
jp-copilot-adaptive,104.365967,0.5095514690234468
jp-copilot-adaptive,104.368164,0.5105466745114731
jp-copilot-adaptive,104.371094,0.5115418799994993
jp-copilot-adaptive,104.374023,0.5125370854875255
jp-copilot-adaptive,104.37793,0.5135322909755518
jp-copilot-adaptive,104.380859,0.514527496463578
jp-copilot-adaptive,104.384033,0.5155227019516042
jp-copilot-adaptive,104.38623,0.5165179074396304
jp-copilot-adaptive,104.38916,0.5175131129276567
jp-copilot-adaptive,104.39209,0.5185083184156829
jp-copilot-adaptive,104.39502,0.5195035239037091
jp-copilot-adaptive,104.397217,0.5204987293917354
jp-copilot-adaptive,104.400879,0.5214939348797617
jp-copilot-adaptive,104.403809,0.5224891403677879
jp-copilot-adaptive,104.406982,0.5234843458558142
jp-copilot-adaptive,104.409912,0.5244795513438404
jp-copilot-adaptive,104.412109,0.5254747568318666
jp-copilot-adaptive,104.415039,0.5264699623198928
jp-copilot-adaptive,104.418945,0.5274651678079191
jp-copilot-adaptive,104.421143,0.5284603732959453
jp-copilot-adaptive,104.424072,0.5294555787839715
jp-copilot-adaptive,104.427979,0.5304507842719978
jp-copilot-adaptive,104.430908,0.531445989760024
jp-copilot-adaptive,104.433838,0.5324411952480502
jp-copilot-adaptive,104.436035,0.5334364007360766
jp-copilot-adaptive,104.439209,0.5344316062241028
jp-copilot-adaptive,104.442139,0.535426811712129
jp-copilot-adaptive,104.445068,0.5364220172001553
jp-copilot-adaptive,104.447998,0.5374172226881815
jp-copilot-adaptive,104.450928,0.5384124281762077
jp-copilot-adaptive,104.453125,0.5394076336642339
jp-copilot-adaptive,104.456055,0.5404028391522602
jp-copilot-adaptive,104.458984,0.5413980446402864
jp-copilot-adaptive,104.462158,0.5423932501283126
jp-copilot-adaptive,104.465088,0.5433884556163389
jp-copilot-adaptive,104.468018,0.5443836611043651
jp-copilot-adaptive,104.470947,0.5453788665923913
jp-copilot-adaptive,104.473877,0.5463740720804177
jp-copilot-adaptive,104.477051,0.5473692775684439
jp-copilot-adaptive,104.47998,0.5483644830564701
jp-copilot-adaptive,104.48291,0.5493596885444963
jp-copilot-adaptive,104.486084,0.5503548940325226
jp-copilot-adaptive,104.489014,0.5513500995205488
jp-copilot-adaptive,104.491943,0.552345305008575
jp-copilot-adaptive,104.494873,0.5533405104966013
jp-copilot-adaptive,104.49707,0.5543357159846275
jp-copilot-adaptive,104.5,0.5553309214726537
jp-copilot-adaptive,104.503174,0.55632612696068
jp-copilot-adaptive,104.50708,0.5573213324487062
jp-copilot-adaptive,104.51001,0.5583165379367325
jp-copilot-adaptive,104.513184,0.5593117434247588
jp-copilot-adaptive,104.516846,0.560306948912785
jp-copilot-adaptive,104.52002,0.5613021544008112
jp-copilot-adaptive,104.522949,0.5622973598888374
jp-copilot-adaptive,104.526123,0.5632925653768637
jp-copilot-adaptive,104.529053,0.5642877708648899
jp-copilot-adaptive,104.531982,0.5652829763529161
jp-copilot-adaptive,104.535889,0.5662781818409424
jp-copilot-adaptive,104.538086,0.5672733873289686
jp-copilot-adaptive,104.541016,0.5682685928169948
jp-copilot-adaptive,104.544189,0.569263798305021
jp-copilot-adaptive,104.547119,0.5702590037930473
jp-copilot-adaptive,104.550049,0.5712542092810736
jp-copilot-adaptive,104.553955,0.5722494147690999
jp-copilot-adaptive,104.556152,0.5732446202571261
jp-copilot-adaptive,104.559082,0.5742398257451523
jp-copilot-adaptive,104.562988,0.5752350312331785
jp-copilot-adaptive,104.566162,0.5762302367212048
jp-copilot-adaptive,104.569092,0.577225442209231
jp-copilot-adaptive,104.572998,0.5782206476972572
jp-copilot-adaptive,104.575928,0.5792158531852835
jp-copilot-adaptive,104.578857,0.5802110586733097
jp-copilot-adaptive,104.582031,0.5812062641613359
jp-copilot-adaptive,104.584961,0.5822014696493621
jp-copilot-adaptive,104.588135,0.5831966751373884
jp-copilot-adaptive,104.591064,0.5841918806254147
jp-copilot-adaptive,104.594971,0.585187086113441
jp-copilot-adaptive,104.5979,0.5861822916014672
jp-copilot-adaptive,104.60083,0.5871774970894934
jp-copilot-adaptive,104.604004,0.5881727025775196
jp-copilot-adaptive,104.606934,0.5891679080655459
jp-copilot-adaptive,104.610107,0.5901631135535721
jp-copilot-adaptive,104.613037,0.5911583190415983
jp-copilot-adaptive,104.615967,0.5921535245296246
jp-copilot-adaptive,104.619873,0.5931487300176508
jp-copilot-adaptive,104.623047,0.594143935505677
jp-copilot-adaptive,104.625977,0.5951391409937032
jp-copilot-adaptive,104.62915,0.5961343464817296
jp-copilot-adaptive,104.63208,0.5971295519697558
jp-copilot-adaptive,104.635986,0.598124757457782
jp-copilot-adaptive,104.638916,0.5991199629458083
jp-copilot-adaptive,104.641846,0.6001151684338345
jp-copilot-adaptive,104.64502,0.6011103739218607
jp-copilot-adaptive,104.647949,0.602105579409887
jp-copilot-adaptive,104.650879,0.6031007848979132
jp-copilot-adaptive,104.654053,0.6040959903859394
jp-copilot-adaptive,104.657227,0.6050911958739656
jp-copilot-adaptive,104.660889,0.6060864013619919
jp-copilot-adaptive,104.664062,0.6070816068500181
jp-copilot-adaptive,104.666992,0.6080768123380443
jp-copilot-adaptive,104.670898,0.6090720178260707
jp-copilot-adaptive,104.673828,0.6100672233140969
jp-copilot-adaptive,104.677002,0.6110624288021231
jp-copilot-adaptive,104.679932,0.6120576342901494
jp-copilot-adaptive,104.683105,0.6130528397781756
jp-copilot-adaptive,104.687012,0.6140480452662018
jp-copilot-adaptive,104.689941,0.615043250754228
jp-copilot-adaptive,104.693115,0.6160384562422543
jp-copilot-adaptive,104.697021,0.6170336617302805
jp-copilot-adaptive,104.699951,0.6180288672183067
jp-copilot-adaptive,104.703125,0.619024072706333
jp-copilot-adaptive,104.706787,0.6200192781943592
jp-copilot-adaptive,104.709961,0.6210144836823855
jp-copilot-adaptive,104.712891,0.6220096891704118
jp-copilot-adaptive,104.716064,0.623004894658438
jp-copilot-adaptive,104.718994,0.6240001001464642
jp-copilot-adaptive,104.7229,0.6249953056344905
jp-copilot-adaptive,104.726074,0.6259905111225167
jp-copilot-adaptive,104.729004,0.6269857166105429
jp-copilot-adaptive,104.73291,0.6279809220985691
jp-copilot-adaptive,104.73584,0.6289761275865954
jp-copilot-adaptive,104.739014,0.6299713330746216
jp-copilot-adaptive,104.741943,0.6309665385626478
jp-copilot-adaptive,104.74585,0.6319617440506741
jp-copilot-adaptive,104.749023,0.6329569495387003
jp-copilot-adaptive,104.751953,0.6339521550267266
jp-copilot-adaptive,104.754883,0.6349473605147529
jp-copilot-adaptive,104.758057,0.6359425660027791
jp-copilot-adaptive,104.761963,0.6369377714908053
jp-copilot-adaptive,104.764893,0.6379329769788316
jp-copilot-adaptive,104.768066,0.6389281824668578
jp-copilot-adaptive,104.771973,0.639923387954884
jp-copilot-adaptive,104.775146,0.6409185934429102
jp-copilot-adaptive,104.779053,0.6419137989309365
jp-copilot-adaptive,104.781982,0.6429090044189627
jp-copilot-adaptive,104.784912,0.6439042099069889
jp-copilot-adaptive,104.788086,0.6448994153950152
jp-copilot-adaptive,104.791016,0.6458946208830414
jp-copilot-adaptive,104.794922,0.6468898263710677
jp-copilot-adaptive,104.798096,0.647885031859094
jp-copilot-adaptive,104.802002,0.6488802373471202
jp-copilot-adaptive,104.805176,0.6498754428351464
jp-copilot-adaptive,104.809082,0.6508706483231727
jp-copilot-adaptive,104.812988,0.6518658538111989
jp-copilot-adaptive,104.815918,0.6528610592992251
jp-copilot-adaptive,104.819092,0.6538562647872513
jp-copilot-adaptive,104.822021,0.6548514702752776
jp-copilot-adaptive,104.824951,0.6558466757633038
jp-copilot-adaptive,104.828857,0.65684188125133
jp-copilot-adaptive,104.832031,0.6578370867393563
jp-copilot-adaptive,104.835938,0.6588322922273826
jp-copilot-adaptive,104.838867,0.6598274977154088
jp-copilot-adaptive,104.843018,0.6608227032034351
jp-copilot-adaptive,104.845947,0.6618179086914613
jp-copilot-adaptive,104.849854,0.6628131141794875
jp-copilot-adaptive,104.853027,0.6638083196675137
jp-copilot-adaptive,104.855957,0.66480352515554
jp-copilot-adaptive,104.859863,0.6657987306435662
jp-copilot-adaptive,104.862793,0.6667939361315924
jp-copilot-adaptive,104.865967,0.6677891416196187
jp-copilot-adaptive,104.869873,0.6687843471076449
jp-copilot-adaptive,104.873047,0.6697795525956711
jp-copilot-adaptive,104.875977,0.6707747580836974
jp-copilot-adaptive,104.87915,0.6717699635717237
jp-copilot-adaptive,104.88208,0.6727651690597499
jp-copilot-adaptive,104.885986,0.6737603745477762
jp-copilot-adaptive,104.889893,0.6747555800358024
jp-copilot-adaptive,104.893066,0.6757507855238286
jp-copilot-adaptive,104.896973,0.6767459910118548
jp-copilot-adaptive,104.900146,0.6777411964998811
jp-copilot-adaptive,104.904053,0.6787364019879073
jp-copilot-adaptive,104.907959,0.6797316074759335
jp-copilot-adaptive,104.911133,0.6807268129639598
jp-copilot-adaptive,104.915039,0.681722018451986
jp-copilot-adaptive,104.918945,0.6827172239400122
jp-copilot-adaptive,104.922119,0.6837124294280386
jp-copilot-adaptive,104.925781,0.6847076349160648
jp-copilot-adaptive,104.928955,0.685702840404091
jp-copilot-adaptive,104.932129,0.6866980458921172
jp-copilot-adaptive,104.935791,0.6876932513801435
jp-copilot-adaptive,104.938965,0.6886884568681697
jp-copilot-adaptive,104.942871,0.6896836623561959
jp-copilot-adaptive,104.946045,0.6906788678442222
jp-copilot-adaptive,104.949951,0.6916740733322484
jp-copilot-adaptive,104.953857,0.6926692788202746
jp-copilot-adaptive,104.957031,0.6936644843083009
jp-copilot-adaptive,104.960938,0.6946596897963271
jp-copilot-adaptive,104.964844,0.6956548952843533
jp-copilot-adaptive,104.968994,0.6966501007723797
jp-copilot-adaptive,104.971924,0.6976453062604059
jp-copilot-adaptive,104.97583,0.6986405117484321
jp-copilot-adaptive,104.979004,0.6996357172364583
jp-copilot-adaptive,104.98291,0.7006309227244846
jp-copilot-adaptive,104.986084,0.7016261282125108
jp-copilot-adaptive,104.990967,0.702621333700537
jp-copilot-adaptive,104.993896,0.7036165391885633
jp-copilot-adaptive,104.998047,0.7046117446765895
jp-copilot-adaptive,105.001953,0.7056069501646157
jp-copilot-adaptive,105.005127,0.706602155652642
jp-copilot-adaptive,105.01001,0.7075973611406682
jp-copilot-adaptive,105.013916,0.7085925666286945
jp-copilot-adaptive,105.01709,0.7095877721167207
jp-copilot-adaptive,105.020996,0.710582977604747
jp-copilot-adaptive,105.025879,0.7115781830927732
jp-copilot-adaptive,105.029053,0.7125733885807994
jp-copilot-adaptive,105.032959,0.7135685940688257
jp-copilot-adaptive,105.037109,0.7145637995568519
jp-copilot-adaptive,105.041016,0.7155590050448781
jp-copilot-adaptive,105.044922,0.7165542105329044
jp-copilot-adaptive,105.049072,0.7175494160209306
jp-copilot-adaptive,105.052979,0.7185446215089568
jp-copilot-adaptive,105.057129,0.719539826996983
jp-copilot-adaptive,105.061035,0.7205350324850093
jp-copilot-adaptive,105.063965,0.7215302379730356
jp-copilot-adaptive,105.068115,0.7225254434610618
jp-copilot-adaptive,105.072021,0.7235206489490881
jp-copilot-adaptive,105.075928,0.7245158544371143
jp-copilot-adaptive,105.080078,0.7255110599251405
jp-copilot-adaptive,105.083984,0.7265062654131668
jp-copilot-adaptive,105.088135,0.727501470901193
jp-copilot-adaptive,105.092041,0.7284966763892192
jp-copilot-adaptive,105.095947,0.7294918818772455
jp-copilot-adaptive,105.099854,0.7304870873652717
jp-copilot-adaptive,105.104004,0.7314822928532979
jp-copilot-adaptive,105.10791,0.7324774983413241
jp-copilot-adaptive,105.112061,0.7334727038293504
jp-copilot-adaptive,105.115967,0.7344679093173767
jp-copilot-adaptive,105.120117,0.7354631148054029
jp-copilot-adaptive,105.124023,0.7364583202934292
jp-copilot-adaptive,105.128906,0.7374535257814554
jp-copilot-adaptive,105.133057,0.7384487312694816
jp-copilot-adaptive,105.136963,0.7394439367575079
jp-copilot-adaptive,105.141113,0.7404391422455341
jp-copilot-adaptive,105.14502,0.7414343477335603
jp-copilot-adaptive,105.14917,0.7424295532215865
jp-copilot-adaptive,105.154053,0.7434247587096128
jp-copilot-adaptive,105.157959,0.744419964197639
jp-copilot-adaptive,105.162109,0.7454151696856652
jp-copilot-adaptive,105.166016,0.7464103751736916
jp-copilot-adaptive,105.169922,0.7474055806617178
jp-copilot-adaptive,105.175049,0.748400786149744
jp-copilot-adaptive,105.178955,0.7493959916377703
jp-copilot-adaptive,105.183838,0.7503911971257965
jp-copilot-adaptive,105.187988,0.7513864026138227
jp-copilot-adaptive,105.191895,0.752381608101849
jp-copilot-adaptive,105.196045,0.7533768135898752
jp-copilot-adaptive,105.200928,0.7543720190779014
jp-copilot-adaptive,105.205811,0.7553672245659276
jp-copilot-adaptive,105.210205,0.7563624300539539
jp-copilot-adaptive,105.214844,0.7573576355419801
jp-copilot-adaptive,105.218994,0.7583528410300063
jp-copilot-adaptive,105.223145,0.7593480465180327
jp-copilot-adaptive,105.228027,0.7603432520060589
jp-copilot-adaptive,105.23291,0.7613384574940851
jp-copilot-adaptive,105.237061,0.7623336629821114
jp-copilot-adaptive,105.241943,0.7633288684701376
jp-copilot-adaptive,105.246826,0.7643240739581638
jp-copilot-adaptive,105.250977,0.76531927944619
jp-copilot-adaptive,105.256104,0.7663144849342163
jp-copilot-adaptive,105.26001,0.7673096904222425
jp-copilot-adaptive,105.264893,0.7683048959102687
jp-copilot-adaptive,105.27002,0.769300101398295
jp-copilot-adaptive,105.275146,0.7702953068863212
jp-copilot-adaptive,105.280029,0.7712905123743475
jp-copilot-adaptive,105.28418,0.7722857178623738
jp-copilot-adaptive,105.289062,0.7732809233504
jp-copilot-adaptive,105.292969,0.7742761288384262
jp-copilot-adaptive,105.297852,0.7752713343264525
jp-copilot-adaptive,105.302002,0.7762665398144787
jp-copilot-adaptive,105.307861,0.7772617453025049
jp-copilot-adaptive,105.312012,0.7782569507905311
jp-copilot-adaptive,105.317139,0.7792521562785574
jp-copilot-adaptive,105.322021,0.7802473617665836
jp-copilot-adaptive,105.327148,0.7812425672546098
jp-copilot-adaptive,105.332031,0.7822377727426361
jp-copilot-adaptive,105.336914,0.7832329782306623
jp-copilot-adaptive,105.341064,0.7842281837186886
jp-copilot-adaptive,105.345947,0.7852233892067149
jp-copilot-adaptive,105.35083,0.7862185946947411
jp-copilot-adaptive,105.35498,0.7872138001827673
jp-copilot-adaptive,105.359863,0.7882090056707935
jp-copilot-adaptive,105.36499,0.7892042111588198
jp-copilot-adaptive,105.370117,0.790199416646846
jp-copilot-adaptive,105.375,0.7911946221348722
jp-copilot-adaptive,105.379883,0.7921898276228985
jp-copilot-adaptive,105.384033,0.7931850331109247
jp-copilot-adaptive,105.389893,0.7941802385989509
jp-copilot-adaptive,105.39502,0.7951754440869772
jp-copilot-adaptive,105.400879,0.7961706495750035
jp-copilot-adaptive,105.406006,0.7971658550630297
jp-copilot-adaptive,105.410889,0.798161060551056
jp-copilot-adaptive,105.416016,0.7991562660390822
jp-copilot-adaptive,105.421143,0.8001514715271084
jp-copilot-adaptive,105.426025,0.8011466770151346
jp-copilot-adaptive,105.431152,0.8021418825031609
jp-copilot-adaptive,105.436035,0.8031370879911871
jp-copilot-adaptive,105.441895,0.8041322934792133
jp-copilot-adaptive,105.447021,0.8051274989672396
jp-copilot-adaptive,105.452148,0.8061227044552658
jp-copilot-adaptive,105.457031,0.807117909943292
jp-copilot-adaptive,105.463135,0.8081131154313183
jp-copilot-adaptive,105.468994,0.8091083209193446
jp-copilot-adaptive,105.474854,0.8101035264073708
jp-copilot-adaptive,105.480957,0.811098731895397
jp-copilot-adaptive,105.486816,0.8120939373834233
jp-copilot-adaptive,105.490967,0.8130891428714495
jp-copilot-adaptive,105.496826,0.8140843483594757
jp-copilot-adaptive,105.501953,0.815079553847502
jp-copilot-adaptive,105.50708,0.8160747593355282
jp-copilot-adaptive,105.513184,0.8170699648235544
jp-copilot-adaptive,105.519043,0.8180651703115807
jp-copilot-adaptive,105.525146,0.8190603757996069
jp-copilot-adaptive,105.531982,0.8200555812876331
jp-copilot-adaptive,105.538086,0.8210507867756593
jp-copilot-adaptive,105.544922,0.8220459922636857
jp-copilot-adaptive,105.551025,0.8230411977517119
jp-copilot-adaptive,105.556885,0.8240364032397381
jp-copilot-adaptive,105.562988,0.8250316087277644
jp-copilot-adaptive,105.570068,0.8260268142157906
jp-copilot-adaptive,105.575928,0.8270220197038168
jp-copilot-adaptive,105.582031,0.8280172251918431
jp-copilot-adaptive,105.587891,0.8290124306798693
jp-copilot-adaptive,105.594971,0.8300076361678955
jp-copilot-adaptive,105.600098,0.8310028416559218
jp-copilot-adaptive,105.607178,0.831998047143948
jp-copilot-adaptive,105.614014,0.8329932526319742
jp-copilot-adaptive,105.621094,0.8339884581200006
jp-copilot-adaptive,105.626953,0.8349836636080268
jp-copilot-adaptive,105.634033,0.835978869096053
jp-copilot-adaptive,105.641113,0.8369740745840792
jp-copilot-adaptive,105.648926,0.8379692800721055
jp-copilot-adaptive,105.656006,0.8389644855601317
jp-copilot-adaptive,105.664062,0.8399596910481579
jp-copilot-adaptive,105.670898,0.8409548965361842
jp-copilot-adaptive,105.677979,0.8419501020242104
jp-copilot-adaptive,105.686035,0.8429453075122366
jp-copilot-adaptive,105.693848,0.8439405130002628
jp-copilot-adaptive,105.699951,0.8449357184882891
jp-copilot-adaptive,105.707031,0.8459309239763153
jp-copilot-adaptive,105.714111,0.8469261294643416
jp-copilot-adaptive,105.720947,0.8479213349523679
jp-copilot-adaptive,105.72998,0.8489165404403941
jp-copilot-adaptive,105.737061,0.8499117459284203
jp-copilot-adaptive,105.744141,0.8509069514164466
jp-copilot-adaptive,105.75293,0.8519021569044728
jp-copilot-adaptive,105.76001,0.852897362392499
jp-copilot-adaptive,105.769043,0.8538925678805253
jp-copilot-adaptive,105.775146,0.8548877733685515
jp-copilot-adaptive,105.782959,0.8558829788565777
jp-copilot-adaptive,105.789795,0.8568781843446039
jp-copilot-adaptive,105.797852,0.8578733898326302
jp-copilot-adaptive,105.806885,0.8588685953206565
jp-copilot-adaptive,105.813965,0.8598638008086827
jp-copilot-adaptive,105.822998,0.860859006296709
jp-copilot-adaptive,105.831055,0.8618542117847352
jp-copilot-adaptive,105.84082,0.8628494172727614
jp-copilot-adaptive,105.8479,0.8638446227607877
jp-copilot-adaptive,105.856201,0.8648398282488139
jp-copilot-adaptive,105.866943,0.8658350337368401
jp-copilot-adaptive,105.875,0.8668302392248664
jp-copilot-adaptive,105.883789,0.8678254447128926
jp-copilot-adaptive,105.89209,0.8688206502009188
jp-copilot-adaptive,105.900879,0.869815855688945
jp-copilot-adaptive,105.909912,0.8708110611769713
jp-copilot-adaptive,105.918945,0.8718062666649976
jp-copilot-adaptive,105.927979,0.8728014721530238
jp-copilot-adaptive,105.936035,0.8737966776410501
jp-copilot-adaptive,105.947021,0.8747918831290763
jp-copilot-adaptive,105.956055,0.8757870886171025
jp-copilot-adaptive,105.967041,0.8767822941051288
jp-copilot-adaptive,105.976074,0.877777499593155
jp-copilot-adaptive,105.987061,0.8787727050811812
jp-copilot-adaptive,105.997803,0.8797679105692074
jp-copilot-adaptive,106.01001,0.8807631160572337
jp-copilot-adaptive,106.020996,0.8817583215452599
jp-copilot-adaptive,106.031006,0.8827535270332861
jp-copilot-adaptive,106.042969,0.8837487325213125
jp-copilot-adaptive,106.055176,0.8847439380093387
jp-copilot-adaptive,106.067871,0.8857391434973649
jp-copilot-adaptive,106.078857,0.8867343489853912
jp-copilot-adaptive,106.089111,0.8877295544734174
jp-copilot-adaptive,106.101074,0.8887247599614436
jp-copilot-adaptive,106.112793,0.8897199654494699
jp-copilot-adaptive,106.125,0.8907151709374961
jp-copilot-adaptive,106.136963,0.8917103764255223
jp-copilot-adaptive,106.14917,0.8927055819135485
jp-copilot-adaptive,106.165039,0.8937007874015748
jp-copilot-adaptive,106.177979,0.894695992889601
jp-copilot-adaptive,106.193115,0.8956911983776272
jp-copilot-adaptive,106.207031,0.8966864038656536
jp-copilot-adaptive,106.2229,0.8976816093536798
jp-copilot-adaptive,106.235107,0.898676814841706
jp-copilot-adaptive,106.249023,0.8996720203297323
jp-copilot-adaptive,106.264893,0.9006672258177585
jp-copilot-adaptive,106.283936,0.9016624313057847
jp-copilot-adaptive,106.302002,0.902657636793811
jp-copilot-adaptive,106.317139,0.9036528422818372
jp-copilot-adaptive,106.333984,0.9046480477698634
jp-copilot-adaptive,106.349121,0.9056432532578896
jp-copilot-adaptive,106.364014,0.9066384587459159
jp-copilot-adaptive,106.378906,0.9076336642339421
jp-copilot-adaptive,106.395996,0.9086288697219683
jp-copilot-adaptive,106.414795,0.9096240752099947
jp-copilot-adaptive,106.436035,0.9106192806980209
jp-copilot-adaptive,106.457031,0.9116144861860471
jp-copilot-adaptive,106.478027,0.9126096916740734
jp-copilot-adaptive,106.50293,0.9136048971620996
jp-copilot-adaptive,106.529053,0.9146001026501258
jp-copilot-adaptive,106.554932,0.915595308138152
jp-copilot-adaptive,106.575928,0.9165905136261783
jp-copilot-adaptive,106.599854,0.9175857191142045
jp-copilot-adaptive,106.625977,0.9185809246022307
jp-copilot-adaptive,106.656982,0.919576130090257
jp-copilot-adaptive,106.690186,0.9205713355782832
jp-copilot-adaptive,106.718994,0.9215665410663095
jp-copilot-adaptive,106.75708,0.9225617465543358
jp-copilot-adaptive,106.789062,0.923556952042362
jp-copilot-adaptive,106.823975,0.9245521575303882
jp-copilot-adaptive,106.865967,0.9255473630184144
jp-copilot-adaptive,106.906982,0.9265425685064407
jp-copilot-adaptive,106.953857,0.9275377739944669
jp-copilot-adaptive,106.996826,0.9285329794824931
jp-copilot-adaptive,107.036865,0.9295281849705194
jp-copilot-adaptive,107.092041,0.9305233904585456
jp-copilot-adaptive,107.156982,0.9315185959465718
jp-copilot-adaptive,107.213867,0.932513801434598
jp-copilot-adaptive,107.279053,0.9335090069226243
jp-copilot-adaptive,107.35083,0.9345042124106506
jp-copilot-adaptive,107.443115,0.9354994178986769
jp-copilot-adaptive,107.549072,0.9364946233867031
jp-copilot-adaptive,107.660889,0.9374898288747293
jp-copilot-adaptive,107.811035,0.9384850343627555
jp-copilot-adaptive,107.986084,0.9394802398507818
jp-copilot-adaptive,108.184082,0.940475445338808
jp-copilot-adaptive,108.427002,0.9414706508268342
jp-copilot-adaptive,108.681152,0.9424658563148605
jp-copilot-adaptive,108.942871,0.9434610618028867
jp-copilot-adaptive,109.300049,0.9444562672909129
jp-copilot-adaptive,109.702881,0.9454514727789392
jp-copilot-adaptive,110.108887,0.9464466782669655
jp-copilot-adaptive,110.531982,0.9474418837549917
jp-copilot-adaptive,111.038818,0.948437089243018
jp-copilot-adaptive,111.541016,0.9494322947310442
jp-copilot-adaptive,112.0,0.9504275002190704
jp-copilot-adaptive,112.684082,0.9514227057070966
jp-copilot-adaptive,113.48291,0.9524179111951229
jp-copilot-adaptive,114.391846,0.9534131166831491
jp-copilot-adaptive,115.290771,0.9544083221711753
jp-copilot-adaptive,116.068848,0.9554035276592016
jp-copilot-adaptive,117.35498,0.9563987331472278
jp-copilot-adaptive,118.802979,0.957393938635254
jp-copilot-adaptive,120.385986,0.9583891441232802
jp-copilot-adaptive,122.104004,0.9593843496113066
jp-copilot-adaptive,123.891113,0.9603795550993328
jp-copilot-adaptive,127.052002,0.961374760587359
jp-copilot-adaptive,131.149902,0.9623699660753853
jp-copilot-adaptive,134.135986,0.9633651715634115
jp-copilot-adaptive,137.393066,0.9643603770514377
jp-copilot-adaptive,140.660889,0.965355582539464
jp-copilot-adaptive,143.609863,0.9663507880274902
jp-copilot-adaptive,146.74585,0.9673459935155164
jp-copilot-adaptive,156.031982,0.9683411990035427
jp-copilot-adaptive,158.839844,0.9693364044915689
jp-copilot-adaptive,161.855957,0.9703316099795951
jp-copilot-adaptive,164.842041,0.9713268154676215
jp-copilot-adaptive,167.659912,0.9723220209556477
jp-copilot-adaptive,173.148193,0.9733172264436739
jp-copilot-adaptive,178.006836,0.9743124319317001
jp-copilot-adaptive,184.768066,0.9753076374197264
jp-copilot-adaptive,191.309082,0.9763028429077526
jp-copilot-adaptive,203.802002,0.9772980483957788
jp-copilot-adaptive,233.931885,0.9782932538838051
jp-copilot-adaptive,269.029053,0.9792884593718313
jp-copilot-adaptive,303.265869,0.9802836648598575
jp-copilot-adaptive,332.49585,0.9812788703478837
jp-copilot-adaptive,356.906006,0.98227407583591
jp-copilot-adaptive,386.853027,0.9832692813239362
jp-copilot-adaptive,417.343994,0.9842644868119625
jp-copilot-adaptive,448.10791,0.9852596922999888
jp-copilot-adaptive,479.630127,0.986254897788015
jp-copilot-adaptive,513.182129,0.9872501032760412
jp-copilot-adaptive,545.780029,0.9882453087640675
jp-copilot-adaptive,585.291016,0.9892405142520937
jp-copilot-adaptive,620.640137,0.9902357197401199
jp-copilot-adaptive,658.871094,0.9912309252281462
jp-copilot-adaptive,690.406982,0.9922261307161724
jp-copilot-adaptive,717.509033,0.9932213362041986
jp-copilot-adaptive,750.64209,0.9942165416922248
jp-copilot-adaptive,779.291016,0.9952117471802511
jp-copilot-adaptive,809.685059,0.9962069526682773
jp-copilot-adaptive,846.560059,0.9972021581563036
jp-copilot-adaptive,912.522949,0.9981973636443299
jp-copilot-adaptive,1036.509033,0.9991925691323561
etcd,81.064941,2.7715341272854762e-06
etcd,85.184082,0.001000523819950057
etcd,140.48291,0.0019982761057728286
etcd,187.515869,0.0029960283915956
etcd,211.781982,0.003993780677418371
etcd,240.628906,0.004991532963241143
etcd,264.89917,0.005989285249063914
etcd,299.305908,0.006987037534886686
etcd,351.193115,0.007984789820709458
etcd,371.141113,0.008982542106532229
etcd,420.846924,0.009980294392355
etcd,455.609863,0.010978046678177773
etcd,482.573975,0.011975798964000544
etcd,503.673096,0.012973551249823315
etcd,531.991211,0.013971303535646086
etcd,542.467773,0.014969055821468858
etcd,545.48291,0.01596680810729163
etcd,547.870117,0.016964560393114402
etcd,550.148926,0.01796231267893717
etcd,551.588867,0.018960064964759944
etcd,564.262939,0.019957817250582714
etcd,599.03418,0.020955569536405486
etcd,649.667969,0.02195332182222826
etcd,685.769043,0.02295107410805103
etcd,703.145996,0.0239488263938738
etcd,727.115967,0.024946578679696574
etcd,739.10791,0.025944330965519343
etcd,745.682129,0.026942083251342116
etcd,751.000977,0.027939835537164885
etcd,824.458984,0.028937587822987658
etcd,988.874023,0.02993534010881043
etcd,1095.776123,0.0309330923946332
etcd,1199.153076,0.031930844680455976
etcd,1265.64502,0.03292859696627874
etcd,1290.658936,0.033926349252101515
etcd,1295.375,0.03492410153792429
etcd,1319.268799,0.03592185382374706
etcd,1362.647949,0.03691960610956983
etcd,1403.401855,0.0379173583953926
etcd,1441.428955,0.03891511068121537
etcd,1471.715088,0.039912862967038144
etcd,1488.095947,0.04091061525286092
etcd,1508.38208,0.04190836753868369
etcd,1534.069092,0.042906119824506456
etcd,1559.021973,0.04390387211032923
etcd,1564.057861,0.044901624396152
etcd,1567.056152,0.045899376681974774
etcd,1572.01001,0.04689712896779755
etcd,1588.025879,0.04789488125362032
etcd,1601.791992,0.048892633539443085
etcd,1609.453857,0.04989038582526586
etcd,1614.986084,0.05088813811108863
etcd,1618.025879,0.051885890396911404
etcd,1620.863037,0.052883642682734176
etcd,1624.027832,0.05388139496855694
etcd,1626.587158,0.054879147254379715
etcd,1632.485107,0.05587689954020249
etcd,1637.795166,0.05687465182602526
etcd,1642.460938,0.05787240411184803
etcd,1646.915039,0.058870156397670806
etcd,1650.694092,0.05986790868349357
etcd,1654.526855,0.060865660969316344
etcd,1658.779053,0.06186341325513912
etcd,1661.082031,0.06286116554096188
etcd,1663.142822,0.06385891782678466
etcd,1665.271973,0.06485667011260743
etcd,1667.919922,0.0658544223984302
etcd,1670.174072,0.06685217468425297
etcd,1671.311035,0.06784992697007575
etcd,1671.981934,0.06884767925589852
etcd,1672.377197,0.06984543154172129
etcd,1672.779053,0.07084318382754407
etcd,1673.081055,0.07184093611336684
etcd,1673.413086,0.0728386883991896
etcd,1673.644043,0.07383644068501237
etcd,1673.840088,0.07483419297083514
etcd,1674.00708,0.07583194525665791
etcd,1674.193115,0.07682969754248069
etcd,1674.324951,0.07782744982830346
etcd,1674.474854,0.07882520211412623
etcd,1674.630127,0.079822954399949
etcd,1674.835938,0.08082070668577178
etcd,1675.040039,0.08181845897159455
etcd,1675.224121,0.08281621125741732
etcd,1675.405029,0.08381396354324008
etcd,1675.557129,0.08481171582906286
etcd,1675.676025,0.08580946811488563
etcd,1675.781982,0.0868072204007084
etcd,1675.896973,0.08780497268653117
etcd,1676.0,0.08880272497235395
etcd,1676.128174,0.08980047725817672
etcd,1676.25708,0.09079822954399949
etcd,1676.404053,0.09179598182982227
etcd,1676.525879,0.09279373411564504
etcd,1676.687012,0.09379148640146781
etcd,1676.850098,0.09478923868729057
etcd,1676.951172,0.09578699097311334
etcd,1677.048828,0.09678474325893612
etcd,1677.170166,0.09778249554475889
etcd,1677.348145,0.09878024783058166
etcd,1677.523926,0.09977800011640443
etcd,1677.74292,0.1007757524022272
etcd,1678.016846,0.10177350468804998
etcd,1678.312012,0.10277125697387275
etcd,1678.723877,0.10376900925969552
etcd,1679.636963,0.1047667615455183
etcd,1680.650879,0.10576451383134106
etcd,1682.158936,0.10676226611716383
etcd,1683.336914,0.1077600184029866
etcd,1683.898926,0.10875777068880937
etcd,1684.450928,0.10975552297463215
etcd,1684.876953,0.11075327526045492
etcd,1685.23999,0.11175102754627769
etcd,1685.51709,0.11274877983210047
etcd,1685.823975,0.11374653211792324
etcd,1686.165039,0.11474428440374601
etcd,1686.601807,0.11574203668956878
etcd,1687.168945,0.11673978897539154
etcd,1687.744141,0.11773754126121432
etcd,1688.373047,0.11873529354703709
etcd,1689.195068,0.11973304583285986
etcd,1690.383789,0.12073079811868263
etcd,1691.474121,0.1217285504045054
etcd,1692.24292,0.12272630269032818
etcd,1692.76709,0.12372405497615095
etcd,1693.177002,0.12472180726197372
etcd,1693.52002,0.12571955954779648
etcd,1693.899902,0.12671731183361926
etcd,1694.121826,0.12771506411944203
etcd,1694.319092,0.1287128164052648
etcd,1694.496094,0.12971056869108757
etcd,1694.671875,0.13070832097691035
etcd,1694.811035,0.13170607326273312
etcd,1694.931885,0.1327038255485559
etcd,1695.043945,0.13370157783437867
etcd,1695.146973,0.13469933012020144
etcd,1695.259033,0.1356970824060242
etcd,1695.375,0.13669483469184698
etcd,1695.483154,0.13769258697766976
etcd,1695.600098,0.13869033926349253
etcd,1695.733154,0.1396880915493153
etcd,1695.858154,0.14068584383513807
etcd,1695.978027,0.14168359612096085
etcd,1696.098877,0.14268134840678362
etcd,1696.210205,0.14367910069260637
etcd,1696.332031,0.14467685297842914
etcd,1696.458984,0.1456746052642519
etcd,1696.594238,0.14667235755007468
etcd,1696.73584,0.14767010983589746
etcd,1696.883057,0.14866786212172023
etcd,1697.0271,0.149665614407543
etcd,1697.226074,0.15066336669336577
etcd,1697.472168,0.15166111897918855
etcd,1697.847168,0.15265887126501132
etcd,1698.276123,0.1536566235508341
etcd,1698.98999,0.15465437583665687
etcd,1700.592773,0.15565212812247964
etcd,1701.787842,0.1566498804083024
etcd,1703.391846,0.15764763269412518
etcd,1704.458008,0.15864538497994796
etcd,1704.759033,0.15964313726577073
etcd,1705.349854,0.1606408895515935
etcd,1706.173096,0.16163864183741627
etcd,1706.600098,0.16263639412323905
etcd,1707.088135,0.16363414640906182
etcd,1707.524902,0.1646318986948846
etcd,1708.116211,0.16562965098070734
etcd,1709.171875,0.1666274032665301
etcd,1712.854004,0.16762515555235288
etcd,1715.442871,0.16862290783817566
etcd,1716.812988,0.16962066012399843
etcd,1717.542236,0.1706184124098212
etcd,1718.078857,0.17161616469564397
etcd,1718.969971,0.17261391698146675
etcd,1719.805908,0.17361166926728952
etcd,1720.304932,0.1746094215531123
etcd,1720.809082,0.17560717383893507
etcd,1721.541016,0.17660492612475784
etcd,1721.853027,0.1776026784105806
etcd,1722.021973,0.17860043069640338
etcd,1722.253906,0.17959818298222616
etcd,1722.648926,0.18059593526804893
etcd,1723.280029,0.1815936875538717
etcd,1723.561035,0.18259143983969447
etcd,1723.896973,0.18358919212551725
etcd,1724.463135,0.18458694441134002
etcd,1725.083984,0.1855846966971628
etcd,1725.560791,0.18658244898298554
etcd,1726.146973,0.1875802012688083
etcd,1726.994873,0.18857795355463108
etcd,1727.741943,0.18957570584045386
etcd,1728.297852,0.19057345812627663
etcd,1728.740967,0.1915712104120994
etcd,1729.0979,0.19256896269792217
etcd,1729.483887,0.19356671498374495
etcd,1729.840088,0.19456446726956772
etcd,1730.167969,0.1955622195553905
etcd,1730.411865,0.19655997184121327
etcd,1730.708008,0.19755772412703604
etcd,1730.908936,0.1985554764128588
etcd,1731.156006,0.19955322869868158
etcd,1731.388916,0.20055098098450436
etcd,1731.578857,0.20154873327032713
etcd,1731.822998,0.2025464855561499
etcd,1732.030029,0.20354423784197267
etcd,1732.229004,0.20454199012779545
etcd,1732.443848,0.20553974241361822
etcd,1732.64502,0.206537494699441
etcd,1732.807861,0.20753524698526377
etcd,1733.000977,0.2085329992710865
etcd,1733.179199,0.20953075155690928
etcd,1733.364014,0.21052850384273206
etcd,1733.530029,0.21152625612855483
etcd,1733.718994,0.2125240084143776
etcd,1733.909912,0.21352176070020037
etcd,1734.034912,0.21451951298602315
etcd,1734.155029,0.21551726527184592
etcd,1734.304932,0.2165150175576687
etcd,1734.499023,0.21751276984349147
etcd,1734.860107,0.21851052212931424
etcd,1735.151855,0.219508274415137
etcd,1735.675049,0.22050602670095978
etcd,1738.316162,0.22150377898678256
etcd,1740.141846,0.22250153127260533
etcd,1741.713135,0.2234992835584281
etcd,1743.445068,0.22449703584425088
etcd,1744.040039,0.22549478813007365
etcd,1745.163086,0.22649254041589642
etcd,1746.52002,0.2274902927017192
etcd,1747.354004,0.22848804498754197
etcd,1750.941162,0.22948579727336474
etcd,1753.998779,0.23048354955918748
etcd,1756.657959,0.23148130184501026
etcd,1757.985107,0.23247905413083303
etcd,1758.985107,0.2334768064166558
etcd,1759.572998,0.23447455870247857
etcd,1760.160156,0.23547231098830135
etcd,1760.471924,0.23647006327412412
etcd,1760.788086,0.2374678155599469
etcd,1761.005859,0.23846556784576967
etcd,1761.22998,0.23946332013159244
etcd,1761.446045,0.2404610724174152
etcd,1761.646973,0.24145882470323798
etcd,1761.856201,0.24245657698906076
etcd,1762.051025,0.24345432927488353
etcd,1762.256104,0.2444520815607063
etcd,1762.450928,0.24544983384652908
etcd,1762.625,0.24644758613235185
etcd,1762.790039,0.24744533841817462
etcd,1762.958984,0.2484430907039974
etcd,1763.126953,0.24944084298982017
etcd,1763.284912,0.25043859527564294
etcd,1763.425049,0.2514363475614657
etcd,1763.572998,0.2524340998472885
etcd,1763.729004,0.25343185213311126
etcd,1763.886963,0.25442960441893403
etcd,1764.064941,0.2554273567047568
etcd,1764.23291,0.2564251089905796
etcd,1764.419189,0.25742286127640235
etcd,1764.621094,0.2584206135622251
etcd,1764.822998,0.2594183658480479
etcd,1765.309082,0.26041611813387067
etcd,1765.917969,0.26141387041969344
etcd,1766.397949,0.2624116227055162
etcd,1766.893066,0.26340937499133893
etcd,1767.628906,0.2644071272771617
etcd,1768.748047,0.2654048795629845
etcd,1769.694092,0.26640263184880725
etcd,1770.571045,0.26740038413463
etcd,1771.682129,0.2683981364204528
etcd,1772.526855,0.26939588870627557
etcd,1774.493896,0.27039364099209834
etcd,1776.324219,0.2713913932779211
etcd,1780.399902,0.2723891455637439
etcd,1783.218018,0.27338689784956666
etcd,1784.636963,0.27438465013538943
etcd,1785.962891,0.2753824024212122
etcd,1787.026123,0.276380154707035
etcd,1787.803955,0.27737790699285775
etcd,1788.5,0.2783756592786805
etcd,1789.174805,0.2793734115645033
etcd,1789.743896,0.28037116385032607
etcd,1790.144043,0.28136891613614884
etcd,1790.399902,0.2823666684219716
etcd,1790.651855,0.2833644207077944
etcd,1790.867188,0.28436217299361716
etcd,1791.13501,0.28535992527943993
etcd,1791.333008,0.2863576775652627
etcd,1791.48999,0.2873554298510855
etcd,1791.6521,0.28835318213690825
etcd,1791.812988,0.289350934422731
etcd,1791.949219,0.2903486867085538
etcd,1792.10791,0.29134643899437657
etcd,1792.270996,0.29234419128019934
etcd,1792.440918,0.2933419435660221
etcd,1792.572998,0.2943396958518449
etcd,1792.709961,0.29533744813766766
etcd,1792.863037,0.29633520042349043
etcd,1793.037109,0.2973329527093132
etcd,1793.22998,0.298330704995136
etcd,1793.343994,0.29932845728095875
etcd,1793.609863,0.3003262095667815
etcd,1793.835938,0.3013239618526043
etcd,1794.101074,0.30232171413842707
etcd,1794.358887,0.30331946642424984
etcd,1794.60498,0.3043172187100726
etcd,1794.843994,0.3053149709958954
etcd,1795.191162,0.3063127232817181
etcd,1795.50293,0.3073104755675409
etcd,1795.85791,0.30830822785336365
etcd,1796.236084,0.3093059801391864
etcd,1796.762939,0.3103037324250092
etcd,1797.769043,0.31130148471083197
etcd,1798.174072,0.31229923699665474
etcd,1798.814941,0.3132969892824775
etcd,1799.464111,0.3142947415683003
etcd,1800.056885,0.31529249385412306
etcd,1800.539062,0.31629024613994583
etcd,1801.01416,0.3172879984257686
etcd,1801.413086,0.3182857507115914
etcd,1801.781982,0.31928350299741415
etcd,1802.148926,0.3202812552832369
etcd,1802.589111,0.3212790075690597
etcd,1802.996094,0.32227675985488247
etcd,1803.275879,0.32327451214070524
etcd,1803.484131,0.324272264426528
etcd,1803.843018,0.3252700167123508
etcd,1804.137939,0.32626776899817356
etcd,1804.353027,0.32726552128399633
etcd,1804.550049,0.3282632735698191
etcd,1804.7229,0.3292610258556419
etcd,1804.875,0.33025877814146465
etcd,1805.062988,0.3312565304272874
etcd,1805.219971,0.3322542827131102
etcd,1805.383789,0.33325203499893297
etcd,1805.525146,0.33424978728475574
etcd,1805.693115,0.3352475395705785
etcd,1805.834961,0.3362452918564013
etcd,1806.00293,0.33724304414222406
etcd,1806.176025,0.33824079642804683
etcd,1806.357178,0.3392385487138696
etcd,1806.525879,0.3402363009996924
etcd,1806.694824,0.34123405328551515
etcd,1806.856201,0.3422318055713379
etcd,1807.043945,0.3432295578571607
etcd,1807.22998,0.34422731014298347
etcd,1807.401855,0.34522506242880624
etcd,1807.613037,0.346222814714629
etcd,1807.859131,0.3472205670004518
etcd,1808.091064,0.34821831928627456
etcd,1808.3479,0.34921607157209733
etcd,1808.73999,0.35021382385792005
etcd,1809.271973,0.3512115761437428
etcd,1809.689941,0.3522093284295656
etcd,1809.963867,0.35320708071538837
etcd,1810.214844,0.35420483300121114
etcd,1810.439941,0.3552025852870339
etcd,1810.620117,0.3562003375728567
etcd,1810.75,0.35719808985867946
etcd,1810.990967,0.35819584214450223
etcd,1811.173828,0.359193594430325
etcd,1811.343994,0.3601913467161478
etcd,1811.50708,0.36118909900197055
etcd,1811.679199,0.3621868512877933
etcd,1811.840088,0.3631846035736161
etcd,1811.953857,0.36418235585943887
etcd,1812.072998,0.36518010814526164
etcd,1812.197998,0.3661778604310844
etcd,1812.337891,0.3671756127169072
etcd,1812.450195,0.36817336500272996
etcd,1812.608887,0.36917111728855273
etcd,1812.765137,0.3701688695743755
etcd,1812.946777,0.3711666218601983
etcd,1813.151855,0.37216437414602105
etcd,1813.379883,0.3731621264318438
etcd,1813.540039,0.3741598787176666
etcd,1813.723145,0.37515763100348937
etcd,1813.894043,0.37615538328931214
etcd,1814.061035,0.3771531355751349
etcd,1814.234131,0.3781508878609577
etcd,1814.469971,0.37914864014678046
etcd,1814.803955,0.38014639243260323
etcd,1815.368164,0.381144144718426
etcd,1815.87915,0.3821418970042488
etcd,1816.469971,0.38313964929007155
etcd,1818.220947,0.3841374015758943
etcd,1821.048096,0.3851351538617171
etcd,1822.152832,0.38613290614753987
etcd,1822.87085,0.38713065843336264
etcd,1824.224121,0.3881284107191854
etcd,1824.804932,0.3891261630050082
etcd,1825.779053,0.39012391529083096
etcd,1826.598145,0.39112166757665373
etcd,1827.353027,0.3921194198624765
etcd,1828.310791,0.3931171721482992
etcd,1829.996826,0.394114924434122
etcd,1830.916992,0.39511267671994477
etcd,1831.307129,0.39611042900576754
etcd,1831.542969,0.3971081812915903
etcd,1832.11499,0.3981059335774131
etcd,1832.556885,0.39910368586323586
etcd,1832.929932,0.40010143814905863
etcd,1833.741943,0.4010991904348814
etcd,1835.291992,0.4020969427207042
etcd,1838.999023,0.40309469500652695
etcd,1839.684082,0.4040924472923497
etcd,1840.375,0.4050901995781725
etcd,1841.087891,0.40608795186399527
etcd,1842.298828,0.40708570414981804
etcd,1844.593018,0.4080834564356408
etcd,1845.923096,0.4090812087214636
etcd,1848.451904,0.41007896100728636
etcd,1850.957031,0.41107671329310913
etcd,1853.499023,0.4120744655789319
etcd,1854.881104,0.4130722178647547
etcd,1855.730225,0.41406997015057745
etcd,1856.221924,0.4150677224364002
etcd,1856.834961,0.416065474722223
etcd,1857.183105,0.41706322700804577
etcd,1857.473877,0.41806097929386854
etcd,1857.797119,0.4190587315796913
etcd,1858.001953,0.4200564838655141
etcd,1858.285156,0.42105423615133686
etcd,1858.534912,0.42205198843715963
etcd,1858.700195,0.4230497407229824
etcd,1858.854004,0.4240474930088052
etcd,1858.981201,0.42504524529462795
etcd,1859.110107,0.4260429975804507
etcd,1859.235107,0.4270407498662735
etcd,1859.373047,0.42803850215209627
etcd,1859.505127,0.42903625443791904
etcd,1859.64502,0.4300340067237418
etcd,1859.765137,0.4310317590095646
etcd,1859.871094,0.43202951129538736
etcd,1859.977051,0.43302726358121013
etcd,1860.096924,0.4340250158670329
etcd,1860.207031,0.4350227681528557
etcd,1860.298096,0.4360205204386784
etcd,1860.393066,0.43701827272450117
etcd,1860.49707,0.43801602501032394
etcd,1860.593994,0.4390137772961467
etcd,1860.688965,0.4400115295819695
etcd,1860.787109,0.44100928186779226
etcd,1860.870117,0.44200703415361503
etcd,1860.968994,0.4430047864394378
etcd,1861.052002,0.4440025387252606
etcd,1861.119873,0.44500029101108335
etcd,1861.217041,0.4459980432969061
etcd,1861.315186,0.4469957955827289
etcd,1861.420898,0.44799354786855167
etcd,1861.51416,0.44899130015437444
etcd,1861.596924,0.4499890524401972
etcd,1861.677979,0.45098680472602
etcd,1861.77002,0.45198455701184276
etcd,1861.856934,0.45298230929766553
etcd,1861.944824,0.4539800615834883
etcd,1862.024902,0.4549778138693111
etcd,1862.125977,0.45597556615513385
etcd,1862.218018,0.4569733184409566
etcd,1862.303955,0.4579710707267794
etcd,1862.36499,0.45896882301260217
etcd,1862.445068,0.45996657529842494
etcd,1862.578125,0.4609643275842477
etcd,1862.733887,0.4619620798700705
etcd,1862.87207,0.46295983215589326
etcd,1862.999023,0.46395758444171603
etcd,1863.112061,0.4649553367275388
etcd,1863.270996,0.4659530890133616
etcd,1863.407959,0.46695084129918435
etcd,1863.555908,0.4679485935850071
etcd,1863.676025,0.4689463458708299
etcd,1863.808838,0.46994409815665267
etcd,1863.969971,0.47094185044247544
etcd,1864.121826,0.4719396027282982
etcd,1864.315186,0.472937355014121
etcd,1864.475098,0.47393510729994376
etcd,1864.811035,0.47493285958576653
etcd,1865.409912,0.4759306118715893
etcd,1865.873047,0.4769283641574121
etcd,1866.454102,0.47792611644323485
etcd,1867.191895,0.4789238687290576
etcd,1868.196045,0.47992162101488034
etcd,1868.669922,0.4809193733007031
etcd,1870.084961,0.4819171255865259
etcd,1871.87207,0.48291487787234866
etcd,1872.717041,0.48391263015817143
etcd,1873.562988,0.4849103824439942
etcd,1873.891113,0.485908134729817
etcd,1874.203125,0.48690588701563975
etcd,1874.487061,0.4879036393014625
etcd,1874.654785,0.4889013915872853
etcd,1874.852051,0.48989914387310807
etcd,1875.055908,0.49089689615893084
etcd,1875.261963,0.4918946484447536
etcd,1875.408936,0.4928924007305764
etcd,1875.592041,0.49389015301639916
etcd,1875.783936,0.49488790530222193
etcd,1876.009033,0.4958856575880447
etcd,1876.167969,0.4968834098738675
etcd,1876.301025,0.49788116215969025
etcd,1876.406006,0.498878914445513
etcd,1876.541016,0.4998766667313358
etcd,1876.666016,0.5008744190171586
etcd,1876.788818,0.5018721713029813
etcd,1876.928955,0.5028699235888041
etcd,1877.078857,0.5038676758746269
etcd,1877.185059,0.5048654281604497
etcd,1877.288818,0.5058631804462724
etcd,1877.405029,0.5068609327320952
etcd,1877.519043,0.507858685017918
etcd,1877.640137,0.5088564373037407
etcd,1877.76001,0.5098541895895635
etcd,1877.885986,0.5108519418753863
etcd,1877.987061,0.5118496941612091
etcd,1878.077881,0.5128474464470318
etcd,1878.164062,0.5138451987328546
etcd,1878.276123,0.5148429510186774
etcd,1878.401123,0.5158407033045002
etcd,1878.522949,0.5168384555903229
etcd,1878.63501,0.5178362078761457
etcd,1878.766113,0.5188339601619685
etcd,1878.88916,0.5198317124477912
etcd,1879.0271,0.520829464733614
etcd,1879.173096,0.5218272170194368
etcd,1879.35498,0.5228249693052596
etcd,1879.553955,0.5238227215910823
etcd,1879.688965,0.5248204738769051
etcd,1879.826172,0.5258182261627279
etcd,1879.968994,0.5268159784485507
etcd,1880.154053,0.5278137307343734
etcd,1880.361084,0.5288114830201962
etcd,1880.62207,0.529809235306019
etcd,1880.976807,0.5308069875918418
etcd,1881.238037,0.5318047398776645
etcd,1881.471924,0.5328024921634873
etcd,1881.63501,0.5338002444493101
etcd,1881.76709,0.5347979967351328
etcd,1881.944092,0.5357957490209556
etcd,1882.572021,0.5367935013067784
etcd,1883.079102,0.5377912535926012
etcd,1883.743896,0.5387890058784239
etcd,1884.375,0.5397867581642467
etcd,1884.669922,0.5407845104500695
etcd,1885.156982,0.5417822627358923
etcd,1885.721924,0.542780015021715
etcd,1886.019043,0.5437777673075378
etcd,1886.362061,0.5447755195933605
etcd,1886.952881,0.5457732718791832
etcd,1887.762939,0.546771024165006
etcd,1888.270996,0.5477687764508288
etcd,1888.885986,0.5487665287366515
etcd,1889.288086,0.5497642810224743
etcd,1889.762939,0.5507620333082971
etcd,1890.465088,0.5517597855941199
etcd,1891.435059,0.5527575378799426
etcd,1892.11499,0.5537552901657654
etcd,1892.614014,0.5547530424515882
etcd,1893.025146,0.555750794737411
etcd,1893.791992,0.5567485470232337
etcd,1895.171143,0.5577462993090565
etcd,1896.031982,0.5587440515948793
etcd,1897.005127,0.559741803880702
etcd,1897.916016,0.5607395561665248
etcd,1898.890869,0.5617373084523476
etcd,1899.665039,0.5627350607381704
etcd,1900.891113,0.5637328130239931
etcd,1902.006836,0.5647305653098159
etcd,1902.501953,0.5657283175956387
etcd,1902.911133,0.5667260698814615
etcd,1903.251953,0.5677238221672842
etcd,1903.498047,0.568721574453107
etcd,1903.970947,0.5697193267389298
etcd,1904.256104,0.5707170790247525
etcd,1904.824951,0.5717148313105753
etcd,1905.208008,0.5727125835963981
etcd,1906.0979,0.5737103358822209
etcd,1906.87085,0.5747080881680436
etcd,1907.798096,0.5757058404538664
etcd,1908.927002,0.5767035927396892
etcd,1915.151123,0.577701345025512
etcd,1917.741943,0.5786990973113347
etcd,1918.611816,0.5796968495971575
etcd,1919.662842,0.5806946018829803
etcd,1919.952881,0.581692354168803
etcd,1920.302979,0.5826901064546258
etcd,1920.769043,0.5836878587404486
etcd,1921.214844,0.5846856110262714
etcd,1921.628906,0.5856833633120941
etcd,1921.99707,0.5866811155979169
etcd,1922.241943,0.5876788678837397
etcd,1922.515137,0.5886766201695625
etcd,1922.743896,0.5896743724553852
etcd,1923.015869,0.590672124741208
etcd,1923.536865,0.5916698770270308
etcd,1928.534912,0.5926676293128535
etcd,1932.36499,0.5936653815986763
etcd,1935.041016,0.5946631338844991
etcd,1937.264893,0.5956608861703219
etcd,1940.791992,0.5966586384561446
etcd,1942.820068,0.5976563907419674
etcd,1946.020996,0.5986541430277902
etcd,1947.641846,0.599651895313613
etcd,1949.679199,0.6006496475994357
etcd,1950.567139,0.6016473998852585
etcd,1950.912842,0.6026451521710813
etcd,1951.287842,0.603642904456904
etcd,1951.583984,0.6046406567427268
etcd,1951.811768,0.6056384090285496
etcd,1952.020996,0.6066361613143724
etcd,1952.218018,0.6076339136001951
etcd,1952.427002,0.6086316658860179
etcd,1952.601074,0.6096294181718407
etcd,1952.729004,0.6106271704576635
etcd,1952.904785,0.6116249227434862
etcd,1953.053955,0.612622675029309
etcd,1953.172852,0.6136204273151318
etcd,1953.309082,0.6146181796009546
etcd,1953.450928,0.6156159318867773
etcd,1953.643799,0.6166136841726001
etcd,1953.818115,0.6176114364584229
etcd,1953.964844,0.6186091887442456
etcd,1954.122803,0.6196069410300684
etcd,1954.289062,0.6206046933158912
etcd,1954.400146,0.621602445601714
etcd,1954.553955,0.6226001978875367
etcd,1954.724854,0.6235979501733595
etcd,1954.934082,0.6245957024591823
etcd,1955.200195,0.625593454745005
etcd,1955.552002,0.6265912070308278
etcd,1955.911133,0.6275889593166506
etcd,1956.434082,0.6285867116024734
etcd,1956.792969,0.6295844638882961
etcd,1957.65918,0.6305822161741189
etcd,1958.439941,0.6315799684599416
etcd,1959.165771,0.6325777207457643
etcd,1959.625977,0.6335754730315871
etcd,1960.159912,0.6345732253174099
etcd,1960.822021,0.6355709776032327
etcd,1961.679199,0.6365687298890554
etcd,1962.4729,0.6375664821748782
etcd,1962.888916,0.638564234460701
etcd,1964.592041,0.6395619867465238
etcd,1968.565918,0.6405597390323465
etcd,1970.088135,0.6415574913181693
etcd,1971.74585,0.6425552436039921
etcd,1972.77002,0.6435529958898148
etcd,1976.687012,0.6445507481756376
etcd,1982.070068,0.6455485004614604
etcd,1984.885986,0.6465462527472832
etcd,1985.838867,0.6475440050331059
etcd,1986.479004,0.6485417573189287
etcd,1987.03418,0.6495395096047515
etcd,1987.602051,0.6505372618905743
etcd,1987.933105,0.651535014176397
etcd,1988.175049,0.6525327664622198
etcd,1988.441162,0.6535305187480426
etcd,1988.620117,0.6545282710338653
etcd,1988.806885,0.6555260233196881
etcd,1988.950928,0.6565237756055109
etcd,1989.062988,0.6575215278913337
etcd,1989.225098,0.6585192801771564
etcd,1989.333008,0.6595170324629792
etcd,1989.449951,0.660514784748802
etcd,1989.557861,0.6615125370346248
etcd,1989.708984,0.6625102893204475
etcd,1989.86084,0.6635080416062703
etcd,1990.054932,0.6645057938920931
etcd,1990.251953,0.6655035461779159
etcd,1990.38208,0.6665012984637386
etcd,1990.531006,0.6674990507495614
etcd,1990.75,0.6684968030353842
etcd,1990.931885,0.6694945553212069
etcd,1991.076904,0.6704923076070297
etcd,1991.236084,0.6714900598928525
etcd,1991.403809,0.6724878121786753
etcd,1991.540039,0.673485564464498
etcd,1991.712891,0.6744833167503208
etcd,1991.969971,0.6754810690361436
etcd,1992.350098,0.6764788213219664
etcd,1992.790771,0.6774765736077891
etcd,1993.168945,0.6784743258936119
etcd,1993.843018,0.6794720781794347
etcd,1998.010986,0.6804698304652574
etcd,2004.35498,0.6814675827510802
etcd,2005.529053,0.682465335036903
etcd,2005.835938,0.6834630873227258
etcd,2006.283936,0.6844608396085485
etcd,2007.125977,0.6854585918943713
etcd,2008.332031,0.6864563441801941
etcd,2008.943848,0.6874540964660169
etcd,2009.400879,0.6884518487518396
etcd,2009.662842,0.6894496010376624
etcd,2009.907959,0.6904473533234852
etcd,2010.125,0.6914451056093079
etcd,2010.280029,0.6924428578951307
etcd,2010.421875,0.6934406101809535
etcd,2010.571045,0.6944383624667763
etcd,2010.695068,0.695436114752599
etcd,2010.823975,0.6964338670384218
etcd,2010.961914,0.6974316193242446
etcd,2011.150879,0.6984293716100674
etcd,2011.344971,0.6994271238958901
etcd,2011.531006,0.7004248761817129
etcd,2011.746094,0.7014226284675357
etcd,2011.906006,0.7024203807533584
etcd,2012.150879,0.7034181330391812
etcd,2012.343018,0.704415885325004
etcd,2012.569092,0.7054136376108268
etcd,2012.826172,0.7064113898966495
etcd,2013.086182,0.7074091421824723
etcd,2013.3479,0.7084068944682951
etcd,2013.572021,0.7094046467541179
etcd,2013.862061,0.7104023990399406
etcd,2014.241943,0.7114001513257634
etcd,2014.616943,0.7123979036115862
etcd,2015.111084,0.7133956558974089
etcd,2015.944092,0.7143934081832317
etcd,2018.976807,0.7153911604690545
etcd,2020.874023,0.7163889127548773
etcd,2021.5271,0.7173866650407
etcd,2022.167969,0.7183844173265227
etcd,2022.578125,0.7193821696123455
etcd,2022.873047,0.7203799218981682
etcd,2023.128906,0.721377674183991
etcd,2023.431152,0.7223754264698138
etcd,2023.557129,0.7233731787556366
etcd,2023.677979,0.7243709310414593
etcd,2023.790039,0.7253686833272821
etcd,2023.919189,0.7263664356131049
etcd,2024.074951,0.7273641878989276
etcd,2024.240967,0.7283619401847504
etcd,2024.394043,0.7293596924705732
etcd,2024.514893,0.730357444756396
etcd,2024.655029,0.7313551970422187
etcd,2024.813965,0.7323529493280415
etcd,2024.89502,0.7333507016138643
etcd,2024.977051,0.7343484538996871
etcd,2025.058105,0.7353462061855098
etcd,2025.195068,0.7363439584713326
etcd,2025.309814,0.7373417107571554
etcd,2025.420898,0.7383394630429782
etcd,2025.547852,0.7393372153288009
etcd,2025.75415,0.7403349676146237
etcd,2026.168945,0.7413327199004465
etcd,2026.693848,0.7423304721862692
etcd,2028.477051,0.743328224472092
etcd,2034.211914,0.7443259767579148
etcd,2035.781006,0.7453237290437376
etcd,2036.283936,0.7463214813295603
etcd,2036.706055,0.7473192336153831
etcd,2036.862793,0.7483169859012059
etcd,2036.969971,0.7493147381870287
etcd,2037.182861,0.7503124904728514
etcd,2037.325928,0.7513102427586742
etcd,2037.437988,0.752307995044497
etcd,2037.568848,0.7533057473303197
etcd,2037.679199,0.7543034996161425
etcd,2037.821045,0.7553012519019653
etcd,2038.003906,0.7562990041877881
etcd,2038.115967,0.7572967564736108
etcd,2038.231934,0.7582945087594336
etcd,2038.347168,0.7592922610452564
etcd,2038.437988,0.7602900133310792
etcd,2038.537842,0.7612877656169019
etcd,2038.667969,0.7622855179027247
etcd,2038.758057,0.7632832701885475
etcd,2038.913818,0.7642810224743702
etcd,2039.146973,0.765278774760193
etcd,2039.321045,0.7662765270460158
etcd,2039.50293,0.7672742793318386
etcd,2039.710205,0.7682720316176613
etcd,2039.908936,0.7692697839034841
etcd,2040.190186,0.7702675361893069
etcd,2040.458984,0.7712652884751297
etcd,2041.026855,0.7722630407609524
etcd,2042.343018,0.7732607930467752
etcd,2043.109863,0.774258545332598
etcd,2045.458008,0.7752562976184207
etcd,2048.093994,0.7762540499042435
etcd,2049.794922,0.7772518021900663
etcd,2053.134033,0.7782495544758891
etcd,2054.10791,0.7792473067617118
etcd,2055.506836,0.7802450590475346
etcd,2056.162842,0.7812428113333574
etcd,2058.62207,0.7822405636191802
etcd,2062.506836,0.7832383159050029
etcd,2063.858154,0.7842360681908257
etcd,2064.616943,0.7852338204766485
etcd,2065.965088,0.7862315727624712
etcd,2068.913086,0.787229325048294
etcd,2074.263916,0.7882270773341168
etcd,2078.653076,0.7892248296199396
etcd,2086.773926,0.7902225819057623
etcd,2087.836182,0.7912203341915851
etcd,2104.549072,0.7922180864774079
etcd,2109.026123,0.7932158387632307
etcd,2110.11792,0.7942135910490534
etcd,2110.941895,0.7952113433348762
etcd,2111.331055,0.796209095620699
etcd,2112.021973,0.7972068479065217
etcd,2112.308105,0.7982046001923445
etcd,2112.606934,0.7992023524781673
etcd,2112.811035,0.8002001047639901
etcd,2113.049072,0.8011978570498128
etcd,2113.284912,0.8021956093356356
etcd,2113.520996,0.8031933616214584
etcd,2113.729004,0.8041911139072812
etcd,2113.916992,0.8051888661931038
etcd,2114.072998,0.8061866184789266
etcd,2114.270996,0.8071843707647494
etcd,2114.458008,0.8081821230505721
etcd,2114.581787,0.8091798753363949
etcd,2114.73291,0.8101776276222177
etcd,2114.893066,0.8111753799080405
etcd,2115.080078,0.8121731321938632
etcd,2115.201904,0.813170884479686
etcd,2115.319092,0.8141686367655088
etcd,2115.466064,0.8151663890513315
etcd,2115.595947,0.8161641413371543
etcd,2115.678955,0.8171618936229771
etcd,2115.761963,0.8181596459087999
etcd,2115.923096,0.8191573981946226
etcd,2116.25293,0.8201551504804454
etcd,2116.637939,0.8211529027662682
etcd,2117.253174,0.822150655052091
etcd,2117.88501,0.8231484073379137
etcd,2119.237061,0.8241461596237365
etcd,2120.073975,0.8251439119095593
etcd,2120.845947,0.826141664195382
etcd,2121.391113,0.8271394164812048
etcd,2121.772217,0.8281371687670276
etcd,2122.0979,0.8291349210528504
etcd,2122.433105,0.8301326733386731
etcd,2122.935059,0.8311304256244959
etcd,2123.547852,0.8321281779103187
etcd,2124.104004,0.8331259301961415
etcd,2125.029053,0.8341236824819642
etcd,2125.591064,0.835121434767787
etcd,2126.843018,0.8361191870536098
etcd,2129.369141,0.8371169393394325
etcd,2130.615967,0.8381146916252553
etcd,2132.695801,0.8391124439110781
etcd,2135.989014,0.8401101961969009
etcd,2136.782959,0.8411079484827236
etcd,2137.766113,0.8421057007685464
etcd,2138.440918,0.8431034530543692
etcd,2139.759033,0.844101205340192
etcd,2140.726074,0.8450989576260147
etcd,2146.249023,0.8460967099118375
etcd,2148.802979,0.8470944621976603
etcd,2151.138916,0.848092214483483
etcd,2155.603027,0.8490899667693058
etcd,2158.052002,0.8500877190551286
etcd,2158.766113,0.8510854713409514
etcd,2159.341064,0.8520832236267741
etcd,2159.880859,0.8530809759125969
etcd,2160.550049,0.8540787281984197
etcd,2161.068115,0.8550764804842425
etcd,2161.780029,0.8560742327700652
etcd,2162.489014,0.857071985055888
etcd,2163.01001,0.8580697373417108
etcd,2163.49707,0.8590674896275335
etcd,2164.583008,0.8600652419133563
etcd,2165.37793,0.8610629941991791
etcd,2174.516113,0.8620607464850019
etcd,2177.526123,0.8630584987708246
etcd,2179.225098,0.8640562510566474
etcd,2181.266113,0.8650540033424702
etcd,2187.310059,0.866051755628293
etcd,2189.067139,0.8670495079141157
etcd,2190.681885,0.8680472601999385
etcd,2193.927979,0.8690450124857613
etcd,2199.85791,0.870042764771584
etcd,2205.39502,0.8710405170574068
etcd,2207.585938,0.8720382693432296
etcd,2208.421875,0.8730360216290524
etcd,2210.307861,0.8740337739148751
etcd,2230.671143,0.8750315262006979
etcd,2232.674072,0.8760292784865207
etcd,2233.227051,0.8770270307723435
etcd,2234.291016,0.8780247830581662
etcd,2234.932129,0.879022535343989
etcd,2235.740967,0.8800202876298118
etcd,2236.586914,0.8810180399156345
etcd,2237.369873,0.8820157922014573
etcd,2238.736084,0.8830135444872801
etcd,2239.1521,0.8840112967731029
etcd,2247.023193,0.8850090490589256
etcd,2248.866943,0.8860068013447484
etcd,2250.12207,0.8870045536305712
etcd,2250.784912,0.888002305916394
etcd,2251.705078,0.8890000582022167
etcd,2252.625977,0.8899978104880395
etcd,2253.811035,0.8909955627738623
etcd,2255.920166,0.8919933150596849
etcd,2259.325928,0.8929910673455077
etcd,2262.499023,0.8939888196313305
etcd,2263.239014,0.8949865719171533
etcd,2263.891113,0.895984324202976
etcd,2264.430908,0.8969820764887988
etcd,2265.011963,0.8979798287746216
etcd,2280.744873,0.8989775810604443
etcd,2303.896973,0.8999753333462671
etcd,2305.206055,0.9009730856320899
etcd,2306.629883,0.9019708379179127
etcd,2326.679932,0.9029685902037354
etcd,2343.235107,0.9039663424895582
etcd,2344.783936,0.904964094775381
etcd,2346.855957,0.9059618470612038
etcd,2361.826172,0.9069595993470265
etcd,2363.414062,0.9079573516328493
etcd,2364.259033,0.9089551039186721
etcd,2365.24707,0.9099528562044948
etcd,2366.021973,0.9109506084903176
etcd,2366.695068,0.9119483607761404
etcd,2367.978027,0.9129461130619632
etcd,2399.740967,0.9139438653477859
etcd,2402.64209,0.9149416176336087
etcd,2403.562012,0.9159393699194315
etcd,2404.854004,0.9169371222052543
etcd,2420.046143,0.917934874491077
etcd,2421.757812,0.9189326267768998
etcd,2423.623047,0.9199303790627226
etcd,2436.731934,0.9209281313485453
etcd,2439.698975,0.9219258836343681
etcd,2441.022949,0.9229236359201909
etcd,2441.8479,0.9239213882060137
etcd,2442.897949,0.9249191404918364
etcd,2443.965088,0.9259168927776592
etcd,2445.320068,0.926914645063482
etcd,2503.512939,0.9279123973493048
etcd,2505.311035,0.9289101496351275
etcd,2506.048096,0.9299079019209503
etcd,2507.043945,0.9309056542067731
etcd,2509.738037,0.9319034064925958
etcd,2511.666992,0.9329011587784186
etcd,2513.332031,0.9338989110642414
etcd,2532.996094,0.9348966633500642
etcd,2573.536133,0.9358944156358869
etcd,2575.390137,0.9368921679217097
etcd,2576.896973,0.9378899202075325
etcd,2606.410889,0.9388876724933553
etcd,2630.236084,0.939885424779178
etcd,2639.031006,0.9408831770650008
etcd,2640.130127,0.9418809293508236
etcd,2641.88501,0.9428786816366463
etcd,2692.451904,0.9438764339224691
etcd,2694.083984,0.9448741862082919
etcd,2695.415039,0.9458719384941147
etcd,2711.826904,0.9468696907799374
etcd,2714.137939,0.9478674430657602
etcd,2716.031006,0.948865195351583
etcd,2718.646973,0.9498629476374058
etcd,2719.981934,0.9508606999232285
etcd,2721.26416,0.9518584522090513
etcd,2730.825928,0.9528562044948741
etcd,2732.443115,0.9538539567806968
etcd,2733.678955,0.9548517090665196
etcd,2734.082031,0.9558494613523424
etcd,2734.580078,0.9568472136381652
etcd,2747.634033,0.9578449659239879
etcd,2778.472168,0.9588427182098107
etcd,2780.294189,0.9598404704956335
etcd,2781.60498,0.9608382227814563
etcd,2796.27002,0.961835975067279
etcd,2798.934082,0.9628337273531018
etcd,2800.317139,0.9638314796389246
etcd,2801.728027,0.9648292319247473
etcd,2804.097168,0.9658269842105701
etcd,2805.581787,0.9668247364963929
etcd,2806.654053,0.9678224887822157
etcd,2808.427002,0.9688202410680384
etcd,2826.61792,0.9698179933538612
etcd,2844.49707,0.970815745639684
etcd,2846.404053,0.9718134979255068
etcd,2847.716064,0.9728112502113295
etcd,2848.589111,0.9738090024971523
etcd,2849.476074,0.9748067547829751
etcd,2850.644043,0.9758045070687978
etcd,2873.327881,0.9768022593546206
etcd,2881.772949,0.9778000116404434
etcd,2882.463867,0.978797763926266
etcd,2885.48999,0.9797955162120888
etcd,2911.959961,0.9807932684979116
etcd,2913.314941,0.9817910207837344
etcd,2947.123047,0.9827887730695571
etcd,2950.908936,0.9837865253553799
etcd,2951.818115,0.9847842776412027
etcd,2966.490967,0.9857820299270255
etcd,2972.933838,0.9867797822128482
etcd,2989.48999,0.987777534498671
etcd,3023.104004,0.9887752867844938
etcd,3025.149902,0.9897730390703166
etcd,3026.248047,0.9907707913561393
etcd,3045.519775,0.9917685436419621
etcd,3052.895996,0.9927662959277849
etcd,3054.64209,0.9937640482136076
etcd,3055.914062,0.9947618004994304
etcd,3057.702881,0.9957595527852532
etcd,3274.893799,0.996757305071076
etcd,3277.056885,0.9977550573568987
etcd,3277.657959,0.9987528096427215
etcd,3278.85498,0.9997505619285443
jp-etcd-fp0,189.40918,2.7855929134516283e-06
jp-etcd-fp0,281.637939,0.0010000278559291345
jp-etcd-fp0,603.856934,0.0019972701189448173
jp-etcd-fp0,713.399902,0.0029945123819605
jp-etcd-fp0,717.987061,0.003991754644976183
jp-etcd-fp0,721.912109,0.0049889969079918665
jp-etcd-fp0,727.24292,0.005986239171007549
jp-etcd-fp0,732.223145,0.006983481434023232
jp-etcd-fp0,736.307129,0.007980723697038915
jp-etcd-fp0,738.908936,0.008977965960054598
jp-etcd-fp0,740.879883,0.00997520822307028
jp-etcd-fp0,744.899902,0.010972450486085963
jp-etcd-fp0,752.484131,0.011969692749101646
jp-etcd-fp0,761.855957,0.012966935012117329
jp-etcd-fp0,803.393799,0.013964177275133011
jp-etcd-fp0,860.903809,0.014961419538148694
jp-etcd-fp0,882.36499,0.015958661801164377
jp-etcd-fp0,1004.400879,0.01695590406418006
jp-etcd-fp0,1171.583984,0.017953146327195742
jp-etcd-fp0,1309.083008,0.018950388590211427
jp-etcd-fp0,1415.35791,0.019947630853227108
jp-etcd-fp0,1422.231934,0.020944873116242792
jp-etcd-fp0,1424.237793,0.021942115379258473
jp-etcd-fp0,1425.186035,0.022939357642274158
jp-etcd-fp0,1426.397949,0.023936599905289842
jp-etcd-fp0,1427.283203,0.024933842168305523
jp-etcd-fp0,1428.678955,0.025931084431321208
jp-etcd-fp0,1429.611816,0.02692832669433689
jp-etcd-fp0,1430.121094,0.027925568957352574
jp-etcd-fp0,1441.138916,0.028922811220368255
jp-etcd-fp0,1451.789062,0.02992005348338394
jp-etcd-fp0,1461.416016,0.03091729574639962
jp-etcd-fp0,1471.518066,0.0319145380094153
jp-etcd-fp0,1482.799072,0.03291178027243099
jp-etcd-fp0,1492.864014,0.03390902253544667
jp-etcd-fp0,1503.125,0.03490626479846235
jp-etcd-fp0,1511.542969,0.03590350706147803
jp-etcd-fp0,1520.12915,0.03690074932449372
jp-etcd-fp0,1527.809082,0.0378979915875094
jp-etcd-fp0,1534.036865,0.03889523385052508
jp-etcd-fp0,1541.105957,0.03989247611354077
jp-etcd-fp0,1548.148926,0.04088971837655645
jp-etcd-fp0,1554.233154,0.04188696063957213
jp-etcd-fp0,1561.666016,0.04288420290258781
jp-etcd-fp0,1568.066895,0.0438814451656035
jp-etcd-fp0,1574.507812,0.04487868742861918
jp-etcd-fp0,1581.48291,0.04587592969163486
jp-etcd-fp0,1586.061035,0.046873171954650544
jp-etcd-fp0,1590.509033,0.04787041421766623
jp-etcd-fp0,1597.664062,0.04886765648068191
jp-etcd-fp0,1604.074951,0.049864898743697594
jp-etcd-fp0,1609.463867,0.05086214100671328
jp-etcd-fp0,1614.532959,0.05185938326972896
jp-etcd-fp0,1620.324951,0.052856625532744644
jp-etcd-fp0,1626.258057,0.053853867795760325
jp-etcd-fp0,1630.963135,0.05485111005877601
jp-etcd-fp0,1634.542969,0.055848352321791694
jp-etcd-fp0,1640.666992,0.056845594584807375
jp-etcd-fp0,1645.168945,0.057842836847823056
jp-etcd-fp0,1646.288086,0.058840079110838744
jp-etcd-fp0,1646.866943,0.059837321373854425
jp-etcd-fp0,1647.239014,0.060834563636870106
jp-etcd-fp0,1647.654053,0.06183180589988579
jp-etcd-fp0,1648.057861,0.06282904816290147
jp-etcd-fp0,1648.35791,0.06382629042591716
jp-etcd-fp0,1648.616943,0.06482353268893284
jp-etcd-fp0,1648.823975,0.06582077495194852
jp-etcd-fp0,1649.044922,0.0668180172149642
jp-etcd-fp0,1649.27002,0.0678152594779799
jp-etcd-fp0,1649.449951,0.06881250174099557
jp-etcd-fp0,1649.666992,0.06980974400401126
jp-etcd-fp0,1649.89917,0.07080698626702693
jp-etcd-fp0,1650.098145,0.07180422853004262
jp-etcd-fp0,1650.273193,0.0728014707930583
jp-etcd-fp0,1650.479004,0.07379871305607398
jp-etcd-fp0,1650.688965,0.07479595531908967
jp-etcd-fp0,1650.911133,0.07579319758210536
jp-etcd-fp0,1651.106934,0.07679043984512103
jp-etcd-fp0,1651.316895,0.07778768210813672
jp-etcd-fp0,1651.553955,0.0787849243711524
jp-etcd-fp0,1651.748047,0.07978216663416808
jp-etcd-fp0,1652.023926,0.08077940889718377
jp-etcd-fp0,1652.544189,0.08177665116019944
jp-etcd-fp0,1653.531982,0.08277389342321513
jp-etcd-fp0,1668.695068,0.08377113568623082
jp-etcd-fp0,1677.189941,0.08476837794924649
jp-etcd-fp0,1679.645996,0.08576562021226218
jp-etcd-fp0,1693.520996,0.08676286247527787
jp-etcd-fp0,1697.027832,0.08776010473829354
jp-etcd-fp0,1700.455078,0.08875734700130923
jp-etcd-fp0,1702.765869,0.0897545892643249
jp-etcd-fp0,1703.564941,0.09075183152734059
jp-etcd-fp0,1704.165039,0.09174907379035628
jp-etcd-fp0,1704.557129,0.09274631605337195
jp-etcd-fp0,1704.991943,0.09374355831638764
jp-etcd-fp0,1705.392822,0.09474080057940333
jp-etcd-fp0,1705.74707,0.095738042842419
jp-etcd-fp0,1706.008057,0.09673528510543469
jp-etcd-fp0,1706.261963,0.09773252736845038
jp-etcd-fp0,1706.458984,0.09872976963146606
jp-etcd-fp0,1706.708008,0.09972701189448174
jp-etcd-fp0,1706.934082,0.10072425415749742
jp-etcd-fp0,1707.11792,0.1017214964205131
jp-etcd-fp0,1707.292969,0.10271873868352879
jp-etcd-fp0,1707.487061,0.10371598094654447
jp-etcd-fp0,1707.701904,0.10471322320956016
jp-etcd-fp0,1707.854004,0.10571046547257584
jp-etcd-fp0,1708.005127,0.10670770773559152
jp-etcd-fp0,1708.166016,0.1077049499986072
jp-etcd-fp0,1708.300781,0.10870219226162289
jp-etcd-fp0,1708.445068,0.10969943452463857
jp-etcd-fp0,1708.605957,0.11069667678765426
jp-etcd-fp0,1708.773926,0.11169391905066993
jp-etcd-fp0,1708.940918,0.11269116131368562
jp-etcd-fp0,1709.10791,0.1136884035767013
jp-etcd-fp0,1709.275879,0.11468564583971698
jp-etcd-fp0,1709.444092,0.11568288810273267
jp-etcd-fp0,1709.614014,0.11668013036574836
jp-etcd-fp0,1709.832031,0.11767737262876403
jp-etcd-fp0,1710.174072,0.11867461489177972
jp-etcd-fp0,1710.440918,0.11967185715479539
jp-etcd-fp0,1710.853027,0.12066909941781108
jp-etcd-fp0,1711.279053,0.12166634168082677
jp-etcd-fp0,1711.718994,0.12266358394384244
jp-etcd-fp0,1712.159912,0.12366082620685813
jp-etcd-fp0,1712.570068,0.12465806846987382
jp-etcd-fp0,1712.906982,0.1256553107328895
jp-etcd-fp0,1713.274902,0.12665255299590517
jp-etcd-fp0,1713.583984,0.12764979525892087
jp-etcd-fp0,1713.844971,0.12864703752193654
jp-etcd-fp0,1714.109863,0.12964427978495222
jp-etcd-fp0,1714.369873,0.13064152204796792
jp-etcd-fp0,1714.591064,0.1316387643109836
jp-etcd-fp0,1714.852783,0.13263600657399927
jp-etcd-fp0,1715.075928,0.13363324883701497
jp-etcd-fp0,1715.265137,0.13463049110003064
jp-etcd-fp0,1715.428955,0.13562773336304632
jp-etcd-fp0,1715.583008,0.13662497562606202
jp-etcd-fp0,1715.710938,0.1376222178890777
jp-etcd-fp0,1715.871094,0.13861946015209337
jp-etcd-fp0,1716.025879,0.13961670241510907
jp-etcd-fp0,1716.159912,0.14061394467812474
jp-etcd-fp0,1716.296875,0.14161118694114042
jp-etcd-fp0,1716.440918,0.14260842920415612
jp-etcd-fp0,1716.577148,0.1436056714671718
jp-etcd-fp0,1716.702148,0.14460291373018747
jp-etcd-fp0,1716.825928,0.14560015599320314
jp-etcd-fp0,1716.944824,0.14659739825621884
jp-etcd-fp0,1717.056885,0.14759464051923452
jp-etcd-fp0,1717.170898,0.1485918827822502
jp-etcd-fp0,1717.279053,0.1495891250452659
jp-etcd-fp0,1717.394043,0.15058636730828157
jp-etcd-fp0,1717.51001,0.15158360957129724
jp-etcd-fp0,1717.626953,0.15258085183431294
jp-etcd-fp0,1717.744141,0.15357809409732862
jp-etcd-fp0,1717.873047,0.1545753363603443
jp-etcd-fp0,1717.994141,0.15557257862336
jp-etcd-fp0,1718.105957,0.15656982088637567
jp-etcd-fp0,1718.218994,0.15756706314939134
jp-etcd-fp0,1718.341064,0.15856430541240704
jp-etcd-fp0,1718.47583,0.15956154767542272
jp-etcd-fp0,1718.618896,0.1605587899384384
jp-etcd-fp0,1718.77002,0.1615560322014541
jp-etcd-fp0,1718.943115,0.16255327446446977
jp-etcd-fp0,1719.12207,0.16355051672748544
jp-etcd-fp0,1719.308838,0.16454775899050114
jp-etcd-fp0,1719.453125,0.16554500125351682
jp-etcd-fp0,1719.612061,0.1665422435165325
jp-etcd-fp0,1719.792969,0.16753948577954816
jp-etcd-fp0,1719.994873,0.16853672804256387
jp-etcd-fp0,1720.261963,0.16953397030557954
jp-etcd-fp0,1720.545898,0.17053121256859521
jp-etcd-fp0,1720.844971,0.17152845483161092
jp-etcd-fp0,1721.153076,0.1725256970946266
jp-etcd-fp0,1721.656982,0.17352293935764226
jp-etcd-fp0,1722.265869,0.17452018162065797
jp-etcd-fp0,1723.26001,0.17551742388367364
jp-etcd-fp0,1724.250977,0.17651466614668931
jp-etcd-fp0,1724.85498,0.17751190840970502
jp-etcd-fp0,1725.416992,0.1785091506727207
jp-etcd-fp0,1725.952148,0.17950639293573636
jp-etcd-fp0,1726.421143,0.18050363519875207
jp-etcd-fp0,1726.801025,0.18150087746176774
jp-etcd-fp0,1727.526855,0.18249811972478341
jp-etcd-fp0,1731.60791,0.18349536198779912
jp-etcd-fp0,1735.579834,0.1844926042508148
jp-etcd-fp0,1737.480957,0.18548984651383046
jp-etcd-fp0,1739.055908,0.18648708877684614
jp-etcd-fp0,1740.671143,0.18748433103986184
jp-etcd-fp0,1741.473877,0.18848157330287751
jp-etcd-fp0,1741.958984,0.1894788155658932
jp-etcd-fp0,1742.625,0.1904760578289089
jp-etcd-fp0,1743.071045,0.19147330009192456
jp-etcd-fp0,1743.906982,0.19247054235494024
jp-etcd-fp0,1744.354004,0.19346778461795594
jp-etcd-fp0,1744.736084,0.19446502688097161
jp-etcd-fp0,1745.273193,0.1954622691439873
jp-etcd-fp0,1745.598145,0.196459511407003
jp-etcd-fp0,1746.01709,0.19745675367001866
jp-etcd-fp0,1746.378174,0.19845399593303434
jp-etcd-fp0,1747.573975,0.19945123819605004
jp-etcd-fp0,1751.053955,0.20044848045906571
jp-etcd-fp0,1752.173096,0.2014457227220814
jp-etcd-fp0,1752.922852,0.2024429649850971
jp-etcd-fp0,1753.525146,0.20344020724811276
jp-etcd-fp0,1753.890137,0.20443744951112844
jp-etcd-fp0,1754.197998,0.20543469177414414
jp-etcd-fp0,1754.490967,0.20643193403715981
jp-etcd-fp0,1754.745117,0.2074291763001755
jp-etcd-fp0,1754.962158,0.20842641856319116
jp-etcd-fp0,1755.139893,0.20942366082620686
jp-etcd-fp0,1755.318115,0.21042090308922254
jp-etcd-fp0,1755.484131,0.2114181453522382
jp-etcd-fp0,1755.631104,0.21241538761525391
jp-etcd-fp0,1755.764893,0.2134126298782696
jp-etcd-fp0,1755.921143,0.21440987214128526
jp-etcd-fp0,1756.071045,0.21540711440430096
jp-etcd-fp0,1756.237061,0.21640435666731664
jp-etcd-fp0,1756.369873,0.2174015989303323
jp-etcd-fp0,1756.49707,0.21839884119334801
jp-etcd-fp0,1756.625977,0.2193960834563637
jp-etcd-fp0,1756.761963,0.22039332571937936
jp-etcd-fp0,1756.897949,0.22139056798239506
jp-etcd-fp0,1756.993896,0.22238781024541074
jp-etcd-fp0,1757.094971,0.2233850525084264
jp-etcd-fp0,1757.189941,0.22438229477144211
jp-etcd-fp0,1757.266113,0.2253795370344578
jp-etcd-fp0,1757.349854,0.22637677929747346
jp-etcd-fp0,1757.454102,0.22737402156048914
jp-etcd-fp0,1757.568115,0.22837126382350484
jp-etcd-fp0,1757.667969,0.2293685060865205
jp-etcd-fp0,1757.754883,0.2303657483495362
jp-etcd-fp0,1757.853027,0.2313629906125519
jp-etcd-fp0,1757.969971,0.23236023287556756
jp-etcd-fp0,1758.084961,0.23335747513858324
jp-etcd-fp0,1758.199951,0.23435471740159894
jp-etcd-fp0,1758.328125,0.2353519596646146
jp-etcd-fp0,1758.434082,0.2363492019276303
jp-etcd-fp0,1758.547119,0.237346444190646
jp-etcd-fp0,1758.660156,0.23834368645366166
jp-etcd-fp0,1758.791992,0.23934092871667734
jp-etcd-fp0,1758.916016,0.24033817097969304
jp-etcd-fp0,1759.031006,0.2413354132427087
jp-etcd-fp0,1759.143066,0.2423326555057244
jp-etcd-fp0,1759.246094,0.2433298977687401
jp-etcd-fp0,1759.331055,0.24432714003175576
jp-etcd-fp0,1759.415039,0.24532438229477144
jp-etcd-fp0,1759.524902,0.24632162455778714
jp-etcd-fp0,1759.64502,0.2473188668208028
jp-etcd-fp0,1759.75708,0.2483161090838185
jp-etcd-fp0,1759.85791,0.24931335134683416
jp-etcd-fp0,1760.00415,0.25031059360984986
jp-etcd-fp0,1760.139893,0.25130783587286554
jp-etcd-fp0,1760.289062,0.2523050781358812
jp-etcd-fp0,1760.446045,0.2533023203988969
jp-etcd-fp0,1760.637939,0.2542995626619126
jp-etcd-fp0,1760.831055,0.2552968049249283
jp-etcd-fp0,1761.028076,0.25629404718794396
jp-etcd-fp0,1761.225098,0.25729128945095964
jp-etcd-fp0,1761.426025,0.2582885317139753
jp-etcd-fp0,1761.620117,0.259285773976991
jp-etcd-fp0,1761.819092,0.26028301624000666
jp-etcd-fp0,1762.019043,0.2612802585030224
jp-etcd-fp0,1762.209961,0.26227750076603806
jp-etcd-fp0,1762.401123,0.26327474302905374
jp-etcd-fp0,1762.577881,0.2642719852920694
jp-etcd-fp0,1762.72998,0.2652692275550851
jp-etcd-fp0,1762.894043,0.26626646981810076
jp-etcd-fp0,1763.077881,0.2672637120811165
jp-etcd-fp0,1763.241943,0.26826095434413216
jp-etcd-fp0,1763.425049,0.26925819660714784
jp-etcd-fp0,1763.596924,0.2702554388701635
jp-etcd-fp0,1763.783936,0.2712526811331792
jp-etcd-fp0,1763.953125,0.27224992339619486
jp-etcd-fp0,1764.111084,0.2732471656592106
jp-etcd-fp0,1764.282227,0.27424440792222626
jp-etcd-fp0,1764.467041,0.27524165018524194
jp-etcd-fp0,1764.720947,0.2762388924482576
jp-etcd-fp0,1764.917969,0.2772361347112733
jp-etcd-fp0,1765.143066,0.27823337697428896
jp-etcd-fp0,1765.395996,0.27923061923730463
jp-etcd-fp0,1765.646973,0.28022786150032036
jp-etcd-fp0,1765.891846,0.28122510376333604
jp-etcd-fp0,1766.057861,0.2822223460263517
jp-etcd-fp0,1766.258057,0.2832195882893674
jp-etcd-fp0,1766.500977,0.28421683055238306
jp-etcd-fp0,1766.687012,0.28521407281539873
jp-etcd-fp0,1766.870117,0.28621131507841446
jp-etcd-fp0,1767.090088,0.28720855734143014
jp-etcd-fp0,1767.272949,0.2882057996044458
jp-etcd-fp0,1767.475098,0.2892030418674615
jp-etcd-fp0,1767.624023,0.29020028413047716
jp-etcd-fp0,1767.74707,0.29119752639349283
jp-etcd-fp0,1767.876953,0.29219476865650856
jp-etcd-fp0,1768.011963,0.29319201091952424
jp-etcd-fp0,1768.134033,0.2941892531825399
jp-etcd-fp0,1768.299072,0.2951864954455556
jp-etcd-fp0,1768.457031,0.29618373770857126
jp-etcd-fp0,1768.664795,0.29718097997158693
jp-etcd-fp0,1768.875,0.2981782222346026
jp-etcd-fp0,1769.113037,0.29917546449761834
jp-etcd-fp0,1769.363037,0.300172706760634
jp-etcd-fp0,1769.602051,0.3011699490236497
jp-etcd-fp0,1769.843018,0.30216719128666536
jp-etcd-fp0,1770.12915,0.30316443354968103
jp-etcd-fp0,1770.511963,0.3041616758126967
jp-etcd-fp0,1770.785156,0.30515891807571244
jp-etcd-fp0,1771.174072,0.3061561603387281
jp-etcd-fp0,1771.492188,0.3071534026017438
jp-etcd-fp0,1771.905029,0.30815064486475946
jp-etcd-fp0,1772.387939,0.30914788712777513
jp-etcd-fp0,1772.7771,0.3101451293907908
jp-etcd-fp0,1773.27002,0.31114237165380654
jp-etcd-fp0,1773.675049,0.3121396139168222
jp-etcd-fp0,1774.159912,0.3131368561798379
jp-etcd-fp0,1774.470215,0.31413409844285356
jp-etcd-fp0,1774.708984,0.31513134070586923
jp-etcd-fp0,1774.910889,0.3161285829688849
jp-etcd-fp0,1775.143799,0.31712582523190064
jp-etcd-fp0,1775.434082,0.3181230674949163
jp-etcd-fp0,1775.679932,0.319120309757932
jp-etcd-fp0,1775.917969,0.32011755202094766
jp-etcd-fp0,1776.044922,0.32111479428396333
jp-etcd-fp0,1776.181885,0.322112036546979
jp-etcd-fp0,1776.35498,0.3231092788099947
jp-etcd-fp0,1776.5,0.3241065210730104
jp-etcd-fp0,1776.619873,0.3251037633360261
jp-etcd-fp0,1776.749023,0.32610100559904176
jp-etcd-fp0,1776.87915,0.32709824786205743
jp-etcd-fp0,1777.029053,0.3280954901250731
jp-etcd-fp0,1777.179199,0.3290927323880888
jp-etcd-fp0,1777.331055,0.3300899746511045
jp-etcd-fp0,1777.488037,0.3310872169141202
jp-etcd-fp0,1777.678955,0.33208445917713586
jp-etcd-fp0,1777.87085,0.33308170144015153
jp-etcd-fp0,1778.064941,0.3340789437031672
jp-etcd-fp0,1778.285889,0.3350761859661829
jp-etcd-fp0,1778.477051,0.3360734282291986
jp-etcd-fp0,1778.704834,0.3370706704922143
jp-etcd-fp0,1778.958984,0.33806791275522996
jp-etcd-fp0,1779.213135,0.33906515501824563
jp-etcd-fp0,1779.539062,0.3400623972812613
jp-etcd-fp0,1779.799072,0.341059639544277
jp-etcd-fp0,1780.10791,0.34205688180729266
jp-etcd-fp0,1780.386963,0.3430541240703084
jp-etcd-fp0,1780.658936,0.34405136633332406
jp-etcd-fp0,1780.883789,0.34504860859633973
jp-etcd-fp0,1781.087158,0.3460458508593554
jp-etcd-fp0,1781.272949,0.3470430931223711
jp-etcd-fp0,1781.483887,0.34804033538538676
jp-etcd-fp0,1781.731934,0.3490375776484025
jp-etcd-fp0,1782.063965,0.35003481991141816
jp-etcd-fp0,1782.256836,0.35103206217443383
jp-etcd-fp0,1782.445068,0.3520293044374495
jp-etcd-fp0,1782.679932,0.3530265467004652
jp-etcd-fp0,1782.911133,0.35402378896348086
jp-etcd-fp0,1783.081787,0.3550210312264966
jp-etcd-fp0,1783.232178,0.35601827348951226
jp-etcd-fp0,1783.401123,0.35701551575252793
jp-etcd-fp0,1783.564941,0.3580127580155436
jp-etcd-fp0,1783.731934,0.3590100002785593
jp-etcd-fp0,1783.874023,0.36000724254157496
jp-etcd-fp0,1784.024902,0.36100448480459063
jp-etcd-fp0,1784.166992,0.36200172706760636
jp-etcd-fp0,1784.289062,0.36299896933062203
jp-etcd-fp0,1784.416016,0.3639962115936377
jp-etcd-fp0,1784.549072,0.3649934538566534
jp-etcd-fp0,1784.660889,0.36599069611966906
jp-etcd-fp0,1784.779053,0.36698793838268473
jp-etcd-fp0,1784.900146,0.36798518064570046
jp-etcd-fp0,1785.004883,0.36898242290871613
jp-etcd-fp0,1785.106934,0.3699796651717318
jp-etcd-fp0,1785.208008,0.3709769074347475
jp-etcd-fp0,1785.318115,0.37197414969776316
jp-etcd-fp0,1785.426025,0.37297139196077883
jp-etcd-fp0,1785.523926,0.37396863422379456
jp-etcd-fp0,1785.606934,0.37496587648681023
jp-etcd-fp0,1785.697998,0.3759631187498259
jp-etcd-fp0,1785.781982,0.3769603610128416
jp-etcd-fp0,1785.866943,0.37795760327585726
jp-etcd-fp0,1785.947998,0.37895484553887293
jp-etcd-fp0,1786.029053,0.3799520878018886
jp-etcd-fp0,1786.109131,0.38094933006490433
jp-etcd-fp0,1786.187012,0.38194657232792
jp-etcd-fp0,1786.254883,0.3829438145909357
jp-etcd-fp0,1786.325928,0.38394105685395136
jp-etcd-fp0,1786.394043,0.38493829911696703
jp-etcd-fp0,1786.470947,0.3859355413799827
jp-etcd-fp0,1786.543213,0.38693278364299843
jp-etcd-fp0,1786.615967,0.3879300259060141
jp-etcd-fp0,1786.685059,0.3889272681690298
jp-etcd-fp0,1786.763916,0.38992451043204546
jp-etcd-fp0,1786.839111,0.39092175269506113
jp-etcd-fp0,1786.916016,0.3919189949580768
jp-etcd-fp0,1786.99292,0.39291623722109253
jp-etcd-fp0,1787.077881,0.3939134794841082
jp-etcd-fp0,1787.160889,0.3949107217471239
jp-etcd-fp0,1787.241943,0.39590796401013956
jp-etcd-fp0,1787.314941,0.39690520627315523
jp-etcd-fp0,1787.390869,0.3979024485361709
jp-etcd-fp0,1787.480957,0.3988996907991866
jp-etcd-fp0,1787.560059,0.3998969330622023
jp-etcd-fp0,1787.644043,0.400894175325218
jp-etcd-fp0,1787.7229,0.40189141758823366
jp-etcd-fp0,1787.801025,0.40288865985124933
jp-etcd-fp0,1787.876221,0.403885902114265
jp-etcd-fp0,1787.959961,0.4048831443772807
jp-etcd-fp0,1788.047852,0.4058803866402964
jp-etcd-fp0,1788.138916,0.4068776289033121
jp-etcd-fp0,1788.232178,0.40787487116632776
jp-etcd-fp0,1788.313965,0.40887211342934343
jp-etcd-fp0,1788.394043,0.4098693556923591
jp-etcd-fp0,1788.470215,0.4108665979553748
jp-etcd-fp0,1788.558838,0.4118638402183905
jp-etcd-fp0,1788.654053,0.4128610824814062
jp-etcd-fp0,1788.76001,0.41385832474442186
jp-etcd-fp0,1788.853027,0.41485556700743753
jp-etcd-fp0,1788.966064,0.4158528092704532
jp-etcd-fp0,1789.063965,0.4168500515334689
jp-etcd-fp0,1789.157959,0.4178472937964846
jp-etcd-fp0,1789.25293,0.4188445360595003
jp-etcd-fp0,1789.360107,0.41984177832251596
jp-etcd-fp0,1789.467041,0.42083902058553163
jp-etcd-fp0,1789.556885,0.4218362628485473
jp-etcd-fp0,1789.656006,0.422833505111563
jp-etcd-fp0,1789.76001,0.42383074737457865
jp-etcd-fp0,1789.861084,0.4248279896375944
jp-etcd-fp0,1789.963867,0.42582523190061006
jp-etcd-fp0,1790.056885,0.42682247416362573
jp-etcd-fp0,1790.14917,0.4278197164266414
jp-etcd-fp0,1790.238037,0.4288169586896571
jp-etcd-fp0,1790.348145,0.42981420095267275
jp-etcd-fp0,1790.458008,0.4308114432156885
jp-etcd-fp0,1790.561035,0.43180868547870416
jp-etcd-fp0,1790.669922,0.43280592774171983
jp-etcd-fp0,1790.816162,0.4338031700047355
jp-etcd-fp0,1790.962158,0.4348004122677512
jp-etcd-fp0,1791.088867,0.43579765453076685
jp-etcd-fp0,1791.214844,0.4367948967937826
jp-etcd-fp0,1791.349121,0.43779213905679826
jp-etcd-fp0,1791.528076,0.43878938131981393
jp-etcd-fp0,1791.690186,0.4397866235828296
jp-etcd-fp0,1791.884033,0.4407838658458453
jp-etcd-fp0,1792.113037,0.44178110810886095
jp-etcd-fp0,1792.488037,0.44277835037187663
jp-etcd-fp0,1792.857178,0.44377559263489236
jp-etcd-fp0,1793.184814,0.44477283489790803
jp-etcd-fp0,1793.468018,0.4457700771609237
jp-etcd-fp0,1793.772949,0.4467673194239394
jp-etcd-fp0,1794.099121,0.44776456168695505
jp-etcd-fp0,1794.522949,0.44876180394997073
jp-etcd-fp0,1794.819824,0.44975904621298646
jp-etcd-fp0,1795.22998,0.45075628847600213
jp-etcd-fp0,1795.564941,0.4517535307390178
jp-etcd-fp0,1795.875,0.4527507730020335
jp-etcd-fp0,1796.118896,0.45374801526504915
jp-etcd-fp0,1796.434082,0.45474525752806483
jp-etcd-fp0,1796.906982,0.45574249979108056
jp-etcd-fp0,1797.315918,0.45673974205409623
jp-etcd-fp0,1797.538086,0.4577369843171119
jp-etcd-fp0,1797.865967,0.4587342265801276
jp-etcd-fp0,1798.317871,0.45973146884314325
jp-etcd-fp0,1798.806885,0.46072871110615893
jp-etcd-fp0,1799.226807,0.4617259533691746
jp-etcd-fp0,1799.575195,0.46272319563219033
jp-etcd-fp0,1799.925781,0.463720437895206
jp-etcd-fp0,1800.3479,0.4647176801582217
jp-etcd-fp0,1800.652832,0.46571492242123735
jp-etcd-fp0,1801.225098,0.46671216468425303
jp-etcd-fp0,1801.588135,0.4677094069472687
jp-etcd-fp0,1802.039795,0.46870664921028443
jp-etcd-fp0,1803.290039,0.4697038914733001
jp-etcd-fp0,1803.932129,0.4707011337363158
jp-etcd-fp0,1804.533203,0.47169837599933145
jp-etcd-fp0,1805.006836,0.47269561826234713
jp-etcd-fp0,1805.366943,0.4736928605253628
jp-etcd-fp0,1805.7229,0.47469010278837853
jp-etcd-fp0,1806.162842,0.4756873450513942
jp-etcd-fp0,1806.587158,0.4766845873144099
jp-etcd-fp0,1807.095947,0.47768182957742555
jp-etcd-fp0,1807.625,0.47867907184044123
jp-etcd-fp0,1808.309082,0.4796763141034569
jp-etcd-fp0,1809.076904,0.4806735563664726
jp-etcd-fp0,1809.664062,0.4816707986294883
jp-etcd-fp0,1810.15918,0.482668040892504
jp-etcd-fp0,1810.596191,0.48366528315551965
jp-etcd-fp0,1811.053223,0.48466252541853533
jp-etcd-fp0,1811.473145,0.485659767681551
jp-etcd-fp0,1811.85498,0.4866570099445667
jp-etcd-fp0,1812.143066,0.4876542522075824
jp-etcd-fp0,1812.36499,0.4886514944705981
jp-etcd-fp0,1812.564941,0.48964873673361375
jp-etcd-fp0,1812.760986,0.49064597899662943
jp-etcd-fp0,1812.988037,0.4916432212596451
jp-etcd-fp0,1813.174072,0.4926404635226608
jp-etcd-fp0,1813.348877,0.4936377057856765
jp-etcd-fp0,1813.51416,0.4946349480486922
jp-etcd-fp0,1813.686035,0.49563219031170785
jp-etcd-fp0,1813.878906,0.49662943257472353
jp-etcd-fp0,1814.064941,0.4976266748377392
jp-etcd-fp0,1814.25,0.4986239171007549
jp-etcd-fp0,1814.457031,0.4996211593637706
jp-etcd-fp0,1814.677979,0.5006184016267863
jp-etcd-fp0,1814.962891,0.501615643889802
jp-etcd-fp0,1815.322998,0.5026128861528176
jp-etcd-fp0,1815.87793,0.5036101284158333
jp-etcd-fp0,1818.244141,0.504607370678849
jp-etcd-fp0,1820.671875,0.5056046129418647
jp-etcd-fp0,1821.691895,0.5066018552048803
jp-etcd-fp0,1822.631836,0.507599097467896
jp-etcd-fp0,1823.255127,0.5085963397309117
jp-etcd-fp0,1823.875977,0.5095935819939275
jp-etcd-fp0,1824.448975,0.5105908242569431
jp-etcd-fp0,1825.052979,0.5115880665199588
jp-etcd-fp0,1825.538818,0.5125853087829745
jp-etcd-fp0,1826.069092,0.5135825510459902
jp-etcd-fp0,1826.591064,0.5145797933090058
jp-etcd-fp0,1827.024902,0.5155770355720215
jp-etcd-fp0,1827.870117,0.5165742778350372
jp-etcd-fp0,1831.101807,0.5175715200980529
jp-etcd-fp0,1832.290039,0.5185687623610685
jp-etcd-fp0,1833.005127,0.5195660046240842
jp-etcd-fp0,1833.756104,0.5205632468870999
jp-etcd-fp0,1834.376953,0.5215604891501155
jp-etcd-fp0,1834.944092,0.5225577314131313
jp-etcd-fp0,1835.424072,0.523554973676147
jp-etcd-fp0,1835.802002,0.5245522159391627
jp-etcd-fp0,1836.395996,0.5255494582021784
jp-etcd-fp0,1837.647949,0.526546700465194
jp-etcd-fp0,1842.871094,0.5275439427282097
jp-etcd-fp0,1843.479004,0.5285411849912254
jp-etcd-fp0,1844.061035,0.529538427254241
jp-etcd-fp0,1844.458008,0.5305356695172567
jp-etcd-fp0,1844.781006,0.5315329117802724
jp-etcd-fp0,1845.027832,0.5325301540432881
jp-etcd-fp0,1845.420898,0.5335273963063037
jp-etcd-fp0,1845.73291,0.5345246385693195
jp-etcd-fp0,1846.001953,0.5355218808323352
jp-etcd-fp0,1846.250977,0.5365191230953509
jp-etcd-fp0,1846.36499,0.5375163653583666
jp-etcd-fp0,1846.466797,0.5385136076213822
jp-etcd-fp0,1846.644043,0.5395108498843979
jp-etcd-fp0,1846.874023,0.5405080921474136
jp-etcd-fp0,1847.224854,0.5415053344104293
jp-etcd-fp0,1847.531006,0.5425025766734449
jp-etcd-fp0,1847.905029,0.5434998189364606
jp-etcd-fp0,1848.290039,0.5444970611994763
jp-etcd-fp0,1848.594971,0.545494303462492
jp-etcd-fp0,1848.862061,0.5464915457255076
jp-etcd-fp0,1849.082031,0.5474887879885234
jp-etcd-fp0,1849.385986,0.5484860302515391
jp-etcd-fp0,1849.790039,0.5494832725145548
jp-etcd-fp0,1850.303955,0.5504805147775704
jp-etcd-fp0,1851.210938,0.5514777570405861
jp-etcd-fp0,1854.217041,0.5524749993036018
jp-etcd-fp0,1856.113037,0.5534722415666175
jp-etcd-fp0,1857.927002,0.5544694838296331
jp-etcd-fp0,1860.816895,0.5554667260926488
jp-etcd-fp0,1861.656982,0.5564639683556645
jp-etcd-fp0,1863.905029,0.5574612106186801
jp-etcd-fp0,1865.487793,0.5584584528816958
jp-etcd-fp0,1866.802979,0.5594556951447116
jp-etcd-fp0,1867.351074,0.5604529374077273
jp-etcd-fp0,1867.804932,0.561450179670743
jp-etcd-fp0,1868.278076,0.5624474219337586
jp-etcd-fp0,1868.653076,0.5634446641967743
jp-etcd-fp0,1869.003906,0.56444190645979
jp-etcd-fp0,1869.320068,0.5654391487228057
jp-etcd-fp0,1869.582031,0.5664363909858213
jp-etcd-fp0,1869.781982,0.567433633248837
jp-etcd-fp0,1869.962891,0.5684308755118527
jp-etcd-fp0,1870.14502,0.5694281177748683
jp-etcd-fp0,1870.322021,0.570425360037884
jp-etcd-fp0,1870.513184,0.5714226023008997
jp-etcd-fp0,1870.822021,0.5724198445639155
jp-etcd-fp0,1871.083984,0.5734170868269312
jp-etcd-fp0,1871.231201,0.5744143290899468
jp-etcd-fp0,1871.428955,0.5754115713529625
jp-etcd-fp0,1871.612061,0.5764088136159782
jp-etcd-fp0,1871.812012,0.5774060558789939
jp-etcd-fp0,1872.049072,0.5784032981420095
jp-etcd-fp0,1872.328125,0.5794005404050252
jp-etcd-fp0,1872.734863,0.5803977826680409
jp-etcd-fp0,1873.357178,0.5813950249310565
jp-etcd-fp0,1873.731934,0.5823922671940722
jp-etcd-fp0,1874.773926,0.5833895094570879
jp-etcd-fp0,1876.962158,0.5843867517201036
jp-etcd-fp0,1878.042969,0.5853839939831194
jp-etcd-fp0,1878.716064,0.586381236246135
jp-etcd-fp0,1879.178955,0.5873784785091507
jp-etcd-fp0,1879.469971,0.5883757207721664
jp-etcd-fp0,1879.907959,0.589372963035182
jp-etcd-fp0,1880.206055,0.5903702052981977
jp-etcd-fp0,1880.575928,0.5913674475612134
jp-etcd-fp0,1880.807129,0.5923646898242291
jp-etcd-fp0,1881.045898,0.5933619320872447
jp-etcd-fp0,1881.201904,0.5943591743502604
jp-etcd-fp0,1881.325928,0.5953564166132761
jp-etcd-fp0,1881.455078,0.5963536588762918
jp-etcd-fp0,1881.62793,0.5973509011393076
jp-etcd-fp0,1881.812012,0.5983481434023232
jp-etcd-fp0,1881.973877,0.5993453856653389
jp-etcd-fp0,1882.099854,0.6003426279283546
jp-etcd-fp0,1882.263916,0.6013398701913703
jp-etcd-fp0,1882.427002,0.6023371124543859
jp-etcd-fp0,1882.638916,0.6033343547174016
jp-etcd-fp0,1882.830078,0.6043315969804173
jp-etcd-fp0,1883.012939,0.605328839243433
jp-etcd-fp0,1883.25293,0.6063260815064486
jp-etcd-fp0,1883.439941,0.6073233237694643
jp-etcd-fp0,1883.634033,0.60832056603248
jp-etcd-fp0,1883.841064,0.6093178082954956
jp-etcd-fp0,1884.051025,0.6103150505585114
jp-etcd-fp0,1884.340088,0.6113122928215271
jp-etcd-fp0,1884.611084,0.6123095350845428
jp-etcd-fp0,1884.927979,0.6133067773475585
jp-etcd-fp0,1886.39502,0.6143040196105741
jp-etcd-fp0,1888.288086,0.6153012618735898
jp-etcd-fp0,1896.791992,0.6162985041366055
jp-etcd-fp0,1898.827881,0.6172957463996211
jp-etcd-fp0,1917.311035,0.6182929886626368
jp-etcd-fp0,1919.151123,0.6192902309256525
jp-etcd-fp0,1920.544189,0.6202874731886682
jp-etcd-fp0,1922.226074,0.6212847154516838
jp-etcd-fp0,1924.141113,0.6222819577146995
jp-etcd-fp0,1929.246094,0.6232791999777153
jp-etcd-fp0,1932.323975,0.624276442240731
jp-etcd-fp0,1935.11499,0.6252736845037467
jp-etcd-fp0,1936.695801,0.6262709267667623
jp-etcd-fp0,1937.791016,0.627268169029778
jp-etcd-fp0,1938.876953,0.6282654112927937
jp-etcd-fp0,1940.458008,0.6292626535558093
jp-etcd-fp0,1941.808105,0.630259895818825
jp-etcd-fp0,1942.766846,0.6312571380818407
jp-etcd-fp0,1943.523193,0.6322543803448564
jp-etcd-fp0,1944.187012,0.633251622607872
jp-etcd-fp0,1945.506104,0.6342488648708877
jp-etcd-fp0,1946.069092,0.6352461071339035
jp-etcd-fp0,1946.47998,0.6362433493969192
jp-etcd-fp0,1947.178955,0.6372405916599349
jp-etcd-fp0,1948.031006,0.6382378339229505
jp-etcd-fp0,1949.950195,0.6392350761859662
jp-etcd-fp0,1952.168945,0.6402323184489819
jp-etcd-fp0,1953.210938,0.6412295607119975
jp-etcd-fp0,1953.980957,0.6422268029750132
jp-etcd-fp0,1954.661865,0.6432240452380289
jp-etcd-fp0,1955.143066,0.6442212875010446
jp-etcd-fp0,1955.5271,0.6452185297640602
jp-etcd-fp0,1955.928955,0.6462157720270759
jp-etcd-fp0,1956.305908,0.6472130142900916
jp-etcd-fp0,1956.571777,0.6482102565531074
jp-etcd-fp0,1956.802002,0.649207498816123
jp-etcd-fp0,1957.022949,0.6502047410791387
jp-etcd-fp0,1957.238037,0.6512019833421544
jp-etcd-fp0,1957.424072,0.6521992256051701
jp-etcd-fp0,1957.588135,0.6531964678681857
jp-etcd-fp0,1957.729004,0.6541937101312014
jp-etcd-fp0,1957.85498,0.6551909523942171
jp-etcd-fp0,1958.01709,0.6561881946572328
jp-etcd-fp0,1958.164062,0.6571854369202484
jp-etcd-fp0,1958.304932,0.6581826791832641
jp-etcd-fp0,1958.480225,0.6591799214462798
jp-etcd-fp0,1958.634033,0.6601771637092956
jp-etcd-fp0,1958.76001,0.6611744059723113
jp-etcd-fp0,1958.87207,0.6621716482353269
jp-etcd-fp0,1958.991943,0.6631688904983426
jp-etcd-fp0,1959.104004,0.6641661327613583
jp-etcd-fp0,1959.207031,0.665163375024374
jp-etcd-fp0,1959.361084,0.6661606172873896
jp-etcd-fp0,1959.485107,0.6671578595504053
jp-etcd-fp0,1959.621094,0.668155101813421
jp-etcd-fp0,1959.735107,0.6691523440764366
jp-etcd-fp0,1959.843018,0.6701495863394523
jp-etcd-fp0,1959.964111,0.671146828602468
jp-etcd-fp0,1960.069092,0.6721440708654837
jp-etcd-fp0,1960.176025,0.6731413131284995
jp-etcd-fp0,1960.2771,0.6741385553915151
jp-etcd-fp0,1960.40918,0.6751357976545308
jp-etcd-fp0,1960.523926,0.6761330399175465
jp-etcd-fp0,1960.711914,0.6771302821805621
jp-etcd-fp0,1960.927002,0.6781275244435778
jp-etcd-fp0,1961.178955,0.6791247667065935
jp-etcd-fp0,1961.396973,0.6801220089696092
jp-etcd-fp0,1961.633057,0.6811192512326248
jp-etcd-fp0,1961.865967,0.6821164934956405
jp-etcd-fp0,1962.260986,0.6831137357586562
jp-etcd-fp0,1962.862061,0.6841109780216719
jp-etcd-fp0,1963.340088,0.6851082202846875
jp-etcd-fp0,1963.878906,0.6861054625477033
jp-etcd-fp0,1964.415039,0.687102704810719
jp-etcd-fp0,1964.906006,0.6880999470737347
jp-etcd-fp0,1965.576904,0.6890971893367503
jp-etcd-fp0,1965.930176,0.690094431599766
jp-etcd-fp0,1966.689941,0.6910916738627817
jp-etcd-fp0,1967.51001,0.6920889161257974
jp-etcd-fp0,1968.102051,0.693086158388813
jp-etcd-fp0,1968.62915,0.6940834006518287
jp-etcd-fp0,1969.13501,0.6950806429148444
jp-etcd-fp0,1969.791016,0.6960778851778601
jp-etcd-fp0,1970.219971,0.6970751274408757
jp-etcd-fp0,1970.641113,0.6980723697038915
jp-etcd-fp0,1970.984131,0.6990696119669072
jp-etcd-fp0,1971.706055,0.7000668542299229
jp-etcd-fp0,1972.642822,0.7010640964929385
jp-etcd-fp0,1973.139893,0.7020613387559542
jp-etcd-fp0,1973.625977,0.7030585810189699
jp-etcd-fp0,1974.049805,0.7040558232819856
jp-etcd-fp0,1974.388916,0.7050530655450012
jp-etcd-fp0,1975.188965,0.7060503078080169
jp-etcd-fp0,1976.106201,0.7070475500710326
jp-etcd-fp0,1977.098145,0.7080447923340483
jp-etcd-fp0,1978.190918,0.7090420345970639
jp-etcd-fp0,1981.446045,0.7100392768600796
jp-etcd-fp0,1983.394043,0.7110365191230954
jp-etcd-fp0,1984.451904,0.7120337613861111
jp-etcd-fp0,1985.272217,0.7130310036491267
jp-etcd-fp0,1985.85791,0.7140282459121424
jp-etcd-fp0,1986.748047,0.7150254881751581
jp-etcd-fp0,1988.204102,0.7160227304381738
jp-etcd-fp0,1989.251953,0.7170199727011894
jp-etcd-fp0,1990.106934,0.7180172149642051
jp-etcd-fp0,1990.646973,0.7190144572272208
jp-etcd-fp0,1991.241943,0.7200116994902365
jp-etcd-fp0,1991.672852,0.7210089417532521
jp-etcd-fp0,1992.466064,0.7220061840162678
jp-etcd-fp0,1993.493896,0.7230034262792836
jp-etcd-fp0,1995.008057,0.7240006685422993
jp-etcd-fp0,1996.161133,0.724997910805315
jp-etcd-fp0,1996.816162,0.7259951530683306
jp-etcd-fp0,1997.327881,0.7269923953313463
jp-etcd-fp0,1997.696045,0.727989637594362
jp-etcd-fp0,1998.191895,0.7289868798573776
jp-etcd-fp0,1998.719971,0.7299841221203933
jp-etcd-fp0,1998.955078,0.730981364383409
jp-etcd-fp0,1999.198242,0.7319786066464247
jp-etcd-fp0,1999.581055,0.7329758489094403
jp-etcd-fp0,1999.782959,0.733973091172456
jp-etcd-fp0,2000.02002,0.7349703334354717
jp-etcd-fp0,2000.328125,0.7359675756984875
jp-etcd-fp0,2000.587158,0.7369648179615031
jp-etcd-fp0,2001.031982,0.7379620602245188
jp-etcd-fp0,2001.207031,0.7389593024875345
jp-etcd-fp0,2001.581055,0.7399565447505502
jp-etcd-fp0,2001.908936,0.7409537870135658
jp-etcd-fp0,2002.290039,0.7419510292765815
jp-etcd-fp0,2002.688965,0.7429482715395972
jp-etcd-fp0,2009.589111,0.7439455138026129
jp-etcd-fp0,2012.798096,0.7449427560656285
jp-etcd-fp0,2014.14502,0.7459399983286442
jp-etcd-fp0,2015.634033,0.7469372405916599
jp-etcd-fp0,2018.770996,0.7479344828546756
jp-etcd-fp0,2019.651855,0.7489317251176913
jp-etcd-fp0,2020.243896,0.749928967380707
jp-etcd-fp0,2020.958008,0.7509262096437227
jp-etcd-fp0,2021.724121,0.7519234519067384
jp-etcd-fp0,2022.921875,0.752920694169754
jp-etcd-fp0,2030.123047,0.7539179364327697
jp-etcd-fp0,2036.416016,0.7549151786957854
jp-etcd-fp0,2038.141846,0.7559124209588011
jp-etcd-fp0,2039.502197,0.7569096632218167
jp-etcd-fp0,2040.815186,0.7579069054848324
jp-etcd-fp0,2041.866943,0.7589041477478481
jp-etcd-fp0,2042.556885,0.7599013900108638
jp-etcd-fp0,2043.02417,0.7608986322738795
jp-etcd-fp0,2043.443848,0.7618958745368952
jp-etcd-fp0,2043.886963,0.7628931167999109
jp-etcd-fp0,2044.319092,0.7638903590629266
jp-etcd-fp0,2044.630859,0.7648876013259422
jp-etcd-fp0,2044.803955,0.7658848435889579
jp-etcd-fp0,2045.130127,0.7668820858519736
jp-etcd-fp0,2045.368164,0.7678793281149893
jp-etcd-fp0,2045.584229,0.7688765703780049
jp-etcd-fp0,2045.914062,0.7698738126410206
jp-etcd-fp0,2046.147949,0.7708710549040363
jp-etcd-fp0,2046.494141,0.771868297167052
jp-etcd-fp0,2046.698975,0.7728655394300676
jp-etcd-fp0,2046.926025,0.7738627816930834
jp-etcd-fp0,2047.201904,0.7748600239560991
jp-etcd-fp0,2047.444092,0.7758572662191148
jp-etcd-fp0,2047.635986,0.7768545084821304
jp-etcd-fp0,2047.818115,0.7778517507451461
jp-etcd-fp0,2048.043945,0.7788489930081618
jp-etcd-fp0,2048.283203,0.7798462352711775
jp-etcd-fp0,2048.578857,0.7808434775341931
jp-etcd-fp0,2048.875977,0.7818407197972088
jp-etcd-fp0,2049.234863,0.7828379620602245
jp-etcd-fp0,2049.678955,0.7838352043232402
jp-etcd-fp0,2051.022949,0.7848324465862558
jp-etcd-fp0,2054.230957,0.7858296888492715
jp-etcd-fp0,2055.278076,0.7868269311122873
jp-etcd-fp0,2056.058838,0.787824173375303
jp-etcd-fp0,2056.614014,0.7888214156383186
jp-etcd-fp0,2057.581055,0.7898186579013343
jp-etcd-fp0,2058.14502,0.79081590016435
jp-etcd-fp0,2058.803955,0.7918131424273657
jp-etcd-fp0,2059.342041,0.7928103846903813
jp-etcd-fp0,2059.944092,0.793807626953397
jp-etcd-fp0,2061.207031,0.7948048692164127
jp-etcd-fp0,2062.774902,0.7958021114794284
jp-etcd-fp0,2064.095947,0.796799353742444
jp-etcd-fp0,2066.005859,0.7977965960054597
jp-etcd-fp0,2068.031982,0.7987938382684755
jp-etcd-fp0,2069.824951,0.7997910805314912
jp-etcd-fp0,2070.922119,0.8007883227945068
jp-etcd-fp0,2071.956787,0.8017855650575225
jp-etcd-fp0,2072.831787,0.8027828073205382
jp-etcd-fp0,2073.611084,0.8037800495835539
jp-etcd-fp0,2074.822021,0.8047772918465695
jp-etcd-fp0,2081.843018,0.8057745341095852
jp-etcd-fp0,2083.14502,0.8067717763726009
jp-etcd-fp0,2083.826904,0.8077690186356166
jp-etcd-fp0,2084.397949,0.8087662608986322
jp-etcd-fp0,2085.420898,0.8097635031616479
jp-etcd-fp0,2086.03418,0.8107607454246636
jp-etcd-fp0,2086.633057,0.8117579876876794
jp-etcd-fp0,2087.34082,0.812755229950695
jp-etcd-fp0,2088.326904,0.8137524722137107
jp-etcd-fp0,2088.941895,0.8147497144767264
jp-etcd-fp0,2089.215088,0.8157469567397421
jp-etcd-fp0,2089.530029,0.8167441990027577
jp-etcd-fp0,2090.079102,0.8177414412657734
jp-etcd-fp0,2090.349121,0.8187386835287891
jp-etcd-fp0,2090.515137,0.8197359257918048
jp-etcd-fp0,2090.900879,0.8207331680548204
jp-etcd-fp0,2092.178955,0.8217304103178361
jp-etcd-fp0,2097.846924,0.8227276525808518
jp-etcd-fp0,2106.569824,0.8237248948438676
jp-etcd-fp0,2113.461914,0.8247221371068832
jp-etcd-fp0,2119.320068,0.8257193793698989
jp-etcd-fp0,2123.137207,0.8267166216329146
jp-etcd-fp0,2124.24707,0.8277138638959303
jp-etcd-fp0,2124.813965,0.8287111061589459
jp-etcd-fp0,2125.286865,0.8297083484219616
jp-etcd-fp0,2125.727051,0.8307055906849773
jp-etcd-fp0,2126.065918,0.831702832947993
jp-etcd-fp0,2126.385986,0.8327000752110086
jp-etcd-fp0,2126.666016,0.8336973174740243
jp-etcd-fp0,2126.88501,0.83469455973704
jp-etcd-fp0,2127.145996,0.8356918020000557
jp-etcd-fp0,2127.374023,0.8366890442630714
jp-etcd-fp0,2127.579102,0.8376862865260871
jp-etcd-fp0,2127.810059,0.8386835287891028
jp-etcd-fp0,2128.030029,0.8396807710521185
jp-etcd-fp0,2128.223145,0.8406780133151341
jp-etcd-fp0,2128.434082,0.8416752555781498
jp-etcd-fp0,2128.667969,0.8426724978411655
jp-etcd-fp0,2128.879883,0.8436697401041812
jp-etcd-fp0,2129.095947,0.8446669823671968
jp-etcd-fp0,2129.337891,0.8456642246302125
jp-etcd-fp0,2129.581055,0.8466614668932282
jp-etcd-fp0,2129.790039,0.8476587091562439
jp-etcd-fp0,2130.104004,0.8486559514192595
jp-etcd-fp0,2130.398926,0.8496531936822753
jp-etcd-fp0,2130.968018,0.850650435945291
jp-etcd-fp0,2132.453125,0.8516476782083067
jp-etcd-fp0,2139.567871,0.8526449204713223
jp-etcd-fp0,2141.676025,0.853642162734338
jp-etcd-fp0,2148.530029,0.8546394049973537
jp-etcd-fp0,2165.030029,0.8556366472603694
jp-etcd-fp0,2168.175049,0.856633889523385
jp-etcd-fp0,2171.932861,0.8576311317864007
jp-etcd-fp0,2184.48291,0.8586283740494164
jp-etcd-fp0,2187.259033,0.8596256163124321
jp-etcd-fp0,2188.533936,0.8606228585754477
jp-etcd-fp0,2190.934082,0.8616201008384635
jp-etcd-fp0,2200.106934,0.8626173431014792
jp-etcd-fp0,2216.146973,0.8636145853644949
jp-etcd-fp0,2218.125,0.8646118276275105
jp-etcd-fp0,2221.5979,0.8656090698905262
jp-etcd-fp0,2222.651855,0.8666063121535419
jp-etcd-fp0,2223.944092,0.8676035544165576
jp-etcd-fp0,2225.412109,0.8686007966795732
jp-etcd-fp0,2232.188965,0.8695980389425889
jp-etcd-fp0,2233.35791,0.8705952812056046
jp-etcd-fp0,2233.916016,0.8715925234686203
jp-etcd-fp0,2235.259033,0.8725897657316359
jp-etcd-fp0,2240.355957,0.8735870079946516
jp-etcd-fp0,2248.055176,0.8745842502576674
jp-etcd-fp0,2251.119873,0.8755814925206831
jp-etcd-fp0,2254.052979,0.8765787347836987
jp-etcd-fp0,2256.006104,0.8775759770467144
jp-etcd-fp0,2257.656982,0.8785732193097301
jp-etcd-fp0,2259.018066,0.8795704615727458
jp-etcd-fp0,2260.013916,0.8805677038357614
jp-etcd-fp0,2261.122803,0.8815649460987771
jp-etcd-fp0,2262.648926,0.8825621883617928
jp-etcd-fp0,2267.12793,0.8835594306248085
jp-etcd-fp0,2272.001953,0.8845566728878241
jp-etcd-fp0,2274.984131,0.8855539151508398
jp-etcd-fp0,2278.561035,0.8865511574138555
jp-etcd-fp0,2281.587158,0.8875483996768713
jp-etcd-fp0,2282.930908,0.8885456419398869
jp-etcd-fp0,2284.067871,0.8895428842029026
jp-etcd-fp0,2284.72998,0.8905401264659183
jp-etcd-fp0,2285.968018,0.891537368728934
jp-etcd-fp0,2288.504883,0.8925346109919496
jp-etcd-fp0,2293.541016,0.8935318532549653
jp-etcd-fp0,2295.846191,0.894529095517981
jp-etcd-fp0,2297.139893,0.8955263377809967
jp-etcd-fp0,2298.696045,0.8965235800440123
jp-etcd-fp0,2300.918945,0.897520822307028
jp-etcd-fp0,2303.239014,0.8985180645700437
jp-etcd-fp0,2305.056885,0.8995153068330595
jp-etcd-fp0,2306.444092,0.9005125490960751
jp-etcd-fp0,2307.090088,0.9015097913590908
jp-etcd-fp0,2308.029053,0.9025070336221065
jp-etcd-fp0,2309.5,0.9035042758851222
jp-etcd-fp0,2310.208008,0.9045015181481378
jp-etcd-fp0,2310.766113,0.9054987604111535
jp-etcd-fp0,2311.493164,0.9064960026741692
jp-etcd-fp0,2311.978027,0.9074932449371849
jp-etcd-fp0,2312.427002,0.9084904872002005
jp-etcd-fp0,2313.490967,0.9094877294632162
jp-etcd-fp0,2316.281006,0.9104849717262319
jp-etcd-fp0,2330.211182,0.9114822139892476
jp-etcd-fp0,2333.143799,0.9124794562522633
jp-etcd-fp0,2334.64502,0.913476698515279
jp-etcd-fp0,2336.203857,0.9144739407782947
jp-etcd-fp0,2349.435059,0.9154711830413104
jp-etcd-fp0,2379.808105,0.916468425304326
jp-etcd-fp0,2395.63501,0.9174656675673417
jp-etcd-fp0,2407.673096,0.9184629098303574
jp-etcd-fp0,2409.427979,0.9194601520933731
jp-etcd-fp0,2415.771973,0.9204573943563887
jp-etcd-fp0,2452.241943,0.9214546366194044
jp-etcd-fp0,2458.412109,0.9224518788824201
jp-etcd-fp0,2460.444092,0.9234491211454358
jp-etcd-fp0,2461.687012,0.9244463634084515
jp-etcd-fp0,2462.756104,0.9254436056714672
jp-etcd-fp0,2464.291016,0.9264408479344829
jp-etcd-fp0,2471.948975,0.9274380901974986
jp-etcd-fp0,2485.951904,0.9284353324605142
jp-etcd-fp0,2487.571045,0.9294325747235299
jp-etcd-fp0,2489.020996,0.9304298169865456
jp-etcd-fp0,2512.364014,0.9314270592495613
jp-etcd-fp0,2513.906006,0.9324243015125769
jp-etcd-fp0,2514.712891,0.9334215437755926
jp-etcd-fp0,2515.343994,0.9344187860386083
jp-etcd-fp0,2516.148926,0.935416028301624
jp-etcd-fp0,2517.701172,0.9364132705646396
jp-etcd-fp0,2521.806885,0.9374105128276554
jp-etcd-fp0,2528.396973,0.9384077550906711
jp-etcd-fp0,2531.066895,0.9394049973536868
jp-etcd-fp0,2539.923096,0.9404022396167024
jp-etcd-fp0,2541.703125,0.9413994818797181
jp-etcd-fp0,2543.166016,0.9423967241427338
jp-etcd-fp0,2546.01709,0.9433939664057495
jp-etcd-fp0,2575.566895,0.9443912086687651
jp-etcd-fp0,2577.276855,0.9453884509317808
jp-etcd-fp0,2578.136963,0.9463856931947965
jp-etcd-fp0,2578.87915,0.9473829354578122
jp-etcd-fp0,2579.856934,0.9483801777208278
jp-etcd-fp0,2581.225098,0.9493774199838435
jp-etcd-fp0,2582.513916,0.9503746622468593
jp-etcd-fp0,2583.368896,0.951371904509875
jp-etcd-fp0,2584.187012,0.9523691467728906
jp-etcd-fp0,2585.076904,0.9533663890359063
jp-etcd-fp0,2588.085938,0.954363631298922
jp-etcd-fp0,2595.000977,0.9553608735619377
jp-etcd-fp0,2596.73291,0.9563581158249533
jp-etcd-fp0,2597.752197,0.957355358087969
jp-etcd-fp0,2598.657959,0.9583526003509847
jp-etcd-fp0,2599.348145,0.9593498426140004
jp-etcd-fp0,2599.990967,0.960347084877016
jp-etcd-fp0,2603.795166,0.9613443271400317
jp-etcd-fp0,2607.691162,0.9623415694030475
jp-etcd-fp0,2609.506836,0.9633388116660632
jp-etcd-fp0,2611.37793,0.9643360539290788
jp-etcd-fp0,2616.708984,0.9653332961920945
jp-etcd-fp0,2623.375977,0.9663305384551102
jp-etcd-fp0,2626.359863,0.9673277807181259
jp-etcd-fp0,2628.150146,0.9683250229811415
jp-etcd-fp0,2629.575195,0.9693222652441572
jp-etcd-fp0,2634.145996,0.9703195075071729
jp-etcd-fp0,2642.292969,0.9713167497701886
jp-etcd-fp0,2643.656006,0.9723139920332042
jp-etcd-fp0,2644.8479,0.9733112342962199
jp-etcd-fp0,2646.169922,0.9743084765592356
jp-etcd-fp0,2647.359131,0.9753057188222514
jp-etcd-fp0,2656.072998,0.976302961085267
jp-etcd-fp0,2658.406982,0.9773002033482827
jp-etcd-fp0,2660.568115,0.9782974456112984
jp-etcd-fp0,2664.474854,0.9792946878743141
jp-etcd-fp0,2666.728027,0.9802919301373297
jp-etcd-fp0,2668.562012,0.9812891724003454
jp-etcd-fp0,2719.667969,0.9822864146633611
jp-etcd-fp0,2721.665039,0.9832836569263768
jp-etcd-fp0,2722.703125,0.9842808991893924
jp-etcd-fp0,2760.125977,0.9852781414524081
jp-etcd-fp0,2762.875,0.9862753837154238
jp-etcd-fp0,2764.200195,0.9872726259784395
jp-etcd-fp0,2771.523926,0.9882698682414552
jp-etcd-fp0,2811.205811,0.9892671105044709
jp-etcd-fp0,2812.950928,0.9902643527674866
jp-etcd-fp0,2814.239014,0.9912615950305023
jp-etcd-fp0,2815.158936,0.9922588372935179
jp-etcd-fp0,2850.474854,0.9932560795565336
jp-etcd-fp0,2897.977051,0.9942533218195493
jp-etcd-fp0,2899.697998,0.995250564082565
jp-etcd-fp0,2910.137939,0.9962478063455806
jp-etcd-fp0,2975.972168,0.9972450486085963
jp-etcd-fp0,2981.76001,0.998242290871612
jp-etcd-fp0,3017.124023,0.9992395331346277
jp-etcd-fp100,40.038086,3.150787224187963e-06
jp-etcd-fp100,40.131104,0.0010019503372917724
jp-etcd-fp100,40.154785,0.0020007498873593566
jp-etcd-fp100,40.172119,0.0029995494374269412
jp-etcd-fp100,40.186035,0.003998348987494526
jp-etcd-fp100,40.199951,0.00499714853756211
jp-etcd-fp100,40.209961,0.005995948087629694
jp-etcd-fp100,40.219971,0.006994747637697279
jp-etcd-fp100,40.229004,0.007993547187764863
jp-etcd-fp100,40.238037,0.008992346737832448
jp-etcd-fp100,40.246826,0.009991146287900031
jp-etcd-fp100,40.254883,0.010989945837967616
jp-etcd-fp100,40.261963,0.0119887453880352
jp-etcd-fp100,40.27002,0.012987544938102785
jp-etcd-fp100,40.278076,0.01398634448817037
jp-etcd-fp100,40.285156,0.014985144038237953
jp-etcd-fp100,40.291992,0.015983943588305537
jp-etcd-fp100,40.298096,0.016982743138373124
jp-etcd-fp100,40.304932,0.017981542688440707
jp-etcd-fp100,40.311035,0.01898034223850829
jp-etcd-fp100,40.317139,0.019979141788575877
jp-etcd-fp100,40.322998,0.02097794133864346
jp-etcd-fp100,40.329102,0.021976740888711044
jp-etcd-fp100,40.334961,0.022975540438778627
jp-etcd-fp100,40.34082,0.023974339988846214
jp-etcd-fp100,40.346924,0.024973139538913797
jp-etcd-fp100,40.353027,0.02597193908898138
jp-etcd-fp100,40.358154,0.026970738639048968
jp-etcd-fp100,40.364014,0.02796953818911655
jp-etcd-fp100,40.369141,0.028968337739184134
jp-etcd-fp100,40.375,0.02996713728925172
jp-etcd-fp100,40.380127,0.030965936839319304
jp-etcd-fp100,40.38501,0.03196473638938689
jp-etcd-fp100,40.390869,0.032963535939454475
jp-etcd-fp100,40.39502,0.03396233548952206
jp-etcd-fp100,40.399902,0.03496113503958964
jp-etcd-fp100,40.405029,0.035959934589657225
jp-etcd-fp100,40.409912,0.03695873413972481
jp-etcd-fp100,40.415039,0.03795753368979239
jp-etcd-fp100,40.419189,0.03895633323985998
jp-etcd-fp100,40.424072,0.039955132789927565
jp-etcd-fp100,40.428955,0.04095393233999515
jp-etcd-fp100,40.433838,0.04195273189006273
jp-etcd-fp100,40.438965,0.042951531440130315
jp-etcd-fp100,40.443115,0.0439503309901979
jp-etcd-fp100,40.447021,0.04494913054026548
jp-etcd-fp100,40.451904,0.04594793009033307
jp-etcd-fp100,40.456055,0.046946729640400656
jp-etcd-fp100,40.460205,0.04794552919046824
jp-etcd-fp100,40.465088,0.04894432874053582
jp-etcd-fp100,40.468994,0.049943128290603406
jp-etcd-fp100,40.473877,0.05094192784067099
jp-etcd-fp100,40.478027,0.05194072739073858
jp-etcd-fp100,40.481934,0.05293952694080616
jp-etcd-fp100,40.486084,0.053938326490873746
jp-etcd-fp100,40.48999,0.05493712604094133
jp-etcd-fp100,40.494873,0.05593592559100891
jp-etcd-fp100,40.498779,0.056934725141076496
jp-etcd-fp100,40.501953,0.05793352469114408
jp-etcd-fp100,40.506104,0.05893232424121167
jp-etcd-fp100,40.51001,0.05993112379127925
jp-etcd-fp100,40.513916,0.06092992334134684
jp-etcd-fp100,40.518066,0.06192872289141442
jp-etcd-fp100,40.521973,0.062927522441482
jp-etcd-fp100,40.525879,0.06392632199154959
jp-etcd-fp100,40.530029,0.06492512154161717
jp-etcd-fp100,40.533936,0.06592392109168475
jp-etcd-fp100,40.537109,0.06692272064175234
jp-etcd-fp100,40.541016,0.06792152019181992
jp-etcd-fp100,40.544922,0.06892031974188752
jp-etcd-fp100,40.548828,0.0699191192919551
jp-etcd-fp100,40.552979,0.07091791884202268
jp-etcd-fp100,40.556152,0.07191671839209027
jp-etcd-fp100,40.560059,0.07291551794215785
jp-etcd-fp100,40.562988,0.07391431749222543
jp-etcd-fp100,40.566895,0.07491311704229302
jp-etcd-fp100,40.570068,0.0759119165923606
jp-etcd-fp100,40.573975,0.07691071614242818
jp-etcd-fp100,40.577881,0.07790951569249577
jp-etcd-fp100,40.582031,0.07890831524256335
jp-etcd-fp100,40.584961,0.07990711479263093
jp-etcd-fp100,40.588867,0.08090591434269852
jp-etcd-fp100,40.592041,0.0819047138927661
jp-etcd-fp100,40.594971,0.0829035134428337
jp-etcd-fp100,40.598877,0.08390231299290128
jp-etcd-fp100,40.602051,0.08490111254296887
jp-etcd-fp100,40.605957,0.08589991209303645
jp-etcd-fp100,40.609131,0.08689871164310403
jp-etcd-fp100,40.612793,0.08789751119317162
jp-etcd-fp100,40.615967,0.0888963107432392
jp-etcd-fp100,40.619141,0.08989511029330678
jp-etcd-fp100,40.622803,0.09089390984337437
jp-etcd-fp100,40.625977,0.09189270939344195
jp-etcd-fp100,40.62915,0.09289150894350953
jp-etcd-fp100,40.632812,0.09389030849357712
jp-etcd-fp100,40.635986,0.0948891080436447
jp-etcd-fp100,40.63916,0.09588790759371228
jp-etcd-fp100,40.642822,0.09688670714377988
jp-etcd-fp100,40.645996,0.09788550669384746
jp-etcd-fp100,40.648926,0.09888430624391505
jp-etcd-fp100,40.6521,0.09988310579398263
jp-etcd-fp100,40.655029,0.10088190534405021
jp-etcd-fp100,40.658203,0.1018807048941178
jp-etcd-fp100,40.661865,0.10287950444418538
jp-etcd-fp100,40.664062,0.10387830399425296
jp-etcd-fp100,40.667969,0.10487710354432055
jp-etcd-fp100,40.671143,0.10587590309438813
jp-etcd-fp100,40.674072,0.10687470264445571
jp-etcd-fp100,40.677979,0.1078735021945233
jp-etcd-fp100,40.680908,0.10887230174459088
jp-etcd-fp100,40.684082,0.10987110129465848
jp-etcd-fp100,40.687012,0.11086990084472606
jp-etcd-fp100,40.689941,0.11186870039479364
jp-etcd-fp100,40.692871,0.11286749994486123
jp-etcd-fp100,40.695801,0.11386629949492881
jp-etcd-fp100,40.698975,0.1148650990449964
jp-etcd-fp100,40.701904,0.11586389859506398
jp-etcd-fp100,40.704834,0.11686269814513156
jp-etcd-fp100,40.707031,0.11786149769519914
jp-etcd-fp100,40.710205,0.11886029724526673
jp-etcd-fp100,40.713135,0.11985909679533431
jp-etcd-fp100,40.716064,0.1208578963454019
jp-etcd-fp100,40.718994,0.12185669589546948
jp-etcd-fp100,40.721924,0.12285549544553706
jp-etcd-fp100,40.724854,0.12385429499560466
jp-etcd-fp100,40.728027,0.12485309454567224
jp-etcd-fp100,40.730957,0.12585189409573982
jp-etcd-fp100,40.733154,0.1268506936458074
jp-etcd-fp100,40.736084,0.127849493195875
jp-etcd-fp100,40.739014,0.12884829274594256
jp-etcd-fp100,40.741943,0.12984709229601016
jp-etcd-fp100,40.744141,0.13084589184607776
jp-etcd-fp100,40.74707,0.13184469139614532
jp-etcd-fp100,40.75,0.13284349094621292
jp-etcd-fp100,40.75293,0.1338422904962805
jp-etcd-fp100,40.756104,0.1348410900463481
jp-etcd-fp100,40.758789,0.13583988959641566
jp-etcd-fp100,40.760986,0.13683868914648326
jp-etcd-fp100,40.763916,0.13783748869655083
jp-etcd-fp100,40.766846,0.13883628824661842
jp-etcd-fp100,40.769043,0.139835087796686
jp-etcd-fp100,40.772217,0.1408338873467536
jp-etcd-fp100,40.775146,0.14183268689682116
jp-etcd-fp100,40.777832,0.14283148644688876
jp-etcd-fp100,40.781006,0.14383028599695635
jp-etcd-fp100,40.783203,0.14482908554702392
jp-etcd-fp100,40.786133,0.14582788509709152
jp-etcd-fp100,40.788818,0.1468266846471591
jp-etcd-fp100,40.791016,0.1478254841972267
jp-etcd-fp100,40.793945,0.14882428374729426
jp-etcd-fp100,40.796875,0.14982308329736185
jp-etcd-fp100,40.799072,0.15082188284742942
jp-etcd-fp100,40.802002,0.15182068239749702
jp-etcd-fp100,40.803955,0.1528194819475646
jp-etcd-fp100,40.807129,0.1538182814976322
jp-etcd-fp100,40.810059,0.15481708104769976
jp-etcd-fp100,40.812012,0.15581588059776735
jp-etcd-fp100,40.814941,0.15681468014783492
jp-etcd-fp100,40.817871,0.15781347969790252
jp-etcd-fp100,40.820068,0.15881227924797012
jp-etcd-fp100,40.822998,0.1598110787980377
jp-etcd-fp100,40.824951,0.16080987834810528
jp-etcd-fp100,40.827881,0.16180867789817285
jp-etcd-fp100,40.830078,0.16280747744824045
jp-etcd-fp100,40.833008,0.16380627699830802
jp-etcd-fp100,40.834961,0.16480507654837562
jp-etcd-fp100,40.837891,0.1658038760984432
jp-etcd-fp100,40.840088,0.16680267564851078
jp-etcd-fp100,40.842773,0.16780147519857835
jp-etcd-fp100,40.844971,0.16880027474864595
jp-etcd-fp100,40.8479,0.16979907429871352
jp-etcd-fp100,40.850098,0.17079787384878112
jp-etcd-fp100,40.853027,0.17179667339884871
jp-etcd-fp100,40.85498,0.17279547294891628
jp-etcd-fp100,40.85791,0.17379427249898388
jp-etcd-fp100,40.859863,0.17479307204905145
jp-etcd-fp100,40.862061,0.17579187159911905
jp-etcd-fp100,40.86499,0.17679067114918662
jp-etcd-fp100,40.866943,0.17778947069925422
jp-etcd-fp100,40.869873,0.17878827024932178
jp-etcd-fp100,40.87207,0.17978706979938938
jp-etcd-fp100,40.875,0.18078586934945695
jp-etcd-fp100,40.876953,0.18178466889952455
jp-etcd-fp100,40.879883,0.18278346844959212
jp-etcd-fp100,40.88208,0.18378226799965972
jp-etcd-fp100,40.88501,0.1847810675497273
jp-etcd-fp100,40.886963,0.18577986709979488
jp-etcd-fp100,40.889893,0.18677866664986248
jp-etcd-fp100,40.89209,0.18777746619993005
jp-etcd-fp100,40.89502,0.18877626574999765
jp-etcd-fp100,40.896973,0.18977506530006522
jp-etcd-fp100,40.899902,0.1907738648501328
jp-etcd-fp100,40.901855,0.19177266440020038
jp-etcd-fp100,40.904053,0.19277146395026798
jp-etcd-fp100,40.906982,0.19377026350033555
jp-etcd-fp100,40.908936,0.19476906305040315
jp-etcd-fp100,40.911865,0.19576786260047072
jp-etcd-fp100,40.914062,0.1967666621505383
jp-etcd-fp100,40.916016,0.1977654617006059
jp-etcd-fp100,40.918945,0.19876426125067348
jp-etcd-fp100,40.920898,0.19976306080074108
jp-etcd-fp100,40.923096,0.20076186035080865
jp-etcd-fp100,40.926025,0.20176065990087624
jp-etcd-fp100,40.927979,0.2027594594509438
jp-etcd-fp100,40.930908,0.2037582590010114
jp-etcd-fp100,40.933105,0.20475705855107898
jp-etcd-fp100,40.935059,0.20575585810114658
jp-etcd-fp100,40.937988,0.20675465765121415
jp-etcd-fp100,40.939941,0.20775345720128174
jp-etcd-fp100,40.942871,0.2087522567513493
jp-etcd-fp100,40.945068,0.2097510563014169
jp-etcd-fp100,40.947021,0.21074985585148448
jp-etcd-fp100,40.949951,0.21174865540155208
jp-etcd-fp100,40.951904,0.21274745495161967
jp-etcd-fp100,40.954102,0.21374625450168724
jp-etcd-fp100,40.957031,0.21474505405175484
jp-etcd-fp100,40.958984,0.2157438536018224
jp-etcd-fp100,40.961182,0.21674265315189
jp-etcd-fp100,40.963867,0.21774145270195758
jp-etcd-fp100,40.966064,0.21874025225202517
jp-etcd-fp100,40.968018,0.21973905180209274
jp-etcd-fp100,40.970947,0.22073785135216034
jp-etcd-fp100,40.973145,0.2217366509022279
jp-etcd-fp100,40.975098,0.2227354504522955
jp-etcd-fp100,40.977051,0.22373425000236308
jp-etcd-fp100,40.979004,0.22473304955243067
jp-etcd-fp100,40.981934,0.22573184910249827
jp-etcd-fp100,40.983887,0.22673064865256584
jp-etcd-fp100,40.986084,0.22772944820263344
jp-etcd-fp100,40.98877,0.228728247752701
jp-etcd-fp100,40.990967,0.2297270473027686
jp-etcd-fp100,40.99292,0.23072584685283618
jp-etcd-fp100,40.995117,0.23172464640290377
jp-etcd-fp100,40.99707,0.23272344595297134
jp-etcd-fp100,41.0,0.23372224550303894
jp-etcd-fp100,41.001953,0.2347210450531065
jp-etcd-fp100,41.00415,0.2357198446031741
jp-etcd-fp100,41.006836,0.23671864415324168
jp-etcd-fp100,41.009033,0.23771744370330927
jp-etcd-fp100,41.010986,0.23871624325337687
jp-etcd-fp100,41.012939,0.23971504280344444
jp-etcd-fp100,41.015869,0.24071384235351204
jp-etcd-fp100,41.018066,0.2417126419035796
jp-etcd-fp100,41.02002,0.2427114414536472
jp-etcd-fp100,41.021973,0.24371024100371477
jp-etcd-fp100,41.024902,0.24470904055378237
jp-etcd-fp100,41.026855,0.24570784010384994
jp-etcd-fp100,41.029053,0.24670663965391754
jp-etcd-fp100,41.031006,0.2477054392039851
jp-etcd-fp100,41.032959,0.2487042387540527
jp-etcd-fp100,41.035156,0.24970303830412027
jp-etcd-fp100,41.037109,0.25070183785418787
jp-etcd-fp100,41.039062,0.25170063740425547
jp-etcd-fp100,41.041992,0.25269943695432306
jp-etcd-fp100,41.043945,0.2536982365043906
jp-etcd-fp100,41.045898,0.2546970360544582
jp-etcd-fp100,41.048096,0.2556958356045258
jp-etcd-fp100,41.050049,0.2566946351545934
jp-etcd-fp100,41.052002,0.25769343470466094
jp-etcd-fp100,41.053955,0.25869223425472854
jp-etcd-fp100,41.055908,0.25969103380479613
jp-etcd-fp100,41.058105,0.26068983335486373
jp-etcd-fp100,41.060059,0.2616886329049313
jp-etcd-fp100,41.062012,0.26268743245499887
jp-etcd-fp100,41.064941,0.26368623200506647
jp-etcd-fp100,41.066162,0.26468503155513406
jp-etcd-fp100,41.068115,0.26568383110520166
jp-etcd-fp100,41.070068,0.2666826306552692
jp-etcd-fp100,41.072021,0.2676814302053368
jp-etcd-fp100,41.074219,0.2686802297554044
jp-etcd-fp100,41.076904,0.269679029305472
jp-etcd-fp100,41.078125,0.27067782885553954
jp-etcd-fp100,41.080078,0.27167662840560713
jp-etcd-fp100,41.082031,0.27267542795567473
jp-etcd-fp100,41.083984,0.27367422750574233
jp-etcd-fp100,41.086182,0.27467302705580987
jp-etcd-fp100,41.088135,0.27567182660587747
jp-etcd-fp100,41.090088,0.27667062615594507
jp-etcd-fp100,41.092041,0.27766942570601266
jp-etcd-fp100,41.093994,0.2786682252560802
jp-etcd-fp100,41.095947,0.2796670248061478
jp-etcd-fp100,41.098145,0.2806658243562154
jp-etcd-fp100,41.100098,0.281664623906283
jp-etcd-fp100,41.102051,0.2826634234563506
jp-etcd-fp100,41.104004,0.28366222300641813
jp-etcd-fp100,41.105957,0.28466102255648573
jp-etcd-fp100,41.10791,0.28565982210655333
jp-etcd-fp100,41.109863,0.2866586216566209
jp-etcd-fp100,41.112061,0.28765742120668847
jp-etcd-fp100,41.114014,0.28865622075675607
jp-etcd-fp100,41.115967,0.28965502030682366
jp-etcd-fp100,41.11792,0.29065381985689126
jp-etcd-fp100,41.119873,0.2916526194069588
jp-etcd-fp100,41.12207,0.2926514189570264
jp-etcd-fp100,41.124023,0.293650218507094
jp-etcd-fp100,41.125977,0.2946490180571616
jp-etcd-fp100,41.12793,0.2956478176072292
jp-etcd-fp100,41.129883,0.29664661715729673
jp-etcd-fp100,41.131836,0.29764541670736433
jp-etcd-fp100,41.133789,0.2986442162574319
jp-etcd-fp100,41.13501,0.2996430158074995
jp-etcd-fp100,41.137207,0.30064181535756707
jp-etcd-fp100,41.13916,0.30164061490763466
jp-etcd-fp100,41.141113,0.30263941445770226
jp-etcd-fp100,41.143066,0.30363821400776986
jp-etcd-fp100,41.14502,0.3046370135578374
jp-etcd-fp100,41.146973,0.305635813107905
jp-etcd-fp100,41.148926,0.3066346126579726
jp-etcd-fp100,41.150879,0.3076334122080402
jp-etcd-fp100,41.152832,0.3086322117581078
jp-etcd-fp100,41.154053,0.30963101130817533
jp-etcd-fp100,41.156006,0.3106298108582429
jp-etcd-fp100,41.157959,0.3116286104083105
jp-etcd-fp100,41.160156,0.3126274099583781
jp-etcd-fp100,41.161865,0.31362620950844566
jp-etcd-fp100,41.163818,0.31462500905851326
jp-etcd-fp100,41.166016,0.31562380860858086
jp-etcd-fp100,41.166992,0.31662260815864846
jp-etcd-fp100,41.169189,0.317621407708716
jp-etcd-fp100,41.171875,0.3186202072587836
jp-etcd-fp100,41.173096,0.3196190068088512
jp-etcd-fp100,41.175049,0.3206178063589188
jp-etcd-fp100,41.177002,0.3216166059089864
jp-etcd-fp100,41.178955,0.3226154054590539
jp-etcd-fp100,41.180908,0.3236142050091215
jp-etcd-fp100,41.182861,0.3246130045591891
jp-etcd-fp100,41.184814,0.3256118041092567
jp-etcd-fp100,41.186035,0.32661060365932426
jp-etcd-fp100,41.187988,0.32760940320939186
jp-etcd-fp100,41.189941,0.32860820275945946
jp-etcd-fp100,41.191895,0.32960700230952705
jp-etcd-fp100,41.193848,0.3306058018595946
jp-etcd-fp100,41.195068,0.3316046014096622
jp-etcd-fp100,41.197021,0.3326034009597298
jp-etcd-fp100,41.198975,0.3336022005097974
jp-etcd-fp100,41.200928,0.334601000059865
jp-etcd-fp100,41.202881,0.3355997996099325
jp-etcd-fp100,41.205078,0.3365985991600001
jp-etcd-fp100,41.207031,0.3375973987100677
jp-etcd-fp100,41.208984,0.3385961982601353
jp-etcd-fp100,41.209961,0.33959499781020286
jp-etcd-fp100,41.211914,0.34059379736027046
jp-etcd-fp100,41.213867,0.34159259691033805
jp-etcd-fp100,41.216064,0.34259139646040565
jp-etcd-fp100,41.217041,0.3435901960104732
jp-etcd-fp100,41.218994,0.3445889955605408
jp-etcd-fp100,41.220947,0.3455877951106084
jp-etcd-fp100,41.2229,0.346586594660676
jp-etcd-fp100,41.224854,0.3475853942107436
jp-etcd-fp100,41.226074,0.3485841937608111
jp-etcd-fp100,41.228027,0.3495829933108787
jp-etcd-fp100,41.22998,0.3505817928609463
jp-etcd-fp100,41.231934,0.3515805924110139
jp-etcd-fp100,41.233887,0.35257939196108146
jp-etcd-fp100,41.23584,0.35357819151114905
jp-etcd-fp100,41.237061,0.35457699106121665
jp-etcd-fp100,41.239014,0.35557579061128425
jp-etcd-fp100,41.240967,0.3565745901613518
jp-etcd-fp100,41.24292,0.3575733897114194
jp-etcd-fp100,41.244873,0.358572189261487
jp-etcd-fp100,41.246826,0.3595709888115546
jp-etcd-fp100,41.248779,0.3605697883616222
jp-etcd-fp100,41.25,0.3615685879116897
jp-etcd-fp100,41.251953,0.3625673874617573
jp-etcd-fp100,41.253906,0.3635661870118249
jp-etcd-fp100,41.255859,0.3645649865618925
jp-etcd-fp100,41.25708,0.36556378611196005
jp-etcd-fp100,41.259033,0.36656258566202765
jp-etcd-fp100,41.260986,0.36756138521209525
jp-etcd-fp100,41.262939,0.36856018476216285
jp-etcd-fp100,41.264893,0.3695589843122304
jp-etcd-fp100,41.266113,0.370557783862298
jp-etcd-fp100,41.268066,0.3715565834123656
jp-etcd-fp100,41.27002,0.3725553829624332
jp-etcd-fp100,41.271973,0.3735541825125007
jp-etcd-fp100,41.273926,0.3745529820625683
jp-etcd-fp100,41.275146,0.3755517816126359
jp-etcd-fp100,41.2771,0.3765505811627035
jp-etcd-fp100,41.279053,0.3775493807127711
jp-etcd-fp100,41.280029,0.37854818026283865
jp-etcd-fp100,41.281982,0.37954697981290625
jp-etcd-fp100,41.283936,0.38054577936297385
jp-etcd-fp100,41.285889,0.38154457891304144
jp-etcd-fp100,41.287109,0.382543378463109
jp-etcd-fp100,41.289062,0.3835421780131766
jp-etcd-fp100,41.291016,0.3845409775632442
jp-etcd-fp100,41.292969,0.3855397771133118
jp-etcd-fp100,41.293945,0.3865385766633793
jp-etcd-fp100,41.295898,0.3875373762134469
jp-etcd-fp100,41.297852,0.3885361757635145
jp-etcd-fp100,41.299805,0.3895349753135821
jp-etcd-fp100,41.301025,0.3905337748636497
jp-etcd-fp100,41.302979,0.39153257441371725
jp-etcd-fp100,41.304932,0.39253137396378485
jp-etcd-fp100,41.307129,0.39353017351385244
jp-etcd-fp100,41.308838,0.39452897306392004
jp-etcd-fp100,41.311035,0.3955277726139876
jp-etcd-fp100,41.312988,0.3965265721640552
jp-etcd-fp100,41.313965,0.3975253717141228
jp-etcd-fp100,41.315918,0.3985241712641904
jp-etcd-fp100,41.318115,0.3995229708142579
jp-etcd-fp100,41.320068,0.4005217703643255
jp-etcd-fp100,41.322021,0.4015205699143931
jp-etcd-fp100,41.323975,0.4025193694644607
jp-etcd-fp100,41.325195,0.4035181690145283
jp-etcd-fp100,41.326904,0.40451696856459585
jp-etcd-fp100,41.328857,0.40551576811466344
jp-etcd-fp100,41.330811,0.40651456766473104
jp-etcd-fp100,41.332031,0.40751336721479864
jp-etcd-fp100,41.333984,0.4085121667648662
jp-etcd-fp100,41.335938,0.4095109663149338
jp-etcd-fp100,41.337891,0.4105097658650014
jp-etcd-fp100,41.339844,0.41150856541506897
jp-etcd-fp100,41.341797,0.4125073649651365
jp-etcd-fp100,41.343018,0.4135061645152041
jp-etcd-fp100,41.344971,0.4145049640652717
jp-etcd-fp100,41.346924,0.4155037636153393
jp-etcd-fp100,41.348877,0.4165025631654069
jp-etcd-fp100,41.35083,0.41750136271547444
jp-etcd-fp100,41.352051,0.41850016226554204
jp-etcd-fp100,41.354004,0.41949896181560964
jp-etcd-fp100,41.355957,0.42049776136567724
jp-etcd-fp100,41.357178,0.4214965609157448
jp-etcd-fp100,41.359131,0.4224953604658124
jp-etcd-fp100,41.361084,0.42349416001588
jp-etcd-fp100,41.362793,0.42449295956594757
jp-etcd-fp100,41.364014,0.4254917591160151
jp-etcd-fp100,41.365967,0.4264905586660827
jp-etcd-fp100,41.36792,0.4274893582161503
jp-etcd-fp100,41.370117,0.4284881577662179
jp-etcd-fp100,41.371826,0.4294869573162855
jp-etcd-fp100,41.374023,0.43048575686635304
jp-etcd-fp100,41.375,0.43148455641642064
jp-etcd-fp100,41.376953,0.43248335596648824
jp-etcd-fp100,41.378906,0.43348215551655583
jp-etcd-fp100,41.380859,0.4344809550666234
jp-etcd-fp100,41.382812,0.435479754616691
jp-etcd-fp100,41.384033,0.43647855416675857
jp-etcd-fp100,41.385986,0.43747735371682617
jp-etcd-fp100,41.387939,0.4384761532668937
jp-etcd-fp100,41.389893,0.4394749528169613
jp-etcd-fp100,41.391846,0.4404737523670289
jp-etcd-fp100,41.393799,0.4414725519170965
jp-etcd-fp100,41.395996,0.4424713514671641
jp-etcd-fp100,41.397217,0.44347015101723164
jp-etcd-fp100,41.39917,0.44446895056729924
jp-etcd-fp100,41.401123,0.44546775011736683
jp-etcd-fp100,41.403076,0.44646654966743443
jp-etcd-fp100,41.405029,0.447465349217502
jp-etcd-fp100,41.406982,0.44846414876756957
jp-etcd-fp100,41.408936,0.44946294831763717
jp-etcd-fp100,41.410889,0.45046174786770476
jp-etcd-fp100,41.412109,0.4514605474177723
jp-etcd-fp100,41.414062,0.4524593469678399
jp-etcd-fp100,41.416016,0.4534581465179075
jp-etcd-fp100,41.417969,0.4544569460679751
jp-etcd-fp100,41.419922,0.4554557456180427
jp-etcd-fp100,41.421875,0.45645454516811024
jp-etcd-fp100,41.423828,0.45745334471817783
jp-etcd-fp100,41.425049,0.45845214426824543
jp-etcd-fp100,41.427002,0.45945094381831303
jp-etcd-fp100,41.428955,0.46044974336838057
jp-etcd-fp100,41.430908,0.46144854291844817
jp-etcd-fp100,41.433105,0.46244734246851577
jp-etcd-fp100,41.435059,0.46344614201858336
jp-etcd-fp100,41.437012,0.4644449415686509
jp-etcd-fp100,41.438965,0.4654437411187185
jp-etcd-fp100,41.440918,0.4664425406687861
jp-etcd-fp100,41.442871,0.4674413402188537
jp-etcd-fp100,41.444824,0.46844013976892124
jp-etcd-fp100,41.446045,0.46943893931898883
jp-etcd-fp100,41.447998,0.47043773886905643
jp-etcd-fp100,41.450195,0.47143653841912403
jp-etcd-fp100,41.452148,0.4724353379691916
jp-etcd-fp100,41.454102,0.47343413751925917
jp-etcd-fp100,41.456055,0.47443293706932677
jp-etcd-fp100,41.458008,0.47543173661939436
jp-etcd-fp100,41.459961,0.47643053616946196
jp-etcd-fp100,41.461914,0.4774293357195295
jp-etcd-fp100,41.464111,0.4784281352695971
jp-etcd-fp100,41.466064,0.4794269348196647
jp-etcd-fp100,41.468018,0.4804257343697323
jp-etcd-fp100,41.469971,0.48142453391979984
jp-etcd-fp100,41.472168,0.48242333346986743
jp-etcd-fp100,41.474121,0.48342213301993503
jp-etcd-fp100,41.476074,0.4844209325700026
jp-etcd-fp100,41.478027,0.4854197321200702
jp-etcd-fp100,41.47998,0.48641853167013777
jp-etcd-fp100,41.481934,0.48741733122020536
jp-etcd-fp100,41.483887,0.48841613077027296
jp-etcd-fp100,41.486084,0.48941493032034056
jp-etcd-fp100,41.488037,0.4904137298704081
jp-etcd-fp100,41.48999,0.4914125294204757
jp-etcd-fp100,41.491943,0.4924113289705433
jp-etcd-fp100,41.493896,0.4934101285206109
jp-etcd-fp100,41.49585,0.49440892807067843
jp-etcd-fp100,41.497803,0.49540772762074603
jp-etcd-fp100,41.5,0.4964065271708136
jp-etcd-fp100,41.501953,0.4974053267208812
jp-etcd-fp100,41.503906,0.4984041262709488
jp-etcd-fp100,41.505859,0.49940292582101636
jp-etcd-fp100,41.507812,0.500401725371084
jp-etcd-fp100,41.51001,0.5014005249211515
jp-etcd-fp100,41.51123,0.5023993244712192
jp-etcd-fp100,41.513184,0.5033981240212867
jp-etcd-fp100,41.515137,0.5043969235713543
jp-etcd-fp100,41.51709,0.5053957231214219
jp-etcd-fp100,41.519043,0.5063945226714894
jp-etcd-fp100,41.520996,0.5073933222215571
jp-etcd-fp100,41.523193,0.5083921217716246
jp-etcd-fp100,41.525146,0.5093909213216922
jp-etcd-fp100,41.5271,0.5103897208717598
jp-etcd-fp100,41.529785,0.5113885204218274
jp-etcd-fp100,41.531982,0.512387319971895
jp-etcd-fp100,41.533936,0.5133861195219626
jp-etcd-fp100,41.535889,0.5143849190720301
jp-etcd-fp100,41.538086,0.5153837186220978
jp-etcd-fp100,41.540039,0.5163825181721653
jp-etcd-fp100,41.541992,0.517381317722233
jp-etcd-fp100,41.543945,0.5183801172723005
jp-etcd-fp100,41.546143,0.519378916822368
jp-etcd-fp100,41.548096,0.5203777163724357
jp-etcd-fp100,41.550049,0.5213765159225032
jp-etcd-fp100,41.552002,0.5223753154725708
jp-etcd-fp100,41.554932,0.5233741150226384
jp-etcd-fp100,41.556885,0.524372914572706
jp-etcd-fp100,41.558838,0.5253717141227736
jp-etcd-fp100,41.560791,0.5263705136728412
jp-etcd-fp100,41.562988,0.5273693132229087
jp-etcd-fp100,41.564941,0.5283681127729764
jp-etcd-fp100,41.566895,0.5293669123230439
jp-etcd-fp100,41.568848,0.5303657118731115
jp-etcd-fp100,41.570801,0.5313645114231791
jp-etcd-fp100,41.572998,0.5323633109732466
jp-etcd-fp100,41.574951,0.5333621105233143
jp-etcd-fp100,41.576904,0.5343609100733818
jp-etcd-fp100,41.578857,0.5353597096234494
jp-etcd-fp100,41.581055,0.536358509173517
jp-etcd-fp100,41.583008,0.5373573087235846
jp-etcd-fp100,41.585205,0.5383561082736522
jp-etcd-fp100,41.587891,0.5393549078237198
jp-etcd-fp100,41.589844,0.5403537073737873
jp-etcd-fp100,41.592041,0.541352506923855
jp-etcd-fp100,41.593994,0.5423513064739225
jp-etcd-fp100,41.596924,0.5433501060239901
jp-etcd-fp100,41.598877,0.5443489055740577
jp-etcd-fp100,41.601074,0.5453477051241252
jp-etcd-fp100,41.603027,0.5463465046741929
jp-etcd-fp100,41.60498,0.5473453042242604
jp-etcd-fp100,41.606934,0.548344103774328
jp-etcd-fp100,41.609131,0.5493429033243956
jp-etcd-fp100,41.611084,0.5503417028744632
jp-etcd-fp100,41.614014,0.5513405024245308
jp-etcd-fp100,41.615967,0.5523393019745984
jp-etcd-fp100,41.618164,0.5533381015246659
jp-etcd-fp100,41.620117,0.5543369010747335
jp-etcd-fp100,41.622803,0.5553357006248011
jp-etcd-fp100,41.625,0.5563345001748687
jp-etcd-fp100,41.626953,0.5573332997249363
jp-etcd-fp100,41.62915,0.5583320992750038
jp-etcd-fp100,41.631104,0.5593308988250715
jp-etcd-fp100,41.634033,0.560329698375139
jp-etcd-fp100,41.635986,0.5613284979252066
jp-etcd-fp100,41.637939,0.5623272974752742
jp-etcd-fp100,41.640869,0.5633260970253418
jp-etcd-fp100,41.643066,0.5643248965754094
jp-etcd-fp100,41.64502,0.565323696125477
jp-etcd-fp100,41.647949,0.5663224956755445
jp-etcd-fp100,41.649902,0.5673212952256121
jp-etcd-fp100,41.6521,0.5683200947756797
jp-etcd-fp100,41.654053,0.5693188943257473
jp-etcd-fp100,41.656982,0.5703176938758149
jp-etcd-fp100,41.658936,0.5713164934258824
jp-etcd-fp100,41.661133,0.5723152929759501
jp-etcd-fp100,41.663818,0.5733140925260176
jp-etcd-fp100,41.666016,0.5743128920760852
jp-etcd-fp100,41.667969,0.5753116916261528
jp-etcd-fp100,41.670898,0.5763104911762204
jp-etcd-fp100,41.673096,0.577309290726288
jp-etcd-fp100,41.676025,0.5783080902763555
jp-etcd-fp100,41.677979,0.5793068898264231
jp-etcd-fp100,41.680908,0.5803056893764907
jp-etcd-fp100,41.683105,0.5813044889265583
jp-etcd-fp100,41.685791,0.5823032884766259
jp-etcd-fp100,41.687988,0.5833020880266935
jp-etcd-fp100,41.689941,0.584300887576761
jp-etcd-fp100,41.691895,0.5852996871268287
jp-etcd-fp100,41.694092,0.5862984866768962
jp-etcd-fp100,41.697021,0.5872972862269638
jp-etcd-fp100,41.698975,0.5882960857770314
jp-etcd-fp100,41.701172,0.589294885327099
jp-etcd-fp100,41.703857,0.5902936848771666
jp-etcd-fp100,41.706055,0.5912924844272341
jp-etcd-fp100,41.708984,0.5922912839773017
jp-etcd-fp100,41.710938,0.5932900835273693
jp-etcd-fp100,41.713867,0.5942888830774369
jp-etcd-fp100,41.716064,0.5952876826275045
jp-etcd-fp100,41.718994,0.5962864821775721
jp-etcd-fp100,41.720947,0.5972852817276396
jp-etcd-fp100,41.723145,0.5982840812777073
jp-etcd-fp100,41.726074,0.5992828808277748
jp-etcd-fp100,41.728027,0.6002816803778424
jp-etcd-fp100,41.730957,0.60128047992791
jp-etcd-fp100,41.733154,0.6022792794779775
jp-etcd-fp100,41.73584,0.6032780790280452
jp-etcd-fp100,41.738037,0.6042768785781127
jp-etcd-fp100,41.740967,0.6052756781281803
jp-etcd-fp100,41.74292,0.6062744776782479
jp-etcd-fp100,41.74585,0.6072732772283155
jp-etcd-fp100,41.748047,0.6082720767783831
jp-etcd-fp100,41.750977,0.6092708763284507
jp-etcd-fp100,41.75293,0.6102696758785182
jp-etcd-fp100,41.755127,0.6112684754285859
jp-etcd-fp100,41.758057,0.6122672749786534
jp-etcd-fp100,41.76001,0.613266074528721
jp-etcd-fp100,41.762939,0.6142648740787886
jp-etcd-fp100,41.765137,0.6152636736288561
jp-etcd-fp100,41.768066,0.6162624731789238
jp-etcd-fp100,41.77002,0.6172612727289913
jp-etcd-fp100,41.772949,0.6182600722790589
jp-etcd-fp100,41.775879,0.6192588718291265
jp-etcd-fp100,41.778076,0.6202576713791941
jp-etcd-fp100,41.781006,0.6212564709292617
jp-etcd-fp100,41.783936,0.6222552704793293
jp-etcd-fp100,41.786865,0.6232540700293968
jp-etcd-fp100,41.789062,0.6242528695794645
jp-etcd-fp100,41.791992,0.625251669129532
jp-etcd-fp100,41.794189,0.6262504686795995
jp-etcd-fp100,41.797119,0.6272492682296672
jp-etcd-fp100,41.800049,0.6282480677797347
jp-etcd-fp100,41.802979,0.6292468673298024
jp-etcd-fp100,41.805908,0.6302456668798699
jp-etcd-fp100,41.808105,0.6312444664299375
jp-etcd-fp100,41.811035,0.6322432659800051
jp-etcd-fp100,41.813965,0.6332420655300727
jp-etcd-fp100,41.816895,0.6342408650801403
jp-etcd-fp100,41.819092,0.6352396646302079
jp-etcd-fp100,41.822021,0.6362384641802754
jp-etcd-fp100,41.824951,0.6372372637303431
jp-etcd-fp100,41.827881,0.6382360632804106
jp-etcd-fp100,41.830078,0.6392348628304781
jp-etcd-fp100,41.833008,0.6402336623805458
jp-etcd-fp100,41.835938,0.6412324619306133
jp-etcd-fp100,41.838135,0.642231261480681
jp-etcd-fp100,41.841064,0.6432300610307485
jp-etcd-fp100,41.843994,0.6442288605808161
jp-etcd-fp100,41.846924,0.6452276601308837
jp-etcd-fp100,41.849854,0.6462264596809513
jp-etcd-fp100,41.853027,0.6472252592310189
jp-etcd-fp100,41.855957,0.6482240587810865
jp-etcd-fp100,41.858154,0.649222858331154
jp-etcd-fp100,41.861084,0.6502216578812217
jp-etcd-fp100,41.864014,0.6512204574312892
jp-etcd-fp100,41.866943,0.6522192569813567
jp-etcd-fp100,41.869873,0.6532180565314244
jp-etcd-fp100,41.873047,0.6542168560814919
jp-etcd-fp100,41.875977,0.6552156556315596
jp-etcd-fp100,41.878906,0.6562144551816271
jp-etcd-fp100,41.881836,0.6572132547316947
jp-etcd-fp100,41.88501,0.6582120542817623
jp-etcd-fp100,41.887939,0.6592108538318299
jp-etcd-fp100,41.891113,0.6602096533818975
jp-etcd-fp100,41.89502,0.6612084529319651
jp-etcd-fp100,41.897949,0.6622072524820326
jp-etcd-fp100,41.901855,0.6632060520321003
jp-etcd-fp100,41.905029,0.6642048515821678
jp-etcd-fp100,41.907959,0.6652036511322353
jp-etcd-fp100,41.911133,0.666202450682303
jp-etcd-fp100,41.914062,0.6672012502323705
jp-etcd-fp100,41.916992,0.6682000497824382
jp-etcd-fp100,41.920166,0.6691988493325057
jp-etcd-fp100,41.924072,0.6701976488825733
jp-etcd-fp100,41.927002,0.6711964484326409
jp-etcd-fp100,41.930176,0.6721952479827085
jp-etcd-fp100,41.933105,0.6731940475327761
jp-etcd-fp100,41.937012,0.6741928470828437
jp-etcd-fp100,41.939941,0.6751916466329112
jp-etcd-fp100,41.943848,0.6761904461829789
jp-etcd-fp100,41.947021,0.6771892457330464
jp-etcd-fp100,41.950195,0.6781880452831139
jp-etcd-fp100,41.953125,0.6791868448331816
jp-etcd-fp100,41.957031,0.6801856443832491
jp-etcd-fp100,41.959961,0.6811844439333168
jp-etcd-fp100,41.964111,0.6821832434833843
jp-etcd-fp100,41.967041,0.6831820430334519
jp-etcd-fp100,41.970947,0.6841808425835195
jp-etcd-fp100,41.974121,0.6851796421335871
jp-etcd-fp100,41.978027,0.6861784416836547
jp-etcd-fp100,41.981934,0.6871772412337223
jp-etcd-fp100,41.985107,0.6881760407837898
jp-etcd-fp100,41.989014,0.6891748403338575
jp-etcd-fp100,41.991943,0.690173639883925
jp-etcd-fp100,41.99585,0.6911724394339925
jp-etcd-fp100,41.999023,0.6921712389840602
jp-etcd-fp100,42.00293,0.6931700385341277
jp-etcd-fp100,42.006836,0.6941688380841954
jp-etcd-fp100,42.01001,0.6951676376342629
jp-etcd-fp100,42.01416,0.6961664371843305
jp-etcd-fp100,42.018066,0.6971652367343981
jp-etcd-fp100,42.021973,0.6981640362844657
jp-etcd-fp100,42.025146,0.6991628358345332
jp-etcd-fp100,42.029785,0.7001616353846009
jp-etcd-fp100,42.033936,0.7011604349346684
jp-etcd-fp100,42.037109,0.702159234484736
jp-etcd-fp100,42.041016,0.7031580340348036
jp-etcd-fp100,42.045898,0.7041568335848711
jp-etcd-fp100,42.049805,0.7051556331349388
jp-etcd-fp100,42.053955,0.7061544326850063
jp-etcd-fp100,42.057129,0.707153232235074
jp-etcd-fp100,42.062012,0.7081520317851415
jp-etcd-fp100,42.065918,0.7091508313352091
jp-etcd-fp100,42.070068,0.7101496308852767
jp-etcd-fp100,42.074951,0.7111484304353443
jp-etcd-fp100,42.078857,0.7121472299854118
jp-etcd-fp100,42.083008,0.7131460295354795
jp-etcd-fp100,42.087891,0.714144829085547
jp-etcd-fp100,42.092041,0.7151436286356146
jp-etcd-fp100,42.096924,0.7161424281856822
jp-etcd-fp100,42.101074,0.7171412277357497
jp-etcd-fp100,42.105225,0.7181400272858174
jp-etcd-fp100,42.109863,0.7191388268358849
jp-etcd-fp100,42.114014,0.7201376263859526
jp-etcd-fp100,42.119141,0.7211364259360201
jp-etcd-fp100,42.124023,0.7221352254860877
jp-etcd-fp100,42.12915,0.7231340250361553
jp-etcd-fp100,42.134033,0.7241328245862229
jp-etcd-fp100,42.138916,0.7251316241362904
jp-etcd-fp100,42.144043,0.726130423686358
jp-etcd-fp100,42.148926,0.7271292232364256
jp-etcd-fp100,42.154053,0.7281280227864932
jp-etcd-fp100,42.158936,0.7291268223365608
jp-etcd-fp100,42.163086,0.7301256218866283
jp-etcd-fp100,42.168945,0.731124421436696
jp-etcd-fp100,42.172852,0.7321232209867635
jp-etcd-fp100,42.177979,0.7331220205368312
jp-etcd-fp100,42.182861,0.7341208200868987
jp-etcd-fp100,42.187988,0.7351196196369663
jp-etcd-fp100,42.193115,0.7361184191870339
jp-etcd-fp100,42.198975,0.7371172187371015
jp-etcd-fp100,42.204834,0.738116018287169
jp-etcd-fp100,42.210938,0.7391148178372366
jp-etcd-fp100,42.216064,0.7401136173873042
jp-etcd-fp100,42.221924,0.7411124169373718
jp-etcd-fp100,42.228027,0.7421112164874394
jp-etcd-fp100,42.234131,0.7431100160375069
jp-etcd-fp100,42.240967,0.7441088155875746
jp-etcd-fp100,42.24707,0.7451076151376421
jp-etcd-fp100,42.253906,0.7461064146877098
jp-etcd-fp100,42.26001,0.7471052142377773
jp-etcd-fp100,42.266846,0.7481040137878449
jp-etcd-fp100,42.273926,0.7491028133379125
jp-etcd-fp100,42.280029,0.75010161288798
jp-etcd-fp100,42.287109,0.7511004124380476
jp-etcd-fp100,42.294922,0.7520992119881152
jp-etcd-fp100,42.302979,0.7530980115381828
jp-etcd-fp100,42.310059,0.7540968110882504
jp-etcd-fp100,42.317871,0.755095610638318
jp-etcd-fp100,42.325928,0.7560944101883855
jp-etcd-fp100,42.333984,0.7570932097384532
jp-etcd-fp100,42.343018,0.7580920092885207
jp-etcd-fp100,42.353027,0.7590908088385884
jp-etcd-fp100,42.361816,0.7600896083886559
jp-etcd-fp100,42.371094,0.7610884079387235
jp-etcd-fp100,42.381104,0.7620872074887911
jp-etcd-fp100,42.391113,0.7630860070388586
jp-etcd-fp100,42.401855,0.7640848065889262
jp-etcd-fp100,42.412109,0.7650836061389938
jp-etcd-fp100,42.423096,0.7660824056890614
jp-etcd-fp100,42.434814,0.767081205239129
jp-etcd-fp100,42.446045,0.7680800047891966
jp-etcd-fp100,42.458984,0.7690788043392641
jp-etcd-fp100,42.471924,0.7700776038893318
jp-etcd-fp100,42.486816,0.7710764034393993
jp-etcd-fp100,42.500977,0.772075202989467
jp-etcd-fp100,42.51709,0.7730740025395345
jp-etcd-fp100,42.536133,0.774072802089602
jp-etcd-fp100,42.553955,0.7750716016396697
jp-etcd-fp100,42.575195,0.7760704011897372
jp-etcd-fp100,42.598877,0.7770692007398048
jp-etcd-fp100,42.624023,0.7780680002898724
jp-etcd-fp100,42.653076,0.77906679983994
jp-etcd-fp100,42.687988,0.7800655993900076
jp-etcd-fp100,42.724854,0.7810643989400752
jp-etcd-fp100,42.774902,0.7820631984901427
jp-etcd-fp100,42.838135,0.7830619980402104
jp-etcd-fp100,42.937012,0.7840607975902779
jp-etcd-fp100,43.087158,0.7850595971403456
jp-etcd-fp100,43.347168,0.7860583966904131
jp-etcd-fp100,43.8479,0.7870571962404806
jp-etcd-fp100,44.636963,0.7880559957905483
jp-etcd-fp100,45.802002,0.7890547953406158
jp-etcd-fp100,47.338135,0.7900535948906834
jp-etcd-fp100,49.63208,0.791052394440751
jp-etcd-fp100,52.810059,0.7920511939908186
jp-etcd-fp100,56.832031,0.7930499935408862
jp-etcd-fp100,60.203125,0.7940487930909538
jp-etcd-fp100,62.891113,0.7950475926410213
jp-etcd-fp100,65.468994,0.796046392191089
jp-etcd-fp100,68.419922,0.7970451917411565
jp-etcd-fp100,71.320068,0.7980439912912242
jp-etcd-fp100,74.172852,0.7990427908412917
jp-etcd-fp100,76.75293,0.8000415903913592
jp-etcd-fp100,79.414062,0.8010403899414269
jp-etcd-fp100,81.962891,0.8020391894914944
jp-etcd-fp100,84.450195,0.803037989041562
jp-etcd-fp100,87.772217,0.8040367885916296
jp-etcd-fp100,90.901855,0.8050355881416972
jp-etcd-fp100,93.954102,0.8060343876917648
jp-etcd-fp100,97.071045,0.8070331872418324
jp-etcd-fp100,100.416016,0.8080319867918999
jp-etcd-fp100,103.665039,0.8090307863419676
jp-etcd-fp100,106.903076,0.8100295858920351
jp-etcd-fp100,110.156006,0.8110283854421028
jp-etcd-fp100,113.630127,0.8120271849921703
jp-etcd-fp100,117.128174,0.8130259845422378
jp-etcd-fp100,120.530029,0.8140247840923055
jp-etcd-fp100,124.222168,0.815023583642373
jp-etcd-fp100,127.743164,0.8160223831924406
jp-etcd-fp100,130.732178,0.8170211827425082
jp-etcd-fp100,133.363037,0.8180199822925758
jp-etcd-fp100,135.754883,0.8190187818426434
jp-etcd-fp100,138.576172,0.820017581392711
jp-etcd-fp100,141.500977,0.8210163809427785
jp-etcd-fp100,144.528076,0.8220151804928462
jp-etcd-fp100,147.144043,0.8230139800429137
jp-etcd-fp100,150.055908,0.8240127795929814
jp-etcd-fp100,153.420166,0.8250115791430489
jp-etcd-fp100,156.391113,0.8260103786931164
jp-etcd-fp100,159.699951,0.8270091782431841
jp-etcd-fp100,162.765137,0.8280079777932516
jp-etcd-fp100,166.116943,0.8290067773433192
jp-etcd-fp100,169.327881,0.8300055768933868
jp-etcd-fp100,172.039062,0.8310043764434544
jp-etcd-fp100,174.552979,0.832003175993522
jp-etcd-fp100,177.601074,0.8330019755435896
jp-etcd-fp100,180.76416,0.8340007750936571
jp-etcd-fp100,184.052002,0.8349995746437248
jp-etcd-fp100,187.328857,0.8359983741937923
jp-etcd-fp100,192.252197,0.83699717374386
jp-etcd-fp100,197.679932,0.8379959732939275
jp-etcd-fp100,203.536133,0.838994772843995
jp-etcd-fp100,210.481934,0.8399935723940627
jp-etcd-fp100,217.413086,0.8409923719441302
jp-etcd-fp100,225.61499,0.8419911714941978
jp-etcd-fp100,232.782959,0.8429899710442654
jp-etcd-fp100,239.515869,0.843988770594333
jp-etcd-fp100,247.859131,0.8449875701444006
jp-etcd-fp100,256.427979,0.8459863696944682
jp-etcd-fp100,264.51001,0.8469851692445357
jp-etcd-fp100,274.438965,0.8479839687946034
jp-etcd-fp100,285.891846,0.8489827683446709
jp-etcd-fp100,296.572021,0.8499815678947386
jp-etcd-fp100,319.236816,0.8509803674448061
jp-etcd-fp100,382.457031,0.8519791669948736
jp-etcd-fp100,2043.450928,0.8529779665449413
jp-etcd-fp100,2807.771973,0.8539767660950088
jp-etcd-fp100,3144.013916,0.8549755656450764
jp-etcd-fp100,3326.840088,0.855974365195144
jp-etcd-fp100,3462.080078,0.8569731647452116
jp-etcd-fp100,3571.374023,0.8579719642952792
jp-etcd-fp100,3670.11499,0.8589707638453468
jp-etcd-fp100,3747.640869,0.8599695633954143
jp-etcd-fp100,3822.260986,0.860968362945482
jp-etcd-fp100,3896.403809,0.8619671624955495
jp-etcd-fp100,3974.157227,0.8629659620456172
jp-etcd-fp100,4051.005859,0.8639647615956847
jp-etcd-fp100,4122.26709,0.8649635611457522
jp-etcd-fp100,4184.881836,0.8659623606958199
jp-etcd-fp100,4236.714844,0.8669611602458874
jp-etcd-fp100,4282.093994,0.867959959795955
jp-etcd-fp100,4332.171143,0.8689587593460226
jp-etcd-fp100,4380.208984,0.8699575588960902
jp-etcd-fp100,4444.118896,0.8709563584461578
jp-etcd-fp100,4486.63501,0.8719551579962254
jp-etcd-fp100,4529.869873,0.8729539575462929
jp-etcd-fp100,4574.483887,0.8739527570963606
jp-etcd-fp100,4612.268799,0.8749515566464281
jp-etcd-fp100,4655.851807,0.8759503561964957
jp-etcd-fp100,4706.493896,0.8769491557465633
jp-etcd-fp100,4751.874023,0.8779479552966308
jp-etcd-fp100,4796.548096,0.8789467548466985
jp-etcd-fp100,4830.353027,0.879945554396766
jp-etcd-fp100,4876.151855,0.8809443539468336
jp-etcd-fp100,4909.529053,0.8819431534969012
jp-etcd-fp100,4956.524902,0.8829419530469688
jp-etcd-fp100,5010.052002,0.8839407525970364
jp-etcd-fp100,5061.181152,0.884939552147104
jp-etcd-fp100,5120.665039,0.8859383516971715
jp-etcd-fp100,5180.480957,0.8869371512472392
jp-etcd-fp100,5237.926025,0.8879359507973067
jp-etcd-fp100,5295.625,0.8889347503473742
jp-etcd-fp100,5353.116943,0.8899335498974419
jp-etcd-fp100,5408.993164,0.8909323494475094
jp-etcd-fp100,5463.410889,0.8919311489975771
jp-etcd-fp100,5512.372803,0.8929299485476446
jp-etcd-fp100,5568.491943,0.8939287480977122
jp-etcd-fp100,5620.981934,0.8949275476477798
jp-etcd-fp100,5673.235107,0.8959263471978474
jp-etcd-fp100,5724.596924,0.896925146747915
jp-etcd-fp100,5774.01416,0.8979239462979826
jp-etcd-fp100,5822.638916,0.8989227458480501
jp-etcd-fp100,5870.613037,0.8999215453981178
jp-etcd-fp100,5912.006104,0.9009203449481853
jp-etcd-fp100,5952.072021,0.9019191444982528
jp-etcd-fp100,5978.465088,0.9029179440483205
jp-etcd-fp100,6020.283936,0.903916743598388
jp-etcd-fp100,6059.628906,0.9049155431484557
jp-etcd-fp100,6089.781006,0.9059143426985232
jp-etcd-fp100,6126.39209,0.9069131422485908
jp-etcd-fp100,6166.218018,0.9079119417986584
jp-etcd-fp100,6205.023926,0.908910741348726
jp-etcd-fp100,6244.205078,0.9099095408987936
jp-etcd-fp100,6273.664062,0.9109083404488612
jp-etcd-fp100,6304.756836,0.9119071399989287
jp-etcd-fp100,6335.848877,0.9129059395489963
jp-etcd-fp100,6371.516846,0.9139047390990639
jp-etcd-fp100,6411.851074,0.9149035386491314
jp-etcd-fp100,6452.466064,0.9159023381991991
jp-etcd-fp100,6494.352051,0.9169011377492666
jp-etcd-fp100,6530.4729,0.9178999372993343
jp-etcd-fp100,6569.779053,0.9188987368494018
jp-etcd-fp100,6617.077148,0.9198975363994694
jp-etcd-fp100,6656.484131,0.920896335949537
jp-etcd-fp100,6693.739014,0.9218951354996046
jp-etcd-fp100,6735.61499,0.9228939350496722
jp-etcd-fp100,6777.167969,0.9238927345997398
jp-etcd-fp100,6815.603027,0.9248915341498073
jp-etcd-fp100,6856.861084,0.925890333699875
jp-etcd-fp100,6893.01001,0.9268891332499425
jp-etcd-fp100,6935.678955,0.92788793280001
jp-etcd-fp100,6973.126953,0.9288867323500777
jp-etcd-fp100,7009.239014,0.9298855319001452
jp-etcd-fp100,7051.791016,0.9308843314502129
jp-etcd-fp100,7092.23584,0.9318831310002804
jp-etcd-fp100,7138.567871,0.932881930550348
jp-etcd-fp100,7195.146973,0.9338807301004156
jp-etcd-fp100,7244.259033,0.9348795296504832
jp-etcd-fp100,7288.36499,0.9358783292005508
jp-etcd-fp100,7339.12915,0.9368771287506183
jp-etcd-fp100,7384.606201,0.9378759283006859
jp-etcd-fp100,7428.745117,0.9388747278507535
jp-etcd-fp100,7472.763916,0.9398735274008211
jp-etcd-fp100,7527.699951,0.9408723269508886
jp-etcd-fp100,7582.639893,0.9418711265009563
jp-etcd-fp100,7619.427979,0.9428699260510238
jp-etcd-fp100,7669.709961,0.9438687256010915
jp-etcd-fp100,7716.227783,0.944867525151159
jp-etcd-fp100,7773.675049,0.9458663247012266
jp-etcd-fp100,7811.35791,0.9468651242512942
jp-etcd-fp100,7855.005127,0.9478639238013618
jp-etcd-fp100,7903.671143,0.9488627233514294
jp-etcd-fp100,7948.85498,0.949861522901497
jp-etcd-fp100,7984.882812,0.9508603224515645
jp-etcd-fp100,8019.337891,0.9518591220016321
jp-etcd-fp100,8079.555908,0.9528579215516997
jp-etcd-fp100,8138.764893,0.9538567211017672
jp-etcd-fp100,8192.398926,0.9548555206518349
jp-etcd-fp100,8236.434814,0.9558543202019024
jp-etcd-fp100,8297.743164,0.9568531197519701
jp-etcd-fp100,8369.070801,0.9578519193020376
jp-etcd-fp100,8435.691895,0.9588507188521052
jp-etcd-fp100,8506.206787,0.9598495184021728
jp-etcd-fp100,8572.572998,0.9608483179522403
jp-etcd-fp100,8644.380127,0.961847117502308
jp-etcd-fp100,8711.547119,0.9628459170523755
jp-etcd-fp100,8785.14209,0.9638447166024431
jp-etcd-fp100,8861.084961,0.9648435161525107
jp-etcd-fp100,8923.24585,0.9658423157025783
jp-etcd-fp100,8988.833984,0.9668411152526458
jp-etcd-fp100,9061.489014,0.9678399148027135
jp-etcd-fp100,9138.491943,0.968838714352781
jp-etcd-fp100,9233.155029,0.9698375139028487
jp-etcd-fp100,9313.194092,0.9708363134529162
jp-etcd-fp100,9384.767822,0.9718351130029838
jp-etcd-fp100,9454.849854,0.9728339125530514
jp-etcd-fp100,9545.338135,0.973832712103119
jp-etcd-fp100,9619.078125,0.9748315116531866
jp-etcd-fp100,9704.36792,0.9758303112032541
jp-etcd-fp100,9779.036133,0.9768291107533217
jp-etcd-fp100,9861.095947,0.9778279103033893
jp-etcd-fp100,9948.382812,0.9788267098534569
jp-etcd-fp100,10033.383057,0.9798255094035244
jp-etcd-fp100,10117.516113,0.9808243089535921
jp-etcd-fp100,10238.288818,0.9818231085036596
jp-etcd-fp100,10334.959961,0.9828219080537273
jp-etcd-fp100,10460.996094,0.9838207076037948
jp-etcd-fp100,10578.86792,0.9848195071538624
jp-etcd-fp100,10693.042969,0.98581830670393
jp-etcd-fp100,10789.127197,0.9868171062539975
jp-etcd-fp100,10890.717041,0.9878159058040652
jp-etcd-fp100,11022.643799,0.9888147053541327
jp-etcd-fp100,11140.150879,0.9898135049042003
jp-etcd-fp100,11272.087158,0.9908123044542679
jp-etcd-fp100,11404.342041,0.9918111040043355
jp-etcd-fp100,11576.515137,0.992809903554403
jp-etcd-fp100,11777.970947,0.9938087031044707
jp-etcd-fp100,12045.937988,0.9948075026545382
jp-etcd-fp100,12548.872803,0.9958063022046059
jp-etcd-fp100,13150.12207,0.9968051017546734
jp-etcd-fp100,13992.758057,0.997803901304741
jp-etcd-fp100,15064.054932,0.9988027008548086
jp-etcd-fp100,16900.88916,0.9998015004048761
jp-etcd-adaptive,40.037842,2.8910423942456694e-06
jp-etcd-adaptive,40.12085,0.0010003006684090015
jp-etcd-adaptive,40.145996,0.0019977102944237573
jp-etcd-adaptive,40.164062,0.0029951199204385132
jp-etcd-adaptive,40.177979,0.003992529546453269
jp-etcd-adaptive,40.192139,0.004989939172468025
jp-etcd-adaptive,40.203125,0.005987348798482781
jp-etcd-adaptive,40.213867,0.006984758424497537
jp-etcd-adaptive,40.224121,0.007982168050512294
jp-etcd-adaptive,40.233154,0.008979577676527049
jp-etcd-adaptive,40.241943,0.009976987302541804
jp-etcd-adaptive,40.25,0.01097439692855656
jp-etcd-adaptive,40.258057,0.011971806554571316
jp-etcd-adaptive,40.265869,0.012969216180586073
jp-etcd-adaptive,40.272949,0.013966625806600828
jp-etcd-adaptive,40.280029,0.014964035432615585
jp-etcd-adaptive,40.287109,0.01596144505863034
jp-etcd-adaptive,40.294189,0.016958854684645096
jp-etcd-adaptive,40.300049,0.01795626431065985
jp-etcd-adaptive,40.307129,0.018953673936674607
jp-etcd-adaptive,40.312988,0.019951083562689362
jp-etcd-adaptive,40.320068,0.02094849318870412
jp-etcd-adaptive,40.326172,0.021945902814718875
jp-etcd-adaptive,40.333008,0.02294331244073363
jp-etcd-adaptive,40.338867,0.023940722066748386
jp-etcd-adaptive,40.344971,0.024938131692763144
jp-etcd-adaptive,40.350098,0.0259355413187779
jp-etcd-adaptive,40.35498,0.026932950944792654
jp-etcd-adaptive,40.360107,0.02793036057080741
jp-etcd-adaptive,40.365967,0.028927770196822165
jp-etcd-adaptive,40.37085,0.029925179822836923
jp-etcd-adaptive,40.375977,0.03092258944885168
jp-etcd-adaptive,40.380859,0.03191999907486644
jp-etcd-adaptive,40.385986,0.03291740870088119
jp-etcd-adaptive,40.391113,0.03391481832689595
jp-etcd-adaptive,40.395996,0.0349122279529107
jp-etcd-adaptive,40.401123,0.03590963757892546
jp-etcd-adaptive,40.406006,0.036907047204940216
jp-etcd-adaptive,40.410156,0.03790445683095497
jp-etcd-adaptive,40.415039,0.038901866456969726
jp-etcd-adaptive,40.418945,0.03989927608298448
jp-etcd-adaptive,40.423096,0.040896685708999236
jp-etcd-adaptive,40.427979,0.041894095335013995
jp-etcd-adaptive,40.432129,0.04289150496102875
jp-etcd-adaptive,40.436035,0.043888914587043505
jp-etcd-adaptive,40.440918,0.044886324213058264
jp-etcd-adaptive,40.445068,0.045883733839073015
jp-etcd-adaptive,40.449219,0.046881143465087774
jp-etcd-adaptive,40.453125,0.047878553091102526
jp-etcd-adaptive,40.457031,0.048875962717117284
jp-etcd-adaptive,40.461182,0.04987337234313204
jp-etcd-adaptive,40.465088,0.050870781969146794
jp-etcd-adaptive,40.469971,0.05186819159516155
jp-etcd-adaptive,40.474121,0.052865601221176305
jp-etcd-adaptive,40.478027,0.05386301084719106
jp-etcd-adaptive,40.481934,0.05486042047320582
jp-etcd-adaptive,40.486084,0.05585783009922057
jp-etcd-adaptive,40.48999,0.05685523972523533
jp-etcd-adaptive,40.49292,0.057852649351250084
jp-etcd-adaptive,40.49707,0.05885005897726484
jp-etcd-adaptive,40.500977,0.0598474686032796
jp-etcd-adaptive,40.504883,0.06084487822929435
jp-etcd-adaptive,40.508057,0.06184228785530911
jp-etcd-adaptive,40.511963,0.06283969748132387
jp-etcd-adaptive,40.515869,0.06383710710733863
jp-etcd-adaptive,40.519775,0.06483451673335337
jp-etcd-adaptive,40.523193,0.06583192635936813
jp-etcd-adaptive,40.5271,0.06682933598538289
jp-etcd-adaptive,40.531006,0.06782674561139765
jp-etcd-adaptive,40.53418,0.06882415523741241
jp-etcd-adaptive,40.538086,0.06982156486342715
jp-etcd-adaptive,40.541992,0.07081897448944191
jp-etcd-adaptive,40.545166,0.07181638411545667
jp-etcd-adaptive,40.549072,0.07281379374147143
jp-etcd-adaptive,40.552002,0.07381120336748619
jp-etcd-adaptive,40.555908,0.07480861299350093
jp-etcd-adaptive,40.559814,0.07580602261951569
jp-etcd-adaptive,40.562988,0.07680343224553045
jp-etcd-adaptive,40.566895,0.0778008418715452
jp-etcd-adaptive,40.570068,0.07879825149755997
jp-etcd-adaptive,40.573975,0.07979566112357471
jp-etcd-adaptive,40.576904,0.08079307074958947
jp-etcd-adaptive,40.580078,0.08179048037560423
jp-etcd-adaptive,40.583008,0.08278789000161899
jp-etcd-adaptive,40.586914,0.08378529962763374
jp-etcd-adaptive,40.589844,0.08478270925364849
jp-etcd-adaptive,40.593018,0.08578011887966325
jp-etcd-adaptive,40.595947,0.086777528505678
jp-etcd-adaptive,40.599121,0.08777493813169276
jp-etcd-adaptive,40.602783,0.08877234775770752
jp-etcd-adaptive,40.605957,0.08976975738372228
jp-etcd-adaptive,40.608887,0.09076716700973703
jp-etcd-adaptive,40.612061,0.09176457663575179
jp-etcd-adaptive,40.61499,0.09276198626176654
jp-etcd-adaptive,40.61792,0.0937593958877813
jp-etcd-adaptive,40.621094,0.09475680551379606
jp-etcd-adaptive,40.624023,0.0957542151398108
jp-etcd-adaptive,40.626953,0.09675162476582556
jp-etcd-adaptive,40.630127,0.09774903439184032
jp-etcd-adaptive,40.633057,0.09874644401785508
jp-etcd-adaptive,40.635986,0.09974385364386984
jp-etcd-adaptive,40.638916,0.10074126326988458
jp-etcd-adaptive,40.64209,0.10173867289589934
jp-etcd-adaptive,40.64502,0.1027360825219141
jp-etcd-adaptive,40.647949,0.10373349214792886
jp-etcd-adaptive,40.650879,0.10473090177394362
jp-etcd-adaptive,40.653809,0.10572831139995836
jp-etcd-adaptive,40.656006,0.10672572102597312
jp-etcd-adaptive,40.659912,0.10772313065198788
jp-etcd-adaptive,40.662109,0.10872054027800264
jp-etcd-adaptive,40.665039,0.1097179499040174
jp-etcd-adaptive,40.667969,0.11071535953003214
jp-etcd-adaptive,40.671143,0.1117127691560469
jp-etcd-adaptive,40.674072,0.11271017878206166
jp-etcd-adaptive,40.677002,0.11370758840807642
jp-etcd-adaptive,40.679932,0.11470499803409118
jp-etcd-adaptive,40.682861,0.11570240766010592
jp-etcd-adaptive,40.685059,0.11669981728612068
jp-etcd-adaptive,40.687988,0.11769722691213544
jp-etcd-adaptive,40.691162,0.1186946365381502
jp-etcd-adaptive,40.694092,0.11969204616416496
jp-etcd-adaptive,40.697021,0.1206894557901797
jp-etcd-adaptive,40.699951,0.12168686541619446
jp-etcd-adaptive,40.702148,0.12268427504220922
jp-etcd-adaptive,40.705078,0.12368168466822398
jp-etcd-adaptive,40.708008,0.12467909429423873
jp-etcd-adaptive,40.710938,0.12567650392025348
jp-etcd-adaptive,40.713867,0.12667391354626825
jp-etcd-adaptive,40.717041,0.127671323172283
jp-etcd-adaptive,40.718994,0.12866873279829774
jp-etcd-adaptive,40.721924,0.1296661424243125
jp-etcd-adaptive,40.724854,0.13066355205032726
jp-etcd-adaptive,40.727051,0.13166096167634203
jp-etcd-adaptive,40.72998,0.13265837130235678
jp-etcd-adaptive,40.73291,0.13365578092837152
jp-etcd-adaptive,40.735107,0.1346531905543863
jp-etcd-adaptive,40.738037,0.13565060018040104
jp-etcd-adaptive,40.740967,0.1366480098064158
jp-etcd-adaptive,40.743896,0.13764541943243055
jp-etcd-adaptive,40.746826,0.1386428290584453
jp-etcd-adaptive,40.749023,0.13964023868446007
jp-etcd-adaptive,40.751953,0.14063764831047482
jp-etcd-adaptive,40.75415,0.1416350579364896
jp-etcd-adaptive,40.75708,0.14263246756250433
jp-etcd-adaptive,40.76001,0.1436298771885191
jp-etcd-adaptive,40.761963,0.14462728681453385
jp-etcd-adaptive,40.765137,0.1456246964405486
jp-etcd-adaptive,40.76709,0.14662210606656337
jp-etcd-adaptive,40.77002,0.1476195156925781
jp-etcd-adaptive,40.772949,0.14861692531859289
jp-etcd-adaptive,40.775879,0.14961433494460763
jp-etcd-adaptive,40.778076,0.15061174457062237
jp-etcd-adaptive,40.781006,0.15160915419663715
jp-etcd-adaptive,40.783936,0.1526065638226519
jp-etcd-adaptive,40.786133,0.15360397344866666
jp-etcd-adaptive,40.788818,0.1546013830746814
jp-etcd-adaptive,40.791016,0.15559879270069615
jp-etcd-adaptive,40.793945,0.15659620232671093
jp-etcd-adaptive,40.796143,0.15759361195272567
jp-etcd-adaptive,40.799072,0.15859102157874044
jp-etcd-adaptive,40.802002,0.1595884312047552
jp-etcd-adaptive,40.803955,0.16058584083076993
jp-etcd-adaptive,40.806885,0.1615832504567847
jp-etcd-adaptive,40.809082,0.16258066008279945
jp-etcd-adaptive,40.812012,0.16357806970881422
jp-etcd-adaptive,40.813965,0.16457547933482897
jp-etcd-adaptive,40.816895,0.1655728889608437
jp-etcd-adaptive,40.819092,0.16657029858685848
jp-etcd-adaptive,40.822021,0.16756770821287323
jp-etcd-adaptive,40.823975,0.168565117838888
jp-etcd-adaptive,40.826172,0.16956252746490275
jp-etcd-adaptive,40.828857,0.1705599370909175
jp-etcd-adaptive,40.831055,0.17155734671693226
jp-etcd-adaptive,40.833984,0.172554756342947
jp-etcd-adaptive,40.835938,0.17355216596896178
jp-etcd-adaptive,40.838135,0.17454957559497652
jp-etcd-adaptive,40.84082,0.17554698522099127
jp-etcd-adaptive,40.843018,0.17654439484700604
jp-etcd-adaptive,40.845947,0.1775418044730208
jp-etcd-adaptive,40.848145,0.17853921409903556
jp-etcd-adaptive,40.85083,0.1795366237250503
jp-etcd-adaptive,40.853027,0.18053403335106505
jp-etcd-adaptive,40.85498,0.18153144297707982
jp-etcd-adaptive,40.857178,0.18252885260309457
jp-etcd-adaptive,40.859863,0.18352626222910934
jp-etcd-adaptive,40.862061,0.18452367185512408
jp-etcd-adaptive,40.86499,0.18552108148113883
jp-etcd-adaptive,40.866943,0.1865184911071536
jp-etcd-adaptive,40.868896,0.18751590073316834
jp-etcd-adaptive,40.871094,0.18851331035918312
jp-etcd-adaptive,40.874023,0.18951071998519786
jp-etcd-adaptive,40.875977,0.1905081296112126
jp-etcd-adaptive,40.878174,0.19150553923722738
jp-etcd-adaptive,40.880859,0.19250294886324212
jp-etcd-adaptive,40.883057,0.1935003584892569
jp-etcd-adaptive,40.88501,0.19449776811527164
jp-etcd-adaptive,40.887939,0.19549517774128639
jp-etcd-adaptive,40.889893,0.19649258736730116
jp-etcd-adaptive,40.892822,0.1974899969933159
jp-etcd-adaptive,40.89502,0.19848740661933068
jp-etcd-adaptive,40.896973,0.19948481624534542
jp-etcd-adaptive,40.899902,0.20048222587136016
jp-etcd-adaptive,40.901855,0.20147963549737494
jp-etcd-adaptive,40.904053,0.20247704512338968
jp-etcd-adaptive,40.906006,0.20347445474940445
jp-etcd-adaptive,40.908936,0.2044718643754192
jp-etcd-adaptive,40.911133,0.20546927400143394
jp-etcd-adaptive,40.913086,0.20646668362744872
jp-etcd-adaptive,40.916016,0.20746409325346346
jp-etcd-adaptive,40.917969,0.20846150287947823
jp-etcd-adaptive,40.920166,0.20945891250549298
jp-etcd-adaptive,40.922119,0.21045632213150772
jp-etcd-adaptive,40.924072,0.2114537317575225
jp-etcd-adaptive,40.927002,0.21245114138353724
jp-etcd-adaptive,40.928955,0.213448551009552
jp-etcd-adaptive,40.930908,0.21444596063556676
jp-etcd-adaptive,40.932861,0.21544337026158153
jp-etcd-adaptive,40.935059,0.21644077988759627
jp-etcd-adaptive,40.937012,0.21743818951361102
jp-etcd-adaptive,40.938965,0.2184355991396258
jp-etcd-adaptive,40.941895,0.21943300876564054
jp-etcd-adaptive,40.944092,0.2204304183916553
jp-etcd-adaptive,40.946045,0.22142782801767005
jp-etcd-adaptive,40.947998,0.2224252376436848
jp-etcd-adaptive,40.950195,0.22342264726969957
jp-etcd-adaptive,40.952881,0.22442005689571431
jp-etcd-adaptive,40.954834,0.2254174665217291
jp-etcd-adaptive,40.957031,0.22641487614774383
jp-etcd-adaptive,40.958984,0.22741228577375858
jp-etcd-adaptive,40.960938,0.22840969539977335
jp-etcd-adaptive,40.962891,0.2294071050257881
jp-etcd-adaptive,40.965088,0.23040451465180287
jp-etcd-adaptive,40.967041,0.2314019242778176
jp-etcd-adaptive,40.968994,0.23239933390383236
jp-etcd-adaptive,40.970947,0.23339674352984713
jp-etcd-adaptive,40.973145,0.23439415315586187
jp-etcd-adaptive,40.975098,0.23539156278187665
jp-etcd-adaptive,40.977051,0.2363889724078914
jp-etcd-adaptive,40.979004,0.23738638203390613
jp-etcd-adaptive,40.981934,0.2383837916599209
jp-etcd-adaptive,40.983887,0.23938120128593565
jp-etcd-adaptive,40.98584,0.24037861091195042
jp-etcd-adaptive,40.987061,0.24137602053796517
jp-etcd-adaptive,40.98999,0.2423734301639799
jp-etcd-adaptive,40.991943,0.2433708397899947
jp-etcd-adaptive,40.993896,0.24436824941600943
jp-etcd-adaptive,40.99585,0.2453656590420242
jp-etcd-adaptive,40.998047,0.24636306866803895
jp-etcd-adaptive,41.0,0.2473604782940537
jp-etcd-adaptive,41.001953,0.24835788792006847
jp-etcd-adaptive,41.003906,0.2493552975460832
jp-etcd-adaptive,41.005859,0.25035270717209795
jp-etcd-adaptive,41.008057,0.25135011679811275
jp-etcd-adaptive,41.01001,0.2523475264241275
jp-etcd-adaptive,41.011963,0.25334493605014224
jp-etcd-adaptive,41.013916,0.254342345676157
jp-etcd-adaptive,41.016113,0.25533975530217173
jp-etcd-adaptive,41.018066,0.25633716492818653
jp-etcd-adaptive,41.02002,0.2573345745542013
jp-etcd-adaptive,41.022949,0.258331984180216
jp-etcd-adaptive,41.024902,0.25932939380623077
jp-etcd-adaptive,41.0271,0.2603268034322455
jp-etcd-adaptive,41.029053,0.2613242130582603
jp-etcd-adaptive,41.031006,0.26232162268427506
jp-etcd-adaptive,41.032959,0.2633190323102898
jp-etcd-adaptive,41.034912,0.26431644193630455
jp-etcd-adaptive,41.036865,0.2653138515623193
jp-etcd-adaptive,41.038818,0.2663112611883341
jp-etcd-adaptive,41.041016,0.26730867081434884
jp-etcd-adaptive,41.041992,0.2683060804403636
jp-etcd-adaptive,41.043945,0.2693034900663783
jp-etcd-adaptive,41.046143,0.27030089969239307
jp-etcd-adaptive,41.048096,0.27129830931840787
jp-etcd-adaptive,41.050049,0.2722957189444226
jp-etcd-adaptive,41.052002,0.27329312857043736
jp-etcd-adaptive,41.053955,0.2742905381964521
jp-etcd-adaptive,41.055908,0.27528794782246685
jp-etcd-adaptive,41.057861,0.27628535744848165
jp-etcd-adaptive,41.059082,0.2772827670744964
jp-etcd-adaptive,41.061035,0.27828017670051114
jp-etcd-adaptive,41.062988,0.2792775863265259
jp-etcd-adaptive,41.064941,0.28027499595254063
jp-etcd-adaptive,41.066895,0.28127240557855543
jp-etcd-adaptive,41.068848,0.2822698152045702
jp-etcd-adaptive,41.071045,0.2832672248305849
jp-etcd-adaptive,41.072998,0.28426463445659966
jp-etcd-adaptive,41.074951,0.2852620440826144
jp-etcd-adaptive,41.076172,0.2862594537086292
jp-etcd-adaptive,41.078125,0.28725686333464395
jp-etcd-adaptive,41.080078,0.2882542729606587
jp-etcd-adaptive,41.082031,0.28925168258667344
jp-etcd-adaptive,41.083984,0.2902490922126882
jp-etcd-adaptive,41.085938,0.291246501838703
jp-etcd-adaptive,41.087891,0.29224391146471773
jp-etcd-adaptive,41.089844,0.2932413210907325
jp-etcd-adaptive,41.091797,0.2942387307167472
jp-etcd-adaptive,41.093994,0.29523614034276197
jp-etcd-adaptive,41.095215,0.29623354996877677
jp-etcd-adaptive,41.097168,0.2972309595947915
jp-etcd-adaptive,41.099121,0.29822836922080626
jp-etcd-adaptive,41.101074,0.299225778846821
jp-etcd-adaptive,41.103027,0.30022318847283574
jp-etcd-adaptive,41.104004,0.30122059809885054
jp-etcd-adaptive,41.106201,0.3022180077248653
jp-etcd-adaptive,41.108154,0.30321541735088003
jp-etcd-adaptive,41.110107,0.3042128269768948
jp-etcd-adaptive,41.112061,0.3052102366029095
jp-etcd-adaptive,41.114014,0.3062076462289243
jp-etcd-adaptive,41.115967,0.30720505585493907
jp-etcd-adaptive,41.117188,0.3082024654809538
jp-etcd-adaptive,41.119141,0.30919987510696856
jp-etcd-adaptive,41.121826,0.3101972847329833
jp-etcd-adaptive,41.123047,0.3111946943589981
jp-etcd-adaptive,41.125,0.31219210398501285
jp-etcd-adaptive,41.126953,0.3131895136110276
jp-etcd-adaptive,41.12915,0.31418692323704234
jp-etcd-adaptive,41.130859,0.3151843328630571
jp-etcd-adaptive,41.132812,0.3161817424890719
jp-etcd-adaptive,41.134033,0.3171791521150866
jp-etcd-adaptive,41.135986,0.31817656174110137
jp-etcd-adaptive,41.137939,0.3191739713671161
jp-etcd-adaptive,41.139893,0.32017138099313086
jp-etcd-adaptive,41.141846,0.32116879061914566
jp-etcd-adaptive,41.143066,0.3221662002451604
jp-etcd-adaptive,41.14502,0.32316360987117515
jp-etcd-adaptive,41.146973,0.3241610194971899
jp-etcd-adaptive,41.148926,0.32515842912320464
jp-etcd-adaptive,41.150146,0.32615583874921944
jp-etcd-adaptive,41.1521,0.3271532483752342
jp-etcd-adaptive,41.154053,0.32815065800124893
jp-etcd-adaptive,41.156006,0.3291480676272637
jp-etcd-adaptive,41.157959,0.3301454772532784
jp-etcd-adaptive,41.15918,0.3311428868792932
jp-etcd-adaptive,41.160889,0.33214029650530796
jp-etcd-adaptive,41.162842,0.3331377061313227
jp-etcd-adaptive,41.164062,0.33413511575733745
jp-etcd-adaptive,41.166016,0.3351325253833522
jp-etcd-adaptive,41.167969,0.336129935009367
jp-etcd-adaptive,41.169922,0.33712734463538174
jp-etcd-adaptive,41.171875,0.3381247542613965
jp-etcd-adaptive,41.173096,0.33912216388741123
jp-etcd-adaptive,41.175049,0.340119573513426
jp-etcd-adaptive,41.177002,0.3411169831394408
jp-etcd-adaptive,41.178955,0.3421143927654555
jp-etcd-adaptive,41.179932,0.34311180239147027
jp-etcd-adaptive,41.181885,0.344109212017485
jp-etcd-adaptive,41.183838,0.34510662164349976
jp-etcd-adaptive,41.185059,0.34610403126951456
jp-etcd-adaptive,41.187012,0.3471014408955293
jp-etcd-adaptive,41.188965,0.34809885052154405
jp-etcd-adaptive,41.190186,0.3490962601475588
jp-etcd-adaptive,41.191895,0.35009366977357353
jp-etcd-adaptive,41.193848,0.35109107939958833
jp-etcd-adaptive,41.195068,0.3520884890256031
jp-etcd-adaptive,41.197021,0.3530858986516178
jp-etcd-adaptive,41.198975,0.35408330827763257
jp-etcd-adaptive,41.200928,0.3550807179036473
jp-etcd-adaptive,41.202148,0.3560781275296621
jp-etcd-adaptive,41.204102,0.35707553715567686
jp-etcd-adaptive,41.206055,0.3580729467816916
jp-etcd-adaptive,41.208008,0.35907035640770635
jp-etcd-adaptive,41.209229,0.3600677660337211
jp-etcd-adaptive,41.210938,0.3610651756597359
jp-etcd-adaptive,41.212891,0.36206258528575064
jp-etcd-adaptive,41.214844,0.3630599949117654
jp-etcd-adaptive,41.216797,0.3640574045377801
jp-etcd-adaptive,41.218018,0.36505481416379487
jp-etcd-adaptive,41.219971,0.36605222378980967
jp-etcd-adaptive,41.221191,0.3670496334158244
jp-etcd-adaptive,41.223145,0.36804704304183916
jp-etcd-adaptive,41.225098,0.3690444526678539
jp-etcd-adaptive,41.227051,0.37004186229386865
jp-etcd-adaptive,41.229004,0.37103927191988345
jp-etcd-adaptive,41.22998,0.3720366815458982
jp-etcd-adaptive,41.231934,0.37303409117191294
jp-etcd-adaptive,41.233887,0.3740315007979277
jp-etcd-adaptive,41.235107,0.37502891042394243
jp-etcd-adaptive,41.237061,0.37602632004995723
jp-etcd-adaptive,41.239014,0.377023729675972
jp-etcd-adaptive,41.23999,0.3780211393019867
jp-etcd-adaptive,41.241943,0.37901854892800146
jp-etcd-adaptive,41.243896,0.3800159585540162
jp-etcd-adaptive,41.245117,0.381013368180031
jp-etcd-adaptive,41.24707,0.38201077780604575
jp-etcd-adaptive,41.248779,0.3830081874320605
jp-etcd-adaptive,41.25,0.38400559705807524
jp-etcd-adaptive,41.251953,0.38500300668409
jp-etcd-adaptive,41.253906,0.3860004163101048
jp-etcd-adaptive,41.255127,0.38699782593611953
jp-etcd-adaptive,41.25708,0.3879952355621343
jp-etcd-adaptive,41.259033,0.388992645188149
jp-etcd-adaptive,41.260986,0.3899900548141638
jp-etcd-adaptive,41.262207,0.39098746444017857
jp-etcd-adaptive,41.26416,0.3919848740661933
jp-etcd-adaptive,41.266113,0.39298228369220806
jp-etcd-adaptive,41.268066,0.3939796933182228
jp-etcd-adaptive,41.27002,0.3949771029442376
jp-etcd-adaptive,41.270996,0.39597451257025235
jp-etcd-adaptive,41.272949,0.3969719221962671
jp-etcd-adaptive,41.274902,0.39796933182228184
jp-etcd-adaptive,41.276123,0.3989667414482966
jp-etcd-adaptive,41.278076,0.3999641510743114
jp-etcd-adaptive,41.280029,0.4009615607003261
jp-etcd-adaptive,41.281982,0.40195897032634087
jp-etcd-adaptive,41.282959,0.4029563799523556
jp-etcd-adaptive,41.284912,0.40395378957837036
jp-etcd-adaptive,41.286865,0.40495119920438516
jp-etcd-adaptive,41.288086,0.4059486088303999
jp-etcd-adaptive,41.290039,0.40694601845641465
jp-etcd-adaptive,41.291992,0.4079434280824294
jp-etcd-adaptive,41.293945,0.40894083770844414
jp-etcd-adaptive,41.295166,0.40993824733445894
jp-etcd-adaptive,41.297119,0.4109356569604737
jp-etcd-adaptive,41.299072,0.41193306658648843
jp-etcd-adaptive,41.300049,0.4129304762125032
jp-etcd-adaptive,41.302002,0.4139278858385179
jp-etcd-adaptive,41.303955,0.4149252954645327
jp-etcd-adaptive,41.305176,0.41592270509054746
jp-etcd-adaptive,41.307129,0.4169201147165622
jp-etcd-adaptive,41.308838,0.41791752434257695
jp-etcd-adaptive,41.310059,0.4189149339685917
jp-etcd-adaptive,41.312012,0.4199123435946065
jp-etcd-adaptive,41.313965,0.42090975322062124
jp-etcd-adaptive,41.315918,0.421907162846636
jp-etcd-adaptive,41.317139,0.42290457247265073
jp-etcd-adaptive,41.318848,0.4239019820986655
jp-etcd-adaptive,41.320801,0.4248993917246803
jp-etcd-adaptive,41.322021,0.425896801350695
jp-etcd-adaptive,41.323975,0.42689421097670976
jp-etcd-adaptive,41.325928,0.4278916206027245
jp-etcd-adaptive,41.327148,0.42888903022873925
jp-etcd-adaptive,41.329102,0.42988643985475405
jp-etcd-adaptive,41.331055,0.4308838494807688
jp-etcd-adaptive,41.333008,0.43188125910678354
jp-etcd-adaptive,41.333984,0.4328786687327983
jp-etcd-adaptive,41.335938,0.43387607835881303
jp-etcd-adaptive,41.337891,0.43487348798482783
jp-etcd-adaptive,41.339844,0.4358708976108426
jp-etcd-adaptive,41.341064,0.4368683072368573
jp-etcd-adaptive,41.343018,0.43786571686287207
jp-etcd-adaptive,41.344971,0.4388631264888868
jp-etcd-adaptive,41.346924,0.4398605361149016
jp-etcd-adaptive,41.348877,0.44085794574091636
jp-etcd-adaptive,41.350098,0.4418553553669311
jp-etcd-adaptive,41.352051,0.44285276499294585
jp-etcd-adaptive,41.354004,0.4438501746189606
jp-etcd-adaptive,41.35498,0.4448475842449754
jp-etcd-adaptive,41.356934,0.44584499387099014
jp-etcd-adaptive,41.358887,0.4468424034970049
jp-etcd-adaptive,41.36084,0.4478398131230196
jp-etcd-adaptive,41.362061,0.44883722274903437
jp-etcd-adaptive,41.364014,0.44983463237504917
jp-etcd-adaptive,41.365967,0.4508320420010639
jp-etcd-adaptive,41.36792,0.45182945162707866
jp-etcd-adaptive,41.369141,0.4528268612530934
jp-etcd-adaptive,41.371094,0.45382427087910815
jp-etcd-adaptive,41.373047,0.45482168050512295
jp-etcd-adaptive,41.375,0.4558190901311377
jp-etcd-adaptive,41.375977,0.45681649975715244
jp-etcd-adaptive,41.37793,0.4578139093831672
jp-etcd-adaptive,41.379883,0.45881131900918193
jp-etcd-adaptive,41.381836,0.45980872863519673
jp-etcd-adaptive,41.383057,0.4608061382612115
jp-etcd-adaptive,41.38501,0.4618035478872262
jp-etcd-adaptive,41.386963,0.46280095751324096
jp-etcd-adaptive,41.388916,0.4637983671392557
jp-etcd-adaptive,41.390869,0.4647957767652705
jp-etcd-adaptive,41.39209,0.46579318639128525
jp-etcd-adaptive,41.394043,0.4667905960173
jp-etcd-adaptive,41.395996,0.46778800564331474
jp-etcd-adaptive,41.397217,0.4687854152693295
jp-etcd-adaptive,41.39917,0.4697828248953443
jp-etcd-adaptive,41.401123,0.47078023452135903
jp-etcd-adaptive,41.403076,0.4717776441473738
jp-etcd-adaptive,41.405029,0.4727750537733885
jp-etcd-adaptive,41.406982,0.47377246339940327
jp-etcd-adaptive,41.408203,0.47476987302541807
jp-etcd-adaptive,41.410156,0.4757672826514328
jp-etcd-adaptive,41.412109,0.47676469227744755
jp-etcd-adaptive,41.414062,0.4777621019034623
jp-etcd-adaptive,41.416016,0.47875951152947704
jp-etcd-adaptive,41.417969,0.47975692115549184
jp-etcd-adaptive,41.419189,0.4807543307815066
jp-etcd-adaptive,41.421143,0.48175174040752133
jp-etcd-adaptive,41.423096,0.4827491500335361
jp-etcd-adaptive,41.425049,0.4837465596595508
jp-etcd-adaptive,41.427002,0.4847439692855656
jp-etcd-adaptive,41.428955,0.48574137891158037
jp-etcd-adaptive,41.430176,0.4867387885375951
jp-etcd-adaptive,41.432129,0.48773619816360986
jp-etcd-adaptive,41.434082,0.4887336077896246
jp-etcd-adaptive,41.436035,0.4897310174156394
jp-etcd-adaptive,41.437988,0.49072842704165415
jp-etcd-adaptive,41.439209,0.4917258366676689
jp-etcd-adaptive,41.441162,0.49272324629368364
jp-etcd-adaptive,41.443115,0.4937206559196984
jp-etcd-adaptive,41.445068,0.4947180655457132
jp-etcd-adaptive,41.447021,0.4957154751717279
jp-etcd-adaptive,41.448975,0.49671288479774267
jp-etcd-adaptive,41.450928,0.4977102944237574
jp-etcd-adaptive,41.452148,0.49870770404977216
jp-etcd-adaptive,41.454102,0.49970511367578696
jp-etcd-adaptive,41.456055,0.5007025233018016
jp-etcd-adaptive,41.458008,0.5016999329278164
jp-etcd-adaptive,41.459961,0.5026973425538313
jp-etcd-adaptive,41.461914,0.5036947521798459
jp-etcd-adaptive,41.463135,0.5046921618058607
jp-etcd-adaptive,41.465088,0.5056895714318754
jp-etcd-adaptive,41.467041,0.5066869810578902
jp-etcd-adaptive,41.468994,0.507684390683905
jp-etcd-adaptive,41.470947,0.5086818003099197
jp-etcd-adaptive,41.4729,0.5096792099359345
jp-etcd-adaptive,41.474854,0.5106766195619492
jp-etcd-adaptive,41.477051,0.511674029187964
jp-etcd-adaptive,41.479004,0.5126714388139788
jp-etcd-adaptive,41.480225,0.5136688484399935
jp-etcd-adaptive,41.482178,0.5146662580660083
jp-etcd-adaptive,41.484131,0.515663667692023
jp-etcd-adaptive,41.486084,0.5166610773180378
jp-etcd-adaptive,41.488037,0.5176584869440526
jp-etcd-adaptive,41.48999,0.5186558965700673
jp-etcd-adaptive,41.491943,0.5196533061960821
jp-etcd-adaptive,41.493164,0.5206507158220968
jp-etcd-adaptive,41.495117,0.5216481254481116
jp-etcd-adaptive,41.49707,0.5226455350741264
jp-etcd-adaptive,41.499023,0.523642944700141
jp-etcd-adaptive,41.500977,0.5246403543261559
jp-etcd-adaptive,41.503174,0.5256377639521705
jp-etcd-adaptive,41.505127,0.5266351735781853
jp-etcd-adaptive,41.50708,0.5276325832042001
jp-etcd-adaptive,41.509033,0.5286299928302148
jp-etcd-adaptive,41.510986,0.5296274024562296
jp-etcd-adaptive,41.512939,0.5306248120822443
jp-etcd-adaptive,41.515137,0.5316222217082591
jp-etcd-adaptive,41.51709,0.5326196313342739
jp-etcd-adaptive,41.519043,0.5336170409602886
jp-etcd-adaptive,41.520996,0.5346144505863034
jp-etcd-adaptive,41.522949,0.5356118602123181
jp-etcd-adaptive,41.524902,0.5366092698383329
jp-etcd-adaptive,41.5271,0.5376066794643477
jp-etcd-adaptive,41.529053,0.5386040890903624
jp-etcd-adaptive,41.531006,0.5396014987163772
jp-etcd-adaptive,41.532959,0.5405989083423919
jp-etcd-adaptive,41.534912,0.5415963179684067
jp-etcd-adaptive,41.537109,0.5425937275944215
jp-etcd-adaptive,41.539062,0.5435911372204362
jp-etcd-adaptive,41.541016,0.544588546846451
jp-etcd-adaptive,41.542969,0.5455859564724657
jp-etcd-adaptive,41.545166,0.5465833660984805
jp-etcd-adaptive,41.547119,0.5475807757244953
jp-etcd-adaptive,41.549072,0.54857818535051
jp-etcd-adaptive,41.551025,0.5495755949765248
jp-etcd-adaptive,41.553955,0.5505730046025394
jp-etcd-adaptive,41.555908,0.5515704142285542
jp-etcd-adaptive,41.557861,0.552567823854569
jp-etcd-adaptive,41.559814,0.5535652334805837
jp-etcd-adaptive,41.562012,0.5545626431065985
jp-etcd-adaptive,41.563965,0.5555600527326132
jp-etcd-adaptive,41.565918,0.556557462358628
jp-etcd-adaptive,41.567871,0.5575548719846428
jp-etcd-adaptive,41.569824,0.5585522816106575
jp-etcd-adaptive,41.572021,0.5595496912366723
jp-etcd-adaptive,41.573975,0.560547100862687
jp-etcd-adaptive,41.575928,0.5615445104887018
jp-etcd-adaptive,41.578125,0.5625419201147166
jp-etcd-adaptive,41.580078,0.5635393297407313
jp-etcd-adaptive,41.582031,0.5645367393667461
jp-etcd-adaptive,41.583984,0.5655341489927608
jp-etcd-adaptive,41.586914,0.5665315586187756
jp-etcd-adaptive,41.588867,0.5675289682447904
jp-etcd-adaptive,41.59082,0.5685263778708051
jp-etcd-adaptive,41.593018,0.5695237874968199
jp-etcd-adaptive,41.594971,0.5705211971228346
jp-etcd-adaptive,41.596924,0.5715186067488494
jp-etcd-adaptive,41.599121,0.5725160163748642
jp-etcd-adaptive,41.601074,0.5735134260008788
jp-etcd-adaptive,41.604004,0.5745108356268936
jp-etcd-adaptive,41.605957,0.5755082452529083
jp-etcd-adaptive,41.60791,0.5765056548789231
jp-etcd-adaptive,41.610107,0.5775030645049379
jp-etcd-adaptive,41.612061,0.5785004741309526
jp-etcd-adaptive,41.614014,0.5794978837569674
jp-etcd-adaptive,41.616943,0.5804952933829821
jp-etcd-adaptive,41.618896,0.5814927030089969
jp-etcd-adaptive,41.621094,0.5824901126350117
jp-etcd-adaptive,41.623047,0.5834875222610264
jp-etcd-adaptive,41.625977,0.5844849318870412
jp-etcd-adaptive,41.62793,0.5854823415130559
jp-etcd-adaptive,41.630127,0.5864797511390707
jp-etcd-adaptive,41.63208,0.5874771607650855
jp-etcd-adaptive,41.634033,0.5884745703911002
jp-etcd-adaptive,41.636963,0.589471980017115
jp-etcd-adaptive,41.63916,0.5904693896431297
jp-etcd-adaptive,41.641113,0.5914667992691445
jp-etcd-adaptive,41.644043,0.5924642088951593
jp-etcd-adaptive,41.645996,0.593461618521174
jp-etcd-adaptive,41.648193,0.5944590281471888
jp-etcd-adaptive,41.650879,0.5954564377732035
jp-etcd-adaptive,41.653076,0.5964538473992183
jp-etcd-adaptive,41.655029,0.597451257025233
jp-etcd-adaptive,41.656982,0.5984486666512477
jp-etcd-adaptive,41.659912,0.5994460762772625
jp-etcd-adaptive,41.661865,0.6004434859032773
jp-etcd-adaptive,41.664062,0.601440895529292
jp-etcd-adaptive,41.666016,0.6024383051553068
jp-etcd-adaptive,41.668945,0.6034357147813215
jp-etcd-adaptive,41.670898,0.6044331244073363
jp-etcd-adaptive,41.673096,0.6054305340333511
jp-etcd-adaptive,41.675049,0.6064279436593658
jp-etcd-adaptive,41.677979,0.6074253532853806
jp-etcd-adaptive,41.679932,0.6084227629113953
jp-etcd-adaptive,41.682861,0.6094201725374101
jp-etcd-adaptive,41.685059,0.6104175821634249
jp-etcd-adaptive,41.687988,0.6114149917894396
jp-etcd-adaptive,41.689941,0.6124124014154544
jp-etcd-adaptive,41.692139,0.6134098110414691
jp-etcd-adaptive,41.694824,0.6144072206674839
jp-etcd-adaptive,41.697021,0.6154046302934987
jp-etcd-adaptive,41.699219,0.6164020399195134
jp-etcd-adaptive,41.701904,0.6173994495455282
jp-etcd-adaptive,41.704102,0.6183968591715429
jp-etcd-adaptive,41.707031,0.6193942687975577
jp-etcd-adaptive,41.708984,0.6203916784235725
jp-etcd-adaptive,41.711914,0.6213890880495871
jp-etcd-adaptive,41.714111,0.622386497675602
jp-etcd-adaptive,41.717041,0.6233839073016166
jp-etcd-adaptive,41.718994,0.6243813169276314
jp-etcd-adaptive,41.721191,0.6253787265536462
jp-etcd-adaptive,41.723877,0.6263761361796609
jp-etcd-adaptive,41.726807,0.6273735458056757
jp-etcd-adaptive,41.729004,0.6283709554316904
jp-etcd-adaptive,41.731934,0.6293683650577052
jp-etcd-adaptive,41.734131,0.63036577468372
jp-etcd-adaptive,41.736816,0.6313631843097347
jp-etcd-adaptive,41.739014,0.6323605939357495
jp-etcd-adaptive,41.741943,0.6333580035617642
jp-etcd-adaptive,41.744141,0.634355413187779
jp-etcd-adaptive,41.74707,0.6353528228137938
jp-etcd-adaptive,41.75,0.6363502324398085
jp-etcd-adaptive,41.751953,0.6373476420658233
jp-etcd-adaptive,41.754883,0.638345051691838
jp-etcd-adaptive,41.75708,0.6393424613178528
jp-etcd-adaptive,41.76001,0.6403398709438676
jp-etcd-adaptive,41.762207,0.6413372805698823
jp-etcd-adaptive,41.764893,0.6423346901958971
jp-etcd-adaptive,41.767822,0.6433320998219118
jp-etcd-adaptive,41.77002,0.6443295094479266
jp-etcd-adaptive,41.772949,0.6453269190739414
jp-etcd-adaptive,41.775879,0.646324328699956
jp-etcd-adaptive,41.778076,0.6473217383259708
jp-etcd-adaptive,41.781006,0.6483191479519855
jp-etcd-adaptive,41.783936,0.6493165575780003
jp-etcd-adaptive,41.786865,0.6503139672040151
jp-etcd-adaptive,41.789062,0.6513113768300298
jp-etcd-adaptive,41.791992,0.6523087864560446
jp-etcd-adaptive,41.794922,0.6533061960820593
jp-etcd-adaptive,41.797119,0.6543036057080741
jp-etcd-adaptive,41.800049,0.6553010153340889
jp-etcd-adaptive,41.802979,0.6562984249601036
jp-etcd-adaptive,41.805176,0.6572958345861184
jp-etcd-adaptive,41.808105,0.6582932442121331
jp-etcd-adaptive,41.811035,0.6592906538381479
jp-etcd-adaptive,41.813965,0.6602880634641627
jp-etcd-adaptive,41.817139,0.6612854730901774
jp-etcd-adaptive,41.820068,0.6622828827161922
jp-etcd-adaptive,41.822998,0.6632802923422069
jp-etcd-adaptive,41.826904,0.6642777019682217
jp-etcd-adaptive,41.829102,0.6652751115942365
jp-etcd-adaptive,41.833008,0.6662725212202512
jp-etcd-adaptive,41.835938,0.667269930846266
jp-etcd-adaptive,41.838867,0.6682673404722806
jp-etcd-adaptive,41.842041,0.6692647500982954
jp-etcd-adaptive,41.844971,0.6702621597243102
jp-etcd-adaptive,41.848145,0.6712595693503249
jp-etcd-adaptive,41.851074,0.6722569789763397
jp-etcd-adaptive,41.85498,0.6732543886023544
jp-etcd-adaptive,41.857178,0.6742517982283692
jp-etcd-adaptive,41.86084,0.675249207854384
jp-etcd-adaptive,41.864014,0.6762466174803987
jp-etcd-adaptive,41.866943,0.6772440271064135
jp-etcd-adaptive,41.869873,0.6782414367324282
jp-etcd-adaptive,41.873047,0.679238846358443
jp-etcd-adaptive,41.876953,0.6802362559844578
jp-etcd-adaptive,41.879883,0.6812336656104725
jp-etcd-adaptive,41.883057,0.6822310752364873
jp-etcd-adaptive,41.885986,0.683228484862502
jp-etcd-adaptive,41.88916,0.6842258944885168
jp-etcd-adaptive,41.892822,0.6852233041145316
jp-etcd-adaptive,41.895996,0.6862207137405463
jp-etcd-adaptive,41.898926,0.6872181233665611
jp-etcd-adaptive,41.901855,0.6882155329925758
jp-etcd-adaptive,41.905029,0.6892129426185906
jp-etcd-adaptive,41.908203,0.6902103522446054
jp-etcd-adaptive,41.911865,0.69120776187062
jp-etcd-adaptive,41.915039,0.6922051714966349
jp-etcd-adaptive,41.917969,0.6932025811226495
jp-etcd-adaptive,41.920898,0.6941999907486643
jp-etcd-adaptive,41.924072,0.6951974003746791
jp-etcd-adaptive,41.927979,0.6961948100006938
jp-etcd-adaptive,41.930908,0.6971922196267086
jp-etcd-adaptive,41.934082,0.6981896292527233
jp-etcd-adaptive,41.937012,0.6991870388787381
jp-etcd-adaptive,41.940918,0.7001844485047529
jp-etcd-adaptive,41.944092,0.7011818581307676
jp-etcd-adaptive,41.947998,0.7021792677567824
jp-etcd-adaptive,41.951172,0.7031766773827971
jp-etcd-adaptive,41.955078,0.7041740870088119
jp-etcd-adaptive,41.958984,0.7051714966348267
jp-etcd-adaptive,41.962158,0.7061689062608414
jp-etcd-adaptive,41.966064,0.7071663158868562
jp-etcd-adaptive,41.968994,0.7081637255128709
jp-etcd-adaptive,41.973145,0.7091611351388857
jp-etcd-adaptive,41.977051,0.7101585447649005
jp-etcd-adaptive,41.980957,0.7111559543909152
jp-etcd-adaptive,41.984131,0.71215336401693
jp-etcd-adaptive,41.988037,0.7131507736429447
jp-etcd-adaptive,41.991943,0.7141481832689595
jp-etcd-adaptive,41.99585,0.7151455928949743
jp-etcd-adaptive,41.999023,0.716143002520989
jp-etcd-adaptive,42.00293,0.7171404121470037
jp-etcd-adaptive,42.00708,0.7181378217730184
jp-etcd-adaptive,42.010986,0.7191352313990332
jp-etcd-adaptive,42.014893,0.720132641025048
jp-etcd-adaptive,42.019043,0.7211300506510627
jp-etcd-adaptive,42.022949,0.7221274602770775
jp-etcd-adaptive,42.026855,0.7231248699030922
jp-etcd-adaptive,42.031006,0.724122279529107
jp-etcd-adaptive,42.034912,0.7251196891551218
jp-etcd-adaptive,42.038818,0.7261170987811365
jp-etcd-adaptive,42.042969,0.7271145084071513
jp-etcd-adaptive,42.047852,0.728111918033166
jp-etcd-adaptive,42.052002,0.7291093276591808
jp-etcd-adaptive,42.056152,0.7301067372851956
jp-etcd-adaptive,42.060059,0.7311041469112103
jp-etcd-adaptive,42.064941,0.7321015565372251
jp-etcd-adaptive,42.069824,0.7330989661632398
jp-etcd-adaptive,42.073975,0.7340963757892546
jp-etcd-adaptive,42.078857,0.7350937854152694
jp-etcd-adaptive,42.083008,0.7360911950412841
jp-etcd-adaptive,42.088135,0.7370886046672989
jp-etcd-adaptive,42.093018,0.7380860142933136
jp-etcd-adaptive,42.097168,0.7390834239193284
jp-etcd-adaptive,42.102051,0.7400808335453432
jp-etcd-adaptive,42.106934,0.7410782431713578
jp-etcd-adaptive,42.111084,0.7420756527973726
jp-etcd-adaptive,42.116943,0.7430730624233873
jp-etcd-adaptive,42.121094,0.7440704720494021
jp-etcd-adaptive,42.126953,0.7450678816754169
jp-etcd-adaptive,42.13208,0.7460652913014316
jp-etcd-adaptive,42.136963,0.7470627009274464
jp-etcd-adaptive,42.14209,0.7480601105534611
jp-etcd-adaptive,42.147949,0.7490575201794759
jp-etcd-adaptive,42.154053,0.7500549298054907
jp-etcd-adaptive,42.159912,0.7510523394315054
jp-etcd-adaptive,42.166016,0.7520497490575202
jp-etcd-adaptive,42.171875,0.7530471586835349
jp-etcd-adaptive,42.177002,0.7540445683095497
jp-etcd-adaptive,42.183105,0.7550419779355645
jp-etcd-adaptive,42.189941,0.7560393875615792
jp-etcd-adaptive,42.196045,0.757036797187594
jp-etcd-adaptive,42.201904,0.7580342068136087
jp-etcd-adaptive,42.208008,0.7590316164396235
jp-etcd-adaptive,42.215088,0.7600290260656383
jp-etcd-adaptive,42.221924,0.761026435691653
jp-etcd-adaptive,42.229004,0.7620238453176678
jp-etcd-adaptive,42.236084,0.7630212549436824
jp-etcd-adaptive,42.243164,0.7640186645696972
jp-etcd-adaptive,42.250977,0.765016074195712
jp-etcd-adaptive,42.258057,0.7660134838217267
jp-etcd-adaptive,42.26709,0.7670108934477415
jp-etcd-adaptive,42.274902,0.7680083030737562
jp-etcd-adaptive,42.282959,0.769005712699771
jp-etcd-adaptive,42.291992,0.7700031223257858
jp-etcd-adaptive,42.301025,0.7710005319518005
jp-etcd-adaptive,42.309082,0.7719979415778153
jp-etcd-adaptive,42.318115,0.77299535120383
jp-etcd-adaptive,42.328125,0.7739927608298448
jp-etcd-adaptive,42.338135,0.7749901704558596
jp-etcd-adaptive,42.347168,0.7759875800818743
jp-etcd-adaptive,42.358154,0.7769849897078891
jp-etcd-adaptive,42.368896,0.7779823993339038
jp-etcd-adaptive,42.381104,0.7789798089599186
jp-etcd-adaptive,42.394043,0.7799772185859334
jp-etcd-adaptive,42.406982,0.7809746282119481
jp-etcd-adaptive,42.418945,0.7819720378379629
jp-etcd-adaptive,42.430908,0.7829694474639776
jp-etcd-adaptive,42.444092,0.7839668570899924
jp-etcd-adaptive,42.459961,0.7849642667160072
jp-etcd-adaptive,42.476074,0.7859616763420219
jp-etcd-adaptive,42.494141,0.7869590859680367
jp-etcd-adaptive,42.513916,0.7879564955940513
jp-etcd-adaptive,42.535889,0.7889539052200661
jp-etcd-adaptive,42.559814,0.7899513148460809
jp-etcd-adaptive,42.585205,0.7909487244720956
jp-etcd-adaptive,42.616943,0.7919461340981104
jp-etcd-adaptive,42.653076,0.7929435437241251
jp-etcd-adaptive,42.697998,0.7939409533501399
jp-etcd-adaptive,42.756104,0.7949383629761547
jp-etcd-adaptive,42.864014,0.7959357726021694
jp-etcd-adaptive,43.111084,0.7969331822281842
jp-etcd-adaptive,44.618896,0.7979305918541989
jp-etcd-adaptive,47.302002,0.7989280014802137
jp-etcd-adaptive,50.914062,0.7999254111062285
jp-etcd-adaptive,54.913086,0.8009228207322432
jp-etcd-adaptive,59.328125,0.801920230358258
jp-etcd-adaptive,64.085938,0.8029176399842727
jp-etcd-adaptive,69.273193,0.8039150496102875
jp-etcd-adaptive,73.779053,0.8049124592363023
jp-etcd-adaptive,79.086914,0.805909868862317
jp-etcd-adaptive,85.033936,0.8069072784883318
jp-etcd-adaptive,90.881104,0.8079046881143465
jp-etcd-adaptive,97.237061,0.8089020977403613
jp-etcd-adaptive,103.26709,0.8098995073663761
jp-etcd-adaptive,109.390869,0.8108969169923907
jp-etcd-adaptive,113.055908,0.8118943266184055
jp-etcd-adaptive,115.938965,0.8128917362444202
jp-etcd-adaptive,118.302979,0.813889145870435
jp-etcd-adaptive,120.990967,0.8148865554964498
jp-etcd-adaptive,124.010986,0.8158839651224645
jp-etcd-adaptive,126.778076,0.8168813747484793
jp-etcd-adaptive,129.320068,0.817878784374494
jp-etcd-adaptive,131.298096,0.8188761940005088
jp-etcd-adaptive,133.426025,0.8198736036265236
jp-etcd-adaptive,135.826904,0.8208710132525383
jp-etcd-adaptive,138.262939,0.8218684228785531
jp-etcd-adaptive,140.89502,0.8228658325045678
jp-etcd-adaptive,143.343018,0.8238632421305826
jp-etcd-adaptive,145.557129,0.8248606517565974
jp-etcd-adaptive,147.817139,0.8258580613826121
jp-etcd-adaptive,150.126953,0.8268554710086269
jp-etcd-adaptive,152.545166,0.8278528806346416
jp-etcd-adaptive,154.990967,0.8288502902606564
jp-etcd-adaptive,157.807129,0.8298476998866712
jp-etcd-adaptive,160.378906,0.8308451095126859
jp-etcd-adaptive,163.034912,0.8318425191387007
jp-etcd-adaptive,166.35791,0.8328399287647154
jp-etcd-adaptive,169.725098,0.8338373383907302
jp-etcd-adaptive,172.734131,0.834834748016745
jp-etcd-adaptive,175.723145,0.8358321576427596
jp-etcd-adaptive,179.019043,0.8368295672687744
jp-etcd-adaptive,182.416016,0.8378269768947891
jp-etcd-adaptive,185.76001,0.8388243865208039
jp-etcd-adaptive,189.651855,0.8398217961468187
jp-etcd-adaptive,193.913086,0.8408192057728334
jp-etcd-adaptive,197.646973,0.8418166153988482
jp-etcd-adaptive,201.491943,0.8428140250248629
jp-etcd-adaptive,205.383057,0.8438114346508777
jp-etcd-adaptive,209.445068,0.8448088442768925
jp-etcd-adaptive,214.272949,0.8458062539029072
jp-etcd-adaptive,219.279053,0.846803663528922
jp-etcd-adaptive,223.925049,0.8478010731549367
jp-etcd-adaptive,229.74585,0.8487984827809515
jp-etcd-adaptive,236.023926,0.8497958924069663
jp-etcd-adaptive,243.022949,0.850793302032981
jp-etcd-adaptive,250.450928,0.8517907116589958
jp-etcd-adaptive,258.996094,0.8527881212850105
jp-etcd-adaptive,268.703125,0.8537855309110253
jp-etcd-adaptive,282.511963,0.8547829405370401
jp-etcd-adaptive,1004.552979,0.8557803501630548
jp-etcd-adaptive,2113.381104,0.8567777597890696
jp-etcd-adaptive,2955.460938,0.8577751694150842
jp-etcd-adaptive,3484.401123,0.858772579041099
jp-etcd-adaptive,3801.281982,0.8597699886671138
jp-etcd-adaptive,4068.748047,0.8607673982931285
jp-etcd-adaptive,4283.239014,0.8617648079191433
jp-etcd-adaptive,4453.843018,0.862762217545158
jp-etcd-adaptive,4604.820801,0.8637596271711728
jp-etcd-adaptive,4726.185059,0.8647570367971876
jp-etcd-adaptive,4837.577148,0.8657544464232023
jp-etcd-adaptive,4940.88208,0.8667518560492171
jp-etcd-adaptive,5036.735107,0.8677492656752318
jp-etcd-adaptive,5091.645996,0.8687466753012466
jp-etcd-adaptive,5150.541016,0.8697440849272614
jp-etcd-adaptive,5202.916992,0.8707414945532761
jp-etcd-adaptive,5257.003174,0.8717389041792909
jp-etcd-adaptive,5306.213135,0.8727363138053056
jp-etcd-adaptive,5358.579102,0.8737337234313204
jp-etcd-adaptive,5414.214111,0.8747311330573352
jp-etcd-adaptive,5470.022949,0.8757285426833499
jp-etcd-adaptive,5523.363037,0.8767259523093647
jp-etcd-adaptive,5581.947021,0.8777233619353795
jp-etcd-adaptive,5644.446045,0.8787207715613942
jp-etcd-adaptive,5700.303955,0.879718181187409
jp-etcd-adaptive,5759.021973,0.8807155908134237
jp-etcd-adaptive,5821.681152,0.8817130004394385
jp-etcd-adaptive,5888.275879,0.8827104100654533
jp-etcd-adaptive,5978.673096,0.8837078196914679
jp-etcd-adaptive,6070.522217,0.8847052293174827
jp-etcd-adaptive,6159.369873,0.8857026389434974
jp-etcd-adaptive,6245.327148,0.8867000485695122
jp-etcd-adaptive,6331.999023,0.887697458195527
jp-etcd-adaptive,6422.958984,0.8886948678215417
jp-etcd-adaptive,6506.115967,0.8896922774475565
jp-etcd-adaptive,6592.584961,0.8906896870735712
jp-etcd-adaptive,6671.092041,0.891687096699586
jp-etcd-adaptive,6747.906982,0.8926845063256008
jp-etcd-adaptive,6826.332031,0.8936819159516155
jp-etcd-adaptive,6893.875977,0.8946793255776303
jp-etcd-adaptive,6962.292969,0.895676735203645
jp-etcd-adaptive,7031.334961,0.8966741448296598
jp-etcd-adaptive,7100.390137,0.8976715544556746
jp-etcd-adaptive,7168.87085,0.8986689640816893
jp-etcd-adaptive,7231.478027,0.8996663737077041
jp-etcd-adaptive,7292.803955,0.9006637833337188
jp-etcd-adaptive,7354.221191,0.9016611929597336
jp-etcd-adaptive,7415.935059,0.9026586025857484
jp-etcd-adaptive,7480.657959,0.9036560122117631
jp-etcd-adaptive,7548.729004,0.9046534218377779
jp-etcd-adaptive,7619.491943,0.9056508314637925
jp-etcd-adaptive,7678.031006,0.9066482410898073
jp-etcd-adaptive,7727.491943,0.9076456507158221
jp-etcd-adaptive,7785.221924,0.9086430603418368
jp-etcd-adaptive,7839.812988,0.9096404699678516
jp-etcd-adaptive,7885.640869,0.9106378795938663
jp-etcd-adaptive,7917.019043,0.9116352892198811
jp-etcd-adaptive,7974.958984,0.9126326988458959
jp-etcd-adaptive,8022.283936,0.9136301084719106
jp-etcd-adaptive,8061.938965,0.9146275180979254
jp-etcd-adaptive,8119.473877,0.9156249277239401
jp-etcd-adaptive,8174.812012,0.9166223373499549
jp-etcd-adaptive,8227.23877,0.9176197469759697
jp-etcd-adaptive,8270.467041,0.9186171566019844
jp-etcd-adaptive,8318.888916,0.9196145662279992
jp-etcd-adaptive,8364.589844,0.9206119758540139
jp-etcd-adaptive,8415.252197,0.9216093854800287
jp-etcd-adaptive,8468.336914,0.9226067951060435
jp-etcd-adaptive,8530.411865,0.9236042047320582
jp-etcd-adaptive,8589.231934,0.924601614358073
jp-etcd-adaptive,8653.690186,0.9255990239840877
jp-etcd-adaptive,8717.89917,0.9265964336101025
jp-etcd-adaptive,8788.022217,0.9275938432361173
jp-etcd-adaptive,8855.942871,0.928591252862132
jp-etcd-adaptive,8933.589844,0.9295886624881468
jp-etcd-adaptive,9000.776855,0.9305860721141614
jp-etcd-adaptive,9076.000977,0.9315834817401762
jp-etcd-adaptive,9146.483154,0.932580891366191
jp-etcd-adaptive,9219.602051,0.9335783009922057
jp-etcd-adaptive,9289.755127,0.9345757106182205
jp-etcd-adaptive,9342.930908,0.9355731202442352
jp-etcd-adaptive,9417.210205,0.93657052987025
jp-etcd-adaptive,9472.966064,0.9375679394962648
jp-etcd-adaptive,9534.229004,0.9385653491222795
jp-etcd-adaptive,9588.389893,0.9395627587482943
jp-etcd-adaptive,9645.000977,0.940560168374309
jp-etcd-adaptive,9691.384033,0.9415575780003238
jp-etcd-adaptive,9752.561768,0.9425549876263386
jp-etcd-adaptive,9808.844971,0.9435523972523533
jp-etcd-adaptive,9857.282959,0.9445498068783681
jp-etcd-adaptive,9919.269043,0.9455472165043828
jp-etcd-adaptive,9988.040039,0.9465446261303976
jp-etcd-adaptive,10051.816895,0.9475420357564124
jp-etcd-adaptive,10121.7229,0.9485394453824271
jp-etcd-adaptive,10186.446045,0.9495368550084419
jp-etcd-adaptive,10258.219971,0.9505342646344566
jp-etcd-adaptive,10341.656982,0.9515316742604714
jp-etcd-adaptive,10419.270996,0.9525290838864862
jp-etcd-adaptive,10493.839844,0.9535264935125009
jp-etcd-adaptive,10587.544922,0.9545239031385157
jp-etcd-adaptive,10676.277832,0.9555213127645303
jp-etcd-adaptive,10772.529053,0.9565187223905451
jp-etcd-adaptive,10855.638184,0.9575161320165599
jp-etcd-adaptive,10942.771973,0.9585135416425746
jp-etcd-adaptive,11035.685059,0.9595109512685894
jp-etcd-adaptive,11119.083984,0.9605083608946041
jp-etcd-adaptive,11198.701904,0.9615057705206189
jp-etcd-adaptive,11276.506104,0.9625031801466337
jp-etcd-adaptive,11357.48999,0.9635005897726484
jp-etcd-adaptive,11439.990967,0.9644979993986632
jp-etcd-adaptive,11513.046875,0.9654954090246779
jp-etcd-adaptive,11594.8479,0.9664928186506927
jp-etcd-adaptive,11674.220215,0.9674902282767075
jp-etcd-adaptive,11748.970947,0.9684876379027222
jp-etcd-adaptive,11829.593018,0.969485047528737
jp-etcd-adaptive,11913.254883,0.9704824571547517
jp-etcd-adaptive,11990.979004,0.9714798667807665
jp-etcd-adaptive,12074.424805,0.9724772764067813
jp-etcd-adaptive,12144.700928,0.973474686032796
jp-etcd-adaptive,12217.492188,0.9744720956588108
jp-etcd-adaptive,12284.646973,0.9754695052848255
jp-etcd-adaptive,12352.004883,0.9764669149108403
jp-etcd-adaptive,12426.974121,0.9774643245368551
jp-etcd-adaptive,12508.112061,0.9784617341628697
jp-etcd-adaptive,12597.191895,0.9794591437888845
jp-etcd-adaptive,12694.518799,0.9804565534148992
jp-etcd-adaptive,12797.899902,0.981453963040914
jp-etcd-adaptive,12907.226074,0.9824513726669288
jp-etcd-adaptive,13011.696045,0.9834487822929435
jp-etcd-adaptive,13152.897217,0.9844461919189583
jp-etcd-adaptive,13288.245117,0.985443601544973
jp-etcd-adaptive,13457.537109,0.9864410111709878
jp-etcd-adaptive,13625.478027,0.9874384207970026
jp-etcd-adaptive,13807.927979,0.9884358304230173
jp-etcd-adaptive,14015.869873,0.9894332400490321
jp-etcd-adaptive,14224.294922,0.9904306496750468
jp-etcd-adaptive,14419.491943,0.9914280593010616
jp-etcd-adaptive,14643.01709,0.9924254689270764
jp-etcd-adaptive,14878.212158,0.9934228785530911
jp-etcd-adaptive,15141.516846,0.9944202881791059
jp-etcd-adaptive,15540.220947,0.9954176978051206
jp-etcd-adaptive,16291.629883,0.9964151074311354
jp-etcd-adaptive,17006.044189,0.9974125170571502
jp-etcd-adaptive,18188.458008,0.9984099266831649
jp-etcd-adaptive,19618.026123,0.9994073363091797
mongodb,9544.244873,0.00125
mongodb,9544.246094,0.0025
mongodb,9544.24707,0.00375
mongodb,9544.249023,0.005
mongodb,9544.249023,0.00625
mongodb,9544.280029,0.0075
mongodb,9544.366943,0.00875
mongodb,9544.37207,0.01
mongodb,9544.37207,0.01125
mongodb,9544.381836,0.0125
mongodb,9544.381836,0.01375
mongodb,9544.678955,0.015
mongodb,9544.700928,0.01625
mongodb,9544.709961,0.0175
mongodb,9545.191895,0.01875
mongodb,9545.202148,0.02
mongodb,9545.205078,0.02125
mongodb,9545.205078,0.0225
mongodb,9545.207031,0.02375
mongodb,9545.227051,0.025
mongodb,9545.652832,0.02625
mongodb,9545.681152,0.0275
mongodb,9545.712158,0.02875
mongodb,9545.713867,0.03
mongodb,9545.733887,0.03125
mongodb,9545.75708,0.0325
mongodb,9545.759033,0.03375
mongodb,9545.766846,0.035
mongodb,9545.772949,0.03625
mongodb,9545.77417,0.0375
mongodb,9545.774902,0.03875
mongodb,9545.775146,0.04
mongodb,9545.781982,0.04125
mongodb,9545.791992,0.0425
mongodb,9545.795166,0.04375
mongodb,9545.801025,0.045
mongodb,9545.811035,0.04625
mongodb,9545.832031,0.0475
mongodb,9545.833008,0.04875
mongodb,9545.868164,0.05
mongodb,9545.868896,0.05125
mongodb,9545.870117,0.0525
mongodb,9545.871094,0.05375
mongodb,9545.893799,0.055
mongodb,9545.896973,0.05625
mongodb,9545.899902,0.0575
mongodb,9545.910156,0.05875
mongodb,9545.914795,0.06
mongodb,9545.926025,0.06125
mongodb,9545.933105,0.0625
mongodb,9545.939941,0.06375
mongodb,9545.944092,0.065
mongodb,9545.964111,0.06625
mongodb,9545.968994,0.0675
mongodb,9545.973877,0.06875
mongodb,9545.983154,0.07
mongodb,9545.984863,0.07125
mongodb,9545.991943,0.0725
mongodb,9546.005859,0.07375
mongodb,9546.008057,0.075
mongodb,9546.026123,0.07625
mongodb,9546.031982,0.0775
mongodb,9546.158936,0.07875
mongodb,9546.218018,0.08
mongodb,9546.229004,0.08125
mongodb,9546.22998,0.0825
mongodb,9546.230957,0.08375
mongodb,9546.233887,0.085
mongodb,9546.238037,0.08625
mongodb,9546.241943,0.0875
mongodb,9546.244141,0.08875
mongodb,9546.246826,0.09
mongodb,9546.251221,0.09125
mongodb,9546.262939,0.0925
mongodb,9546.266113,0.09375
mongodb,9546.277832,0.095
mongodb,9546.302002,0.09625
mongodb,9546.307129,0.0975
mongodb,9546.317871,0.09875
mongodb,9546.322998,0.1
mongodb,9546.340088,0.10125
mongodb,9546.34082,0.1025
mongodb,9546.35498,0.10375
mongodb,9546.361084,0.105
mongodb,9546.364014,0.10625
mongodb,9546.36792,0.1075
mongodb,9546.368896,0.10875
mongodb,9546.404053,0.11
mongodb,9546.500977,0.11125
mongodb,9546.50293,0.1125
mongodb,9546.503906,0.11375
mongodb,9546.512939,0.115
mongodb,9546.531982,0.11625
mongodb,9546.543213,0.1175
mongodb,9546.549805,0.11875
mongodb,9546.551025,0.12
mongodb,9546.552002,0.12125
mongodb,9546.552979,0.1225
mongodb,9546.553955,0.12375
mongodb,9546.558105,0.125
mongodb,9546.572998,0.12625
mongodb,9546.574951,0.1275
mongodb,9546.579102,0.12875
mongodb,9546.583008,0.13
mongodb,9546.583984,0.13125
mongodb,9546.598145,0.1325
mongodb,9546.634033,0.13375
mongodb,9546.635986,0.135
mongodb,9546.636963,0.13625
mongodb,9546.638916,0.1375
mongodb,9546.640869,0.13875
mongodb,9546.645996,0.14
mongodb,9546.650879,0.14125
mongodb,9546.654053,0.1425
mongodb,9546.654785,0.14375
mongodb,9546.658203,0.145
mongodb,9546.660889,0.14625
mongodb,9546.664062,0.1475
mongodb,9546.676025,0.14875
mongodb,9546.679199,0.15
mongodb,9546.679932,0.15125
mongodb,9546.683105,0.1525
mongodb,9546.696777,0.15375
mongodb,9546.700928,0.155
mongodb,9546.703857,0.15625
mongodb,9546.720947,0.1575
mongodb,9546.72998,0.15875
mongodb,9546.762939,0.16
mongodb,9546.785156,0.16125
mongodb,9546.788086,0.1625
mongodb,9546.793945,0.16375
mongodb,9546.797852,0.165
mongodb,9546.801025,0.16625
mongodb,9546.807129,0.1675
mongodb,9546.808838,0.16875
mongodb,9546.811035,0.17
mongodb,9546.812012,0.17125
mongodb,9546.814209,0.1725
mongodb,9546.817139,0.17375
mongodb,9546.821045,0.175
mongodb,9546.822998,0.17625
mongodb,9546.826904,0.1775
mongodb,9546.829102,0.17875
mongodb,9546.834961,0.18
mongodb,9546.839844,0.18125
mongodb,9546.843018,0.1825
mongodb,9546.850098,0.18375
mongodb,9546.85083,0.185
mongodb,9546.852051,0.18625
mongodb,9546.854004,0.1875
mongodb,9546.85498,0.18875
mongodb,9546.855957,0.19
mongodb,9546.874023,0.19125
mongodb,9546.900879,0.1925
mongodb,9546.902832,0.19375
mongodb,9546.911865,0.195
mongodb,9546.915039,0.19625
mongodb,9546.925049,0.1975
mongodb,9546.931152,0.19875
mongodb,9546.935059,0.2
mongodb,9546.936035,0.20125
mongodb,9546.936768,0.2025
mongodb,9546.937012,0.20375
mongodb,9546.937012,0.205
mongodb,9546.957031,0.20625
mongodb,9546.957031,0.2075
mongodb,9546.971191,0.20875
mongodb,9546.974854,0.21
mongodb,9546.976807,0.21125
mongodb,9546.981934,0.2125
mongodb,9546.984863,0.21375
mongodb,9546.995117,0.215
mongodb,9547.000977,0.21625
mongodb,9547.001953,0.2175
mongodb,9547.003174,0.21875
mongodb,9547.006104,0.22
mongodb,9547.01001,0.22125
mongodb,9547.011963,0.2225
mongodb,9547.01416,0.22375
mongodb,9547.015137,0.225
mongodb,9547.01709,0.22625
mongodb,9547.020996,0.2275
mongodb,9547.022949,0.22875
mongodb,9547.024902,0.23
mongodb,9547.026855,0.23125
mongodb,9547.031006,0.2325
mongodb,9547.033936,0.23375
mongodb,9547.034912,0.235
mongodb,9547.035889,0.23625
mongodb,9547.036865,0.2375
mongodb,9547.036865,0.23875
mongodb,9547.036865,0.24
mongodb,9547.037109,0.24125
mongodb,9547.040039,0.2425
mongodb,9547.042969,0.24375
mongodb,9547.045898,0.245
mongodb,9547.047852,0.24625
mongodb,9547.048828,0.2475
mongodb,9547.049072,0.24875
mongodb,9547.050049,0.25
mongodb,9547.052979,0.25125
mongodb,9547.065918,0.2525
mongodb,9547.071045,0.25375
mongodb,9547.077148,0.255
mongodb,9547.079834,0.25625
mongodb,9547.091064,0.2575
mongodb,9547.092041,0.25875
mongodb,9547.0979,0.26
mongodb,9547.100098,0.26125
mongodb,9547.101074,0.2625
mongodb,9547.106934,0.26375
mongodb,9547.112061,0.265
mongodb,9547.11792,0.26625
mongodb,9547.122803,0.2675
mongodb,9547.124023,0.26875
mongodb,9547.136963,0.27
mongodb,9547.136963,0.27125
mongodb,9547.140869,0.2725
mongodb,9547.143066,0.27375
mongodb,9547.143066,0.275
mongodb,9547.14502,0.27625
mongodb,9547.148926,0.2775
mongodb,9547.150879,0.27875
mongodb,9547.155029,0.28
mongodb,9547.161133,0.28125
mongodb,9547.182129,0.2825
mongodb,9547.182861,0.28375
mongodb,9547.184082,0.285
mongodb,9547.193848,0.28625
mongodb,9547.197998,0.2875
mongodb,9547.202148,0.28875
mongodb,9547.204834,0.29
mongodb,9547.205078,0.29125
mongodb,9547.217041,0.2925
mongodb,9547.217773,0.29375
mongodb,9547.218018,0.295
mongodb,9547.219971,0.29625
mongodb,9547.225098,0.2975
mongodb,9547.226074,0.29875
mongodb,9547.234131,0.3
mongodb,9547.241943,0.30125
mongodb,9547.249023,0.3025
mongodb,9547.251953,0.30375
mongodb,9547.253906,0.305
mongodb,9547.274902,0.30625
mongodb,9547.282959,0.3075
mongodb,9547.283203,0.30875
mongodb,9547.286865,0.31
mongodb,9547.303955,0.31125
mongodb,9547.304932,0.3125
mongodb,9547.308105,0.31375
mongodb,9547.308838,0.315
mongodb,9547.334961,0.31625
mongodb,9547.338135,0.3175
mongodb,9547.338867,0.31875
mongodb,9547.355957,0.32
mongodb,9547.379883,0.32125
mongodb,9547.381836,0.3225
mongodb,9547.394043,0.32375
mongodb,9547.418945,0.325
mongodb,9547.420898,0.32625
mongodb,9547.423828,0.3275
mongodb,9547.427979,0.32875
mongodb,9547.439941,0.33
mongodb,9547.440186,0.33125
mongodb,9547.523926,0.3325
mongodb,9547.526123,0.33375
mongodb,9547.541016,0.335
mongodb,9547.545898,0.33625
mongodb,9547.548096,0.3375
mongodb,9547.557861,0.33875
mongodb,9547.577881,0.34
mongodb,9547.586914,0.34125
mongodb,9547.586914,0.3425
mongodb,9547.594971,0.34375
mongodb,9547.603027,0.345
mongodb,9547.604004,0.34625
mongodb,9547.607178,0.3475
mongodb,9547.60791,0.34875
mongodb,9547.612061,0.35
mongodb,9547.623047,0.35125
mongodb,9547.624023,0.3525
mongodb,9547.625,0.35375
mongodb,9547.62915,0.355
mongodb,9547.64917,0.35625
mongodb,9547.671875,0.3575
mongodb,9547.719971,0.35875
mongodb,9547.725098,0.36
mongodb,9547.736816,0.36125
mongodb,9547.736816,0.3625
mongodb,9547.737061,0.36375
mongodb,9547.73999,0.365
mongodb,9547.73999,0.36625
mongodb,9547.74292,0.3675
mongodb,9547.744873,0.36875
mongodb,9547.745117,0.37
mongodb,9547.74707,0.37125
mongodb,9547.758057,0.3725
mongodb,9547.758789,0.37375
mongodb,9547.761963,0.375
mongodb,9547.763916,0.37625
mongodb,9547.766113,0.3775
mongodb,9547.768066,0.37875
mongodb,9547.777832,0.38
mongodb,9547.780029,0.38125
mongodb,9547.781006,0.3825
mongodb,9547.782959,0.38375
mongodb,9547.78418,0.385
mongodb,9547.793945,0.38625
mongodb,9547.803955,0.3875
mongodb,9547.815186,0.38875
mongodb,9547.815918,0.39
mongodb,9547.828125,0.39125
mongodb,9547.838135,0.3925
mongodb,9547.838867,0.39375
mongodb,9547.846924,0.395
mongodb,9547.859131,0.39625
mongodb,9547.860107,0.3975
mongodb,9547.864014,0.39875
mongodb,9547.864014,0.4
mongodb,9547.875977,0.40125
mongodb,9547.880859,0.4025
mongodb,9547.888916,0.40375
mongodb,9547.888916,0.405
mongodb,9547.893799,0.40625
mongodb,9547.9021,0.4075
mongodb,9547.906006,0.40875
mongodb,9547.906006,0.41
mongodb,9547.909912,0.41125
mongodb,9547.913086,0.4125
mongodb,9547.923828,0.41375
mongodb,9547.980957,0.415
mongodb,9548.013916,0.41625
mongodb,9548.014893,0.4175
mongodb,9548.016113,0.41875
mongodb,9548.042969,0.42
mongodb,9548.043213,0.42125
mongodb,9548.045898,0.4225
mongodb,9548.072998,0.42375
mongodb,9548.073975,0.425
mongodb,9548.079834,0.42625
mongodb,9548.083008,0.4275
mongodb,9548.083984,0.42875
mongodb,9548.091064,0.43
mongodb,9548.094971,0.43125
mongodb,9548.100098,0.4325
mongodb,9548.101074,0.43375
mongodb,9548.123047,0.435
mongodb,9548.133789,0.43625
mongodb,9548.141113,0.4375
mongodb,9548.145996,0.43875
mongodb,9548.151123,0.44
mongodb,9548.154053,0.44125
mongodb,9548.156006,0.4425
mongodb,9548.15918,0.44375
mongodb,9548.166016,0.445
mongodb,9548.167969,0.44625
mongodb,9548.172119,0.4475
mongodb,9548.174072,0.44875
mongodb,9548.176025,0.45
mongodb,9548.177979,0.45125
mongodb,9548.178955,0.4525
mongodb,9548.183105,0.45375
mongodb,9548.193848,0.455
mongodb,9548.332031,0.45625
mongodb,9548.348145,0.4575
mongodb,9548.351074,0.45875
mongodb,9548.415039,0.46
mongodb,9548.447998,0.46125
mongodb,9548.458984,0.4625
mongodb,9548.474121,0.46375
mongodb,9548.477051,0.465
mongodb,9548.479004,0.46625
mongodb,9548.489014,0.4675
mongodb,9548.48999,0.46875
mongodb,9548.490967,0.47
mongodb,9548.499023,0.47125
mongodb,9548.50415,0.4725
mongodb,9548.504883,0.47375
mongodb,9548.506836,0.475
mongodb,9548.51416,0.47625
mongodb,9548.518066,0.4775
mongodb,9548.523926,0.47875
mongodb,9548.528076,0.48
mongodb,9548.528809,0.48125
mongodb,9548.530029,0.4825
mongodb,9548.537109,0.48375
mongodb,9548.540039,0.485
mongodb,9548.550049,0.48625
mongodb,9548.551025,0.4875
mongodb,9548.559082,0.48875
mongodb,9548.695068,0.49
mongodb,9548.709961,0.49125
mongodb,9548.715088,0.4925
mongodb,9548.721191,0.49375
mongodb,9548.72998,0.495
mongodb,9548.731201,0.49625
mongodb,9548.738037,0.4975
mongodb,9548.73999,0.49875
mongodb,9548.742188,0.5
mongodb,9548.755859,0.50125
mongodb,9548.829834,0.5025
mongodb,9548.843018,0.50375
mongodb,9549.083984,0.505
mongodb,9549.091064,0.50625
mongodb,9549.113037,0.5075
mongodb,9549.123047,0.50875
mongodb,9549.125977,0.51
mongodb,9549.126953,0.51125
mongodb,9549.213867,0.5125
mongodb,9549.219971,0.51375
mongodb,9549.225098,0.515
mongodb,9549.229004,0.51625
mongodb,9549.233154,0.5175
mongodb,9549.238037,0.51875
mongodb,9549.297119,0.52
mongodb,9549.332031,0.52125
mongodb,9549.334961,0.5225
mongodb,9549.3479,0.52375
mongodb,9549.351807,0.525
mongodb,9549.353027,0.52625
mongodb,9549.353027,0.5275
mongodb,9549.354004,0.52875
mongodb,9549.360107,0.53
mongodb,9549.363037,0.53125
mongodb,9549.36499,0.5325
mongodb,9549.371094,0.53375
mongodb,9549.375,0.535
mongodb,9549.380127,0.53625
mongodb,9549.383057,0.5375
mongodb,9549.390137,0.53875
mongodb,9549.39209,0.54
mongodb,9549.39209,0.54125
mongodb,9549.396973,0.5425
mongodb,9549.396973,0.54375
mongodb,9549.400146,0.545
mongodb,9549.400879,0.54625
mongodb,9549.401855,0.5475
mongodb,9549.403076,0.54875
mongodb,9549.403076,0.55
mongodb,9549.406006,0.55125
mongodb,9549.413818,0.5525
mongodb,9549.418213,0.55375
mongodb,9549.422119,0.555
mongodb,9549.422852,0.55625
mongodb,9549.423096,0.5575
mongodb,9549.424072,0.55875
mongodb,9549.431885,0.56
mongodb,9549.436035,0.56125
mongodb,9549.437988,0.5625
mongodb,9549.437988,0.56375
mongodb,9549.440186,0.565
mongodb,9549.442871,0.56625
mongodb,9549.443115,0.5675
mongodb,9549.447998,0.56875
mongodb,9549.448975,0.57
mongodb,9549.448975,0.57125
mongodb,9549.450928,0.5725
mongodb,9549.452881,0.57375
mongodb,9549.452881,0.575
mongodb,9549.456055,0.57625
mongodb,9549.458984,0.5775
mongodb,9549.48291,0.57875
mongodb,9549.488037,0.58
mongodb,9549.491943,0.58125
mongodb,9549.665039,0.5825
mongodb,9549.665039,0.58375
mongodb,9549.673096,0.585
mongodb,9549.676025,0.58625
mongodb,9549.680176,0.5875
mongodb,9549.685059,0.58875
mongodb,9549.685791,0.59
mongodb,9549.688965,0.59125
mongodb,9549.703857,0.5925
mongodb,9549.707031,0.59375
mongodb,9549.718018,0.595
mongodb,9549.721924,0.59625
mongodb,9549.729004,0.5975
mongodb,9549.733887,0.59875
mongodb,9549.735107,0.6
mongodb,9549.738037,0.60125
mongodb,9549.741943,0.6025
mongodb,9549.754883,0.60375
mongodb,9549.768066,0.605
mongodb,9549.77002,0.60625
mongodb,9549.794922,0.6075
mongodb,9549.906982,0.60875
mongodb,9549.907959,0.61
mongodb,9549.909912,0.61125
mongodb,9549.929932,0.6125
mongodb,9549.944092,0.61375
mongodb,9549.945068,0.615
mongodb,9549.945801,0.61625
mongodb,9549.947021,0.6175
mongodb,9550.000977,0.61875
mongodb,9550.096191,0.62
mongodb,9550.099854,0.62125
mongodb,9550.105957,0.6225
mongodb,9550.10791,0.62375
mongodb,9550.111816,0.625
mongodb,9550.130127,0.62625
mongodb,9550.320068,0.6275
mongodb,9550.352051,0.62875
mongodb,9550.421143,0.63
mongodb,9550.424805,0.63125
mongodb,9550.437988,0.6325
mongodb,9550.445068,0.63375
mongodb,9550.457031,0.635
mongodb,9550.461914,0.63625
mongodb,9550.463135,0.6375
mongodb,9550.480957,0.63875
mongodb,9550.48291,0.64
mongodb,9550.5,0.64125
mongodb,9550.581055,0.6425
mongodb,9550.695801,0.64375
mongodb,9550.697021,0.645
mongodb,9550.703125,0.64625
mongodb,9550.706055,0.6475
mongodb,9550.707031,0.64875
mongodb,9550.708984,0.65
mongodb,9550.713867,0.65125
mongodb,9550.7229,0.6525
mongodb,9550.729004,0.65375
mongodb,9550.765137,0.655
mongodb,9551.031006,0.65625
mongodb,9551.033936,0.6575
mongodb,9551.038086,0.65875
mongodb,9551.042969,0.66
mongodb,9551.044922,0.66125
mongodb,9551.044922,0.6625
mongodb,9551.046875,0.66375
mongodb,9551.046875,0.665
mongodb,9551.047852,0.66625
mongodb,9551.048828,0.6675
mongodb,9551.049805,0.66875
mongodb,9551.051025,0.67
mongodb,9551.058105,0.67125
mongodb,9551.081055,0.6725
mongodb,9551.089844,0.67375
mongodb,9551.096924,0.675
mongodb,9551.102051,0.67625
mongodb,9551.104004,0.6775
mongodb,9551.364014,0.67875
mongodb,9551.400879,0.68
mongodb,9551.410156,0.68125
mongodb,9551.420166,0.6825
mongodb,9551.421143,0.68375
mongodb,9551.426025,0.685
mongodb,9551.427979,0.68625
mongodb,9551.436035,0.6875
mongodb,9551.451172,0.68875
mongodb,9551.553955,0.69
mongodb,9551.579102,0.69125
mongodb,9551.585938,0.6925
mongodb,9551.589844,0.69375
mongodb,9551.591064,0.695
mongodb,9551.635986,0.69625
mongodb,9551.635986,0.6975
mongodb,9551.644043,0.69875
mongodb,9551.64502,0.7
mongodb,9551.656982,0.70125
mongodb,9551.656982,0.7025
mongodb,9551.675049,0.70375
mongodb,9551.680908,0.705
mongodb,9551.687012,0.70625
mongodb,9551.687988,0.7075
mongodb,9551.692871,0.70875
mongodb,9551.697021,0.71
mongodb,9551.698975,0.71125
mongodb,9551.701172,0.7125
mongodb,9551.704102,0.71375
mongodb,9551.73584,0.715
mongodb,9551.783936,0.71625
mongodb,9551.816895,0.7175
mongodb,9552.375977,0.71875
mongodb,9552.386963,0.72
mongodb,9552.393066,0.72125
mongodb,9552.406982,0.7225
mongodb,9552.431885,0.72375
mongodb,9552.448975,0.725
mongodb,9552.449951,0.72625
mongodb,9552.450928,0.7275
mongodb,9552.466064,0.72875
mongodb,9552.473877,0.73
mongodb,9552.510986,0.73125
mongodb,9552.521973,0.7325
mongodb,9552.536133,0.73375
mongodb,9552.559082,0.735
mongodb,9552.579834,0.73625
mongodb,9552.581055,0.7375
mongodb,9552.583984,0.73875
mongodb,9552.61084,0.74
mongodb,9553.861816,0.74125
mongodb,9553.88208,0.7425
mongodb,9553.948975,0.74375
mongodb,9553.948975,0.745
mongodb,9553.952148,0.74625
mongodb,9553.964111,0.7475
mongodb,9553.969971,0.74875
mongodb,9553.984131,0.75
mongodb,9553.993164,0.75125
mongodb,9553.994873,0.7525
mongodb,9553.996094,0.75375
mongodb,9553.998047,0.755
mongodb,9554.00415,0.75625
mongodb,9554.007812,0.7575
mongodb,9554.01001,0.75875
mongodb,9554.01001,0.76
mongodb,9554.012939,0.76125
mongodb,9554.015137,0.7625
mongodb,9554.018066,0.76375
mongodb,9554.018066,0.765
mongodb,9554.018066,0.76625
mongodb,9554.025146,0.7675
mongodb,9554.029053,0.76875
mongodb,9554.037109,0.77
mongodb,9554.037842,0.77125
mongodb,9554.047119,0.7725
mongodb,9554.062988,0.77375
mongodb,9554.062988,0.775
mongodb,9554.065918,0.77625
mongodb,9554.071045,0.7775
mongodb,9554.083008,0.77875
mongodb,9554.086914,0.78
mongodb,9554.086914,0.78125
mongodb,9554.086914,0.7825
mongodb,9554.090088,0.78375
mongodb,9554.102783,0.785
mongodb,9554.103027,0.78625
mongodb,9554.104004,0.7875
mongodb,9554.105957,0.78875
mongodb,9554.108887,0.79
mongodb,9554.115967,0.79125
mongodb,9554.119141,0.7925
mongodb,9554.119873,0.79375
mongodb,9554.12207,0.795
mongodb,9554.125,0.79625
mongodb,9554.125,0.7975
mongodb,9554.128174,0.79875
mongodb,9554.130127,0.8
mongodb,9554.166016,0.80125
mongodb,9554.185059,0.8025
mongodb,9555.176025,0.80375
mongodb,9555.203125,0.805
mongodb,9555.294922,0.80625
mongodb,9555.295898,0.8075
mongodb,9555.323975,0.80875
mongodb,9555.344238,0.81
mongodb,9555.3479,0.81125
mongodb,9555.356934,0.8125
mongodb,9556.189941,0.81375
mongodb,9556.231934,0.815
mongodb,9556.25708,0.81625
mongodb,9556.279785,0.8175
mongodb,9556.298096,0.81875
mongodb,9556.308838,0.82
mongodb,9556.327148,0.82125
mongodb,9556.333984,0.8225
mongodb,9556.371094,0.82375
mongodb,9556.37915,0.825
mongodb,9556.414795,0.82625
mongodb,9556.439941,0.8275
mongodb,9556.447021,0.82875
mongodb,9556.615967,0.83
mongodb,9556.622803,0.83125
mongodb,9556.625,0.8325
mongodb,9556.627197,0.83375
mongodb,9556.630859,0.835
mongodb,9556.637939,0.83625
mongodb,9556.64502,0.8375
mongodb,9556.677979,0.83875
mongodb,9557.430176,0.84
mongodb,9557.461182,0.84125
mongodb,9557.463867,0.8425
mongodb,9557.490967,0.84375
mongodb,9557.493896,0.845
mongodb,9557.506104,0.84625
mongodb,9557.546143,0.8475
mongodb,9557.546143,0.84875
mongodb,9557.553955,0.85
mongodb,9557.593994,0.85125
mongodb,9557.595947,0.8525
mongodb,9557.599854,0.85375
mongodb,9557.635986,0.855
mongodb,9557.664062,0.85625
mongodb,9557.670898,0.8575
mongodb,9558.182861,0.85875
mongodb,9558.187012,0.86
mongodb,9558.212891,0.86125
mongodb,9559.522949,0.8625
mongodb,9559.545898,0.86375
mongodb,9559.567139,0.865
mongodb,9559.596924,0.86625
mongodb,9559.602051,0.8675
mongodb,9559.609131,0.86875
mongodb,9559.620117,0.87
mongodb,9559.641113,0.87125
mongodb,9559.657959,0.8725
mongodb,9559.660889,0.87375
mongodb,9559.682861,0.875
mongodb,9559.696045,0.87625
mongodb,9559.698975,0.8775
mongodb,9559.723877,0.87875
mongodb,9559.736084,0.88
mongodb,9559.76416,0.88125
mongodb,9560.012939,0.8825
mongodb,9560.016113,0.88375
mongodb,9560.038086,0.885
mongodb,9560.053955,0.88625
mongodb,9560.055908,0.8875
mongodb,9560.076904,0.88875
mongodb,9560.085205,0.89
mongodb,9560.096924,0.89125
mongodb,9560.102051,0.8925
mongodb,9560.120117,0.89375
mongodb,9560.126221,0.895
mongodb,9560.161865,0.89625
mongodb,9560.168213,0.8975
mongodb,9560.207031,0.89875
mongodb,9561.151855,0.9
mongodb,9561.1521,0.90125
mongodb,9561.204834,0.9025
mongodb,9561.212891,0.90375
mongodb,9561.217041,0.905
mongodb,9561.245117,0.90625
mongodb,9561.247803,0.9075
mongodb,9561.25415,0.90875
mongodb,9561.272949,0.91
mongodb,9561.279053,0.91125
mongodb,9561.300049,0.9125
mongodb,9561.304932,0.91375
mongodb,9562.061035,0.915
mongodb,9562.083984,0.91625
mongodb,9562.11499,0.9175
mongodb,9562.116943,0.91875
mongodb,9562.156006,0.92
mongodb,9562.162109,0.92125
mongodb,9562.179932,0.9225
mongodb,9562.197998,0.92375
mongodb,9562.204102,0.925
mongodb,9562.233154,0.92625
mongodb,9562.240967,0.9275
mongodb,9562.243164,0.92875
mongodb,9562.269043,0.93
mongodb,9562.316895,0.93125
mongodb,9563.25,0.9325
mongodb,9563.273193,0.93375
mongodb,9563.275146,0.935
mongodb,9563.319092,0.93625
mongodb,9563.331055,0.9375
mongodb,9563.332031,0.93875
mongodb,9563.340088,0.94
mongodb,9563.358887,0.94125
mongodb,9563.386963,0.9425
mongodb,9563.419922,0.94375
mongodb,9563.434814,0.945
mongodb,9563.499023,0.94625
mongodb,9563.86499,0.9475
mongodb,9563.87207,0.94875
mongodb,9563.951904,0.95
mongodb,9565.093018,0.95125
mongodb,9565.126953,0.9525
mongodb,9565.158936,0.95375
mongodb,9565.166992,0.955
mongodb,9565.173096,0.95625
mongodb,9565.194824,0.9575
mongodb,9565.208008,0.95875
mongodb,9565.219971,0.96
mongodb,9565.224121,0.96125
mongodb,9565.250977,0.9625
mongodb,9565.261963,0.96375
mongodb,9565.263916,0.965
mongodb,9565.760986,0.96625
mongodb,9565.801025,0.9675
mongodb,9565.804932,0.96875
mongodb,9565.826172,0.97
mongodb,9565.848877,0.97125
mongodb,9565.849121,0.9725
mongodb,9565.866943,0.97375
mongodb,9565.874023,0.975
mongodb,9565.893066,0.97625
mongodb,9565.895996,0.9775
mongodb,9565.907959,0.97875
mongodb,9565.933838,0.98
mongodb,9565.937012,0.98125
mongodb,9565.99707,0.9825
mongodb,9566.000977,0.98375
mongodb,9566.73291,0.985
mongodb,9566.737061,0.98625
mongodb,9566.751953,0.9875
mongodb,9566.781006,0.98875
mongodb,9566.799805,0.99
mongodb,9566.801025,0.99125
mongodb,9566.816895,0.9925
mongodb,9566.833984,0.99375
mongodb,9566.833984,0.995
mongodb,9566.86084,0.99625
mongodb,9566.873779,0.9975
mongodb,9566.893066,0.99875
mongodb,9566.916016,1.0
jp-mongodb-fp100,40.580078,2.4820054604120128e-05
jp-mongodb-fp100,40.906982,0.0010176222387689253
jp-mongodb-fp100,40.992188,0.0020104244229337304
jp-mongodb-fp100,41.034912,0.0030032266070985354
jp-mongodb-fp100,41.077148,0.003996028791263341
jp-mongodb-fp100,41.105957,0.004988830975428146
jp-mongodb-fp100,41.149902,0.005981633159592951
jp-mongodb-fp100,41.171143,0.006974435343757756
jp-mongodb-fp100,41.199951,0.007967237527922562
jp-mongodb-fp100,41.221924,0.008960039712087366
jp-mongodb-fp100,41.244141,0.009952841896252172
jp-mongodb-fp100,41.26001,0.010945644080416976
jp-mongodb-fp100,41.281982,0.011938446264581782
jp-mongodb-fp100,41.304932,0.012931248448746588
jp-mongodb-fp100,41.321045,0.013924050632911392
jp-mongodb-fp100,41.332031,0.014916852817076198
jp-mongodb-fp100,41.352051,0.015909655001241002
jp-mongodb-fp100,41.359131,0.016902457185405808
jp-mongodb-fp100,41.369873,0.017895259369570614
jp-mongodb-fp100,41.381104,0.01888806155373542
jp-mongodb-fp100,41.391113,0.019880863737900222
jp-mongodb-fp100,41.401855,0.020873665922065028
jp-mongodb-fp100,41.412109,0.021866468106229834
jp-mongodb-fp100,41.420166,0.02285927029039464
jp-mongodb-fp100,41.431885,0.023852072474559446
jp-mongodb-fp100,41.444092,0.024844874658724248
jp-mongodb-fp100,41.454102,0.025837676842889054
jp-mongodb-fp100,41.464111,0.02683047902705386
jp-mongodb-fp100,41.473877,0.027823281211218666
jp-mongodb-fp100,41.480957,0.02881608339538347
jp-mongodb-fp100,41.48999,0.029808885579548274
jp-mongodb-fp100,41.498047,0.03080168776371308
jp-mongodb-fp100,41.507812,0.03179448994787788
jp-mongodb-fp100,41.52002,0.03278729213204269
jp-mongodb-fp100,41.530029,0.033780094316207494
jp-mongodb-fp100,41.535889,0.034772896500372304
jp-mongodb-fp100,41.545898,0.035765698684537106
jp-mongodb-fp100,41.552979,0.03675850086870191
jp-mongodb-fp100,41.560059,0.03775130305286672
jp-mongodb-fp100,41.567139,0.03874410523703152
jp-mongodb-fp100,41.573975,0.03973690742119633
jp-mongodb-fp100,41.579834,0.04072970960536113
jp-mongodb-fp100,41.585938,0.041722511789525935
jp-mongodb-fp100,41.593994,0.042715313973690744
jp-mongodb-fp100,41.602051,0.043708116157855546
jp-mongodb-fp100,41.608887,0.044700918342020356
jp-mongodb-fp100,41.614014,0.04569372052618516
jp-mongodb-fp100,41.621094,0.04668652271034996
jp-mongodb-fp100,41.626953,0.04767932489451477
jp-mongodb-fp100,41.630859,0.04867212707867957
jp-mongodb-fp100,41.636963,0.04966492926284438
jp-mongodb-fp100,41.64209,0.050657731447009184
jp-mongodb-fp100,41.647949,0.05165053363117399
jp-mongodb-fp100,41.654053,0.052643335815338796
jp-mongodb-fp100,41.658936,0.0536361379995036
jp-mongodb-fp100,41.664062,0.0546289401836684
jp-mongodb-fp100,41.668945,0.05562174236783321
jp-mongodb-fp100,41.674072,0.05661454455199801
jp-mongodb-fp100,41.677979,0.05760734673616282
jp-mongodb-fp100,41.683838,0.058600148920327624
jp-mongodb-fp100,41.688965,0.05959295110449243
jp-mongodb-fp100,41.693115,0.060585753288657236
jp-mongodb-fp100,41.698975,0.06157855547282204
jp-mongodb-fp100,41.705078,0.06257135765698685
jp-mongodb-fp100,41.709961,0.06356415984115166
jp-mongodb-fp100,41.71582,0.06455696202531645
jp-mongodb-fp100,41.720947,0.06554976420948126
jp-mongodb-fp100,41.72583,0.06654256639364607
jp-mongodb-fp100,41.730957,0.06753536857781087
jp-mongodb-fp100,41.735107,0.06852817076197568
jp-mongodb-fp100,41.73999,0.06952097294614049
jp-mongodb-fp100,41.745117,0.07051377513030528
jp-mongodb-fp100,41.748779,0.07150657731447009
jp-mongodb-fp100,41.753174,0.0724993794986349
jp-mongodb-fp100,41.75708,0.0734921816827997
jp-mongodb-fp100,41.760986,0.0744849838669645
jp-mongodb-fp100,41.763916,0.07547778605112931
jp-mongodb-fp100,41.76709,0.07647058823529412
jp-mongodb-fp100,41.771973,0.07746339041945892
jp-mongodb-fp100,41.774902,0.07845619260362373
jp-mongodb-fp100,41.780762,0.07944899478778854
jp-mongodb-fp100,41.785889,0.08044179697195333
jp-mongodb-fp100,41.789062,0.08143459915611814
jp-mongodb-fp100,41.791992,0.08242740134028295
jp-mongodb-fp100,41.796875,0.08342020352444775
jp-mongodb-fp100,41.801025,0.08441300570861256
jp-mongodb-fp100,41.804932,0.08540580789277737
jp-mongodb-fp100,41.809082,0.08639861007694218
jp-mongodb-fp100,41.813965,0.08739141226110697
jp-mongodb-fp100,41.817139,0.08838421444527178
jp-mongodb-fp100,41.822021,0.08937701662943659
jp-mongodb-fp100,41.825928,0.09036981881360139
jp-mongodb-fp100,41.830078,0.0913626209977662
jp-mongodb-fp100,41.834961,0.092355423181931
jp-mongodb-fp100,41.838867,0.0933482253660958
jp-mongodb-fp100,41.842041,0.09434102755026061
jp-mongodb-fp100,41.846191,0.09533382973442542
jp-mongodb-fp100,41.850098,0.09632663191859023
jp-mongodb-fp100,41.854004,0.09731943410275502
jp-mongodb-fp100,41.857178,0.09831223628691983
jp-mongodb-fp100,41.861816,0.09930503847108464
jp-mongodb-fp100,41.86499,0.10029784065524944
jp-mongodb-fp100,41.868896,0.10129064283941425
jp-mongodb-fp100,41.873047,0.10228344502357906
jp-mongodb-fp100,41.875977,0.10327624720774385
jp-mongodb-fp100,41.879883,0.10426904939190866
jp-mongodb-fp100,41.883789,0.10526185157607347
jp-mongodb-fp100,41.886963,0.10625465376023827
jp-mongodb-fp100,41.890869,0.10724745594440308
jp-mongodb-fp100,41.893066,0.10824025812856788
jp-mongodb-fp100,41.895996,0.1092330603127327
jp-mongodb-fp100,41.89917,0.11022586249689749
jp-mongodb-fp100,41.9021,0.1112186646810623
jp-mongodb-fp100,41.905029,0.11221146686522711
jp-mongodb-fp100,41.907959,0.1132042690493919
jp-mongodb-fp100,41.910889,0.11419707123355671
jp-mongodb-fp100,41.914062,0.11518987341772152
jp-mongodb-fp100,41.916992,0.11618267560188632
jp-mongodb-fp100,41.920898,0.11717547778605113
jp-mongodb-fp100,41.924805,0.11816827997021594
jp-mongodb-fp100,41.928223,0.11916108215438075
jp-mongodb-fp100,41.930908,0.12015388433854554
jp-mongodb-fp100,41.935059,0.12114668652271035
jp-mongodb-fp100,41.937988,0.12213948870687516
jp-mongodb-fp100,41.940918,0.12313229089103996
jp-mongodb-fp100,41.945068,0.12412509307520476
jp-mongodb-fp100,41.947998,0.12511789525936956
jp-mongodb-fp100,41.950195,0.12611069744353437
jp-mongodb-fp100,41.952881,0.12710349962769918
jp-mongodb-fp100,41.956055,0.128096301811864
jp-mongodb-fp100,41.958984,0.1290891039960288
jp-mongodb-fp100,41.961914,0.1300819061801936
jp-mongodb-fp100,41.965088,0.1310747083643584
jp-mongodb-fp100,41.968018,0.1320675105485232
jp-mongodb-fp100,41.970947,0.133060312732688
jp-mongodb-fp100,41.973877,0.13405311491685282
jp-mongodb-fp100,41.976807,0.13504591710101763
jp-mongodb-fp100,41.979004,0.13603871928518244
jp-mongodb-fp100,41.981934,0.13703152146934724
jp-mongodb-fp100,41.984863,0.13802432365351203
jp-mongodb-fp100,41.988037,0.13901712583767684
jp-mongodb-fp100,41.990967,0.14000992802184165
jp-mongodb-fp100,41.994141,0.14100273020600645
jp-mongodb-fp100,41.99707,0.14199553239017126
jp-mongodb-fp100,42.0,0.14298833457433607
jp-mongodb-fp100,42.001953,0.14398113675850086
jp-mongodb-fp100,42.005127,0.14497393894266566
jp-mongodb-fp100,42.009033,0.14596674112683047
jp-mongodb-fp100,42.010986,0.14695954331099528
jp-mongodb-fp100,42.013916,0.1479523454951601
jp-mongodb-fp100,42.01709,0.1489451476793249
jp-mongodb-fp100,42.019043,0.1499379498634897
jp-mongodb-fp100,42.021973,0.1509307520476545
jp-mongodb-fp100,42.024902,0.1519235542318193
jp-mongodb-fp100,42.027832,0.1529163564159841
jp-mongodb-fp100,42.030029,0.15390915860014892
jp-mongodb-fp100,42.032959,0.15490196078431373
jp-mongodb-fp100,42.035156,0.15589476296847854
jp-mongodb-fp100,42.038086,0.15688756515264335
jp-mongodb-fp100,42.041992,0.15788036733680813
jp-mongodb-fp100,42.044922,0.15887316952097294
jp-mongodb-fp100,42.047852,0.15986597170513775
jp-mongodb-fp100,42.050049,0.16085877388930256
jp-mongodb-fp100,42.052979,0.16185157607346737
jp-mongodb-fp100,42.055908,0.16284437825763218
jp-mongodb-fp100,42.058105,0.16383718044179696
jp-mongodb-fp100,42.061035,0.16482998262596177
jp-mongodb-fp100,42.062988,0.16582278481012658
jp-mongodb-fp100,42.065918,0.1668155869942914
jp-mongodb-fp100,42.067871,0.1678083891784562
jp-mongodb-fp100,42.069092,0.168801191362621
jp-mongodb-fp100,42.072021,0.16979399354678582
jp-mongodb-fp100,42.073975,0.1707867957309506
jp-mongodb-fp100,42.076904,0.1717795979151154
jp-mongodb-fp100,42.079102,0.17277240009928022
jp-mongodb-fp100,42.082031,0.17376520228344502
jp-mongodb-fp100,42.083984,0.17475800446760983
jp-mongodb-fp100,42.086182,0.17575080665177464
jp-mongodb-fp100,42.089111,0.17674360883593943
jp-mongodb-fp100,42.092041,0.17773641102010423
jp-mongodb-fp100,42.093018,0.17872921320426904
jp-mongodb-fp100,42.095947,0.17972201538843385
jp-mongodb-fp100,42.098877,0.18071481757259866
jp-mongodb-fp100,42.101074,0.18170761975676347
jp-mongodb-fp100,42.103027,0.18270042194092828
jp-mongodb-fp100,42.10498,0.18369322412509306
jp-mongodb-fp100,42.10791,0.18468602630925787
jp-mongodb-fp100,42.109863,0.18567882849342268
jp-mongodb-fp100,42.112061,0.1866716306775875
jp-mongodb-fp100,42.114014,0.1876644328617523
jp-mongodb-fp100,42.116943,0.1886572350459171
jp-mongodb-fp100,42.120117,0.18965003723008192
jp-mongodb-fp100,42.123047,0.1906428394142467
jp-mongodb-fp100,42.125977,0.1916356415984115
jp-mongodb-fp100,42.12915,0.19262844378257632
jp-mongodb-fp100,42.13208,0.19362124596674113
jp-mongodb-fp100,42.134033,0.19461404815090594
jp-mongodb-fp100,42.137207,0.19560685033507075
jp-mongodb-fp100,42.140137,0.19659965251923553
jp-mongodb-fp100,42.143066,0.19759245470340034
jp-mongodb-fp100,42.145996,0.19858525688756515
jp-mongodb-fp100,42.148926,0.19957805907172996
jp-mongodb-fp100,42.151123,0.20057086125589477
jp-mongodb-fp100,42.153809,0.20156366344005958
jp-mongodb-fp100,42.156006,0.20255646562422439
jp-mongodb-fp100,42.158936,0.20354926780838917
jp-mongodb-fp100,42.161133,0.20454206999255398
jp-mongodb-fp100,42.164062,0.20553487217671879
jp-mongodb-fp100,42.166016,0.2065276743608836
jp-mongodb-fp100,42.167969,0.2075204765450484
jp-mongodb-fp100,42.170898,0.20851327872921321
jp-mongodb-fp100,42.173096,0.20950608091337802
jp-mongodb-fp100,42.175049,0.2104988830975428
jp-mongodb-fp100,42.177002,0.21149168528170761
jp-mongodb-fp100,42.179199,0.21248448746587242
jp-mongodb-fp100,42.182129,0.21347728965003723
jp-mongodb-fp100,42.184082,0.21447009183420204
jp-mongodb-fp100,42.187012,0.21546289401836685
jp-mongodb-fp100,42.187988,0.21645569620253163
jp-mongodb-fp100,42.190918,0.21744849838669644
jp-mongodb-fp100,42.192139,0.21844130057086125
jp-mongodb-fp100,42.194824,0.21943410275502606
jp-mongodb-fp100,42.197021,0.22042690493919087
jp-mongodb-fp100,42.198975,0.22141970712335568
jp-mongodb-fp100,42.201172,0.2224125093075205
jp-mongodb-fp100,42.204834,0.22340531149168527
jp-mongodb-fp100,42.207031,0.22439811367585008
jp-mongodb-fp100,42.209229,0.2253909158600149
jp-mongodb-fp100,42.211914,0.2263837180441797
jp-mongodb-fp100,42.214111,0.2273765202283445
jp-mongodb-fp100,42.217041,0.22836932241250932
jp-mongodb-fp100,42.218994,0.2293621245966741
jp-mongodb-fp100,42.221191,0.2303549267808389
jp-mongodb-fp100,42.2229,0.23134772896500372
jp-mongodb-fp100,42.22583,0.23234053114916853
jp-mongodb-fp100,42.228027,0.23333333333333334
jp-mongodb-fp100,42.22998,0.23432613551749815
jp-mongodb-fp100,42.232178,0.23531893770166296
jp-mongodb-fp100,42.234863,0.23631173988582774
jp-mongodb-fp100,42.236084,0.23730454206999255
jp-mongodb-fp100,42.239014,0.23829734425415736
jp-mongodb-fp100,42.240967,0.23929014643832217
jp-mongodb-fp100,42.24292,0.24028294862248697
jp-mongodb-fp100,42.244873,0.24127575080665178
jp-mongodb-fp100,42.24707,0.2422685529908166
jp-mongodb-fp100,42.249023,0.24326135517498138
jp-mongodb-fp100,42.251221,0.24425415735914618
jp-mongodb-fp100,42.253906,0.245246959543311
jp-mongodb-fp100,42.255859,0.2462397617274758
jp-mongodb-fp100,42.258057,0.2472325639116406
jp-mongodb-fp100,42.260986,0.24822536609580542
jp-mongodb-fp100,42.262939,0.2492181682799702
jp-mongodb-fp100,42.264893,0.25021097046413504
jp-mongodb-fp100,42.26709,0.25120377264829985
jp-mongodb-fp100,42.269043,0.2521965748324646
jp-mongodb-fp100,42.271973,0.2531893770166294
jp-mongodb-fp100,42.273926,0.2541821792007942
jp-mongodb-fp100,42.275879,0.25517498138495903
jp-mongodb-fp100,42.2771,0.25616778356912384
jp-mongodb-fp100,42.280029,0.25716058575328865
jp-mongodb-fp100,42.282227,0.25815338793745346
jp-mongodb-fp100,42.284912,0.25914619012161827
jp-mongodb-fp100,42.286865,0.2601389923057831
jp-mongodb-fp100,42.289062,0.2611317944899479
jp-mongodb-fp100,42.291016,0.2621245966741127
jp-mongodb-fp100,42.293945,0.2631173988582775
jp-mongodb-fp100,42.295166,0.2641102010424423
jp-mongodb-fp100,42.297852,0.2651030032266071
jp-mongodb-fp100,42.300781,0.2660958054107719
jp-mongodb-fp100,42.302979,0.2670886075949367
jp-mongodb-fp100,42.304932,0.2680814097791015
jp-mongodb-fp100,42.306885,0.2690742119632663
jp-mongodb-fp100,42.309814,0.2700670141474311
jp-mongodb-fp100,42.312012,0.2710598163315959
jp-mongodb-fp100,42.313965,0.27205261851576074
jp-mongodb-fp100,42.316895,0.27304542069992555
jp-mongodb-fp100,42.319092,0.27403822288409035
jp-mongodb-fp100,42.321045,0.27503102506825516
jp-mongodb-fp100,42.322998,0.27602382725242
jp-mongodb-fp100,42.324951,0.2770166294365848
jp-mongodb-fp100,42.326904,0.2780094316207496
jp-mongodb-fp100,42.329102,0.27900223380491435
jp-mongodb-fp100,42.332031,0.27999503598907916
jp-mongodb-fp100,42.333984,0.28098783817324396
jp-mongodb-fp100,42.335938,0.2819806403574088
jp-mongodb-fp100,42.337891,0.2829734425415736
jp-mongodb-fp100,42.340088,0.2839662447257384
jp-mongodb-fp100,42.342773,0.2849590469099032
jp-mongodb-fp100,42.344971,0.285951849094068
jp-mongodb-fp100,42.346924,0.2869446512782328
jp-mongodb-fp100,42.348877,0.28793745346239763
jp-mongodb-fp100,42.351074,0.28893025564656244
jp-mongodb-fp100,42.354004,0.28992305783072725
jp-mongodb-fp100,42.355957,0.29091586001489206
jp-mongodb-fp100,42.358887,0.2919086621990568
jp-mongodb-fp100,42.360107,0.2929014643832216
jp-mongodb-fp100,42.362061,0.29389426656738643
jp-mongodb-fp100,42.364014,0.29488706875155124
jp-mongodb-fp100,42.365967,0.29587987093571605
jp-mongodb-fp100,42.368164,0.29687267311988086
jp-mongodb-fp100,42.371094,0.29786547530404567
jp-mongodb-fp100,42.374023,0.2988582774882105
jp-mongodb-fp100,42.375977,0.2998510796723753
jp-mongodb-fp100,42.37793,0.3008438818565401
jp-mongodb-fp100,42.379883,0.3018366840407049
jp-mongodb-fp100,42.381104,0.3028294862248697
jp-mongodb-fp100,42.384033,0.3038222884090345
jp-mongodb-fp100,42.385986,0.3048150905931993
jp-mongodb-fp100,42.388184,0.3058078927773641
jp-mongodb-fp100,42.391113,0.3068006949615289
jp-mongodb-fp100,42.393066,0.3077934971456937
jp-mongodb-fp100,42.395996,0.3087862993298585
jp-mongodb-fp100,42.398193,0.3097791015140233
jp-mongodb-fp100,42.400146,0.31077190369818813
jp-mongodb-fp100,42.4021,0.31176470588235294
jp-mongodb-fp100,42.404785,0.31275750806651775
jp-mongodb-fp100,42.406982,0.31375031025068256
jp-mongodb-fp100,42.408936,0.31474311243484737
jp-mongodb-fp100,42.410156,0.3157359146190122
jp-mongodb-fp100,42.412842,0.316728716803177
jp-mongodb-fp100,42.415039,0.31772151898734174
jp-mongodb-fp100,42.416992,0.31871432117150655
jp-mongodb-fp100,42.418945,0.31970712335567136
jp-mongodb-fp100,42.421143,0.3206999255398362
jp-mongodb-fp100,42.423096,0.321692727724001
jp-mongodb-fp100,42.425049,0.3226855299081658
jp-mongodb-fp100,42.427979,0.3236783320923306
jp-mongodb-fp100,42.430908,0.3246711342764954
jp-mongodb-fp100,42.432129,0.3256639364606602
jp-mongodb-fp100,42.434082,0.32665673864482503
jp-mongodb-fp100,42.436035,0.32764954082898984
jp-mongodb-fp100,42.437988,0.32864234301315465
jp-mongodb-fp100,42.439941,0.32963514519731946
jp-mongodb-fp100,42.441895,0.33062794738148427
jp-mongodb-fp100,42.443848,0.331620749565649
jp-mongodb-fp100,42.446045,0.33261355174981383
jp-mongodb-fp100,42.447998,0.33360635393397864
jp-mongodb-fp100,42.450195,0.33459915611814345
jp-mongodb-fp100,42.452148,0.33559195830230826
jp-mongodb-fp100,42.454102,0.33658476048647307
jp-mongodb-fp100,42.456055,0.3375775626706379
jp-mongodb-fp100,42.458008,0.3385703648548027
jp-mongodb-fp100,42.460205,0.3395631670389675
jp-mongodb-fp100,42.462891,0.3405559692231323
jp-mongodb-fp100,42.46582,0.3415487714072971
jp-mongodb-fp100,42.468018,0.3425415735914619
jp-mongodb-fp100,42.469971,0.34353437577562673
jp-mongodb-fp100,42.471924,0.3445271779597915
jp-mongodb-fp100,42.474121,0.3455199801439563
jp-mongodb-fp100,42.476074,0.3465127823281211
jp-mongodb-fp100,42.478027,0.3475055845122859
jp-mongodb-fp100,42.47998,0.3484983866964507
jp-mongodb-fp100,42.482178,0.34949118888061553
jp-mongodb-fp100,42.484131,0.35048399106478034
jp-mongodb-fp100,42.486084,0.35147679324894515
jp-mongodb-fp100,42.489014,0.35246959543310996
jp-mongodb-fp100,42.491211,0.35346239761727477
jp-mongodb-fp100,42.493896,0.3544551998014396
jp-mongodb-fp100,42.496826,0.3554480019856044
jp-mongodb-fp100,42.498047,0.3564408041697692
jp-mongodb-fp100,42.501953,0.35743360635393395
jp-mongodb-fp100,42.50293,0.35842640853809876
jp-mongodb-fp100,42.505127,0.35941921072226357
jp-mongodb-fp100,42.50708,0.3604120129064284
jp-mongodb-fp100,42.509033,0.3614048150905932
jp-mongodb-fp100,42.510986,0.362397617274758
jp-mongodb-fp100,42.513916,0.3633904194589228
jp-mongodb-fp100,42.515869,0.3643832216430876
jp-mongodb-fp100,42.51709,0.3653760238272524
jp-mongodb-fp100,42.519043,0.36636882601141724
jp-mongodb-fp100,42.521973,0.36736162819558205
jp-mongodb-fp100,42.524902,0.36835443037974686
jp-mongodb-fp100,42.5271,0.36934723256391166
jp-mongodb-fp100,42.529053,0.3703400347480764
jp-mongodb-fp100,42.531006,0.37133283693224123
jp-mongodb-fp100,42.532959,0.37232563911640604
jp-mongodb-fp100,42.535889,0.37331844130057085
jp-mongodb-fp100,42.537842,0.37431124348473566
jp-mongodb-fp100,42.541016,0.37530404566890047
jp-mongodb-fp100,42.542969,0.3762968478530653
jp-mongodb-fp100,42.544922,0.3772896500372301
jp-mongodb-fp100,42.546875,0.3782824522213949
jp-mongodb-fp100,42.548828,0.3792752544055597
jp-mongodb-fp100,42.550049,0.3802680565897245
jp-mongodb-fp100,42.552002,0.3812608587738893
jp-mongodb-fp100,42.553955,0.38225366095805413
jp-mongodb-fp100,42.556152,0.38324646314221894
jp-mongodb-fp100,42.558105,0.3842392653263837
jp-mongodb-fp100,42.560059,0.3852320675105485
jp-mongodb-fp100,42.562988,0.3862248696947133
jp-mongodb-fp100,42.564941,0.3872176718788781
jp-mongodb-fp100,42.567871,0.38821047406304293
jp-mongodb-fp100,42.570068,0.38920327624720774
jp-mongodb-fp100,42.572998,0.39019607843137255
jp-mongodb-fp100,42.574951,0.39118888061553736
jp-mongodb-fp100,42.576172,0.39218168279970217
jp-mongodb-fp100,42.578125,0.393174484983867
jp-mongodb-fp100,42.580078,0.3941672871680318
jp-mongodb-fp100,42.582031,0.3951600893521966
jp-mongodb-fp100,42.584961,0.3961528915363614
jp-mongodb-fp100,42.586182,0.39714569372052616
jp-mongodb-fp100,42.588867,0.39813849590469097
jp-mongodb-fp100,42.59082,0.3991312980888558
jp-mongodb-fp100,42.592773,0.4001241002730206
jp-mongodb-fp100,42.593994,0.4011169024571854
jp-mongodb-fp100,42.595947,0.4021097046413502
jp-mongodb-fp100,42.598877,0.403102506825515
jp-mongodb-fp100,42.600098,0.4040953090096798
jp-mongodb-fp100,42.602783,0.40508811119384464
jp-mongodb-fp100,42.60498,0.40608091337800944
jp-mongodb-fp100,42.606934,0.40707371556217425
jp-mongodb-fp100,42.609131,0.40806651774633906
jp-mongodb-fp100,42.611816,0.4090593199305039
jp-mongodb-fp100,42.614014,0.4100521221146686
jp-mongodb-fp100,42.615967,0.41104492429883344
jp-mongodb-fp100,42.618896,0.41203772648299825
jp-mongodb-fp100,42.620117,0.41303052866716305
jp-mongodb-fp100,42.622803,0.41402333085132786
jp-mongodb-fp100,42.625,0.4150161330354927
jp-mongodb-fp100,42.62793,0.4160089352196575
jp-mongodb-fp100,42.629883,0.4170017374038223
jp-mongodb-fp100,42.63208,0.4179945395879871
jp-mongodb-fp100,42.634033,0.4189873417721519
jp-mongodb-fp100,42.635986,0.4199801439563167
jp-mongodb-fp100,42.638184,0.42097294614048153
jp-mongodb-fp100,42.640137,0.42196574832464634
jp-mongodb-fp100,42.64209,0.4229585505088111
jp-mongodb-fp100,42.644043,0.4239513526929759
jp-mongodb-fp100,42.645996,0.4249441548771407
jp-mongodb-fp100,42.648193,0.4259369570613055
jp-mongodb-fp100,42.649902,0.42692975924547033
jp-mongodb-fp100,42.6521,0.42792256142963514
jp-mongodb-fp100,42.654053,0.42891536361379995
jp-mongodb-fp100,42.656006,0.42990816579796476
jp-mongodb-fp100,42.658936,0.43090096798212957
jp-mongodb-fp100,42.660156,0.4318937701662944
jp-mongodb-fp100,42.662109,0.4328865723504592
jp-mongodb-fp100,42.664062,0.433879374534624
jp-mongodb-fp100,42.666992,0.4348721767187888
jp-mongodb-fp100,42.668213,0.43586497890295356
jp-mongodb-fp100,42.670898,0.43685778108711837
jp-mongodb-fp100,42.673096,0.4378505832712832
jp-mongodb-fp100,42.675049,0.438843385455448
jp-mongodb-fp100,42.677979,0.4398361876396128
jp-mongodb-fp100,42.679932,0.4408289898237776
jp-mongodb-fp100,42.681885,0.4418217920079424
jp-mongodb-fp100,42.684082,0.4428145941921072
jp-mongodb-fp100,42.686035,0.44380739637627203
jp-mongodb-fp100,42.687988,0.44480019856043684
jp-mongodb-fp100,42.688965,0.44579300074460165
jp-mongodb-fp100,42.691895,0.44678580292876646
jp-mongodb-fp100,42.694092,0.44777860511293127
jp-mongodb-fp100,42.696045,0.4487714072970961
jp-mongodb-fp100,42.697998,0.44976420948126083
jp-mongodb-fp100,42.699951,0.45075701166542564
jp-mongodb-fp100,42.701904,0.45174981384959045
jp-mongodb-fp100,42.704102,0.45274261603375526
jp-mongodb-fp100,42.707031,0.4537354182179201
jp-mongodb-fp100,42.709961,0.4547282204020849
jp-mongodb-fp100,42.712891,0.4557210225862497
jp-mongodb-fp100,42.714111,0.4567138247704145
jp-mongodb-fp100,42.716064,0.4577066269545793
jp-mongodb-fp100,42.718018,0.4586994291387441
jp-mongodb-fp100,42.719971,0.45969223132290893
jp-mongodb-fp100,42.721924,0.46068503350707374
jp-mongodb-fp100,42.7229,0.46167783569123855
jp-mongodb-fp100,42.725098,0.4626706378754033
jp-mongodb-fp100,42.728027,0.4636634400595681
jp-mongodb-fp100,42.72998,0.4646562422437329
jp-mongodb-fp100,42.73291,0.46564904442789773
jp-mongodb-fp100,42.735107,0.46664184661206254
jp-mongodb-fp100,42.737793,0.46763464879622735
jp-mongodb-fp100,42.73999,0.46862745098039216
jp-mongodb-fp100,42.741211,0.46962025316455697
jp-mongodb-fp100,42.743164,0.4706130553487218
jp-mongodb-fp100,42.74585,0.4716058575328866
jp-mongodb-fp100,42.748047,0.4725986597170514
jp-mongodb-fp100,42.75,0.4735914619012162
jp-mongodb-fp100,42.753174,0.474584264085381
jp-mongodb-fp100,42.755859,0.47557706626954577
jp-mongodb-fp100,42.75708,0.4765698684537106
jp-mongodb-fp100,42.76001,0.4775626706378754
jp-mongodb-fp100,42.762939,0.4785554728220402
jp-mongodb-fp100,42.764893,0.479548275006205
jp-mongodb-fp100,42.76709,0.4805410771903698
jp-mongodb-fp100,42.769775,0.4815338793745346
jp-mongodb-fp100,42.771973,0.48252668155869943
jp-mongodb-fp100,42.773926,0.48351948374286424
jp-mongodb-fp100,42.776123,0.48451228592702905
jp-mongodb-fp100,42.778076,0.48550508811119386
jp-mongodb-fp100,42.780029,0.48649789029535867
jp-mongodb-fp100,42.782959,0.4874906924795235
jp-mongodb-fp100,42.785156,0.48848349466368823
jp-mongodb-fp100,42.788086,0.48947629684785304
jp-mongodb-fp100,42.790039,0.49046909903201785
jp-mongodb-fp100,42.791992,0.49146190121618266
jp-mongodb-fp100,42.793945,0.49245470340034747
jp-mongodb-fp100,42.795898,0.4934475055845123
jp-mongodb-fp100,42.797852,0.4944403077686771
jp-mongodb-fp100,42.799805,0.4954331099528419
jp-mongodb-fp100,42.802002,0.4964259121370067
jp-mongodb-fp100,42.804932,0.4974187143211715
jp-mongodb-fp100,42.807129,0.4984115165053363
jp-mongodb-fp100,42.809814,0.49940431868950114
jp-mongodb-fp100,42.812012,0.500397120873666
jp-mongodb-fp100,42.813965,0.5013899230578307
jp-mongodb-fp100,42.816895,0.5023827252419956
jp-mongodb-fp100,42.819092,0.5033755274261603
jp-mongodb-fp100,42.821045,0.5043683296103252
jp-mongodb-fp100,42.822998,0.5053611317944899
jp-mongodb-fp100,42.825928,0.5063539339786548
jp-mongodb-fp100,42.827881,0.5073467361628196
jp-mongodb-fp100,42.830078,0.5083395383469843
jp-mongodb-fp100,42.832031,0.5093323405311492
jp-mongodb-fp100,42.834961,0.5103251427153139
jp-mongodb-fp100,42.836914,0.5113179448994788
jp-mongodb-fp100,42.838867,0.5123107470836435
jp-mongodb-fp100,42.840088,0.5133035492678084
jp-mongodb-fp100,42.843018,0.5142963514519732
jp-mongodb-fp100,42.844971,0.515289153636138
jp-mongodb-fp100,42.8479,0.5162819558203028
jp-mongodb-fp100,42.85083,0.5172747580044676
jp-mongodb-fp100,42.853027,0.5182675601886324
jp-mongodb-fp100,42.85498,0.5192603623727973
jp-mongodb-fp100,42.857178,0.520253164556962
jp-mongodb-fp100,42.860107,0.5212459667411268
jp-mongodb-fp100,42.862793,0.5222387689252916
jp-mongodb-fp100,42.864014,0.5232315711094564
jp-mongodb-fp100,42.866943,0.5242243732936213
jp-mongodb-fp100,42.868896,0.525217175477786
jp-mongodb-fp100,42.870117,0.5262099776619509
jp-mongodb-fp100,42.873047,0.5272027798461156
jp-mongodb-fp100,42.875977,0.5281955820302805
jp-mongodb-fp100,42.87793,0.5291883842144453
jp-mongodb-fp100,42.880127,0.5301811863986101
jp-mongodb-fp100,42.88208,0.5311739885827749
jp-mongodb-fp100,42.88501,0.5321667907669397
jp-mongodb-fp100,42.886963,0.5331595929511045
jp-mongodb-fp100,42.888916,0.5341523951352692
jp-mongodb-fp100,42.891846,0.5351451973194341
jp-mongodb-fp100,42.893799,0.5361379995035989
jp-mongodb-fp100,42.895996,0.5371308016877637
jp-mongodb-fp100,42.898926,0.5381236038719285
jp-mongodb-fp100,42.900879,0.5391164060560933
jp-mongodb-fp100,42.903076,0.5401092082402581
jp-mongodb-fp100,42.905029,0.541102010424423
jp-mongodb-fp100,42.907959,0.5420948126085877
jp-mongodb-fp100,42.909912,0.5430876147927526
jp-mongodb-fp100,42.912109,0.5440804169769173
jp-mongodb-fp100,42.914062,0.5450732191610822
jp-mongodb-fp100,42.916016,0.546066021345247
jp-mongodb-fp100,42.918213,0.5470588235294118
jp-mongodb-fp100,42.920166,0.5480516257135766
jp-mongodb-fp100,42.923096,0.5490444278977413
jp-mongodb-fp100,42.925781,0.5500372300819062
jp-mongodb-fp100,42.927979,0.551030032266071
jp-mongodb-fp100,42.930908,0.5520228344502358
jp-mongodb-fp100,42.932861,0.5530156366344006
jp-mongodb-fp100,42.935059,0.5540084388185654
jp-mongodb-fp100,42.937012,0.5550012410027302
jp-mongodb-fp100,42.938965,0.555994043186895
jp-mongodb-fp100,42.941895,0.5569868453710598
jp-mongodb-fp100,42.944092,0.5579796475552247
jp-mongodb-fp100,42.947021,0.5589724497393894
jp-mongodb-fp100,42.948975,0.5599652519235543
jp-mongodb-fp100,42.951904,0.560958054107719
jp-mongodb-fp100,42.954102,0.5619508562918838
jp-mongodb-fp100,42.957031,0.5629436584760487
jp-mongodb-fp100,42.958984,0.5639364606602134
jp-mongodb-fp100,42.961914,0.5649292628443783
jp-mongodb-fp100,42.963867,0.565922065028543
jp-mongodb-fp100,42.96582,0.5669148672127079
jp-mongodb-fp100,42.967041,0.5679076693968726
jp-mongodb-fp100,42.968994,0.5689004715810375
jp-mongodb-fp100,42.971924,0.5698932737652023
jp-mongodb-fp100,42.973877,0.5708860759493671
jp-mongodb-fp100,42.976074,0.5718788781335319
jp-mongodb-fp100,42.978027,0.5728716803176968
jp-mongodb-fp100,42.980957,0.5738644825018615
jp-mongodb-fp100,42.984131,0.5748572846860263
jp-mongodb-fp100,42.986816,0.5758500868701911
jp-mongodb-fp100,42.989014,0.5768428890543559
jp-mongodb-fp100,42.991943,0.5778356912385207
jp-mongodb-fp100,42.993896,0.5788284934226855
jp-mongodb-fp100,42.99585,0.5798212956068504
jp-mongodb-fp100,42.998779,0.5808140977910151
jp-mongodb-fp100,43.000977,0.58180689997518
jp-mongodb-fp100,43.00293,0.5827997021593447
jp-mongodb-fp100,43.005859,0.5837925043435096
jp-mongodb-fp100,43.008057,0.5847853065276744
jp-mongodb-fp100,43.010986,0.5857781087118392
jp-mongodb-fp100,43.012939,0.586770910896004
jp-mongodb-fp100,43.01416,0.5877637130801687
jp-mongodb-fp100,43.016113,0.5887565152643336
jp-mongodb-fp100,43.018799,0.5897493174484983
jp-mongodb-fp100,43.020996,0.5907421196326632
jp-mongodb-fp100,43.023193,0.591734921816828
jp-mongodb-fp100,43.025146,0.5927277240009928
jp-mongodb-fp100,43.027832,0.5937205261851576
jp-mongodb-fp100,43.031006,0.5947133283693224
jp-mongodb-fp100,43.033936,0.5957061305534872
jp-mongodb-fp100,43.036865,0.5966989327376521
jp-mongodb-fp100,43.039062,0.5976917349218168
jp-mongodb-fp100,43.041016,0.5986845371059817
jp-mongodb-fp100,43.043945,0.5996773392901464
jp-mongodb-fp100,43.045898,0.6006701414743112
jp-mongodb-fp100,43.049072,0.6016629436584761
jp-mongodb-fp100,43.052002,0.6026557458426408
jp-mongodb-fp100,43.053955,0.6036485480268057
jp-mongodb-fp100,43.056885,0.6046413502109704
jp-mongodb-fp100,43.059082,0.6056341523951353
jp-mongodb-fp100,43.062012,0.6066269545793
jp-mongodb-fp100,43.064941,0.6076197567634649
jp-mongodb-fp100,43.068115,0.6086125589476297
jp-mongodb-fp100,43.070068,0.6096053611317945
jp-mongodb-fp100,43.072021,0.6105981633159593
jp-mongodb-fp100,43.074951,0.6115909655001242
jp-mongodb-fp100,43.076904,0.6125837676842889
jp-mongodb-fp100,43.078857,0.6135765698684537
jp-mongodb-fp100,43.081787,0.6145693720526185
jp-mongodb-fp100,43.083984,0.6155621742367833
jp-mongodb-fp100,43.086914,0.6165549764209481
jp-mongodb-fp100,43.089111,0.6175477786051129
jp-mongodb-fp100,43.092041,0.6185405807892778
jp-mongodb-fp100,43.095947,0.6195333829734425
jp-mongodb-fp100,43.099121,0.6205261851576074
jp-mongodb-fp100,43.101807,0.6215189873417721
jp-mongodb-fp100,43.104004,0.622511789525937
jp-mongodb-fp100,43.105957,0.6235045917101018
jp-mongodb-fp100,43.109131,0.6244973938942666
jp-mongodb-fp100,43.111084,0.6254901960784314
jp-mongodb-fp100,43.114014,0.6264829982625961
jp-mongodb-fp100,43.116943,0.627475800446761
jp-mongodb-fp100,43.118896,0.6284686026309257
jp-mongodb-fp100,43.121094,0.6294614048150906
jp-mongodb-fp100,43.123047,0.6304542069992554
jp-mongodb-fp100,43.125977,0.6314470091834202
jp-mongodb-fp100,43.12793,0.632439811367585
jp-mongodb-fp100,43.130127,0.6334326135517498
jp-mongodb-fp100,43.132812,0.6344254157359146
jp-mongodb-fp100,43.13501,0.6354182179200795
jp-mongodb-fp100,43.137939,0.6364110201042442
jp-mongodb-fp100,43.140137,0.6374038222884091
jp-mongodb-fp100,43.143066,0.6383966244725738
jp-mongodb-fp100,43.145996,0.6393894266567386
jp-mongodb-fp100,43.149902,0.6403822288409035
jp-mongodb-fp100,43.1521,0.6413750310250682
jp-mongodb-fp100,43.154053,0.6423678332092331
jp-mongodb-fp100,43.156982,0.6433606353933978
jp-mongodb-fp100,43.160889,0.6443534375775627
jp-mongodb-fp100,43.162842,0.6453462397617274
jp-mongodb-fp100,43.165039,0.6463390419458923
jp-mongodb-fp100,43.167969,0.6473318441300571
jp-mongodb-fp100,43.169922,0.6483246463142219
jp-mongodb-fp100,43.172852,0.6493174484983867
jp-mongodb-fp100,43.176025,0.6503102506825515
jp-mongodb-fp100,43.178223,0.6513030528667163
jp-mongodb-fp100,43.181152,0.6522958550508811
jp-mongodb-fp100,43.184082,0.6532886572350459
jp-mongodb-fp100,43.187012,0.6542814594192107
jp-mongodb-fp100,43.189941,0.6552742616033755
jp-mongodb-fp100,43.192871,0.6562670637875403
jp-mongodb-fp100,43.196045,0.6572598659717052
jp-mongodb-fp100,43.197998,0.6582526681558699
jp-mongodb-fp100,43.200928,0.6592454703400348
jp-mongodb-fp100,43.203857,0.6602382725241995
jp-mongodb-fp100,43.206055,0.6612310747083644
jp-mongodb-fp100,43.209961,0.6622238768925292
jp-mongodb-fp100,43.212891,0.663216679076694
jp-mongodb-fp100,43.215088,0.6642094812608588
jp-mongodb-fp100,43.218994,0.6652022834450236
jp-mongodb-fp100,43.221924,0.6661950856291884
jp-mongodb-fp100,43.224121,0.6671878878133531
jp-mongodb-fp100,43.227051,0.668180689997518
jp-mongodb-fp100,43.22998,0.6691734921816828
jp-mongodb-fp100,43.23291,0.6701662943658476
jp-mongodb-fp100,43.23584,0.6711590965500124
jp-mongodb-fp100,43.238037,0.6721518987341772
jp-mongodb-fp100,43.241943,0.673144700918342
jp-mongodb-fp100,43.244873,0.6741375031025069
jp-mongodb-fp100,43.247803,0.6751303052866716
jp-mongodb-fp100,43.25,0.6761231074708365
jp-mongodb-fp100,43.25293,0.6771159096550012
jp-mongodb-fp100,43.256104,0.6781087118391661
jp-mongodb-fp100,43.259033,0.6791015140233309
jp-mongodb-fp100,43.261963,0.6800943162074956
jp-mongodb-fp100,43.264893,0.6810871183916605
jp-mongodb-fp100,43.267822,0.6820799205758252
jp-mongodb-fp100,43.27002,0.6830727227599901
jp-mongodb-fp100,43.273926,0.6840655249441548
jp-mongodb-fp100,43.276855,0.6850583271283197
jp-mongodb-fp100,43.279053,0.6860511293124845
jp-mongodb-fp100,43.281982,0.6870439314966493
jp-mongodb-fp100,43.285889,0.6880367336808141
jp-mongodb-fp100,43.289062,0.689029535864979
jp-mongodb-fp100,43.292969,0.6900223380491437
jp-mongodb-fp100,43.296143,0.6910151402333086
jp-mongodb-fp100,43.300049,0.6920079424174733
jp-mongodb-fp100,43.302979,0.6930007446016381
jp-mongodb-fp100,43.305908,0.6939935467858029
jp-mongodb-fp100,43.310059,0.6949863489699677
jp-mongodb-fp100,43.312988,0.6959791511541326
jp-mongodb-fp100,43.315918,0.6969719533382973
jp-mongodb-fp100,43.319092,0.6979647555224622
jp-mongodb-fp100,43.322021,0.6989575577066269
jp-mongodb-fp100,43.325928,0.6999503598907918
jp-mongodb-fp100,43.328857,0.7009431620749565
jp-mongodb-fp100,43.331787,0.7019359642591214
jp-mongodb-fp100,43.334961,0.7029287664432862
jp-mongodb-fp100,43.337891,0.703921568627451
jp-mongodb-fp100,43.340088,0.7049143708116158
jp-mongodb-fp100,43.343018,0.7059071729957805
jp-mongodb-fp100,43.346924,0.7068999751799454
jp-mongodb-fp100,43.350098,0.7078927773641102
jp-mongodb-fp100,43.354004,0.708885579548275
jp-mongodb-fp100,43.355957,0.7098783817324398
jp-mongodb-fp100,43.359131,0.7108711839166046
jp-mongodb-fp100,43.362793,0.7118639861007694
jp-mongodb-fp100,43.36499,0.7128567882849343
jp-mongodb-fp100,43.36792,0.713849590469099
jp-mongodb-fp100,43.371094,0.7148423926532639
jp-mongodb-fp100,43.374023,0.7158351948374286
jp-mongodb-fp100,43.378906,0.7168279970215935
jp-mongodb-fp100,43.38208,0.7178207992057583
jp-mongodb-fp100,43.385986,0.718813601389923
jp-mongodb-fp100,43.389893,0.7198064035740879
jp-mongodb-fp100,43.394043,0.7207992057582526
jp-mongodb-fp100,43.397949,0.7217920079424175
jp-mongodb-fp100,43.400146,0.7227848101265822
jp-mongodb-fp100,43.404053,0.7237776123107471
jp-mongodb-fp100,43.407959,0.7247704144949119
jp-mongodb-fp100,43.411865,0.7257632166790767
jp-mongodb-fp100,43.416016,0.7267560188632415
jp-mongodb-fp100,43.419189,0.7277488210474063
jp-mongodb-fp100,43.421875,0.7287416232315711
jp-mongodb-fp100,43.425049,0.729734425415736
jp-mongodb-fp100,43.428223,0.7307272275999007
jp-mongodb-fp100,43.431152,0.7317200297840655
jp-mongodb-fp100,43.434814,0.7327128319682303
jp-mongodb-fp100,43.438965,0.7337056341523951
jp-mongodb-fp100,43.442871,0.73469843633656
jp-mongodb-fp100,43.446045,0.7356912385207247
jp-mongodb-fp100,43.450928,0.7366840407048896
jp-mongodb-fp100,43.454102,0.7376768428890543
jp-mongodb-fp100,43.458008,0.7386696450732192
jp-mongodb-fp100,43.461914,0.739662447257384
jp-mongodb-fp100,43.465088,0.7406552494415488
jp-mongodb-fp100,43.468994,0.7416480516257136
jp-mongodb-fp100,43.473145,0.7426408538098784
jp-mongodb-fp100,43.477783,0.7436336559940432
jp-mongodb-fp100,43.481201,0.7446264581782079
jp-mongodb-fp100,43.485107,0.7456192603623728
jp-mongodb-fp100,43.488037,0.7466120625465376
jp-mongodb-fp100,43.491943,0.7476048647307024
jp-mongodb-fp100,43.495117,0.7485976669148672
jp-mongodb-fp100,43.498779,0.749590469099032
jp-mongodb-fp100,43.501953,0.7505832712831968
jp-mongodb-fp100,43.506104,0.7515760734673617
jp-mongodb-fp100,43.510986,0.7525688756515264
jp-mongodb-fp100,43.514893,0.7535616778356913
jp-mongodb-fp100,43.52002,0.754554480019856
jp-mongodb-fp100,43.523926,0.7555472822040209
jp-mongodb-fp100,43.528076,0.7565400843881857
jp-mongodb-fp100,43.531982,0.7575328865723504
jp-mongodb-fp100,43.535889,0.7585256887565153
jp-mongodb-fp100,43.541992,0.75951849094068
jp-mongodb-fp100,43.545898,0.7605112931248449
jp-mongodb-fp100,43.551025,0.7615040953090096
jp-mongodb-fp100,43.555908,0.7624968974931745
jp-mongodb-fp100,43.561035,0.7634896996773393
jp-mongodb-fp100,43.563965,0.7644825018615041
jp-mongodb-fp100,43.567871,0.7654753040456689
jp-mongodb-fp100,43.572021,0.7664681062298337
jp-mongodb-fp100,43.575928,0.7674609084139985
jp-mongodb-fp100,43.579102,0.7684537105981634
jp-mongodb-fp100,43.583984,0.7694465127823281
jp-mongodb-fp100,43.587158,0.7704393149664929
jp-mongodb-fp100,43.591797,0.7714321171506577
jp-mongodb-fp100,43.594971,0.7724249193348225
jp-mongodb-fp100,43.599854,0.7734177215189874
jp-mongodb-fp100,43.603027,0.7744105237031521
jp-mongodb-fp100,43.607178,0.775403325887317
jp-mongodb-fp100,43.612061,0.7763961280714817
jp-mongodb-fp100,43.615967,0.7773889302556466
jp-mongodb-fp100,43.619873,0.7783817324398113
jp-mongodb-fp100,43.624023,0.7793745346239762
jp-mongodb-fp100,43.628906,0.780367336808141
jp-mongodb-fp100,43.634033,0.7813601389923058
jp-mongodb-fp100,43.638184,0.7823529411764706
jp-mongodb-fp100,43.64209,0.7833457433606353
jp-mongodb-fp100,43.646973,0.7843385455448002
jp-mongodb-fp100,43.651855,0.785331347728965
jp-mongodb-fp100,43.656006,0.7863241499131298
jp-mongodb-fp100,43.661865,0.7873169520972946
jp-mongodb-fp100,43.665039,0.7883097542814594
jp-mongodb-fp100,43.669922,0.7893025564656242
jp-mongodb-fp100,43.673828,0.7902953586497891
jp-mongodb-fp100,43.677979,0.7912881608339538
jp-mongodb-fp100,43.681885,0.7922809630181187
jp-mongodb-fp100,43.686035,0.7932737652022834
jp-mongodb-fp100,43.690186,0.7942665673864483
jp-mongodb-fp100,43.695068,0.795259369570613
jp-mongodb-fp100,43.698975,0.7962521717547779
jp-mongodb-fp100,43.703125,0.7972449739389427
jp-mongodb-fp100,43.706787,0.7982377761231074
jp-mongodb-fp100,43.710205,0.7992305783072723
jp-mongodb-fp100,43.714111,0.800223380491437
jp-mongodb-fp100,43.718994,0.8012161826756019
jp-mongodb-fp100,43.724121,0.8022089848597667
jp-mongodb-fp100,43.728027,0.8032017870439315
jp-mongodb-fp100,43.73291,0.8041945892280963
jp-mongodb-fp100,43.738037,0.8051873914122611
jp-mongodb-fp100,43.742188,0.8061801935964259
jp-mongodb-fp100,43.746094,0.8071729957805908
jp-mongodb-fp100,43.750977,0.8081657979647555
jp-mongodb-fp100,43.754883,0.8091586001489204
jp-mongodb-fp100,43.76001,0.8101514023330851
jp-mongodb-fp100,43.764893,0.8111442045172499
jp-mongodb-fp100,43.769043,0.8121370067014148
jp-mongodb-fp100,43.773926,0.8131298088855795
jp-mongodb-fp100,43.779053,0.8141226110697444
jp-mongodb-fp100,43.784912,0.8151154132539091
jp-mongodb-fp100,43.791016,0.816108215438074
jp-mongodb-fp100,43.796875,0.8171010176222387
jp-mongodb-fp100,43.802002,0.8180938198064036
jp-mongodb-fp100,43.806152,0.8190866219905684
jp-mongodb-fp100,43.811035,0.8200794241747332
jp-mongodb-fp100,43.817139,0.821072226358898
jp-mongodb-fp100,43.822021,0.8220650285430628
jp-mongodb-fp100,43.827148,0.8230578307272276
jp-mongodb-fp100,43.833008,0.8240506329113924
jp-mongodb-fp100,43.838867,0.8250434350955572
jp-mongodb-fp100,43.845947,0.826036237279722
jp-mongodb-fp100,43.852051,0.8270290394638868
jp-mongodb-fp100,43.856934,0.8280218416480516
jp-mongodb-fp100,43.864014,0.8290146438322165
jp-mongodb-fp100,43.869141,0.8300074460163812
jp-mongodb-fp100,43.875,0.8310002482005461
jp-mongodb-fp100,43.879883,0.8319930503847108
jp-mongodb-fp100,43.886963,0.8329858525688757
jp-mongodb-fp100,43.891846,0.8339786547530404
jp-mongodb-fp100,43.898926,0.8349714569372053
jp-mongodb-fp100,43.905029,0.8359642591213701
jp-mongodb-fp100,43.912842,0.8369570613055348
jp-mongodb-fp100,43.918945,0.8379498634896997
jp-mongodb-fp100,43.926025,0.8389426656738644
jp-mongodb-fp100,43.933105,0.8399354678580293
jp-mongodb-fp100,43.939209,0.8409282700421941
jp-mongodb-fp100,43.946045,0.8419210722263589
jp-mongodb-fp100,43.953125,0.8429138744105237
jp-mongodb-fp100,43.961914,0.8439066765946885
jp-mongodb-fp100,43.969971,0.8448994787788533
jp-mongodb-fp100,43.977051,0.8458922809630182
jp-mongodb-fp100,43.982178,0.8468850831471829
jp-mongodb-fp100,43.98999,0.8478778853313478
jp-mongodb-fp100,43.99707,0.8488706875155125
jp-mongodb-fp100,44.005127,0.8498634896996773
jp-mongodb-fp100,44.011963,0.8508562918838422
jp-mongodb-fp100,44.020996,0.8518490940680069
jp-mongodb-fp100,44.0271,0.8528418962521718
jp-mongodb-fp100,44.036133,0.8538346984363365
jp-mongodb-fp100,44.046143,0.8548275006205014
jp-mongodb-fp100,44.053955,0.8558203028046661
jp-mongodb-fp100,44.062988,0.856813104988831
jp-mongodb-fp100,44.070068,0.8578059071729958
jp-mongodb-fp100,44.076904,0.8587987093571606
jp-mongodb-fp100,44.084961,0.8597915115413254
jp-mongodb-fp100,44.092041,0.8607843137254902
jp-mongodb-fp100,44.10083,0.861777115909655
jp-mongodb-fp100,44.109131,0.8627699180938198
jp-mongodb-fp100,44.11792,0.8637627202779846
jp-mongodb-fp100,44.130127,0.8647555224621494
jp-mongodb-fp100,44.143066,0.8657483246463142
jp-mongodb-fp100,44.149902,0.866741126830479
jp-mongodb-fp100,44.159912,0.8677339290146439
jp-mongodb-fp100,44.170166,0.8687267311988086
jp-mongodb-fp100,44.179932,0.8697195333829735
jp-mongodb-fp100,44.188965,0.8707123355671382
jp-mongodb-fp100,44.197021,0.8717051377513031
jp-mongodb-fp100,44.208984,0.8726979399354678
jp-mongodb-fp100,44.218994,0.8736907421196327
jp-mongodb-fp100,44.228027,0.8746835443037975
jp-mongodb-fp100,44.23584,0.8756763464879622
jp-mongodb-fp100,44.246094,0.8766691486721271
jp-mongodb-fp100,44.256104,0.8776619508562918
jp-mongodb-fp100,44.269043,0.8786547530404567
jp-mongodb-fp100,44.280029,0.8796475552246215
jp-mongodb-fp100,44.289795,0.8806403574087863
jp-mongodb-fp100,44.299805,0.8816331595929511
jp-mongodb-fp100,44.314941,0.8826259617771159
jp-mongodb-fp100,44.330078,0.8836187639612807
jp-mongodb-fp100,44.344971,0.8846115661454456
jp-mongodb-fp100,44.356201,0.8856043683296103
jp-mongodb-fp100,44.369141,0.8865971705137752
jp-mongodb-fp100,44.385986,0.8875899726979399
jp-mongodb-fp100,44.400146,0.8885827748821047
jp-mongodb-fp100,44.416016,0.8895755770662696
jp-mongodb-fp100,44.430176,0.8905683792504343
jp-mongodb-fp100,44.443115,0.8915611814345992
jp-mongodb-fp100,44.458984,0.8925539836187639
jp-mongodb-fp100,44.4729,0.8935467858029288
jp-mongodb-fp100,44.489014,0.8945395879870935
jp-mongodb-fp100,44.505127,0.8955323901712584
jp-mongodb-fp100,44.5271,0.8965251923554232
jp-mongodb-fp100,44.545166,0.897517994539588
jp-mongodb-fp100,44.577881,0.8985107967237528
jp-mongodb-fp100,44.602051,0.8995035989079176
jp-mongodb-fp100,44.627197,0.9004964010920824
jp-mongodb-fp100,44.648926,0.9014892032762472
jp-mongodb-fp100,44.673828,0.902482005460412
jp-mongodb-fp100,44.709961,0.9034748076445768
jp-mongodb-fp100,44.748047,0.9044676098287416
jp-mongodb-fp100,44.797119,0.9054604120129064
jp-mongodb-fp100,44.834961,0.9064532141970713
jp-mongodb-fp100,44.873047,0.907446016381236
jp-mongodb-fp100,44.917969,0.9084388185654009
jp-mongodb-fp100,44.966064,0.9094316207495656
jp-mongodb-fp100,45.023926,0.9104244229337305
jp-mongodb-fp100,45.060791,0.9114172251178952
jp-mongodb-fp100,45.10498,0.9124100273020601
jp-mongodb-fp100,45.166016,0.9134028294862249
jp-mongodb-fp100,45.249023,0.9143956316703897
jp-mongodb-fp100,45.327148,0.9153884338545545
jp-mongodb-fp100,45.416016,0.9163812360387192
jp-mongodb-fp100,45.529053,0.9173740382228841
jp-mongodb-fp100,45.603027,0.9183668404070489
jp-mongodb-fp100,45.675049,0.9193596425912137
jp-mongodb-fp100,45.788086,0.9203524447753785
jp-mongodb-fp100,45.923096,0.9213452469595433
jp-mongodb-fp100,46.068115,0.9223380491437081
jp-mongodb-fp100,46.203125,0.923330851327873
jp-mongodb-fp100,46.302002,0.9243236535120377
jp-mongodb-fp100,46.431885,0.9253164556962026
jp-mongodb-fp100,46.553955,0.9263092578803673
jp-mongodb-fp100,46.689941,0.9273020600645322
jp-mongodb-fp100,46.86499,0.928294862248697
jp-mongodb-fp100,47.037109,0.9292876644328617
jp-mongodb-fp100,47.198975,0.9302804666170266
jp-mongodb-fp100,47.411133,0.9312732688011913
jp-mongodb-fp100,47.672119,0.9322660709853562
jp-mongodb-fp100,47.928955,0.9332588731695209
jp-mongodb-fp100,48.197998,0.9342516753536858
jp-mongodb-fp100,48.590088,0.9352444775378506
jp-mongodb-fp100,48.993896,0.9362372797220154
jp-mongodb-fp100,49.484131,0.9372300819061802
jp-mongodb-fp100,50.192871,0.938222884090345
jp-mongodb-fp100,50.647949,0.9392156862745098
jp-mongodb-fp100,51.763916,0.9402084884586747
jp-mongodb-fp100,53.560059,0.9412012906428394
jp-mongodb-fp100,54.898193,0.9421940928270042
jp-mongodb-fp100,58.74707,0.943186895011169
jp-mongodb-fp100,67.841064,0.9441796971953338
jp-mongodb-fp100,110.262939,0.9451724993794987
jp-mongodb-fp100,112.393066,0.9461653015636634
jp-mongodb-fp100,113.681152,0.9471581037478283
jp-mongodb-fp100,114.24707,0.948150905931993
jp-mongodb-fp100,114.675049,0.9491437081161579
jp-mongodb-fp100,115.046875,0.9501365103003226
jp-mongodb-fp100,115.468018,0.9511293124844875
jp-mongodb-fp100,115.86499,0.9521221146686523
jp-mongodb-fp100,116.259033,0.9531149168528171
jp-mongodb-fp100,116.615967,0.9541077190369819
jp-mongodb-fp100,117.009033,0.9551005212211466
jp-mongodb-fp100,117.415039,0.9560933234053115
jp-mongodb-fp100,117.942871,0.9570861255894763
jp-mongodb-fp100,118.427002,0.9580789277736411
jp-mongodb-fp100,118.962891,0.9590717299578059
jp-mongodb-fp100,119.315918,0.9600645321419707
jp-mongodb-fp100,119.580078,0.9610573343261355
jp-mongodb-fp100,119.89502,0.9620501365103004
jp-mongodb-fp100,120.24707,0.9630429386944651
jp-mongodb-fp100,120.544922,0.96403574087863
jp-mongodb-fp100,120.906006,0.9650285430627947
jp-mongodb-fp100,121.35791,0.9660213452469596
jp-mongodb-fp100,121.721924,0.9670141474311243
jp-mongodb-fp100,122.120117,0.9680069496152891
jp-mongodb-fp100,122.467041,0.968999751799454
jp-mongodb-fp100,122.790039,0.9699925539836187
jp-mongodb-fp100,123.076904,0.9709853561677836
jp-mongodb-fp100,123.442871,0.9719781583519483
jp-mongodb-fp100,123.784912,0.9729709605361132
jp-mongodb-fp100,124.169922,0.973963762720278
jp-mongodb-fp100,124.698975,0.9749565649044428
jp-mongodb-fp100,125.401123,0.9759493670886076
jp-mongodb-fp100,126.391846,0.9769421692727724
jp-mongodb-fp100,127.169922,0.9779349714569372
jp-mongodb-fp100,128.009033,0.9789277736411021
jp-mongodb-fp100,129.161865,0.9799205758252668
jp-mongodb-fp100,131.246094,0.9809133780094316
jp-mongodb-fp100,135.034912,0.9819061801935964
jp-mongodb-fp100,137.074951,0.9828989823777612
jp-mongodb-fp100,139.716064,0.983891784561926
jp-mongodb-fp100,142.899902,0.9848845867460908
jp-mongodb-fp100,146.133057,0.9858773889302557
jp-mongodb-fp100,148.025879,0.9868701911144204
jp-mongodb-fp100,150.702881,0.9878629932985853
jp-mongodb-fp100,153.207031,0.98885579548275
jp-mongodb-fp100,154.394043,0.9898485976669149
jp-mongodb-fp100,155.925049,0.9908413998510797
jp-mongodb-fp100,159.254883,0.9918342020352445
jp-mongodb-fp100,161.244141,0.9928270042194093
jp-mongodb-fp100,168.139893,0.993819806403574
jp-mongodb-fp100,36792.467773,0.9948126085877389
jp-mongodb-fp100,63881.196045,0.9958054107719037
jp-mongodb-fp100,81835.458984,0.9967982129560685
jp-mongodb-fp100,99268.467041,0.9977910151402333
jp-mongodb-fp100,108701.366943,0.9987838173243981
jp-mongodb-fp100,117774.745117,0.9997766195085629
jp-mongodb-adaptive,40.631104,2.5119316754584274e-05
jp-mongodb-adaptive,40.922119,0.001004772670183371
jp-mongodb-adaptive,41.011963,0.001984426023612158
jp-mongodb-adaptive,41.064941,0.0029640793770409446
jp-mongodb-adaptive,41.095947,0.003943732730469731
jp-mongodb-adaptive,41.13208,0.0049233860838985176
jp-mongodb-adaptive,41.163086,0.005903039437327305
jp-mongodb-adaptive,41.192139,0.006882692790756092
jp-mongodb-adaptive,41.219971,0.007862346144184879
jp-mongodb-adaptive,41.240967,0.008841999497613665
jp-mongodb-adaptive,41.255859,0.009821652851042452
jp-mongodb-adaptive,41.270996,0.010801306204471239
jp-mongodb-adaptive,41.288086,0.011780959557900025
jp-mongodb-adaptive,41.305176,0.012760612911328812
jp-mongodb-adaptive,41.322998,0.013740266264757599
jp-mongodb-adaptive,41.340088,0.014719919618186385
jp-mongodb-adaptive,41.353027,0.015699572971615172
jp-mongodb-adaptive,41.364014,0.01667922632504396
jp-mongodb-adaptive,41.37915,0.017658879678472746
jp-mongodb-adaptive,41.392822,0.018638533031901532
jp-mongodb-adaptive,41.405029,0.01961818638533032
jp-mongodb-adaptive,41.416016,0.020597839738759106
jp-mongodb-adaptive,41.427979,0.021577493092187892
jp-mongodb-adaptive,41.438965,0.02255714644561668
jp-mongodb-adaptive,41.445068,0.023536799799045466
jp-mongodb-adaptive,41.456055,0.024516453152474253
jp-mongodb-adaptive,41.466797,0.02549610650590304
jp-mongodb-adaptive,41.4729,0.026475759859331826
jp-mongodb-adaptive,41.481934,0.027455413212760613
jp-mongodb-adaptive,41.489014,0.0284350665661894
jp-mongodb-adaptive,41.496826,0.029414719919618186
jp-mongodb-adaptive,41.50415,0.030394373273046973
jp-mongodb-adaptive,41.512939,0.03137402662647576
jp-mongodb-adaptive,41.521973,0.03235367997990455
jp-mongodb-adaptive,41.530029,0.03333333333333333
jp-mongodb-adaptive,41.535889,0.03431298668676212
jp-mongodb-adaptive,41.541016,0.035292640040190906
jp-mongodb-adaptive,41.549072,0.036272293393619696
jp-mongodb-adaptive,41.557129,0.03725194674704848
jp-mongodb-adaptive,41.565918,0.03823160010047727
jp-mongodb-adaptive,41.575928,0.03921125345390605
jp-mongodb-adaptive,41.583984,0.04019090680733484
jp-mongodb-adaptive,41.590088,0.041170560160763627
jp-mongodb-adaptive,41.5979,0.04215021351419242
jp-mongodb-adaptive,41.604004,0.0431298668676212
jp-mongodb-adaptive,41.608887,0.04410952022104999
jp-mongodb-adaptive,41.613037,0.04508917357447877
jp-mongodb-adaptive,41.618896,0.046068826927907564
jp-mongodb-adaptive,41.625,0.04704848028133635
jp-mongodb-adaptive,41.63208,0.04802813363476514
jp-mongodb-adaptive,41.638916,0.04900778698819392
jp-mongodb-adaptive,41.645996,0.04998744034162271
jp-mongodb-adaptive,41.650879,0.050967093695051494
jp-mongodb-adaptive,41.656982,0.051946747048480284
jp-mongodb-adaptive,41.662842,0.05292640040190907
jp-mongodb-adaptive,41.667969,0.05390605375533786
jp-mongodb-adaptive,41.675049,0.05488570710876664
jp-mongodb-adaptive,41.679932,0.05586536046219543
jp-mongodb-adaptive,41.686035,0.056845013815624214
jp-mongodb-adaptive,41.690918,0.057824667169053004
jp-mongodb-adaptive,41.696045,0.05880432052248179
jp-mongodb-adaptive,41.702148,0.05978397387591058
jp-mongodb-adaptive,41.707764,0.06076362722933936
jp-mongodb-adaptive,41.712158,0.06174328058276815
jp-mongodb-adaptive,41.716064,0.06272293393619693
jp-mongodb-adaptive,41.721924,0.06370258728962572
jp-mongodb-adaptive,41.726074,0.06468224064305451
jp-mongodb-adaptive,41.731934,0.0656618939964833
jp-mongodb-adaptive,41.73584,0.06664154734991208
jp-mongodb-adaptive,41.741211,0.06762120070334086
jp-mongodb-adaptive,41.746826,0.06860085405676966
jp-mongodb-adaptive,41.750977,0.06958050741019844
jp-mongodb-adaptive,41.756104,0.07056016076362723
jp-mongodb-adaptive,41.76001,0.07153981411705601
jp-mongodb-adaptive,41.763916,0.07251946747048481
jp-mongodb-adaptive,41.769043,0.07349912082391359
jp-mongodb-adaptive,41.773926,0.07447877417734237
jp-mongodb-adaptive,41.778809,0.07545842753077116
jp-mongodb-adaptive,41.782959,0.07643808088419995
jp-mongodb-adaptive,41.786133,0.07741773423762874
jp-mongodb-adaptive,41.789795,0.07839738759105752
jp-mongodb-adaptive,41.793945,0.0793770409444863
jp-mongodb-adaptive,41.797852,0.0803566942979151
jp-mongodb-adaptive,41.801025,0.08133634765134388
jp-mongodb-adaptive,41.805176,0.08231600100477267
jp-mongodb-adaptive,41.810059,0.08329565435820145
jp-mongodb-adaptive,41.813965,0.08427530771163025
jp-mongodb-adaptive,41.818115,0.08525496106505903
jp-mongodb-adaptive,41.821045,0.08623461441848781
jp-mongodb-adaptive,41.824951,0.0872142677719166
jp-mongodb-adaptive,41.828125,0.0881939211253454
jp-mongodb-adaptive,41.832031,0.08917357447877418
jp-mongodb-adaptive,41.835938,0.09015322783220296
jp-mongodb-adaptive,41.839844,0.09113288118563175
jp-mongodb-adaptive,41.843994,0.09211253453906054
jp-mongodb-adaptive,41.8479,0.09309218789248933
jp-mongodb-adaptive,41.853027,0.09407184124591811
jp-mongodb-adaptive,41.858154,0.09505149459934689
jp-mongodb-adaptive,41.861084,0.09603114795277569
jp-mongodb-adaptive,41.864014,0.09701080130620447
jp-mongodb-adaptive,41.866943,0.09799045465963326
jp-mongodb-adaptive,41.871094,0.09897010801306204
jp-mongodb-adaptive,41.875,0.09994976136649084
jp-mongodb-adaptive,41.878906,0.10092941471991962
jp-mongodb-adaptive,41.883057,0.1019090680733484
jp-mongodb-adaptive,41.885986,0.10288872142677719
jp-mongodb-adaptive,41.889893,0.10386837478020598
jp-mongodb-adaptive,41.892822,0.10484802813363477
jp-mongodb-adaptive,41.895996,0.10582768148706355
jp-mongodb-adaptive,41.89917,0.10680733484049233
jp-mongodb-adaptive,41.9021,0.10778698819392113
jp-mongodb-adaptive,41.905029,0.10876664154734991
jp-mongodb-adaptive,41.908936,0.1097462949007787
jp-mongodb-adaptive,41.911865,0.11072594825420748
jp-mongodb-adaptive,41.915039,0.11170560160763628
jp-mongodb-adaptive,41.918945,0.11268525496106506
jp-mongodb-adaptive,41.923096,0.11366490831449384
jp-mongodb-adaptive,41.927002,0.11464456166792263
jp-mongodb-adaptive,41.929932,0.11562421502135142
jp-mongodb-adaptive,41.932129,0.1166038683747802
jp-mongodb-adaptive,41.936035,0.11758352172820899
jp-mongodb-adaptive,41.939941,0.11856317508163777
jp-mongodb-adaptive,41.944092,0.11954282843506657
jp-mongodb-adaptive,41.946045,0.12052248178849535
jp-mongodb-adaptive,41.948975,0.12150213514192414
jp-mongodb-adaptive,41.952881,0.12248178849535292
jp-mongodb-adaptive,41.956055,0.12346144184878172
jp-mongodb-adaptive,41.958984,0.1244410952022105
jp-mongodb-adaptive,41.961914,0.12542074855563928
jp-mongodb-adaptive,41.964111,0.12640040190906807
jp-mongodb-adaptive,41.967041,0.12738005526249685
jp-mongodb-adaptive,41.969971,0.12835970861592566
jp-mongodb-adaptive,41.973145,0.12933936196935444
jp-mongodb-adaptive,41.977051,0.13031901532278323
jp-mongodb-adaptive,41.97998,0.131298668676212
jp-mongodb-adaptive,41.982178,0.1322783220296408
jp-mongodb-adaptive,41.985107,0.13325797538306958
jp-mongodb-adaptive,41.989014,0.13423762873649836
jp-mongodb-adaptive,41.991943,0.13521728208992714
jp-mongodb-adaptive,41.99585,0.13619693544335595
jp-mongodb-adaptive,41.999023,0.13717658879678474
jp-mongodb-adaptive,42.00293,0.13815624215021352
jp-mongodb-adaptive,42.00708,0.1391358955036423
jp-mongodb-adaptive,42.01001,0.1401155488570711
jp-mongodb-adaptive,42.012939,0.14109520221049987
jp-mongodb-adaptive,42.016113,0.14207485556392865
jp-mongodb-adaptive,42.019043,0.14305450891735744
jp-mongodb-adaptive,42.021973,0.14403416227078625
jp-mongodb-adaptive,42.024902,0.14501381562421503
jp-mongodb-adaptive,42.0271,0.14599346897764381
jp-mongodb-adaptive,42.030029,0.1469731223310726
jp-mongodb-adaptive,42.031982,0.14795277568450138
jp-mongodb-adaptive,42.035889,0.14893242903793016
jp-mongodb-adaptive,42.038086,0.14991208239135895
jp-mongodb-adaptive,42.041016,0.15089173574478773
jp-mongodb-adaptive,42.043213,0.15187138909821654
jp-mongodb-adaptive,42.046875,0.15285104245164532
jp-mongodb-adaptive,42.050049,0.1538306958050741
jp-mongodb-adaptive,42.052979,0.1548103491585029
jp-mongodb-adaptive,42.055908,0.15579000251193167
jp-mongodb-adaptive,42.058105,0.15676965586536046
jp-mongodb-adaptive,42.061768,0.15774930921878924
jp-mongodb-adaptive,42.064209,0.15872896257221802
jp-mongodb-adaptive,42.067139,0.15970861592564684
jp-mongodb-adaptive,42.070068,0.16068826927907562
jp-mongodb-adaptive,42.072998,0.1616679226325044
jp-mongodb-adaptive,42.076172,0.16264757598593318
jp-mongodb-adaptive,42.079102,0.16362722933936197
jp-mongodb-adaptive,42.082031,0.16460688269279075
jp-mongodb-adaptive,42.084961,0.16558653604621953
jp-mongodb-adaptive,42.087891,0.16656618939964832
jp-mongodb-adaptive,42.091064,0.16754584275307713
jp-mongodb-adaptive,42.093994,0.1685254961065059
jp-mongodb-adaptive,42.095947,0.1695051494599347
jp-mongodb-adaptive,42.098877,0.17048480281336348
jp-mongodb-adaptive,42.101074,0.17146445616679226
jp-mongodb-adaptive,42.103027,0.17244410952022104
jp-mongodb-adaptive,42.105957,0.17342376287364983
jp-mongodb-adaptive,42.108887,0.1744034162270786
jp-mongodb-adaptive,42.111084,0.17538306958050742
jp-mongodb-adaptive,42.114014,0.1763627229339362
jp-mongodb-adaptive,42.115967,0.177342376287365
jp-mongodb-adaptive,42.119873,0.17832202964079377
jp-mongodb-adaptive,42.123047,0.17930168299422256
jp-mongodb-adaptive,42.125,0.18028133634765134
jp-mongodb-adaptive,42.127197,0.18126098970108012
jp-mongodb-adaptive,42.130859,0.1822406430545089
jp-mongodb-adaptive,42.133057,0.18322029640793772
jp-mongodb-adaptive,42.135986,0.1841999497613665
jp-mongodb-adaptive,42.138184,0.18517960311479528
jp-mongodb-adaptive,42.141113,0.18615925646822407
jp-mongodb-adaptive,42.143066,0.18713890982165285
jp-mongodb-adaptive,42.145996,0.18811856317508163
jp-mongodb-adaptive,42.147949,0.18909821652851042
jp-mongodb-adaptive,42.149902,0.1900778698819392
jp-mongodb-adaptive,42.1521,0.191057523235368
jp-mongodb-adaptive,42.155029,0.1920371765887968
jp-mongodb-adaptive,42.156982,0.19301682994222558
jp-mongodb-adaptive,42.159912,0.19399648329565436
jp-mongodb-adaptive,42.162109,0.19497613664908314
jp-mongodb-adaptive,42.164062,0.19595579000251193
jp-mongodb-adaptive,42.166992,0.1969354433559407
jp-mongodb-adaptive,42.169189,0.1979150967093695
jp-mongodb-adaptive,42.172119,0.1988947500627983
jp-mongodb-adaptive,42.175049,0.1998744034162271
jp-mongodb-adaptive,42.177979,0.20085405676965587
jp-mongodb-adaptive,42.179932,0.20183371012308465
jp-mongodb-adaptive,42.181885,0.20281336347651344
jp-mongodb-adaptive,42.185059,0.20379301682994222
jp-mongodb-adaptive,42.187012,0.204772670183371
jp-mongodb-adaptive,42.189941,0.20575232353679979
jp-mongodb-adaptive,42.192871,0.2067319768902286
jp-mongodb-adaptive,42.195068,0.20771163024365738
jp-mongodb-adaptive,42.197998,0.20869128359708616
jp-mongodb-adaptive,42.200928,0.20967093695051495
jp-mongodb-adaptive,42.202881,0.21065059030394373
jp-mongodb-adaptive,42.205078,0.2116302436573725
jp-mongodb-adaptive,42.208008,0.2126098970108013
jp-mongodb-adaptive,42.210938,0.21358955036423008
jp-mongodb-adaptive,42.212891,0.2145692037176589
jp-mongodb-adaptive,42.215088,0.21554885707108767
jp-mongodb-adaptive,42.218018,0.21652851042451646
jp-mongodb-adaptive,42.219971,0.21750816377794524
jp-mongodb-adaptive,42.221924,0.21848781713137402
jp-mongodb-adaptive,42.224854,0.2194674704848028
jp-mongodb-adaptive,42.227051,0.2204471238382316
jp-mongodb-adaptive,42.22998,0.22142677719166037
jp-mongodb-adaptive,42.232178,0.22240643054508918
jp-mongodb-adaptive,42.235107,0.22338608389851797
jp-mongodb-adaptive,42.238037,0.22436573725194675
jp-mongodb-adaptive,42.23999,0.22534539060537553
jp-mongodb-adaptive,42.24292,0.22632504395880432
jp-mongodb-adaptive,42.244873,0.2273046973122331
jp-mongodb-adaptive,42.247803,0.22828435066566188
jp-mongodb-adaptive,42.25,0.22926400401909067
jp-mongodb-adaptive,42.25293,0.23024365737251948
jp-mongodb-adaptive,42.255127,0.23122331072594826
jp-mongodb-adaptive,42.25708,0.23220296407937704
jp-mongodb-adaptive,42.26001,0.23318261743280583
jp-mongodb-adaptive,42.262939,0.2341622707862346
jp-mongodb-adaptive,42.265869,0.2351419241396634
jp-mongodb-adaptive,42.268066,0.23612157749309218
jp-mongodb-adaptive,42.270996,0.237101230846521
jp-mongodb-adaptive,42.272949,0.23808088419994977
jp-mongodb-adaptive,42.275879,0.23906053755337855
jp-mongodb-adaptive,42.2771,0.24004019090680734
jp-mongodb-adaptive,42.279053,0.24101984426023612
jp-mongodb-adaptive,42.281982,0.2419994976136649
jp-mongodb-adaptive,42.28418,0.2429791509670937
jp-mongodb-adaptive,42.286865,0.24395880432052247
jp-mongodb-adaptive,42.289062,0.24493845767395128
jp-mongodb-adaptive,42.291016,0.24591811102738007
jp-mongodb-adaptive,42.292969,0.24689776438080885
jp-mongodb-adaptive,42.295898,0.24787741773423763
jp-mongodb-adaptive,42.299072,0.24885707108766641
jp-mongodb-adaptive,42.301025,0.2498367244410952
jp-mongodb-adaptive,42.302979,0.250816377794524
jp-mongodb-adaptive,42.304932,0.2517960311479528
jp-mongodb-adaptive,42.306885,0.25277568450138155
jp-mongodb-adaptive,42.309082,0.25375533785481036
jp-mongodb-adaptive,42.311035,0.2547349912082391
jp-mongodb-adaptive,42.312988,0.2557146445616679
jp-mongodb-adaptive,42.315918,0.25669429791509674
jp-mongodb-adaptive,42.318115,0.2576739512685255
jp-mongodb-adaptive,42.321045,0.2586536046219543
jp-mongodb-adaptive,42.322998,0.25963325797538306
jp-mongodb-adaptive,42.325928,0.26061291132881187
jp-mongodb-adaptive,42.327881,0.2615925646822406
jp-mongodb-adaptive,42.330078,0.26257221803566944
jp-mongodb-adaptive,42.332764,0.2635518713890982
jp-mongodb-adaptive,42.334229,0.264531524742527
jp-mongodb-adaptive,42.336182,0.2655111780959558
jp-mongodb-adaptive,42.338135,0.26649083144938457
jp-mongodb-adaptive,42.340088,0.2674704848028134
jp-mongodb-adaptive,42.342773,0.26845013815624214
jp-mongodb-adaptive,42.345947,0.26942979150967095
jp-mongodb-adaptive,42.348145,0.2704094448630997
jp-mongodb-adaptive,42.350098,0.2713890982165285
jp-mongodb-adaptive,42.352051,0.2723687515699573
jp-mongodb-adaptive,42.354004,0.2733484049233861
jp-mongodb-adaptive,42.356934,0.2743280582768149
jp-mongodb-adaptive,42.359131,0.27530771163024365
jp-mongodb-adaptive,42.361084,0.27628736498367246
jp-mongodb-adaptive,42.363037,0.2772670183371012
jp-mongodb-adaptive,42.365967,0.27824667169053
jp-mongodb-adaptive,42.368896,0.2792263250439588
jp-mongodb-adaptive,42.371094,0.2802059783973876
jp-mongodb-adaptive,42.374023,0.2811856317508164
jp-mongodb-adaptive,42.375977,0.28216528510424516
jp-mongodb-adaptive,42.377197,0.28314493845767397
jp-mongodb-adaptive,42.379883,0.2841245918111027
jp-mongodb-adaptive,42.381836,0.28510424516453153
jp-mongodb-adaptive,42.384033,0.2860838985179603
jp-mongodb-adaptive,42.385986,0.2870635518713891
jp-mongodb-adaptive,42.388916,0.2880432052248179
jp-mongodb-adaptive,42.390137,0.28902285857824667
jp-mongodb-adaptive,42.392822,0.2900025119316755
jp-mongodb-adaptive,42.39502,0.29098216528510423
jp-mongodb-adaptive,42.396973,0.29196181863853304
jp-mongodb-adaptive,42.398926,0.2929414719919618
jp-mongodb-adaptive,42.400879,0.2939211253453906
jp-mongodb-adaptive,42.402832,0.29490077869881937
jp-mongodb-adaptive,42.404785,0.2958804320522482
jp-mongodb-adaptive,42.406982,0.296860085405677
jp-mongodb-adaptive,42.408936,0.29783973875910574
jp-mongodb-adaptive,42.410889,0.29881939211253455
jp-mongodb-adaptive,42.412842,0.2997990454659633
jp-mongodb-adaptive,42.414795,0.3007786988193921
jp-mongodb-adaptive,42.416992,0.3017583521728209
jp-mongodb-adaptive,42.419922,0.3027380055262497
jp-mongodb-adaptive,42.421875,0.3037176588796785
jp-mongodb-adaptive,42.424072,0.30469731223310725
jp-mongodb-adaptive,42.426025,0.30567696558653606
jp-mongodb-adaptive,42.427979,0.3066566189399648
jp-mongodb-adaptive,42.430176,0.30763627229339363
jp-mongodb-adaptive,42.433105,0.3086159256468224
jp-mongodb-adaptive,42.435059,0.3095955790002512
jp-mongodb-adaptive,42.437012,0.31057523235367995
jp-mongodb-adaptive,42.439209,0.31155488570710876
jp-mongodb-adaptive,42.441895,0.3125345390605376
jp-mongodb-adaptive,42.444092,0.31351419241396633
jp-mongodb-adaptive,42.445068,0.31449384576739514
jp-mongodb-adaptive,42.447998,0.3154734991208239
jp-mongodb-adaptive,42.449951,0.3164531524742527
jp-mongodb-adaptive,42.452881,0.31743280582768146
jp-mongodb-adaptive,42.454102,0.3184124591811103
jp-mongodb-adaptive,42.456055,0.3193921125345391
jp-mongodb-adaptive,42.458984,0.32037176588796784
jp-mongodb-adaptive,42.459961,0.32135141924139665
jp-mongodb-adaptive,42.462158,0.3223310725948254
jp-mongodb-adaptive,42.464111,0.3233107259482542
jp-mongodb-adaptive,42.468018,0.324290379301683
jp-mongodb-adaptive,42.468994,0.3252700326551118
jp-mongodb-adaptive,42.471191,0.32624968600854054
jp-mongodb-adaptive,42.473145,0.32722933936196935
jp-mongodb-adaptive,42.47583,0.32820899271539816
jp-mongodb-adaptive,42.478027,0.3291886460688269
jp-mongodb-adaptive,42.480225,0.33016829942225573
jp-mongodb-adaptive,42.48291,0.3311479527756845
jp-mongodb-adaptive,42.484863,0.3321276061291133
jp-mongodb-adaptive,42.487061,0.33310725948254205
jp-mongodb-adaptive,42.489014,0.33408691283597086
jp-mongodb-adaptive,42.491943,0.3350665661893997
jp-mongodb-adaptive,42.493896,0.33604621954282843
jp-mongodb-adaptive,42.49585,0.33702587289625724
jp-mongodb-adaptive,42.498047,0.338005526249686
jp-mongodb-adaptive,42.5,0.3389851796031148
jp-mongodb-adaptive,42.50293,0.33996483295654356
jp-mongodb-adaptive,42.505127,0.34094448630997237
jp-mongodb-adaptive,42.50708,0.3419241396634012
jp-mongodb-adaptive,42.509033,0.34290379301682994
jp-mongodb-adaptive,42.510986,0.34388344637025875
jp-mongodb-adaptive,42.513184,0.3448630997236875
jp-mongodb-adaptive,42.515869,0.3458427530771163
jp-mongodb-adaptive,42.518066,0.34682240643054507
jp-mongodb-adaptive,42.52002,0.3478020597839739
jp-mongodb-adaptive,42.521973,0.34878171313740264
jp-mongodb-adaptive,42.523926,0.34976136649083145
jp-mongodb-adaptive,42.526123,0.35074101984426026
jp-mongodb-adaptive,42.529053,0.351720673197689
jp-mongodb-adaptive,42.531006,0.3527003265511178
jp-mongodb-adaptive,42.532959,0.3536799799045466
jp-mongodb-adaptive,42.535889,0.3546596332579754
jp-mongodb-adaptive,42.538086,0.35563928661140415
jp-mongodb-adaptive,42.540039,0.35661893996483296
jp-mongodb-adaptive,42.541992,0.35759859331826177
jp-mongodb-adaptive,42.544922,0.3585782466716905
jp-mongodb-adaptive,42.546875,0.35955790002511934
jp-mongodb-adaptive,42.548096,0.3605375533785481
jp-mongodb-adaptive,42.551025,0.3615172067319769
jp-mongodb-adaptive,42.552979,0.36249686008540566
jp-mongodb-adaptive,42.554932,0.36347651343883447
jp-mongodb-adaptive,42.556152,0.3644561667922632
jp-mongodb-adaptive,42.558105,0.36543582014569204
jp-mongodb-adaptive,42.561035,0.36641547349912085
jp-mongodb-adaptive,42.562988,0.3673951268525496
jp-mongodb-adaptive,42.564941,0.3683747802059784
jp-mongodb-adaptive,42.566895,0.36935443355940717
jp-mongodb-adaptive,42.569092,0.370334086912836
jp-mongodb-adaptive,42.571777,0.37131374026626474
jp-mongodb-adaptive,42.573975,0.37229339361969355
jp-mongodb-adaptive,42.576172,0.37327304697312236
jp-mongodb-adaptive,42.578125,0.3742527003265511
jp-mongodb-adaptive,42.580078,0.3752323536799799
jp-mongodb-adaptive,42.582031,0.3762120070334087
jp-mongodb-adaptive,42.583984,0.3771916603868375
jp-mongodb-adaptive,42.585938,0.37817131374026625
jp-mongodb-adaptive,42.587891,0.37915096709369506
jp-mongodb-adaptive,42.590088,0.3801306204471238
jp-mongodb-adaptive,42.592041,0.3811102738005526
jp-mongodb-adaptive,42.593994,0.38208992715398143
jp-mongodb-adaptive,42.596924,0.3830695805074102
jp-mongodb-adaptive,42.599121,0.384049233860839
jp-mongodb-adaptive,42.602051,0.38502888721426776
jp-mongodb-adaptive,42.604004,0.38600854056769657
jp-mongodb-adaptive,42.606934,0.3869881939211253
jp-mongodb-adaptive,42.608154,0.38796784727455413
jp-mongodb-adaptive,42.610107,0.38894750062798294
jp-mongodb-adaptive,42.612061,0.3899271539814117
jp-mongodb-adaptive,42.61499,0.3909068073348405
jp-mongodb-adaptive,42.616943,0.39188646068826927
jp-mongodb-adaptive,42.618896,0.3928661140416981
jp-mongodb-adaptive,42.621094,0.39384576739512683
jp-mongodb-adaptive,42.623047,0.39482542074855564
jp-mongodb-adaptive,42.625,0.3958050741019844
jp-mongodb-adaptive,42.627197,0.3967847274554132
jp-mongodb-adaptive,42.630127,0.397764380808842
jp-mongodb-adaptive,42.631836,0.3987440341622708
jp-mongodb-adaptive,42.63501,0.3997236875156996
jp-mongodb-adaptive,42.636963,0.40070334086912834
jp-mongodb-adaptive,42.63916,0.40168299422255715
jp-mongodb-adaptive,42.641113,0.4026626475759859
jp-mongodb-adaptive,42.643066,0.4036423009294147
jp-mongodb-adaptive,42.64502,0.40462195428284353
jp-mongodb-adaptive,42.646973,0.4056016076362723
jp-mongodb-adaptive,42.648926,0.4065812609897011
jp-mongodb-adaptive,42.651855,0.40756091434312985
jp-mongodb-adaptive,42.654053,0.40854056769655867
jp-mongodb-adaptive,42.655029,0.4095202210499874
jp-mongodb-adaptive,42.656982,0.41049987440341623
jp-mongodb-adaptive,42.659912,0.411479527756845
jp-mongodb-adaptive,42.661133,0.4124591811102738
jp-mongodb-adaptive,42.663086,0.4134388344637026
jp-mongodb-adaptive,42.665039,0.41441848781713136
jp-mongodb-adaptive,42.667969,0.4153981411705602
jp-mongodb-adaptive,42.669922,0.41637779452398893
jp-mongodb-adaptive,42.672119,0.41735744787741774
jp-mongodb-adaptive,42.674072,0.4183371012308465
jp-mongodb-adaptive,42.676025,0.4193167545842753
jp-mongodb-adaptive,42.678223,0.4202964079377041
jp-mongodb-adaptive,42.679932,0.4212760612911329
jp-mongodb-adaptive,42.682129,0.4222557146445617
jp-mongodb-adaptive,42.683838,0.42323536799799044
jp-mongodb-adaptive,42.687012,0.42421502135141925
jp-mongodb-adaptive,42.688965,0.425194674704848
jp-mongodb-adaptive,42.691162,0.4261743280582768
jp-mongodb-adaptive,42.692871,0.4271539814117056
jp-mongodb-adaptive,42.695068,0.4281336347651344
jp-mongodb-adaptive,42.697021,0.4291132881185632
jp-mongodb-adaptive,42.698975,0.43009294147199195
jp-mongodb-adaptive,42.700928,0.43107259482542076
jp-mongodb-adaptive,42.703125,0.4320522481788495
jp-mongodb-adaptive,42.704834,0.43303190153227833
jp-mongodb-adaptive,42.707031,0.4340115548857071
jp-mongodb-adaptive,42.708984,0.4349912082391359
jp-mongodb-adaptive,42.711914,0.4359708615925647
jp-mongodb-adaptive,42.713135,0.43695051494599346
jp-mongodb-adaptive,42.715088,0.4379301682994223
jp-mongodb-adaptive,42.718018,0.43890982165285103
jp-mongodb-adaptive,42.719971,0.43988947500627984
jp-mongodb-adaptive,42.721924,0.4408691283597086
jp-mongodb-adaptive,42.724121,0.4418487817131374
jp-mongodb-adaptive,42.726807,0.44282843506656616
jp-mongodb-adaptive,42.728027,0.443808088419995
jp-mongodb-adaptive,42.730957,0.4447877417734238
jp-mongodb-adaptive,42.733154,0.44576739512685254
jp-mongodb-adaptive,42.736084,0.44674704848028135
jp-mongodb-adaptive,42.738037,0.4477267018337101
jp-mongodb-adaptive,42.73999,0.4487063551871389
jp-mongodb-adaptive,42.741943,0.44968600854056767
jp-mongodb-adaptive,42.743896,0.4506656618939965
jp-mongodb-adaptive,42.74585,0.4516453152474253
jp-mongodb-adaptive,42.748047,0.45262496860085405
jp-mongodb-adaptive,42.75,0.45360462195428286
jp-mongodb-adaptive,42.752197,0.4545842753077116
jp-mongodb-adaptive,42.755127,0.4555639286611404
jp-mongodb-adaptive,42.75708,0.4565435820145692
jp-mongodb-adaptive,42.759033,0.457523235367998
jp-mongodb-adaptive,42.760986,0.4585028887214268
jp-mongodb-adaptive,42.762939,0.45948254207485556
jp-mongodb-adaptive,42.764893,0.46046219542828437
jp-mongodb-adaptive,42.76709,0.4614418487817131
jp-mongodb-adaptive,42.769043,0.46242150213514194
jp-mongodb-adaptive,42.771973,0.4634011554885707
jp-mongodb-adaptive,42.77417,0.4643808088419995
jp-mongodb-adaptive,42.776855,0.46536046219542826
jp-mongodb-adaptive,42.779053,0.46634011554885707
jp-mongodb-adaptive,42.781006,0.4673197689022859
jp-mongodb-adaptive,42.783936,0.46829942225571464
jp-mongodb-adaptive,42.785889,0.46927907560914345
jp-mongodb-adaptive,42.788086,0.4702587289625722
jp-mongodb-adaptive,42.790039,0.471238382316001
jp-mongodb-adaptive,42.791992,0.47221803566942977
jp-mongodb-adaptive,42.793945,0.4731976890228586
jp-mongodb-adaptive,42.795898,0.4741773423762874
jp-mongodb-adaptive,42.797852,0.47515699572971615
jp-mongodb-adaptive,42.799805,0.47613664908314496
jp-mongodb-adaptive,42.801025,0.4771163024365737
jp-mongodb-adaptive,42.803955,0.4780959557900025
jp-mongodb-adaptive,42.806152,0.4790756091434313
jp-mongodb-adaptive,42.808838,0.4800552624968601
jp-mongodb-adaptive,42.811035,0.48103491585028885
jp-mongodb-adaptive,42.812988,0.48201456920371766
jp-mongodb-adaptive,42.814941,0.48299422255714647
jp-mongodb-adaptive,42.817139,0.4839738759105752
jp-mongodb-adaptive,42.820068,0.48495352926400404
jp-mongodb-adaptive,42.822021,0.4859331826174328
jp-mongodb-adaptive,42.823975,0.4869128359708616
jp-mongodb-adaptive,42.825928,0.48789248932429036
jp-mongodb-adaptive,42.828857,0.48887214267771917
jp-mongodb-adaptive,42.830078,0.489851796031148
jp-mongodb-adaptive,42.833008,0.49083144938457673
jp-mongodb-adaptive,42.834961,0.49181110273800555
jp-mongodb-adaptive,42.836914,0.4927907560914343
jp-mongodb-adaptive,42.838135,0.4937704094448631
jp-mongodb-adaptive,42.840088,0.49475006279829187
jp-mongodb-adaptive,42.843018,0.4957297161517207
jp-mongodb-adaptive,42.843994,0.49670936950514943
jp-mongodb-adaptive,42.845947,0.49768902285857824
jp-mongodb-adaptive,42.8479,0.49866867621200706
jp-mongodb-adaptive,42.85083,0.4996483295654358
jp-mongodb-adaptive,42.853027,0.5006279829188646
jp-mongodb-adaptive,42.85498,0.5016076362722934
jp-mongodb-adaptive,42.856934,0.5025872896257222
jp-mongodb-adaptive,42.858887,0.5035669429791509
jp-mongodb-adaptive,42.861084,0.5045465963325797
jp-mongodb-adaptive,42.864014,0.5055262496860086
jp-mongodb-adaptive,42.865967,0.5065059030394373
jp-mongodb-adaptive,42.86792,0.5074855563928661
jp-mongodb-adaptive,42.869141,0.5084652097462949
jp-mongodb-adaptive,42.871826,0.5094448630997237
jp-mongodb-adaptive,42.874023,0.5104245164531525
jp-mongodb-adaptive,42.875977,0.5114041698065812
jp-mongodb-adaptive,42.878174,0.5123838231600101
jp-mongodb-adaptive,42.879883,0.5133634765134388
jp-mongodb-adaptive,42.881836,0.5143431298668676
jp-mongodb-adaptive,42.884033,0.5153227832202965
jp-mongodb-adaptive,42.88501,0.5163024365737252
jp-mongodb-adaptive,42.887939,0.517282089927154
jp-mongodb-adaptive,42.889893,0.5182617432805827
jp-mongodb-adaptive,42.89209,0.5192413966340116
jp-mongodb-adaptive,42.894043,0.5202210499874403
jp-mongodb-adaptive,42.895996,0.5212007033408691
jp-mongodb-adaptive,42.898193,0.522180356694298
jp-mongodb-adaptive,42.899902,0.5231600100477267
jp-mongodb-adaptive,42.9021,0.5241396634011555
jp-mongodb-adaptive,42.905029,0.5251193167545842
jp-mongodb-adaptive,42.906982,0.5260989701080131
jp-mongodb-adaptive,42.90918,0.5270786234614419
jp-mongodb-adaptive,42.911133,0.5280582768148706
jp-mongodb-adaptive,42.913818,0.5290379301682995
jp-mongodb-adaptive,42.916992,0.5300175835217282
jp-mongodb-adaptive,42.918945,0.530997236875157
jp-mongodb-adaptive,42.920898,0.5319768902285857
jp-mongodb-adaptive,42.923096,0.5329565435820146
jp-mongodb-adaptive,42.925049,0.5339361969354434
jp-mongodb-adaptive,42.927002,0.5349158502888721
jp-mongodb-adaptive,42.928955,0.5358955036423009
jp-mongodb-adaptive,42.931152,0.5368751569957297
jp-mongodb-adaptive,42.933105,0.5378548103491585
jp-mongodb-adaptive,42.935059,0.5388344637025873
jp-mongodb-adaptive,42.937012,0.5398141170560161
jp-mongodb-adaptive,42.939941,0.5407937704094449
jp-mongodb-adaptive,42.941895,0.5417734237628736
jp-mongodb-adaptive,42.944092,0.5427530771163024
jp-mongodb-adaptive,42.946045,0.5437327304697313
jp-mongodb-adaptive,42.947998,0.54471238382316
jp-mongodb-adaptive,42.949951,0.5456920371765888
jp-mongodb-adaptive,42.951904,0.5466716905300176
jp-mongodb-adaptive,42.953857,0.5476513438834464
jp-mongodb-adaptive,42.955811,0.5486309972368751
jp-mongodb-adaptive,42.958008,0.5496106505903039
jp-mongodb-adaptive,42.959961,0.5505903039437328
jp-mongodb-adaptive,42.962891,0.5515699572971615
jp-mongodb-adaptive,42.964844,0.5525496106505903
jp-mongodb-adaptive,42.967041,0.5535292640040191
jp-mongodb-adaptive,42.968994,0.5545089173574479
jp-mongodb-adaptive,42.971924,0.5554885707108767
jp-mongodb-adaptive,42.974121,0.5564682240643054
jp-mongodb-adaptive,42.976074,0.5574478774177343
jp-mongodb-adaptive,42.979004,0.558427530771163
jp-mongodb-adaptive,42.97998,0.5594071841245918
jp-mongodb-adaptive,42.982178,0.5603868374780206
jp-mongodb-adaptive,42.984131,0.5613664908314494
jp-mongodb-adaptive,42.987061,0.5623461441848782
jp-mongodb-adaptive,42.988037,0.5633257975383069
jp-mongodb-adaptive,42.990967,0.5643054508917358
jp-mongodb-adaptive,42.993164,0.5652851042451645
jp-mongodb-adaptive,42.995117,0.5662647575985933
jp-mongodb-adaptive,42.99707,0.5672444109520222
jp-mongodb-adaptive,43.0,0.5682240643054509
jp-mongodb-adaptive,43.00293,0.5692037176588797
jp-mongodb-adaptive,43.005859,0.5701833710123084
jp-mongodb-adaptive,43.008057,0.5711630243657373
jp-mongodb-adaptive,43.01001,0.572142677719166
jp-mongodb-adaptive,43.012207,0.5731223310725948
jp-mongodb-adaptive,43.01416,0.5741019844260236
jp-mongodb-adaptive,43.016846,0.5750816377794524
jp-mongodb-adaptive,43.019043,0.5760612911328812
jp-mongodb-adaptive,43.021973,0.5770409444863099
jp-mongodb-adaptive,43.02417,0.5780205978397388
jp-mongodb-adaptive,43.0271,0.5790002511931676
jp-mongodb-adaptive,43.029053,0.5799799045465963
jp-mongodb-adaptive,43.031006,0.5809595579000251
jp-mongodb-adaptive,43.03418,0.5819392112534539
jp-mongodb-adaptive,43.037109,0.5829188646068827
jp-mongodb-adaptive,43.039062,0.5838985179603114
jp-mongodb-adaptive,43.041992,0.5848781713137403
jp-mongodb-adaptive,43.044189,0.5858578246671691
jp-mongodb-adaptive,43.045898,0.5868374780205978
jp-mongodb-adaptive,43.048096,0.5878171313740266
jp-mongodb-adaptive,43.050049,0.5887967847274554
jp-mongodb-adaptive,43.052979,0.5897764380808842
jp-mongodb-adaptive,43.054932,0.590756091434313
jp-mongodb-adaptive,43.057129,0.5917357447877418
jp-mongodb-adaptive,43.059814,0.5927153981411706
jp-mongodb-adaptive,43.062012,0.5936950514945993
jp-mongodb-adaptive,43.063965,0.5946747048480281
jp-mongodb-adaptive,43.066162,0.595654358201457
jp-mongodb-adaptive,43.068115,0.5966340115548857
jp-mongodb-adaptive,43.070068,0.5976136649083145
jp-mongodb-adaptive,43.072998,0.5985933182617433
jp-mongodb-adaptive,43.073975,0.5995729716151721
jp-mongodb-adaptive,43.077148,0.6005526249686008
jp-mongodb-adaptive,43.079102,0.6015322783220296
jp-mongodb-adaptive,43.082031,0.6025119316754585
jp-mongodb-adaptive,43.084229,0.6034915850288872
jp-mongodb-adaptive,43.086914,0.604471238382316
jp-mongodb-adaptive,43.088135,0.6054508917357447
jp-mongodb-adaptive,43.091797,0.6064305450891736
jp-mongodb-adaptive,43.094971,0.6074101984426024
jp-mongodb-adaptive,43.0979,0.6083898517960311
jp-mongodb-adaptive,43.099121,0.60936950514946
jp-mongodb-adaptive,43.102051,0.6103491585028887
jp-mongodb-adaptive,43.104004,0.6113288118563175
jp-mongodb-adaptive,43.105957,0.6123084652097462
jp-mongodb-adaptive,43.108887,0.6132881185631751
jp-mongodb-adaptive,43.111084,0.6142677719166039
jp-mongodb-adaptive,43.114014,0.6152474252700326
jp-mongodb-adaptive,43.115967,0.6162270786234615
jp-mongodb-adaptive,43.118164,0.6172067319768902
jp-mongodb-adaptive,43.12085,0.618186385330319
jp-mongodb-adaptive,43.123047,0.6191660386837478
jp-mongodb-adaptive,43.125977,0.6201456920371766
jp-mongodb-adaptive,43.12793,0.6211253453906054
jp-mongodb-adaptive,43.129883,0.6221049987440341
jp-mongodb-adaptive,43.132812,0.623084652097463
jp-mongodb-adaptive,43.13501,0.6240643054508918
jp-mongodb-adaptive,43.136963,0.6250439588043205
jp-mongodb-adaptive,43.138916,0.6260236121577493
jp-mongodb-adaptive,43.141113,0.6270032655111781
jp-mongodb-adaptive,43.144043,0.6279829188646069
jp-mongodb-adaptive,43.145996,0.6289625722180356
jp-mongodb-adaptive,43.148193,0.6299422255714645
jp-mongodb-adaptive,43.150879,0.6309218789248933
jp-mongodb-adaptive,43.153809,0.631901532278322
jp-mongodb-adaptive,43.156006,0.6328811856317508
jp-mongodb-adaptive,43.158203,0.6338608389851796
jp-mongodb-adaptive,43.161133,0.6348404923386084
jp-mongodb-adaptive,43.164062,0.6358201456920372
jp-mongodb-adaptive,43.166016,0.6367997990454659
jp-mongodb-adaptive,43.167969,0.6377794523988948
jp-mongodb-adaptive,43.171143,0.6387591057523235
jp-mongodb-adaptive,43.174072,0.6397387591057523
jp-mongodb-adaptive,43.177002,0.6407184124591812
jp-mongodb-adaptive,43.179932,0.6416980658126099
jp-mongodb-adaptive,43.182861,0.6426777191660387
jp-mongodb-adaptive,43.184082,0.6436573725194674
jp-mongodb-adaptive,43.187012,0.6446370258728963
jp-mongodb-adaptive,43.188965,0.645616679226325
jp-mongodb-adaptive,43.190918,0.6465963325797538
jp-mongodb-adaptive,43.192871,0.6475759859331827
jp-mongodb-adaptive,43.195068,0.6485556392866114
jp-mongodb-adaptive,43.197998,0.6495352926400402
jp-mongodb-adaptive,43.199951,0.6505149459934689
jp-mongodb-adaptive,43.202148,0.6514945993468978
jp-mongodb-adaptive,43.203857,0.6524742527003266
jp-mongodb-adaptive,43.205811,0.6534539060537553
jp-mongodb-adaptive,43.208008,0.6544335594071842
jp-mongodb-adaptive,43.209961,0.6554132127606129
jp-mongodb-adaptive,43.212891,0.6563928661140417
jp-mongodb-adaptive,43.215088,0.6573725194674704
jp-mongodb-adaptive,43.218994,0.6583521728208993
jp-mongodb-adaptive,43.220947,0.6593318261743281
jp-mongodb-adaptive,43.223145,0.6603114795277568
jp-mongodb-adaptive,43.226074,0.6612911328811857
jp-mongodb-adaptive,43.22876,0.6622707862346144
jp-mongodb-adaptive,43.230957,0.6632504395880432
jp-mongodb-adaptive,43.233154,0.664230092941472
jp-mongodb-adaptive,43.23584,0.6652097462949008
jp-mongodb-adaptive,43.238037,0.6661893996483296
jp-mongodb-adaptive,43.240967,0.6671690530017583
jp-mongodb-adaptive,43.243164,0.6681487063551872
jp-mongodb-adaptive,43.24585,0.669128359708616
jp-mongodb-adaptive,43.249023,0.6701080130620447
jp-mongodb-adaptive,43.251953,0.6710876664154735
jp-mongodb-adaptive,43.254883,0.6720673197689023
jp-mongodb-adaptive,43.257812,0.6730469731223311
jp-mongodb-adaptive,43.26001,0.6740266264757598
jp-mongodb-adaptive,43.262939,0.6750062798291886
jp-mongodb-adaptive,43.265137,0.6759859331826175
jp-mongodb-adaptive,43.26709,0.6769655865360462
jp-mongodb-adaptive,43.269775,0.677945239889475
jp-mongodb-adaptive,43.271973,0.6789248932429038
jp-mongodb-adaptive,43.273926,0.6799045465963326
jp-mongodb-adaptive,43.276123,0.6808841999497613
jp-mongodb-adaptive,43.279053,0.6818638533031901
jp-mongodb-adaptive,43.281982,0.682843506656619
jp-mongodb-adaptive,43.28418,0.6838231600100477
jp-mongodb-adaptive,43.288086,0.6848028133634765
jp-mongodb-adaptive,43.291016,0.6857824667169053
jp-mongodb-adaptive,43.293945,0.6867621200703341
jp-mongodb-adaptive,43.296875,0.6877417734237629
jp-mongodb-adaptive,43.300049,0.6887214267771916
jp-mongodb-adaptive,43.302979,0.6897010801306205
jp-mongodb-adaptive,43.305908,0.6906807334840492
jp-mongodb-adaptive,43.308105,0.691660386837478
jp-mongodb-adaptive,43.312012,0.6926400401909069
jp-mongodb-adaptive,43.313965,0.6936196935443356
jp-mongodb-adaptive,43.315918,0.6945993468977644
jp-mongodb-adaptive,43.318848,0.6955790002511931
jp-mongodb-adaptive,43.321045,0.696558653604622
jp-mongodb-adaptive,43.322998,0.6975383069580507
jp-mongodb-adaptive,43.325928,0.6985179603114795
jp-mongodb-adaptive,43.328857,0.6994976136649084
jp-mongodb-adaptive,43.333008,0.7004772670183371
jp-mongodb-adaptive,43.335938,0.7014569203717659
jp-mongodb-adaptive,43.338867,0.7024365737251946
jp-mongodb-adaptive,43.341064,0.7034162270786235
jp-mongodb-adaptive,43.343018,0.7043958804320523
jp-mongodb-adaptive,43.345215,0.705375533785481
jp-mongodb-adaptive,43.348877,0.7063551871389098
jp-mongodb-adaptive,43.351074,0.7073348404923386
jp-mongodb-adaptive,43.354004,0.7083144938457674
jp-mongodb-adaptive,43.358154,0.7092941471991961
jp-mongodb-adaptive,43.361084,0.710273800552625
jp-mongodb-adaptive,43.364014,0.7112534539060538
jp-mongodb-adaptive,43.366943,0.7122331072594825
jp-mongodb-adaptive,43.369141,0.7132127606129113
jp-mongodb-adaptive,43.37207,0.7141924139663401
jp-mongodb-adaptive,43.375,0.7151720673197689
jp-mongodb-adaptive,43.37793,0.7161517206731977
jp-mongodb-adaptive,43.380859,0.7171313740266265
jp-mongodb-adaptive,43.383057,0.7181110273800553
jp-mongodb-adaptive,43.386963,0.719090680733484
jp-mongodb-adaptive,43.389893,0.7200703340869128
jp-mongodb-adaptive,43.39209,0.7210499874403417
jp-mongodb-adaptive,43.39502,0.7220296407937704
jp-mongodb-adaptive,43.396973,0.7230092941471992
jp-mongodb-adaptive,43.399902,0.723988947500628
jp-mongodb-adaptive,43.403076,0.7249686008540568
jp-mongodb-adaptive,43.405029,0.7259482542074855
jp-mongodb-adaptive,43.408936,0.7269279075609143
jp-mongodb-adaptive,43.410889,0.7279075609143432
jp-mongodb-adaptive,43.413818,0.7288872142677719
jp-mongodb-adaptive,43.416016,0.7298668676212007
jp-mongodb-adaptive,43.418945,0.7308465209746295
jp-mongodb-adaptive,43.421875,0.7318261743280583
jp-mongodb-adaptive,43.423828,0.732805827681487
jp-mongodb-adaptive,43.427002,0.7337854810349158
jp-mongodb-adaptive,43.429932,0.7347651343883447
jp-mongodb-adaptive,43.432129,0.7357447877417734
jp-mongodb-adaptive,43.435059,0.7367244410952022
jp-mongodb-adaptive,43.438965,0.7377040944486309
jp-mongodb-adaptive,43.442871,0.7386837478020598
jp-mongodb-adaptive,43.445068,0.7396634011554886
jp-mongodb-adaptive,43.447998,0.7406430545089173
jp-mongodb-adaptive,43.450195,0.7416227078623462
jp-mongodb-adaptive,43.454102,0.7426023612157749
jp-mongodb-adaptive,43.457031,0.7435820145692037
jp-mongodb-adaptive,43.459961,0.7445616679226325
jp-mongodb-adaptive,43.463135,0.7455413212760613
jp-mongodb-adaptive,43.466064,0.7465209746294901
jp-mongodb-adaptive,43.468994,0.7475006279829188
jp-mongodb-adaptive,43.471924,0.7484802813363477
jp-mongodb-adaptive,43.474854,0.7494599346897765
jp-mongodb-adaptive,43.478027,0.7504395880432052
jp-mongodb-adaptive,43.480957,0.751419241396634
jp-mongodb-adaptive,43.484131,0.7523988947500628
jp-mongodb-adaptive,43.487061,0.7533785481034916
jp-mongodb-adaptive,43.48999,0.7543582014569203
jp-mongodb-adaptive,43.493896,0.7553378548103492
jp-mongodb-adaptive,43.49707,0.756317508163778
jp-mongodb-adaptive,43.5,0.7572971615172067
jp-mongodb-adaptive,43.50293,0.7582768148706355
jp-mongodb-adaptive,43.506104,0.7592564682240643
jp-mongodb-adaptive,43.51001,0.7602361215774931
jp-mongodb-adaptive,43.512939,0.7612157749309219
jp-mongodb-adaptive,43.515869,0.7621954282843507
jp-mongodb-adaptive,43.519043,0.7631750816377795
jp-mongodb-adaptive,43.521973,0.7641547349912082
jp-mongodb-adaptive,43.52417,0.765134388344637
jp-mongodb-adaptive,43.528076,0.7661140416980659
jp-mongodb-adaptive,43.531006,0.7670936950514946
jp-mongodb-adaptive,43.534912,0.7680733484049234
jp-mongodb-adaptive,43.537842,0.7690530017583522
jp-mongodb-adaptive,43.541016,0.770032655111781
jp-mongodb-adaptive,43.545166,0.7710123084652097
jp-mongodb-adaptive,43.549072,0.7719919618186385
jp-mongodb-adaptive,43.552002,0.7729716151720674
jp-mongodb-adaptive,43.554932,0.7739512685254961
jp-mongodb-adaptive,43.558838,0.7749309218789249
jp-mongodb-adaptive,43.561035,0.7759105752323536
jp-mongodb-adaptive,43.564941,0.7768902285857825
jp-mongodb-adaptive,43.567871,0.7778698819392112
jp-mongodb-adaptive,43.571777,0.77884953529264
jp-mongodb-adaptive,43.574951,0.7798291886460689
jp-mongodb-adaptive,43.578125,0.7808088419994976
jp-mongodb-adaptive,43.582031,0.7817884953529264
jp-mongodb-adaptive,43.585938,0.7827681487063551
jp-mongodb-adaptive,43.588135,0.783747802059784
jp-mongodb-adaptive,43.591064,0.7847274554132128
jp-mongodb-adaptive,43.594971,0.7857071087666415
jp-mongodb-adaptive,43.598877,0.7866867621200704
jp-mongodb-adaptive,43.602783,0.7876664154734991
jp-mongodb-adaptive,43.606934,0.7886460688269279
jp-mongodb-adaptive,43.610107,0.7896257221803566
jp-mongodb-adaptive,43.614014,0.7906053755337855
jp-mongodb-adaptive,43.618896,0.7915850288872143
jp-mongodb-adaptive,43.624023,0.792564682240643
jp-mongodb-adaptive,43.62793,0.7935443355940719
jp-mongodb-adaptive,43.63208,0.7945239889475006
jp-mongodb-adaptive,43.635986,0.7955036423009294
jp-mongodb-adaptive,43.640137,0.7964832956543582
jp-mongodb-adaptive,43.643066,0.797462949007787
jp-mongodb-adaptive,43.646973,0.7984426023612158
jp-mongodb-adaptive,43.6521,0.7994222557146445
jp-mongodb-adaptive,43.656006,0.8004019090680734
jp-mongodb-adaptive,43.659912,0.8013815624215022
jp-mongodb-adaptive,43.663818,0.8023612157749309
jp-mongodb-adaptive,43.666992,0.8033408691283597
jp-mongodb-adaptive,43.671143,0.8043205224817885
jp-mongodb-adaptive,43.676025,0.8053001758352173
jp-mongodb-adaptive,43.679199,0.806279829188646
jp-mongodb-adaptive,43.682861,0.8072594825420748
jp-mongodb-adaptive,43.687012,0.8082391358955037
jp-mongodb-adaptive,43.689941,0.8092187892489324
jp-mongodb-adaptive,43.694092,0.8101984426023612
jp-mongodb-adaptive,43.698975,0.81117809595579
jp-mongodb-adaptive,43.704102,0.8121577493092188
jp-mongodb-adaptive,43.708008,0.8131374026626476
jp-mongodb-adaptive,43.711914,0.8141170560160763
jp-mongodb-adaptive,43.716064,0.8150967093695052
jp-mongodb-adaptive,43.719971,0.8160763627229339
jp-mongodb-adaptive,43.723877,0.8170560160763627
jp-mongodb-adaptive,43.728027,0.8180356694297916
jp-mongodb-adaptive,43.731934,0.8190153227832203
jp-mongodb-adaptive,43.736084,0.8199949761366491
jp-mongodb-adaptive,43.740967,0.8209746294900778
jp-mongodb-adaptive,43.744873,0.8219542828435067
jp-mongodb-adaptive,43.749023,0.8229339361969354
jp-mongodb-adaptive,43.752197,0.8239135895503642
jp-mongodb-adaptive,43.75708,0.8248932429037931
jp-mongodb-adaptive,43.76001,0.8258728962572218
jp-mongodb-adaptive,43.76416,0.8268525496106506
jp-mongodb-adaptive,43.769775,0.8278322029640793
jp-mongodb-adaptive,43.77417,0.8288118563175082
jp-mongodb-adaptive,43.779053,0.829791509670937
jp-mongodb-adaptive,43.782959,0.8307711630243657
jp-mongodb-adaptive,43.788086,0.8317508163777946
jp-mongodb-adaptive,43.791992,0.8327304697312233
jp-mongodb-adaptive,43.797119,0.8337101230846521
jp-mongodb-adaptive,43.801025,0.8346897764380808
jp-mongodb-adaptive,43.805176,0.8356694297915097
jp-mongodb-adaptive,43.810059,0.8366490831449385
jp-mongodb-adaptive,43.816162,0.8376287364983672
jp-mongodb-adaptive,43.822021,0.838608389851796
jp-mongodb-adaptive,43.826172,0.8395880432052248
jp-mongodb-adaptive,43.830811,0.8405676965586536
jp-mongodb-adaptive,43.836182,0.8415473499120824
jp-mongodb-adaptive,43.84082,0.8425270032655112
jp-mongodb-adaptive,43.843994,0.84350665661894
jp-mongodb-adaptive,43.8479,0.8444863099723687
jp-mongodb-adaptive,43.853027,0.8454659633257975
jp-mongodb-adaptive,43.858887,0.8464456166792264
jp-mongodb-adaptive,43.864014,0.8474252700326551
jp-mongodb-adaptive,43.86792,0.8484049233860839
jp-mongodb-adaptive,43.873047,0.8493845767395127
jp-mongodb-adaptive,43.877197,0.8503642300929415
jp-mongodb-adaptive,43.882812,0.8513438834463702
jp-mongodb-adaptive,43.886963,0.852323536799799
jp-mongodb-adaptive,43.89209,0.8533031901532279
jp-mongodb-adaptive,43.897949,0.8542828435066566
jp-mongodb-adaptive,43.904053,0.8552624968600854
jp-mongodb-adaptive,43.910156,0.8562421502135142
jp-mongodb-adaptive,43.916016,0.857221803566943
jp-mongodb-adaptive,43.924072,0.8582014569203718
jp-mongodb-adaptive,43.929932,0.8591811102738005
jp-mongodb-adaptive,43.935059,0.8601607636272294
jp-mongodb-adaptive,43.943115,0.8611404169806581
jp-mongodb-adaptive,43.948975,0.8621200703340869
jp-mongodb-adaptive,43.954102,0.8630997236875158
jp-mongodb-adaptive,43.958984,0.8640793770409445
jp-mongodb-adaptive,43.965088,0.8650590303943733
jp-mongodb-adaptive,43.970947,0.866038683747802
jp-mongodb-adaptive,43.978027,0.8670183371012309
jp-mongodb-adaptive,43.98291,0.8679979904546596
jp-mongodb-adaptive,43.98999,0.8689776438080884
jp-mongodb-adaptive,43.996826,0.8699572971615172
jp-mongodb-adaptive,44.001953,0.870936950514946
jp-mongodb-adaptive,44.008057,0.8719166038683748
jp-mongodb-adaptive,44.01709,0.8728962572218035
jp-mongodb-adaptive,44.021973,0.8738759105752324
jp-mongodb-adaptive,44.027832,0.8748555639286612
jp-mongodb-adaptive,44.03418,0.8758352172820899
jp-mongodb-adaptive,44.041992,0.8768148706355187
jp-mongodb-adaptive,44.048828,0.8777945239889475
jp-mongodb-adaptive,44.056885,0.8787741773423763
jp-mongodb-adaptive,44.062012,0.879753830695805
jp-mongodb-adaptive,44.072021,0.8807334840492339
jp-mongodb-adaptive,44.079102,0.8817131374026627
jp-mongodb-adaptive,44.085938,0.8826927907560914
jp-mongodb-adaptive,44.092041,0.8836724441095202
jp-mongodb-adaptive,44.099121,0.884652097462949
jp-mongodb-adaptive,44.106934,0.8856317508163778
jp-mongodb-adaptive,44.118164,0.8866114041698065
jp-mongodb-adaptive,44.129883,0.8875910575232354
jp-mongodb-adaptive,44.139893,0.8885707108766642
jp-mongodb-adaptive,44.147949,0.8895503642300929
jp-mongodb-adaptive,44.15918,0.8905300175835217
jp-mongodb-adaptive,44.169922,0.8915096709369505
jp-mongodb-adaptive,44.182861,0.8924893242903793
jp-mongodb-adaptive,44.191895,0.8934689776438081
jp-mongodb-adaptive,44.201904,0.8944486309972369
jp-mongodb-adaptive,44.211914,0.8954282843506657
jp-mongodb-adaptive,44.221191,0.8964079377040944
jp-mongodb-adaptive,44.233887,0.8973875910575232
jp-mongodb-adaptive,44.244873,0.8983672444109521
jp-mongodb-adaptive,44.25415,0.8993468977643808
jp-mongodb-adaptive,44.264893,0.9003265511178096
jp-mongodb-adaptive,44.275879,0.9013062044712384
jp-mongodb-adaptive,44.285156,0.9022858578246672
jp-mongodb-adaptive,44.295898,0.903265511178096
jp-mongodb-adaptive,44.310059,0.9042451645315247
jp-mongodb-adaptive,44.322021,0.9052248178849536
jp-mongodb-adaptive,44.339111,0.9062044712383823
jp-mongodb-adaptive,44.356201,0.9071841245918111
jp-mongodb-adaptive,44.369873,0.9081637779452398
jp-mongodb-adaptive,44.384033,0.9091434312986687
jp-mongodb-adaptive,44.405029,0.9101230846520975
jp-mongodb-adaptive,44.429932,0.9111027380055262
jp-mongodb-adaptive,44.449951,0.9120823913589551
jp-mongodb-adaptive,44.471191,0.9130620447123838
jp-mongodb-adaptive,44.49292,0.9140416980658126
jp-mongodb-adaptive,44.514893,0.9150213514192413
jp-mongodb-adaptive,44.536133,0.9160010047726702
jp-mongodb-adaptive,44.569092,0.916980658126099
jp-mongodb-adaptive,44.606201,0.9179603114795277
jp-mongodb-adaptive,44.645996,0.9189399648329566
jp-mongodb-adaptive,44.676025,0.9199196181863853
jp-mongodb-adaptive,44.727051,0.9208992715398141
jp-mongodb-adaptive,44.77417,0.9218789248932429
jp-mongodb-adaptive,44.833008,0.9228585782466717
jp-mongodb-adaptive,44.933105,0.9238382316001005
jp-mongodb-adaptive,44.99585,0.9248178849535292
jp-mongodb-adaptive,45.062012,0.9257975383069581
jp-mongodb-adaptive,45.205078,0.9267771916603869
jp-mongodb-adaptive,45.336914,0.9277568450138156
jp-mongodb-adaptive,45.446045,0.9287364983672444
jp-mongodb-adaptive,45.583984,0.9297161517206732
jp-mongodb-adaptive,45.718994,0.930695805074102
jp-mongodb-adaptive,45.85498,0.9316754584275307
jp-mongodb-adaptive,46.052979,0.9326551117809596
jp-mongodb-adaptive,46.266846,0.9336347651343884
jp-mongodb-adaptive,46.456055,0.9346144184878171
jp-mongodb-adaptive,46.647949,0.9355940718412459
jp-mongodb-adaptive,46.876953,0.9365737251946747
jp-mongodb-adaptive,47.11084,0.9375533785481035
jp-mongodb-adaptive,47.438965,0.9385330319015323
jp-mongodb-adaptive,47.934082,0.939512685254961
jp-mongodb-adaptive,48.424072,0.9404923386083899
jp-mongodb-adaptive,49.070068,0.9414719919618186
jp-mongodb-adaptive,49.928955,0.9424516453152474
jp-mongodb-adaptive,51.217041,0.9434312986686763
jp-mongodb-adaptive,53.864014,0.944410952022105
jp-mongodb-adaptive,60.004883,0.9453906053755338
jp-mongodb-adaptive,77.538086,0.9463702587289625
jp-mongodb-adaptive,110.422852,0.9473499120823914
jp-mongodb-adaptive,112.417969,0.9483295654358201
jp-mongodb-adaptive,114.503906,0.9493092187892489
jp-mongodb-adaptive,115.012939,0.9502888721426778
jp-mongodb-adaptive,115.622803,0.9512685254961065
jp-mongodb-adaptive,115.965088,0.9522481788495353
jp-mongodb-adaptive,116.300049,0.953227832202964
jp-mongodb-adaptive,116.710205,0.9542074855563929
jp-mongodb-adaptive,117.125977,0.9551871389098217
jp-mongodb-adaptive,117.63208,0.9561667922632504
jp-mongodb-adaptive,118.085938,0.9571464456166793
jp-mongodb-adaptive,118.52002,0.958126098970108
jp-mongodb-adaptive,118.97998,0.9591057523235368
jp-mongodb-adaptive,119.454102,0.9600854056769655
jp-mongodb-adaptive,119.99707,0.9610650590303944
jp-mongodb-adaptive,120.495117,0.9620447123838232
jp-mongodb-adaptive,121.200928,0.9630243657372519
jp-mongodb-adaptive,121.883057,0.9640040190906808
jp-mongodb-adaptive,122.522949,0.9649836724441095
jp-mongodb-adaptive,123.055908,0.9659633257975383
jp-mongodb-adaptive,123.613037,0.966942979150967
jp-mongodb-adaptive,124.552979,0.9679226325043959
jp-mongodb-adaptive,125.577148,0.9689022858578247
jp-mongodb-adaptive,126.468018,0.9698819392112534
jp-mongodb-adaptive,127.361084,0.9708615925646822
jp-mongodb-adaptive,128.247803,0.971841245918111
jp-mongodb-adaptive,128.842041,0.9728208992715398
jp-mongodb-adaptive,129.473877,0.9738005526249686
jp-mongodb-adaptive,129.991943,0.9747802059783974
jp-mongodb-adaptive,130.397949,0.9757598593318262
jp-mongodb-adaptive,130.855957,0.9767395126852549
jp-mongodb-adaptive,131.296875,0.9777191660386837
jp-mongodb-adaptive,131.749023,0.9786988193921126
jp-mongodb-adaptive,132.166016,0.9796784727455413
jp-mongodb-adaptive,132.567139,0.9806581260989701
jp-mongodb-adaptive,132.956055,0.9816377794523989
jp-mongodb-adaptive,133.387939,0.9826174328058277
jp-mongodb-adaptive,133.817139,0.9835970861592565
jp-mongodb-adaptive,134.206055,0.9845767395126852
jp-mongodb-adaptive,134.626953,0.9855563928661141
jp-mongodb-adaptive,135.026123,0.9865360462195428
jp-mongodb-adaptive,135.440918,0.9875156995729716
jp-mongodb-adaptive,135.824951,0.9884953529264005
jp-mongodb-adaptive,136.317871,0.9894750062798292
jp-mongodb-adaptive,136.829102,0.990454659633258
jp-mongodb-adaptive,137.35791,0.9914343129866867
jp-mongodb-adaptive,137.812012,0.9924139663401156
jp-mongodb-adaptive,138.308105,0.9933936196935443
jp-mongodb-adaptive,138.986084,0.9943732730469731
jp-mongodb-adaptive,139.707031,0.995352926400402
jp-mongodb-adaptive,140.502197,0.9963325797538307
jp-mongodb-adaptive,45901.957031,0.9973122331072595
jp-mongodb-adaptive,63898.758057,0.9982918864606882
jp-mongodb-adaptive,81865.40918,0.9992715398141171
epaxos,2.534912,1.0704105345523168e-06
epaxos,53.291992,0.0010008338498064162
epaxos,90.258057,0.00200059728907828
epaxos,126.125977,0.003000360728350144
epaxos,160.974854,0.004000124167622008
epaxos,194.290039,0.004999887606893872
epaxos,224.579102,0.005999651046165736
epaxos,243.750977,0.0069994144854376
epaxos,271.73999,0.007999177924709463
epaxos,295.330078,0.008998941363981328
epaxos,320.801025,0.009998704803253192
epaxos,345.522949,0.010998468242525056
epaxos,365.526855,0.011998231681796919
epaxos,384.275879,0.012997995121068784
epaxos,403.016846,0.013997758560340648
epaxos,421.727051,0.01499752199961251
epaxos,435.231934,0.015997285438884377
epaxos,448.87915,0.01699704887815624
epaxos,462.25708,0.017996812317428102
epaxos,473.302002,0.018996575756699968
epaxos,483.792969,0.01999633919597183
epaxos,490.674072,0.020996102635243694
epaxos,496.858887,0.02199586607451556
epaxos,499.616943,0.022995629513787422
epaxos,501.75,0.02399539295305929
epaxos,504.387939,0.02499515639233115
epaxos,507.410156,0.025994919831603014
epaxos,513.852051,0.02699468327087488
epaxos,520.165039,0.027994446710146743
epaxos,525.174072,0.028994210149418605
epaxos,530.070068,0.02999397358869047
epaxos,535.405029,0.030993737027962334
epaxos,540.156982,0.0319935004672342
epaxos,545.838867,0.03299326390650606
epaxos,556.759033,0.03399302734577793
epaxos,569.86499,0.03499279078504979
epaxos,582.587158,0.035992554224321655
epaxos,591.094971,0.03699231766359352
epaxos,602.473145,0.03799208110286538
epaxos,610.077881,0.03899184454213724
epaxos,619.414062,0.03999160798140911
epaxos,628.141113,0.040991371420680975
epaxos,637.798828,0.04199113485995284
epaxos,647.172852,0.0429908982992247
epaxos,657.170898,0.04399066173849656
epaxos,663.188965,0.04499042517776843
epaxos,670.936035,0.045990188617040295
epaxos,678.625977,0.04698995205631216
epaxos,686.310059,0.04798971549558402
epaxos,695.399902,0.04898947893485588
epaxos,704.491943,0.049989242374127746
epaxos,712.106934,0.050989005813399615
epaxos,717.281006,0.05198876925267148
epaxos,721.326904,0.05298853269194334
epaxos,724.51709,0.053988296131215203
epaxos,726.406982,0.054988059570487066
epaxos,729.044189,0.055987823009758936
epaxos,732.13208,0.0569875864490308
epaxos,735.359131,0.05798734988830266
epaxos,739.878906,0.058987113327574524
epaxos,744.156006,0.059986876766846386
epaxos,750.87793,0.06098664020611825
epaxos,754.441162,0.06198640364539012
epaxos,759.497803,0.06298616708466198
epaxos,764.596924,0.06398593052393385
epaxos,769.116943,0.0649856939632057
epaxos,773.927979,0.06598545740247758
epaxos,780.856934,0.06698522084174943
epaxos,785.330078,0.0679849842810213
epaxos,789.586914,0.06898474772029316
epaxos,796.468018,0.06998451115956503
epaxos,803.668945,0.0709842745988369
epaxos,810.311035,0.07198403803810875
epaxos,815.052979,0.07298380147738062
epaxos,820.39502,0.07398356491665248
epaxos,825.125,0.07498332835592435
epaxos,827.25,0.07598309179519622
epaxos,832.394043,0.07698285523446807
epaxos,838.436035,0.07798261867373994
epaxos,845.346924,0.0789823821130118
epaxos,852.832031,0.07998214555228367
epaxos,858.14502,0.08098190899155554
epaxos,863.644043,0.0819816724308274
epaxos,868.332031,0.08298143587009926
epaxos,873.86084,0.08398119930937112
epaxos,879.352051,0.08498096274864299
epaxos,884.701904,0.08598072618791486
epaxos,889.285889,0.08698048962718671
epaxos,892.329102,0.08798025306645858
epaxos,897.440918,0.08898001650573044
epaxos,901.053223,0.08997977994500231
epaxos,904.069092,0.09097954338427416
epaxos,908.706055,0.09197930682354603
epaxos,913.510986,0.0929790702628179
epaxos,918.344971,0.09397883370208976
epaxos,922.477051,0.09497859714136163
epaxos,925.439941,0.09597836058063348
epaxos,930.520996,0.09697812401990535
epaxos,933.018066,0.09797788745917722
epaxos,935.873047,0.09897765089844908
epaxos,938.705078,0.09997741433772095
epaxos,941.867188,0.1009771777769928
epaxos,945.094971,0.10197694121626467
epaxos,948.585938,0.10297670465553654
epaxos,952.635986,0.1039764680948084
epaxos,955.073975,0.10497623153408027
epaxos,957.397949,0.10597599497335213
epaxos,960.11499,0.106975758412624
epaxos,962.785156,0.10797552185189586
epaxos,965.789795,0.10897528529116772
epaxos,969.413086,0.10997504873043959
epaxos,973.014893,0.11097481216971145
epaxos,975.526855,0.11197457560898331
epaxos,979.066895,0.11297433904825517
epaxos,983.310059,0.11397410248752704
epaxos,985.977051,0.11497386592679891
epaxos,988.418945,0.11597362936607077
epaxos,991.283936,0.11697339280534264
epaxos,993.585938,0.11797315624461449
epaxos,995.727051,0.11897291968388636
epaxos,998.771973,0.11997268312315823
epaxos,1002.083008,0.12097244656243009
epaxos,1004.968994,0.12197221000170196
epaxos,1007.187012,0.12297197344097381
epaxos,1010.572021,0.12397173688024568
epaxos,1013.88501,0.12497150031951755
epaxos,1016.660889,0.12597126375878942
epaxos,1018.973877,0.12697102719806128
epaxos,1022.700195,0.12797079063733313
epaxos,1025.078125,0.128970554076605
epaxos,1027.579102,0.12997031751587687
epaxos,1029.706055,0.13097008095514873
epaxos,1031.911865,0.13196984439442058
epaxos,1034.339844,0.13296960783369247
epaxos,1037.468018,0.13396937127296432
epaxos,1039.884033,0.13496913471223618
epaxos,1041.251953,0.13596889815150806
epaxos,1043.596924,0.13696866159077992
epaxos,1046.09082,0.13796842503005177
epaxos,1048.928955,0.13896818846932363
epaxos,1051.265869,0.1399679519085955
epaxos,1054.436035,0.14096771534786737
epaxos,1057.939209,0.14196747878713922
epaxos,1060.530029,0.1429672422264111
epaxos,1063.179932,0.14396700566568296
epaxos,1065.156982,0.14496676910495482
epaxos,1066.672119,0.14596653254422667
epaxos,1068.36084,0.14696629598349856
epaxos,1070.111084,0.1479660594227704
epaxos,1073.751953,0.14896582286204227
epaxos,1076.165039,0.14996558630131415
epaxos,1078.976074,0.150965349740586
epaxos,1082.035889,0.15196511317985786
epaxos,1083.838867,0.15296487661912975
epaxos,1086.755127,0.1539646400584016
epaxos,1089.052979,0.15496440349767346
epaxos,1090.440918,0.15596416693694531
epaxos,1092.14502,0.1569639303762172
epaxos,1094.403076,0.15796369381548905
epaxos,1097.094238,0.1589634572547609
epaxos,1099.807129,0.1599632206940328
epaxos,1103.141846,0.16096298413330465
epaxos,1104.697998,0.1619627475725765
epaxos,1107.616211,0.1629625110118484
epaxos,1109.37793,0.16396227445112024
epaxos,1110.636963,0.1649620378903921
epaxos,1113.100098,0.16596180132966395
epaxos,1115.547852,0.16696156476893584
epaxos,1117.435059,0.1679613282082077
epaxos,1120.148926,0.16896109164747955
epaxos,1121.678955,0.16996085508675143
epaxos,1122.875,0.1709606185260233
epaxos,1124.193848,0.17196038196529514
epaxos,1125.782959,0.172960145404567
epaxos,1127.524902,0.17395990884383888
epaxos,1129.483887,0.17495967228311074
epaxos,1131.006104,0.1759594357223826
epaxos,1133.209961,0.17695919916165448
epaxos,1134.824951,0.17795896260092633
epaxos,1136.448975,0.1789587260401982
epaxos,1137.375,0.17995848947947007
epaxos,1139.156006,0.18095825291874193
epaxos,1141.338135,0.18195801635801379
epaxos,1142.877197,0.18295777979728564
epaxos,1144.177979,0.18395754323655752
epaxos,1145.413818,0.18495730667582938
epaxos,1146.76416,0.18595707011510124
epaxos,1148.482178,0.18695683355437312
epaxos,1150.615967,0.18795659699364498
epaxos,1152.287109,0.18895636043291683
epaxos,1154.056885,0.1899561238721887
epaxos,1155.294922,0.19095588731146057
epaxos,1156.502197,0.19195565075073243
epaxos,1158.212158,0.19295541419000428
epaxos,1159.483154,0.19395517762927617
epaxos,1160.484131,0.19495494106854802
epaxos,1161.514893,0.19595470450781988
epaxos,1162.39502,0.19695446794709176
epaxos,1163.324951,0.19795423138636362
epaxos,1164.812012,0.19895399482563547
epaxos,1166.00415,0.19995375826490733
epaxos,1167.98999,0.2009535217041792
epaxos,1169.822998,0.20195328514345107
epaxos,1171.278076,0.20295304858272292
epaxos,1172.582031,0.2039528120219948
epaxos,1174.169922,0.20495257546126666
epaxos,1176.525879,0.20595233890053852
epaxos,1177.760986,0.2069521023398104
epaxos,1179.086182,0.20795186577908226
epaxos,1180.127197,0.2089516292183541
epaxos,1181.993164,0.20995139265762597
epaxos,1183.636963,0.21095115609689785
epaxos,1185.302979,0.2119509195361697
epaxos,1186.26001,0.21295068297544156
epaxos,1188.094971,0.21395044641471345
epaxos,1189.900879,0.2149502098539853
epaxos,1191.565186,0.21594997329325716
epaxos,1193.01001,0.216949736732529
epaxos,1194.281006,0.2179495001718009
epaxos,1195.531982,0.21894926361107275
epaxos,1196.556885,0.2199490270503446
epaxos,1198.195068,0.2209487904896165
epaxos,1199.515137,0.22194855392888835
epaxos,1200.928955,0.2229483173681602
epaxos,1202.815918,0.2239480808074321
epaxos,1204.280029,0.22494784424670394
epaxos,1206.148926,0.2259476076859758
epaxos,1207.60498,0.22694737112524765
epaxos,1209.056152,0.22794713456451954
epaxos,1210.432861,0.2289468980037914
epaxos,1211.865967,0.22994666144306325
epaxos,1213.051025,0.23094642488233513
epaxos,1214.115967,0.231946188321607
epaxos,1215.188965,0.23294595176087884
epaxos,1216.177979,0.2339457152001507
epaxos,1217.38501,0.23494547863942258
epaxos,1218.595947,0.23594524207869444
epaxos,1219.478027,0.2369450055179663
epaxos,1220.362061,0.23794476895723818
epaxos,1221.556885,0.23894453239651003
epaxos,1222.548828,0.2399442958357819
epaxos,1223.312012,0.24094405927505377
epaxos,1224.217041,0.24194382271432563
epaxos,1225.295898,0.24294358615359748
epaxos,1226.486816,0.24394334959286934
epaxos,1227.077881,0.24494311303214122
epaxos,1227.952881,0.24594287647141308
epaxos,1228.942871,0.24694263991068494
epaxos,1230.180908,0.24794240334995682
epaxos,1231.301025,0.24894216678922867
epaxos,1232.406006,0.24994193022850053
epaxos,1233.530029,0.2509416936677724
epaxos,1234.243896,0.25194145710704424
epaxos,1235.506104,0.2529412205463161
epaxos,1236.424072,0.253940983985588
epaxos,1237.512939,0.25494074742485984
epaxos,1238.615967,0.2559405108641317
epaxos,1239.362061,0.2569402743034036
epaxos,1240.360107,0.25794003774267543
epaxos,1241.23291,0.2589398011819473
epaxos,1242.062988,0.2599395646212192
epaxos,1243.169922,0.260939328060491
epaxos,1243.947998,0.2619390914997629
epaxos,1244.704102,0.2629388549390348
epaxos,1245.352051,0.2639386183783066
epaxos,1245.956055,0.2649383818175785
epaxos,1247.012939,0.26593814525685033
epaxos,1248.331055,0.2669379086961222
epaxos,1249.249023,0.2679376721353941
epaxos,1249.934082,0.26893743557466593
epaxos,1250.729004,0.2699371990139378
epaxos,1251.444092,0.2709369624532097
epaxos,1252.284912,0.2719367258924815
epaxos,1253.063965,0.2729364893317534
epaxos,1253.52002,0.2739362527710253
epaxos,1254.00708,0.2749360162102971
epaxos,1254.756836,0.275935779649569
epaxos,1255.371094,0.2769355430888409
epaxos,1256.119141,0.2779353065281127
epaxos,1256.53418,0.2789350699673846
epaxos,1257.143799,0.2799348334066565
epaxos,1257.843018,0.2809345968459283
epaxos,1258.462158,0.2819343602852002
epaxos,1258.946045,0.282934123724472
epaxos,1259.490967,0.2839338871637439
epaxos,1259.984131,0.2849336506030158
epaxos,1260.359131,0.2859334140422876
epaxos,1260.829834,0.2869331774815595
epaxos,1261.209961,0.2879329409208314
epaxos,1261.593994,0.2889327043601032
epaxos,1261.972168,0.2899324677993751
epaxos,1262.362061,0.290932231238647
epaxos,1262.765869,0.2919319946779188
epaxos,1263.083008,0.2929317581171907
epaxos,1263.504883,0.29393152155646257
epaxos,1264.125977,0.2949312849957344
epaxos,1264.558105,0.2959310484350063
epaxos,1264.97998,0.29693081187427817
epaxos,1265.637939,0.29793057531355
epaxos,1266.101074,0.2989303387528219
epaxos,1266.914062,0.2999301021920937
epaxos,1267.620117,0.3009298656313656
epaxos,1268.427002,0.3019296290706375
epaxos,1268.753906,0.3029293925099093
epaxos,1269.270996,0.3039291559491812
epaxos,1270.419922,0.30492891938845307
epaxos,1271.067871,0.3059286828277249
epaxos,1272.197998,0.3069284462669968
epaxos,1272.823975,0.30792820970626866
epaxos,1273.422852,0.3089279731455405
epaxos,1274.086914,0.3099277365848124
epaxos,1274.435059,0.31092750002408426
epaxos,1274.862061,0.3119272634633561
epaxos,1275.433105,0.31292702690262797
epaxos,1275.759033,0.31392679034189985
epaxos,1276.021973,0.3149265537811717
epaxos,1276.351807,0.31592631722044356
epaxos,1276.893066,0.31692608065971545
epaxos,1277.386963,0.3179258440989873
epaxos,1278.195068,0.31892560753825916
epaxos,1279.045898,0.319925370977531
epaxos,1279.865967,0.32092513441680287
epaxos,1280.410889,0.32192489785607475
epaxos,1280.822021,0.3229246612953466
epaxos,1281.468018,0.32392442473461847
epaxos,1281.795898,0.32492418817389035
epaxos,1282.102051,0.3259239516131622
epaxos,1282.708984,0.32692371505243406
epaxos,1283.235107,0.32792347849170594
epaxos,1283.837891,0.32892324193097777
epaxos,1284.39209,0.32992300537024966
epaxos,1284.99707,0.33092276880952154
epaxos,1285.728027,0.33192253224879337
epaxos,1286.10498,0.33292229568806525
epaxos,1286.761963,0.33392205912733713
epaxos,1287.227051,0.33492182256660896
epaxos,1287.60498,0.33592158600588085
epaxos,1288.177002,0.3369213494451527
epaxos,1288.552979,0.33792111288442456
epaxos,1288.880127,0.33892087632369644
epaxos,1289.25293,0.33992063976296827
epaxos,1289.862061,0.34092040320224015
epaxos,1290.187988,0.34192016664151204
epaxos,1290.506836,0.34291993008078386
epaxos,1290.947021,0.34391969352005575
epaxos,1291.448975,0.34491945695932763
epaxos,1291.853027,0.34591922039859946
epaxos,1292.251953,0.34691898383787134
epaxos,1292.614014,0.3479187472771432
epaxos,1293.025146,0.34891851071641505
epaxos,1293.557129,0.34991827415568694
epaxos,1293.931152,0.3509180375949588
epaxos,1294.400146,0.35191780103423065
epaxos,1294.799805,0.35291756447350253
epaxos,1295.089111,0.35391732791277436
epaxos,1295.421143,0.35491709135204624
epaxos,1295.75293,0.3559168547913181
epaxos,1296.021973,0.35691661823058995
epaxos,1296.445801,0.35791638166986184
epaxos,1296.771973,0.3589161451091337
epaxos,1297.199951,0.35991590854840555
epaxos,1297.820801,0.36091567198767743
epaxos,1298.231934,0.3619154354269493
epaxos,1298.625,0.36291519886622114
epaxos,1299.031006,0.36391496230549303
epaxos,1299.583984,0.3649147257447649
epaxos,1300.012939,0.36591448918403674
epaxos,1300.344971,0.3669142526233086
epaxos,1300.686035,0.3679140160625805
epaxos,1301.01709,0.36891377950185233
epaxos,1301.246094,0.3699135429411242
epaxos,1301.564209,0.37091330638039605
epaxos,1301.774902,0.37191306981966793
epaxos,1302.079102,0.3729128332589398
epaxos,1302.490967,0.37391259669821164
epaxos,1302.89209,0.3749123601374835
epaxos,1303.255127,0.3759121235767554
epaxos,1303.572021,0.37691188701602724
epaxos,1304.013916,0.3779116504552991
epaxos,1304.384033,0.378911413894571
epaxos,1304.60791,0.37991117733384283
epaxos,1304.890869,0.3809109407731147
epaxos,1305.296875,0.3819107042123866
epaxos,1305.660156,0.3829104676516584
epaxos,1306.019043,0.3839102310909303
epaxos,1306.390869,0.3849099945302022
epaxos,1306.834961,0.385909757969474
epaxos,1307.182129,0.3869095214087459
epaxos,1307.480957,0.3879092848480178
epaxos,1307.770996,0.3889090482872896
epaxos,1308.032959,0.3899088117265615
epaxos,1308.26001,0.3909085751658333
epaxos,1308.631104,0.3919083386051052
epaxos,1308.969238,0.3929081020443771
epaxos,1309.230957,0.3939078654836489
epaxos,1309.645996,0.3949076289229208
epaxos,1309.98999,0.3959073923621927
epaxos,1310.449951,0.3969071558014645
epaxos,1311.081055,0.3979069192407364
epaxos,1311.531982,0.3989066826800083
epaxos,1311.945801,0.3999064461192801
epaxos,1312.294922,0.400906209558552
epaxos,1312.644043,0.4019059729978239
epaxos,1313.042969,0.4029057364370957
epaxos,1313.514893,0.4039054998763676
epaxos,1313.846924,0.4049052633156395
epaxos,1314.146973,0.4059050267549113
epaxos,1314.451172,0.4069047901941832
epaxos,1314.811035,0.407904553633455
epaxos,1315.165039,0.4089043170727269
epaxos,1315.477051,0.4099040805119988
epaxos,1315.915039,0.4109038439512706
epaxos,1316.26001,0.4119036073905425
epaxos,1316.674805,0.4129033708298144
epaxos,1317.056152,0.4139031342690862
epaxos,1317.49292,0.4149028977083581
epaxos,1317.881104,0.41590266114762997
epaxos,1318.23999,0.4169024245869018
epaxos,1318.578125,0.4179021880261737
epaxos,1318.915039,0.41890195146544557
epaxos,1319.155029,0.4199017149047174
epaxos,1319.548096,0.4209014783439893
epaxos,1319.919922,0.42190124178326116
epaxos,1320.246826,0.422901005222533
epaxos,1320.459961,0.42390076866180487
epaxos,1320.637207,0.4249005321010767
epaxos,1320.824951,0.4259002955403486
epaxos,1321.125977,0.42690005897962047
epaxos,1321.427979,0.4278998224188923
epaxos,1321.738037,0.4288995858581642
epaxos,1322.121826,0.42989934929743606
epaxos,1322.411865,0.4308991127367079
epaxos,1322.794922,0.4318988761759798
epaxos,1323.088135,0.43289863961525166
epaxos,1323.490967,0.4338984030545235
epaxos,1323.803955,0.43489816649379537
epaxos,1324.184082,0.43589792993306725
epaxos,1324.47998,0.4368976933723391
epaxos,1324.770996,0.43789745681161096
epaxos,1325.062988,0.43889722025088285
epaxos,1325.275146,0.4398969836901547
epaxos,1325.523193,0.44089674712942656
epaxos,1325.791016,0.4418965105686984
epaxos,1326.065918,0.44289627400797027
epaxos,1326.332031,0.44389603744724215
epaxos,1326.595947,0.444895800886514
epaxos,1326.839111,0.44589556432578586
epaxos,1327.003906,0.44689532776505775
epaxos,1327.220947,0.4478950912043296
epaxos,1327.487793,0.44889485464360146
epaxos,1327.740967,0.44989461808287334
epaxos,1327.99707,0.45089438152214517
epaxos,1328.23584,0.45189414496141705
epaxos,1328.51416,0.45289390840068894
epaxos,1328.891846,0.45389367183996077
epaxos,1329.209961,0.45489343527923265
epaxos,1329.501953,0.45589319871850453
epaxos,1329.833984,0.45689296215777636
epaxos,1330.166016,0.45789272559704824
epaxos,1330.493896,0.4588924890363201
epaxos,1330.797119,0.45989225247559196
epaxos,1330.968018,0.46089201591486384
epaxos,1331.280029,0.46189177935413567
epaxos,1331.499023,0.46289154279340755
epaxos,1331.654053,0.46389130623267943
epaxos,1331.826904,0.46489106967195126
epaxos,1332.13916,0.46589083311122315
epaxos,1332.398926,0.46689059655049503
epaxos,1332.666016,0.46789035998976686
epaxos,1332.891846,0.46889012342903874
epaxos,1333.076904,0.4698898868683106
epaxos,1333.279053,0.47088965030758245
epaxos,1333.476807,0.47188941374685434
epaxos,1333.643066,0.4728891771861262
epaxos,1333.914795,0.47388894062539805
epaxos,1334.083984,0.47488870406466993
epaxos,1334.293945,0.4758884675039418
epaxos,1334.441895,0.47688823094321364
epaxos,1334.595947,0.4778879943824855
epaxos,1334.833008,0.47888775782175735
epaxos,1335.038086,0.47988752126102924
epaxos,1335.310059,0.4808872847003011
epaxos,1335.491943,0.48188704813957295
epaxos,1335.783203,0.48288681157884483
epaxos,1336.051025,0.4838865750181167
epaxos,1336.337891,0.48488633845738854
epaxos,1336.618896,0.4858861018966604
epaxos,1336.914062,0.4868858653359323
epaxos,1337.12085,0.48788562877520414
epaxos,1337.391846,0.488885392214476
epaxos,1337.64209,0.4898851556537479
epaxos,1337.912109,0.49088491909301973
epaxos,1338.207031,0.4918846825322916
epaxos,1338.444824,0.4928844459715635
epaxos,1338.63208,0.49388420941083533
epaxos,1338.819092,0.4948839728501072
epaxos,1339.014893,0.49588373628937904
epaxos,1339.208984,0.4968834997286509
epaxos,1339.434082,0.4978832631679228
epaxos,1339.607178,0.49888302660719464
epaxos,1339.811035,0.4998827900464665
epaxos,1339.957031,0.5008825534857384
epaxos,1340.190918,0.5018823169250103
epaxos,1340.461914,0.5028820803642821
epaxos,1340.71582,0.5038818438035539
epaxos,1341.081787,0.5048816072428258
epaxos,1341.311035,0.5058813706820977
epaxos,1341.595215,0.5068811341213696
epaxos,1341.789062,0.5078808975606415
epaxos,1342.035156,0.5088806609999132
epaxos,1342.256104,0.5098804244391851
epaxos,1342.495117,0.510880187878457
epaxos,1342.85498,0.5118799513177289
epaxos,1343.124023,0.5128797147570008
epaxos,1343.386963,0.5138794781962727
epaxos,1343.598877,0.5148792416355444
epaxos,1343.774902,0.5158790050748163
epaxos,1343.929932,0.5168787685140882
epaxos,1344.115967,0.5178785319533601
epaxos,1344.308105,0.518878295392632
epaxos,1344.477783,0.5198780588319039
epaxos,1344.603027,0.5208778222711756
epaxos,1344.735107,0.5218775857104475
epaxos,1344.869873,0.5228773491497194
epaxos,1345.02002,0.5238771125889913
epaxos,1345.191162,0.5248768760282632
epaxos,1345.332031,0.5258766394675349
epaxos,1345.47998,0.5268764029068068
epaxos,1345.646973,0.5278761663460787
epaxos,1345.85791,0.5288759297853506
epaxos,1346.032959,0.5298756932246225
epaxos,1346.188965,0.5308754566638944
epaxos,1346.336914,0.5318752201031661
epaxos,1346.4729,0.532874983542438
epaxos,1346.670898,0.5338747469817099
epaxos,1346.973877,0.5348745104209818
epaxos,1347.268066,0.5358742738602537
epaxos,1347.552979,0.5368740372995255
epaxos,1347.820068,0.5378738007387973
epaxos,1348.145996,0.5388735641780692
epaxos,1348.495117,0.5398733276173411
epaxos,1348.763916,0.540873091056613
epaxos,1349.031982,0.5418728544958848
epaxos,1349.409912,0.5428726179351566
epaxos,1349.680908,0.5438723813744285
epaxos,1349.932129,0.5448721448137004
epaxos,1350.166016,0.5458719082529723
epaxos,1350.452881,0.5468716716922442
epaxos,1350.719971,0.547871435131516
epaxos,1350.977051,0.5488711985707878
epaxos,1351.237061,0.5498709620100597
epaxos,1351.605957,0.5508707254493316
epaxos,1351.898193,0.5518704888886035
epaxos,1352.083008,0.5528702523278753
epaxos,1352.471924,0.5538700157671472
epaxos,1352.946045,0.554869779206419
epaxos,1353.39502,0.5558695426456909
epaxos,1353.673096,0.5568693060849628
epaxos,1354.1521,0.5578690695242347
epaxos,1354.583008,0.5588688329635065
epaxos,1354.912109,0.5598685964027783
epaxos,1355.260986,0.5608683598420502
epaxos,1355.529785,0.5618681232813221
epaxos,1355.914795,0.562867886720594
epaxos,1356.185059,0.5638676501598658
epaxos,1356.525879,0.5648674135991377
epaxos,1356.862061,0.5658671770384095
epaxos,1357.181152,0.5668669404776814
epaxos,1357.681885,0.5678667039169533
epaxos,1357.937988,0.5688664673562251
epaxos,1358.48999,0.569866230795497
epaxos,1358.959961,0.5708659942347689
epaxos,1359.446045,0.5718657576740407
epaxos,1359.934082,0.5728655211133126
epaxos,1360.36499,0.5738652845525845
epaxos,1360.812988,0.5748650479918563
epaxos,1361.262207,0.5758648114311282
epaxos,1361.623047,0.5768645748704
epaxos,1361.898926,0.5778643383096719
epaxos,1362.159912,0.5788641017489438
epaxos,1362.498047,0.5798638651882156
epaxos,1362.784912,0.5808636286274875
epaxos,1363.11084,0.5818633920667594
epaxos,1363.37207,0.5828631555060312
epaxos,1363.616943,0.5838629189453031
epaxos,1363.856934,0.584862682384575
epaxos,1364.042969,0.5858624458238468
epaxos,1364.301025,0.5868622092631187
epaxos,1364.583984,0.5878619727023906
epaxos,1364.801025,0.5888617361416624
epaxos,1365.0271,0.5898614995809343
epaxos,1365.463135,0.5908612630202061
epaxos,1365.914795,0.591861026459478
epaxos,1366.193115,0.5928607898987499
epaxos,1366.521973,0.5938605533380217
epaxos,1366.824219,0.5948603167772936
epaxos,1367.23584,0.5958600802165654
epaxos,1367.476074,0.5968598436558373
epaxos,1367.738037,0.5978596070951092
epaxos,1367.994141,0.5988593705343811
epaxos,1368.275879,0.5998591339736529
epaxos,1368.483154,0.6008588974129248
epaxos,1368.711914,0.6018586608521966
epaxos,1368.942139,0.6028584242914685
epaxos,1369.138916,0.6038581877307404
epaxos,1369.348877,0.6048579511700123
epaxos,1369.635986,0.6058577146092841
epaxos,1369.829102,0.6068574780485559
epaxos,1370.044189,0.6078572414878278
epaxos,1370.248779,0.6088570049270997
epaxos,1370.447021,0.6098567683663716
epaxos,1370.700928,0.6108565318056434
epaxos,1370.924072,0.6118562952449152
epaxos,1371.163818,0.6128560586841871
epaxos,1371.373047,0.613855822123459
epaxos,1371.612061,0.6148555855627309
epaxos,1371.875977,0.6158553490020028
epaxos,1372.076904,0.6168551124412746
epaxos,1372.231934,0.6178548758805464
epaxos,1372.395996,0.6188546393198183
epaxos,1372.604004,0.6198544027590902
epaxos,1372.888916,0.6208541661983621
epaxos,1373.180176,0.621853929637634
epaxos,1373.39917,0.6228536930769057
epaxos,1373.694092,0.6238534565161776
epaxos,1373.968994,0.6248532199554495
epaxos,1374.371826,0.6258529833947214
epaxos,1374.793945,0.6268527468339933
epaxos,1375.171875,0.627852510273265
epaxos,1375.455078,0.6288522737125369
epaxos,1375.729004,0.6298520371518088
epaxos,1376.010986,0.6308518005910807
epaxos,1376.258057,0.6318515640303526
epaxos,1376.644043,0.6328513274696245
epaxos,1376.966064,0.6338510909088962
epaxos,1377.197998,0.6348508543481681
epaxos,1377.48291,0.63585061778744
epaxos,1377.771973,0.6368503812267119
epaxos,1378.120117,0.6378501446659838
epaxos,1378.39502,0.6388499081052557
epaxos,1378.646973,0.6398496715445274
epaxos,1378.914062,0.6408494349837993
epaxos,1379.167969,0.6418491984230712
epaxos,1379.529053,0.6428489618623431
epaxos,1379.822998,0.643848725301615
epaxos,1380.120117,0.6448484887408867
epaxos,1380.531982,0.6458482521801586
epaxos,1380.974854,0.6468480156194305
epaxos,1381.325928,0.6478477790587024
epaxos,1381.688965,0.6488475424979743
epaxos,1382.035889,0.6498473059372462
epaxos,1382.326904,0.6508470693765179
epaxos,1382.5979,0.6518468328157898
epaxos,1382.947998,0.6528465962550617
epaxos,1383.253906,0.6538463596943336
epaxos,1383.534912,0.6548461231336055
epaxos,1383.771973,0.6558458865728773
epaxos,1384.045898,0.6568456500121491
epaxos,1384.286865,0.657845413451421
epaxos,1384.62207,0.6588451768906929
epaxos,1384.927979,0.6598449403299648
epaxos,1385.186035,0.6608447037692367
epaxos,1385.580078,0.6618444672085084
epaxos,1385.947998,0.6628442306477803
epaxos,1386.562012,0.6638439940870522
epaxos,1387.207031,0.6648437575263241
epaxos,1387.759033,0.665843520965596
epaxos,1388.214844,0.6668432844048678
epaxos,1388.663818,0.6678430478441396
epaxos,1389.055908,0.6688428112834115
epaxos,1389.657959,0.6698425747226834
epaxos,1390.114014,0.6708423381619553
epaxos,1390.62915,0.6718421016012271
epaxos,1391.412109,0.672841865040499
epaxos,1392.032959,0.6738416284797708
epaxos,1392.563232,0.6748413919190427
epaxos,1393.248047,0.6758411553583146
epaxos,1393.665039,0.6768409187975865
epaxos,1394.118164,0.6778406822368583
epaxos,1394.491943,0.6788404456761301
epaxos,1394.827881,0.679840209115402
epaxos,1395.362061,0.6808399725546739
epaxos,1395.699951,0.6818397359939458
epaxos,1396.162109,0.6828394994332176
epaxos,1396.581055,0.6838392628724895
epaxos,1397.034912,0.6848390263117613
epaxos,1397.560059,0.6858387897510332
epaxos,1397.998047,0.6868385531903051
epaxos,1398.411865,0.687838316629577
epaxos,1398.795898,0.6888380800688488
epaxos,1399.266113,0.6898378435081207
epaxos,1399.645996,0.6908376069473925
epaxos,1399.941895,0.6918373703866644
epaxos,1400.483887,0.6928371338259363
epaxos,1400.963135,0.6938368972652081
epaxos,1401.281982,0.69483666070448
epaxos,1401.592041,0.6958364241437519
epaxos,1401.89502,0.6968361875830237
epaxos,1402.233154,0.6978359510222956
epaxos,1402.545898,0.6988357144615674
epaxos,1402.875,0.6998354779008393
epaxos,1403.213867,0.7008352413401112
epaxos,1403.589111,0.701835004779383
epaxos,1403.841064,0.7028347682186549
epaxos,1404.398926,0.7038345316579268
epaxos,1405.291992,0.7048342950971986
epaxos,1406.128906,0.7058340585364705
epaxos,1406.898926,0.7068338219757424
epaxos,1407.573975,0.7078335854150142
epaxos,1408.407959,0.7088333488542861
epaxos,1409.24585,0.7098331122935579
epaxos,1410.374023,0.7108328757328298
epaxos,1411.554199,0.7118326391721017
epaxos,1412.349121,0.7128324026113736
epaxos,1413.114014,0.7138321660506454
epaxos,1413.853027,0.7148319294899173
epaxos,1414.354004,0.7158316929291891
epaxos,1415.187988,0.716831456368461
epaxos,1415.73999,0.7178312198077329
epaxos,1416.281982,0.7188309832470047
epaxos,1416.746094,0.7198307466862766
epaxos,1417.282227,0.7208305101255484
epaxos,1417.906006,0.7218302735648203
epaxos,1418.605957,0.7228300370040922
epaxos,1419.256104,0.7238298004433641
epaxos,1419.803955,0.7248295638826359
epaxos,1420.327881,0.7258293273219077
epaxos,1420.916992,0.7268290907611796
epaxos,1421.467773,0.7278288542004515
epaxos,1421.812012,0.7288286176397234
epaxos,1422.166016,0.7298283810789953
epaxos,1422.789062,0.730828144518267
epaxos,1423.319092,0.7318279079575389
epaxos,1424.166992,0.7328276713968108
epaxos,1424.980957,0.7338274348360827
epaxos,1426.011963,0.7348271982753546
epaxos,1426.828857,0.7358269617146264
epaxos,1427.52002,0.7368267251538982
epaxos,1428.124023,0.7378264885931701
epaxos,1428.791016,0.738826252032442
epaxos,1429.697998,0.7398260154717139
epaxos,1430.429932,0.7408257789109858
epaxos,1431.218994,0.7418255423502575
epaxos,1432.106934,0.7428253057895294
epaxos,1432.733887,0.7438250692288013
epaxos,1433.209961,0.7448248326680732
epaxos,1434.050781,0.7458245961073451
epaxos,1435.312988,0.746824359546617
epaxos,1436.220947,0.7478241229858887
epaxos,1437.045898,0.7488238864251606
epaxos,1437.624023,0.7498236498644325
epaxos,1438.139893,0.7508234133037044
epaxos,1438.76001,0.7518231767429763
epaxos,1439.124023,0.752822940182248
epaxos,1439.849854,0.7538227036215199
epaxos,1440.759033,0.7548224670607918
epaxos,1441.237061,0.7558222305000637
epaxos,1441.918945,0.7568219939393356
epaxos,1442.689941,0.7578217573786075
epaxos,1443.371826,0.7588215208178792
epaxos,1444.029053,0.7598212842571511
epaxos,1444.73584,0.760821047696423
epaxos,1445.153076,0.7618208111356949
epaxos,1445.700928,0.7628205745749668
epaxos,1446.070068,0.7638203380142387
epaxos,1446.625,0.7648201014535104
epaxos,1447.097168,0.7658198648927823
epaxos,1447.822998,0.7668196283320542
epaxos,1448.310059,0.7678193917713261
epaxos,1449.006104,0.768819155210598
epaxos,1449.583008,0.7698189186498697
epaxos,1450.37915,0.7708186820891416
epaxos,1451.074951,0.7718184455284135
epaxos,1451.833008,0.7728182089676854
epaxos,1452.845947,0.7738179724069573
epaxos,1453.943848,0.7748177358462291
epaxos,1454.433105,0.7758174992855009
epaxos,1454.829834,0.7768172627247728
epaxos,1455.637939,0.7778170261640447
epaxos,1457.046143,0.7788167896033166
epaxos,1458.694092,0.7798165530425885
epaxos,1460.320801,0.7808163164818603
epaxos,1461.465088,0.7818160799211321
epaxos,1462.262939,0.782815843360404
epaxos,1463.325928,0.7838156067996759
epaxos,1464.033936,0.7848153702389478
epaxos,1465.253906,0.7858151336782196
epaxos,1466.567139,0.7868148971174914
epaxos,1467.39917,0.7878146605567633
epaxos,1467.961914,0.7888144239960352
epaxos,1468.885986,0.7898141874353071
epaxos,1469.680176,0.790813950874579
epaxos,1470.704102,0.7918137143138508
epaxos,1472.040039,0.7928134777531226
epaxos,1472.932861,0.7938132411923945
epaxos,1473.51001,0.7948130046316664
epaxos,1473.843994,0.7958127680709383
epaxos,1474.457031,0.7968125315102101
epaxos,1474.904053,0.797812294949482
epaxos,1475.436035,0.7988120583887538
epaxos,1476.468018,0.7998118218280257
epaxos,1478.361084,0.8008115852672976
epaxos,1479.600098,0.8018113487065694
epaxos,1480.468994,0.8028111121458413
epaxos,1481.14209,0.8038108755851131
epaxos,1481.833008,0.804810639024385
epaxos,1482.869873,0.8058104024636569
epaxos,1484.276123,0.8068101659029288
epaxos,1486.243896,0.8078099293422006
epaxos,1487.180176,0.8088096927814725
epaxos,1487.713867,0.8098094562207443
epaxos,1488.514893,0.8108092196600162
epaxos,1490.301025,0.8118089830992881
epaxos,1492.662109,0.81280874653856
epaxos,1493.345947,0.8138085099778318
epaxos,1494.470215,0.8148082734171037
epaxos,1496.009766,0.8158080368563755
epaxos,1497.496094,0.8168078002956474
epaxos,1498.788086,0.8178075637349193
epaxos,1499.916992,0.8188073271741911
epaxos,1501.241943,0.819807090613463
epaxos,1502.359131,0.8208068540527348
epaxos,1503.387939,0.8218066174920067
epaxos,1504.39209,0.8228063809312786
epaxos,1505.161865,0.8238061443705504
epaxos,1505.63501,0.8248059078098223
epaxos,1506.24585,0.8258056712490942
epaxos,1506.743896,0.826805434688366
epaxos,1507.48999,0.8278051981276379
epaxos,1508.634033,0.8288049615669097
epaxos,1509.406006,0.8298047250061816
epaxos,1510.375977,0.8308044884454535
epaxos,1511.196045,0.8318042518847254
epaxos,1512.350098,0.8328040153239972
epaxos,1513.092041,0.833803778763269
epaxos,1513.571045,0.8348035422025409
epaxos,1514.426025,0.8358033056418128
epaxos,1515.229004,0.8368030690810847
epaxos,1515.975098,0.8378028325203565
epaxos,1516.459961,0.8388025959596284
epaxos,1516.944092,0.8398023593989002
epaxos,1517.729004,0.8408021228381721
epaxos,1518.38208,0.841801886277444
epaxos,1518.917969,0.8428016497167159
epaxos,1519.831787,0.8438014131559877
epaxos,1520.331055,0.8448011765952596
epaxos,1521.028809,0.8458009400345314
epaxos,1521.539062,0.8468007034738033
epaxos,1522.2771,0.8478004669130752
epaxos,1523.187012,0.8488002303523471
epaxos,1523.929932,0.8497999937916189
epaxos,1524.593994,0.8507997572308907
epaxos,1525.21582,0.8517995206701626
epaxos,1525.748047,0.8527992841094345
epaxos,1526.153076,0.8537990475487064
epaxos,1526.892822,0.8547988109879783
epaxos,1527.346924,0.85579857442725
epaxos,1527.873047,0.8567983378665219
epaxos,1528.64502,0.8577981013057938
epaxos,1529.883057,0.8587978647450657
epaxos,1530.555908,0.8597976281843376
epaxos,1531.234131,0.8607973916236094
epaxos,1531.697998,0.8617971550628812
epaxos,1532.904053,0.8627969185021531
epaxos,1534.376953,0.863796681941425
epaxos,1535.357178,0.8647964453806969
epaxos,1536.349854,0.8657962088199688
epaxos,1538.044189,0.8667959722592405
epaxos,1541.518066,0.8677957356985124
epaxos,1544.144043,0.8687954991377843
epaxos,1546.748047,0.8697952625770562
epaxos,1549.280029,0.8707950260163281
epaxos,1552.102051,0.8717947894556
epaxos,1556.544189,0.8727945528948717
epaxos,1559.229004,0.8737943163341436
epaxos,1561.345947,0.8747940797734155
epaxos,1563.811035,0.8757938432126874
epaxos,1568.539062,0.8767936066519593
epaxos,1576.305908,0.877793370091231
epaxos,1581.99292,0.8787931335305029
epaxos,1590.25,0.8797928969697748
epaxos,1595.984131,0.8807926604090467
epaxos,1599.391846,0.8817924238483186
epaxos,1601.101074,0.8827921872875905
epaxos,1601.925049,0.8837919507268622
epaxos,1602.666016,0.8847917141661341
epaxos,1603.331055,0.885791477605406
epaxos,1605.35791,0.8867912410446779
epaxos,1608.995117,0.8877910044839498
epaxos,1613.518066,0.8887907679232216
epaxos,1618.812012,0.8897905313624934
epaxos,1626.36792,0.8907902948017653
epaxos,1631.230957,0.8917900582410372
epaxos,1638.182861,0.8927898216803091
epaxos,1643.064941,0.893789585119581
epaxos,1651.47998,0.8947893485588527
epaxos,1659.028809,0.8957891119981246
epaxos,1669.478027,0.8967888754373965
epaxos,1674.403076,0.8977886388766684
epaxos,1677.115967,0.8987884023159403
epaxos,1682.050049,0.8997881657552121
epaxos,1686.801025,0.9007879291944839
epaxos,1703.522217,0.9017876926337558
epaxos,1713.475098,0.9027874560730277
epaxos,1720.341064,0.9037872195122996
epaxos,1729.434814,0.9047869829515715
epaxos,1737.844971,0.9057867463908433
epaxos,1748.664062,0.9067865098301151
epaxos,1756.937012,0.907786273269387
epaxos,1765.309814,0.9087860367086589
epaxos,1768.942139,0.9097858001479308
epaxos,1770.799805,0.9107855635872026
epaxos,1774.140869,0.9117853270264744
epaxos,1777.343018,0.9127850904657463
epaxos,1780.571045,0.9137848539050182
epaxos,1784.916992,0.9147846173442901
epaxos,1787.204834,0.915784380783562
epaxos,1788.852783,0.9167841442228338
epaxos,1790.801025,0.9177839076621056
epaxos,1795.195068,0.9187836711013775
epaxos,1798.5271,0.9197834345406494
epaxos,1802.576172,0.9207831979799213
epaxos,1808.769043,0.9217829614191931
epaxos,1815.547852,0.922782724858465
epaxos,1822.321777,0.9237824882977368
epaxos,1828.852051,0.9247822517370087
epaxos,1833.426025,0.9257820151762806
epaxos,1837.605957,0.9267817786155524
epaxos,1841.575928,0.9277815420548243
epaxos,1846.176025,0.9287813054940961
epaxos,1851.588135,0.929781068933368
epaxos,1855.068115,0.9307808323726399
epaxos,1857.744141,0.9317805958119117
epaxos,1861.153809,0.9327803592511836
epaxos,1862.886963,0.9337801226904555
epaxos,1864.958008,0.9347798861297273
epaxos,1870.988037,0.9357796495689992
epaxos,1875.6521,0.9367794130082711
epaxos,1878.955078,0.9377791764475429
epaxos,1879.939941,0.9387789398868148
epaxos,1880.601074,0.9397787033260867
epaxos,1881.666016,0.9407784667653585
epaxos,1888.132812,0.9417782302046304
epaxos,1896.555176,0.9427779936439022
epaxos,1904.122803,0.9437777570831741
epaxos,1911.609863,0.944777520522446
epaxos,1915.549072,0.9457772839617178
epaxos,1920.025146,0.9467770474009897
epaxos,1922.284912,0.9477768108402616
epaxos,1926.261963,0.9487765742795334
epaxos,1929.043945,0.9497763377188053
epaxos,1933.216064,0.9507761011580772
epaxos,1939.89502,0.951775864597349
epaxos,1942.295166,0.9527756280366209
epaxos,1947.006104,0.9537753914758927
epaxos,1963.396973,0.9547751549151646
epaxos,1974.208984,0.9557749183544365
epaxos,1980.615967,0.9567746817937084
epaxos,2001.01001,0.9577744452329802
epaxos,2016.334961,0.958774208672252
epaxos,2062.250977,0.9597739721115239
epaxos,2099.924072,0.9607737355507958
epaxos,2155.331787,0.9617734989900677
epaxos,2222.122803,0.9627732624293395
epaxos,2271.538818,0.9637730258686114
epaxos,2310.467041,0.9647727893078832
epaxos,2325.138184,0.9657725527471551
epaxos,2336.637939,0.966772316186427
epaxos,2340.826172,0.9677720796256989
epaxos,2345.216797,0.9687718430649707
epaxos,2350.175781,0.9697716065042425
epaxos,2353.580078,0.9707713699435144
epaxos,2356.588135,0.9717711333827863
epaxos,2360.919922,0.9727708968220582
epaxos,2363.381836,0.9737706602613301
epaxos,2365.166992,0.9747704237006019
epaxos,2369.101074,0.9757701871398737
epaxos,2372.712891,0.9767699505791456
epaxos,2374.283936,0.9777697140184175
epaxos,2375.772949,0.9787694774576894
epaxos,2377.559814,0.9797692408969612
epaxos,2380.087891,0.980769004336233
epaxos,2382.883789,0.9817687677755049
epaxos,2385.478027,0.9827685312147768
epaxos,2387.985107,0.9837682946540487
epaxos,2389.547119,0.9847680580933206
epaxos,2391.087891,0.9857678215325923
epaxos,2392.815186,0.9867675849718642
epaxos,2395.233887,0.9877673484111361
epaxos,2399.324951,0.988767111850408
epaxos,2401.363037,0.9897668752896799
epaxos,2405.297852,0.9907666387289518
epaxos,2407.131836,0.9917664021682235
epaxos,2408.234863,0.9927661656074954
epaxos,2411.553955,0.9937659290467673
epaxos,2412.875,0.9947656924860392
epaxos,2413.664062,0.9957654559253111
epaxos,2414.387939,0.9967652193645828
epaxos,2415.256836,0.9977649828038547
epaxos,2419.818115,0.9987647462431266
epaxos,2529.476074,0.9997645096823985
swiftpaxos,18.240967,1.8625823959887426e-06
swiftpaxos,41.594971,0.0010002067466459547
swiftpaxos,48.467041,0.0019985509108959207
swiftpaxos,108.958984,0.0029968950751458868
swiftpaxos,130.783203,0.003995239239395852
swiftpaxos,155.893799,0.004993583403645818
swiftpaxos,162.364014,0.005991927567895784
swiftpaxos,169.416992,0.0069902717321457504
swiftpaxos,183.675049,0.007988615896395717
swiftpaxos,220.36499,0.008986960060645683
swiftpaxos,257.700928,0.00998530422489565
swiftpaxos,287.323975,0.010983648389145615
swiftpaxos,298.62793,0.011981992553395581
swiftpaxos,309.274902,0.012980336717645547
swiftpaxos,398.587891,0.013978680881895513
swiftpaxos,438.21582,0.01497702504614548
swiftpaxos,480.186035,0.015975369210395444
swiftpaxos,498.542969,0.01697371337464541
swiftpaxos,507.686035,0.017972057538895376
swiftpaxos,519.414062,0.018970401703145342
swiftpaxos,535.48999,0.019968745867395308
swiftpaxos,546.312012,0.020967090031645274
swiftpaxos,549.884033,0.02196543419589524
swiftpaxos,553.825928,0.022963778360145206
swiftpaxos,562.406982,0.023962122524395172
swiftpaxos,573.862061,0.024960466688645138
swiftpaxos,582.729004,0.025958810852895104
swiftpaxos,587.831055,0.02695715501714507
swiftpaxos,592.954102,0.027955499181395036
swiftpaxos,598.933105,0.028953843345645002
swiftpaxos,602.530029,0.029952187509894968
swiftpaxos,607.884033,0.030950531674144934
swiftpaxos,612.86499,0.031948875838394904
swiftpaxos,619.369141,0.03294722000264487
swiftpaxos,625.153076,0.033945564166894836
swiftpaxos,630.043945,0.0349439083311448
swiftpaxos,635.454834,0.03594225249539477
swiftpaxos,640.762939,0.036940596659644734
swiftpaxos,645.434814,0.0379389408238947
swiftpaxos,650.100098,0.038937284988144666
swiftpaxos,654.354004,0.03993562915239463
swiftpaxos,658.685059,0.0409339733166446
swiftpaxos,662.759766,0.041932317480894564
swiftpaxos,665.900879,0.04293066164514453
swiftpaxos,669.275146,0.043929005809394496
swiftpaxos,672.448975,0.04492734997364446
swiftpaxos,675.405029,0.04592569413789443
swiftpaxos,678.898926,0.046924038302144394
swiftpaxos,681.593018,0.04792238246639436
swiftpaxos,684.560059,0.048920726630644326
swiftpaxos,687.189941,0.04991907079489429
swiftpaxos,690.070068,0.05091741495914426
swiftpaxos,693.073975,0.051915759123394224
swiftpaxos,695.974121,0.05291410328764419
swiftpaxos,698.361816,0.053912447451894156
swiftpaxos,701.087891,0.05491079161614412
swiftpaxos,703.794922,0.05590913578039409
swiftpaxos,706.312012,0.056907479944644054
swiftpaxos,708.49585,0.05790582410889402
swiftpaxos,711.031982,0.058904168273143986
swiftpaxos,713.266113,0.05990251243739395
swiftpaxos,715.199951,0.06090085660164392
swiftpaxos,717.093018,0.061899200765893884
swiftpaxos,719.373047,0.06289754493014385
swiftpaxos,721.126953,0.06389588909439381
swiftpaxos,723.110107,0.06489423325864378
swiftpaxos,724.666992,0.06589257742289374
swiftpaxos,726.447021,0.06689092158714371
swiftpaxos,728.37793,0.06788926575139367
swiftpaxos,730.344238,0.06888760991564365
swiftpaxos,732.441895,0.0698859540798936
swiftpaxos,734.443848,0.07088429824414358
swiftpaxos,736.803955,0.07188264240839354
swiftpaxos,738.802979,0.07288098657264351
swiftpaxos,741.14502,0.07387933073689347
swiftpaxos,743.069824,0.07487767490114344
swiftpaxos,744.928955,0.0758760190653934
swiftpaxos,747.131836,0.07687436322964337
swiftpaxos,749.064941,0.07787270739389333
swiftpaxos,750.882812,0.0788710515581433
swiftpaxos,752.875,0.07986939572239327
swiftpaxos,754.672852,0.08086773988664324
swiftpaxos,756.666992,0.0818660840508932
swiftpaxos,758.169189,0.08286442821514317
swiftpaxos,760.046143,0.08386277237939313
swiftpaxos,761.612061,0.0848611165436431
swiftpaxos,763.223877,0.08585946070789306
swiftpaxos,764.949951,0.08685780487214304
swiftpaxos,766.467041,0.087856149036393
swiftpaxos,767.900146,0.08885449320064297
swiftpaxos,769.190918,0.08985283736489293
swiftpaxos,770.066162,0.0908511815291429
swiftpaxos,770.925049,0.09184952569339286
swiftpaxos,771.842041,0.09284786985764283
swiftpaxos,772.799072,0.09384621402189279
swiftpaxos,773.999023,0.09484455818614276
swiftpaxos,775.109131,0.09584290235039272
swiftpaxos,776.413818,0.0968412465146427
swiftpaxos,777.61499,0.09783959067889265
swiftpaxos,778.958008,0.09883793484314263
swiftpaxos,780.042969,0.09983627900739259
swiftpaxos,781.045898,0.10083462317164256
swiftpaxos,782.221924,0.10183296733589252
swiftpaxos,783.549072,0.10283131150014249
swiftpaxos,784.63916,0.10382965566439245
swiftpaxos,785.926025,0.10482799982864242
swiftpaxos,787.082031,0.10582634399289238
swiftpaxos,788.208008,0.10682468815714236
swiftpaxos,789.439941,0.10782303232139231
swiftpaxos,790.342041,0.10882137648564229
swiftpaxos,791.837158,0.10981972064989225
swiftpaxos,793.184082,0.11081806481414222
swiftpaxos,794.506104,0.11181640897839218
swiftpaxos,795.797119,0.11281475314264215
swiftpaxos,797.186035,0.11381309730689211
swiftpaxos,798.506104,0.11481144147114208
swiftpaxos,799.948975,0.11580978563539204
swiftpaxos,801.498047,0.11680812979964202
swiftpaxos,802.9021,0.11780647396389198
swiftpaxos,804.226074,0.11880481812814195
swiftpaxos,805.14209,0.11980316229239191
swiftpaxos,806.526123,0.12080150645664188
swiftpaxos,807.811035,0.12179985062089184
swiftpaxos,809.032959,0.12279819478514181
swiftpaxos,810.253906,0.12379653894939177
swiftpaxos,811.14502,0.12479488311364174
swiftpaxos,812.358154,0.12579322727789172
swiftpaxos,813.552002,0.12679157144214168
swiftpaxos,814.819092,0.12778991560639164
swiftpaxos,816.237061,0.1287882597706416
swiftpaxos,817.541992,0.12978660393489158
swiftpaxos,818.803955,0.13078494809914154
swiftpaxos,820.076904,0.1317832922633915
swiftpaxos,821.511963,0.13278163642764146
swiftpaxos,822.947998,0.13377998059189145
swiftpaxos,824.370117,0.1347783247561414
swiftpaxos,825.518066,0.13577666892039136
swiftpaxos,826.666016,0.13677501308464132
swiftpaxos,827.941895,0.1377733572488913
swiftpaxos,828.829834,0.13877170141314127
swiftpaxos,829.954102,0.13977004557739123
swiftpaxos,830.724854,0.1407683897416412
swiftpaxos,831.641113,0.14176673390589117
swiftpaxos,832.497803,0.14276507807014113
swiftpaxos,833.399902,0.1437634222343911
swiftpaxos,834.183838,0.14476176639864105
swiftpaxos,835.131104,0.14576011056289104
swiftpaxos,836.112061,0.146758454727141
swiftpaxos,837.334961,0.14775679889139096
swiftpaxos,838.618164,0.14875514305564091
swiftpaxos,839.98999,0.1497534872198909
swiftpaxos,841.265137,0.15075183138414086
swiftpaxos,842.389893,0.15175017554839082
swiftpaxos,843.666016,0.15274851971264078
swiftpaxos,844.893066,0.15374686387689077
swiftpaxos,846.042969,0.15474520804114072
swiftpaxos,847.38916,0.15574355220539068
swiftpaxos,848.234863,0.15674189636964064
swiftpaxos,849.150879,0.15774024053389063
swiftpaxos,850.090088,0.1587385846981406
swiftpaxos,851.151855,0.15973692886239055
swiftpaxos,852.416016,0.1607352730266405
swiftpaxos,853.520996,0.1617336171908905
swiftpaxos,854.920898,0.16273196135514045
swiftpaxos,856.231934,0.1637303055193904
swiftpaxos,857.552979,0.16472864968364037
swiftpaxos,858.756104,0.16572699384789036
swiftpaxos,860.068848,0.16672533801214032
swiftpaxos,861.173828,0.16772368217639028
swiftpaxos,862.445068,0.16872202634064024
swiftpaxos,863.726074,0.16972037050489022
swiftpaxos,864.918945,0.17071871466914018
swiftpaxos,866.033936,0.17171705883339014
swiftpaxos,867.286133,0.1727154029976401
swiftpaxos,868.450928,0.1737137471618901
swiftpaxos,869.614014,0.17471209132614005
swiftpaxos,870.823975,0.17571043549039
swiftpaxos,871.991943,0.17670877965463996
swiftpaxos,873.138184,0.17770712381888995
swiftpaxos,874.279053,0.1787054679831399
swiftpaxos,875.373047,0.17970381214738987
swiftpaxos,876.415039,0.18070215631163983
swiftpaxos,877.575195,0.18170050047588981
swiftpaxos,878.756104,0.18269884464013977
swiftpaxos,879.657959,0.18369718880438973
swiftpaxos,880.529053,0.1846955329686397
swiftpaxos,881.535889,0.18569387713288968
swiftpaxos,882.620117,0.18669222129713964
swiftpaxos,883.567871,0.1876905654613896
swiftpaxos,884.520996,0.18868890962563956
swiftpaxos,885.444092,0.18968725378988954
swiftpaxos,886.447998,0.1906855979541395
swiftpaxos,887.269043,0.19168394211838946
swiftpaxos,888.299072,0.19268228628263942
swiftpaxos,889.030029,0.1936806304468894
swiftpaxos,890.014893,0.19467897461113937
swiftpaxos,890.996826,0.19567731877538933
swiftpaxos,891.950195,0.19667566293963928
swiftpaxos,892.665039,0.19767400710388927
swiftpaxos,893.327148,0.19867235126813923
swiftpaxos,894.347168,0.1996706954323892
swiftpaxos,895.232178,0.20066903959663915
swiftpaxos,896.083008,0.20166738376088914
swiftpaxos,897.013916,0.2026657279251391
swiftpaxos,897.604004,0.20366407208938905
swiftpaxos,898.38208,0.204662416253639
swiftpaxos,899.420166,0.205660760417889
swiftpaxos,900.272949,0.20665910458213896
swiftpaxos,900.970947,0.20765744874638892
swiftpaxos,901.725098,0.20865579291063888
swiftpaxos,902.618896,0.20965413707488886
swiftpaxos,903.374023,0.21065248123913882
swiftpaxos,904.009033,0.21165082540338878
swiftpaxos,904.875,0.21264916956763874
swiftpaxos,905.571045,0.21364751373188873
swiftpaxos,906.351074,0.2146458578961387
swiftpaxos,907.195068,0.21564420206038865
swiftpaxos,908.041992,0.2166425462246386
swiftpaxos,909.000977,0.2176408903888886
swiftpaxos,910.119141,0.21863923455313855
swiftpaxos,911.13208,0.2196375787173885
swiftpaxos,912.168945,0.22063592288163847
swiftpaxos,913.199951,0.22163426704588846
swiftpaxos,914.146973,0.22263261121013841
swiftpaxos,914.963867,0.22363095537438837
swiftpaxos,915.791016,0.22462929953863833
swiftpaxos,916.679199,0.22562764370288832
swiftpaxos,917.352051,0.22662598786713828
swiftpaxos,918.187012,0.22762433203138824
swiftpaxos,918.959961,0.2286226761956382
swiftpaxos,919.593994,0.22962102035988818
swiftpaxos,920.415039,0.23061936452413814
swiftpaxos,920.906982,0.2316177086883881
swiftpaxos,921.541016,0.23261605285263806
swiftpaxos,922.115967,0.23361439701688805
swiftpaxos,922.951904,0.234612741181138
swiftpaxos,923.735107,0.23561108534538797
swiftpaxos,924.470947,0.23660942950963793
swiftpaxos,925.343994,0.2376077736738879
swiftpaxos,926.038086,0.23860611783813787
swiftpaxos,926.766113,0.23960446200238783
swiftpaxos,927.512207,0.2406028061666378
swiftpaxos,928.171875,0.24160115033088778
swiftpaxos,928.979004,0.24259949449513774
swiftpaxos,929.741211,0.2435978386593877
swiftpaxos,930.618896,0.24459618282363765
swiftpaxos,931.406006,0.24559452698788764
swiftpaxos,932.096924,0.2465928711521376
swiftpaxos,932.806152,0.24759121531638756
swiftpaxos,933.349121,0.24858955948063752
swiftpaxos,934.12085,0.2495879036448875
swiftpaxos,934.849121,0.25058624780913746
swiftpaxos,935.533203,0.25158459197338745
swiftpaxos,936.162109,0.2525829361376374
swiftpaxos,936.87793,0.25358128030188737
swiftpaxos,937.801025,0.2545796244661373
swiftpaxos,938.641113,0.2555779686303873
swiftpaxos,939.188965,0.2565763127946373
swiftpaxos,939.825195,0.2575746569588872
swiftpaxos,940.583008,0.2585730011231372
swiftpaxos,941.308105,0.2595713452873872
swiftpaxos,941.907959,0.2605696894516371
swiftpaxos,942.549072,0.2615680336158871
swiftpaxos,943.065918,0.26256637778013703
swiftpaxos,943.592041,0.263564721944387
swiftpaxos,944.352051,0.264563066108637
swiftpaxos,944.937012,0.26556141027288693
swiftpaxos,945.418213,0.2665597544371369
swiftpaxos,945.904785,0.26755809860138685
swiftpaxos,946.61792,0.26855644276563684
swiftpaxos,947.218994,0.2695547869298868
swiftpaxos,947.941162,0.27055313109413676
swiftpaxos,948.603027,0.27155147525838674
swiftpaxos,949.253174,0.27254981942263673
swiftpaxos,949.784912,0.27354816358688666
swiftpaxos,950.674072,0.27454650775113665
swiftpaxos,951.35791,0.2755448519153866
swiftpaxos,952.020996,0.27654319607963657
swiftpaxos,952.531006,0.27754154024388655
swiftpaxos,953.291992,0.2785398844081365
swiftpaxos,953.904053,0.27953822857238647
swiftpaxos,954.501953,0.28053657273663646
swiftpaxos,955.13916,0.2815349169008864
swiftpaxos,955.708984,0.2825332610651364
swiftpaxos,956.378906,0.2835316052293863
swiftpaxos,957.10791,0.2845299493936363
swiftpaxos,957.804932,0.2855282935578863
swiftpaxos,958.37793,0.2865266377221362
swiftpaxos,959.035889,0.2875249818863862
swiftpaxos,959.804199,0.2885233260506362
swiftpaxos,960.543945,0.2895216702148861
swiftpaxos,961.311035,0.2905200143791361
swiftpaxos,961.976074,0.29151835854338604
swiftpaxos,962.61499,0.292516702707636
swiftpaxos,963.145996,0.293515046871886
swiftpaxos,963.820068,0.29451339103613594
swiftpaxos,964.624023,0.2955117352003859
swiftpaxos,965.429932,0.2965100793646359
swiftpaxos,966.188965,0.29750842352888585
swiftpaxos,966.831055,0.29850676769313583
swiftpaxos,967.404053,0.29950511185738576
swiftpaxos,967.981934,0.30050345602163575
swiftpaxos,968.580078,0.30150180018588574
swiftpaxos,969.118896,0.30250014435013567
swiftpaxos,969.843018,0.30349848851438566
swiftpaxos,970.409912,0.30449683267863564
swiftpaxos,971.11792,0.3054951768428856
swiftpaxos,971.830078,0.30649352100713556
swiftpaxos,972.477051,0.3074918651713855
swiftpaxos,973.143799,0.3084902093356355
swiftpaxos,973.865967,0.30948855349988547
swiftpaxos,974.675049,0.3104868976641354
swiftpaxos,975.332031,0.3114852418283854
swiftpaxos,975.916016,0.31248358599263537
swiftpaxos,976.48584,0.3134819301568853
swiftpaxos,977.171143,0.3144802743211353
swiftpaxos,977.736816,0.3154786184853852
swiftpaxos,978.362061,0.3164769626496352
swiftpaxos,978.88208,0.3174753068138852
swiftpaxos,979.616943,0.3184736509781351
swiftpaxos,980.205078,0.3194719951423851
swiftpaxos,980.845947,0.3204703393066351
swiftpaxos,981.625977,0.32146868347088503
swiftpaxos,982.329102,0.322467027635135
swiftpaxos,982.989014,0.32346537179938495
swiftpaxos,983.810791,0.32446371596363494
swiftpaxos,984.419922,0.3254620601278849
swiftpaxos,985.058838,0.32646040429213485
swiftpaxos,985.640869,0.32745874845638484
swiftpaxos,986.451904,0.3284570926206348
swiftpaxos,986.986084,0.32945543678488476
swiftpaxos,987.700928,0.33045378094913475
swiftpaxos,988.578857,0.3314521251133847
swiftpaxos,989.346924,0.33245046927763466
swiftpaxos,990.050781,0.33344881344188465
swiftpaxos,990.759033,0.3344471576061346
swiftpaxos,991.352051,0.33544550177038457
swiftpaxos,991.9729,0.33644384593463456
swiftpaxos,992.687012,0.3374421900988845
swiftpaxos,993.310059,0.3384405342631345
swiftpaxos,993.842041,0.3394388784273844
swiftpaxos,994.446045,0.3404372225916344
swiftpaxos,995.082031,0.3414355667558844
swiftpaxos,995.668945,0.3424339109201343
swiftpaxos,996.322998,0.3434322550843843
swiftpaxos,996.913086,0.3444305992486343
swiftpaxos,997.700928,0.3454289434128842
swiftpaxos,998.353027,0.3464272875771342
swiftpaxos,999.061035,0.34742563174138413
swiftpaxos,999.748047,0.3484239759056341
swiftpaxos,1000.543945,0.3494223200698841
swiftpaxos,1001.333008,0.35042066423413404
swiftpaxos,1002.026855,0.351419008398384
swiftpaxos,1002.910889,0.352417352562634
swiftpaxos,1003.697021,0.35341569672688394
swiftpaxos,1004.437988,0.35441404089113393
swiftpaxos,1005.12207,0.35541238505538386
swiftpaxos,1005.680908,0.35641072921963385
swiftpaxos,1006.293945,0.35740907338388384
swiftpaxos,1006.801025,0.35840741754813377
swiftpaxos,1007.487793,0.35940576171238375
swiftpaxos,1008.02417,0.36040410587663374
swiftpaxos,1008.751953,0.36140245004088367
swiftpaxos,1009.331055,0.36240079420513366
swiftpaxos,1009.88501,0.3633991383693836
swiftpaxos,1010.422119,0.3643974825336336
swiftpaxos,1010.957031,0.36539582669788356
swiftpaxos,1011.422852,0.3663941708621335
swiftpaxos,1011.817139,0.3673925150263835
swiftpaxos,1012.301025,0.36839085919063347
swiftpaxos,1012.638916,0.3693892033548834
swiftpaxos,1013.062988,0.3703875475191334
swiftpaxos,1013.664062,0.3713858916833833
swiftpaxos,1014.353027,0.3723842358476333
swiftpaxos,1015.01001,0.3733825800118833
swiftpaxos,1015.86499,0.3743809241761332
swiftpaxos,1016.612793,0.3753792683403832
swiftpaxos,1017.435059,0.3763776125046332
swiftpaxos,1018.355957,0.37737595666888313
swiftpaxos,1019.031982,0.3783743008331331
swiftpaxos,1019.709961,0.37937264499738305
swiftpaxos,1020.497803,0.38037098916163303
swiftpaxos,1021.294922,0.381369333325883
swiftpaxos,1021.996826,0.38236767749013295
swiftpaxos,1022.960938,0.38336602165438294
swiftpaxos,1023.64209,0.3843643658186329
swiftpaxos,1024.377197,0.38536270998288286
swiftpaxos,1025.290039,0.38636105414713284
swiftpaxos,1026.087891,0.3873593983113828
swiftpaxos,1026.868896,0.38835774247563276
swiftpaxos,1027.431152,0.38935608663988275
swiftpaxos,1028.24707,0.3903544308041327
swiftpaxos,1028.851074,0.39135277496838267
swiftpaxos,1029.576172,0.39235111913263265
swiftpaxos,1030.287109,0.3933494632968826
swiftpaxos,1031.040771,0.39434780746113257
swiftpaxos,1031.662109,0.3953461516253825
swiftpaxos,1032.476074,0.3963444957896325
swiftpaxos,1033.219971,0.3973428399538825
swiftpaxos,1034.160156,0.3983411841181324
swiftpaxos,1035.046875,0.3993395282823824
swiftpaxos,1035.947021,0.4003378724466324
swiftpaxos,1036.647949,0.4013362166108823
swiftpaxos,1037.36792,0.4023345607751323
swiftpaxos,1038.219971,0.40333290493938223
swiftpaxos,1038.927979,0.4043312491036322
swiftpaxos,1039.86792,0.4053295932678822
swiftpaxos,1040.552979,0.40632793743213214
swiftpaxos,1041.404785,0.4073262815963821
swiftpaxos,1042.112061,0.4083246257606321
swiftpaxos,1042.89502,0.40932296992488204
swiftpaxos,1043.825928,0.410321314089132
swiftpaxos,1044.687988,0.41131965825338196
swiftpaxos,1045.475098,0.41231800241763195
swiftpaxos,1046.068115,0.41331634658188193
swiftpaxos,1046.703857,0.41431469074613186
swiftpaxos,1047.47998,0.41531303491038185
swiftpaxos,1048.167969,0.41631137907463184
swiftpaxos,1048.914062,0.41730972323888177
swiftpaxos,1049.846191,0.41830806740313176
swiftpaxos,1050.515869,0.4193064115673817
swiftpaxos,1051.448975,0.4203047557316317
swiftpaxos,1052.318115,0.42130309989588166
swiftpaxos,1053.165039,0.4223014440601316
swiftpaxos,1053.974854,0.4232997882243816
swiftpaxos,1054.686035,0.42429813238863157
swiftpaxos,1055.794922,0.4252964765528815
swiftpaxos,1056.630127,0.4262948207171315
swiftpaxos,1057.356934,0.4272931648813814
swiftpaxos,1058.326904,0.4282915090456314
swiftpaxos,1059.140137,0.4292898532098814
swiftpaxos,1059.840088,0.4302881973741313
swiftpaxos,1060.89624,0.4312865415383813
swiftpaxos,1061.748047,0.4322848857026313
swiftpaxos,1062.684082,0.4332832298668812
swiftpaxos,1063.404053,0.4342815740311312
swiftpaxos,1064.38501,0.43527991819538114
swiftpaxos,1065.339111,0.43627826235963113
swiftpaxos,1066.095947,0.4372766065238811
swiftpaxos,1067.042969,0.43827495068813105
swiftpaxos,1067.852051,0.43927329485238104
swiftpaxos,1068.61792,0.440271639016631
swiftpaxos,1069.151855,0.44126998318088095
swiftpaxos,1069.970947,0.44226832734513094
swiftpaxos,1070.383057,0.44326667150938087
swiftpaxos,1071.24707,0.44426501567363086
swiftpaxos,1072.008057,0.44526335983788085
swiftpaxos,1072.657959,0.4462617040021308
swiftpaxos,1073.285156,0.44726004816638076
swiftpaxos,1073.928955,0.44825839233063075
swiftpaxos,1074.375,0.4492567364948807
swiftpaxos,1075.045898,0.45025508065913067
swiftpaxos,1075.582031,0.4512534248233806
swiftpaxos,1076.13501,0.4522517689876306
swiftpaxos,1076.86499,0.4532501131518806
swiftpaxos,1077.323242,0.4542484573161305
swiftpaxos,1078.073975,0.4552468014803805
swiftpaxos,1078.809082,0.4562451456446305
swiftpaxos,1079.523193,0.4572434898088804
swiftpaxos,1080.316162,0.4582418339731304
swiftpaxos,1081.218994,0.45924017813738033
swiftpaxos,1082.067871,0.4602385223016303
swiftpaxos,1082.958984,0.4612368664658803
swiftpaxos,1083.859131,0.46223521063013023
swiftpaxos,1084.666016,0.4632335547943802
swiftpaxos,1085.442139,0.4642318989586302
swiftpaxos,1086.211182,0.46523024312288014
swiftpaxos,1087.045166,0.4662285872871301
swiftpaxos,1087.713135,0.46722693145138006
swiftpaxos,1088.424805,0.46822527561563004
swiftpaxos,1089.186035,0.46922361977988003
swiftpaxos,1089.831055,0.47022196394412996
swiftpaxos,1090.76709,0.47122030810837995
swiftpaxos,1091.696045,0.47221865227262994
swiftpaxos,1092.591797,0.47321699643687987
swiftpaxos,1093.459961,0.47421534060112985
swiftpaxos,1094.320068,0.4752136847653798
swiftpaxos,1095.219971,0.47621202892962977
swiftpaxos,1096.288086,0.47721037309387976
swiftpaxos,1097.23291,0.4782087172581297
swiftpaxos,1098.323975,0.4792070614223797
swiftpaxos,1098.98291,0.48020540558662966
swiftpaxos,1100.044922,0.4812037497508796
swiftpaxos,1101.046143,0.4822020939151296
swiftpaxos,1101.961182,0.4832004380793795
swiftpaxos,1102.745117,0.4841987822436295
swiftpaxos,1103.565918,0.4851971264078795
swiftpaxos,1104.26709,0.4861954705721294
swiftpaxos,1105.072998,0.4871938147363794
swiftpaxos,1105.975098,0.4881921589006294
swiftpaxos,1106.48584,0.4891905030648793
swiftpaxos,1107.331055,0.4901888472291293
swiftpaxos,1107.936035,0.49118719139337924
swiftpaxos,1108.892822,0.49218553555762923
swiftpaxos,1109.596191,0.4931838797218792
swiftpaxos,1110.471924,0.49418222388612915
swiftpaxos,1111.148926,0.49518056805037913
swiftpaxos,1111.641846,0.4961789122146291
swiftpaxos,1112.327881,0.49717725637887905
swiftpaxos,1112.98584,0.49817560054312904
swiftpaxos,1113.655029,0.49917394470737897
swiftpaxos,1114.13501,0.500172288871629
swiftpaxos,1114.580078,0.5011706330358789
swiftpaxos,1115.256104,0.5021689772001289
swiftpaxos,1115.762939,0.5031673213643788
swiftpaxos,1116.458008,0.5041656655286288
swiftpaxos,1116.986816,0.5051640096928788
swiftpaxos,1117.541992,0.5061623538571287
swiftpaxos,1118.519043,0.5071606980213788
swiftpaxos,1119.179932,0.5081590421856287
swiftpaxos,1120.039062,0.5091573863498786
swiftpaxos,1121.013184,0.5101557305141287
swiftpaxos,1121.878174,0.5111540746783786
swiftpaxos,1122.623047,0.5121524188426285
swiftpaxos,1123.296875,0.5131507630068786
swiftpaxos,1124.091064,0.5141491071711285
swiftpaxos,1124.86084,0.5151474513353784
swiftpaxos,1125.441162,0.5161457954996285
swiftpaxos,1126.329102,0.5171441396638784
swiftpaxos,1127.050049,0.5181424838281283
swiftpaxos,1127.76709,0.5191408279923783
swiftpaxos,1128.406982,0.5201391721566283
swiftpaxos,1129.133057,0.5211375163208782
swiftpaxos,1129.741943,0.5221358604851282
swiftpaxos,1130.656006,0.5231342046493782
swiftpaxos,1131.333984,0.5241325488136281
swiftpaxos,1131.962891,0.5251308929778781
swiftpaxos,1132.708008,0.5261292371421281
swiftpaxos,1133.348877,0.527127581306378
swiftpaxos,1134.10498,0.528125925470628
swiftpaxos,1134.788086,0.529124269634878
swiftpaxos,1135.37085,0.530122613799128
swiftpaxos,1136.153076,0.5311209579633779
swiftpaxos,1136.826904,0.5321193021276279
swiftpaxos,1137.485107,0.5331176462918779
swiftpaxos,1138.291016,0.5341159904561278
swiftpaxos,1139.181885,0.5351143346203777
swiftpaxos,1139.923096,0.5361126787846278
swiftpaxos,1140.559082,0.5371110229488777
swiftpaxos,1141.166992,0.5381093671131276
swiftpaxos,1141.743896,0.5391077112773777
swiftpaxos,1142.503906,0.5401060554416276
swiftpaxos,1143.108154,0.5411043996058775
swiftpaxos,1143.654053,0.5421027437701276
swiftpaxos,1144.206055,0.5431010879343775
swiftpaxos,1144.981934,0.5440994320986274
swiftpaxos,1146.335938,0.5450977762628775
swiftpaxos,1147.125,0.5460961204271274
swiftpaxos,1148.113037,0.5470944645913773
swiftpaxos,1149.048096,0.5480928087556274
swiftpaxos,1149.944092,0.5490911529198773
swiftpaxos,1151.113037,0.5500894970841272
swiftpaxos,1151.905029,0.5510878412483772
swiftpaxos,1152.85498,0.5520861854126272
swiftpaxos,1153.290039,0.5530845295768771
swiftpaxos,1153.929199,0.5540828737411271
swiftpaxos,1154.730225,0.5550812179053771
swiftpaxos,1155.387207,0.556079562069627
swiftpaxos,1156.057129,0.557077906233877
swiftpaxos,1156.678955,0.558076250398127
swiftpaxos,1157.086914,0.559074594562377
swiftpaxos,1157.920898,0.5600729387266269
swiftpaxos,1158.619873,0.5610712828908769
swiftpaxos,1159.500977,0.5620696270551269
swiftpaxos,1160.104004,0.5630679712193768
swiftpaxos,1160.75,0.5640663153836268
swiftpaxos,1161.569092,0.5650646595478768
swiftpaxos,1162.191895,0.5660630037121267
swiftpaxos,1163.020996,0.5670613478763766
swiftpaxos,1163.792969,0.5680596920406267
swiftpaxos,1164.314209,0.5690580362048766
swiftpaxos,1165.013184,0.5700563803691265
swiftpaxos,1165.689941,0.5710547245333766
swiftpaxos,1166.519043,0.5720530686976265
swiftpaxos,1167.281006,0.5730514128618764
swiftpaxos,1168.113037,0.5740497570261265
swiftpaxos,1168.660156,0.5750481011903764
swiftpaxos,1169.324951,0.5760464453546263
swiftpaxos,1169.861084,0.5770447895188764
swiftpaxos,1170.388916,0.5780431336831263
swiftpaxos,1171.061035,0.5790414778473763
swiftpaxos,1171.565186,0.5800398220116263
swiftpaxos,1172.302002,0.5810381661758762
swiftpaxos,1172.989014,0.5820365103401262
swiftpaxos,1173.596924,0.5830348545043761
swiftpaxos,1174.399902,0.5840331986686261
swiftpaxos,1175.273926,0.5850315428328761
swiftpaxos,1176.083008,0.586029886997126
swiftpaxos,1176.84082,0.587028231161376
swiftpaxos,1177.599854,0.588026575325626
swiftpaxos,1177.999023,0.5890249194898759
swiftpaxos,1178.341064,0.5900232636541259
swiftpaxos,1178.886963,0.5910216078183759
swiftpaxos,1179.468994,0.5920199519826258
swiftpaxos,1180.024902,0.5930182961468758
swiftpaxos,1180.453857,0.5940166403111258
swiftpaxos,1181.190918,0.5950149844753757
swiftpaxos,1181.769043,0.5960133286396258
swiftpaxos,1182.183838,0.5970116728038757
swiftpaxos,1182.723877,0.5980100169681256
swiftpaxos,1183.234131,0.5990083611323755
swiftpaxos,1183.644043,0.6000067052966256
swiftpaxos,1184.040039,0.6010050494608755
swiftpaxos,1184.4729,0.6020033936251254
swiftpaxos,1185.016113,0.6030017377893755
swiftpaxos,1185.430908,0.6040000819536254
swiftpaxos,1186.016846,0.6049984261178754
swiftpaxos,1186.349854,0.6059967702821254
swiftpaxos,1186.634033,0.6069951144463753
swiftpaxos,1186.955811,0.6079934586106253
swiftpaxos,1187.250977,0.6089918027748753
swiftpaxos,1187.557129,0.6099901469391252
swiftpaxos,1187.936035,0.6109884911033752
swiftpaxos,1188.395996,0.6119868352676252
swiftpaxos,1188.891846,0.6129851794318751
swiftpaxos,1189.661865,0.6139835235961251
swiftpaxos,1190.005859,0.614981867760375
swiftpaxos,1190.729004,0.615980211924625
swiftpaxos,1191.184814,0.616978556088875
swiftpaxos,1191.912109,0.6179769002531249
swiftpaxos,1192.440918,0.618975244417375
swiftpaxos,1193.025879,0.6199735885816249
swiftpaxos,1193.737061,0.6209719327458748
swiftpaxos,1194.4021,0.6219702769101249
swiftpaxos,1195.158936,0.6229686210743748
swiftpaxos,1195.761963,0.6239669652386247
swiftpaxos,1196.531982,0.6249653094028748
swiftpaxos,1197.491943,0.6259636535671247
swiftpaxos,1198.166016,0.6269619977313746
swiftpaxos,1198.693115,0.6279603418956247
swiftpaxos,1199.156982,0.6289586860598746
swiftpaxos,1200.039062,0.6299570302241245
swiftpaxos,1200.744141,0.6309553743883745
swiftpaxos,1201.62207,0.6319537185526245
swiftpaxos,1202.552979,0.6329520627168744
swiftpaxos,1203.198975,0.6339504068811244
swiftpaxos,1203.809814,0.6349487510453744
swiftpaxos,1204.530029,0.6359470952096243
swiftpaxos,1204.890137,0.6369454393738743
swiftpaxos,1205.329102,0.6379437835381243
swiftpaxos,1205.657959,0.6389421277023742
swiftpaxos,1205.97998,0.6399404718666242
swiftpaxos,1206.22998,0.6409388160308742
swiftpaxos,1206.566895,0.6419371601951241
swiftpaxos,1207.019043,0.6429355043593741
swiftpaxos,1207.301025,0.643933848523624
swiftpaxos,1207.583008,0.644932192687874
swiftpaxos,1208.000977,0.645930536852124
swiftpaxos,1208.475098,0.6469288810163739
swiftpaxos,1208.823975,0.647927225180624
swiftpaxos,1209.171875,0.6489255693448739
swiftpaxos,1209.885986,0.6499239135091238
swiftpaxos,1210.351074,0.6509222576733739
swiftpaxos,1210.910889,0.6519206018376238
swiftpaxos,1211.649902,0.6529189460018737
swiftpaxos,1212.220947,0.6539172901661238
swiftpaxos,1213.083008,0.6549156343303737
swiftpaxos,1214.039062,0.6559139784946236
swiftpaxos,1214.866943,0.6569123226588737
swiftpaxos,1215.554932,0.6579106668231236
swiftpaxos,1216.552002,0.6589090109873735
swiftpaxos,1217.762939,0.6599073551516235
swiftpaxos,1218.783936,0.6609056993158735
swiftpaxos,1219.770996,0.6619040434801234
swiftpaxos,1220.570068,0.6629023876443734
swiftpaxos,1221.183105,0.6639007318086234
swiftpaxos,1221.810059,0.6648990759728733
swiftpaxos,1222.647949,0.6658974201371233
swiftpaxos,1223.354004,0.6668957643013733
swiftpaxos,1223.906006,0.6678941084656232
swiftpaxos,1224.710938,0.6688924526298732
swiftpaxos,1225.28418,0.6698907967941232
swiftpaxos,1226.0271,0.6708891409583732
swiftpaxos,1226.480957,0.6718874851226231
swiftpaxos,1226.797852,0.6728858292868731
swiftpaxos,1227.442871,0.6738841734511231
swiftpaxos,1228.156006,0.674882517615373
swiftpaxos,1228.885986,0.6758808617796229
swiftpaxos,1229.378906,0.676879205943873
swiftpaxos,1229.817139,0.6778775501081229
swiftpaxos,1230.249023,0.6788758942723728
swiftpaxos,1230.552979,0.6798742384366229
swiftpaxos,1230.922119,0.6808725826008728
swiftpaxos,1231.281006,0.6818709267651227
swiftpaxos,1231.601074,0.6828692709293728
swiftpaxos,1231.988037,0.6838676150936227
swiftpaxos,1232.5,0.6848659592578726
swiftpaxos,1233.108154,0.6858643034221227
swiftpaxos,1233.635986,0.6868626475863726
swiftpaxos,1233.943115,0.6878609917506225
swiftpaxos,1234.561035,0.6888593359148726
swiftpaxos,1235.36499,0.6898576800791225
swiftpaxos,1236.10083,0.6908560242433724
swiftpaxos,1236.780029,0.6918543684076224
swiftpaxos,1237.518066,0.6928527125718724
swiftpaxos,1238.077881,0.6938510567361224
swiftpaxos,1238.554932,0.6948494009003723
swiftpaxos,1239.278076,0.6958477450646223
swiftpaxos,1240.256836,0.6968460892288723
swiftpaxos,1240.875,0.6978444333931222
swiftpaxos,1241.685059,0.6988427775573722
swiftpaxos,1242.666016,0.6998411217216222
swiftpaxos,1243.662109,0.7008394658858721
swiftpaxos,1244.576904,0.7018378100501221
swiftpaxos,1245.625,0.7028361542143721
swiftpaxos,1246.414062,0.703834498378622
swiftpaxos,1247.223145,0.704832842542872
swiftpaxos,1248.14624,0.705831186707122
swiftpaxos,1248.987793,0.7068295308713719
swiftpaxos,1249.690186,0.7078278750356218
swiftpaxos,1250.122803,0.7088262191998719
swiftpaxos,1250.890137,0.7098245633641218
swiftpaxos,1251.369873,0.7108229075283717
swiftpaxos,1251.954102,0.7118212516926218
swiftpaxos,1252.458984,0.7128195958568717
swiftpaxos,1252.972168,0.7138179400211216
swiftpaxos,1253.995117,0.7148162841853717
swiftpaxos,1254.905029,0.7158146283496216
swiftpaxos,1256.155029,0.7168129725138715
swiftpaxos,1257.039062,0.7178113166781216
swiftpaxos,1257.802979,0.7188096608423715
swiftpaxos,1258.353027,0.7198080050066215
swiftpaxos,1259.360107,0.7208063491708715
swiftpaxos,1260.173828,0.7218046933351214
swiftpaxos,1261.040039,0.7228030374993714
swiftpaxos,1262.075928,0.7238013816636213
swiftpaxos,1263.074951,0.7247997258278713
swiftpaxos,1264.52417,0.7257980699921213
swiftpaxos,1265.941895,0.7267964141563712
swiftpaxos,1267.059082,0.7277947583206212
swiftpaxos,1267.995117,0.7287931024848712
swiftpaxos,1269.157959,0.7297914466491211
swiftpaxos,1270.284912,0.7307897908133711
swiftpaxos,1271.595947,0.7317881349776211
swiftpaxos,1272.812012,0.732786479141871
swiftpaxos,1273.724121,0.733784823306121
swiftpaxos,1274.433105,0.734783167470371
swiftpaxos,1275.131104,0.7357815116346209
swiftpaxos,1275.861816,0.736779855798871
swiftpaxos,1276.925781,0.7377781999631209
swiftpaxos,1278.021973,0.7387765441273708
swiftpaxos,1279.232178,0.7397748882916207
swiftpaxos,1280.25,0.7407732324558708
swiftpaxos,1281.031982,0.7417715766201207
swiftpaxos,1281.792969,0.7427699207843707
swiftpaxos,1282.704102,0.7437682649486207
swiftpaxos,1283.322021,0.7447666091128706
swiftpaxos,1284.110107,0.7457649532771206
swiftpaxos,1284.635986,0.7467632974413706
swiftpaxos,1285.208008,0.7477616416056205
swiftpaxos,1285.840088,0.7487599857698705
swiftpaxos,1286.562012,0.7497583299341205
swiftpaxos,1287.318115,0.7507566740983704
swiftpaxos,1288.012207,0.7517550182626204
swiftpaxos,1288.619141,0.7527533624268704
swiftpaxos,1289.178955,0.7537517065911203
swiftpaxos,1289.660889,0.7547500507553703
swiftpaxos,1290.532959,0.7557483949196202
swiftpaxos,1290.978027,0.7567467390838702
swiftpaxos,1291.52002,0.7577450832481202
swiftpaxos,1292.080078,0.7587434274123701
swiftpaxos,1292.929932,0.7597417715766202
swiftpaxos,1293.644043,0.7607401157408701
swiftpaxos,1294.486816,0.76173845990512
swiftpaxos,1295.484863,0.7627368040693701
swiftpaxos,1296.363037,0.76373514823362
swiftpaxos,1297.203125,0.7647334923978699
swiftpaxos,1297.738037,0.76573183656212
swiftpaxos,1298.580078,0.7667301807263699
swiftpaxos,1299.211914,0.7677285248906198
swiftpaxos,1299.703125,0.7687268690548699
swiftpaxos,1300.234131,0.7697252132191198
swiftpaxos,1300.851074,0.7707235573833697
swiftpaxos,1301.708008,0.7717219015476197
swiftpaxos,1302.156982,0.7727202457118697
swiftpaxos,1302.797119,0.7737185898761196
swiftpaxos,1303.500977,0.7747169340403696
swiftpaxos,1303.979004,0.7757152782046196
swiftpaxos,1304.459961,0.7767136223688695
swiftpaxos,1305.25293,0.7777119665331195
swiftpaxos,1306.13208,0.7787103106973695
swiftpaxos,1307.579102,0.7797086548616194
swiftpaxos,1309.165039,0.7807069990258694
swiftpaxos,1310.26416,0.7817053431901194
swiftpaxos,1311.296143,0.7827036873543693
swiftpaxos,1311.906006,0.7837020315186193
swiftpaxos,1312.74585,0.7847003756828693
swiftpaxos,1313.813965,0.7856987198471193
swiftpaxos,1314.391113,0.7866970640113692
swiftpaxos,1315.375977,0.7876954081756191
swiftpaxos,1316.360107,0.7886937523398692
swiftpaxos,1317.051025,0.7896920965041191
swiftpaxos,1318.306152,0.790690440668369
swiftpaxos,1319.543945,0.7916887848326191
swiftpaxos,1320.714844,0.792687128996869
swiftpaxos,1321.423096,0.7936854731611189
swiftpaxos,1322.550049,0.794683817325369
swiftpaxos,1323.532959,0.7956821614896189
swiftpaxos,1325.029053,0.7966805056538688
swiftpaxos,1325.750977,0.7976788498181189
swiftpaxos,1326.695801,0.7986771939823688
swiftpaxos,1327.759033,0.7996755381466187
swiftpaxos,1328.470947,0.8006738823108688
swiftpaxos,1329.616943,0.8016722264751187
swiftpaxos,1330.357178,0.8026705706393686
swiftpaxos,1331.405029,0.8036689148036186
swiftpaxos,1331.881836,0.8046672589678686
swiftpaxos,1333.006104,0.8056656031321185
swiftpaxos,1333.733154,0.8066639472963685
swiftpaxos,1334.649902,0.8076622914606185
swiftpaxos,1335.24707,0.8086606356248685
swiftpaxos,1335.779053,0.8096589797891184
swiftpaxos,1336.355957,0.8106573239533684
swiftpaxos,1336.834229,0.8116556681176184
swiftpaxos,1337.237061,0.8126540122818683
swiftpaxos,1337.569092,0.8136523564461183
swiftpaxos,1337.87793,0.8146507006103683
swiftpaxos,1338.322021,0.8156490447746182
swiftpaxos,1338.718018,0.8166473889388682
swiftpaxos,1339.345947,0.8176457331031182
swiftpaxos,1339.685059,0.8186440772673681
swiftpaxos,1340.186035,0.819642421431618
swiftpaxos,1340.804932,0.8206407655958681
swiftpaxos,1341.455078,0.821639109760118
swiftpaxos,1342.123047,0.8226374539243679
swiftpaxos,1343.035889,0.823635798088618
swiftpaxos,1344.101807,0.8246341422528679
swiftpaxos,1344.906006,0.8256324864171178
swiftpaxos,1345.532959,0.8266308305813679
swiftpaxos,1346.340088,0.8276291747456178
swiftpaxos,1347.338135,0.8286275189098677
swiftpaxos,1348.49707,0.8296258630741178
swiftpaxos,1349.010986,0.8306242072383677
swiftpaxos,1349.608154,0.8316225514026176
swiftpaxos,1350.199951,0.8326208955668677
swiftpaxos,1350.903076,0.8336192397311176
swiftpaxos,1351.589111,0.8346175838953676
swiftpaxos,1352.323975,0.8356159280596175
swiftpaxos,1353.471924,0.8366142722238675
swiftpaxos,1354.936035,0.8376126163881175
swiftpaxos,1355.699951,0.8386109605523674
swiftpaxos,1358.565918,0.8396093047166174
swiftpaxos,1360.378906,0.8406076488808674
swiftpaxos,1361.562012,0.8416059930451173
swiftpaxos,1362.788086,0.8426043372093673
swiftpaxos,1364.106934,0.8436026813736173
swiftpaxos,1364.761963,0.8446010255378672
swiftpaxos,1365.749023,0.8455993697021172
swiftpaxos,1366.296875,0.8465977138663672
swiftpaxos,1367.179932,0.8475960580306171
swiftpaxos,1367.887939,0.8485944021948671
swiftpaxos,1368.411133,0.8495927463591171
swiftpaxos,1368.912109,0.850591090523367
swiftpaxos,1369.667969,0.8515894346876169
swiftpaxos,1370.299805,0.852587778851867
swiftpaxos,1371.088867,0.8535861230161169
swiftpaxos,1371.824951,0.8545844671803668
swiftpaxos,1372.894043,0.8555828113446169
swiftpaxos,1373.839844,0.8565811555088668
swiftpaxos,1374.845947,0.8575794996731168
swiftpaxos,1375.552002,0.8585778438373668
swiftpaxos,1376.88501,0.8595761880016167
swiftpaxos,1377.88208,0.8605745321658667
swiftpaxos,1378.826172,0.8615728763301167
swiftpaxos,1379.768799,0.8625712204943666
swiftpaxos,1381.081055,0.8635695646586166
swiftpaxos,1383.147949,0.8645679088228666
swiftpaxos,1384.463867,0.8655662529871165
swiftpaxos,1385.318115,0.8665645971513665
swiftpaxos,1386.692139,0.8675629413156164
swiftpaxos,1387.673096,0.8685612854798664
swiftpaxos,1388.302002,0.8695596296441164
swiftpaxos,1389.007812,0.8705579738083663
swiftpaxos,1389.397949,0.8715563179726163
swiftpaxos,1389.809082,0.8725546621368663
swiftpaxos,1390.256104,0.8735530063011162
swiftpaxos,1391.22998,0.8745513504653663
swiftpaxos,1393.040039,0.8755496946296162
swiftpaxos,1395.204834,0.8765480387938661
swiftpaxos,1396.594971,0.8775463829581162
swiftpaxos,1399.202148,0.8785447271223661
swiftpaxos,1401.490967,0.879543071286616
swiftpaxos,1403.712158,0.8805414154508661
swiftpaxos,1405.591064,0.881539759615116
swiftpaxos,1408.514893,0.8825381037793659
swiftpaxos,1410.445068,0.8835364479436159
swiftpaxos,1411.275879,0.8845347921078659
swiftpaxos,1412.167969,0.8855331362721158
swiftpaxos,1413.510986,0.8865314804363658
swiftpaxos,1415.613037,0.8875298246006158
swiftpaxos,1416.976807,0.8885281687648657
swiftpaxos,1417.655029,0.8895265129291157
swiftpaxos,1418.321045,0.8905248570933657
swiftpaxos,1419.164062,0.8915232012576156
swiftpaxos,1420.134033,0.8925215454218656
swiftpaxos,1421.989014,0.8935198895861156
swiftpaxos,1423.48999,0.8945182337503655
swiftpaxos,1425.094971,0.8955165779146155
swiftpaxos,1426.628906,0.8965149220788655
swiftpaxos,1428.819824,0.8975132662431154
swiftpaxos,1431.86792,0.8985116104073654
swiftpaxos,1435.075928,0.8995099545716153
swiftpaxos,1438.810059,0.9005082987358654
swiftpaxos,1440.934082,0.9015066429001153
swiftpaxos,1444.185059,0.9025049870643652
swiftpaxos,1448.082031,0.9035033312286153
swiftpaxos,1449.689941,0.9045016753928652
swiftpaxos,1451.959961,0.9055000195571151
swiftpaxos,1454.284912,0.9064983637213652
swiftpaxos,1455.609863,0.9074967078856151
swiftpaxos,1456.331787,0.908495052049865
swiftpaxos,1458.677979,0.9094933962141151
swiftpaxos,1461.494873,0.910491740378365
swiftpaxos,1463.461914,0.9114900845426149
swiftpaxos,1465.213135,0.912488428706865
swiftpaxos,1466.587158,0.9134867728711149
swiftpaxos,1468.015137,0.9144851170353648
swiftpaxos,1469.342041,0.9154834611996148
swiftpaxos,1470.274902,0.9164818053638648
swiftpaxos,1470.819092,0.9174801495281147
swiftpaxos,1473.71582,0.9184784936923647
swiftpaxos,1475.609863,0.9194768378566147
swiftpaxos,1478.786133,0.9204751820208646
swiftpaxos,1481.423096,0.9214735261851146
swiftpaxos,1482.84082,0.9224718703493646
swiftpaxos,1484.554932,0.9234702145136146
swiftpaxos,1485.841064,0.9244685586778645
swiftpaxos,1487.530029,0.9254669028421145
swiftpaxos,1488.706787,0.9264652470063645
swiftpaxos,1489.721924,0.9274635911706144
swiftpaxos,1490.590088,0.9284619353348644
swiftpaxos,1492.411133,0.9294602794991144
swiftpaxos,1494.165039,0.9304586236633643
swiftpaxos,1495.707031,0.9314569678276142
swiftpaxos,1497.164062,0.9324553119918643
swiftpaxos,1498.962891,0.9334536561561142
swiftpaxos,1503.707031,0.9344520003203641
swiftpaxos,1506.643066,0.9354503444846142
swiftpaxos,1508.190186,0.9364486886488641
swiftpaxos,1508.949951,0.937447032813114
swiftpaxos,1509.670898,0.9384453769773641
swiftpaxos,1510.455078,0.939443721141614
swiftpaxos,1511.210938,0.9404420653058639
swiftpaxos,1513.342041,0.941440409470114
swiftpaxos,1514.739014,0.9424387536343639
swiftpaxos,1515.780029,0.9434370977986138
swiftpaxos,1517.582031,0.9444354419628639
swiftpaxos,1519.332031,0.9454337861271138
swiftpaxos,1520.536133,0.9464321302913637
swiftpaxos,1523.685059,0.9474304744556137
swiftpaxos,1526.505127,0.9484288186198637
swiftpaxos,1529.333008,0.9494271627841137
swiftpaxos,1530.269775,0.9504255069483636
swiftpaxos,1530.85083,0.9514238511126136
swiftpaxos,1531.442871,0.9524221952768636
swiftpaxos,1532.254883,0.9534205394411135
swiftpaxos,1532.800049,0.9544188836053635
swiftpaxos,1533.916992,0.9554172277696135
swiftpaxos,1534.809814,0.9564155719338634
swiftpaxos,1536.404053,0.9574139160981134
swiftpaxos,1538.1521,0.9584122602623634
swiftpaxos,1539.518066,0.9594106044266133
swiftpaxos,1542.985107,0.9604089485908633
swiftpaxos,1547.506836,0.9614072927551133
swiftpaxos,1549.906982,0.9624056369193632
swiftpaxos,1552.050049,0.9634039810836131
swiftpaxos,1553.001953,0.9644023252478632
swiftpaxos,1554.309814,0.9654006694121131
swiftpaxos,1563.668945,0.966399013576363
swiftpaxos,1567.038818,0.9673973577406131
swiftpaxos,1569.034912,0.968395701904863
swiftpaxos,1578.362061,0.969394046069113
swiftpaxos,1583.916992,0.970392390233363
swiftpaxos,1587.563965,0.9713907343976129
swiftpaxos,1590.12793,0.9723890785618629
swiftpaxos,1593.568848,0.9733874227261129
swiftpaxos,1595.781982,0.9743857668903628
swiftpaxos,1596.887207,0.9753841110546128
swiftpaxos,1597.650146,0.9763824552188628
swiftpaxos,1598.530029,0.9773807993831127
swiftpaxos,1604.862061,0.9783791435473627
swiftpaxos,1608.105957,0.9793774877116126
swiftpaxos,1615.206055,0.9803758318758626
swiftpaxos,1619.698975,0.9813741760401126
swiftpaxos,1622.836914,0.9823725202043625
swiftpaxos,1625.061035,0.9833708643686125
swiftpaxos,1627.414062,0.9843692085328625
swiftpaxos,1629.886963,0.9853675526971124
swiftpaxos,1632.677002,0.9863658968613624
swiftpaxos,1634.124023,0.9873642410256124
swiftpaxos,1635.042969,0.9883625851898623
swiftpaxos,1641.699951,0.9893609293541124
swiftpaxos,1649.64502,0.9903592735183623
swiftpaxos,1659.058838,0.9913576176826122
swiftpaxos,1671.725098,0.9923559618468623
swiftpaxos,1676.609863,0.9933543060111122
swiftpaxos,1702.374023,0.9943526501753621
swiftpaxos,1706.971191,0.995350994339612
swiftpaxos,1727.136963,0.9963493385038621
swiftpaxos,1741.969971,0.997347682668112
swiftpaxos,1743.623047,0.998346026832362
swiftpaxos,1745.375977,0.999344370996612
curp,40.051025,3.530537383095081e-06
curp,40.12793,0.001002672616799003
curp,40.154053,0.002001814696214911
curp,40.173096,0.0030009567756308186
curp,40.189941,0.004000098855046727
curp,40.202881,0.004999240934462634
curp,40.215088,0.005998383013878543
curp,40.225098,0.00699752509329445
curp,40.234131,0.007996667172710359
curp,40.243164,0.008995809252126266
curp,40.251953,0.009994951331542174
curp,40.260986,0.010994093410958082
curp,40.269043,0.01199323549037399
curp,40.278076,0.012992377569789897
curp,40.285156,0.013991519649205806
curp,40.292969,0.014990661728621714
curp,40.301025,0.01598980380803762
curp,40.309082,0.01698894588745353
curp,40.316895,0.01798808796686944
curp,40.323975,0.018987230046285344
curp,40.330078,0.019986372125701254
curp,40.337158,0.02098551420511716
curp,40.343994,0.02198465628453307
curp,40.350098,0.02298379836394898
curp,40.356934,0.023982940443364884
curp,40.364014,0.024982082522780794
curp,40.369873,0.0259812246021967
curp,40.376221,0.02698036668161261
curp,40.38208,0.027979508761028515
curp,40.387939,0.028978650840444424
curp,40.394043,0.029977792919860333
curp,40.400146,0.03097693499927624
curp,40.406982,0.03197607707869215
curp,40.412109,0.032975219158108054
curp,40.416992,0.03397436123752396
curp,40.423096,0.03497350331693987
curp,40.427979,0.03597264539635578
curp,40.434082,0.036971787475771685
curp,40.438965,0.0379709295551876
curp,40.445068,0.038970071634603504
curp,40.449951,0.03996921371401941
curp,40.455078,0.040968355793435315
curp,40.460938,0.04196749787285123
curp,40.466064,0.042966639952267134
curp,40.471924,0.04396578203168304
curp,40.477051,0.04496492411109895
curp,40.481934,0.04596406619051486
curp,40.486816,0.046963208269930765
curp,40.491943,0.04796235034934668
curp,40.496094,0.04896149242876258
curp,40.500977,0.04996063450817849
curp,40.505859,0.050959776587594395
curp,40.510986,0.05195891866701031
curp,40.515137,0.052958060746426214
curp,40.52002,0.05395720282584212
curp,40.524902,0.05495634490525803
curp,40.529053,0.05595548698467394
curp,40.533936,0.056954629064089844
curp,40.538086,0.05795377114350575
curp,40.541992,0.05895291322292166
curp,40.547119,0.05995205530233757
curp,40.551025,0.060951197381753475
curp,40.555176,0.06195033946116939
curp,40.560059,0.06294948154058529
curp,40.563965,0.0639486236200012
curp,40.568848,0.06494776569941711
curp,40.572998,0.06594690777883301
curp,40.577148,0.06694604985824892
curp,40.581055,0.06794519193766484
curp,40.584961,0.06894433401708074
curp,40.588867,0.06994347609649665
curp,40.593018,0.07094261817591256
curp,40.597168,0.07194176025532846
curp,40.602051,0.07294090233474437
curp,40.605957,0.07394004441416029
curp,40.609863,0.07493918649357618
curp,40.614014,0.0759383285729921
curp,40.61792,0.076937470652408
curp,40.621826,0.07793661273182391
curp,40.625977,0.07893575481123982
curp,40.630127,0.07993489689065572
curp,40.634033,0.08093403897007163
curp,40.637939,0.08193318104948755
curp,40.641113,0.08293232312890345
curp,40.645996,0.08393146520831936
curp,40.649902,0.08493060728773527
curp,40.653076,0.08592974936715117
curp,40.656982,0.08692889144656708
curp,40.661133,0.087928033525983
curp,40.665039,0.0889271756053989
curp,40.668213,0.08992631768481481
curp,40.672119,0.0909254597642307
curp,40.676025,0.09192460184364662
curp,40.679932,0.09292374392306253
curp,40.683105,0.09392288600247843
curp,40.687012,0.09492202808189434
curp,40.690918,0.09592117016131026
curp,40.694092,0.09692031224072616
curp,40.697998,0.09791945432014207
curp,40.701904,0.09891859639955798
curp,40.705078,0.09991773847897388
curp,40.708984,0.1009168805583898
curp,40.711914,0.1019160226378057
curp,40.715088,0.1029151647172216
curp,40.718994,0.10391430679663752
curp,40.7229,0.10491344887605343
curp,40.726074,0.10591259095546933
curp,40.72998,0.10691173303488524
curp,40.733154,0.10791087511430114
curp,40.737061,0.10891001719371705
curp,40.73999,0.10990915927313297
curp,40.743896,0.11090830135254887
curp,40.74707,0.11190744343196478
curp,40.750977,0.11290658551138069
curp,40.753906,0.11390572759079659
curp,40.757812,0.1149048696702125
curp,40.760986,0.11590401174962842
curp,40.76416,0.11690315382904432
curp,40.767822,0.11790229590846023
curp,40.770996,0.11890143798787614
curp,40.774902,0.11990058006729204
curp,40.777832,0.12089972214670795
curp,40.781006,0.12189886422612385
curp,40.78418,0.12289800630553976
curp,40.787842,0.12389714838495568
curp,40.791016,0.12489629046437158
curp,40.793945,0.1258954325437875
curp,40.796875,0.1268945746232034
curp,40.800049,0.12789371670261931
curp,40.802979,0.1288928587820352
curp,40.805908,0.1298920008614511
curp,40.809082,0.13089114294086704
curp,40.812988,0.13189028502028294
curp,40.815918,0.13288942709969884
curp,40.819092,0.13388856917911476
curp,40.822021,0.13488771125853066
curp,40.824951,0.13588685333794656
curp,40.828125,0.1368859954173625
curp,40.831055,0.1378851374967784
curp,40.833984,0.13888427957619429
curp,40.836914,0.1398834216556102
curp,40.840088,0.1408825637350261
curp,40.843018,0.141881705814442
curp,40.845947,0.14288084789385794
curp,40.849121,0.14387998997327384
curp,40.852783,0.14487913205268974
curp,40.855957,0.14587827413210563
curp,40.858887,0.14687741621152156
curp,40.862061,0.14787655829093746
curp,40.86499,0.14887570037035336
curp,40.86792,0.14987484244976929
curp,40.87085,0.15087398452918518
curp,40.874023,0.15187312660860108
curp,40.876953,0.152872268688017
curp,40.879883,0.1538714107674329
curp,40.88208,0.1548705528468488
curp,40.88501,0.15586969492626473
curp,40.887939,0.15686883700568063
curp,40.890869,0.15786797908509653
curp,40.894043,0.15886712116451246
curp,40.896973,0.15986626324392836
curp,40.899902,0.16086540532334426
curp,40.9021,0.16186454740276018
curp,40.905029,0.16286368948217608
curp,40.907959,0.16386283156159198
curp,40.910889,0.1648619736410079
curp,40.913086,0.1658611157204238
curp,40.916016,0.1668602577998397
curp,40.918945,0.16785939987925563
curp,40.921875,0.16885854195867153
curp,40.924805,0.16985768403808743
curp,40.927979,0.17085682611750336
curp,40.930908,0.17185596819691926
curp,40.934082,0.17285511027633516
curp,40.937012,0.17385425235575108
curp,40.939941,0.17485339443516698
curp,40.942139,0.17585253651458288
curp,40.945068,0.17685167859399878
curp,40.947998,0.1778508206734147
curp,40.950195,0.1788499627528306
curp,40.953125,0.1798491048322465
curp,40.956055,0.18084824691166243
curp,40.958008,0.18184738899107833
curp,40.960938,0.18284653107049423
curp,40.963135,0.18384567314991015
curp,40.966064,0.18484481522932605
curp,40.968994,0.18584395730874195
curp,40.970947,0.18684309938815788
curp,40.973877,0.18784224146757378
curp,40.976074,0.18884138354698968
curp,40.979004,0.1898405256264056
curp,40.981934,0.1908396677058215
curp,40.984131,0.1918388097852374
curp,40.986816,0.19283795186465333
curp,40.989014,0.19383709394406923
curp,40.991943,0.19483623602348513
curp,40.994873,0.19583537810290105
curp,40.997803,0.19683452018231695
curp,41.0,0.19783366226173285
curp,41.00293,0.19883280434114878
curp,41.005127,0.19983194642056468
curp,41.008057,0.20083108849998058
curp,41.010986,0.2018302305793965
curp,41.013184,0.2028293726588124
curp,41.015869,0.2038285147382283
curp,41.018066,0.20482765681764423
curp,41.020996,0.20582679889706013
curp,41.023926,0.20682594097647602
curp,41.026123,0.20782508305589192
curp,41.029053,0.20882422513530785
curp,41.031006,0.20982336721472375
curp,41.033936,0.21082250929413965
curp,41.036133,0.21182165137355558
curp,41.039062,0.21282079345297147
curp,41.041016,0.21381993553238737
curp,41.043945,0.2148190776118033
curp,41.046143,0.2158182196912192
curp,41.049072,0.2168173617706351
curp,41.051025,0.21781650385005102
curp,41.053955,0.21881564592946692
curp,41.056152,0.21981478800888282
curp,41.058838,0.22081393008829875
curp,41.061035,0.22181307216771465
curp,41.063965,0.22281221424713055
curp,41.066162,0.22381135632654647
curp,41.068115,0.22481049840596237
curp,41.071045,0.22580964048537827
curp,41.072998,0.2268087825647942
curp,41.075928,0.2278079246442101
curp,41.078125,0.228807066723626
curp,41.080078,0.22980620880304192
curp,41.083008,0.23080535088245782
curp,41.084961,0.23180449296187372
curp,41.087158,0.23280363504128965
curp,41.089844,0.23380277712070555
curp,41.092041,0.23480191920012145
curp,41.094971,0.23580106127953737
curp,41.096924,0.23680020335895327
curp,41.099121,0.23779934543836917
curp,41.101807,0.23879848751778507
curp,41.104004,0.239797629597201
curp,41.105957,0.2407967716766169
curp,41.108887,0.2417959137560328
curp,41.111084,0.24279505583544872
curp,41.113037,0.24379419791486462
curp,41.11499,0.24479333999428052
curp,41.11792,0.24579248207369644
curp,41.119873,0.24679162415311234
curp,41.12207,0.24779076623252824
curp,41.124023,0.24878990831194417
curp,41.126953,0.24978905039136007
curp,41.128906,0.250788192470776
curp,41.131104,0.25178733455019187
curp,41.133057,0.2527864766296078
curp,41.13501,0.2537856187090237
curp,41.137207,0.2547847607884396
curp,41.139893,0.2557839028678555
curp,41.141846,0.25678304494727144
curp,41.144043,0.2577821870266873
curp,41.145996,0.25878132910610324
curp,41.147949,0.25978047118551917
curp,41.150879,0.26077961326493504
curp,41.152832,0.26177875534435097
curp,41.155029,0.2627778974237669
curp,41.156982,0.26377703950318276
curp,41.15918,0.2647761815825987
curp,41.161133,0.2657753236620146
curp,41.164062,0.2667744657414305
curp,41.166016,0.2677736078208464
curp,41.168213,0.26877274990026234
curp,41.170898,0.2697718919796782
curp,41.173096,0.27077103405909414
curp,41.175049,0.27177017613851007
curp,41.177002,0.27276931821792594
curp,41.178955,0.27376846029734186
curp,41.181152,0.2747676023767578
curp,41.183838,0.27576674445617366
curp,41.186035,0.2767658865355896
curp,41.187988,0.2777650286150055
curp,41.189941,0.2787641706944214
curp,41.192139,0.2797633127738373
curp,41.194092,0.28076245485325324
curp,41.196045,0.2817615969326691
curp,41.197998,0.28276073901208504
curp,41.200195,0.28375988109150097
curp,41.202881,0.28475902317091684
curp,41.204834,0.28575816525033276
curp,41.207031,0.28675730732974863
curp,41.208984,0.28775644940916456
curp,41.210938,0.2887555914885805
curp,41.212891,0.28975473356799636
curp,41.215088,0.2907538756474123
curp,41.217041,0.2917530177268282
curp,41.219971,0.2927521598062441
curp,41.221924,0.29375130188566
curp,41.223877,0.29475044396507594
curp,41.226074,0.2957495860444918
curp,41.22876,0.29674872812390773
curp,41.230957,0.29774787020332366
curp,41.23291,0.29874701228273953
curp,41.234863,0.29974615436215546
curp,41.237061,0.3007452964415714
curp,41.239014,0.30174443852098726
curp,41.241211,0.3027435806004032
curp,41.243896,0.3037427226798191
curp,41.24585,0.304741864759235
curp,41.248047,0.3057410068386509
curp,41.25,0.30674014891806684
curp,41.251953,0.3077392909974827
curp,41.25415,0.30873843307689863
curp,41.256836,0.30973757515631456
curp,41.258789,0.31073671723573043
curp,41.260986,0.31173585931514636
curp,41.262939,0.3127350013945623
curp,41.264893,0.31373414347397816
curp,41.26709,0.3147332855533941
curp,41.269043,0.31573242763281
curp,41.271973,0.3167315697122259
curp,41.273926,0.3177307117916418
curp,41.276123,0.31872985387105773
curp,41.278076,0.3197289959504736
curp,41.280029,0.32072813802988953
curp,41.281982,0.32172728010930546
curp,41.284912,0.32272642218872133
curp,41.286865,0.32372556426813726
curp,41.289062,0.3247247063475532
curp,41.291016,0.32572384842696905
curp,41.292969,0.326722990506385
curp,41.295166,0.3277221325858009
curp,41.297119,0.3287212746652168
curp,41.299072,0.3297204167446327
curp,41.301025,0.33071955882404863
curp,41.303955,0.3317187009034645
curp,41.305908,0.33271784298288043
curp,41.307861,0.33371698506229636
curp,41.310059,0.3347161271417122
curp,41.312012,0.33571526922112815
curp,41.314209,0.3367144113005441
curp,41.316895,0.33771355337995995
curp,41.319092,0.3387126954593759
curp,41.321045,0.3397118375387918
curp,41.322998,0.3407109796182077
curp,41.325195,0.3417101216976236
curp,41.327148,0.34270926377703953
curp,41.329834,0.3437084058564554
curp,41.332031,0.34470754793587133
curp,41.333984,0.34570669001528725
curp,41.335938,0.3467058320947031
curp,41.338135,0.34770497417411905
curp,41.34082,0.3487041162535349
curp,41.343018,0.34970325833295085
curp,41.345215,0.3507024004123668
curp,41.3479,0.35170154249178265
curp,41.350098,0.3527006845711986
curp,41.352051,0.3536998266506145
curp,41.354004,0.3546989687300304
curp,41.356201,0.3556981108094463
curp,41.358887,0.3566972528888622
curp,41.36084,0.3576963949682781
curp,41.363037,0.358695537047694
curp,41.36499,0.35969467912710995
curp,41.367188,0.3606938212065258
curp,41.369873,0.36169296328594175
curp,41.37207,0.3626921053653577
curp,41.374023,0.36369124744477355
curp,41.375977,0.3646903895241895
curp,41.378906,0.3656895316036054
curp,41.380859,0.36668867368302127
curp,41.383057,0.3676878157624372
curp,41.38501,0.3686869578418531
curp,41.387939,0.369686099921269
curp,41.389893,0.3706852420006849
curp,41.39209,0.37168438408010085
curp,41.394043,0.3726835261595167
curp,41.396973,0.37368266823893265
curp,41.398926,0.3746818103183486
curp,41.401123,0.37568095239776444
curp,41.403809,0.37668009447718037
curp,41.406006,0.3776792365565963
curp,41.407959,0.37867837863601217
curp,41.410156,0.3796775207154281
curp,41.412842,0.380676662794844
curp,41.415039,0.3816758048742599
curp,41.416992,0.3826749469536758
curp,41.418945,0.38367408903309175
curp,41.421143,0.3846732311125076
curp,41.423828,0.38567237319192355
curp,41.425781,0.38667151527133947
curp,41.427979,0.38767065735075534
curp,41.429932,0.38866979943017127
curp,41.432129,0.3896689415095872
curp,41.434814,0.39066808358900307
curp,41.437012,0.391667225668419
curp,41.438965,0.3926663677478349
curp,41.441895,0.3936655098272508
curp,41.443848,0.3946646519066667
curp,41.446045,0.39566379398608265
curp,41.448975,0.3966629360654985
curp,41.450928,0.39766207814491444
curp,41.453125,0.39866122022433037
curp,41.455811,0.39966036230374624
curp,41.458008,0.40065950438316217
curp,41.459961,0.4016586464625781
curp,41.462158,0.40265778854199397
curp,41.464844,0.4036569306214099
curp,41.467041,0.4046560727008258
curp,41.468994,0.4056552147802417
curp,41.471924,0.4066543568596576
curp,41.474121,0.4076534989390735
curp,41.476807,0.4086526410184894
curp,41.479004,0.40965178309790534
curp,41.481201,0.4106509251773212
curp,41.483887,0.41165006725673714
curp,41.486084,0.41264920933615307
curp,41.489014,0.41364835141556894
curp,41.490967,0.41464749349498486
curp,41.493896,0.4156466355744008
curp,41.496094,0.41664577765381666
curp,41.499023,0.4176449197332326
curp,41.500977,0.4186440618126485
curp,41.503906,0.4196432038920644
curp,41.506104,0.4206423459714803
curp,41.509033,0.42164148805089624
curp,41.510986,0.4226406301303121
curp,41.513916,0.42363977220972804
curp,41.516113,0.42463891428914396
curp,41.518799,0.42563805636855984
curp,41.520996,0.42663719844797576
curp,41.523926,0.4276363405273917
curp,41.526123,0.42863548260680756
curp,41.528076,0.4296346246862235
curp,41.531006,0.4306337667656394
curp,41.532959,0.4316329088450553
curp,41.535889,0.4326320509244712
curp,41.538086,0.43363119300388714
curp,41.541016,0.434630335083303
curp,41.542969,0.43562947716271894
curp,41.545166,0.43662861924213486
curp,41.547852,0.43762776132155073
curp,41.550781,0.43862690340096666
curp,41.552979,0.4396260454803826
curp,41.555176,0.44062518755979846
curp,41.557861,0.4416243296392144
curp,41.560059,0.4426234717186303
curp,41.562988,0.4436226137980462
curp,41.564941,0.4446217558774621
curp,41.568115,0.44562089795687804
curp,41.571045,0.4466200400362939
curp,41.572998,0.44761918211570983
curp,41.575928,0.44861832419512576
curp,41.579102,0.44961746627454163
curp,41.581055,0.45061660835395756
curp,41.583984,0.4516157504333735
curp,41.586182,0.45261489251278936
curp,41.588867,0.4536140345922053
curp,41.591797,0.4546131766716212
curp,41.593994,0.4556123187510371
curp,41.596924,0.456611460830453
curp,41.599121,0.45761060290986894
curp,41.601807,0.4586097449892848
curp,41.604004,0.45960888706870073
curp,41.606934,0.46060802914811666
curp,41.609863,0.46160717122753253
curp,41.612061,0.46260631330694846
curp,41.61499,0.4636054553863644
curp,41.61792,0.46460459746578026
curp,41.62085,0.4656037395451962
curp,41.623047,0.4666028816246121
curp,41.625977,0.467602023704028
curp,41.628174,0.4686011657834439
curp,41.631104,0.4696003078628598
curp,41.634033,0.4705994499422757
curp,41.636963,0.47159859202169163
curp,41.639893,0.4725977341011075
curp,41.642822,0.47359687618052343
curp,41.64502,0.47459601825993936
curp,41.647949,0.4755951603393552
curp,41.651123,0.47659430241877115
curp,41.654053,0.4775934444981871
curp,41.656982,0.47859258657760295
curp,41.659912,0.4795917286570189
curp,41.662842,0.4805908707364348
curp,41.665771,0.4815900128158507
curp,41.667969,0.4825891548952666
curp,41.671143,0.48358829697468253
curp,41.674072,0.4845874390540984
curp,41.677002,0.48558658113351433
curp,41.679932,0.48658572321293025
curp,41.682861,0.4875848652923461
curp,41.686035,0.48858400737176205
curp,41.688965,0.489583149451178
curp,41.691895,0.49058229153059385
curp,41.695068,0.4915814336100098
curp,41.697998,0.4925805756894257
curp,41.700928,0.4935797177688416
curp,41.704102,0.4945788598482575
curp,41.707031,0.49557800192767343
curp,41.709961,0.4965771440070893
curp,41.713135,0.4975762860865052
curp,41.716064,0.49857542816592115
curp,41.719971,0.499574570245337
curp,41.7229,0.5005737123247529
curp,41.72583,0.5015728544041689
curp,41.729004,0.5025719964835847
curp,41.731934,0.5035711385630006
curp,41.734863,0.5045702806424166
curp,41.738037,0.5055694227218325
curp,41.740967,0.5065685648012483
curp,41.743896,0.5075677068806643
curp,41.74707,0.5085668489600802
curp,41.75,0.5095659910394961
curp,41.75293,0.510565133118912
curp,41.756104,0.5115642751983279
curp,41.759033,0.5125634172777438
curp,41.761963,0.5135625593571598
curp,41.765137,0.5145617014365756
curp,41.768066,0.5155608435159915
curp,41.770996,0.5165599855954075
curp,41.774902,0.5175591276748234
curp,41.777832,0.5185582697542392
curp,41.781006,0.5195574118336552
curp,41.783936,0.5205565539130711
curp,41.787109,0.521555695992487
curp,41.790039,0.522554838071903
curp,41.793213,0.5235539801513188
curp,41.796875,0.5245531222307347
curp,41.800049,0.5255522643101507
curp,41.802979,0.5265514063895665
curp,41.806152,0.5275505484689824
curp,41.809814,0.5285496905483984
curp,41.812988,0.5295488326278143
curp,41.816162,0.5305479747072301
curp,41.819092,0.5315471167866461
curp,41.822998,0.532546258866062
curp,41.825928,0.5335454009454779
curp,41.829102,0.5345445430248938
curp,41.833008,0.5355436851043097
curp,41.836914,0.5365428271837256
curp,41.840088,0.5375419692631416
curp,41.843994,0.5385411113425574
curp,41.847168,0.5395402534219733
curp,41.85083,0.5405393955013893
curp,41.854004,0.5415385375808052
curp,41.85791,0.542537679660221
curp,41.861816,0.543536821739637
curp,41.86499,0.5445359638190529
curp,41.868896,0.5455351058984688
curp,41.872803,0.5465342479778847
curp,41.876221,0.5475333900573006
curp,41.880127,0.5485325321367165
curp,41.883789,0.5495316742161325
curp,41.886963,0.5505308162955483
curp,41.890869,0.5515299583749642
curp,41.89502,0.5525291004543802
curp,41.898193,0.5535282425337961
curp,41.9021,0.5545273846132119
curp,41.906006,0.5555265266926279
curp,41.910156,0.5565256687720438
curp,41.914062,0.5575248108514597
curp,41.918945,0.5585239529308756
curp,41.922852,0.5595230950102915
curp,41.926025,0.5605222370897074
curp,41.929932,0.5615213791691234
curp,41.934082,0.5625205212485392
curp,41.937988,0.5635196633279551
curp,41.942139,0.5645188054073711
curp,41.946045,0.565517947486787
curp,41.949951,0.5665170895662028
curp,41.954102,0.5675162316456188
curp,41.958984,0.5685153737250347
curp,41.962891,0.5695145158044506
curp,41.967041,0.5705136578838665
curp,41.971924,0.5715127999632824
curp,41.976074,0.5725119420426983
curp,41.980957,0.5735110841221143
curp,41.985107,0.5745102262015301
curp,41.98999,0.575509368280946
curp,41.994141,0.576508510360362
curp,41.998047,0.5775076524397779
curp,42.00293,0.5785067945191937
curp,42.00708,0.5795059365986097
curp,42.011963,0.5805050786780256
curp,42.01709,0.5815042207574415
curp,42.020996,0.5825033628368574
curp,42.025879,0.5835025049162733
curp,42.030029,0.5845016469956892
curp,42.035889,0.5855007890751052
curp,42.040039,0.586499931154521
curp,42.044922,0.5874990732339369
curp,42.050049,0.5884982153133529
curp,42.054932,0.5894973573927688
curp,42.060059,0.5904964994721846
curp,42.064209,0.5914956415516006
curp,42.069092,0.5924947836310165
curp,42.074219,0.5934939257104324
curp,42.079102,0.5944930677898483
curp,42.084961,0.5954922098692642
curp,42.089844,0.5964913519486801
curp,42.094971,0.5974904940280961
curp,42.101074,0.5984896361075119
curp,42.106201,0.5994887781869278
curp,42.112061,0.6004879202663438
curp,42.117188,0.6014870623457597
curp,42.124023,0.6024862044251755
curp,42.12915,0.6034853465045915
curp,42.13501,0.6044844885840074
curp,42.140137,0.6054836306634233
curp,42.145996,0.6064827727428392
curp,42.1521,0.6074819148222551
curp,42.158936,0.608481056901671
curp,42.165039,0.609480198981087
curp,42.171143,0.6104793410605028
curp,42.177002,0.6114784831399187
curp,42.183838,0.6124776252193347
curp,42.190918,0.6134767672987506
curp,42.197998,0.6144759093781664
curp,42.204834,0.6154750514575824
curp,42.211914,0.6164741935369983
curp,42.218994,0.6174733356164142
curp,42.227051,0.6184724776958301
curp,42.235107,0.619471619775246
curp,42.24292,0.6204707618546619
curp,42.250977,0.6214699039340779
curp,42.26001,0.6224690460134937
curp,42.269775,0.6234681880929096
curp,42.279053,0.6244673301723255
curp,42.288086,0.6254664722517415
curp,42.298096,0.6264656143311573
curp,42.307129,0.6274647564105732
curp,42.317139,0.6284638984899892
curp,42.328125,0.629463040569405
curp,42.339844,0.6304621826488209
curp,42.351074,0.6314613247282369
curp,42.364014,0.6324604668076528
curp,42.37793,0.6334596088870686
curp,42.391113,0.6344587509664846
curp,42.404053,0.6354578930459005
curp,42.419922,0.6364570351253164
curp,42.434082,0.6374561772047324
curp,42.451904,0.6384553192841482
curp,42.468994,0.6394544613635641
curp,42.489014,0.6404536034429801
curp,42.509033,0.641452745522396
curp,42.531982,0.6424518876018118
curp,42.554932,0.6434510296812278
curp,42.586182,0.6444501717606437
curp,42.615967,0.6454493138400595
curp,42.652832,0.6464484559194755
curp,42.701172,0.6474475979988914
curp,42.77002,0.6484467400783073
curp,42.866943,0.6494458821577233
curp,43.032959,0.6504450242371391
curp,43.380859,0.651444166316555
curp,43.705078,0.652443308395971
curp,44.304932,0.6534424504753868
curp,45.00293,0.6544415925548027
curp,45.753906,0.6554407346342187
curp,46.632812,0.6564398767136346
curp,47.490967,0.6574390187930504
curp,48.420898,0.6584381608724664
curp,49.445068,0.6594373029518823
curp,50.25,0.6604364450312982
curp,51.176025,0.6614355871107142
curp,52.37085,0.66243472919013
curp,53.310059,0.6634338712695459
curp,54.140137,0.6644330133489619
curp,54.973877,0.6654321554283777
curp,56.088135,0.6664312975077936
curp,57.23584,0.6674304395872096
curp,58.414062,0.6684295816666255
curp,59.595947,0.6694287237460413
curp,60.457031,0.6704278658254573
curp,61.282959,0.6714270079048732
curp,62.443115,0.6724261499842891
curp,63.531006,0.673425292063705
curp,64.722168,0.6744244341431209
curp,65.88208,0.6754235762225368
curp,66.958984,0.6764227183019528
curp,68.347168,0.6774218603813686
curp,69.812012,0.6784210024607845
curp,70.936035,0.6794201445402005
curp,72.046143,0.6804192866196164
curp,73.182861,0.6814184286990322
curp,74.567139,0.6824175707784482
curp,75.815918,0.6834167128578641
curp,76.895996,0.68441585493728
curp,78.163086,0.685414997016696
curp,79.405029,0.6864141390961118
curp,80.306885,0.6874132811755277
curp,81.141846,0.6884124232549437
curp,82.050049,0.6894115653343595
curp,82.841064,0.6904107074137754
curp,83.89502,0.6914098494931914
curp,84.939941,0.6924089915726073
curp,86.055908,0.6934081336520231
curp,87.068115,0.6944072757314391
curp,87.911865,0.695406417810855
curp,88.987061,0.6964055598902709
curp,90.075928,0.6974047019696868
curp,90.968018,0.6984038440491027
curp,91.936035,0.6994029861285186
curp,92.754883,0.7004021282079346
curp,93.641846,0.7014012702873504
curp,94.358154,0.7024004123667663
curp,95.222168,0.7033995544461823
curp,96.573975,0.7043986965255982
curp,97.780029,0.705397838605014
curp,98.924805,0.70639698068443
curp,100.071045,0.7073961227638459
curp,101.262939,0.7083952648432618
curp,102.488037,0.7093944069226777
curp,103.824951,0.7103935490020936
curp,104.87207,0.7113926910815095
curp,105.888916,0.7123918331609255
curp,106.898193,0.7133909752403413
curp,107.989014,0.7143901173197572
curp,108.844971,0.7153892593991732
curp,109.925049,0.7163884014785891
curp,110.907959,0.7173875435580049
curp,112.148926,0.7183866856374209
curp,113.289795,0.7193858277168368
curp,114.612061,0.7203849697962527
curp,116.13916,0.7213841118756686
curp,117.480957,0.7223832539550845
curp,118.60498,0.7233823960345004
curp,120.00293,0.7243815381139164
curp,121.595947,0.7253806801933322
curp,122.876953,0.7263798222727481
curp,124.200928,0.7273789643521641
curp,125.621826,0.72837810643158
curp,127.001953,0.7293772485109958
curp,128.321045,0.7303763905904118
curp,129.814941,0.7313755326698277
curp,131.338135,0.7323746747492436
curp,132.966064,0.7333738168286595
curp,134.904053,0.7343729589080754
curp,136.912842,0.7353721009874913
curp,138.788086,0.7363712430669073
curp,140.396973,0.7373703851463231
curp,141.537109,0.738369527225739
curp,142.720947,0.739368669305155
curp,144.114014,0.7403678113845709
curp,145.513916,0.7413669534639867
curp,147.148926,0.7423660955434027
curp,148.302979,0.7433652376228186
curp,149.675049,0.7443643797022345
curp,150.938965,0.7453635217816504
curp,151.932129,0.7463626638610663
curp,153.01709,0.7473618059404822
curp,154.034912,0.748360948019898
curp,154.939941,0.749360090099314
curp,155.916992,0.7503592321787299
curp,157.091064,0.7513583742581458
curp,158.288086,0.7523575163375618
curp,159.627197,0.7533566584169776
curp,160.833984,0.7543558004963935
curp,162.112061,0.7553549425758095
curp,163.455811,0.7563540846552254
curp,164.523193,0.7573532267346412
curp,165.788086,0.7583523688140572
curp,166.795898,0.7593515108934731
curp,167.916992,0.760350652972889
curp,169.127197,0.7613497950523049
curp,170.613037,0.7623489371317208
curp,172.173096,0.7633480792111367
curp,173.352051,0.7643472212905527
curp,174.939941,0.7653463633699685
curp,176.459961,0.7663455054493844
curp,178.26709,0.7673446475288004
curp,179.858887,0.7683437896082163
curp,181.473145,0.7693429316876321
curp,183.184082,0.7703420737670481
curp,185.322021,0.771341215846464
curp,187.506104,0.7723403579258799
curp,189.914062,0.7733395000052958
curp,191.947998,0.7743386420847117
curp,194.025146,0.7753377841641276
curp,196.229004,0.7763369262435436
curp,198.133057,0.7773360683229594
curp,200.133057,0.7783352104023753
curp,202.426025,0.7793343524817913
curp,204.47998,0.7803334945612072
curp,206.62793,0.781332636640623
curp,208.76709,0.782331778720039
curp,211.10083,0.7833309207994549
curp,213.485107,0.7843300628788707
curp,215.916016,0.7853292049582867
curp,218.509766,0.7863283470377026
curp,220.697021,0.7873274891171185
curp,222.773926,0.7883266311965345
curp,225.03418,0.7893257732759503
curp,227.172119,0.7903249153553662
curp,229.574951,0.7913240574347822
curp,232.301025,0.792323199514198
curp,235.291016,0.7933223415936139
curp,239.061768,0.7943214836730299
curp,242.733154,0.7953206257524458
curp,246.665039,0.7963197678318616
curp,250.864014,0.7973189099112776
curp,255.37915,0.7983180519906935
curp,260.291992,0.7993171940701094
curp,265.047119,0.8003163361495254
curp,270.174072,0.8013154782289412
curp,275.166992,0.8023146203083571
curp,280.087891,0.8033137623877731
curp,284.958008,0.804312904467189
curp,290.603027,0.8053120465466048
curp,295.970947,0.8063111886260208
curp,302.078857,0.8073103307054367
curp,309.599121,0.8083094727848525
curp,316.5,0.8093086148642685
curp,323.923096,0.8103077569436844
curp,332.069092,0.8113068990231003
curp,340.426025,0.8123060411025163
curp,347.583008,0.8133051831819321
curp,354.307129,0.814304325261348
curp,362.019043,0.815303467340764
curp,369.915039,0.8163026094201798
curp,376.582031,0.8173017514995957
curp,380.75,0.8183008935790117
curp,383.886963,0.8193000356584276
curp,385.984131,0.8202991777378434
curp,387.752197,0.8212983198172594
curp,390.543945,0.8222974618966753
curp,396.6521,0.8232966039760912
curp,405.52002,0.8242957460555072
curp,414.7229,0.825294888134923
curp,422.281006,0.8262940302143389
curp,429.875977,0.8272931722937549
curp,438.740967,0.8282923143731707
curp,447.61792,0.8292914564525866
curp,456.360107,0.8302905985320026
curp,465.310059,0.8312897406114185
curp,473.419922,0.8322888826908343
curp,481.37915,0.8332880247702503
curp,489.784912,0.8342871668496662
curp,498.721924,0.8352863089290821
curp,507.854004,0.836285451008498
curp,517.570068,0.8372845930879139
curp,527.619873,0.8382837351673298
curp,537.24292,0.8392828772467458
curp,545.947021,0.8402820193261616
curp,559.664062,0.8412811614055775
curp,577.539795,0.8422803034849935
curp,596.13916,0.8432794455644094
curp,616.000977,0.8442785876438252
curp,635.324951,0.8452777297232412
curp,653.069092,0.8462768718026571
curp,672.775146,0.847276013882073
curp,693.395996,0.848275155961489
curp,716.079834,0.8492742980409048
curp,738.518066,0.8502734401203207
curp,762.522949,0.8512725821997367
curp,788.25708,0.8522717242791525
curp,813.809082,0.8532708663585684
curp,837.919922,0.8542700084379844
curp,860.166016,0.8552691505174003
curp,878.711914,0.8562682925968161
curp,896.233154,0.8572674346762321
curp,904.050049,0.858266576755648
curp,909.333984,0.8592657188350639
curp,923.739014,0.8602648609144798
curp,986.988037,0.8612640029938957
curp,1103.578857,0.8622631450733116
curp,1198.675049,0.8632622871527276
curp,1281.168213,0.8642614292321434
curp,1351.506104,0.8652605713115593
curp,1417.005127,0.8662597133909753
curp,1471.537109,0.8672588554703912
curp,1498.316895,0.868257997549807
curp,1523.753906,0.869257139629223
curp,1550.199951,0.8702562817086389
curp,1576.423096,0.8712554237880548
curp,1602.051025,0.8722545658674706
curp,1628.447021,0.8732537079468866
curp,1651.71582,0.8742528500263025
curp,1675.921143,0.8752519921057184
curp,1697.76709,0.8762511341851343
curp,1721.893066,0.8772502762645502
curp,1742.85083,0.8782494183439661
curp,1763.708008,0.8792485604233821
curp,1785.766113,0.8802477025027979
curp,1806.988037,0.8812468445822138
curp,1826.447998,0.8822459866616298
curp,1845.673096,0.8832451287410457
curp,1880.479004,0.8842442708204615
curp,4556.53418,0.8852434128998775
curp,4932.690918,0.8862425549792934
curp,5260.198975,0.8872416970587093
curp,5649.541992,0.8882408391381252
curp,5984.516113,0.8892399812175411
curp,6207.173828,0.890239123296957
curp,6399.061035,0.891238265376373
curp,6567.966064,0.8922374074557888
curp,6633.198975,0.8932365495352047
curp,6819.543945,0.8942356916146207
curp,6993.088135,0.8952348336940366
curp,7183.553955,0.8962339757734524
curp,7339.267822,0.8972331178528684
curp,7486.115967,0.8982322599322843
curp,7624.197021,0.8992314020117002
curp,7741.740967,0.9002305440911161
curp,7860.592041,0.901229686170532
curp,7990.728027,0.9022288282499479
curp,8113.008057,0.9032279703293639
curp,8232.288086,0.9042271124087797
curp,8365.067871,0.9052262544881956
curp,8498.088135,0.9062253965676116
curp,8901.584961,0.9072245386470275
curp,8936.121094,0.9082236807264433
curp,8976.958984,0.9092228228058593
curp,8998.791992,0.9102219648852752
curp,9011.733887,0.911221106964691
curp,9020.494141,0.912220249044107
curp,9029.122803,0.9132193911235229
curp,9038.953125,0.9142185332029388
curp,9233.433105,0.9152176752823548
curp,9538.719971,0.9162168173617706
curp,9784.89209,0.9172159594411865
curp,10414.666016,0.9182151015206025
curp,11196.473877,0.9192142436000184
curp,11899.169922,0.9202133856794342
curp,12417.38501,0.9212125277588502
curp,13178.518799,0.9222116698382661
curp,13977.593018,0.923210811917682
curp,14810.824951,0.9242099539970979
curp,15504.906006,0.9252090960765138
curp,15783.62207,0.9262082381559297
curp,15984.26709,0.9272073802353457
curp,16191.644043,0.9282065223147615
curp,16341.429932,0.9292056643941774
curp,16445.577881,0.9302048064735934
curp,16543.971924,0.9312039485530093
curp,16649.454102,0.9322030906324251
curp,16755.908936,0.9332022327118411
curp,16901.275146,0.934201374791257
curp,17041.605957,0.9352005168706728
curp,17150.288086,0.9361996589500888
curp,17243.798096,0.9371988010295047
curp,17332.559814,0.9381979431089206
curp,17436.75293,0.9391970851883366
curp,17543.071045,0.9401962272677524
curp,17650.151123,0.9411953693471683
curp,17760.066895,0.9421945114265843
curp,17871.728027,0.9431936535060002
curp,17971.320068,0.944192795585416
curp,18100.994873,0.945191937664832
curp,18211.966064,0.9461910797442479
curp,18445.181885,0.9471902218236637
curp,18535.46582,0.9481893639030797
curp,18588.87207,0.9491885059824956
curp,18784.173096,0.9501876480619115
curp,18988.707031,0.9511867901413275
curp,19182.365967,0.9521859322207433
curp,19405.916016,0.9531850743001592
curp,19633.424072,0.9541842163795752
curp,19958.838135,0.955183358458991
curp,20331.987061,0.9561825005384069
curp,20687.72583,0.9571816426178229
curp,21005.99707,0.9581807846972388
curp,21319.566895,0.9591799267766546
curp,21613.220947,0.9601790688560706
curp,21887.855957,0.9611782109354865
curp,22102.062012,0.9621773530149024
curp,22225.927002,0.9631764950943184
curp,22340.64502,0.9641756371737342
curp,22439.434082,0.9651747792531501
curp,22546.943115,0.9661739213325661
curp,22651.399902,0.967173063411982
curp,22766.996094,0.9681722054913978
curp,22874.276855,0.9691713475708138
curp,23025.895996,0.9701704896502297
curp,23258.846924,0.9711696317296455
curp,23515.656006,0.9721687738090615
curp,23752.793945,0.9731679158884774
curp,23964.25415,0.9741670579678933
curp,24194.950928,0.9751662000473093
curp,24423.49707,0.9761653421267251
curp,24630.37793,0.977164484206141
curp,24837.614014,0.978163626285557
curp,25037.461914,0.9791627683649728
curp,25231.428955,0.9801619104443887
curp,25443.854004,0.9811610525238047
curp,25644.124023,0.9821601946032206
curp,25831.472168,0.9831593366826364
curp,26018.676025,0.9841584787620524
curp,26205.60791,0.9851576208414683
curp,26387.755127,0.9861567629208842
curp,26554.253906,0.9871559050003001
curp,26729.604004,0.988155047079716
curp,26903.805908,0.9891541891591319
curp,27078.333008,0.9901533312385479
curp,27242.031982,0.9911524733179637
curp,27402.200928,0.9921516153973796
curp,27569.337891,0.9931507574767956
curp,27756.572021,0.9941498995562115
curp,27911.219971,0.9951490416356273
curp,28092.551025,0.9961481837150432
curp,28267.974121,0.9971473257944592
curp,28454.277832,0.9981464678738751
curp,28625.791016,0.9991456099532909
