=== TLC Small-Config Run ===
Spec: jetpack_mencius.tla
Config: jetpack_mencius_small.cfg
Started: 2026-03-08T10:15:53+00:00
--- Config contents ---
SPECIFICATION Spec
SYMMETRY Symmetry

CONSTANTS
  Server = {s1, s2, s3}
  Client = {c1}
  CmdId = {id1, id2}
  Key = {k1}

CONSTRAINT SmallStateConstraint

PROPERTY Safety
--- End config ---

TLC2 Version 2.16 of 31 December 2020 (rev: cdddf55)
Running breadth-first search Model-Checking with fp 65 and seed 2771879475846659916 with 1 worker on 64 cores with 910MB heap and 64MB offheap memory (Linux 5.15.0-133-generic i386, Oracle Corporation 1.8.0_101 x86, MSBDiskFPSet, DiskStateQueue).
Parsing file /home/users/ztang/janus/tla/jetpack_mencius.tla
Parsing file /tmp/Naturals.tla
Parsing file /tmp/FiniteSets.tla
Parsing file /tmp/Sequences.tla
Parsing file /tmp/TLC.tla
Parsing file /home/users/ztang/janus/tla/base_mencius.tla
Parsing file /home/users/ztang/janus/tla/jetpack.tla
Semantic processing of module Naturals
Semantic processing of module Sequences
Semantic processing of module FiniteSets
Semantic processing of module TLC
Semantic processing of module base_mencius
Semantic processing of module jetpack
Semantic processing of module jetpack_mencius
Starting... (2026-03-08 10:15:54)
Computing initial states...
Finished computing initial states: 1 distinct state generated at 2026-03-08 10:15:54.
Progress(5) at 2026-03-08 10:15:57: 9,757 states generated (9,757 s/min), 1,040 distinct states found (1,040 ds/min), 761 states left on queue.
Progress(7) at 2026-03-08 10:16:57: 296,351 states generated (286,594 s/min), 38,209 distinct states found (37,169 ds/min), 29,583 states left on queue.
Progress(8) at 2026-03-08 10:17:57: 602,333 states generated (305,982 s/min), 65,820 distinct states found (27,611 ds/min), 48,199 states left on queue.
Progress(8) at 2026-03-08 10:18:57: 914,442 states generated (312,109 s/min), 92,019 distinct states found (26,199 ds/min), 64,961 states left on queue.
Progress(8) at 2026-03-08 10:19:57: 1,226,864 states generated (312,422 s/min), 118,143 distinct states found (26,124 ds/min), 81,806 states left on queue.
Progress(8) at 2026-03-08 10:20:57: 1,530,257 states generated (303,393 s/min), 143,625 distinct states found (25,482 ds/min), 98,333 states left on queue.
Progress(9) at 2026-03-08 10:21:57: 1,842,582 states generated (312,325 s/min), 168,097 distinct states found (24,472 ds/min), 113,050 states left on queue.
Progress(9) at 2026-03-08 10:22:57: 2,143,625 states generated (301,043 s/min), 195,597 distinct states found (27,500 ds/min), 131,152 states left on queue.
Progress(9) at 2026-03-08 10:23:57: 2,446,248 states generated (302,623 s/min), 217,972 distinct states found (22,375 ds/min), 143,887 states left on queue.
Progress(9) at 2026-03-08 10:24:57: 2,751,952 states generated (305,704 s/min), 246,538 distinct states found (28,566 ds/min), 162,912 states left on queue.
Progress(9) at 2026-03-08 10:25:57: 3,056,009 states generated (304,057 s/min), 271,611 distinct states found (25,073 ds/min), 178,378 states left on queue.
Progress(9) at 2026-03-08 10:26:57: 3,349,412 states generated (293,403 s/min), 294,503 distinct states found (22,892 ds/min), 192,048 states left on queue.
Progress(9) at 2026-03-08 10:27:57: 3,647,800 states generated (298,388 s/min), 335,949 distinct states found (41,446 ds/min), 224,692 states left on queue.
Progress(9) at 2026-03-08 10:28:57: 3,952,246 states generated (304,446 s/min), 377,726 distinct states found (41,777 ds/min), 257,708 states left on queue.
Progress(9) at 2026-03-08 10:29:57: 4,249,293 states generated (297,047 s/min), 415,130 distinct states found (37,404 ds/min), 286,805 states left on queue.
Progress(9) at 2026-03-08 10:30:57: 4,552,038 states generated (302,745 s/min), 453,906 distinct states found (38,776 ds/min), 316,739 states left on queue.
Progress(9) at 2026-03-08 10:31:57: 4,862,560 states generated (310,522 s/min), 483,441 distinct states found (29,535 ds/min), 336,965 states left on queue.
Progress(10) at 2026-03-08 10:32:57: 5,175,549 states generated (312,989 s/min), 510,199 distinct states found (26,758 ds/min), 353,502 states left on queue.
Progress(10) at 2026-03-08 10:33:57: 5,489,235 states generated (313,686 s/min), 537,800 distinct states found (27,601 ds/min), 370,611 states left on queue.
Progress(10) at 2026-03-08 10:34:57: 5,806,987 states generated (317,752 s/min), 570,407 distinct states found (32,607 ds/min), 392,746 states left on queue.
Progress(10) at 2026-03-08 10:35:57: 6,121,529 states generated (314,542 s/min), 615,187 distinct states found (44,780 ds/min), 428,040 states left on queue.
Progress(10) at 2026-03-08 10:36:57: 6,437,068 states generated (315,539 s/min), 656,744 distinct states found (41,557 ds/min), 460,174 states left on queue.
Progress(10) at 2026-03-08 10:37:57: 6,747,887 states generated (310,819 s/min), 694,603 distinct states found (37,859 ds/min), 488,137 states left on queue.
Progress(10) at 2026-03-08 10:38:57: 7,054,973 states generated (307,086 s/min), 722,251 distinct states found (27,648 ds/min), 505,845 states left on queue.
Progress(10) at 2026-03-08 10:39:57: 7,359,299 states generated (304,326 s/min), 754,812 distinct states found (32,561 ds/min), 528,433 states left on queue.
Progress(10) at 2026-03-08 10:40:57: 7,667,842 states generated (308,543 s/min), 798,465 distinct states found (43,653 ds/min), 562,809 states left on queue.
Progress(10) at 2026-03-08 10:41:57: 7,975,173 states generated (307,331 s/min), 839,436 distinct states found (40,971 ds/min), 594,573 states left on queue.
Progress(10) at 2026-03-08 10:42:57: 8,286,797 states generated (311,624 s/min), 876,513 distinct states found (37,077 ds/min), 621,737 states left on queue.
Progress(10) at 2026-03-08 10:43:57: 8,594,655 states generated (307,858 s/min), 913,375 distinct states found (36,862 ds/min), 648,929 states left on queue.
Progress(10) at 2026-03-08 10:44:57: 8,896,908 states generated (302,253 s/min), 955,479 distinct states found (42,104 ds/min), 681,916 states left on queue.
Checkpointing of run states/26-03-08-10-15-53
Checkpointing completed at (2026-03-08 10:45:59)
Progress(10) at 2026-03-08 10:45:59: 9,207,670 states generated (310,762 s/min), 996,976 distinct states found (41,497 ds/min), 714,083 states left on queue.
Progress(10) at 2026-03-08 10:46:59: 9,501,811 states generated (294,141 s/min), 1,030,051 distinct states found (33,075 ds/min), 737,798 states left on queue.
Progress(10) at 2026-03-08 10:47:59: 9,796,808 states generated (294,997 s/min), 1,063,225 distinct states found (33,174 ds/min), 761,985 states left on queue.
Progress(10) at 2026-03-08 10:48:59: 10,104,418 states generated (307,610 s/min), 1,093,139 distinct states found (29,914 ds/min), 782,924 states left on queue.
Progress(10) at 2026-03-08 10:49:59: 10,410,753 states generated (306,335 s/min), 1,121,857 distinct states found (28,718 ds/min), 802,730 states left on queue.
Progress(10) at 2026-03-08 10:50:59: 10,735,540 states generated (324,787 s/min), 1,152,217 distinct states found (30,360 ds/min), 823,634 states left on queue.
Progress(10) at 2026-03-08 10:51:59: 11,045,715 states generated (310,175 s/min), 1,184,521 distinct states found (32,304 ds/min), 846,890 states left on queue.
Progress(10) at 2026-03-08 10:52:59: 11,362,186 states generated (316,471 s/min), 1,217,447 distinct states found (32,926 ds/min), 870,554 states left on queue.
Progress(10) at 2026-03-08 10:53:59: 11,666,369 states generated (304,183 s/min), 1,249,647 distinct states found (32,200 ds/min), 893,832 states left on queue.
Progress(10) at 2026-03-08 10:54:59: 11,974,624 states generated (308,255 s/min), 1,283,376 distinct states found (33,729 ds/min), 918,779 states left on queue.
Progress(10) at 2026-03-08 10:55:59: 12,280,317 states generated (305,693 s/min), 1,310,364 distinct states found (26,988 ds/min), 937,280 states left on queue.
Progress(10) at 2026-03-08 10:56:59: 12,579,087 states generated (298,770 s/min), 1,332,676 distinct states found (22,312 ds/min), 951,279 states left on queue.
Progress(10) at 2026-03-08 10:57:59: 12,885,050 states generated (305,963 s/min), 1,359,456 distinct states found (26,780 ds/min), 969,467 states left on queue.
Progress(10) at 2026-03-08 10:58:59: 13,185,436 states generated (300,386 s/min), 1,390,504 distinct states found (31,048 ds/min), 992,104 states left on queue.
Progress(10) at 2026-03-08 10:59:59: 13,487,934 states generated (302,498 s/min), 1,412,368 distinct states found (21,864 ds/min), 1,005,505 states left on queue.
Progress(10) at 2026-03-08 11:00:59: 13,781,495 states generated (293,561 s/min), 1,439,455 distinct states found (27,087 ds/min), 1,024,300 states left on queue.
Progress(10) at 2026-03-08 11:01:59: 14,068,833 states generated (287,338 s/min), 1,465,025 distinct states found (25,570 ds/min), 1,041,746 states left on queue.
Progress(10) at 2026-03-08 11:02:59: 14,361,360 states generated (292,527 s/min), 1,485,934 distinct states found (20,909 ds/min), 1,054,394 states left on queue.
Progress(10) at 2026-03-08 11:03:59: 14,659,091 states generated (297,731 s/min), 1,513,121 distinct states found (27,187 ds/min), 1,072,723 states left on queue.
Progress(10) at 2026-03-08 11:04:59: 14,973,557 states generated (314,466 s/min), 1,540,834 distinct states found (27,713 ds/min), 1,091,016 states left on queue.
Progress(10) at 2026-03-08 11:05:59: 15,287,797 states generated (314,240 s/min), 1,567,757 distinct states found (26,923 ds/min), 1,108,543 states left on queue.
Progress(10) at 2026-03-08 11:06:59: 15,600,378 states generated (312,581 s/min), 1,593,267 distinct states found (25,510 ds/min), 1,124,686 states left on queue.
Progress(10) at 2026-03-08 11:07:59: 15,902,720 states generated (302,342 s/min), 1,616,303 distinct states found (23,036 ds/min), 1,138,641 states left on queue.
Progress(11) at 2026-03-08 11:08:59: 16,200,801 states generated (298,081 s/min), 1,634,248 distinct states found (17,945 ds/min), 1,147,537 states left on queue.
Progress(11) at 2026-03-08 11:09:59: 16,492,062 states generated (291,261 s/min), 1,663,235 distinct states found (28,987 ds/min), 1,166,232 states left on queue.
Progress(11) at 2026-03-08 11:10:59: 16,787,208 states generated (295,146 s/min), 1,705,978 distinct states found (42,743 ds/min), 1,199,549 states left on queue.
Progress(11) at 2026-03-08 11:11:59: 17,087,172 states generated (299,964 s/min), 1,748,140 distinct states found (42,162 ds/min), 1,231,966 states left on queue.
Progress(11) at 2026-03-08 11:12:59: 17,391,040 states generated (303,868 s/min), 1,781,390 distinct states found (33,250 ds/min), 1,254,936 states left on queue.
Progress(11) at 2026-03-08 11:13:59: 17,690,274 states generated (299,234 s/min), 1,825,293 distinct states found (43,903 ds/min), 1,289,311 states left on queue.
Progress(11) at 2026-03-08 11:14:59: 18,002,920 states generated (312,646 s/min), 1,868,517 distinct states found (43,224 ds/min), 1,322,300 states left on queue.
Checkpointing of run states/26-03-08-10-15-53
Checkpointing completed at (2026-03-08 11:16:00)
Progress(11) at 2026-03-08 11:16:00: 18,312,521 states generated (309,601 s/min), 1,903,550 distinct states found (35,033 ds/min), 1,347,012 states left on queue.
Progress(11) at 2026-03-08 11:17:00: 18,622,392 states generated (309,871 s/min), 1,935,652 distinct states found (32,102 ds/min), 1,369,523 states left on queue.
Progress(11) at 2026-03-08 11:18:00: 18,942,210 states generated (319,818 s/min), 1,968,420 distinct states found (32,768 ds/min), 1,392,358 states left on queue.
Progress(11) at 2026-03-08 11:19:00: 19,260,354 states generated (318,144 s/min), 2,001,912 distinct states found (33,492 ds/min), 1,416,009 states left on queue.
Progress(11) at 2026-03-08 11:20:00: 19,579,122 states generated (318,768 s/min), 2,036,085 distinct states found (34,173 ds/min), 1,440,524 states left on queue.
Progress(11) at 2026-03-08 11:21:00: 19,903,385 states generated (324,263 s/min), 2,064,823 distinct states found (28,738 ds/min), 1,459,727 states left on queue.
Progress(11) at 2026-03-08 11:22:00: 20,223,802 states generated (320,417 s/min), 2,088,356 distinct states found (23,533 ds/min), 1,473,825 states left on queue.
Progress(11) at 2026-03-08 11:23:00: 20,536,612 states generated (312,810 s/min), 2,125,983 distinct states found (37,627 ds/min), 1,502,129 states left on queue.
Progress(11) at 2026-03-08 11:24:00: 20,851,932 states generated (315,320 s/min), 2,149,546 distinct states found (23,563 ds/min), 1,516,339 states left on queue.
Progress(11) at 2026-03-08 11:25:00: 21,161,367 states generated (309,435 s/min), 2,183,393 distinct states found (33,847 ds/min), 1,540,918 states left on queue.
Progress(11) at 2026-03-08 11:26:00: 21,475,663 states generated (314,296 s/min), 2,207,220 distinct states found (23,827 ds/min), 1,555,343 states left on queue.
Progress(11) at 2026-03-08 11:27:00: 21,789,291 states generated (313,628 s/min), 2,232,330 distinct states found (25,110 ds/min), 1,570,809 states left on queue.
Progress(11) at 2026-03-08 11:28:00: 22,098,234 states generated (308,943 s/min), 2,262,873 distinct states found (30,543 ds/min), 1,591,533 states left on queue.
Progress(11) at 2026-03-08 11:29:00: 22,411,066 states generated (312,832 s/min), 2,290,071 distinct states found (27,198 ds/min), 1,608,813 states left on queue.
Progress(11) at 2026-03-08 11:30:00: 22,721,199 states generated (310,133 s/min), 2,316,862 distinct states found (26,791 ds/min), 1,625,737 states left on queue.
Progress(11) at 2026-03-08 11:31:00: 23,031,671 states generated (310,472 s/min), 2,340,069 distinct states found (23,207 ds/min), 1,639,028 states left on queue.
Progress(11) at 2026-03-08 11:32:00: 23,325,275 states generated (293,604 s/min), 2,372,919 distinct states found (32,850 ds/min), 1,662,302 states left on queue.
Progress(11) at 2026-03-08 11:33:00: 23,615,273 states generated (289,998 s/min), 2,413,257 distinct states found (40,338 ds/min), 1,693,506 states left on queue.
Progress(11) at 2026-03-08 11:34:00: 23,908,072 states generated (292,799 s/min), 2,452,079 distinct states found (38,822 ds/min), 1,722,542 states left on queue.
Progress(11) at 2026-03-08 11:35:00: 24,207,464 states generated (299,392 s/min), 2,485,759 distinct states found (33,680 ds/min), 1,746,457 states left on queue.
Progress(11) at 2026-03-08 11:36:00: 24,510,468 states generated (303,004 s/min), 2,517,357 distinct states found (31,598 ds/min), 1,768,667 states left on queue.
Progress(11) at 2026-03-08 11:37:00: 24,817,982 states generated (307,514 s/min), 2,549,117 distinct states found (31,760 ds/min), 1,790,900 states left on queue.
Progress(11) at 2026-03-08 11:38:00: 25,124,919 states generated (306,937 s/min), 2,580,777 distinct states found (31,660 ds/min), 1,813,057 states left on queue.
Progress(11) at 2026-03-08 11:39:00: 25,427,625 states generated (302,706 s/min), 2,614,763 distinct states found (33,986 ds/min), 1,837,936 states left on queue.
Progress(11) at 2026-03-08 11:40:00: 25,732,176 states generated (304,551 s/min), 2,641,131 distinct states found (26,368 ds/min), 1,855,356 states left on queue.
Progress(11) at 2026-03-08 11:41:00: 26,040,543 states generated (308,367 s/min), 2,664,674 distinct states found (23,543 ds/min), 1,869,832 states left on queue.
Progress(11) at 2026-03-08 11:42:00: 26,341,518 states generated (300,975 s/min), 2,699,820 distinct states found (35,146 ds/min), 1,895,994 states left on queue.
Progress(11) at 2026-03-08 11:43:00: 26,652,069 states generated (310,551 s/min), 2,722,368 distinct states found (22,548 ds/min), 1,909,332 states left on queue.
Progress(11) at 2026-03-08 11:44:00: 26,962,129 states generated (310,060 s/min), 2,754,715 distinct states found (32,347 ds/min), 1,932,394 states left on queue.
Progress(11) at 2026-03-08 11:45:00: 27,273,011 states generated (310,882 s/min), 2,779,528 distinct states found (24,813 ds/min), 1,947,906 states left on queue.
Checkpointing of run states/26-03-08-10-15-53
Checkpointing completed at (2026-03-08 11:46:01)
Progress(11) at 2026-03-08 11:46:01: 27,588,853 states generated (315,842 s/min), 2,804,679 distinct states found (25,151 ds/min), 1,963,334 states left on queue.
Progress(11) at 2026-03-08 11:47:01: 27,891,085 states generated (302,232 s/min), 2,833,637 distinct states found (28,958 ds/min), 1,982,728 states left on queue.
Progress(11) at 2026-03-08 11:48:01: 28,182,571 states generated (291,486 s/min), 2,860,476 distinct states found (26,839 ds/min), 2,000,326 states left on queue.
Progress(11) at 2026-03-08 11:49:01: 28,471,024 states generated (288,453 s/min), 2,884,818 distinct states found (24,342 ds/min), 2,015,501 states left on queue.
Progress(11) at 2026-03-08 11:50:01: 28,762,583 states generated (291,559 s/min), 2,907,716 distinct states found (22,898 ds/min), 2,029,100 states left on queue.
Progress(11) at 2026-03-08 11:51:01: 29,066,452 states generated (303,869 s/min), 2,934,742 distinct states found (27,026 ds/min), 2,046,377 states left on queue.
Progress(11) at 2026-03-08 11:52:01: 29,369,407 states generated (302,955 s/min), 2,966,503 distinct states found (31,761 ds/min), 2,068,772 states left on queue.
Progress(11) at 2026-03-08 11:53:01: 29,672,816 states generated (303,409 s/min), 2,997,945 distinct states found (31,442 ds/min), 2,090,816 states left on queue.
Progress(11) at 2026-03-08 11:54:01: 29,972,853 states generated (300,037 s/min), 3,028,706 distinct states found (30,761 ds/min), 2,112,286 states left on queue.
Progress(11) at 2026-03-08 11:55:01: 30,272,499 states generated (299,646 s/min), 3,059,263 distinct states found (30,557 ds/min), 2,133,679 states left on queue.
Progress(11) at 2026-03-08 11:56:01: 30,571,556 states generated (299,057 s/min), 3,092,207 distinct states found (32,944 ds/min), 2,157,818 states left on queue.
Progress(11) at 2026-03-08 11:57:01: 30,872,888 states generated (301,332 s/min), 3,115,125 distinct states found (22,918 ds/min), 2,171,868 states left on queue.
Progress(11) at 2026-03-08 11:58:01: 31,169,606 states generated (296,718 s/min), 3,144,931 distinct states found (29,806 ds/min), 2,192,858 states left on queue.
Progress(11) at 2026-03-08 11:59:01: 31,457,610 states generated (288,004 s/min), 3,171,366 distinct states found (26,435 ds/min), 2,210,755 states left on queue.
Progress(11) at 2026-03-08 12:00:01: 31,748,798 states generated (291,188 s/min), 3,193,243 distinct states found (21,877 ds/min), 2,223,996 states left on queue.
Progress(11) at 2026-03-08 12:01:01: 32,031,619 states generated (282,821 s/min), 3,224,416 distinct states found (31,173 ds/min), 2,246,659 states left on queue.
Progress(11) at 2026-03-08 12:02:01: 32,331,915 states generated (300,296 s/min), 3,245,408 distinct states found (20,992 ds/min), 2,258,661 states left on queue.
Progress(11) at 2026-03-08 12:03:01: 32,616,370 states generated (284,455 s/min), 3,271,947 distinct states found (26,539 ds/min), 2,276,217 states left on queue.
Progress(11) at 2026-03-08 12:04:01: 32,900,905 states generated (284,535 s/min), 3,298,045 distinct states found (26,098 ds/min), 2,293,274 states left on queue.
Progress(11) at 2026-03-08 12:05:01: 33,158,130 states generated (257,225 s/min), 3,320,938 distinct states found (22,893 ds/min), 2,308,074 states left on queue.
Progress(11) at 2026-03-08 12:06:01: 33,445,593 states generated (287,463 s/min), 3,345,527 distinct states found (24,589 ds/min), 2,323,507 states left on queue.
Progress(11) at 2026-03-08 12:07:01: 33,730,097 states generated (284,504 s/min), 3,367,539 distinct states found (22,012 ds/min), 2,336,447 states left on queue.
Progress(11) at 2026-03-08 12:08:01: 34,018,952 states generated (288,855 s/min), 3,392,485 distinct states found (24,946 ds/min), 2,352,210 states left on queue.
Progress(11) at 2026-03-08 12:09:01: 34,320,500 states generated (301,548 s/min), 3,417,197 distinct states found (24,712 ds/min), 2,367,922 states left on queue.
Progress(11) at 2026-03-08 12:10:01: 34,618,019 states generated (297,519 s/min), 3,440,478 distinct states found (23,281 ds/min), 2,382,225 states left on queue.
Progress(11) at 2026-03-08 12:11:01: 34,912,008 states generated (293,989 s/min), 3,470,020 distinct states found (29,542 ds/min), 2,402,852 states left on queue.
Progress(11) at 2026-03-08 12:12:01: 35,212,132 states generated (300,124 s/min), 3,492,903 distinct states found (22,883 ds/min), 2,416,714 states left on queue.
Progress(11) at 2026-03-08 12:13:01: 35,503,389 states generated (291,257 s/min), 3,520,825 distinct states found (27,922 ds/min), 2,435,722 states left on queue.
Progress(11) at 2026-03-08 12:14:01: 35,792,084 states generated (288,695 s/min), 3,544,775 distinct states found (23,950 ds/min), 2,450,982 states left on queue.
Progress(11) at 2026-03-08 12:15:01: 36,079,542 states generated (287,458 s/min), 3,569,408 distinct states found (24,633 ds/min), 2,466,914 states left on queue.
Checkpointing of run states/26-03-08-10-15-53
Checkpointing completed at (2026-03-08 12:16:02)
Progress(11) at 2026-03-08 12:16:02: 36,372,632 states generated (293,090 s/min), 3,595,412 distinct states found (26,004 ds/min), 2,484,181 states left on queue.
Progress(11) at 2026-03-08 12:17:02: 36,661,306 states generated (288,674 s/min), 3,620,131 distinct states found (24,719 ds/min), 2,500,088 states left on queue.
Progress(11) at 2026-03-08 12:18:02: 36,963,796 states generated (302,490 s/min), 3,644,842 distinct states found (24,711 ds/min), 2,515,719 states left on queue.
Progress(11) at 2026-03-08 12:19:02: 37,265,279 states generated (301,483 s/min), 3,671,041 distinct states found (26,199 ds/min), 2,532,697 states left on queue.
Progress(11) at 2026-03-08 12:20:02: 37,565,266 states generated (299,987 s/min), 3,698,981 distinct states found (27,940 ds/min), 2,551,719 states left on queue.
Progress(11) at 2026-03-08 12:21:02: 37,865,679 states generated (300,413 s/min), 3,724,285 distinct states found (25,304 ds/min), 2,567,851 states left on queue.
Progress(11) at 2026-03-08 12:22:02: 38,165,220 states generated (299,541 s/min), 3,748,684 distinct states found (24,399 ds/min), 2,583,295 states left on queue.
Progress(11) at 2026-03-08 12:23:02: 38,459,448 states generated (294,228 s/min), 3,773,071 distinct states found (24,387 ds/min), 2,598,641 states left on queue.
Progress(11) at 2026-03-08 12:24:02: 38,754,699 states generated (295,251 s/min), 3,801,229 distinct states found (28,158 ds/min), 2,618,009 states left on queue.
Progress(11) at 2026-03-08 12:25:02: 39,053,999 states generated (299,300 s/min), 3,826,181 distinct states found (24,952 ds/min), 2,633,852 states left on queue.
Progress(11) at 2026-03-08 12:26:02: 39,351,413 states generated (297,414 s/min), 3,849,956 distinct states found (23,775 ds/min), 2,648,713 states left on queue.
Progress(11) at 2026-03-08 12:27:02: 39,647,734 states generated (296,321 s/min), 3,873,872 distinct states found (23,916 ds/min), 2,663,536 states left on queue.
Progress(11) at 2026-03-08 12:28:02: 39,948,792 states generated (301,058 s/min), 3,902,571 distinct states found (28,699 ds/min), 2,683,249 states left on queue.
Progress(11) at 2026-03-08 12:29:02: 40,262,342 states generated (313,550 s/min), 3,928,151 distinct states found (25,580 ds/min), 2,699,252 states left on queue.
Progress(11) at 2026-03-08 12:30:02: 40,575,359 states generated (313,017 s/min), 3,953,871 distinct states found (25,720 ds/min), 2,715,501 states left on queue.
Progress(11) at 2026-03-08 12:31:02: 40,881,215 states generated (305,856 s/min), 3,979,179 distinct states found (25,308 ds/min), 2,731,552 states left on queue.
Progress(11) at 2026-03-08 12:32:02: 41,174,427 states generated (293,212 s/min), 4,004,053 distinct states found (24,874 ds/min), 2,747,641 states left on queue.
Progress(11) at 2026-03-08 12:33:02: 41,453,305 states generated (278,878 s/min), 4,030,298 distinct states found (26,245 ds/min), 2,765,891 states left on queue.
Progress(11) at 2026-03-08 12:34:02: 41,735,642 states generated (282,337 s/min), 4,051,944 distinct states found (21,646 ds/min), 2,779,516 states left on queue.
Progress(11) at 2026-03-08 12:35:02: 42,024,452 states generated (288,810 s/min), 4,070,882 distinct states found (18,938 ds/min), 2,790,198 states left on queue.
Progress(11) at 2026-03-08 12:36:02: 42,310,039 states generated (285,587 s/min), 4,092,793 distinct states found (21,911 ds/min), 2,803,986 states left on queue.
Progress(11) at 2026-03-08 12:37:02: 42,600,125 states generated (290,086 s/min), 4,114,040 distinct states found (21,247 ds/min), 2,816,863 states left on queue.
Progress(11) at 2026-03-08 12:38:02: 42,897,596 states generated (297,471 s/min), 4,136,672 distinct states found (22,632 ds/min), 2,830,921 states left on queue.
Progress(11) at 2026-03-08 12:39:02: 43,201,624 states generated (304,028 s/min), 4,162,079 distinct states found (25,407 ds/min), 2,847,531 states left on queue.
Progress(11) at 2026-03-08 12:40:02: 43,507,046 states generated (305,422 s/min), 4,181,279 distinct states found (19,200 ds/min), 2,857,929 states left on queue.
Progress(11) at 2026-03-08 12:41:02: 43,811,099 states generated (304,053 s/min), 4,206,883 distinct states found (25,604 ds/min), 2,874,726 states left on queue.
Progress(11) at 2026-03-08 12:42:02: 44,126,466 states generated (315,367 s/min), 4,232,786 distinct states found (25,903 ds/min), 2,891,534 states left on queue.
Progress(11) at 2026-03-08 12:43:02: 44,442,805 states generated (316,339 s/min), 4,259,846 distinct states found (27,060 ds/min), 2,909,417 states left on queue.
Progress(11) at 2026-03-08 12:44:02: 44,757,329 states generated (314,524 s/min), 4,283,056 distinct states found (23,210 ds/min), 2,923,619 states left on queue.
Progress(11) at 2026-03-08 12:45:02: 45,076,192 states generated (318,863 s/min), 4,306,204 distinct states found (23,148 ds/min), 2,937,600 states left on queue.
Checkpointing of run states/26-03-08-10-15-53
Checkpointing completed at (2026-03-08 12:46:03)
Progress(11) at 2026-03-08 12:46:03: 45,389,889 states generated (313,697 s/min), 4,327,282 distinct states found (21,078 ds/min), 2,949,685 states left on queue.
Progress(11) at 2026-03-08 12:47:03: 45,700,759 states generated (310,870 s/min), 4,351,452 distinct states found (24,170 ds/min), 2,964,800 states left on queue.
Progress(11) at 2026-03-08 12:48:03: 46,000,313 states generated (299,554 s/min), 4,374,058 distinct states found (22,606 ds/min), 2,978,682 states left on queue.
Progress(11) at 2026-03-08 12:49:03: 46,287,132 states generated (286,819 s/min), 4,392,114 distinct states found (18,056 ds/min), 2,988,418 states left on queue.
Progress(11) at 2026-03-08 12:50:03: 46,573,120 states generated (285,988 s/min), 4,414,469 distinct states found (22,355 ds/min), 3,002,425 states left on queue.
Progress(11) at 2026-03-08 12:51:03: 46,865,708 states generated (292,588 s/min), 4,437,406 distinct states found (22,937 ds/min), 3,016,808 states left on queue.
Progress(11) at 2026-03-08 12:52:03: 47,149,318 states generated (283,610 s/min), 4,460,966 distinct states found (23,560 ds/min), 3,032,148 states left on queue.
Progress(11) at 2026-03-08 12:53:03: 47,435,196 states generated (285,878 s/min), 4,481,538 distinct states found (20,572 ds/min), 3,044,462 states left on queue.
Progress(11) at 2026-03-08 12:54:03: 47,717,229 states generated (282,033 s/min), 4,502,028 distinct states found (20,490 ds/min), 3,056,789 states left on queue.
Progress(11) at 2026-03-08 12:55:03: 48,006,593 states generated (289,364 s/min), 4,522,223 distinct states found (20,195 ds/min), 3,068,566 states left on queue.
Progress(11) at 2026-03-08 12:56:03: 48,298,371 states generated (291,778 s/min), 4,543,461 distinct states found (21,238 ds/min), 3,081,205 states left on queue.
Progress(11) at 2026-03-08 12:57:03: 48,595,785 states generated (297,414 s/min), 4,562,834 distinct states found (19,373 ds/min), 3,091,865 states left on queue.
Progress(11) at 2026-03-08 12:58:03: 48,894,499 states generated (298,714 s/min), 4,584,321 distinct states found (21,487 ds/min), 3,104,567 states left on queue.
Progress(11) at 2026-03-08 12:59:03: 49,189,630 states generated (295,131 s/min), 4,605,511 distinct states found (21,190 ds/min), 3,117,053 states left on queue.
Progress(11) at 2026-03-08 13:00:03: 49,478,577 states generated (288,947 s/min), 4,627,554 distinct states found (22,043 ds/min), 3,130,100 states left on queue.
Progress(11) at 2026-03-08 13:01:03: 49,770,803 states generated (292,226 s/min), 4,649,412 distinct states found (21,858 ds/min), 3,142,778 states left on queue.
Progress(11) at 2026-03-08 13:02:03: 50,060,451 states generated (289,648 s/min), 4,670,986 distinct states found (21,574 ds/min), 3,155,426 states left on queue.
Progress(11) at 2026-03-08 13:03:03: 50,347,881 states generated (287,430 s/min), 4,691,554 distinct states found (20,568 ds/min), 3,166,984 states left on queue.
Progress(11) at 2026-03-08 13:04:03: 50,633,274 states generated (285,393 s/min), 4,711,741 distinct states found (20,187 ds/min), 3,178,390 states left on queue.
Progress(11) at 2026-03-08 13:05:03: 50,919,793 states generated (286,519 s/min), 4,733,175 distinct states found (21,434 ds/min), 3,190,928 states left on queue.
Progress(11) at 2026-03-08 13:06:03: 51,209,686 states generated (289,893 s/min), 4,753,209 distinct states found (20,034 ds/min), 3,201,890 states left on queue.
Progress(11) at 2026-03-08 13:07:03: 51,494,905 states generated (285,219 s/min), 4,773,214 distinct states found (20,005 ds/min), 3,213,183 states left on queue.
Progress(11) at 2026-03-08 13:08:03: 51,783,914 states generated (289,009 s/min), 4,792,792 distinct states found (19,578 ds/min), 3,223,801 states left on queue.
Progress(11) at 2026-03-08 13:09:03: 52,075,924 states generated (292,010 s/min), 4,812,434 distinct states found (19,642 ds/min), 3,234,451 states left on queue.
Progress(11) at 2026-03-08 13:10:03: 52,376,738 states generated (300,814 s/min), 4,832,410 distinct states found (19,976 ds/min), 3,245,163 states left on queue.
Progress(11) at 2026-03-08 13:11:03: 52,659,900 states generated (283,162 s/min), 4,851,155 distinct states found (18,745 ds/min), 3,255,173 states left on queue.
Progress(11) at 2026-03-08 13:12:03: 52,947,329 states generated (287,429 s/min), 4,869,602 distinct states found (18,447 ds/min), 3,264,742 states left on queue.
Progress(11) at 2026-03-08 13:13:03: 53,230,214 states generated (282,885 s/min), 4,887,026 distinct states found (17,424 ds/min), 3,273,428 states left on queue.
Progress(11) at 2026-03-08 13:14:03: 53,528,915 states generated (298,701 s/min), 4,904,311 distinct states found (17,285 ds/min), 3,281,474 states left on queue.
Progress(11) at 2026-03-08 13:15:03: 53,832,780 states generated (303,865 s/min), 4,918,968 distinct states found (14,657 ds/min), 3,286,633 states left on queue.
Checkpointing of run states/26-03-08-10-15-53
Checkpointing completed at (2026-03-08 13:16:03)
Progress(12) at 2026-03-08 13:16:03: 54,120,505 states generated (287,725 s/min), 4,956,199 distinct states found (37,231 ds/min), 3,314,260 states left on queue.
Progress(12) at 2026-03-08 13:17:03: 54,396,871 states generated (276,366 s/min), 4,995,894 distinct states found (39,695 ds/min), 3,344,171 states left on queue.
Progress(12) at 2026-03-08 13:18:03: 54,678,175 states generated (281,304 s/min), 5,028,077 distinct states found (32,183 ds/min), 3,366,618 states left on queue.
Progress(12) at 2026-03-08 13:19:03: 54,967,906 states generated (289,731 s/min), 5,057,268 distinct states found (29,191 ds/min), 3,386,275 states left on queue.
Progress(12) at 2026-03-08 13:20:03: 55,261,493 states generated (293,587 s/min), 5,093,938 distinct states found (36,670 ds/min), 3,413,642 states left on queue.
Progress(12) at 2026-03-08 13:21:03: 55,554,530 states generated (293,037 s/min), 5,116,347 distinct states found (22,409 ds/min), 3,426,870 states left on queue.
Progress(12) at 2026-03-08 13:22:03: 55,836,042 states generated (281,512 s/min), 5,147,135 distinct states found (30,788 ds/min), 3,448,753 states left on queue.
Progress(12) at 2026-03-08 13:23:03: 56,128,772 states generated (292,730 s/min), 5,171,393 distinct states found (24,258 ds/min), 3,463,807 states left on queue.
Progress(12) at 2026-03-08 13:24:03: 56,416,117 states generated (287,345 s/min), 5,202,305 distinct states found (30,912 ds/min), 3,485,567 states left on queue.
Progress(12) at 2026-03-08 13:25:03: 56,702,140 states generated (286,023 s/min), 5,225,731 distinct states found (23,426 ds/min), 3,499,896 states left on queue.
Progress(12) at 2026-03-08 13:26:03: 56,988,543 states generated (286,403 s/min), 5,251,870 distinct states found (26,139 ds/min), 3,516,617 states left on queue.
Progress(12) at 2026-03-08 13:27:03: 57,274,154 states generated (285,611 s/min), 5,278,292 distinct states found (26,422 ds/min), 3,533,469 states left on queue.
Progress(12) at 2026-03-08 13:28:03: 57,558,386 states generated (284,232 s/min), 5,305,117 distinct states found (26,825 ds/min), 3,550,659 states left on queue.
Progress(12) at 2026-03-08 13:29:03: 57,837,877 states generated (279,491 s/min), 5,329,547 distinct states found (24,430 ds/min), 3,565,593 states left on queue.
Progress(12) at 2026-03-08 13:30:03: 58,121,784 states generated (283,907 s/min), 5,350,897 distinct states found (21,350 ds/min), 3,577,218 states left on queue.
Progress(12) at 2026-03-08 13:31:03: 58,401,658 states generated (279,874 s/min), 5,382,650 distinct states found (31,753 ds/min), 3,599,723 states left on queue.
Progress(12) at 2026-03-08 13:32:03: 58,683,452 states generated (281,794 s/min), 5,413,835 distinct states found (31,185 ds/min), 3,621,764 states left on queue.
Progress(12) at 2026-03-08 13:33:03: 58,970,911 states generated (287,459 s/min), 5,443,030 distinct states found (29,195 ds/min), 3,641,986 states left on queue.
Progress(12) at 2026-03-08 13:34:03: 59,257,452 states generated (286,541 s/min), 5,464,959 distinct states found (21,929 ds/min), 3,654,943 states left on queue.
Progress(12) at 2026-03-08 13:35:03: 59,534,478 states generated (277,026 s/min), 5,499,474 distinct states found (34,515 ds/min), 3,680,678 states left on queue.
Progress(12) at 2026-03-08 13:36:03: 59,821,935 states generated (287,457 s/min), 5,521,938 distinct states found (22,464 ds/min), 3,694,081 states left on queue.
Progress(12) at 2026-03-08 13:37:03: 60,092,455 states generated (270,520 s/min), 5,551,788 distinct states found (29,850 ds/min), 3,715,291 states left on queue.
Progress(12) at 2026-03-08 13:38:03: 60,375,725 states generated (283,270 s/min), 5,572,309 distinct states found (20,521 ds/min), 3,726,800 states left on queue.
Progress(12) at 2026-03-08 13:39:03: 60,654,724 states generated (278,999 s/min), 5,599,865 distinct states found (27,556 ds/min), 3,744,980 states left on queue.
Progress(12) at 2026-03-08 13:40:03: 60,939,502 states generated (284,778 s/min), 5,627,048 distinct states found (27,183 ds/min), 3,762,582 states left on queue.
Progress(12) at 2026-03-08 13:41:03: 61,225,863 states generated (286,361 s/min), 5,653,578 distinct states found (26,530 ds/min), 3,779,452 states left on queue.
Progress(12) at 2026-03-08 13:42:03: 61,500,492 states generated (274,629 s/min), 5,676,139 distinct states found (22,561 ds/min), 3,792,675 states left on queue.
Progress(12) at 2026-03-08 13:43:03: 61,784,436 states generated (283,944 s/min), 5,700,449 distinct states found (24,310 ds/min), 3,807,406 states left on queue.
Progress(12) at 2026-03-08 13:44:03: 62,076,859 states generated (292,423 s/min), 5,724,449 distinct states found (24,000 ds/min), 3,822,103 states left on queue.
Progress(12) at 2026-03-08 13:45:03: 62,362,723 states generated (285,864 s/min), 5,750,225 distinct states found (25,776 ds/min), 3,838,627 states left on queue.
Checkpointing of run states/26-03-08-10-15-53
Checkpointing completed at (2026-03-08 13:46:04)
Progress(12) at 2026-03-08 13:46:04: 62,650,453 states generated (287,730 s/min), 5,776,768 distinct states found (26,543 ds/min), 3,856,055 states left on queue.
Progress(12) at 2026-03-08 13:47:04: 62,951,881 states generated (301,428 s/min), 5,805,225 distinct states found (28,457 ds/min), 3,874,726 states left on queue.
Progress(12) at 2026-03-08 13:48:04: 63,243,159 states generated (291,278 s/min), 5,828,174 distinct states found (22,949 ds/min), 3,888,438 states left on queue.
Progress(12) at 2026-03-08 13:49:04: 63,530,039 states generated (286,880 s/min), 5,857,006 distinct states found (28,832 ds/min), 3,908,113 states left on queue.
Progress(12) at 2026-03-08 13:50:04: 63,817,736 states generated (287,697 s/min), 5,881,858 distinct states found (24,852 ds/min), 3,923,650 states left on queue.
Progress(12) at 2026-03-08 13:51:04: 64,103,122 states generated (285,386 s/min), 5,905,370 distinct states found (23,512 ds/min), 3,938,030 states left on queue.
Progress(12) at 2026-03-08 13:52:04: 64,391,176 states generated (288,054 s/min), 5,931,368 distinct states found (25,998 ds/min), 3,954,780 states left on queue.
Progress(12) at 2026-03-08 13:53:04: 64,678,439 states generated (287,263 s/min), 5,955,916 distinct states found (24,548 ds/min), 3,970,183 states left on queue.
Progress(12) at 2026-03-08 13:54:04: 64,960,517 states generated (282,078 s/min), 5,983,680 distinct states found (27,764 ds/min), 3,988,851 states left on queue.
Progress(12) at 2026-03-08 13:55:04: 65,251,545 states generated (291,028 s/min), 6,006,052 distinct states found (22,372 ds/min), 4,001,906 states left on queue.
Progress(12) at 2026-03-08 13:56:04: 65,541,585 states generated (290,040 s/min), 6,034,562 distinct states found (28,510 ds/min), 4,021,143 states left on queue.
Progress(12) at 2026-03-08 13:57:04: 65,832,516 states generated (290,931 s/min), 6,061,207 distinct states found (26,645 ds/min), 4,038,838 states left on queue.
Progress(12) at 2026-03-08 13:58:04: 66,120,358 states generated (287,842 s/min), 6,083,720 distinct states found (22,513 ds/min), 4,052,672 states left on queue.
Progress(12) at 2026-03-08 13:59:04: 66,398,923 states generated (278,565 s/min), 6,105,130 distinct states found (21,410 ds/min), 4,065,678 states left on queue.
Progress(12) at 2026-03-08 14:00:04: 66,685,548 states generated (286,625 s/min), 6,124,824 distinct states found (19,694 ds/min), 4,076,692 states left on queue.
Progress(12) at 2026-03-08 14:01:04: 66,978,876 states generated (293,328 s/min), 6,147,640 distinct states found (22,816 ds/min), 4,090,521 states left on queue.
Progress(12) at 2026-03-08 14:02:04: 67,272,397 states generated (293,521 s/min), 6,170,941 distinct states found (23,301 ds/min), 4,104,816 states left on queue.
Progress(12) at 2026-03-08 14:03:04: 67,561,229 states generated (288,832 s/min), 6,193,783 distinct states found (22,842 ds/min), 4,118,906 states left on queue.
Progress(12) at 2026-03-08 14:04:04: 67,851,604 states generated (290,375 s/min), 6,216,833 distinct states found (23,050 ds/min), 4,133,064 states left on queue.
Progress(12) at 2026-03-08 14:05:04: 68,141,215 states generated (289,611 s/min), 6,243,175 distinct states found (26,342 ds/min), 4,150,458 states left on queue.
Progress(12) at 2026-03-08 14:06:04: 68,426,305 states generated (285,090 s/min), 6,264,769 distinct states found (21,594 ds/min), 4,163,416 states left on queue.
Progress(12) at 2026-03-08 14:07:04: 68,706,845 states generated (280,540 s/min), 6,286,164 distinct states found (21,395 ds/min), 4,176,270 states left on queue.
Progress(12) at 2026-03-08 14:08:04: 68,990,697 states generated (283,852 s/min), 6,306,493 distinct states found (20,329 ds/min), 4,187,935 states left on queue.
Progress(12) at 2026-03-08 14:09:04: 69,279,523 states generated (288,826 s/min), 6,329,071 distinct states found (22,578 ds/min), 4,201,596 states left on queue.
Progress(12) at 2026-03-08 14:10:04: 69,575,023 states generated (295,500 s/min), 6,352,070 distinct states found (22,999 ds/min), 4,215,458 states left on queue.
Progress(12) at 2026-03-08 14:11:04: 69,868,617 states generated (293,594 s/min), 6,375,966 distinct states found (23,896 ds/min), 4,230,341 states left on queue.
Progress(12) at 2026-03-08 14:12:04: 70,161,799 states generated (293,182 s/min), 6,399,669 distinct states found (23,703 ds/min), 4,244,968 states left on queue.
Progress(12) at 2026-03-08 14:13:04: 70,445,506 states generated (283,707 s/min), 6,423,714 distinct states found (24,045 ds/min), 4,260,260 states left on queue.
Progress(12) at 2026-03-08 14:14:04: 70,728,732 states generated (283,226 s/min), 6,444,641 distinct states found (20,927 ds/min), 4,272,518 states left on queue.
Progress(12) at 2026-03-08 14:15:04: 71,013,011 states generated (284,279 s/min), 6,466,268 distinct states found (21,627 ds/min), 4,285,399 states left on queue.
Checkpointing of run states/26-03-08-10-15-53
Checkpointing completed at (2026-03-08 14:16:05)
Progress(12) at 2026-03-08 14:16:05: 71,309,328 states generated (296,317 s/min), 6,488,794 distinct states found (22,526 ds/min), 4,298,720 states left on queue.
Progress(12) at 2026-03-08 14:17:05: 71,607,266 states generated (297,938 s/min), 6,510,263 distinct states found (21,469 ds/min), 4,310,910 states left on queue.
Progress(12) at 2026-03-08 14:18:05: 71,900,347 states generated (293,081 s/min), 6,532,449 distinct states found (22,186 ds/min), 4,323,975 states left on queue.
Progress(12) at 2026-03-08 14:19:05: 72,195,948 states generated (295,601 s/min), 6,554,013 distinct states found (21,564 ds/min), 4,336,304 states left on queue.
Progress(12) at 2026-03-08 14:20:05: 72,485,830 states generated (289,882 s/min), 6,577,882 distinct states found (23,869 ds/min), 4,350,721 states left on queue.
Progress(12) at 2026-03-08 14:21:05: 72,777,395 states generated (291,565 s/min), 6,599,936 distinct states found (22,054 ds/min), 4,363,242 states left on queue.
Progress(12) at 2026-03-08 14:22:05: 73,069,771 states generated (292,376 s/min), 6,621,896 distinct states found (21,960 ds/min), 4,375,502 states left on queue.
Progress(12) at 2026-03-08 14:23:05: 73,367,454 states generated (297,683 s/min), 6,643,823 distinct states found (21,927 ds/min), 4,387,704 states left on queue.
Progress(12) at 2026-03-08 14:24:05: 73,654,575 states generated (287,121 s/min), 6,666,774 distinct states found (22,951 ds/min), 4,401,139 states left on queue.
Progress(12) at 2026-03-08 14:25:05: 73,946,236 states generated (291,661 s/min), 6,688,455 distinct states found (21,681 ds/min), 4,413,197 states left on queue.
Progress(12) at 2026-03-08 14:26:05: 74,241,181 states generated (294,945 s/min), 6,710,151 distinct states found (21,696 ds/min), 4,425,133 states left on queue.
Progress(12) at 2026-03-08 14:27:05: 74,532,165 states generated (290,984 s/min), 6,730,941 distinct states found (20,790 ds/min), 4,436,467 states left on queue.
Progress(12) at 2026-03-08 14:28:05: 74,822,185 states generated (290,020 s/min), 6,751,225 distinct states found (20,284 ds/min), 4,447,272 states left on queue.
Progress(12) at 2026-03-08 14:29:05: 75,112,117 states generated (289,932 s/min), 6,770,915 distinct states found (19,690 ds/min), 4,457,439 states left on queue.
Progress(12) at 2026-03-08 14:30:05: 75,401,640 states generated (289,523 s/min), 6,790,108 distinct states found (19,193 ds/min), 4,467,138 states left on queue.
Progress(12) at 2026-03-08 14:31:05: 75,688,556 states generated (286,916 s/min), 6,808,516 distinct states found (18,408 ds/min), 4,476,146 states left on queue.
Progress(12) at 2026-03-08 14:32:05: 75,977,861 states generated (289,305 s/min), 6,824,817 distinct states found (16,301 ds/min), 4,482,906 states left on queue.
Progress(12) at 2026-03-08 14:33:05: 76,258,958 states generated (281,097 s/min), 6,849,286 distinct states found (24,469 ds/min), 4,497,964 states left on queue.
Progress(12) at 2026-03-08 14:34:05: 76,536,139 states generated (277,181 s/min), 6,878,316 distinct states found (29,030 ds/min), 4,517,912 states left on queue.
Progress(12) at 2026-03-08 14:35:05: 76,806,883 states generated (270,744 s/min), 6,913,710 distinct states found (35,394 ds/min), 4,544,661 states left on queue.
Progress(12) at 2026-03-08 14:36:05: 77,091,511 states generated (284,628 s/min), 6,937,368 distinct states found (23,658 ds/min), 4,559,408 states left on queue.
Progress(12) at 2026-03-08 14:37:05: 77,374,087 states generated (282,576 s/min), 6,959,651 distinct states found (22,283 ds/min), 4,572,792 states left on queue.
Progress(12) at 2026-03-08 14:38:05: 77,646,250 states generated (272,163 s/min), 6,989,850 distinct states found (30,199 ds/min), 4,594,422 states left on queue.
Progress(12) at 2026-03-08 14:39:05: 77,923,938 states generated (277,688 s/min), 7,010,731 distinct states found (20,881 ds/min), 4,606,544 states left on queue.
Progress(12) at 2026-03-08 14:40:05: 78,198,273 states generated (274,335 s/min), 7,040,740 distinct states found (30,009 ds/min), 4,627,774 states left on queue.
Progress(12) at 2026-03-08 14:41:05: 78,489,672 states generated (291,399 s/min), 7,065,200 distinct states found (24,460 ds/min), 4,642,790 states left on queue.
Progress(12) at 2026-03-08 14:42:05: 78,783,381 states generated (293,709 s/min), 7,093,512 distinct states found (28,312 ds/min), 4,661,188 states left on queue.
Progress(12) at 2026-03-08 14:43:05: 79,067,959 states generated (284,578 s/min), 7,120,368 distinct states found (26,856 ds/min), 4,678,523 states left on queue.
Progress(12) at 2026-03-08 14:44:05: 79,346,617 states generated (278,658 s/min), 7,145,370 distinct states found (25,002 ds/min), 4,694,068 states left on queue.
Progress(12) at 2026-03-08 14:45:05: 79,625,599 states generated (278,982 s/min), 7,166,661 distinct states found (21,291 ds/min), 4,705,860 states left on queue.
Checkpointing of run states/26-03-08-10-15-53
Checkpointing completed at (2026-03-08 14:46:05)
Progress(12) at 2026-03-08 14:46:05: 79,912,609 states generated (287,010 s/min), 7,191,690 distinct states found (25,029 ds/min), 4,721,385 states left on queue.
Progress(12) at 2026-03-08 14:47:05: 80,197,209 states generated (284,600 s/min), 7,216,935 distinct states found (25,245 ds/min), 4,737,571 states left on queue.
Progress(12) at 2026-03-08 14:48:05: 80,483,006 states generated (285,797 s/min), 7,245,068 distinct states found (28,133 ds/min), 4,756,586 states left on queue.
Progress(12) at 2026-03-08 14:49:05: 80,769,496 states generated (286,490 s/min), 7,269,569 distinct states found (24,501 ds/min), 4,771,892 states left on queue.
Progress(12) at 2026-03-08 14:50:05: 81,060,941 states generated (291,445 s/min), 7,294,809 distinct states found (25,240 ds/min), 4,787,811 states left on queue.
Progress(12) at 2026-03-08 14:51:05: 81,354,190 states generated (293,249 s/min), 7,319,903 distinct states found (25,094 ds/min), 4,803,412 states left on queue.
Progress(12) at 2026-03-08 14:52:05: 81,659,111 states generated (304,921 s/min), 7,348,207 distinct states found (28,304 ds/min), 4,822,054 states left on queue.
Progress(12) at 2026-03-08 14:53:05: 81,943,709 states generated (284,598 s/min), 7,374,402 distinct states found (26,195 ds/min), 4,838,997 states left on queue.
Progress(12) at 2026-03-08 14:54:05: 82,229,191 states generated (285,482 s/min), 7,397,944 distinct states found (23,542 ds/min), 4,853,488 states left on queue.
Progress(12) at 2026-03-08 14:55:05: 82,514,081 states generated (284,890 s/min), 7,426,123 distinct states found (28,179 ds/min), 4,872,590 states left on queue.
Progress(12) at 2026-03-08 14:56:05: 82,804,490 states generated (290,409 s/min), 7,451,341 distinct states found (25,218 ds/min), 4,888,408 states left on queue.
Progress(12) at 2026-03-08 14:57:05: 83,100,980 states generated (296,490 s/min), 7,475,069 distinct states found (23,728 ds/min), 4,902,617 states left on queue.
Progress(12) at 2026-03-08 14:58:05: 83,392,128 states generated (291,148 s/min), 7,502,554 distinct states found (27,485 ds/min), 4,920,794 states left on queue.
Progress(12) at 2026-03-08 14:59:05: 83,692,489 states generated (300,361 s/min), 7,529,886 distinct states found (27,332 ds/min), 4,938,605 states left on queue.
Progress(12) at 2026-03-08 15:00:05: 83,985,299 states generated (292,810 s/min), 7,553,864 distinct states found (23,978 ds/min), 4,953,757 states left on queue.
Progress(12) at 2026-03-08 15:01:05: 84,284,397 states generated (299,098 s/min), 7,576,954 distinct states found (23,090 ds/min), 4,967,829 states left on queue.
Progress(12) at 2026-03-08 15:02:05: 84,574,039 states generated (289,642 s/min), 7,599,969 distinct states found (23,015 ds/min), 4,982,093 states left on queue.
Progress(12) at 2026-03-08 15:03:05: 84,852,219 states generated (278,180 s/min), 7,622,135 distinct states found (22,166 ds/min), 4,995,744 states left on queue.
Progress(12) at 2026-03-08 15:04:05: 85,140,113 states generated (287,894 s/min), 7,643,843 distinct states found (21,708 ds/min), 5,008,639 states left on queue.
Progress(12) at 2026-03-08 15:05:05: 85,427,469 states generated (287,356 s/min), 7,667,577 distinct states found (23,734 ds/min), 5,023,557 states left on queue.
Progress(12) at 2026-03-08 15:06:05: 85,713,980 states generated (286,511 s/min), 7,690,621 distinct states found (23,044 ds/min), 5,037,911 states left on queue.
Progress(12) at 2026-03-08 15:07:05: 86,002,900 states generated (288,920 s/min), 7,714,266 distinct states found (23,645 ds/min), 5,052,623 states left on queue.
Progress(12) at 2026-03-08 15:08:05: 86,291,789 states generated (288,889 s/min), 7,737,739 distinct states found (23,473 ds/min), 5,067,205 states left on queue.
Progress(12) at 2026-03-08 15:09:05: 86,575,915 states generated (284,126 s/min), 7,762,257 distinct states found (24,518 ds/min), 5,083,098 states left on queue.
Progress(12) at 2026-03-08 15:10:05: 86,856,985 states generated (281,070 s/min), 7,784,723 distinct states found (22,466 ds/min), 5,097,029 states left on queue.
Progress(12) at 2026-03-08 15:11:05: 87,139,567 states generated (282,582 s/min), 7,804,555 distinct states found (19,832 ds/min), 5,108,266 states left on queue.
Progress(12) at 2026-03-08 15:12:05: 87,427,050 states generated (287,483 s/min), 7,825,669 distinct states found (21,114 ds/min), 5,120,513 states left on queue.
Progress(12) at 2026-03-08 15:13:05: 87,720,343 states generated (293,293 s/min), 7,847,012 distinct states found (21,343 ds/min), 5,132,826 states left on queue.
Progress(12) at 2026-03-08 15:14:05: 88,012,242 states generated (291,899 s/min), 7,869,010 distinct states found (21,998 ds/min), 5,145,803 states left on queue.
Progress(12) at 2026-03-08 15:15:05: 88,307,425 states generated (295,183 s/min), 7,890,623 distinct states found (21,613 ds/min), 5,158,281 states left on queue.
Checkpointing of run states/26-03-08-10-15-53
Checkpointing completed at (2026-03-08 15:16:05)
Progress(12) at 2026-03-08 15:16:05: 88,591,695 states generated (284,270 s/min), 7,915,911 distinct states found (25,288 ds/min), 5,174,856 states left on queue.
Progress(12) at 2026-03-08 15:17:05: 88,884,056 states generated (292,361 s/min), 7,938,753 distinct states found (22,842 ds/min), 5,188,731 states left on queue.
Progress(12) at 2026-03-08 15:18:05: 89,175,793 states generated (291,737 s/min), 7,959,683 distinct states found (20,930 ds/min), 5,200,680 states left on queue.
Progress(12) at 2026-03-08 15:19:05: 89,479,310 states generated (303,517 s/min), 7,983,726 distinct states found (24,043 ds/min), 5,215,226 states left on queue.
Progress(12) at 2026-03-08 15:20:05: 89,783,278 states generated (303,968 s/min), 8,005,666 distinct states found (21,940 ds/min), 5,227,731 states left on queue.
Progress(12) at 2026-03-08 15:21:05: 90,091,820 states generated (308,542 s/min), 8,029,589 distinct states found (23,923 ds/min), 5,242,009 states left on queue.
Progress(12) at 2026-03-08 15:22:05: 90,387,359 states generated (295,539 s/min), 8,051,902 distinct states found (22,313 ds/min), 5,254,640 states left on queue.
Progress(12) at 2026-03-08 15:23:05: 90,694,286 states generated (306,927 s/min), 8,075,963 distinct states found (24,061 ds/min), 5,268,519 states left on queue.
Progress(12) at 2026-03-08 15:24:05: 91,000,296 states generated (306,010 s/min), 8,098,767 distinct states found (22,804 ds/min), 5,281,350 states left on queue.
Progress(12) at 2026-03-08 15:25:05: 91,320,133 states generated (319,837 s/min), 8,123,476 distinct states found (24,709 ds/min), 5,295,644 states left on queue.
Progress(12) at 2026-03-08 15:26:05: 91,642,422 states generated (322,289 s/min), 8,147,577 distinct states found (24,101 ds/min), 5,309,263 states left on queue.
Progress(12) at 2026-03-08 15:27:05: 91,957,017 states generated (314,595 s/min), 8,170,953 distinct states found (23,376 ds/min), 5,322,256 states left on queue.
Progress(12) at 2026-03-08 15:28:05: 92,270,307 states generated (313,290 s/min), 8,193,960 distinct states found (23,007 ds/min), 5,334,930 states left on queue.
Progress(12) at 2026-03-08 15:29:05: 92,579,507 states generated (309,200 s/min), 8,216,024 distinct states found (22,064 ds/min), 5,346,879 states left on queue.
Progress(12) at 2026-03-08 15:30:05: 92,884,744 states generated (305,237 s/min), 8,236,880 distinct states found (20,856 ds/min), 5,357,738 states left on queue.
Progress(12) at 2026-03-08 15:31:05: 93,181,808 states generated (297,064 s/min), 8,257,750 distinct states found (20,870 ds/min), 5,368,893 states left on queue.
Progress(12) at 2026-03-08 15:32:05: 93,481,340 states generated (299,532 s/min), 8,276,963 distinct states found (19,213 ds/min), 5,378,296 states left on queue.
Progress(12) at 2026-03-08 15:33:05: 93,782,343 states generated (301,003 s/min), 8,295,745 distinct states found (18,782 ds/min), 5,387,195 states left on queue.
Progress(12) at 2026-03-08 15:34:05: 94,066,015 states generated (283,672 s/min), 8,311,164 distinct states found (15,419 ds/min), 5,393,254 states left on queue.
Progress(12) at 2026-03-08 15:35:05: 94,363,030 states generated (297,015 s/min), 8,335,421 distinct states found (24,257 ds/min), 5,407,723 states left on queue.
Progress(12) at 2026-03-08 15:36:05: 94,629,284 states generated (266,254 s/min), 8,359,555 distinct states found (24,134 ds/min), 5,423,383 states left on queue.
Progress(12) at 2026-03-08 15:37:05: 94,921,836 states generated (292,552 s/min), 8,388,199 distinct states found (28,644 ds/min), 5,442,702 states left on queue.
Progress(12) at 2026-03-08 15:38:05: 95,205,806 states generated (283,970 s/min), 8,412,036 distinct states found (23,837 ds/min), 5,457,427 states left on queue.
Progress(12) at 2026-03-08 15:39:05: 95,472,325 states generated (266,519 s/min), 8,435,883 distinct states found (23,847 ds/min), 5,472,747 states left on queue.
Progress(12) at 2026-03-08 15:40:05: 95,764,613 states generated (292,288 s/min), 8,458,930 distinct states found (23,047 ds/min), 5,486,413 states left on queue.
Progress(12) at 2026-03-08 15:41:05: 96,038,397 states generated (273,784 s/min), 8,487,238 distinct states found (28,308 ds/min), 5,505,991 states left on queue.
Progress(12) at 2026-03-08 15:42:05: 96,297,812 states generated (259,415 s/min), 8,509,578 distinct states found (22,340 ds/min), 5,519,920 states left on queue.
Progress(12) at 2026-03-08 15:43:05: 96,573,605 states generated (275,793 s/min), 8,532,545 distinct states found (22,967 ds/min), 5,534,057 states left on queue.
Progress(12) at 2026-03-08 15:44:05: 96,853,114 states generated (279,509 s/min), 8,560,070 distinct states found (27,525 ds/min), 5,552,580 states left on queue.
Progress(12) at 2026-03-08 15:45:05: 97,098,106 states generated (244,992 s/min), 8,579,837 distinct states found (19,767 ds/min), 5,564,607 states left on queue.
Checkpointing of run states/26-03-08-10-15-53
Checkpointing completed at (2026-03-08 15:46:05)
Progress(12) at 2026-03-08 15:46:05: 97,367,000 states generated (268,894 s/min), 8,604,863 distinct states found (25,026 ds/min), 5,580,886 states left on queue.
Progress(12) at 2026-03-08 15:47:05: 97,646,164 states generated (279,164 s/min), 8,627,547 distinct states found (22,684 ds/min), 5,594,712 states left on queue.
Progress(12) at 2026-03-08 15:48:05: 97,932,442 states generated (286,278 s/min), 8,655,552 distinct states found (28,005 ds/min), 5,613,564 states left on queue.
Progress(12) at 2026-03-08 15:49:05: 98,222,583 states generated (290,141 s/min), 8,682,987 distinct states found (27,435 ds/min), 5,631,963 states left on queue.
Progress(12) at 2026-03-08 15:50:05: 98,507,996 states generated (285,413 s/min), 8,705,039 distinct states found (22,052 ds/min), 5,645,373 states left on queue.
Progress(12) at 2026-03-08 15:51:05: 98,803,077 states generated (295,081 s/min), 8,727,132 distinct states found (22,093 ds/min), 5,658,558 states left on queue.
Progress(12) at 2026-03-08 15:52:05: 99,095,096 states generated (292,019 s/min), 8,748,395 distinct states found (21,263 ds/min), 5,670,973 states left on queue.
Progress(12) at 2026-03-08 15:53:05: 99,380,042 states generated (284,946 s/min), 8,772,552 distinct states found (24,157 ds/min), 5,686,522 states left on queue.
Progress(12) at 2026-03-08 15:54:05: 99,638,731 states generated (258,689 s/min), 8,792,830 distinct states found (20,278 ds/min), 5,698,789 states left on queue.
Progress(12) at 2026-03-08 15:55:05: 99,913,424 states generated (274,693 s/min), 8,813,753 distinct states found (20,923 ds/min), 5,711,275 states left on queue.
Progress(12) at 2026-03-08 15:56:05: 100,184,377 states generated (270,953 s/min), 8,836,996 distinct states found (23,243 ds/min), 5,726,330 states left on queue.
Progress(12) at 2026-03-08 15:57:05: 100,467,141 states generated (282,764 s/min), 8,860,446 distinct states found (23,450 ds/min), 5,741,032 states left on queue.
Progress(12) at 2026-03-08 15:58:05: 100,742,605 states generated (275,464 s/min), 8,882,544 distinct states found (22,098 ds/min), 5,754,633 states left on queue.
Progress(12) at 2026-03-08 15:59:05: 101,024,257 states generated (281,652 s/min), 8,906,166 distinct states found (23,622 ds/min), 5,769,710 states left on queue.
Progress(12) at 2026-03-08 16:00:05: 101,268,931 states generated (244,674 s/min), 8,924,939 distinct states found (18,773 ds/min), 5,781,061 states left on queue.
Progress(12) at 2026-03-08 16:01:05: 101,545,441 states generated (276,510 s/min), 8,946,245 distinct states found (21,306 ds/min), 5,793,935 states left on queue.
Progress(12) at 2026-03-08 16:02:05: 101,822,935 states generated (277,494 s/min), 8,968,457 distinct states found (22,212 ds/min), 5,807,659 states left on queue.
Progress(12) at 2026-03-08 16:03:05: 102,088,881 states generated (265,946 s/min), 8,989,170 distinct states found (20,713 ds/min), 5,820,165 states left on queue.
Progress(12) at 2026-03-08 16:04:05: 102,367,633 states generated (278,752 s/min), 9,008,590 distinct states found (19,420 ds/min), 5,830,975 states left on queue.
Progress(12) at 2026-03-08 16:05:05: 102,671,214 states generated (303,581 s/min), 9,032,050 distinct states found (23,460 ds/min), 5,845,050 states left on queue.
Progress(12) at 2026-03-08 16:06:05: 102,923,927 states generated (252,713 s/min), 9,053,407 distinct states found (21,357 ds/min), 5,858,580 states left on queue.
Progress(12) at 2026-03-08 16:07:05: 103,170,480 states generated (246,553 s/min), 9,074,480 distinct states found (21,073 ds/min), 5,872,074 states left on queue.
Progress(12) at 2026-03-08 16:08:05: 103,436,288 states generated (265,808 s/min), 9,094,430 distinct states found (19,950 ds/min), 5,883,875 states left on queue.
Progress(12) at 2026-03-08 16:09:05: 103,713,804 states generated (277,516 s/min), 9,114,482 distinct states found (20,052 ds/min), 5,895,394 states left on queue.
Progress(12) at 2026-03-08 16:10:05: 103,993,864 states generated (280,060 s/min), 9,134,929 distinct states found (20,447 ds/min), 5,907,072 states left on queue.
Progress(12) at 2026-03-08 16:11:05: 104,275,881 states generated (282,017 s/min), 9,154,245 distinct states found (19,316 ds/min), 5,917,618 states left on queue.
Progress(12) at 2026-03-08 16:12:05: 104,557,493 states generated (281,612 s/min), 9,174,463 distinct states found (20,218 ds/min), 5,929,025 states left on queue.
Progress(12) at 2026-03-08 16:13:05: 104,844,279 states generated (286,786 s/min), 9,196,299 distinct states found (21,836 ds/min), 5,941,446 states left on queue.
Progress(12) at 2026-03-08 16:14:05: 105,129,339 states generated (285,060 s/min), 9,218,713 distinct states found (22,414 ds/min), 5,954,399 states left on queue.
Progress(12) at 2026-03-08 16:15:05: 105,426,764 states generated (297,425 s/min), 9,241,113 distinct states found (22,400 ds/min), 5,967,092 states left on queue.
Checkpointing of run states/26-03-08-10-15-53
Checkpointing completed at (2026-03-08 16:16:05)
Progress(12) at 2026-03-08 16:16:05: 105,712,469 states generated (285,705 s/min), 9,264,024 distinct states found (22,911 ds/min), 5,980,543 states left on queue.
Progress(12) at 2026-03-08 16:17:05: 106,017,913 states generated (305,444 s/min), 9,286,888 distinct states found (22,864 ds/min), 5,993,304 states left on queue.
Progress(12) at 2026-03-08 16:18:05: 106,294,056 states generated (276,143 s/min), 9,307,227 distinct states found (20,339 ds/min), 6,004,637 states left on queue.
Progress(12) at 2026-03-08 16:19:05: 106,589,456 states generated (295,400 s/min), 9,328,621 distinct states found (21,394 ds/min), 6,016,441 states left on queue.
Progress(12) at 2026-03-08 16:20:05: 106,848,406 states generated (258,950 s/min), 9,345,946 distinct states found (17,325 ds/min), 6,025,359 states left on queue.
Progress(12) at 2026-03-08 16:21:05: 107,112,724 states generated (264,318 s/min), 9,365,490 distinct states found (19,544 ds/min), 6,036,243 states left on queue.
Progress(12) at 2026-03-08 16:22:05: 107,392,464 states generated (279,740 s/min), 9,385,031 distinct states found (19,541 ds/min), 6,046,654 states left on queue.
Progress(12) at 2026-03-08 16:23:05: 107,644,281 states generated (251,817 s/min), 9,402,563 distinct states found (17,532 ds/min), 6,055,908 states left on queue.
Progress(12) at 2026-03-08 16:24:05: 107,895,898 states generated (251,617 s/min), 9,418,456 distinct states found (15,893 ds/min), 6,063,557 states left on queue.
Progress(12) at 2026-03-08 16:25:05: 108,170,902 states generated (275,004 s/min), 9,435,873 distinct states found (17,417 ds/min), 6,071,964 states left on queue.
Progress(12) at 2026-03-08 16:26:05: 108,444,772 states generated (273,870 s/min), 9,451,327 distinct states found (15,454 ds/min), 6,078,401 states left on queue.
Progress(12) at 2026-03-08 16:27:05: 108,691,439 states generated (246,667 s/min), 9,467,864 distinct states found (16,537 ds/min), 6,086,950 states left on queue.
Progress(12) at 2026-03-08 16:28:05: 108,961,675 states generated (270,236 s/min), 9,489,376 distinct states found (21,512 ds/min), 6,099,836 states left on queue.
Progress(12) at 2026-03-08 16:29:05: 109,235,764 states generated (274,089 s/min), 9,518,256 distinct states found (28,880 ds/min), 6,119,949 states left on queue.
Progress(12) at 2026-03-08 16:30:05: 109,530,198 states generated (294,434 s/min), 9,540,820 distinct states found (22,564 ds/min), 6,133,244 states left on queue.
Progress(12) at 2026-03-08 16:31:05: 109,819,918 states generated (289,720 s/min), 9,568,139 distinct states found (27,319 ds/min), 6,151,738 states left on queue.
Progress(12) at 2026-03-08 16:32:05: 110,080,871 states generated (260,953 s/min), 9,588,945 distinct states found (20,806 ds/min), 6,164,325 states left on queue.
Progress(12) at 2026-03-08 16:33:05: 110,330,240 states generated (249,369 s/min), 9,622,691 distinct states found (33,746 ds/min), 6,190,233 states left on queue.
Progress(12) at 2026-03-08 16:34:05: 110,575,726 states generated (245,486 s/min), 9,646,021 distinct states found (23,330 ds/min), 6,206,036 states left on queue.
Progress(12) at 2026-03-08 16:35:05: 110,828,564 states generated (252,838 s/min), 9,673,165 distinct states found (27,144 ds/min), 6,225,100 states left on queue.
Progress(12) at 2026-03-08 16:36:05: 111,107,077 states generated (278,513 s/min), 9,712,966 distinct states found (39,801 ds/min), 6,256,635 states left on queue.
Progress(12) at 2026-03-08 16:37:05: 111,386,667 states generated (279,590 s/min), 9,752,915 distinct states found (39,949 ds/min), 6,288,362 states left on queue.
Progress(12) at 2026-03-08 16:38:05: 111,666,334 states generated (279,667 s/min), 9,788,223 distinct states found (35,308 ds/min), 6,315,726 states left on queue.
Progress(12) at 2026-03-08 16:39:05: 111,956,772 states generated (290,438 s/min), 9,825,618 distinct states found (37,395 ds/min), 6,344,667 states left on queue.
Progress(12) at 2026-03-08 16:40:05: 112,255,995 states generated (299,223 s/min), 9,853,093 distinct states found (27,475 ds/min), 6,363,112 states left on queue.
Progress(12) at 2026-03-08 16:41:05: 112,550,880 states generated (294,885 s/min), 9,878,642 distinct states found (25,549 ds/min), 6,379,318 states left on queue.
Progress(12) at 2026-03-08 16:42:05: 112,860,274 states generated (309,394 s/min), 9,908,733 distinct states found (30,091 ds/min), 6,399,597 states left on queue.
Progress(12) at 2026-03-08 16:43:05: 113,182,838 states generated (322,564 s/min), 9,934,132 distinct states found (25,399 ds/min), 6,414,742 states left on queue.
Progress(12) at 2026-03-08 16:44:05: 113,499,137 states generated (316,299 s/min), 9,963,818 distinct states found (29,686 ds/min), 6,434,809 states left on queue.
Progress(12) at 2026-03-08 16:45:05: 113,815,487 states generated (316,350 s/min), 9,993,798 distinct states found (29,980 ds/min), 6,454,711 states left on queue.
Checkpointing of run states/26-03-08-10-15-53
Checkpointing completed at (2026-03-08 16:46:05)
Progress(12) at 2026-03-08 16:46:05: 114,133,693 states generated (318,206 s/min), 10,030,750 distinct states found (36,952 ds/min), 6,481,929 states left on queue.
Progress(12) at 2026-03-08 16:47:05: 114,427,505 states generated (293,812 s/min), 10,058,183 distinct states found (27,433 ds/min), 6,499,979 states left on queue.
Progress(12) at 2026-03-08 16:48:05: 114,709,964 states generated (282,459 s/min), 10,100,162 distinct states found (41,979 ds/min), 6,533,462 states left on queue.
Progress(12) at 2026-03-08 16:49:05: 114,998,142 states generated (288,178 s/min), 10,138,802 distinct states found (38,640 ds/min), 6,563,783 states left on queue.
Progress(12) at 2026-03-08 16:50:05: 115,281,936 states generated (283,794 s/min), 10,175,963 distinct states found (37,161 ds/min), 6,592,816 states left on queue.
Progress(12) at 2026-03-08 16:51:05: 115,565,399 states generated (283,463 s/min), 10,211,748 distinct states found (35,785 ds/min), 6,620,265 states left on queue.
Progress(12) at 2026-03-08 16:52:05: 115,858,416 states generated (293,017 s/min), 10,237,046 distinct states found (25,298 ds/min), 6,636,682 states left on queue.
Progress(12) at 2026-03-08 16:53:05: 116,150,047 states generated (291,631 s/min), 10,262,163 distinct states found (25,117 ds/min), 6,652,558 states left on queue.
Progress(12) at 2026-03-08 16:54:05: 116,444,117 states generated (294,070 s/min), 10,291,471 distinct states found (29,308 ds/min), 6,672,460 states left on queue.
Progress(12) at 2026-03-08 16:55:05: 116,743,299 states generated (299,182 s/min), 10,314,212 distinct states found (22,741 ds/min), 6,685,763 states left on queue.
Progress(12) at 2026-03-08 16:56:05: 117,068,917 states generated (325,618 s/min), 10,344,742 distinct states found (30,530 ds/min), 6,706,324 states left on queue.
Progress(12) at 2026-03-08 16:57:05: 117,382,298 states generated (313,381 s/min), 10,378,313 distinct states found (33,571 ds/min), 6,729,939 states left on queue.
Progress(12) at 2026-03-08 16:58:05: 117,705,602 states generated (323,304 s/min), 10,411,169 distinct states found (32,856 ds/min), 6,752,877 states left on queue.
Progress(12) at 2026-03-08 16:59:05: 118,007,005 states generated (301,403 s/min), 10,445,719 distinct states found (34,550 ds/min), 6,777,845 states left on queue.
Progress(12) at 2026-03-08 17:00:05: 118,301,003 states generated (293,998 s/min), 10,487,582 distinct states found (41,863 ds/min), 6,811,003 states left on queue.
Progress(12) at 2026-03-08 17:01:05: 118,592,727 states generated (291,724 s/min), 10,524,908 distinct states found (37,326 ds/min), 6,840,068 states left on queue.
Progress(12) at 2026-03-08 17:02:05: 118,882,759 states generated (290,032 s/min), 10,563,397 distinct states found (38,489 ds/min), 6,870,104 states left on queue.
Progress(12) at 2026-03-08 17:03:05: 119,181,551 states generated (298,792 s/min), 10,595,163 distinct states found (31,766 ds/min), 6,892,896 states left on queue.
Progress(12) at 2026-03-08 17:04:05: 119,485,051 states generated (303,500 s/min), 10,619,636 distinct states found (24,473 ds/min), 6,907,878 states left on queue.
Progress(12) at 2026-03-08 17:05:05: 119,786,509 states generated (301,458 s/min), 10,648,463 distinct states found (28,827 ds/min), 6,927,081 states left on queue.
Progress(12) at 2026-03-08 17:06:05: 120,076,985 states generated (290,476 s/min), 10,671,657 distinct states found (23,194 ds/min), 6,940,934 states left on queue.
Progress(12) at 2026-03-08 17:07:05: 120,364,953 states generated (287,968 s/min), 10,696,622 distinct states found (24,965 ds/min), 6,957,129 states left on queue.
Progress(12) at 2026-03-08 17:08:05: 120,651,923 states generated (286,970 s/min), 10,718,528 distinct states found (21,906 ds/min), 6,970,183 states left on queue.
Progress(12) at 2026-03-08 17:09:05: 120,928,677 states generated (276,754 s/min), 10,755,961 distinct states found (37,433 ds/min), 6,998,805 states left on queue.
Progress(12) at 2026-03-08 17:10:05: 121,219,953 states generated (291,276 s/min), 10,778,702 distinct states found (22,741 ds/min), 7,012,631 states left on queue.
Progress(12) at 2026-03-08 17:11:05: 121,499,925 states generated (279,972 s/min), 10,816,803 distinct states found (38,101 ds/min), 7,041,930 states left on queue.
Progress(12) at 2026-03-08 17:12:05: 121,784,118 states generated (284,193 s/min), 10,856,529 distinct states found (39,726 ds/min), 7,073,263 states left on queue.
Progress(12) at 2026-03-08 17:13:05: 122,058,064 states generated (273,946 s/min), 10,891,394 distinct states found (34,865 ds/min), 7,100,368 states left on queue.
Progress(12) at 2026-03-08 17:14:05: 122,338,634 states generated (280,570 s/min), 10,927,418 distinct states found (36,024 ds/min), 7,128,238 states left on queue.
Progress(12) at 2026-03-08 17:15:05: 122,622,135 states generated (283,501 s/min), 10,955,130 distinct states found (27,712 ds/min), 7,147,392 states left on queue.
Checkpointing of run states/26-03-08-10-15-53
Checkpointing completed at (2026-03-08 17:16:06)
Progress(12) at 2026-03-08 17:16:06: 122,908,692 states generated (286,557 s/min), 10,979,310 distinct states found (24,180 ds/min), 7,162,518 states left on queue.
Progress(12) at 2026-03-08 17:17:06: 123,198,036 states generated (289,344 s/min), 11,005,886 distinct states found (26,576 ds/min), 7,179,937 states left on queue.
Progress(12) at 2026-03-08 17:18:06: 123,492,286 states generated (294,250 s/min), 11,029,081 distinct states found (23,195 ds/min), 7,193,705 states left on queue.
Progress(12) at 2026-03-08 17:19:06: 123,791,479 states generated (299,193 s/min), 11,055,851 distinct states found (26,770 ds/min), 7,211,401 states left on queue.
Progress(12) at 2026-03-08 17:20:06: 124,084,271 states generated (292,792 s/min), 11,081,395 distinct states found (25,544 ds/min), 7,227,572 states left on queue.
Progress(12) at 2026-03-08 17:21:06: 124,374,295 states generated (290,024 s/min), 11,116,334 distinct states found (34,939 ds/min), 7,253,668 states left on queue.
Progress(12) at 2026-03-08 17:22:06: 124,668,621 states generated (294,326 s/min), 11,142,421 distinct states found (26,087 ds/min), 7,270,343 states left on queue.
Progress(12) at 2026-03-08 17:23:06: 124,955,886 states generated (287,265 s/min), 11,183,986 distinct states found (41,565 ds/min), 7,303,255 states left on queue.
Progress(12) at 2026-03-08 17:24:06: 125,251,790 states generated (295,904 s/min), 11,223,643 distinct states found (39,657 ds/min), 7,334,498 states left on queue.
Progress(12) at 2026-03-08 17:25:06: 125,538,860 states generated (287,070 s/min), 11,260,033 distinct states found (36,390 ds/min), 7,362,602 states left on queue.
Progress(12) at 2026-03-08 17:26:06: 125,825,627 states generated (286,767 s/min), 11,291,337 distinct states found (31,304 ds/min), 7,385,269 states left on queue.
Progress(12) at 2026-03-08 17:27:06: 126,110,330 states generated (284,703 s/min), 11,313,497 distinct states found (22,160 ds/min), 7,398,625 states left on queue.
Progress(12) at 2026-03-08 17:28:06: 126,389,886 states generated (279,556 s/min), 11,338,477 distinct states found (24,980 ds/min), 7,414,639 states left on queue.
Progress(12) at 2026-03-08 17:29:06: 126,678,462 states generated (288,576 s/min), 11,362,349 distinct states found (23,872 ds/min), 7,429,218 states left on queue.
Progress(12) at 2026-03-08 17:30:06: 126,967,457 states generated (288,995 s/min), 11,386,672 distinct states found (24,323 ds/min), 7,444,790 states left on queue.
Progress(12) at 2026-03-08 17:31:06: 127,256,067 states generated (288,610 s/min), 11,410,531 distinct states found (23,859 ds/min), 7,459,521 states left on queue.
Progress(12) at 2026-03-08 17:32:06: 127,534,495 states generated (278,428 s/min), 11,445,912 distinct states found (35,381 ds/min), 7,486,306 states left on queue.
Progress(12) at 2026-03-08 17:33:06: 127,824,892 states generated (290,397 s/min), 11,470,253 distinct states found (24,341 ds/min), 7,501,410 states left on queue.
Progress(12) at 2026-03-08 17:34:06: 128,105,657 states generated (280,765 s/min), 11,511,685 distinct states found (41,432 ds/min), 7,534,260 states left on queue.
Progress(12) at 2026-03-08 17:35:06: 128,394,144 states generated (288,487 s/min), 11,548,532 distinct states found (36,847 ds/min), 7,562,936 states left on queue.
Progress(12) at 2026-03-08 17:36:06: 128,686,238 states generated (292,094 s/min), 11,587,300 distinct states found (38,768 ds/min), 7,593,195 states left on queue.
Progress(12) at 2026-03-08 17:37:06: 128,983,881 states generated (297,643 s/min), 11,618,885 distinct states found (31,585 ds/min), 7,615,834 states left on queue.
Progress(12) at 2026-03-08 17:38:06: 129,270,301 states generated (286,420 s/min), 11,640,803 distinct states found (21,918 ds/min), 7,629,285 states left on queue.
Progress(12) at 2026-03-08 17:39:06: 129,554,225 states generated (283,924 s/min), 11,660,226 distinct states found (19,423 ds/min), 7,640,421 states left on queue.
Progress(12) at 2026-03-08 17:40:06: 129,843,920 states generated (289,695 s/min), 11,684,265 distinct states found (24,039 ds/min), 7,655,879 states left on queue.
Progress(12) at 2026-03-08 17:41:06: 130,132,318 states generated (288,398 s/min), 11,706,818 distinct states found (22,553 ds/min), 7,669,937 states left on queue.
Progress(12) at 2026-03-08 17:42:06: 130,422,928 states generated (290,610 s/min), 11,726,146 distinct states found (19,328 ds/min), 7,680,598 states left on queue.
Progress(12) at 2026-03-08 17:43:06: 130,719,168 states generated (296,240 s/min), 11,751,132 distinct states found (24,986 ds/min), 7,696,826 states left on queue.
Progress(12) at 2026-03-08 17:44:06: 131,020,989 states generated (301,821 s/min), 11,774,152 distinct states found (23,020 ds/min), 7,710,883 states left on queue.
Progress(12) at 2026-03-08 17:45:06: 131,325,344 states generated (304,355 s/min), 11,795,566 distinct states found (21,414 ds/min), 7,723,190 states left on queue.
Checkpointing of run states/26-03-08-10-15-53
Checkpointing completed at (2026-03-08 17:46:06)
Progress(12) at 2026-03-08 17:46:06: 131,620,494 states generated (295,150 s/min), 11,820,180 distinct states found (24,614 ds/min), 7,739,124 states left on queue.
Progress(12) at 2026-03-08 17:47:06: 131,929,439 states generated (308,945 s/min), 11,844,378 distinct states found (24,198 ds/min), 7,754,078 states left on queue.
Progress(12) at 2026-03-08 17:48:06: 132,238,819 states generated (309,380 s/min), 11,867,767 distinct states found (23,389 ds/min), 7,768,166 states left on queue.
Progress(12) at 2026-03-08 17:49:06: 132,551,635 states generated (312,816 s/min), 11,890,748 distinct states found (22,981 ds/min), 7,781,862 states left on queue.
Progress(12) at 2026-03-08 17:50:06: 132,850,214 states generated (298,579 s/min), 11,928,556 distinct states found (37,808 ds/min), 7,811,071 states left on queue.
Progress(12) at 2026-03-08 17:51:06: 133,159,743 states generated (309,529 s/min), 11,965,265 distinct states found (36,709 ds/min), 7,839,284 states left on queue.
Progress(12) at 2026-03-08 17:52:06: 133,474,297 states generated (314,554 s/min), 11,997,307 distinct states found (32,042 ds/min), 7,862,096 states left on queue.
Progress(12) at 2026-03-08 17:53:06: 133,783,274 states generated (308,977 s/min), 12,030,117 distinct states found (32,810 ds/min), 7,885,890 states left on queue.
Progress(12) at 2026-03-08 17:54:06: 134,053,634 states generated (270,360 s/min), 12,062,777 distinct states found (32,660 ds/min), 7,911,093 states left on queue.
Progress(12) at 2026-03-08 17:55:06: 134,336,625 states generated (282,991 s/min), 12,097,249 distinct states found (34,472 ds/min), 7,937,539 states left on queue.
Progress(12) at 2026-03-08 17:56:06: 134,620,775 states generated (284,150 s/min), 12,122,283 distinct states found (25,034 ds/min), 7,954,239 states left on queue.
Progress(12) at 2026-03-08 17:57:06: 134,897,114 states generated (276,339 s/min), 12,146,033 distinct states found (23,750 ds/min), 7,969,795 states left on queue.
Progress(12) at 2026-03-08 17:58:06: 135,178,754 states generated (281,640 s/min), 12,172,472 distinct states found (26,439 ds/min), 7,987,892 states left on queue.
Progress(12) at 2026-03-08 17:59:06: 135,457,031 states generated (278,277 s/min), 12,207,721 distinct states found (35,249 ds/min), 8,015,404 states left on queue.
Progress(12) at 2026-03-08 18:00:06: 135,738,168 states generated (281,137 s/min), 12,241,112 distinct states found (33,391 ds/min), 8,040,912 states left on queue.
Progress(12) at 2026-03-08 18:01:06: 136,021,061 states generated (282,893 s/min), 12,268,989 distinct states found (27,877 ds/min), 8,060,482 states left on queue.
Progress(12) at 2026-03-08 18:02:06: 136,302,156 states generated (281,095 s/min), 12,299,255 distinct states found (30,266 ds/min), 8,082,548 states left on queue.
Progress(12) at 2026-03-08 18:03:06: 136,578,299 states generated (276,143 s/min), 12,334,569 distinct states found (35,314 ds/min), 8,110,274 states left on queue.
Progress(12) at 2026-03-08 18:04:06: 136,867,545 states generated (289,246 s/min), 12,369,794 distinct states found (35,225 ds/min), 8,137,346 states left on queue.
Progress(12) at 2026-03-08 18:05:06: 137,173,806 states generated (306,261 s/min), 12,399,935 distinct states found (30,141 ds/min), 8,158,498 states left on queue.
Progress(12) at 2026-03-08 18:06:06: 137,457,421 states generated (283,615 s/min), 12,421,193 distinct states found (21,258 ds/min), 8,171,445 states left on queue.
Progress(12) at 2026-03-08 18:07:06: 137,736,032 states generated (278,611 s/min), 12,440,391 distinct states found (19,198 ds/min), 8,182,395 states left on queue.
Progress(12) at 2026-03-08 18:08:06: 138,017,339 states generated (281,307 s/min), 12,460,462 distinct states found (20,071 ds/min), 8,194,063 states left on queue.
Progress(12) at 2026-03-08 18:09:06: 138,299,259 states generated (281,920 s/min), 12,482,341 distinct states found (21,879 ds/min), 8,207,499 states left on queue.
Progress(12) at 2026-03-08 18:10:06: 138,585,977 states generated (286,718 s/min), 12,502,898 distinct states found (20,557 ds/min), 8,219,604 states left on queue.
Progress(12) at 2026-03-08 18:11:06: 138,883,083 states generated (297,106 s/min), 12,524,936 distinct states found (22,038 ds/min), 8,232,710 states left on queue.
Progress(12) at 2026-03-08 18:12:06: 139,183,545 states generated (300,462 s/min), 12,546,164 distinct states found (21,228 ds/min), 8,244,942 states left on queue.
Progress(12) at 2026-03-08 18:13:06: 139,474,942 states generated (291,397 s/min), 12,569,030 distinct states found (22,866 ds/min), 8,259,097 states left on queue.
Progress(12) at 2026-03-08 18:14:06: 139,763,163 states generated (288,221 s/min), 12,591,287 distinct states found (22,257 ds/min), 8,272,710 states left on queue.
Progress(12) at 2026-03-08 18:15:06: 140,050,864 states generated (287,701 s/min), 12,612,342 distinct states found (21,055 ds/min), 8,285,156 states left on queue.
Checkpointing of run states/26-03-08-10-15-53
Checkpointing completed at (2026-03-08 18:16:06)
Progress(12) at 2026-03-08 18:16:06: 140,346,080 states generated (295,216 s/min), 12,637,630 distinct states found (25,288 ds/min), 8,301,590 states left on queue.
Progress(12) at 2026-03-08 18:17:06: 140,638,748 states generated (292,668 s/min), 12,673,226 distinct states found (35,596 ds/min), 8,328,973 states left on queue.
Progress(12) at 2026-03-08 18:18:06: 140,937,269 states generated (298,521 s/min), 12,703,936 distinct states found (30,710 ds/min), 8,350,921 states left on queue.
Progress(12) at 2026-03-08 18:19:06: 141,224,532 states generated (287,263 s/min), 12,732,136 distinct states found (28,200 ds/min), 8,370,679 states left on queue.
Progress(12) at 2026-03-08 18:20:06: 141,506,929 states generated (282,397 s/min), 12,766,371 distinct states found (34,235 ds/min), 8,396,996 states left on queue.
Progress(12) at 2026-03-08 18:21:06: 141,788,115 states generated (281,186 s/min), 12,796,384 distinct states found (30,013 ds/min), 8,418,778 states left on queue.
Progress(12) at 2026-03-08 18:22:06: 142,069,363 states generated (281,248 s/min), 12,818,528 distinct states found (22,144 ds/min), 8,432,614 states left on queue.
Progress(12) at 2026-03-08 18:23:06: 142,354,479 states generated (285,116 s/min), 12,841,959 distinct states found (23,431 ds/min), 8,447,474 states left on queue.
Progress(12) at 2026-03-08 18:24:06: 142,636,939 states generated (282,460 s/min), 12,877,033 distinct states found (35,074 ds/min), 8,474,631 states left on queue.
Progress(12) at 2026-03-08 18:25:06: 142,920,858 states generated (283,919 s/min), 12,909,314 distinct states found (32,281 ds/min), 8,498,618 states left on queue.
Progress(12) at 2026-03-08 18:26:06: 143,208,202 states generated (287,344 s/min), 12,933,904 distinct states found (24,590 ds/min), 8,514,773 states left on queue.
Progress(12) at 2026-03-08 18:27:06: 143,493,937 states generated (285,735 s/min), 12,970,243 distinct states found (36,339 ds/min), 8,543,035 states left on queue.
Progress(12) at 2026-03-08 18:28:06: 143,787,325 states generated (293,388 s/min), 13,005,266 distinct states found (35,023 ds/min), 8,569,603 states left on queue.
Progress(12) at 2026-03-08 18:29:06: 144,067,945 states generated (280,620 s/min), 13,029,164 distinct states found (23,898 ds/min), 8,585,256 states left on queue.
Progress(12) at 2026-03-08 18:30:06: 144,344,285 states generated (276,340 s/min), 13,048,203 distinct states found (19,039 ds/min), 8,596,112 states left on queue.
Progress(12) at 2026-03-08 18:31:06: 144,616,269 states generated (271,984 s/min), 13,068,077 distinct states found (19,874 ds/min), 8,607,788 states left on queue.
Progress(12) at 2026-03-08 18:32:06: 144,903,790 states generated (287,521 s/min), 13,088,098 distinct states found (20,021 ds/min), 8,619,127 states left on queue.
Progress(12) at 2026-03-08 18:33:06: 145,179,570 states generated (275,780 s/min), 13,107,415 distinct states found (19,317 ds/min), 8,630,167 states left on queue.
Progress(12) at 2026-03-08 18:34:06: 145,460,655 states generated (281,085 s/min), 13,127,665 distinct states found (20,250 ds/min), 8,641,914 states left on queue.
Progress(12) at 2026-03-08 18:35:06: 145,744,701 states generated (284,046 s/min), 13,145,774 distinct states found (18,109 ds/min), 8,651,506 states left on queue.
Progress(12) at 2026-03-08 18:36:06: 146,028,250 states generated (283,549 s/min), 13,166,252 distinct states found (20,478 ds/min), 8,663,400 states left on queue.
Progress(12) at 2026-03-08 18:37:06: 146,299,567 states generated (271,317 s/min), 13,185,832 distinct states found (19,580 ds/min), 8,674,757 states left on queue.
Progress(12) at 2026-03-08 18:38:06: 146,571,542 states generated (271,975 s/min), 13,206,255 distinct states found (20,423 ds/min), 8,686,933 states left on queue.
Progress(12) at 2026-03-08 18:39:06: 146,840,023 states generated (268,481 s/min), 13,239,134 distinct states found (32,879 ds/min), 8,711,977 states left on queue.
Progress(12) at 2026-03-08 18:40:06: 147,118,135 states generated (278,112 s/min), 13,264,661 distinct states found (25,527 ds/min), 8,729,349 states left on queue.
Progress(12) at 2026-03-08 18:41:06: 147,386,474 states generated (268,339 s/min), 13,293,239 distinct states found (28,578 ds/min), 8,750,045 states left on queue.
Progress(12) at 2026-03-08 18:42:06: 147,660,813 states generated (274,339 s/min), 13,323,828 distinct states found (30,589 ds/min), 8,772,620 states left on queue.
Progress(12) at 2026-03-08 18:43:06: 147,939,827 states generated (279,014 s/min), 13,346,033 distinct states found (22,205 ds/min), 8,786,524 states left on queue.
Progress(12) at 2026-03-08 18:44:06: 148,214,232 states generated (274,405 s/min), 13,367,265 distinct states found (21,232 ds/min), 8,799,484 states left on queue.
Progress(12) at 2026-03-08 18:45:06: 148,487,046 states generated (272,814 s/min), 13,401,872 distinct states found (34,607 ds/min), 8,826,154 states left on queue.
Checkpointing of run states/26-03-08-10-15-53
Checkpointing completed at (2026-03-08 18:46:14)
Progress(12) at 2026-03-08 18:46:14: 148,797,628 states generated (310,582 s/min), 13,428,234 distinct states found (26,362 ds/min), 8,843,408 states left on queue.
Progress(12) at 2026-03-08 18:47:14: 149,072,193 states generated (274,565 s/min), 13,461,450 distinct states found (33,216 ds/min), 8,868,584 states left on queue.
Progress(12) at 2026-03-08 18:48:14: 149,347,936 states generated (275,743 s/min), 13,492,094 distinct states found (30,644 ds/min), 8,891,183 states left on queue.
Progress(12) at 2026-03-08 18:49:14: 149,628,580 states generated (280,644 s/min), 13,513,757 distinct states found (21,663 ds/min), 8,904,146 states left on queue.
Progress(12) at 2026-03-08 18:50:14: 149,911,313 states generated (282,733 s/min), 13,539,794 distinct states found (26,037 ds/min), 8,920,902 states left on queue.
Progress(12) at 2026-03-08 18:51:14: 150,192,990 states generated (281,677 s/min), 13,563,440 distinct states found (23,646 ds/min), 8,935,801 states left on queue.
Progress(12) at 2026-03-08 18:52:14: 150,476,607 states generated (283,617 s/min), 13,597,610 distinct states found (34,170 ds/min), 8,961,306 states left on queue.
Progress(12) at 2026-03-08 18:53:14: 150,761,315 states generated (284,708 s/min), 13,620,743 distinct states found (23,133 ds/min), 8,975,379 states left on queue.
Progress(12) at 2026-03-08 18:54:14: 151,046,896 states generated (285,581 s/min), 13,646,004 distinct states found (25,261 ds/min), 8,991,217 states left on queue.
Progress(12) at 2026-03-08 18:55:14: 151,328,471 states generated (281,575 s/min), 13,670,273 distinct states found (24,269 ds/min), 9,006,821 states left on queue.
Progress(12) at 2026-03-08 18:56:14: 151,614,583 states generated (286,112 s/min), 13,702,852 distinct states found (32,579 ds/min), 9,030,578 states left on queue.
Progress(12) at 2026-03-08 18:57:14: 151,901,995 states generated (287,412 s/min), 13,724,515 distinct states found (21,663 ds/min), 9,042,899 states left on queue.
Progress(12) at 2026-03-08 18:58:14: 152,191,430 states generated (289,435 s/min), 13,746,058 distinct states found (21,543 ds/min), 9,055,090 states left on queue.
Progress(12) at 2026-03-08 18:59:14: 152,466,384 states generated (274,954 s/min), 13,778,092 distinct states found (32,034 ds/min), 9,078,831 states left on queue.
Progress(12) at 2026-03-08 19:00:14: 152,753,024 states generated (286,640 s/min), 13,803,114 distinct states found (25,022 ds/min), 9,095,005 states left on queue.
Progress(12) at 2026-03-08 19:01:14: 153,040,694 states generated (287,670 s/min), 13,825,679 distinct states found (22,565 ds/min), 9,108,335 states left on queue.
Progress(12) at 2026-03-08 19:02:14: 153,328,961 states generated (288,267 s/min), 13,849,997 distinct states found (24,318 ds/min), 9,123,260 states left on queue.
Progress(12) at 2026-03-08 19:03:14: 153,615,920 states generated (286,959 s/min), 13,881,447 distinct states found (31,450 ds/min), 9,146,003 states left on queue.
Progress(12) at 2026-03-08 19:04:14: 153,896,949 states generated (281,029 s/min), 13,901,333 distinct states found (19,886 ds/min), 9,156,967 states left on queue.
Progress(12) at 2026-03-08 19:05:14: 154,193,442 states generated (296,493 s/min), 13,925,395 distinct states found (24,062 ds/min), 9,171,341 states left on queue.
Progress(12) at 2026-03-08 19:06:14: 154,481,645 states generated (288,203 s/min), 13,955,586 distinct states found (30,191 ds/min), 9,192,858 states left on queue.
Progress(12) at 2026-03-08 19:07:14: 154,756,477 states generated (274,832 s/min), 13,975,383 distinct states found (19,797 ds/min), 9,203,947 states left on queue.
Progress(12) at 2026-03-08 19:08:14: 155,041,389 states generated (284,912 s/min), 13,997,864 distinct states found (22,481 ds/min), 9,217,121 states left on queue.
Progress(12) at 2026-03-08 19:09:14: 155,315,674 states generated (274,285 s/min), 14,025,883 distinct states found (28,019 ds/min), 9,236,850 states left on queue.
Progress(12) at 2026-03-08 19:10:14: 155,592,777 states generated (277,103 s/min), 14,045,434 distinct states found (19,551 ds/min), 9,247,768 states left on queue.
Progress(12) at 2026-03-08 19:11:14: 155,883,122 states generated (290,345 s/min), 14,067,124 distinct states found (21,690 ds/min), 9,260,342 states left on queue.
Progress(12) at 2026-03-08 19:12:14: 156,166,441 states generated (283,319 s/min), 14,089,781 distinct states found (22,657 ds/min), 9,274,205 states left on queue.
Progress(12) at 2026-03-08 19:13:14: 156,442,047 states generated (275,606 s/min), 14,109,937 distinct states found (20,156 ds/min), 9,285,710 states left on queue.
Progress(12) at 2026-03-08 19:14:14: 156,722,306 states generated (280,259 s/min), 14,131,120 distinct states found (21,183 ds/min), 9,298,144 states left on queue.
Progress(12) at 2026-03-08 19:15:14: 157,001,606 states generated (279,300 s/min), 14,149,294 distinct states found (18,174 ds/min), 9,307,524 states left on queue.
Checkpointing of run states/26-03-08-10-15-53
Checkpointing completed at (2026-03-08 19:16:17)
Progress(12) at 2026-03-08 19:16:17: 157,296,906 states generated (295,300 s/min), 14,172,633 distinct states found (23,339 ds/min), 9,321,667 states left on queue.
Progress(12) at 2026-03-08 19:17:17: 157,577,683 states generated (280,777 s/min), 14,191,593 distinct states found (18,960 ds/min), 9,331,769 states left on queue.
Progress(12) at 2026-03-08 19:18:17: 157,850,986 states generated (273,303 s/min), 14,210,256 distinct states found (18,663 ds/min), 9,341,865 states left on queue.
Progress(12) at 2026-03-08 19:19:17: 158,117,811 states generated (266,825 s/min), 14,229,443 distinct states found (19,187 ds/min), 9,352,726 states left on queue.
Progress(12) at 2026-03-08 19:20:17: 158,398,554 states generated (280,743 s/min), 14,247,576 distinct states found (18,133 ds/min), 9,362,003 states left on queue.
Progress(12) at 2026-03-08 19:21:17: 158,680,747 states generated (282,193 s/min), 14,266,222 distinct states found (18,646 ds/min), 9,371,838 states left on queue.
Progress(12) at 2026-03-08 19:22:17: 158,962,442 states generated (281,695 s/min), 14,283,958 distinct states found (17,736 ds/min), 9,380,731 states left on queue.
Progress(12) at 2026-03-08 19:23:17: 159,239,468 states generated (277,026 s/min), 14,299,753 distinct states found (15,795 ds/min), 9,387,775 states left on queue.
Progress(12) at 2026-03-08 19:24:17: 159,509,863 states generated (270,395 s/min), 14,313,088 distinct states found (13,335 ds/min), 9,392,373 states left on queue.
Progress(13) at 2026-03-08 19:25:17: 159,771,398 states generated (261,535 s/min), 14,346,732 distinct states found (33,644 ds/min), 9,417,239 states left on queue.
Progress(13) at 2026-03-08 19:26:17: 160,064,098 states generated (292,700 s/min), 14,369,515 distinct states found (22,783 ds/min), 9,430,250 states left on queue.
Progress(13) at 2026-03-08 19:27:17: 160,365,111 states generated (301,013 s/min), 14,403,578 distinct states found (34,063 ds/min), 9,454,139 states left on queue.
Progress(13) at 2026-03-08 19:28:17: 160,649,242 states generated (284,131 s/min), 14,433,418 distinct states found (29,840 ds/min), 9,474,339 states left on queue.
Progress(13) at 2026-03-08 19:29:17: 160,932,197 states generated (282,955 s/min), 14,456,666 distinct states found (23,248 ds/min), 9,487,974 states left on queue.
Progress(13) at 2026-03-08 19:30:17: 161,208,054 states generated (275,857 s/min), 14,485,161 distinct states found (28,495 ds/min), 9,506,611 states left on queue.
Progress(13) at 2026-03-08 19:31:17: 161,484,929 states generated (276,875 s/min), 14,512,649 distinct states found (27,488 ds/min), 9,524,149 states left on queue.
Progress(13) at 2026-03-08 19:32:17: 161,779,620 states generated (294,691 s/min), 14,539,915 distinct states found (27,266 ds/min), 9,540,712 states left on queue.
Progress(13) at 2026-03-08 19:33:17: 162,080,495 states generated (300,875 s/min), 14,565,943 distinct states found (26,028 ds/min), 9,555,815 states left on queue.
Progress(13) at 2026-03-08 19:34:17: 162,379,713 states generated (299,218 s/min), 14,592,418 distinct states found (26,475 ds/min), 9,572,059 states left on queue.
Progress(13) at 2026-03-08 19:35:17: 162,684,342 states generated (304,629 s/min), 14,621,968 distinct states found (29,550 ds/min), 9,591,300 states left on queue.
Progress(13) at 2026-03-08 19:36:17: 162,976,777 states generated (292,435 s/min), 14,647,108 distinct states found (25,140 ds/min), 9,606,297 states left on queue.
Progress(13) at 2026-03-08 19:37:17: 163,278,994 states generated (302,217 s/min), 14,673,450 distinct states found (26,342 ds/min), 9,622,422 states left on queue.
Progress(13) at 2026-03-08 19:38:17: 163,587,952 states generated (308,958 s/min), 14,703,270 distinct states found (29,820 ds/min), 9,641,710 states left on queue.
Progress(13) at 2026-03-08 19:39:17: 163,892,667 states generated (304,715 s/min), 14,732,781 distinct states found (29,511 ds/min), 9,661,457 states left on queue.
Progress(13) at 2026-03-08 19:40:17: 164,180,563 states generated (287,896 s/min), 14,756,756 distinct states found (23,975 ds/min), 9,676,180 states left on queue.
Progress(13) at 2026-03-08 19:41:17: 164,474,292 states generated (293,729 s/min), 14,778,015 distinct states found (21,259 ds/min), 9,687,993 states left on queue.
Progress(13) at 2026-03-08 19:42:17: 164,775,348 states generated (301,056 s/min), 14,803,241 distinct states found (25,226 ds/min), 9,703,427 states left on queue.
Progress(13) at 2026-03-08 19:43:17: 165,069,091 states generated (293,743 s/min), 14,825,525 distinct states found (22,284 ds/min), 9,716,150 states left on queue.
Progress(13) at 2026-03-08 19:44:17: 165,367,581 states generated (298,490 s/min), 14,850,842 distinct states found (25,317 ds/min), 9,731,737 states left on queue.
Progress(13) at 2026-03-08 19:45:17: 165,662,744 states generated (295,163 s/min), 14,879,719 distinct states found (28,877 ds/min), 9,750,965 states left on queue.
Checkpointing of run states/26-03-08-10-15-53
Checkpointing completed at (2026-03-08 19:46:18)
Progress(13) at 2026-03-08 19:46:18: 165,958,789 states generated (296,045 s/min), 14,903,159 distinct states found (23,440 ds/min), 9,764,844 states left on queue.
Progress(13) at 2026-03-08 19:47:18: 166,247,133 states generated (288,344 s/min), 14,925,599 distinct states found (22,440 ds/min), 9,777,952 states left on queue.
Progress(13) at 2026-03-08 19:48:18: 166,546,753 states generated (299,620 s/min), 14,948,590 distinct states found (22,991 ds/min), 9,791,151 states left on queue.
Progress(13) at 2026-03-08 19:49:18: 166,847,225 states generated (300,472 s/min), 14,971,102 distinct states found (22,512 ds/min), 9,803,820 states left on queue.
Progress(13) at 2026-03-08 19:50:18: 167,139,158 states generated (291,933 s/min), 14,995,769 distinct states found (24,667 ds/min), 9,818,927 states left on queue.
Progress(13) at 2026-03-08 19:51:18: 167,429,323 states generated (290,165 s/min), 15,021,405 distinct states found (25,636 ds/min), 9,835,005 states left on queue.
Progress(13) at 2026-03-08 19:52:18: 167,718,284 states generated (288,961 s/min), 15,043,377 distinct states found (21,972 ds/min), 9,847,546 states left on queue.
Progress(13) at 2026-03-08 19:53:18: 168,009,903 states generated (291,619 s/min), 15,066,610 distinct states found (23,233 ds/min), 9,861,227 states left on queue.
Progress(13) at 2026-03-08 19:54:18: 168,303,426 states generated (293,523 s/min), 15,091,383 distinct states found (24,773 ds/min), 9,876,241 states left on queue.
Progress(13) at 2026-03-08 19:55:18: 168,585,806 states generated (282,380 s/min), 15,113,527 distinct states found (22,144 ds/min), 9,889,039 states left on queue.
Progress(13) at 2026-03-08 19:56:18: 168,886,740 states generated (300,934 s/min), 15,137,415 distinct states found (23,888 ds/min), 9,902,898 states left on queue.
Progress(13) at 2026-03-08 19:57:18: 169,185,277 states generated (298,537 s/min), 15,161,527 distinct states found (24,112 ds/min), 9,916,611 states left on queue.
Progress(13) at 2026-03-08 19:58:18: 169,474,652 states generated (289,375 s/min), 15,185,609 distinct states found (24,082 ds/min), 9,930,619 states left on queue.
Progress(13) at 2026-03-08 19:59:18: 169,772,653 states generated (298,001 s/min), 15,208,997 distinct states found (23,388 ds/min), 9,943,636 states left on queue.
Progress(13) at 2026-03-08 20:00:18: 170,063,072 states generated (290,419 s/min), 15,231,861 distinct states found (22,864 ds/min), 9,956,398 states left on queue.
Progress(13) at 2026-03-08 20:01:18: 170,363,861 states generated (300,789 s/min), 15,255,455 distinct states found (23,594 ds/min), 9,969,385 states left on queue.
Progress(13) at 2026-03-08 20:02:18: 170,654,454 states generated (290,593 s/min), 15,277,978 distinct states found (22,523 ds/min), 9,981,678 states left on queue.
Progress(13) at 2026-03-08 20:03:18: 170,953,153 states generated (298,699 s/min), 15,300,231 distinct states found (22,253 ds/min), 9,993,541 states left on queue.
Progress(13) at 2026-03-08 20:04:18: 171,239,030 states generated (285,877 s/min), 15,321,002 distinct states found (20,771 ds/min), 10,004,325 states left on queue.
Progress(13) at 2026-03-08 20:05:18: 171,529,058 states generated (290,028 s/min), 15,341,354 distinct states found (20,352 ds/min), 10,014,534 states left on queue.
Progress(13) at 2026-03-08 20:06:18: 171,826,407 states generated (297,349 s/min), 15,360,977 distinct states found (19,623 ds/min), 10,023,739 states left on queue.
Progress(13) at 2026-03-08 20:07:18: 172,115,408 states generated (289,001 s/min), 15,376,168 distinct states found (15,191 ds/min), 10,028,748 states left on queue.
Progress(13) at 2026-03-08 20:08:18: 172,410,405 states generated (294,997 s/min), 15,404,066 distinct states found (27,898 ds/min), 10,046,516 states left on queue.
Progress(13) at 2026-03-08 20:09:18: 172,700,196 states generated (289,791 s/min), 15,432,340 distinct states found (28,274 ds/min), 10,064,893 states left on queue.
Progress(13) at 2026-03-08 20:10:18: 173,000,454 states generated (300,258 s/min), 15,460,016 distinct states found (27,676 ds/min), 10,082,278 states left on queue.
Progress(13) at 2026-03-08 20:11:18: 173,292,027 states generated (291,573 s/min), 15,485,819 distinct states found (25,803 ds/min), 10,098,121 states left on queue.
Progress(13) at 2026-03-08 20:12:18: 173,588,137 states generated (296,110 s/min), 15,515,148 distinct states found (29,329 ds/min), 10,117,412 states left on queue.
Progress(13) at 2026-03-08 20:13:18: 173,885,744 states generated (297,607 s/min), 15,542,739 distinct states found (27,591 ds/min), 10,135,226 states left on queue.
Progress(13) at 2026-03-08 20:14:18: 174,176,858 states generated (291,114 s/min), 15,566,062 distinct states found (23,323 ds/min), 10,149,242 states left on queue.
Progress(13) at 2026-03-08 20:15:18: 174,467,564 states generated (290,706 s/min), 15,588,819 distinct states found (22,757 ds/min), 10,162,613 states left on queue.
Checkpointing of run states/26-03-08-10-15-53
Checkpointing completed at (2026-03-08 20:16:19)
Progress(13) at 2026-03-08 20:16:19: 174,764,002 states generated (296,438 s/min), 15,613,407 distinct states found (24,588 ds/min), 10,177,603 states left on queue.
Progress(13) at 2026-03-08 20:17:19: 175,055,699 states generated (291,697 s/min), 15,636,867 distinct states found (23,460 ds/min), 10,191,535 states left on queue.
Progress(13) at 2026-03-08 20:18:19: 175,351,787 states generated (296,088 s/min), 15,661,297 distinct states found (24,430 ds/min), 10,206,365 states left on queue.
Progress(13) at 2026-03-08 20:19:19: 175,647,452 states generated (295,665 s/min), 15,685,720 distinct states found (24,423 ds/min), 10,221,116 states left on queue.
Progress(13) at 2026-03-08 20:20:19: 175,926,810 states generated (279,358 s/min), 15,710,878 distinct states found (25,158 ds/min), 10,237,222 states left on queue.
Progress(13) at 2026-03-08 20:21:19: 176,208,388 states generated (281,578 s/min), 15,732,961 distinct states found (22,083 ds/min), 10,250,175 states left on queue.
Progress(13) at 2026-03-08 20:22:19: 176,488,351 states generated (279,963 s/min), 15,755,710 distinct states found (22,749 ds/min), 10,263,857 states left on queue.
Progress(13) at 2026-03-08 20:23:19: 176,781,197 states generated (292,846 s/min), 15,779,565 distinct states found (23,855 ds/min), 10,278,088 states left on queue.
Progress(13) at 2026-03-08 20:24:19: 177,062,305 states generated (281,108 s/min), 15,802,123 distinct states found (22,558 ds/min), 10,291,435 states left on queue.
Progress(13) at 2026-03-08 20:25:19: 177,341,065 states generated (278,760 s/min), 15,825,072 distinct states found (22,949 ds/min), 10,305,213 states left on queue.
Progress(13) at 2026-03-08 20:26:19: 177,620,499 states generated (279,434 s/min), 15,851,386 distinct states found (26,314 ds/min), 10,322,317 states left on queue.
Progress(13) at 2026-03-08 20:27:19: 177,893,863 states generated (273,364 s/min), 15,874,043 distinct states found (22,657 ds/min), 10,336,062 states left on queue.
Progress(13) at 2026-03-08 20:28:19: 178,169,289 states generated (275,426 s/min), 15,894,803 distinct states found (20,760 ds/min), 10,347,816 states left on queue.
Progress(13) at 2026-03-08 20:29:19: 178,447,961 states generated (278,672 s/min), 15,916,338 distinct states found (21,535 ds/min), 10,360,094 states left on queue.
Progress(13) at 2026-03-08 20:30:19: 178,734,399 states generated (286,438 s/min), 15,937,189 distinct states found (20,851 ds/min), 10,371,463 states left on queue.
Progress(13) at 2026-03-08 20:31:19: 179,027,332 states generated (292,933 s/min), 15,959,573 distinct states found (22,384 ds/min), 10,384,028 states left on queue.
Progress(13) at 2026-03-08 20:32:19: 179,311,491 states generated (284,159 s/min), 15,982,012 distinct states found (22,439 ds/min), 10,396,574 states left on queue.
Progress(13) at 2026-03-08 20:33:19: 179,591,888 states generated (280,397 s/min), 16,005,699 distinct states found (23,687 ds/min), 10,410,500 states left on queue.
Progress(13) at 2026-03-08 20:34:19: 179,874,651 states generated (282,763 s/min), 16,028,717 distinct states found (23,018 ds/min), 10,423,522 states left on queue.
Progress(13) at 2026-03-08 20:35:19: 180,157,855 states generated (283,204 s/min), 16,051,424 distinct states found (22,707 ds/min), 10,436,233 states left on queue.
Progress(13) at 2026-03-08 20:36:19: 180,439,683 states generated (281,828 s/min), 16,073,032 distinct states found (21,608 ds/min), 10,448,067 states left on queue.
Progress(13) at 2026-03-08 20:37:19: 180,719,334 states generated (279,651 s/min), 16,094,165 distinct states found (21,133 ds/min), 10,459,503 states left on queue.
Progress(13) at 2026-03-08 20:38:19: 181,000,053 states generated (280,719 s/min), 16,114,689 distinct states found (20,524 ds/min), 10,470,223 states left on queue.
Progress(13) at 2026-03-08 20:39:19: 181,281,929 states generated (281,876 s/min), 16,135,878 distinct states found (21,189 ds/min), 10,481,592 states left on queue.
Progress(13) at 2026-03-08 20:40:19: 181,566,687 states generated (284,758 s/min), 16,156,035 distinct states found (20,157 ds/min), 10,491,759 states left on queue.
Progress(13) at 2026-03-08 20:41:19: 181,847,243 states generated (280,556 s/min), 16,175,033 distinct states found (18,998 ds/min), 10,500,981 states left on queue.
Progress(13) at 2026-03-08 20:42:19: 182,129,847 states generated (282,604 s/min), 16,191,792 distinct states found (16,759 ds/min), 10,507,807 states left on queue.
Progress(13) at 2026-03-08 20:43:19: 182,414,283 states generated (284,436 s/min), 16,213,844 distinct states found (22,052 ds/min), 10,520,051 states left on queue.
Progress(13) at 2026-03-08 20:44:19: 182,706,666 states generated (292,383 s/min), 16,242,524 distinct states found (28,680 ds/min), 10,538,867 states left on queue.
Progress(13) at 2026-03-08 20:45:19: 183,001,749 states generated (295,083 s/min), 16,266,013 distinct states found (23,489 ds/min), 10,552,488 states left on queue.
Checkpointing of run states/26-03-08-10-15-53
Checkpointing completed at (2026-03-08 20:46:19)
Progress(13) at 2026-03-08 20:46:19: 183,298,322 states generated (296,573 s/min), 16,294,419 distinct states found (28,406 ds/min), 10,571,199 states left on queue.
Progress(13) at 2026-03-08 20:47:19: 183,582,374 states generated (284,052 s/min), 16,329,762 distinct states found (35,343 ds/min), 10,597,127 states left on queue.
Progress(13) at 2026-03-08 20:48:19: 183,878,938 states generated (296,564 s/min), 16,356,863 distinct states found (27,101 ds/min), 10,614,401 states left on queue.
Progress(13) at 2026-03-08 20:49:19: 184,159,592 states generated (280,654 s/min), 16,400,432 distinct states found (43,569 ds/min), 10,648,976 states left on queue.
Progress(13) at 2026-03-08 20:50:19: 184,443,475 states generated (283,883 s/min), 16,440,153 distinct states found (39,721 ds/min), 10,680,082 states left on queue.
Progress(13) at 2026-03-08 20:51:19: 184,728,333 states generated (284,858 s/min), 16,478,688 distinct states found (38,535 ds/min), 10,709,898 states left on queue.
Progress(13) at 2026-03-08 20:52:19: 185,023,613 states generated (295,280 s/min), 16,510,045 distinct states found (31,357 ds/min), 10,731,788 states left on queue.
Progress(13) at 2026-03-08 20:53:19: 185,312,064 states generated (288,451 s/min), 16,534,782 distinct states found (24,737 ds/min), 10,746,848 states left on queue.
Progress(13) at 2026-03-08 20:54:19: 185,599,699 states generated (287,635 s/min), 16,562,934 distinct states found (28,152 ds/min), 10,765,203 states left on queue.
Progress(13) at 2026-03-08 20:55:19: 185,893,099 states generated (293,400 s/min), 16,587,987 distinct states found (25,053 ds/min), 10,780,614 states left on queue.
Progress(13) at 2026-03-08 20:56:19: 186,184,059 states generated (290,960 s/min), 16,615,431 distinct states found (27,444 ds/min), 10,798,355 states left on queue.
Progress(13) at 2026-03-08 20:57:19: 186,465,404 states generated (281,345 s/min), 16,651,979 distinct states found (36,548 ds/min), 10,825,788 states left on queue.
Progress(13) at 2026-03-08 20:58:19: 186,750,738 states generated (285,334 s/min), 16,683,623 distinct states found (31,644 ds/min), 10,847,882 states left on queue.
Progress(13) at 2026-03-08 20:59:19: 187,036,160 states generated (285,422 s/min), 16,724,712 distinct states found (41,089 ds/min), 10,880,067 states left on queue.
Progress(13) at 2026-03-08 21:00:19: 187,324,612 states generated (288,452 s/min), 16,764,048 distinct states found (39,336 ds/min), 10,910,757 states left on queue.
Progress(13) at 2026-03-08 21:01:19: 187,530,742 states generated (206,130 s/min), 16,791,938 distinct states found (27,890 ds/min), 10,932,138 states left on queue.
Progress(13) at 2026-03-08 21:02:19: 187,808,075 states generated (277,333 s/min), 16,818,588 distinct states found (26,650 ds/min), 10,949,829 states left on queue.
Progress(13) at 2026-03-08 21:03:19: 188,088,552 states generated (280,477 s/min), 16,843,114 distinct states found (24,526 ds/min), 10,964,816 states left on queue.
Progress(13) at 2026-03-08 21:04:19: 188,372,415 states generated (283,863 s/min), 16,868,508 distinct states found (25,394 ds/min), 10,980,605 states left on queue.
Progress(13) at 2026-03-08 21:05:19: 188,650,129 states generated (277,714 s/min), 16,895,532 distinct states found (27,024 ds/min), 10,998,573 states left on queue.
Progress(13) at 2026-03-08 21:06:19: 188,926,715 states generated (276,586 s/min), 16,921,315 distinct states found (25,783 ds/min), 11,015,108 states left on queue.
Progress(13) at 2026-03-08 21:07:19: 189,200,785 states generated (274,070 s/min), 16,954,821 distinct states found (33,506 ds/min), 11,039,732 states left on queue.
Progress(13) at 2026-03-08 21:08:19: 189,471,510 states generated (270,725 s/min), 16,985,065 distinct states found (30,244 ds/min), 11,060,941 states left on queue.
Progress(13) at 2026-03-08 21:09:19: 189,744,614 states generated (273,104 s/min), 17,023,717 distinct states found (38,652 ds/min), 11,091,085 states left on queue.
Progress(13) at 2026-03-08 21:10:19: 190,022,462 states generated (277,848 s/min), 17,062,048 distinct states found (38,331 ds/min), 11,121,010 states left on queue.
Progress(13) at 2026-03-08 21:11:19: 190,306,316 states generated (283,854 s/min), 17,098,458 distinct states found (36,410 ds/min), 11,148,503 states left on queue.
Progress(13) at 2026-03-08 21:12:19: 190,585,262 states generated (278,946 s/min), 17,122,544 distinct states found (24,086 ds/min), 11,163,500 states left on queue.
Progress(13) at 2026-03-08 21:13:19: 190,859,043 states generated (273,781 s/min), 17,148,302 distinct states found (25,758 ds/min), 11,179,996 states left on queue.
Progress(13) at 2026-03-08 21:14:19: 191,142,081 states generated (283,038 s/min), 17,172,681 distinct states found (24,379 ds/min), 11,194,783 states left on queue.
Progress(13) at 2026-03-08 21:15:19: 191,426,286 states generated (284,205 s/min), 17,199,260 distinct states found (26,579 ds/min), 11,212,090 states left on queue.
Checkpointing of run states/26-03-08-10-15-53
Checkpointing completed at (2026-03-08 21:16:20)
Progress(13) at 2026-03-08 21:16:20: 191,699,548 states generated (273,262 s/min), 17,231,512 distinct states found (32,252 ds/min), 11,235,225 states left on queue.
Progress(13) at 2026-03-08 21:17:20: 191,981,715 states generated (282,167 s/min), 17,255,934 distinct states found (24,422 ds/min), 11,250,408 states left on queue.
Progress(13) at 2026-03-08 21:18:20: 192,250,796 states generated (269,081 s/min), 17,296,985 distinct states found (41,051 ds/min), 11,282,698 states left on queue.
Progress(13) at 2026-03-08 21:19:20: 192,535,353 states generated (284,557 s/min), 17,334,760 distinct states found (37,775 ds/min), 11,311,955 states left on queue.
Progress(13) at 2026-03-08 21:20:20: 192,816,054 states generated (280,701 s/min), 17,373,789 distinct states found (39,029 ds/min), 11,342,195 states left on queue.
Progress(13) at 2026-03-08 21:21:20: 193,101,509 states generated (285,455 s/min), 17,401,679 distinct states found (27,890 ds/min), 11,360,957 states left on queue.
Progress(13) at 2026-03-08 21:22:20: 193,372,360 states generated (270,851 s/min), 17,421,088 distinct states found (19,409 ds/min), 11,371,976 states left on queue.
Progress(13) at 2026-03-08 21:23:20: 193,643,818 states generated (271,458 s/min), 17,443,582 distinct states found (22,494 ds/min), 11,386,033 states left on queue.
Progress(13) at 2026-03-08 21:24:20: 193,915,246 states generated (271,428 s/min), 17,465,030 distinct states found (21,448 ds/min), 11,398,969 states left on queue.
Progress(13) at 2026-03-08 21:25:20: 194,182,641 states generated (267,395 s/min), 17,483,656 distinct states found (18,626 ds/min), 11,409,130 states left on queue.
Progress(13) at 2026-03-08 21:26:20: 194,444,706 states generated (262,065 s/min), 17,505,791 distinct states found (22,135 ds/min), 11,423,022 states left on queue.
Progress(13) at 2026-03-08 21:27:20: 194,714,016 states generated (269,310 s/min), 17,527,644 distinct states found (21,853 ds/min), 11,436,397 states left on queue.
Progress(13) at 2026-03-08 21:28:20: 194,980,083 states generated (266,067 s/min), 17,545,198 distinct states found (17,554 ds/min), 11,445,554 states left on queue.
Progress(13) at 2026-03-08 21:29:20: 195,253,027 states generated (272,944 s/min), 17,566,755 distinct states found (21,557 ds/min), 11,458,492 states left on queue.
Progress(13) at 2026-03-08 21:30:20: 195,528,158 states generated (275,131 s/min), 17,589,158 distinct states found (22,403 ds/min), 11,472,202 states left on queue.
Progress(13) at 2026-03-08 21:31:20: 195,800,101 states generated (271,943 s/min), 17,610,771 distinct states found (21,613 ds/min), 11,485,230 states left on queue.
Progress(13) at 2026-03-08 21:32:20: 196,073,743 states generated (273,642 s/min), 17,644,996 distinct states found (34,225 ds/min), 11,511,394 states left on queue.
Progress(13) at 2026-03-08 21:33:20: 196,352,781 states generated (279,038 s/min), 17,679,159 distinct states found (34,163 ds/min), 11,537,117 states left on queue.
Progress(13) at 2026-03-08 21:34:20: 196,631,849 states generated (279,068 s/min), 17,706,207 distinct states found (27,048 ds/min), 11,555,600 states left on queue.
Progress(13) at 2026-03-08 21:35:20: 196,910,162 states generated (278,313 s/min), 17,741,357 distinct states found (35,150 ds/min), 11,582,648 states left on queue.
Progress(13) at 2026-03-08 21:36:20: 197,187,339 states generated (277,177 s/min), 17,774,211 distinct states found (32,854 ds/min), 11,606,983 states left on queue.
Progress(13) at 2026-03-08 21:37:20: 197,462,347 states generated (275,008 s/min), 17,797,832 distinct states found (23,621 ds/min), 11,622,071 states left on queue.
Progress(13) at 2026-03-08 21:38:20: 197,736,400 states generated (274,053 s/min), 17,824,024 distinct states found (26,192 ds/min), 11,639,732 states left on queue.
Progress(13) at 2026-03-08 21:39:20: 198,010,456 states generated (274,056 s/min), 17,859,103 distinct states found (35,079 ds/min), 11,666,888 states left on queue.
Progress(13) at 2026-03-08 21:40:20: 198,284,259 states generated (273,803 s/min), 17,890,036 distinct states found (30,933 ds/min), 11,689,322 states left on queue.
Progress(13) at 2026-03-08 21:41:20: 198,554,786 states generated (270,527 s/min), 17,919,590 distinct states found (29,554 ds/min), 11,710,689 states left on queue.
Progress(13) at 2026-03-08 21:42:20: 198,830,872 states generated (276,086 s/min), 17,955,541 distinct states found (35,951 ds/min), 11,738,640 states left on queue.
Progress(13) at 2026-03-08 21:43:20: 199,105,911 states generated (275,039 s/min), 17,987,444 distinct states found (31,903 ds/min), 11,762,013 states left on queue.
Progress(13) at 2026-03-08 21:44:20: 199,373,519 states generated (267,608 s/min), 18,009,010 distinct states found (21,566 ds/min), 11,775,253 states left on queue.
Progress(13) at 2026-03-08 21:45:20: 199,639,175 states generated (265,656 s/min), 18,028,368 distinct states found (19,358 ds/min), 11,786,294 states left on queue.
Checkpointing of run states/26-03-08-10-15-53
Checkpointing completed at (2026-03-08 21:46:23)
Progress(13) at 2026-03-08 21:46:23: 199,922,635 states generated (283,460 s/min), 18,051,320 distinct states found (22,952 ds/min), 11,800,254 states left on queue.
Progress(13) at 2026-03-08 21:47:23: 200,197,319 states generated (274,684 s/min), 18,071,024 distinct states found (19,704 ds/min), 11,811,277 states left on queue.
Progress(13) at 2026-03-08 21:48:23: 200,469,813 states generated (272,494 s/min), 18,093,370 distinct states found (22,346 ds/min), 11,824,969 states left on queue.
Progress(13) at 2026-03-08 21:49:23: 200,740,025 states generated (270,212 s/min), 18,115,392 distinct states found (22,022 ds/min), 11,838,392 states left on queue.
Progress(13) at 2026-03-08 21:50:23: 201,009,408 states generated (269,383 s/min), 18,135,224 distinct states found (19,832 ds/min), 11,849,728 states left on queue.
Progress(13) at 2026-03-08 21:51:23: 201,280,049 states generated (270,641 s/min), 18,156,960 distinct states found (21,736 ds/min), 11,862,840 states left on queue.
Progress(13) at 2026-03-08 21:52:23: 201,549,487 states generated (269,438 s/min), 18,178,665 distinct states found (21,705 ds/min), 11,875,946 states left on queue.
Progress(13) at 2026-03-08 21:53:23: 201,815,778 states generated (266,291 s/min), 18,201,463 distinct states found (22,798 ds/min), 11,890,291 states left on queue.
Progress(13) at 2026-03-08 21:54:23: 202,083,017 states generated (267,239 s/min), 18,235,995 distinct states found (34,532 ds/min), 11,916,852 states left on queue.
Progress(13) at 2026-03-08 21:55:23: 202,353,171 states generated (270,154 s/min), 18,265,457 distinct states found (29,462 ds/min), 11,937,943 states left on queue.
Progress(13) at 2026-03-08 21:56:23: 202,620,810 states generated (267,639 s/min), 18,295,576 distinct states found (30,119 ds/min), 11,959,784 states left on queue.
Progress(13) at 2026-03-08 21:57:23: 202,887,892 states generated (267,082 s/min), 18,329,111 distinct states found (33,535 ds/min), 11,985,346 states left on queue.
Progress(13) at 2026-03-08 21:58:23: 203,157,034 states generated (269,142 s/min), 18,354,171 distinct states found (25,060 ds/min), 12,002,034 states left on queue.
Progress(13) at 2026-03-08 21:59:23: 203,423,895 states generated (266,861 s/min), 18,376,077 distinct states found (21,906 ds/min), 12,015,443 states left on queue.
Progress(13) at 2026-03-08 22:00:23: 203,692,301 states generated (268,406 s/min), 18,409,613 distinct states found (33,536 ds/min), 12,040,743 states left on queue.
Progress(13) at 2026-03-08 22:01:23: 203,966,120 states generated (273,819 s/min), 18,443,762 distinct states found (34,149 ds/min), 12,066,657 states left on queue.
Progress(13) at 2026-03-08 22:02:23: 204,242,130 states generated (276,010 s/min), 18,469,570 distinct states found (25,808 ds/min), 12,083,855 states left on queue.
Progress(13) at 2026-03-08 22:03:23: 204,512,662 states generated (270,532 s/min), 18,505,592 distinct states found (36,022 ds/min), 12,111,792 states left on queue.
Progress(13) at 2026-03-08 22:04:23: 204,786,947 states generated (274,285 s/min), 18,539,245 distinct states found (33,653 ds/min), 12,137,018 states left on queue.
Progress(13) at 2026-03-08 22:05:23: 205,057,375 states generated (270,428 s/min), 18,561,936 distinct states found (22,691 ds/min), 12,151,269 states left on queue.
Progress(13) at 2026-03-08 22:06:23: 205,325,234 states generated (267,859 s/min), 18,581,345 distinct states found (19,409 ds/min), 12,162,224 states left on queue.
Progress(13) at 2026-03-08 22:07:23: 205,594,195 states generated (268,961 s/min), 18,602,125 distinct states found (20,780 ds/min), 12,174,368 states left on queue.
Progress(13) at 2026-03-08 22:08:23: 205,854,746 states generated (260,551 s/min), 18,620,090 distinct states found (17,965 ds/min), 12,184,038 states left on queue.
Progress(13) at 2026-03-08 22:09:23: 206,125,362 states generated (270,616 s/min), 18,641,379 distinct states found (21,289 ds/min), 12,196,648 states left on queue.
Progress(13) at 2026-03-08 22:10:23: 206,384,704 states generated (259,342 s/min), 18,659,413 distinct states found (18,034 ds/min), 12,206,394 states left on queue.
Progress(13) at 2026-03-08 22:11:23: 206,660,789 states generated (276,085 s/min), 18,680,861 distinct states found (21,448 ds/min), 12,218,967 states left on queue.
Progress(13) at 2026-03-08 22:12:23: 206,936,414 states generated (275,625 s/min), 18,702,706 distinct states found (21,845 ds/min), 12,231,931 states left on queue.
Progress(13) at 2026-03-08 22:13:23: 207,201,614 states generated (265,200 s/min), 18,728,134 distinct states found (25,428 ds/min), 12,248,964 states left on queue.
Progress(13) at 2026-03-08 22:14:23: 207,477,120 states generated (275,506 s/min), 18,760,000 distinct states found (31,866 ds/min), 12,272,315 states left on queue.
Progress(13) at 2026-03-08 22:15:23: 207,755,259 states generated (278,139 s/min), 18,788,609 distinct states found (28,609 ds/min), 12,292,257 states left on queue.
Checkpointing of run states/26-03-08-10-15-53
Checkpointing completed at (2026-03-08 22:16:26)
Progress(13) at 2026-03-08 22:16:26: 208,020,906 states generated (265,647 s/min), 18,820,269 distinct states found (31,660 ds/min), 12,315,743 states left on queue.
Progress(13) at 2026-03-08 22:17:26: 208,305,793 states generated (284,887 s/min), 18,844,135 distinct states found (23,866 ds/min), 12,330,575 states left on queue.
Progress(13) at 2026-03-08 22:18:26: 208,585,871 states generated (280,078 s/min), 18,873,816 distinct states found (29,681 ds/min), 12,351,468 states left on queue.
Progress(13) at 2026-03-08 22:19:26: 208,869,345 states generated (283,474 s/min), 18,905,789 distinct states found (31,973 ds/min), 12,374,663 states left on queue.
Progress(13) at 2026-03-08 22:20:26: 209,152,690 states generated (283,345 s/min), 18,936,644 distinct states found (30,855 ds/min), 12,396,717 states left on queue.
Progress(13) at 2026-03-08 22:21:26: 209,434,195 states generated (281,505 s/min), 18,970,486 distinct states found (33,842 ds/min), 12,421,886 states left on queue.
Progress(13) at 2026-03-08 22:22:26: 209,723,575 states generated (289,380 s/min), 18,993,775 distinct states found (23,289 ds/min), 12,435,729 states left on queue.
Progress(13) at 2026-03-08 22:23:26: 210,011,074 states generated (287,499 s/min), 19,020,316 distinct states found (26,541 ds/min), 12,452,678 states left on queue.
Progress(13) at 2026-03-08 22:24:26: 210,296,847 states generated (285,773 s/min), 19,051,388 distinct states found (31,072 ds/min), 12,474,452 states left on queue.
Progress(13) at 2026-03-08 22:25:26: 210,574,820 states generated (277,973 s/min), 19,077,288 distinct states found (25,900 ds/min), 12,491,184 states left on queue.
Progress(13) at 2026-03-08 22:26:26: 210,865,928 states generated (291,108 s/min), 19,103,253 distinct states found (25,965 ds/min), 12,507,375 states left on queue.
Progress(13) at 2026-03-08 22:27:26: 211,146,129 states generated (280,201 s/min), 19,128,433 distinct states found (25,180 ds/min), 12,523,336 states left on queue.
Progress(13) at 2026-03-08 22:28:26: 211,429,568 states generated (283,439 s/min), 19,160,276 distinct states found (31,843 ds/min), 12,545,851 states left on queue.
Progress(13) at 2026-03-08 22:29:26: 211,710,271 states generated (280,703 s/min), 19,183,291 distinct states found (23,015 ds/min), 12,558,965 states left on queue.
Progress(13) at 2026-03-08 22:30:26: 211,986,577 states generated (276,306 s/min), 19,209,539 distinct states found (26,248 ds/min), 12,576,128 states left on queue.
Progress(13) at 2026-03-08 22:31:26: 212,257,917 states generated (271,340 s/min), 19,239,833 distinct states found (30,294 ds/min), 12,597,580 states left on queue.
Progress(13) at 2026-03-08 22:32:26: 212,526,197 states generated (268,280 s/min), 19,262,042 distinct states found (22,209 ds/min), 12,610,666 states left on queue.
Progress(13) at 2026-03-08 22:33:26: 212,809,619 states generated (283,422 s/min), 19,288,305 distinct states found (26,263 ds/min), 12,627,245 states left on queue.
Progress(13) at 2026-03-08 22:34:26: 213,072,900 states generated (263,281 s/min), 19,316,864 distinct states found (28,559 ds/min), 12,647,219 states left on queue.
Progress(13) at 2026-03-08 22:35:26: 213,331,226 states generated (258,326 s/min), 19,335,354 distinct states found (18,490 ds/min), 12,656,912 states left on queue.
Progress(13) at 2026-03-08 22:36:26: 213,607,914 states generated (276,688 s/min), 19,364,296 distinct states found (28,942 ds/min), 12,676,586 states left on queue.
Progress(13) at 2026-03-08 22:37:26: 213,880,316 states generated (272,402 s/min), 19,389,154 distinct states found (24,858 ds/min), 12,692,427 states left on queue.
Progress(13) at 2026-03-08 22:38:26: 214,135,677 states generated (255,361 s/min), 19,410,812 distinct states found (21,658 ds/min), 12,705,354 states left on queue.
Progress(13) at 2026-03-08 22:39:26: 214,396,100 states generated (260,423 s/min), 19,436,723 distinct states found (25,911 ds/min), 12,722,650 states left on queue.
Progress(13) at 2026-03-08 22:40:26: 214,670,176 states generated (274,076 s/min), 19,458,193 distinct states found (21,470 ds/min), 12,735,088 states left on queue.
Progress(13) at 2026-03-08 22:41:26: 214,950,125 states generated (279,949 s/min), 19,481,729 distinct states found (23,536 ds/min), 12,749,336 states left on queue.
Progress(13) at 2026-03-08 22:42:26: 215,234,179 states generated (284,054 s/min), 19,504,787 distinct states found (23,058 ds/min), 12,763,047 states left on queue.
Progress(13) at 2026-03-08 22:43:26: 215,505,618 states generated (271,439 s/min), 19,526,378 distinct states found (21,591 ds/min), 12,775,581 states left on queue.
Progress(13) at 2026-03-08 22:44:26: 215,785,724 states generated (280,106 s/min), 19,546,615 distinct states found (20,237 ds/min), 12,786,502 states left on queue.
Progress(13) at 2026-03-08 22:45:26: 216,060,826 states generated (275,102 s/min), 19,568,548 distinct states found (21,933 ds/min), 12,799,287 states left on queue.
Checkpointing of run states/26-03-08-10-15-53
Checkpointing completed at (2026-03-08 22:46:27)
Progress(13) at 2026-03-08 22:46:27: 216,347,743 states generated (286,917 s/min), 19,590,139 distinct states found (21,591 ds/min), 12,811,290 states left on queue.
Progress(13) at 2026-03-08 22:47:27: 216,635,950 states generated (288,207 s/min), 19,610,009 distinct states found (19,870 ds/min), 12,821,536 states left on queue.
Progress(13) at 2026-03-08 22:48:27: 216,908,511 states generated (272,561 s/min), 19,631,660 distinct states found (21,651 ds/min), 12,834,129 states left on queue.
Progress(13) at 2026-03-08 22:49:27: 217,195,409 states generated (286,898 s/min), 19,651,168 distinct states found (19,508 ds/min), 12,844,133 states left on queue.
Progress(13) at 2026-03-08 22:50:27: 217,465,872 states generated (270,463 s/min), 19,668,712 distinct states found (17,544 ds/min), 12,852,642 states left on queue.
Progress(13) at 2026-03-08 22:51:27: 217,751,881 states generated (286,009 s/min), 19,686,332 distinct states found (17,620 ds/min), 12,860,682 states left on queue.
Progress(13) at 2026-03-08 22:52:27: 218,014,414 states generated (262,533 s/min), 19,705,562 distinct states found (19,230 ds/min), 12,870,871 states left on queue.
Progress(13) at 2026-03-08 22:53:27: 218,275,588 states generated (261,174 s/min), 19,729,247 distinct states found (23,685 ds/min), 12,885,638 states left on queue.
Progress(13) at 2026-03-08 22:54:27: 218,556,138 states generated (280,550 s/min), 19,757,193 distinct states found (27,946 ds/min), 12,904,096 states left on queue.
Progress(13) at 2026-03-08 22:55:27: 218,800,099 states generated (243,961 s/min), 19,778,499 distinct states found (21,306 ds/min), 12,916,965 states left on queue.
Progress(13) at 2026-03-08 22:56:27: 219,048,843 states generated (248,744 s/min), 19,801,076 distinct states found (22,577 ds/min), 12,931,025 states left on queue.
Progress(13) at 2026-03-08 22:57:27: 219,327,385 states generated (278,542 s/min), 19,828,662 distinct states found (27,586 ds/min), 12,949,222 states left on queue.
Progress(13) at 2026-03-08 22:58:27: 219,587,553 states generated (260,168 s/min), 19,854,391 distinct states found (25,729 ds/min), 12,966,318 states left on queue.
Progress(13) at 2026-03-08 22:59:27: 219,830,948 states generated (243,395 s/min), 19,874,172 distinct states found (19,781 ds/min), 12,978,259 states left on queue.
Progress(13) at 2026-03-08 23:00:27: 220,066,261 states generated (235,313 s/min), 19,892,313 distinct states found (18,141 ds/min), 12,988,821 states left on queue.
Progress(13) at 2026-03-08 23:01:27: 220,329,911 states generated (263,650 s/min), 19,913,079 distinct states found (20,766 ds/min), 13,001,075 states left on queue.
Progress(13) at 2026-03-08 23:02:27: 220,615,300 states generated (285,389 s/min), 19,938,223 distinct states found (25,144 ds/min), 13,016,976 states left on queue.
Progress(13) at 2026-03-08 23:03:27: 220,858,538 states generated (243,238 s/min), 19,959,520 distinct states found (21,297 ds/min), 13,030,353 states left on queue.
Progress(13) at 2026-03-08 23:04:27: 221,098,550 states generated (240,012 s/min), 19,976,629 distinct states found (17,109 ds/min), 13,039,620 states left on queue.
Progress(13) at 2026-03-08 23:05:27: 221,333,934 states generated (235,384 s/min), 19,998,225 distinct states found (21,596 ds/min), 13,053,531 states left on queue.
Progress(13) at 2026-03-08 23:06:27: 221,582,572 states generated (248,638 s/min), 20,021,190 distinct states found (22,965 ds/min), 13,068,368 states left on queue.
Progress(13) at 2026-03-08 23:07:27: 221,851,284 states generated (268,712 s/min), 20,045,335 distinct states found (24,145 ds/min), 13,083,798 states left on queue.
Progress(13) at 2026-03-08 23:08:27: 222,127,254 states generated (275,970 s/min), 20,067,052 distinct states found (21,717 ds/min), 13,096,571 states left on queue.
Progress(13) at 2026-03-08 23:09:27: 222,395,875 states generated (268,621 s/min), 20,087,745 distinct states found (20,693 ds/min), 13,108,568 states left on queue.
Progress(13) at 2026-03-08 23:10:27: 222,677,498 states generated (281,623 s/min), 20,109,886 distinct states found (22,141 ds/min), 13,121,495 states left on queue.
Progress(13) at 2026-03-08 23:11:27: 222,953,881 states generated (276,383 s/min), 20,131,216 distinct states found (21,330 ds/min), 13,133,739 states left on queue.
Progress(13) at 2026-03-08 23:12:27: 223,230,610 states generated (276,729 s/min), 20,153,717 distinct states found (22,501 ds/min), 13,147,161 states left on queue.
Progress(13) at 2026-03-08 23:13:27: 223,511,829 states generated (281,219 s/min), 20,177,872 distinct states found (24,155 ds/min), 13,162,083 states left on queue.
Progress(13) at 2026-03-08 23:14:27: 223,780,852 states generated (269,023 s/min), 20,199,999 distinct states found (22,127 ds/min), 13,175,426 states left on queue.
Progress(13) at 2026-03-08 23:15:27: 224,050,462 states generated (269,610 s/min), 20,219,886 distinct states found (19,887 ds/min), 13,186,437 states left on queue.
Checkpointing of run states/26-03-08-10-15-53
Checkpointing completed at (2026-03-08 23:16:28)
Progress(13) at 2026-03-08 23:16:28: 224,328,627 states generated (278,165 s/min), 20,239,847 distinct states found (19,961 ds/min), 13,197,182 states left on queue.
Progress(13) at 2026-03-08 23:17:28: 224,612,003 states generated (283,376 s/min), 20,261,587 distinct states found (21,740 ds/min), 13,209,507 states left on queue.
Progress(13) at 2026-03-08 23:18:28: 224,890,662 states generated (278,659 s/min), 20,283,806 distinct states found (22,219 ds/min), 13,222,052 states left on queue.
Progress(13) at 2026-03-08 23:19:28: 225,168,759 states generated (278,097 s/min), 20,306,755 distinct states found (22,949 ds/min), 13,235,137 states left on queue.
Progress(13) at 2026-03-08 23:20:28: 225,451,093 states generated (282,334 s/min), 20,329,869 distinct states found (23,114 ds/min), 13,248,449 states left on queue.
Progress(13) at 2026-03-08 23:21:28: 225,725,057 states generated (273,964 s/min), 20,350,777 distinct states found (20,908 ds/min), 13,259,848 states left on queue.
Progress(13) at 2026-03-08 23:22:28: 226,008,347 states generated (283,290 s/min), 20,373,546 distinct states found (22,769 ds/min), 13,272,779 states left on queue.
Progress(13) at 2026-03-08 23:23:28: 226,280,097 states generated (271,750 s/min), 20,394,340 distinct states found (20,794 ds/min), 13,284,148 states left on queue.
Progress(13) at 2026-03-08 23:24:28: 226,557,100 states generated (277,003 s/min), 20,415,288 distinct states found (20,948 ds/min), 13,295,487 states left on queue.
Progress(13) at 2026-03-08 23:25:28: 226,833,628 states generated (276,528 s/min), 20,436,299 distinct states found (21,011 ds/min), 13,306,832 states left on queue.
Progress(13) at 2026-03-08 23:26:28: 227,114,182 states generated (280,554 s/min), 20,456,687 distinct states found (20,388 ds/min), 13,317,419 states left on queue.
Progress(13) at 2026-03-08 23:27:28: 227,393,430 states generated (279,248 s/min), 20,476,473 distinct states found (19,786 ds/min), 13,327,473 states left on queue.
Progress(13) at 2026-03-08 23:28:28: 227,670,547 states generated (277,117 s/min), 20,494,650 distinct states found (18,177 ds/min), 13,335,957 states left on queue.
Progress(13) at 2026-03-08 23:29:28: 227,951,749 states generated (281,202 s/min), 20,510,743 distinct states found (16,093 ds/min), 13,342,168 states left on queue.
Progress(13) at 2026-03-08 23:30:28: 228,238,366 states generated (286,617 s/min), 20,533,919 distinct states found (23,176 ds/min), 13,355,584 states left on queue.
Progress(13) at 2026-03-08 23:31:28: 228,516,750 states generated (278,384 s/min), 20,562,220 distinct states found (28,301 ds/min), 13,374,414 states left on queue.
Progress(13) at 2026-03-08 23:32:28: 228,809,679 states generated (292,929 s/min), 20,585,777 distinct states found (23,557 ds/min), 13,388,237 states left on queue.
Progress(13) at 2026-03-08 23:33:28: 229,087,097 states generated (277,418 s/min), 20,611,930 distinct states found (26,153 ds/min), 13,405,322 states left on queue.
Progress(13) at 2026-03-08 23:34:28: 229,366,131 states generated (279,034 s/min), 20,649,163 distinct states found (37,233 ds/min), 13,433,259 states left on queue.
Progress(13) at 2026-03-08 23:35:28: 229,655,657 states generated (289,526 s/min), 20,673,764 distinct states found (24,601 ds/min), 13,448,305 states left on queue.
Progress(13) at 2026-03-08 23:36:28: 229,929,673 states generated (274,016 s/min), 20,716,235 distinct states found (42,471 ds/min), 13,481,987 states left on queue.
Progress(13) at 2026-03-08 23:37:28: 230,213,515 states generated (283,842 s/min), 20,756,735 distinct states found (40,500 ds/min), 13,513,771 states left on queue.
Progress(13) at 2026-03-08 23:38:28: 230,500,060 states generated (286,545 s/min), 20,794,817 distinct states found (38,082 ds/min), 13,543,199 states left on queue.
Progress(13) at 2026-03-08 23:39:28: 230,793,700 states generated (293,640 s/min), 20,826,350 distinct states found (31,533 ds/min), 13,565,317 states left on queue.
Progress(13) at 2026-03-08 23:40:28: 231,084,625 states generated (290,925 s/min), 20,851,241 distinct states found (24,891 ds/min), 13,580,461 states left on queue.
Progress(13) at 2026-03-08 23:41:28: 231,370,040 states generated (285,415 s/min), 20,879,405 distinct states found (28,164 ds/min), 13,598,902 states left on queue.
Progress(13) at 2026-03-08 23:42:28: 231,666,112 states generated (296,072 s/min), 20,904,390 distinct states found (24,985 ds/min), 13,614,146 states left on queue.
Progress(13) at 2026-03-08 23:43:28: 231,960,496 states generated (294,384 s/min), 20,932,268 distinct states found (27,878 ds/min), 13,632,211 states left on queue.
Progress(13) at 2026-03-08 23:44:28: 232,246,025 states generated (285,529 s/min), 20,969,335 distinct states found (37,067 ds/min), 13,660,017 states left on queue.
Progress(13) at 2026-03-08 23:45:28: 232,529,243 states generated (283,218 s/min), 21,000,853 distinct states found (31,518 ds/min), 13,682,068 states left on queue.
Checkpointing of run states/26-03-08-10-15-53
Checkpointing completed at (2026-03-08 23:46:28)
Progress(13) at 2026-03-08 23:46:28: 232,824,326 states generated (295,083 s/min), 21,043,602 distinct states found (42,749 ds/min), 13,715,645 states left on queue.
Progress(13) at 2026-03-08 23:47:28: 233,138,483 states generated (314,157 s/min), 21,086,426 distinct states found (42,824 ds/min), 13,749,000 states left on queue.
Progress(13) at 2026-03-08 23:48:28: 233,445,254 states generated (306,771 s/min), 21,123,488 distinct states found (37,062 ds/min), 13,776,274 states left on queue.
Progress(13) at 2026-03-08 23:49:28: 233,751,557 states generated (306,303 s/min), 21,149,785 distinct states found (26,297 ds/min), 13,792,388 states left on queue.
Progress(13) at 2026-03-08 23:50:28: 234,059,105 states generated (307,548 s/min), 21,179,584 distinct states found (29,799 ds/min), 13,811,761 states left on queue.
Progress(13) at 2026-03-08 23:51:28: 234,370,904 states generated (311,799 s/min), 21,206,750 distinct states found (27,166 ds/min), 13,828,559 states left on queue.
Progress(13) at 2026-03-08 23:52:28: 234,679,047 states generated (308,143 s/min), 21,234,036 distinct states found (27,286 ds/min), 13,845,651 states left on queue.
Progress(13) at 2026-03-08 23:53:28: 234,983,384 states generated (304,337 s/min), 21,272,003 distinct states found (37,967 ds/min), 13,873,720 states left on queue.
Progress(13) at 2026-03-08 23:54:28: 235,290,875 states generated (307,491 s/min), 21,308,298 distinct states found (36,295 ds/min), 13,899,790 states left on queue.
Progress(13) at 2026-03-08 23:55:28: 235,590,915 states generated (300,040 s/min), 21,351,472 distinct states found (43,174 ds/min), 13,933,639 states left on queue.
Progress(13) at 2026-03-08 23:56:28: 235,894,299 states generated (303,384 s/min), 21,391,933 distinct states found (40,461 ds/min), 13,965,011 states left on queue.
Progress(13) at 2026-03-08 23:57:28: 236,187,792 states generated (293,493 s/min), 21,425,200 distinct states found (33,267 ds/min), 13,988,890 states left on queue.
Progress(13) at 2026-03-08 23:58:28: 236,478,732 states generated (290,940 s/min), 21,449,636 distinct states found (24,436 ds/min), 14,003,626 states left on queue.
Progress(13) at 2026-03-08 23:59:28: 236,770,189 states generated (291,457 s/min), 21,477,481 distinct states found (27,845 ds/min), 14,021,541 states left on queue.
Progress(13) at 2026-03-09 00:00:28: 237,065,064 states generated (294,875 s/min), 21,503,170 distinct states found (25,689 ds/min), 14,037,543 states left on queue.
Progress(13) at 2026-03-09 00:01:28: 237,358,624 states generated (293,560 s/min), 21,531,208 distinct states found (28,038 ds/min), 14,055,748 states left on queue.
Progress(13) at 2026-03-09 00:02:28: 237,651,601 states generated (292,977 s/min), 21,566,056 distinct states found (34,848 ds/min), 14,081,094 states left on queue.
Progress(13) at 2026-03-09 00:03:28: 237,947,140 states generated (295,539 s/min), 21,601,882 distinct states found (35,826 ds/min), 14,107,115 states left on queue.
Progress(13) at 2026-03-09 00:04:28: 238,251,334 states generated (304,194 s/min), 21,643,833 distinct states found (41,951 ds/min), 14,139,816 states left on queue.
Progress(13) at 2026-03-09 00:05:28: 238,566,496 states generated (315,162 s/min), 21,687,047 distinct states found (43,214 ds/min), 14,173,287 states left on queue.
Progress(13) at 2026-03-09 00:06:28: 238,889,214 states generated (322,718 s/min), 21,719,593 distinct states found (32,546 ds/min), 14,195,541 states left on queue.
Progress(13) at 2026-03-09 00:07:28: 239,196,671 states generated (307,457 s/min), 21,741,927 distinct states found (22,334 ds/min), 14,208,364 states left on queue.
Progress(13) at 2026-03-09 00:08:28: 239,507,852 states generated (311,181 s/min), 21,767,879 distinct states found (25,952 ds/min), 14,224,541 states left on queue.
Progress(13) at 2026-03-09 00:09:28: 239,825,219 states generated (317,367 s/min), 21,793,928 distinct states found (26,049 ds/min), 14,240,570 states left on queue.
Progress(13) at 2026-03-09 00:10:28: 240,140,302 states generated (315,083 s/min), 21,817,835 distinct states found (23,907 ds/min), 14,254,616 states left on queue.
Progress(13) at 2026-03-09 00:11:28: 240,452,628 states generated (312,326 s/min), 21,843,647 distinct states found (25,812 ds/min), 14,270,559 states left on queue.
Progress(13) at 2026-03-09 00:12:28: 240,770,737 states generated (318,109 s/min), 21,867,899 distinct states found (24,252 ds/min), 14,284,786 states left on queue.
Progress(13) at 2026-03-09 00:13:28: 241,087,759 states generated (317,022 s/min), 21,894,967 distinct states found (27,068 ds/min), 14,301,837 states left on queue.
Progress(13) at 2026-03-09 00:14:28: 241,403,209 states generated (315,450 s/min), 21,921,582 distinct states found (26,615 ds/min), 14,318,470 states left on queue.
Progress(13) at 2026-03-09 00:15:28: 241,719,175 states generated (315,966 s/min), 21,947,515 distinct states found (25,933 ds/min), 14,334,407 states left on queue.
Checkpointing of run states/26-03-08-10-15-53
Checkpointing completed at (2026-03-09 00:16:29)
Progress(13) at 2026-03-09 00:16:29: 242,039,314 states generated (320,139 s/min), 21,984,793 distinct states found (37,278 ds/min), 14,361,836 states left on queue.
Progress(13) at 2026-03-09 00:17:29: 242,363,850 states generated (324,536 s/min), 22,025,157 distinct states found (40,364 ds/min), 14,392,656 states left on queue.
Progress(13) at 2026-03-09 00:18:29: 242,692,646 states generated (328,796 s/min), 22,057,132 distinct states found (31,975 ds/min), 14,414,395 states left on queue.
Progress(13) at 2026-03-09 00:19:29: 243,013,904 states generated (321,258 s/min), 22,099,705 distinct states found (42,573 ds/min), 14,447,450 states left on queue.
Progress(13) at 2026-03-09 00:20:29: 243,339,254 states generated (325,350 s/min), 22,139,816 distinct states found (40,111 ds/min), 14,477,726 states left on queue.
Progress(13) at 2026-03-09 00:21:29: 243,663,051 states generated (323,797 s/min), 22,168,520 distinct states found (28,704 ds/min), 14,496,369 states left on queue.
Progress(13) at 2026-03-09 00:22:29: 243,984,104 states generated (321,053 s/min), 22,200,150 distinct states found (31,630 ds/min), 14,517,862 states left on queue.
Progress(13) at 2026-03-09 00:23:29: 244,294,751 states generated (310,647 s/min), 22,239,956 distinct states found (39,806 ds/min), 14,548,524 states left on queue.
Progress(13) at 2026-03-09 00:24:29: 244,611,279 states generated (316,528 s/min), 22,277,999 distinct states found (38,043 ds/min), 14,576,937 states left on queue.
Progress(13) at 2026-03-09 00:25:29: 244,929,147 states generated (317,868 s/min), 22,312,519 distinct states found (34,520 ds/min), 14,601,634 states left on queue.
Progress(13) at 2026-03-09 00:26:29: 245,238,505 states generated (309,358 s/min), 22,352,411 distinct states found (39,892 ds/min), 14,632,474 states left on queue.
Progress(13) at 2026-03-09 00:27:29: 245,546,637 states generated (308,132 s/min), 22,391,115 distinct states found (38,704 ds/min), 14,661,795 states left on queue.
Progress(13) at 2026-03-09 00:28:29: 245,858,768 states generated (312,131 s/min), 22,416,850 distinct states found (25,735 ds/min), 14,677,823 states left on queue.
Progress(13) at 2026-03-09 00:29:29: 246,166,531 states generated (307,763 s/min), 22,440,014 distinct states found (23,164 ds/min), 14,691,402 states left on queue.
Progress(13) at 2026-03-09 00:30:29: 246,475,933 states generated (309,402 s/min), 22,463,689 distinct states found (23,675 ds/min), 14,705,211 states left on queue.
Progress(13) at 2026-03-09 00:31:29: 246,778,009 states generated (302,076 s/min), 22,484,750 distinct states found (21,061 ds/min), 14,716,779 states left on queue.
Progress(13) at 2026-03-09 00:32:29: 247,082,991 states generated (304,982 s/min), 22,508,637 distinct states found (23,887 ds/min), 14,730,960 states left on queue.
Progress(13) at 2026-03-09 00:33:29: 247,382,962 states generated (299,971 s/min), 22,529,525 distinct states found (20,888 ds/min), 14,742,331 states left on queue.
Progress(13) at 2026-03-09 00:34:29: 247,686,887 states generated (303,925 s/min), 22,553,561 distinct states found (24,036 ds/min), 14,756,688 states left on queue.
Progress(13) at 2026-03-09 00:35:29: 247,995,987 states generated (309,100 s/min), 22,576,246 distinct states found (22,685 ds/min), 14,769,524 states left on queue.
Progress(13) at 2026-03-09 00:36:29: 248,306,051 states generated (310,064 s/min), 22,611,740 distinct states found (35,494 ds/min), 14,795,667 states left on queue.
Progress(13) at 2026-03-09 00:37:29: 248,619,347 states generated (313,296 s/min), 22,641,744 distinct states found (30,004 ds/min), 14,815,954 states left on queue.
Progress(13) at 2026-03-09 00:38:29: 248,924,152 states generated (304,805 s/min), 22,680,123 distinct states found (38,379 ds/min), 14,845,218 states left on queue.
Progress(13) at 2026-03-09 00:39:29: 249,236,936 states generated (312,784 s/min), 22,709,760 distinct states found (29,637 ds/min), 14,865,152 states left on queue.
Progress(13) at 2026-03-09 00:40:29: 249,546,496 states generated (309,560 s/min), 22,737,346 distinct states found (27,586 ds/min), 14,883,002 states left on queue.
Progress(13) at 2026-03-09 00:41:29: 249,860,852 states generated (314,356 s/min), 22,776,398 distinct states found (39,052 ds/min), 14,912,582 states left on queue.
Progress(13) at 2026-03-09 00:42:29: 250,173,872 states generated (313,020 s/min), 22,807,384 distinct states found (30,986 ds/min), 14,933,958 states left on queue.
Progress(13) at 2026-03-09 00:43:29: 250,484,532 states generated (310,660 s/min), 22,847,592 distinct states found (40,208 ds/min), 14,964,807 states left on queue.
Progress(13) at 2026-03-09 00:44:29: 250,796,956 states generated (312,424 s/min), 22,875,977 distinct states found (28,385 ds/min), 14,983,497 states left on queue.
Progress(13) at 2026-03-09 00:45:29: 251,102,872 states generated (305,916 s/min), 22,898,219 distinct states found (22,242 ds/min), 14,996,077 states left on queue.
Checkpointing of run states/26-03-08-10-15-53
Checkpointing completed at (2026-03-09 00:46:33)
Progress(13) at 2026-03-09 00:46:33: 251,431,951 states generated (329,079 s/min), 22,923,384 distinct states found (25,165 ds/min), 15,010,669 states left on queue.
Progress(13) at 2026-03-09 00:47:33: 251,741,195 states generated (309,244 s/min), 22,946,041 distinct states found (22,657 ds/min), 15,023,475 states left on queue.
Progress(13) at 2026-03-09 00:48:33: 252,052,956 states generated (311,761 s/min), 22,968,504 distinct states found (22,463 ds/min), 15,035,928 states left on queue.
Progress(13) at 2026-03-09 00:49:33: 252,356,103 states generated (303,147 s/min), 22,991,389 distinct states found (22,885 ds/min), 15,049,117 states left on queue.
Progress(13) at 2026-03-09 00:50:33: 252,658,583 states generated (302,480 s/min), 23,014,916 distinct states found (23,527 ds/min), 15,062,911 states left on queue.
Progress(13) at 2026-03-09 00:51:33: 252,969,882 states generated (311,299 s/min), 23,044,494 distinct states found (29,578 ds/min), 15,082,605 states left on queue.
Progress(13) at 2026-03-09 00:52:33: 253,279,278 states generated (309,396 s/min), 23,079,506 distinct states found (35,012 ds/min), 15,108,050 states left on queue.
Progress(13) at 2026-03-09 00:53:33: 253,589,752 states generated (310,474 s/min), 23,113,697 distinct states found (34,191 ds/min), 15,132,582 states left on queue.
Progress(13) at 2026-03-09 00:54:33: 253,903,678 states generated (313,926 s/min), 23,146,464 distinct states found (32,767 ds/min), 15,155,636 states left on queue.
Progress(13) at 2026-03-09 00:55:33: 254,213,816 states generated (310,138 s/min), 23,170,582 distinct states found (24,118 ds/min), 15,169,810 states left on queue.
Progress(13) at 2026-03-09 00:56:33: 254,524,151 states generated (310,335 s/min), 23,210,386 distinct states found (39,804 ds/min), 15,200,069 states left on queue.
Progress(13) at 2026-03-09 00:57:33: 254,842,975 states generated (318,824 s/min), 23,241,114 distinct states found (30,728 ds/min), 15,220,819 states left on queue.
Progress(13) at 2026-03-09 00:58:33: 255,149,805 states generated (306,830 s/min), 23,280,968 distinct states found (39,854 ds/min), 15,251,263 states left on queue.
Progress(13) at 2026-03-09 00:59:33: 255,446,600 states generated (296,795 s/min), 23,306,504 distinct states found (25,536 ds/min), 15,267,152 states left on queue.
Progress(13) at 2026-03-09 01:00:33: 255,757,537 states generated (310,937 s/min), 23,335,655 distinct states found (29,151 ds/min), 15,285,471 states left on queue.
Progress(13) at 2026-03-09 01:01:33: 256,080,661 states generated (323,124 s/min), 23,372,818 distinct states found (37,163 ds/min), 15,312,208 states left on queue.
Progress(13) at 2026-03-09 01:02:33: 256,402,720 states generated (322,059 s/min), 23,403,109 distinct states found (30,291 ds/min), 15,331,681 states left on queue.
Progress(13) at 2026-03-09 01:03:33: 256,718,622 states generated (315,902 s/min), 23,430,741 distinct states found (27,632 ds/min), 15,348,291 states left on queue.
Progress(13) at 2026-03-09 01:04:33: 257,023,825 states generated (305,203 s/min), 23,466,205 distinct states found (35,464 ds/min), 15,373,919 states left on queue.
Progress(13) at 2026-03-09 01:05:33: 257,337,967 states generated (314,142 s/min), 23,493,285 distinct states found (27,080 ds/min), 15,390,541 states left on queue.
Progress(13) at 2026-03-09 01:06:33: 257,635,177 states generated (297,210 s/min), 23,516,013 distinct states found (22,728 ds/min), 15,403,263 states left on queue.
Progress(13) at 2026-03-09 01:07:33: 257,921,714 states generated (286,537 s/min), 23,549,609 distinct states found (33,596 ds/min), 15,427,669 states left on queue.
Progress(13) at 2026-03-09 01:08:33: 258,214,302 states generated (292,588 s/min), 23,575,303 distinct states found (25,694 ds/min), 15,443,694 states left on queue.
Progress(13) at 2026-03-09 01:09:33: 258,509,561 states generated (295,259 s/min), 23,598,183 distinct states found (22,880 ds/min), 15,456,585 states left on queue.
Progress(13) at 2026-03-09 01:10:33: 258,795,061 states generated (285,500 s/min), 23,629,317 distinct states found (31,134 ds/min), 15,478,486 states left on queue.
Progress(13) at 2026-03-09 01:11:33: 259,089,298 states generated (294,237 s/min), 23,650,318 distinct states found (21,001 ds/min), 15,489,531 states left on queue.
Progress(13) at 2026-03-09 01:12:33: 259,372,656 states generated (283,358 s/min), 23,679,333 distinct states found (29,015 ds/min), 15,509,008 states left on queue.
Progress(13) at 2026-03-09 01:13:33: 259,658,338 states generated (285,682 s/min), 23,706,146 distinct states found (26,813 ds/min), 15,526,378 states left on queue.
Progress(13) at 2026-03-09 01:14:33: 259,949,924 states generated (291,586 s/min), 23,730,496 distinct states found (24,350 ds/min), 15,540,675 states left on queue.
Progress(13) at 2026-03-09 01:15:33: 260,235,453 states generated (285,529 s/min), 23,759,874 distinct states found (29,378 ds/min), 15,560,750 states left on queue.
Checkpointing of run states/26-03-08-10-15-53
Checkpointing completed at (2026-03-09 01:16:37)
Progress(13) at 2026-03-09 01:16:37: 260,539,764 states generated (304,311 s/min), 23,783,198 distinct states found (23,324 ds/min), 15,574,011 states left on queue.
Progress(13) at 2026-03-09 01:17:37: 260,818,537 states generated (278,773 s/min), 23,806,845 distinct states found (23,647 ds/min), 15,588,366 states left on queue.
Progress(13) at 2026-03-09 01:18:37: 261,099,263 states generated (280,726 s/min), 23,828,712 distinct states found (21,867 ds/min), 15,600,915 states left on queue.
Progress(13) at 2026-03-09 01:19:37: 261,384,059 states generated (284,796 s/min), 23,850,997 distinct states found (22,285 ds/min), 15,613,716 states left on queue.
Progress(13) at 2026-03-09 01:20:37: 261,643,106 states generated (259,047 s/min), 23,869,392 distinct states found (18,395 ds/min), 15,623,504 states left on queue.
Progress(13) at 2026-03-09 01:21:37: 261,898,654 states generated (255,548 s/min), 23,890,887 distinct states found (21,495 ds/min), 15,636,548 states left on queue.
Progress(13) at 2026-03-09 01:22:37: 262,190,390 states generated (291,736 s/min), 23,912,346 distinct states found (21,459 ds/min), 15,648,331 states left on queue.
Progress(13) at 2026-03-09 01:23:37: 262,481,116 states generated (290,726 s/min), 23,933,226 distinct states found (20,880 ds/min), 15,659,508 states left on queue.
Progress(13) at 2026-03-09 01:24:37: 262,761,332 states generated (280,216 s/min), 23,952,605 distinct states found (19,379 ds/min), 15,669,527 states left on queue.
Progress(13) at 2026-03-09 01:25:37: 263,022,585 states generated (261,253 s/min), 23,970,580 distinct states found (17,975 ds/min), 15,678,823 states left on queue.
Progress(13) at 2026-03-09 01:26:37: 263,300,931 states generated (278,346 s/min), 23,989,299 distinct states found (18,719 ds/min), 15,688,292 states left on queue.
Progress(13) at 2026-03-09 01:27:37: 263,596,250 states generated (295,319 s/min), 24,006,517 distinct states found (17,218 ds/min), 15,695,604 states left on queue.
Progress(13) at 2026-03-09 01:28:37: 263,886,990 states generated (290,740 s/min), 24,029,954 distinct states found (23,437 ds/min), 15,709,169 states left on queue.
Progress(13) at 2026-03-09 01:29:37: 264,176,676 states generated (289,686 s/min), 24,058,894 distinct states found (28,940 ds/min), 15,728,275 states left on queue.
Progress(13) at 2026-03-09 01:30:37: 264,470,218 states generated (293,542 s/min), 24,082,246 distinct states found (23,352 ds/min), 15,741,860 states left on queue.
Progress(13) at 2026-03-09 01:31:37: 264,751,744 states generated (281,526 s/min), 24,109,004 distinct states found (26,758 ds/min), 15,759,413 states left on queue.
Progress(13) at 2026-03-09 01:32:37: 265,030,423 states generated (278,679 s/min), 24,146,025 distinct states found (37,021 ds/min), 15,787,153 states left on queue.
Progress(13) at 2026-03-09 01:33:37: 265,322,030 states generated (291,607 s/min), 24,170,473 distinct states found (24,448 ds/min), 15,802,004 states left on queue.
Progress(13) at 2026-03-09 01:34:37: 265,609,217 states generated (287,187 s/min), 24,215,132 distinct states found (44,659 ds/min), 15,837,451 states left on queue.
Progress(13) at 2026-03-09 01:35:37: 265,895,649 states generated (286,432 s/min), 24,256,509 distinct states found (41,377 ds/min), 15,870,032 states left on queue.
Progress(13) at 2026-03-09 01:36:37: 266,149,696 states generated (254,047 s/min), 24,289,677 distinct states found (33,168 ds/min), 15,895,523 states left on queue.
Progress(13) at 2026-03-09 01:37:37: 266,446,507 states generated (296,811 s/min), 24,322,499 distinct states found (32,822 ds/min), 15,918,858 states left on queue.
Progress(13) at 2026-03-09 01:38:37: 266,737,413 states generated (290,906 s/min), 24,347,383 distinct states found (24,884 ds/min), 15,934,028 states left on queue.
Progress(13) at 2026-03-09 01:39:37: 267,033,419 states generated (296,006 s/min), 24,376,336 distinct states found (28,953 ds/min), 15,952,900 states left on queue.
Progress(13) at 2026-03-09 01:40:37: 267,340,026 states generated (306,607 s/min), 24,402,473 distinct states found (26,137 ds/min), 15,968,947 states left on queue.
Progress(13) at 2026-03-09 01:41:37: 267,636,526 states generated (296,500 s/min), 24,430,946 distinct states found (28,473 ds/min), 15,987,512 states left on queue.
Progress(13) at 2026-03-09 01:42:37: 267,925,904 states generated (289,378 s/min), 24,467,537 distinct states found (36,591 ds/min), 16,014,732 states left on queue.
Progress(13) at 2026-03-09 01:43:37: 268,209,625 states generated (283,721 s/min), 24,499,887 distinct states found (32,350 ds/min), 16,037,614 states left on queue.
Progress(13) at 2026-03-09 01:44:37: 268,495,435 states generated (285,810 s/min), 24,541,193 distinct states found (41,306 ds/min), 16,070,049 states left on queue.
Progress(13) at 2026-03-09 01:45:37: 268,780,854 states generated (285,419 s/min), 24,580,155 distinct states found (38,962 ds/min), 16,100,378 states left on queue.
Checkpointing of run states/26-03-08-10-15-53
Checkpointing completed at (2026-03-09 01:46:42)
Progress(13) at 2026-03-09 01:46:42: 269,092,213 states generated (311,359 s/min), 24,618,826 distinct states found (38,671 ds/min), 16,129,191 states left on queue.
Progress(13) at 2026-03-09 01:47:42: 269,381,912 states generated (289,699 s/min), 24,642,820 distinct states found (23,994 ds/min), 16,143,636 states left on queue.
Progress(13) at 2026-03-09 01:48:42: 269,675,221 states generated (293,309 s/min), 24,672,584 distinct states found (29,764 ds/min), 16,163,455 states left on queue.
Progress(13) at 2026-03-09 01:49:42: 269,969,441 states generated (294,220 s/min), 24,695,792 distinct states found (23,208 ds/min), 16,176,818 states left on queue.
Progress(13) at 2026-03-09 01:50:42: 270,262,103 states generated (292,662 s/min), 24,723,109 distinct states found (27,317 ds/min), 16,194,564 states left on queue.
Progress(13) at 2026-03-09 01:51:42: 270,546,499 states generated (284,396 s/min), 24,759,063 distinct states found (35,954 ds/min), 16,221,093 states left on queue.
Progress(13) at 2026-03-09 01:52:42: 270,836,314 states generated (289,815 s/min), 24,786,158 distinct states found (27,095 ds/min), 16,238,505 states left on queue.
Progress(13) at 2026-03-09 01:53:42: 271,127,202 states generated (290,888 s/min), 24,830,194 distinct states found (44,036 ds/min), 16,273,354 states left on queue.
Progress(13) at 2026-03-09 01:54:42: 271,416,046 states generated (288,844 s/min), 24,869,452 distinct states found (39,258 ds/min), 16,303,855 states left on queue.
Progress(13) at 2026-03-09 01:55:42: 271,710,958 states generated (294,912 s/min), 24,908,186 distinct states found (38,734 ds/min), 16,333,397 states left on queue.
Progress(13) at 2026-03-09 01:56:42: 272,007,683 states generated (296,725 s/min), 24,935,012 distinct states found (26,826 ds/min), 16,350,642 states left on queue.
Progress(13) at 2026-03-09 01:57:42: 272,295,274 states generated (287,591 s/min), 24,962,562 distinct states found (27,550 ds/min), 16,368,409 states left on queue.
Progress(13) at 2026-03-09 01:58:42: 272,588,500 states generated (293,226 s/min), 24,986,868 distinct states found (24,306 ds/min), 16,382,829 states left on queue.
Progress(13) at 2026-03-09 01:59:42: 272,881,814 states generated (293,314 s/min), 25,014,275 distinct states found (27,407 ds/min), 16,400,648 states left on queue.
Progress(13) at 2026-03-09 02:00:42: 273,156,765 states generated (274,951 s/min), 25,047,033 distinct states found (32,758 ds/min), 16,424,279 states left on queue.
Progress(13) at 2026-03-09 02:01:42: 273,441,837 states generated (285,072 s/min), 25,072,222 distinct states found (25,189 ds/min), 16,440,074 states left on queue.
Progress(13) at 2026-03-09 02:02:42: 273,717,710 states generated (275,873 s/min), 25,113,686 distinct states found (41,464 ds/min), 16,472,626 states left on queue.
Progress(13) at 2026-03-09 02:03:42: 274,012,496 states generated (294,786 s/min), 25,154,505 distinct states found (40,819 ds/min), 16,504,490 states left on queue.
Progress(13) at 2026-03-09 02:04:42: 274,309,919 states generated (297,423 s/min), 25,193,236 distinct states found (38,731 ds/min), 16,533,988 states left on queue.
Progress(13) at 2026-03-09 02:05:42: 274,604,030 states generated (294,111 s/min), 25,219,999 distinct states found (26,763 ds/min), 16,551,450 states left on queue.
Progress(13) at 2026-03-09 02:06:42: 274,886,873 states generated (282,843 s/min), 25,240,272 distinct states found (20,273 ds/min), 16,562,934 states left on queue.
Progress(13) at 2026-03-09 02:07:42: 275,169,173 states generated (282,300 s/min), 25,264,519 distinct states found (24,247 ds/min), 16,578,298 states left on queue.
Progress(13) at 2026-03-09 02:08:42: 275,453,776 states generated (284,603 s/min), 25,288,273 distinct states found (23,754 ds/min), 16,593,090 states left on queue.
Progress(13) at 2026-03-09 02:09:42: 275,733,569 states generated (279,793 s/min), 25,307,747 distinct states found (19,474 ds/min), 16,603,750 states left on queue.
Progress(13) at 2026-03-09 02:10:42: 276,011,577 states generated (278,008 s/min), 25,330,859 distinct states found (23,112 ds/min), 16,618,094 states left on queue.
Progress(13) at 2026-03-09 02:11:42: 276,294,575 states generated (282,998 s/min), 25,355,740 distinct states found (24,881 ds/min), 16,634,038 states left on queue.
Progress(13) at 2026-03-09 02:12:42: 276,578,291 states generated (283,716 s/min), 25,377,292 distinct states found (21,552 ds/min), 16,646,674 states left on queue.
Progress(13) at 2026-03-09 02:13:42: 276,864,529 states generated (286,238 s/min), 25,401,638 distinct states found (24,346 ds/min), 16,661,931 states left on queue.
Progress(13) at 2026-03-09 02:14:42: 277,150,790 states generated (286,261 s/min), 25,424,125 distinct states found (22,487 ds/min), 16,675,372 states left on queue.
Progress(13) at 2026-03-09 02:15:42: 277,433,899 states generated (283,109 s/min), 25,447,337 distinct states found (23,212 ds/min), 16,689,646 states left on queue.
Checkpointing of run states/26-03-08-10-15-53
Checkpointing completed at (2026-03-09 02:16:43)
Progress(13) at 2026-03-09 02:16:43: 277,718,444 states generated (284,545 s/min), 25,484,657 distinct states found (37,320 ds/min), 16,718,321 states left on queue.
Progress(13) at 2026-03-09 02:17:43: 278,010,986 states generated (292,542 s/min), 25,520,666 distinct states found (36,009 ds/min), 16,745,712 states left on queue.
Progress(13) at 2026-03-09 02:18:43: 278,298,605 states generated (287,619 s/min), 25,547,200 distinct states found (26,534 ds/min), 16,763,314 states left on queue.
Progress(13) at 2026-03-09 02:19:43: 278,583,795 states generated (285,190 s/min), 25,585,344 distinct states found (38,144 ds/min), 16,792,786 states left on queue.
Progress(13) at 2026-03-09 02:20:43: 278,866,241 states generated (282,446 s/min), 25,620,533 distinct states found (35,189 ds/min), 16,819,730 states left on queue.
Progress(13) at 2026-03-09 02:21:43: 279,150,720 states generated (284,479 s/min), 25,650,223 distinct states found (29,690 ds/min), 16,840,590 states left on queue.
Progress(13) at 2026-03-09 02:22:43: 279,434,488 states generated (283,768 s/min), 25,675,212 distinct states found (24,989 ds/min), 16,856,649 states left on queue.
Progress(13) at 2026-03-09 02:23:43: 279,718,133 states generated (283,645 s/min), 25,706,251 distinct states found (31,039 ds/min), 16,878,865 states left on queue.
Progress(13) at 2026-03-09 02:24:43: 280,004,655 states generated (286,522 s/min), 25,742,186 distinct states found (35,935 ds/min), 16,906,431 states left on queue.
Progress(13) at 2026-03-09 02:25:43: 280,274,261 states generated (269,606 s/min), 25,774,885 distinct states found (32,699 ds/min), 16,930,879 states left on queue.
Progress(13) at 2026-03-09 02:26:43: 280,560,154 states generated (285,893 s/min), 25,804,249 distinct states found (29,364 ds/min), 16,951,391 states left on queue.
Progress(13) at 2026-03-09 02:27:43: 280,821,914 states generated (261,760 s/min), 25,840,131 distinct states found (35,882 ds/min), 16,979,599 states left on queue.
Progress(13) at 2026-03-09 02:28:43: 281,116,621 states generated (294,707 s/min), 25,877,031 distinct states found (36,900 ds/min), 17,007,662 states left on queue.
Progress(13) at 2026-03-09 02:29:43: 281,385,150 states generated (268,529 s/min), 25,902,339 distinct states found (25,308 ds/min), 17,024,628 states left on queue.
Progress(13) at 2026-03-09 02:30:43: 281,653,292 states generated (268,142 s/min), 25,923,025 distinct states found (20,686 ds/min), 17,036,948 states left on queue.
Progress(13) at 2026-03-09 02:31:43: 281,943,173 states generated (289,881 s/min), 25,946,256 distinct states found (23,231 ds/min), 17,051,057 states left on queue.
Progress(13) at 2026-03-09 02:32:43: 282,189,954 states generated (246,781 s/min), 25,965,799 distinct states found (19,543 ds/min), 17,062,771 states left on queue.
Progress(13) at 2026-03-09 02:33:43: 282,460,553 states generated (270,599 s/min), 25,984,762 distinct states found (18,963 ds/min), 17,073,161 states left on queue.
Progress(13) at 2026-03-09 02:34:43: 282,751,111 states generated (290,558 s/min), 26,007,995 distinct states found (23,233 ds/min), 17,087,156 states left on queue.
Progress(13) at 2026-03-09 02:35:43: 283,001,988 states generated (250,877 s/min), 26,026,790 distinct states found (18,795 ds/min), 17,097,976 states left on queue.
Progress(13) at 2026-03-09 02:36:43: 283,262,477 states generated (260,489 s/min), 26,048,134 distinct states found (21,344 ds/min), 17,111,100 states left on queue.
Progress(13) at 2026-03-09 02:37:43: 283,540,579 states generated (278,102 s/min), 26,070,412 distinct states found (22,278 ds/min), 17,124,503 states left on queue.
Progress(13) at 2026-03-09 02:38:43: 283,824,857 states generated (284,278 s/min), 26,092,739 distinct states found (22,327 ds/min), 17,137,767 states left on queue.
Progress(13) at 2026-03-09 02:39:43: 284,109,424 states generated (284,567 s/min), 26,123,620 distinct states found (30,881 ds/min), 17,159,822 states left on queue.
Progress(13) at 2026-03-09 02:40:43: 284,388,815 states generated (279,391 s/min), 26,157,110 distinct states found (33,490 ds/min), 17,184,872 states left on queue.
Progress(13) at 2026-03-09 02:41:43: 284,668,441 states generated (279,626 s/min), 26,182,976 distinct states found (25,866 ds/min), 17,202,015 states left on queue.
Progress(13) at 2026-03-09 02:42:43: 284,944,521 states generated (276,080 s/min), 26,218,562 distinct states found (35,586 ds/min), 17,229,336 states left on queue.
Progress(13) at 2026-03-09 02:43:43: 285,221,651 states generated (277,130 s/min), 26,249,859 distinct states found (31,297 ds/min), 17,252,070 states left on queue.
Progress(13) at 2026-03-09 02:44:43: 285,504,771 states generated (283,120 s/min), 26,273,377 distinct states found (23,518 ds/min), 17,266,654 states left on queue.
Progress(13) at 2026-03-09 02:45:43: 285,770,533 states generated (265,762 s/min), 26,301,224 distinct states found (27,847 ds/min), 17,286,171 states left on queue.
Checkpointing of run states/26-03-08-10-15-53
Checkpointing completed at (2026-03-09 02:46:47)
Progress(13) at 2026-03-09 02:46:47: 286,069,958 states generated (299,425 s/min), 26,338,762 distinct states found (37,538 ds/min), 17,314,739 states left on queue.
Progress(13) at 2026-03-09 02:47:47: 286,333,131 states generated (263,173 s/min), 26,361,895 distinct states found (23,133 ds/min), 17,329,676 states left on queue.
Progress(13) at 2026-03-09 02:48:47: 286,614,306 states generated (281,175 s/min), 26,398,692 distinct states found (36,797 ds/min), 17,357,932 states left on queue.
Progress(13) at 2026-03-09 02:49:47: 286,864,823 states generated (250,517 s/min), 26,430,602 distinct states found (31,910 ds/min), 17,382,266 states left on queue.
Progress(13) at 2026-03-09 02:50:47: 287,142,979 states generated (278,156 s/min), 26,456,153 distinct states found (25,551 ds/min), 17,399,163 states left on queue.
Progress(13) at 2026-03-09 02:51:47: 287,419,716 states generated (276,737 s/min), 26,475,483 distinct states found (19,330 ds/min), 17,409,764 states left on queue.
Progress(13) at 2026-03-09 02:52:47: 287,664,915 states generated (245,199 s/min), 26,493,606 distinct states found (18,123 ds/min), 17,420,016 states left on queue.
Progress(13) at 2026-03-09 02:53:47: 287,923,208 states generated (258,293 s/min), 26,510,917 distinct states found (17,311 ds/min), 17,429,098 states left on queue.
Progress(13) at 2026-03-09 02:54:47: 288,220,269 states generated (297,061 s/min), 26,533,400 distinct states found (22,483 ds/min), 17,442,028 states left on queue.
Progress(13) at 2026-03-09 02:55:47: 288,480,091 states generated (259,822 s/min), 26,551,071 distinct states found (17,671 ds/min), 17,451,402 states left on queue.
Progress(13) at 2026-03-09 02:56:47: 288,735,074 states generated (254,983 s/min), 26,569,527 distinct states found (18,456 ds/min), 17,461,644 states left on queue.
Progress(13) at 2026-03-09 02:57:47: 288,996,734 states generated (261,660 s/min), 26,586,967 distinct states found (17,440 ds/min), 17,470,689 states left on queue.
Progress(13) at 2026-03-09 02:58:47: 289,281,737 states generated (285,003 s/min), 26,620,317 distinct states found (33,350 ds/min), 17,495,212 states left on queue.
Progress(13) at 2026-03-09 02:59:47: 289,570,802 states generated (289,065 s/min), 26,649,610 distinct states found (29,293 ds/min), 17,515,556 states left on queue.
Progress(13) at 2026-03-09 03:00:47: 289,860,667 states generated (289,865 s/min), 26,678,940 distinct states found (29,330 ds/min), 17,535,926 states left on queue.
Progress(13) at 2026-03-09 03:01:47: 290,151,185 states generated (290,518 s/min), 26,702,978 distinct states found (24,038 ds/min), 17,550,760 states left on queue.
Progress(13) at 2026-03-09 03:02:47: 290,432,953 states generated (281,768 s/min), 26,735,212 distinct states found (32,234 ds/min), 17,574,260 states left on queue.
Progress(13) at 2026-03-09 03:03:47: 290,734,095 states generated (301,142 s/min), 26,768,647 distinct states found (33,435 ds/min), 17,598,396 states left on queue.
Progress(13) at 2026-03-09 03:04:47: 291,021,714 states generated (287,619 s/min), 26,796,236 distinct states found (27,589 ds/min), 17,617,087 states left on queue.
Progress(13) at 2026-03-09 03:05:47: 291,318,791 states generated (297,077 s/min), 26,824,384 distinct states found (28,148 ds/min), 17,634,732 states left on queue.
Progress(13) at 2026-03-09 03:06:47: 291,608,633 states generated (289,842 s/min), 26,851,410 distinct states found (27,026 ds/min), 17,652,288 states left on queue.
Progress(13) at 2026-03-09 03:07:47: 291,898,569 states generated (289,936 s/min), 26,885,706 distinct states found (34,296 ds/min), 17,677,106 states left on queue.
Progress(13) at 2026-03-09 03:08:47: 292,176,803 states generated (278,234 s/min), 26,910,046 distinct states found (24,340 ds/min), 17,691,670 states left on queue.
Progress(13) at 2026-03-09 03:09:47: 292,463,673 states generated (286,870 s/min), 26,934,663 distinct states found (24,617 ds/min), 17,706,557 states left on queue.
Progress(13) at 2026-03-09 03:10:47: 292,703,406 states generated (239,733 s/min), 26,965,069 distinct states found (30,406 ds/min), 17,729,316 states left on queue.
Progress(13) at 2026-03-09 03:11:47: 292,985,688 states generated (282,282 s/min), 26,989,240 distinct states found (24,171 ds/min), 17,743,917 states left on queue.
Progress(13) at 2026-03-09 03:12:47: 293,263,358 states generated (277,670 s/min), 27,011,247 distinct states found (22,007 ds/min), 17,756,300 states left on queue.
Progress(13) at 2026-03-09 03:13:47: 293,513,223 states generated (249,865 s/min), 27,041,999 distinct states found (30,752 ds/min), 17,779,081 states left on queue.
Progress(13) at 2026-03-09 03:14:47: 293,774,632 states generated (261,409 s/min), 27,065,421 distinct states found (23,422 ds/min), 17,793,812 states left on queue.
Progress(13) at 2026-03-09 03:15:47: 294,068,411 states generated (293,779 s/min), 27,091,350 distinct states found (25,929 ds/min), 17,809,661 states left on queue.
Checkpointing of run states/26-03-08-10-15-53
Checkpointing completed at (2026-03-09 03:16:52)
Progress(13) at 2026-03-09 03:16:52: 294,339,648 states generated (271,237 s/min), 27,120,121 distinct states found (28,771 ds/min), 17,829,494 states left on queue.
Progress(13) at 2026-03-09 03:17:52: 294,585,513 states generated (245,865 s/min), 27,141,751 distinct states found (21,630 ds/min), 17,843,022 states left on queue.
Progress(13) at 2026-03-09 03:18:52: 294,841,928 states generated (256,415 s/min), 27,161,453 distinct states found (19,702 ds/min), 17,854,098 states left on queue.
Progress(13) at 2026-03-09 03:19:52: 295,107,852 states generated (265,924 s/min), 27,187,510 distinct states found (26,057 ds/min), 17,871,560 states left on queue.
Progress(13) at 2026-03-09 03:20:52: 295,397,537 states generated (289,685 s/min), 27,211,409 distinct states found (23,899 ds/min), 17,885,845 states left on queue.
Progress(13) at 2026-03-09 03:21:52: 295,651,382 states generated (253,845 s/min), 27,232,519 distinct states found (21,110 ds/min), 17,898,474 states left on queue.
Progress(13) at 2026-03-09 03:22:52: 295,894,703 states generated (243,321 s/min), 27,256,009 distinct states found (23,490 ds/min), 17,914,091 states left on queue.
Progress(13) at 2026-03-09 03:23:52: 296,137,933 states generated (243,230 s/min), 27,273,932 distinct states found (17,923 ds/min), 17,923,939 states left on queue.
Progress(13) at 2026-03-09 03:24:52: 296,390,294 states generated (252,361 s/min), 27,295,696 distinct states found (21,764 ds/min), 17,937,296 states left on queue.
Progress(13) at 2026-03-09 03:25:52: 296,684,013 states generated (293,719 s/min), 27,319,363 distinct states found (23,667 ds/min), 17,951,249 states left on queue.
Progress(13) at 2026-03-09 03:26:52: 296,967,728 states generated (283,715 s/min), 27,342,320 distinct states found (22,957 ds/min), 17,964,737 states left on queue.
Progress(13) at 2026-03-09 03:27:52: 297,250,130 states generated (282,402 s/min), 27,362,256 distinct states found (19,936 ds/min), 17,975,265 states left on queue.
Progress(13) at 2026-03-09 03:28:52: 297,529,207 states generated (279,077 s/min), 27,384,939 distinct states found (22,683 ds/min), 17,988,696 states left on queue.
Progress(13) at 2026-03-09 03:29:52: 297,812,384 states generated (283,177 s/min), 27,406,317 distinct states found (21,378 ds/min), 18,000,628 states left on queue.
Progress(13) at 2026-03-09 03:30:52: 298,098,541 states generated (286,157 s/min), 27,426,312 distinct states found (19,995 ds/min), 18,011,124 states left on queue.
Progress(13) at 2026-03-09 03:31:52: 298,382,274 states generated (283,733 s/min), 27,447,531 distinct states found (21,219 ds/min), 18,022,922 states left on queue.
Progress(13) at 2026-03-09 03:32:52: 298,662,870 states generated (280,596 s/min), 27,466,497 distinct states found (18,966 ds/min), 18,032,596 states left on queue.
Progress(13) at 2026-03-09 03:33:52: 298,947,765 states generated (284,895 s/min), 27,485,193 distinct states found (18,696 ds/min), 18,041,798 states left on queue.
Progress(13) at 2026-03-09 03:34:52: 299,232,246 states generated (284,481 s/min), 27,502,140 distinct states found (16,947 ds/min), 18,049,218 states left on queue.
Progress(13) at 2026-03-09 03:35:52: 299,518,251 states generated (286,005 s/min), 27,522,488 distinct states found (20,348 ds/min), 18,060,018 states left on queue.
Progress(13) at 2026-03-09 03:36:52: 299,819,579 states generated (301,328 s/min), 27,551,015 distinct states found (28,527 ds/min), 18,078,699 states left on queue.
Progress(13) at 2026-03-09 03:37:52: 300,108,903 states generated (289,324 s/min), 27,587,941 distinct states found (36,926 ds/min), 18,106,056 states left on queue.
Progress(13) at 2026-03-09 03:38:52: 300,397,669 states generated (288,766 s/min), 27,616,209 distinct states found (28,268 ds/min), 18,124,760 states left on queue.
Progress(13) at 2026-03-09 03:39:52: 300,678,909 states generated (281,240 s/min), 27,659,030 distinct states found (42,821 ds/min), 18,158,628 states left on queue.
Progress(13) at 2026-03-09 03:40:52: 300,964,005 states generated (285,096 s/min), 27,699,184 distinct states found (40,154 ds/min), 18,190,231 states left on queue.
Progress(13) at 2026-03-09 03:41:52: 301,256,302 states generated (292,297 s/min), 27,738,061 distinct states found (38,877 ds/min), 18,220,050 states left on queue.
Progress(13) at 2026-03-09 03:42:52: 301,559,189 states generated (302,887 s/min), 27,766,998 distinct states found (28,937 ds/min), 18,239,258 states left on queue.
Progress(13) at 2026-03-09 03:43:52: 301,836,223 states generated (277,034 s/min), 27,804,984 distinct states found (37,986 ds/min), 18,268,328 states left on queue.
Progress(13) at 2026-03-09 03:44:52: 302,132,287 states generated (296,064 s/min), 27,828,547 distinct states found (23,563 ds/min), 18,282,540 states left on queue.
Progress(13) at 2026-03-09 03:45:52: 302,418,833 states generated (286,546 s/min), 27,868,911 distinct states found (40,364 ds/min), 18,314,181 states left on queue.
Checkpointing of run states/26-03-08-10-15-53
Checkpointing completed at (2026-03-09 03:46:53)
Progress(13) at 2026-03-09 03:46:53: 302,703,761 states generated (284,928 s/min), 27,909,211 distinct states found (40,300 ds/min), 18,345,886 states left on queue.
Progress(13) at 2026-03-09 03:47:53: 302,984,459 states generated (280,698 s/min), 27,945,373 distinct states found (36,162 ds/min), 18,373,974 states left on queue.
Progress(13) at 2026-03-09 03:48:53: 303,263,891 states generated (279,432 s/min), 27,977,529 distinct states found (32,156 ds/min), 18,397,419 states left on queue.
Progress(13) at 2026-03-09 03:49:53: 303,546,923 states generated (283,032 s/min), 28,009,959 distinct states found (32,430 ds/min), 18,420,801 states left on queue.
Progress(13) at 2026-03-09 03:50:53: 303,811,943 states generated (265,020 s/min), 28,048,122 distinct states found (38,163 ds/min), 18,450,547 states left on queue.
Progress(13) at 2026-03-09 03:51:53: 304,093,123 states generated (281,180 s/min), 28,071,707 distinct states found (23,585 ds/min), 18,465,327 states left on queue.
Progress(13) at 2026-03-09 03:52:53: 304,377,160 states generated (284,037 s/min), 28,097,269 distinct states found (25,562 ds/min), 18,481,862 states left on queue.
Progress(13) at 2026-03-09 03:53:53: 304,668,223 states generated (291,063 s/min), 28,138,478 distinct states found (41,209 ds/min), 18,514,220 states left on queue.
Progress(13) at 2026-03-09 03:54:53: 304,954,339 states generated (286,116 s/min), 28,178,485 distinct states found (40,007 ds/min), 18,545,738 states left on queue.
Progress(13) at 2026-03-09 03:55:53: 305,243,616 states generated (289,277 s/min), 28,215,313 distinct states found (36,828 ds/min), 18,574,028 states left on queue.
Progress(13) at 2026-03-09 03:56:53: 305,535,378 states generated (291,762 s/min), 28,244,992 distinct states found (29,679 ds/min), 18,594,624 states left on queue.
Progress(13) at 2026-03-09 03:57:53: 305,814,795 states generated (279,417 s/min), 28,284,742 distinct states found (39,750 ds/min), 18,625,249 states left on queue.
Progress(13) at 2026-03-09 03:58:53: 306,095,319 states generated (280,524 s/min), 28,316,126 distinct states found (31,384 ds/min), 18,647,841 states left on queue.
Progress(13) at 2026-03-09 03:59:53: 306,382,602 states generated (287,283 s/min), 28,340,249 distinct states found (24,123 ds/min), 18,662,931 states left on queue.
Progress(13) at 2026-03-09 04:00:53: 306,674,227 states generated (291,625 s/min), 28,371,359 distinct states found (31,110 ds/min), 18,685,089 states left on queue.
Progress(13) at 2026-03-09 04:01:53: 306,971,447 states generated (297,220 s/min), 28,399,766 distinct states found (28,407 ds/min), 18,704,719 states left on queue.
Progress(13) at 2026-03-09 04:02:53: 307,266,623 states generated (295,176 s/min), 28,426,545 distinct states found (26,779 ds/min), 18,722,814 states left on queue.
Progress(13) at 2026-03-09 04:03:53: 307,568,491 states generated (301,868 s/min), 28,453,464 distinct states found (26,919 ds/min), 18,740,865 states left on queue.
Progress(13) at 2026-03-09 04:04:53: 307,864,506 states generated (296,015 s/min), 28,482,546 distinct states found (29,082 ds/min), 18,761,249 states left on queue.
Progress(13) at 2026-03-09 04:05:53: 308,174,442 states generated (309,936 s/min), 28,513,347 distinct states found (30,801 ds/min), 18,782,878 states left on queue.
Progress(13) at 2026-03-09 04:06:53: 308,487,808 states generated (313,366 s/min), 28,543,762 distinct states found (30,415 ds/min), 18,804,025 states left on queue.
Progress(13) at 2026-03-09 04:07:53: 308,783,344 states generated (295,536 s/min), 28,564,492 distinct states found (20,730 ds/min), 18,815,811 states left on queue.
Progress(13) at 2026-03-09 04:08:53: 309,078,658 states generated (295,314 s/min), 28,584,732 distinct states found (20,240 ds/min), 18,827,228 states left on queue.
Progress(13) at 2026-03-09 04:09:53: 309,366,559 states generated (287,901 s/min), 28,617,357 distinct states found (32,625 ds/min), 18,851,603 states left on queue.
Progress(13) at 2026-03-09 04:10:53: 309,663,410 states generated (296,851 s/min), 28,639,408 distinct states found (22,051 ds/min), 18,865,319 states left on queue.
Progress(13) at 2026-03-09 04:11:53: 309,962,836 states generated (299,426 s/min), 28,660,344 distinct states found (20,936 ds/min), 18,877,845 states left on queue.
Progress(13) at 2026-03-09 04:12:53: 310,252,786 states generated (289,950 s/min), 28,693,064 distinct states found (32,720 ds/min), 18,902,322 states left on queue.
Progress(13) at 2026-03-09 04:13:53: 310,554,640 states generated (301,854 s/min), 28,713,768 distinct states found (20,704 ds/min), 18,914,468 states left on queue.
Progress(13) at 2026-03-09 04:14:53: 310,858,857 states generated (304,217 s/min), 28,734,875 distinct states found (21,107 ds/min), 18,926,774 states left on queue.
Progress(13) at 2026-03-09 04:15:53: 311,160,010 states generated (301,153 s/min), 28,761,188 distinct states found (26,313 ds/min), 18,944,041 states left on queue.
Checkpointing of run states/26-03-08-10-15-53
Checkpointing completed at (2026-03-09 04:16:54)
Progress(13) at 2026-03-09 04:16:54: 311,463,929 states generated (303,919 s/min), 28,788,142 distinct states found (26,954 ds/min), 18,961,849 states left on queue.
Progress(13) at 2026-03-09 04:17:54: 311,758,641 states generated (294,712 s/min), 28,811,028 distinct states found (22,886 ds/min), 18,975,806 states left on queue.
Progress(13) at 2026-03-09 04:18:54: 312,051,656 states generated (293,015 s/min), 28,833,541 distinct states found (22,513 ds/min), 18,989,487 states left on queue.
Progress(13) at 2026-03-09 04:19:54: 312,345,169 states generated (293,513 s/min), 28,852,496 distinct states found (18,955 ds/min), 18,999,555 states left on queue.
Progress(13) at 2026-03-09 04:20:54: 312,638,097 states generated (292,928 s/min), 28,876,241 distinct states found (23,745 ds/min), 19,013,825 states left on queue.
Progress(13) at 2026-03-09 04:21:54: 312,926,677 states generated (288,580 s/min), 28,904,123 distinct states found (27,882 ds/min), 19,032,154 states left on queue.
Progress(13) at 2026-03-09 04:22:54: 313,211,114 states generated (284,437 s/min), 28,939,845 distinct states found (35,722 ds/min), 19,058,576 states left on queue.
Progress(13) at 2026-03-09 04:23:54: 313,494,892 states generated (283,778 s/min), 28,972,922 distinct states found (33,077 ds/min), 19,082,189 states left on queue.
Progress(13) at 2026-03-09 04:24:54: 313,780,982 states generated (286,090 s/min), 29,014,347 distinct states found (41,425 ds/min), 19,114,821 states left on queue.
Progress(13) at 2026-03-09 04:25:54: 314,070,219 states generated (289,237 s/min), 29,053,632 distinct states found (39,285 ds/min), 19,145,440 states left on queue.
Progress(13) at 2026-03-09 04:26:54: 314,366,984 states generated (296,765 s/min), 29,090,110 distinct states found (36,478 ds/min), 19,172,453 states left on queue.
Progress(13) at 2026-03-09 04:27:54: 314,656,291 states generated (289,307 s/min), 29,123,513 distinct states found (33,403 ds/min), 19,196,473 states left on queue.
Progress(13) at 2026-03-09 04:28:54: 314,975,057 states generated (318,766 s/min), 29,156,263 distinct states found (32,750 ds/min), 19,219,142 states left on queue.
Progress(13) at 2026-03-09 04:29:54: 315,298,882 states generated (323,825 s/min), 29,194,165 distinct states found (37,902 ds/min), 19,247,016 states left on queue.
Progress(13) at 2026-03-09 04:30:54: 315,618,019 states generated (319,137 s/min), 29,237,775 distinct states found (43,610 ds/min), 19,281,219 states left on queue.
Progress(13) at 2026-03-09 04:31:54: 315,937,115 states generated (319,096 s/min), 29,279,928 distinct states found (42,153 ds/min), 19,313,850 states left on queue.
Progress(13) at 2026-03-09 04:32:54: 316,261,291 states generated (324,176 s/min), 29,311,715 distinct states found (31,787 ds/min), 19,335,536 states left on queue.
Progress(13) at 2026-03-09 04:33:54: 316,559,087 states generated (297,796 s/min), 29,357,134 distinct states found (45,419 ds/min), 19,371,205 states left on queue.
Progress(13) at 2026-03-09 04:34:54: 316,871,796 states generated (312,709 s/min), 29,386,896 distinct states found (29,762 ds/min), 19,391,301 states left on queue.
Progress(13) at 2026-03-09 04:35:54: 317,184,579 states generated (312,783 s/min), 29,413,057 distinct states found (26,161 ds/min), 19,407,477 states left on queue.
Progress(13) at 2026-03-09 04:36:54: 317,495,615 states generated (311,036 s/min), 29,456,071 distinct states found (43,014 ds/min), 19,440,961 states left on queue.
Progress(13) at 2026-03-09 04:37:54: 317,782,735 states generated (287,120 s/min), 29,495,609 distinct states found (39,538 ds/min), 19,472,069 states left on queue.
Progress(13) at 2026-03-09 04:38:54: 318,082,350 states generated (299,615 s/min), 29,534,225 distinct states found (38,616 ds/min), 19,501,734 states left on queue.
Progress(13) at 2026-03-09 04:39:54: 318,403,874 states generated (321,524 s/min), 29,564,572 distinct states found (30,347 ds/min), 19,522,077 states left on queue.
Progress(13) at 2026-03-09 04:40:54: 318,694,944 states generated (291,070 s/min), 29,610,869 distinct states found (46,297 ds/min), 19,558,836 states left on queue.
Progress(13) at 2026-03-09 04:41:54: 318,986,769 states generated (291,825 s/min), 29,638,300 distinct states found (27,431 ds/min), 19,577,131 states left on queue.
Progress(13) at 2026-03-09 04:42:54: 319,279,667 states generated (292,898 s/min), 29,662,634 distinct states found (24,334 ds/min), 19,592,258 states left on queue.
Progress(13) at 2026-03-09 04:43:54: 319,577,350 states generated (297,683 s/min), 29,696,023 distinct states found (33,389 ds/min), 19,616,595 states left on queue.
Progress(13) at 2026-03-09 04:44:54: 319,880,806 states generated (303,456 s/min), 29,726,911 distinct states found (30,888 ds/min), 19,638,499 states left on queue.
Progress(13) at 2026-03-09 04:45:54: 320,184,294 states generated (303,488 s/min), 29,754,647 distinct states found (27,736 ds/min), 19,657,268 states left on queue.
Checkpointing of run states/26-03-08-10-15-53
Checkpointing completed at (2026-03-09 04:47:00)
Progress(13) at 2026-03-09 04:47:00: 320,513,234 states generated (328,940 s/min), 29,785,997 distinct states found (31,350 ds/min), 19,678,956 states left on queue.
Progress(13) at 2026-03-09 04:48:00: 320,790,693 states generated (277,459 s/min), 29,810,754 distinct states found (24,757 ds/min), 19,695,518 states left on queue.
Progress(13) at 2026-03-09 04:49:00: 321,050,049 states generated (259,356 s/min), 29,833,766 distinct states found (23,012 ds/min), 19,710,913 states left on queue.
Progress(13) at 2026-03-09 04:50:00: 321,305,965 states generated (255,916 s/min), 29,867,170 distinct states found (33,404 ds/min), 19,737,070 states left on queue.
Progress(13) at 2026-03-09 04:51:00: 321,602,978 states generated (297,013 s/min), 29,887,344 distinct states found (20,174 ds/min), 19,748,889 states left on queue.
Progress(13) at 2026-03-09 04:52:00: 321,905,981 states generated (303,003 s/min), 29,908,274 distinct states found (20,930 ds/min), 19,761,305 states left on queue.
Progress(13) at 2026-03-09 04:53:00: 322,204,446 states generated (298,465 s/min), 29,928,637 distinct states found (20,363 ds/min), 19,772,673 states left on queue.
Progress(13) at 2026-03-09 04:54:00: 322,458,360 states generated (253,914 s/min), 29,945,883 distinct states found (17,246 ds/min), 19,782,274 states left on queue.
Progress(13) at 2026-03-09 04:55:00: 322,725,458 states generated (267,098 s/min), 29,976,794 distinct states found (30,911 ds/min), 19,805,519 states left on queue.
Progress(13) at 2026-03-09 04:56:00: 323,055,165 states generated (329,707 s/min), 29,999,744 distinct states found (22,950 ds/min), 19,819,123 states left on queue.
Progress(13) at 2026-03-09 04:57:00: 323,379,661 states generated (324,496 s/min), 30,023,798 distinct states found (24,054 ds/min), 19,833,741 states left on queue.
Progress(13) at 2026-03-09 04:58:00: 323,701,372 states generated (321,711 s/min), 30,051,092 distinct states found (27,294 ds/min), 19,851,414 states left on queue.
Progress(13) at 2026-03-09 04:59:00: 324,023,959 states generated (322,587 s/min), 30,078,027 distinct states found (26,935 ds/min), 19,868,661 states left on queue.
Progress(13) at 2026-03-09 05:00:00: 324,342,629 states generated (318,670 s/min), 30,103,458 distinct states found (25,431 ds/min), 19,884,465 states left on queue.
Progress(13) at 2026-03-09 05:01:00: 324,660,716 states generated (318,087 s/min), 30,127,164 distinct states found (23,706 ds/min), 19,898,535 states left on queue.
Progress(13) at 2026-03-09 05:02:00: 324,972,011 states generated (311,295 s/min), 30,148,347 distinct states found (21,183 ds/min), 19,910,037 states left on queue.
Progress(13) at 2026-03-09 05:03:00: 325,281,189 states generated (309,178 s/min), 30,176,658 distinct states found (28,311 ds/min), 19,928,281 states left on queue.
Progress(13) at 2026-03-09 05:04:00: 325,577,016 states generated (295,827 s/min), 30,210,999 distinct states found (34,341 ds/min), 19,952,830 states left on queue.
Progress(13) at 2026-03-09 05:05:00: 325,882,060 states generated (305,044 s/min), 30,241,498 distinct states found (30,499 ds/min), 19,973,229 states left on queue.
Progress(13) at 2026-03-09 05:06:00: 326,183,700 states generated (301,640 s/min), 30,286,859 distinct states found (45,361 ds/min), 20,009,099 states left on queue.
Progress(13) at 2026-03-09 05:07:00: 326,490,666 states generated (306,966 s/min), 30,328,858 distinct states found (41,999 ds/min), 20,041,906 states left on queue.
Progress(13) at 2026-03-09 05:08:00: 326,804,399 states generated (313,733 s/min), 30,366,900 distinct states found (38,042 ds/min), 20,069,938 states left on queue.
Progress(13) at 2026-03-09 05:09:00: 327,102,062 states generated (297,663 s/min), 30,402,922 distinct states found (36,022 ds/min), 20,096,310 states left on queue.
Progress(13) at 2026-03-09 05:10:00: 327,416,644 states generated (314,582 s/min), 30,432,564 distinct states found (29,642 ds/min), 20,115,989 states left on queue.
Progress(13) at 2026-03-09 05:11:00: 327,736,721 states generated (320,077 s/min), 30,472,704 distinct states found (40,140 ds/min), 20,146,251 states left on queue.
Progress(13) at 2026-03-09 05:12:00: 328,051,093 states generated (314,372 s/min), 30,513,543 distinct states found (40,839 ds/min), 20,177,954 states left on queue.
Progress(13) at 2026-03-09 05:13:00: 328,366,657 states generated (315,564 s/min), 30,555,403 distinct states found (41,860 ds/min), 20,210,219 states left on queue.
Progress(13) at 2026-03-09 05:14:00: 328,685,580 states generated (318,923 s/min), 30,586,870 distinct states found (31,467 ds/min), 20,231,639 states left on queue.
Progress(13) at 2026-03-09 05:15:00: 328,981,617 states generated (296,037 s/min), 30,634,311 distinct states found (47,441 ds/min), 20,269,498 states left on queue.
Progress(13) at 2026-03-09 05:16:00: 329,282,811 states generated (301,194 s/min), 30,659,216 distinct states found (24,905 ds/min), 20,285,051 states left on queue.
Checkpointing of run states/26-03-08-10-15-53
Checkpointing completed at (2026-03-09 05:17:06)
Progress(13) at 2026-03-09 05:17:06: 329,620,229 states generated (337,418 s/min), 30,690,703 distinct states found (31,487 ds/min), 20,305,820 states left on queue.
Progress(13) at 2026-03-09 05:18:06: 329,936,444 states generated (316,215 s/min), 30,734,233 distinct states found (43,530 ds/min), 20,339,881 states left on queue.
Progress(13) at 2026-03-09 05:19:06: 330,246,555 states generated (310,111 s/min), 30,775,202 distinct states found (40,969 ds/min), 20,371,768 states left on queue.
Progress(13) at 2026-03-09 05:20:06: 330,566,059 states generated (319,504 s/min), 30,812,966 distinct states found (37,764 ds/min), 20,399,624 states left on queue.
Progress(13) at 2026-03-09 05:21:06: 330,861,945 states generated (295,886 s/min), 30,848,224 distinct states found (35,258 ds/min), 20,425,359 states left on queue.
Progress(13) at 2026-03-09 05:22:06: 331,153,353 states generated (291,408 s/min), 30,886,019 distinct states found (37,795 ds/min), 20,453,939 states left on queue.
Progress(13) at 2026-03-09 05:23:06: 331,458,789 states generated (305,436 s/min), 30,911,581 distinct states found (25,562 ds/min), 20,469,900 states left on queue.
Progress(13) at 2026-03-09 05:24:06: 331,768,535 states generated (309,746 s/min), 30,942,143 distinct states found (30,562 ds/min), 20,490,698 states left on queue.
Progress(13) at 2026-03-09 05:25:06: 332,087,958 states generated (319,423 s/min), 30,972,250 distinct states found (30,107 ds/min), 20,511,385 states left on queue.
Progress(13) at 2026-03-09 05:26:06: 332,406,308 states generated (318,350 s/min), 31,001,775 distinct states found (29,525 ds/min), 20,531,539 states left on queue.
Progress(13) at 2026-03-09 05:27:06: 332,731,186 states generated (324,878 s/min), 31,032,675 distinct states found (30,900 ds/min), 20,552,875 states left on queue.
Progress(13) at 2026-03-09 05:28:06: 333,050,245 states generated (319,059 s/min), 31,062,700 distinct states found (30,025 ds/min), 20,573,489 states left on queue.
Progress(13) at 2026-03-09 05:29:06: 333,356,613 states generated (306,368 s/min), 31,101,286 distinct states found (38,586 ds/min), 20,603,452 states left on queue.
Progress(13) at 2026-03-09 05:30:06: 333,677,563 states generated (320,950 s/min), 31,123,446 distinct states found (22,160 ds/min), 20,616,553 states left on queue.
Progress(13) at 2026-03-09 05:31:06: 334,002,874 states generated (325,311 s/min), 31,145,025 distinct states found (21,579 ds/min), 20,628,928 states left on queue.
Progress(13) at 2026-03-09 05:32:06: 334,315,563 states generated (312,689 s/min), 31,179,027 distinct states found (34,002 ds/min), 20,654,085 states left on queue.
Progress(13) at 2026-03-09 05:33:06: 334,638,688 states generated (323,125 s/min), 31,200,741 distinct states found (21,714 ds/min), 20,666,630 states left on queue.
Progress(13) at 2026-03-09 05:34:06: 334,955,219 states generated (316,531 s/min), 31,221,472 distinct states found (20,731 ds/min), 20,677,859 states left on queue.
Progress(13) at 2026-03-09 05:35:06: 335,274,803 states generated (319,584 s/min), 31,245,023 distinct states found (23,551 ds/min), 20,691,702 states left on queue.
Progress(13) at 2026-03-09 05:36:06: 335,594,780 states generated (319,977 s/min), 31,273,172 distinct states found (28,149 ds/min), 20,710,236 states left on queue.
Progress(13) at 2026-03-09 05:37:06: 335,916,817 states generated (322,037 s/min), 31,298,849 distinct states found (25,677 ds/min), 20,726,309 states left on queue.
Progress(13) at 2026-03-09 05:38:06: 336,240,171 states generated (323,354 s/min), 31,324,407 distinct states found (25,558 ds/min), 20,742,171 states left on queue.
Progress(13) at 2026-03-09 05:39:06: 336,562,243 states generated (322,072 s/min), 31,349,518 distinct states found (25,111 ds/min), 20,757,479 states left on queue.
Progress(13) at 2026-03-09 05:40:06: 336,883,579 states generated (321,336 s/min), 31,368,843 distinct states found (19,325 ds/min), 20,767,049 states left on queue.
Progress(13) at 2026-03-09 05:41:06: 337,200,241 states generated (316,662 s/min), 31,398,945 distinct states found (30,102 ds/min), 20,786,843 states left on queue.
Progress(13) at 2026-03-09 05:42:06: 337,507,881 states generated (307,640 s/min), 31,432,651 distinct states found (33,706 ds/min), 20,810,273 states left on queue.
Progress(13) at 2026-03-09 05:43:06: 337,820,955 states generated (313,074 s/min), 31,461,349 distinct states found (28,698 ds/min), 20,828,635 states left on queue.
Progress(13) at 2026-03-09 05:44:06: 338,125,119 states generated (304,164 s/min), 31,508,077 distinct states found (46,728 ds/min), 20,865,718 states left on queue.
Progress(13) at 2026-03-09 05:45:06: 338,435,503 states generated (310,384 s/min), 31,549,524 distinct states found (41,447 ds/min), 20,897,885 states left on queue.
Progress(13) at 2026-03-09 05:46:06: 338,748,250 states generated (312,747 s/min), 31,587,927 distinct states found (38,403 ds/min), 20,926,352 states left on queue.
Checkpointing of run states/26-03-08-10-15-53
Checkpointing completed at (2026-03-09 05:47:12)
Progress(13) at 2026-03-09 05:47:12: 339,080,041 states generated (331,791 s/min), 31,626,397 distinct states found (38,470 ds/min), 20,954,075 states left on queue.
Progress(13) at 2026-03-09 05:48:12: 339,379,983 states generated (299,942 s/min), 31,653,612 distinct states found (27,215 ds/min), 20,971,801 states left on queue.
Progress(13) at 2026-03-09 05:49:12: 339,683,819 states generated (303,836 s/min), 31,691,283 distinct states found (37,671 ds/min), 21,000,136 states left on queue.
Progress(13) at 2026-03-09 05:50:12: 339,970,369 states generated (286,550 s/min), 31,730,620 distinct states found (39,337 ds/min), 21,031,049 states left on queue.
Progress(13) at 2026-03-09 05:51:12: 340,266,578 states generated (296,209 s/min), 31,768,227 distinct states found (37,607 ds/min), 21,059,778 states left on queue.
Progress(13) at 2026-03-09 05:52:12: 340,568,482 states generated (301,904 s/min), 31,795,674 distinct states found (27,447 ds/min), 21,077,835 states left on queue.
Progress(13) at 2026-03-09 05:53:12: 340,843,235 states generated (274,753 s/min), 31,839,171 distinct states found (43,497 ds/min), 21,112,319 states left on queue.
Progress(13) at 2026-03-09 05:54:12: 341,147,279 states generated (304,044 s/min), 31,866,244 distinct states found (27,073 ds/min), 21,129,971 states left on queue.
Progress(13) at 2026-03-09 05:55:12: 341,426,515 states generated (279,236 s/min), 31,889,519 distinct states found (23,275 ds/min), 21,144,306 states left on queue.
Progress(13) at 2026-03-09 05:56:12: 341,730,324 states generated (303,809 s/min), 31,932,382 distinct states found (42,863 ds/min), 21,177,915 states left on queue.
Progress(13) at 2026-03-09 05:57:12: 342,002,909 states generated (272,585 s/min), 31,967,868 distinct states found (35,486 ds/min), 21,205,428 states left on queue.
Progress(13) at 2026-03-09 05:58:12: 342,311,449 states generated (308,540 s/min), 32,007,569 distinct states found (39,701 ds/min), 21,235,792 states left on queue.
Progress(13) at 2026-03-09 05:59:12: 342,582,940 states generated (271,491 s/min), 32,031,612 distinct states found (24,043 ds/min), 21,251,315 states left on queue.
Progress(13) at 2026-03-09 06:00:12: 342,843,164 states generated (260,224 s/min), 32,073,299 distinct states found (41,687 ds/min), 21,284,523 states left on queue.
Progress(13) at 2026-03-09 06:01:12: 343,142,908 states generated (299,744 s/min), 32,100,403 distinct states found (27,104 ds/min), 21,302,210 states left on queue.
Progress(13) at 2026-03-09 06:02:12: 343,387,353 states generated (244,445 s/min), 32,120,157 distinct states found (19,754 ds/min), 21,314,289 states left on queue.
Progress(13) at 2026-03-09 06:03:12: 343,664,718 states generated (277,365 s/min), 32,148,850 distinct states found (28,693 ds/min), 21,334,700 states left on queue.
Progress(13) at 2026-03-09 06:04:12: 343,980,143 states generated (315,425 s/min), 32,179,898 distinct states found (31,048 ds/min), 21,356,420 states left on queue.
Progress(13) at 2026-03-09 06:05:12: 344,232,737 states generated (252,594 s/min), 32,205,896 distinct states found (25,998 ds/min), 21,374,939 states left on queue.
Progress(13) at 2026-03-09 06:06:12: 344,509,405 states generated (276,668 s/min), 32,230,900 distinct states found (25,004 ds/min), 21,391,780 states left on queue.
Progress(13) at 2026-03-09 06:07:12: 344,823,244 states generated (313,839 s/min), 32,255,820 distinct states found (24,920 ds/min), 21,407,398 states left on queue.
Progress(13) at 2026-03-09 06:08:12: 345,136,624 states generated (313,380 s/min), 32,277,665 distinct states found (21,845 ds/min), 21,419,735 states left on queue.
Progress(13) at 2026-03-09 06:09:12: 345,457,742 states generated (321,118 s/min), 32,305,205 distinct states found (27,540 ds/min), 21,437,864 states left on queue.
Progress(13) at 2026-03-09 06:10:12: 345,773,776 states generated (316,034 s/min), 32,336,291 distinct states found (31,086 ds/min), 21,460,078 states left on queue.
Progress(13) at 2026-03-09 06:11:12: 346,093,487 states generated (319,711 s/min), 32,358,718 distinct states found (22,427 ds/min), 21,473,523 states left on queue.
Progress(13) at 2026-03-09 06:12:12: 346,408,744 states generated (315,257 s/min), 32,392,017 distinct states found (33,299 ds/min), 21,497,894 states left on queue.
Progress(13) at 2026-03-09 06:13:12: 346,729,788 states generated (321,044 s/min), 32,414,931 distinct states found (22,914 ds/min), 21,511,706 states left on queue.
Progress(13) at 2026-03-09 06:14:12: 347,054,070 states generated (324,282 s/min), 32,437,086 distinct states found (22,155 ds/min), 21,524,486 states left on queue.
Progress(13) at 2026-03-09 06:15:12: 347,368,512 states generated (314,442 s/min), 32,465,611 distinct states found (28,525 ds/min), 21,543,523 states left on queue.
Progress(13) at 2026-03-09 06:16:12: 347,695,594 states generated (327,082 s/min), 32,492,801 distinct states found (27,190 ds/min), 21,560,921 states left on queue.
Checkpointing of run states/26-03-08-10-15-53
Checkpointing completed at (2026-03-09 06:17:16)
Progress(13) at 2026-03-09 06:17:16: 348,027,552 states generated (331,958 s/min), 32,519,312 distinct states found (26,511 ds/min), 21,577,362 states left on queue.
Progress(13) at 2026-03-09 06:18:16: 348,350,308 states generated (322,756 s/min), 32,542,974 distinct states found (23,662 ds/min), 21,591,285 states left on queue.
Progress(13) at 2026-03-09 06:19:16: 348,670,194 states generated (319,886 s/min), 32,564,393 distinct states found (21,419 ds/min), 21,602,734 states left on queue.
Progress(13) at 2026-03-09 06:20:16: 348,974,251 states generated (304,057 s/min), 32,591,935 distinct states found (27,542 ds/min), 21,620,337 states left on queue.
Progress(13) at 2026-03-09 06:21:16: 349,282,825 states generated (308,574 s/min), 32,628,480 distinct states found (36,545 ds/min), 21,646,738 states left on queue.
Progress(13) at 2026-03-09 06:22:16: 349,591,460 states generated (308,635 s/min), 32,663,227 distinct states found (34,747 ds/min), 21,671,168 states left on queue.
Progress(13) at 2026-03-09 06:23:16: 349,907,853 states generated (316,393 s/min), 32,708,059 distinct states found (44,832 ds/min), 21,706,418 states left on queue.
Progress(13) at 2026-03-09 06:24:16: 350,186,235 states generated (278,382 s/min), 32,745,315 distinct states found (37,256 ds/min), 21,735,086 states left on queue.
Progress(13) at 2026-03-09 06:25:16: 350,509,600 states generated (323,365 s/min), 32,776,667 distinct states found (31,352 ds/min), 21,756,034 states left on queue.
Progress(13) at 2026-03-09 06:26:16: 350,814,810 states generated (305,210 s/min), 32,815,493 distinct states found (38,826 ds/min), 21,785,139 states left on queue.
Progress(13) at 2026-03-09 06:27:16: 351,137,859 states generated (323,049 s/min), 32,846,452 distinct states found (30,959 ds/min), 21,805,877 states left on queue.
Progress(13) at 2026-03-09 06:28:16: 351,422,254 states generated (284,395 s/min), 32,885,084 distinct states found (38,632 ds/min), 21,836,176 states left on queue.
Progress(13) at 2026-03-09 06:29:16: 351,689,598 states generated (267,344 s/min), 32,920,116 distinct states found (35,032 ds/min), 21,863,270 states left on queue.
Progress(13) at 2026-03-09 06:30:16: 352,009,000 states generated (319,402 s/min), 32,955,670 distinct states found (35,554 ds/min), 21,888,908 states left on queue.
Progress(13) at 2026-03-09 06:31:16: 352,314,861 states generated (305,861 s/min), 32,995,553 distinct states found (39,883 ds/min), 21,918,865 states left on queue.
Progress(13) at 2026-03-09 06:32:16: 352,565,510 states generated (250,649 s/min), 33,024,370 distinct states found (28,817 ds/min), 21,939,844 states left on queue.
Progress(13) at 2026-03-09 06:33:16: 352,828,748 states generated (263,238 s/min), 33,045,909 distinct states found (21,539 ds/min), 21,953,080 states left on queue.
Progress(13) at 2026-03-09 06:34:16: 353,134,673 states generated (305,925 s/min), 33,080,401 distinct states found (34,492 ds/min), 21,977,980 states left on queue.
Progress(13) at 2026-03-09 06:35:16: 353,459,825 states generated (325,152 s/min), 33,124,138 distinct states found (43,737 ds/min), 22,012,185 states left on queue.
Progress(13) at 2026-03-09 06:36:16: 353,717,006 states generated (257,181 s/min), 33,157,587 distinct states found (33,449 ds/min), 22,037,937 states left on queue.
Progress(13) at 2026-03-09 06:37:16: 353,981,720 states generated (264,714 s/min), 33,183,496 distinct states found (25,909 ds/min), 22,055,599 states left on queue.
Progress(13) at 2026-03-09 06:38:16: 354,244,743 states generated (263,023 s/min), 33,219,864 distinct states found (36,368 ds/min), 22,083,370 states left on queue.
Progress(13) at 2026-03-09 06:39:16: 354,554,476 states generated (309,733 s/min), 33,253,246 distinct states found (33,382 ds/min), 22,107,035 states left on queue.
Progress(13) at 2026-03-09 06:40:16: 354,857,352 states generated (302,876 s/min), 33,277,818 distinct states found (24,572 ds/min), 22,122,038 states left on queue.
Progress(13) at 2026-03-09 06:41:16: 355,186,677 states generated (329,325 s/min), 33,309,375 distinct states found (31,557 ds/min), 22,143,771 states left on queue.
Progress(13) at 2026-03-09 06:42:16: 355,500,434 states generated (313,757 s/min), 33,341,862 distinct states found (32,487 ds/min), 22,166,901 states left on queue.
Progress(13) at 2026-03-09 06:43:16: 355,828,573 states generated (328,139 s/min), 33,373,451 distinct states found (31,589 ds/min), 22,188,768 states left on queue.
Progress(13) at 2026-03-09 06:44:16: 356,139,504 states generated (310,931 s/min), 33,408,871 distinct states found (35,420 ds/min), 22,215,315 states left on queue.
Progress(13) at 2026-03-09 06:45:16: 356,451,578 states generated (312,074 s/min), 33,431,501 distinct states found (22,630 ds/min), 22,229,166 states left on queue.
Progress(13) at 2026-03-09 06:46:16: 356,776,761 states generated (325,183 s/min), 33,453,726 distinct states found (22,225 ds/min), 22,242,248 states left on queue.
Checkpointing of run states/26-03-08-10-15-53
Checkpointing completed at (2026-03-09 06:47:16)
Progress(13) at 2026-03-09 06:47:16: 357,088,647 states generated (311,886 s/min), 33,475,112 distinct states found (21,386 ds/min), 22,254,207 states left on queue.
Progress(13) at 2026-03-09 06:48:16: 357,404,797 states generated (316,150 s/min), 33,497,585 distinct states found (22,473 ds/min), 22,267,213 states left on queue.
Progress(13) at 2026-03-09 06:49:16: 357,715,588 states generated (310,791 s/min), 33,530,676 distinct states found (33,091 ds/min), 22,291,512 states left on queue.
Progress(13) at 2026-03-09 06:50:16: 357,987,524 states generated (271,936 s/min), 33,549,362 distinct states found (18,686 ds/min), 22,302,490 states left on queue.
Progress(13) at 2026-03-09 06:51:16: 358,151,923 states generated (164,399 s/min), 33,562,095 distinct states found (12,733 ds/min), 22,310,421 states left on queue.
Progress(13) at 2026-03-09 06:52:16: 358,339,734 states generated (187,811 s/min), 33,578,548 distinct states found (16,453 ds/min), 22,321,265 states left on queue.
Progress(13) at 2026-03-09 06:53:16: 358,532,503 states generated (192,769 s/min), 33,593,035 distinct states found (14,487 ds/min), 22,329,991 states left on queue.
Progress(13) at 2026-03-09 06:54:16: 358,755,789 states generated (223,286 s/min), 33,611,658 distinct states found (18,623 ds/min), 22,341,917 states left on queue.
Progress(13) at 2026-03-09 06:55:16: 359,028,619 states generated (272,830 s/min), 33,634,537 distinct states found (22,879 ds/min), 22,356,593 states left on queue.
Progress(13) at 2026-03-09 06:56:16: 359,270,372 states generated (241,753 s/min), 33,653,956 distinct states found (19,419 ds/min), 22,368,639 states left on queue.
Progress(13) at 2026-03-09 06:57:16: 359,566,021 states generated (295,649 s/min), 33,675,055 distinct states found (21,099 ds/min), 22,380,823 states left on queue.
Progress(13) at 2026-03-09 06:58:16: 359,846,935 states generated (280,914 s/min), 33,693,583 distinct states found (18,528 ds/min), 22,390,515 states left on queue.
Progress(13) at 2026-03-09 06:59:16: 360,090,379 states generated (243,444 s/min), 33,716,340 distinct states found (22,757 ds/min), 22,405,330 states left on queue.
Progress(13) at 2026-03-09 07:00:16: 360,371,576 states generated (281,197 s/min), 33,748,363 distinct states found (32,023 ds/min), 22,428,081 states left on queue.
Progress(13) at 2026-03-09 07:01:16: 360,692,883 states generated (321,307 s/min), 33,782,902 distinct states found (34,539 ds/min), 22,451,915 states left on queue.
Progress(13) at 2026-03-09 07:02:16: 361,015,968 states generated (323,085 s/min), 33,828,382 distinct states found (45,480 ds/min), 22,487,598 states left on queue.
Progress(13) at 2026-03-09 07:03:16: 361,344,436 states generated (328,468 s/min), 33,872,438 distinct states found (44,056 ds/min), 22,521,380 states left on queue.
Progress(13) at 2026-03-09 07:04:16: 361,669,523 states generated (325,087 s/min), 33,905,985 distinct states found (33,547 ds/min), 22,544,370 states left on queue.
Progress(13) at 2026-03-09 07:05:16: 361,993,230 states generated (323,707 s/min), 33,941,219 distinct states found (35,234 ds/min), 22,569,380 states left on queue.
Progress(13) at 2026-03-09 07:06:16: 362,320,544 states generated (327,314 s/min), 33,978,809 distinct states found (37,590 ds/min), 22,596,892 states left on queue.
Progress(13) at 2026-03-09 07:07:16: 362,645,231 states generated (324,687 s/min), 34,021,657 distinct states found (42,848 ds/min), 22,630,281 states left on queue.
Progress(13) at 2026-03-09 07:08:16: 362,974,656 states generated (329,425 s/min), 34,060,752 distinct states found (39,095 ds/min), 22,659,162 states left on queue.
Progress(13) at 2026-03-09 07:09:16: 363,285,575 states generated (310,919 s/min), 34,098,047 distinct states found (37,295 ds/min), 22,686,440 states left on queue.
Progress(13) at 2026-03-09 07:10:16: 363,582,054 states generated (296,479 s/min), 34,133,053 distinct states found (35,006 ds/min), 22,712,136 states left on queue.
Progress(13) at 2026-03-09 07:11:16: 363,891,801 states generated (309,747 s/min), 34,158,382 distinct states found (25,329 ds/min), 22,727,683 states left on queue.
Progress(13) at 2026-03-09 07:12:16: 364,214,488 states generated (322,687 s/min), 34,198,026 distinct states found (39,644 ds/min), 22,757,433 states left on queue.
Progress(13) at 2026-03-09 07:13:16: 364,526,514 states generated (312,026 s/min), 34,239,355 distinct states found (41,329 ds/min), 22,789,635 states left on queue.
Progress(13) at 2026-03-09 07:14:16: 364,844,221 states generated (317,707 s/min), 34,276,766 distinct states found (37,411 ds/min), 22,817,187 states left on queue.
Progress(13) at 2026-03-09 07:15:16: 365,160,275 states generated (316,054 s/min), 34,314,822 distinct states found (38,056 ds/min), 22,845,060 states left on queue.
Progress(13) at 2026-03-09 07:16:16: 365,452,102 states generated (291,827 s/min), 34,349,496 distinct states found (34,674 ds/min), 22,870,539 states left on queue.
Checkpointing of run states/26-03-08-10-15-53
Checkpointing completed at (2026-03-09 07:17:22)
Progress(13) at 2026-03-09 07:17:22: 365,770,345 states generated (318,243 s/min), 34,375,419 distinct states found (25,923 ds/min), 22,886,451 states left on queue.
Progress(13) at 2026-03-09 07:18:22: 366,103,770 states generated (333,425 s/min), 34,407,025 distinct states found (31,606 ds/min), 22,907,991 states left on queue.
Progress(13) at 2026-03-09 07:19:22: 366,375,736 states generated (271,966 s/min), 34,436,940 distinct states found (29,915 ds/min), 22,929,651 states left on queue.
Progress(13) at 2026-03-09 07:20:22: 366,706,310 states generated (330,574 s/min), 34,469,443 distinct states found (32,503 ds/min), 22,952,593 states left on queue.
Progress(13) at 2026-03-09 07:21:22: 366,968,974 states generated (262,664 s/min), 34,495,188 distinct states found (25,745 ds/min), 22,970,959 states left on queue.
Progress(13) at 2026-03-09 07:22:22: 367,295,114 states generated (326,140 s/min), 34,517,556 distinct states found (22,368 ds/min), 22,984,148 states left on queue.
Progress(13) at 2026-03-09 07:23:22: 367,580,669 states generated (285,555 s/min), 34,540,588 distinct states found (23,032 ds/min), 22,999,087 states left on queue.
Progress(13) at 2026-03-09 07:24:22: 367,859,305 states generated (278,636 s/min), 34,568,899 distinct states found (28,311 ds/min), 23,019,511 states left on queue.
Progress(13) at 2026-03-09 07:25:22: 368,186,063 states generated (326,758 s/min), 34,590,798 distinct states found (21,899 ds/min), 23,032,131 states left on queue.
Progress(13) at 2026-03-09 07:26:22: 368,513,411 states generated (327,348 s/min), 34,612,167 distinct states found (21,369 ds/min), 23,043,633 states left on queue.
Progress(13) at 2026-03-09 07:27:22: 368,839,382 states generated (325,971 s/min), 34,637,109 distinct states found (24,942 ds/min), 23,058,714 states left on queue.
Progress(13) at 2026-03-09 07:28:22: 369,177,244 states generated (337,862 s/min), 34,665,718 distinct states found (28,609 ds/min), 23,077,177 states left on queue.
Progress(13) at 2026-03-09 07:29:22: 369,502,150 states generated (324,906 s/min), 34,692,482 distinct states found (26,764 ds/min), 23,094,205 states left on queue.
Progress(13) at 2026-03-09 07:30:22: 369,822,923 states generated (320,773 s/min), 34,717,899 distinct states found (25,417 ds/min), 23,109,979 states left on queue.
Progress(13) at 2026-03-09 07:31:22: 370,160,181 states generated (337,258 s/min), 34,743,028 distinct states found (25,129 ds/min), 23,124,856 states left on queue.
Progress(13) at 2026-03-09 07:32:22: 370,488,438 states generated (328,257 s/min), 34,763,065 distinct states found (20,037 ds/min), 23,134,969 states left on queue.
Progress(13) at 2026-03-09 07:33:22: 370,778,720 states generated (290,282 s/min), 34,787,484 distinct states found (24,419 ds/min), 23,150,554 states left on queue.
Progress(13) at 2026-03-09 07:34:22: 371,082,350 states generated (303,630 s/min), 34,811,627 distinct states found (24,143 ds/min), 23,165,482 states left on queue.
Progress(13) at 2026-03-09 07:35:22: 371,389,690 states generated (307,340 s/min), 34,835,419 distinct states found (23,792 ds/min), 23,179,847 states left on queue.
Progress(13) at 2026-03-09 07:36:22: 371,696,049 states generated (306,359 s/min), 34,862,232 distinct states found (26,813 ds/min), 23,197,278 states left on queue.
Progress(13) at 2026-03-09 07:37:22: 371,981,919 states generated (285,870 s/min), 34,899,377 distinct states found (37,145 ds/min), 23,226,292 states left on queue.
Progress(13) at 2026-03-09 07:38:22: 372,292,296 states generated (310,377 s/min), 34,936,953 distinct states found (37,576 ds/min), 23,254,857 states left on queue.
Progress(13) at 2026-03-09 07:39:22: 372,597,104 states generated (304,808 s/min), 34,964,122 distinct states found (27,169 ds/min), 23,272,818 states left on queue.
Progress(13) at 2026-03-09 07:40:22: 372,862,427 states generated (265,323 s/min), 34,999,107 distinct states found (34,985 ds/min), 23,300,111 states left on queue.
Progress(13) at 2026-03-09 07:41:22: 373,165,945 states generated (303,518 s/min), 35,037,502 distinct states found (38,395 ds/min), 23,330,005 states left on queue.
Progress(13) at 2026-03-09 07:42:22: 373,481,422 states generated (315,477 s/min), 35,072,036 distinct states found (34,534 ds/min), 23,355,013 states left on queue.
Progress(13) at 2026-03-09 07:43:22: 373,789,810 states generated (308,388 s/min), 35,097,684 distinct states found (25,648 ds/min), 23,371,354 states left on queue.
Progress(13) at 2026-03-09 07:44:22: 374,036,584 states generated (246,774 s/min), 35,119,870 distinct states found (22,186 ds/min), 23,385,988 states left on queue.
Progress(13) at 2026-03-09 07:45:22: 374,335,137 states generated (298,553 s/min), 35,158,992 distinct states found (39,122 ds/min), 23,416,624 states left on queue.
Progress(13) at 2026-03-09 07:46:22: 374,643,876 states generated (308,739 s/min), 35,197,108 distinct states found (38,116 ds/min), 23,445,797 states left on queue.
Checkpointing of run states/26-03-08-10-15-53
Checkpointing completed at (2026-03-09 07:47:24)
Progress(13) at 2026-03-09 07:47:24: 374,968,480 states generated (324,604 s/min), 35,226,892 distinct states found (29,784 ds/min), 23,465,785 states left on queue.
Progress(13) at 2026-03-09 07:48:24: 375,218,491 states generated (250,011 s/min), 35,260,869 distinct states found (33,977 ds/min), 23,492,549 states left on queue.
Progress(13) at 2026-03-09 07:49:24: 375,494,482 states generated (275,991 s/min), 35,296,141 distinct states found (35,272 ds/min), 23,520,037 states left on queue.
Progress(13) at 2026-03-09 07:50:24: 375,807,179 states generated (312,697 s/min), 35,334,733 distinct states found (38,592 ds/min), 23,549,348 states left on queue.
Progress(13) at 2026-03-09 07:51:24: 376,121,141 states generated (313,962 s/min), 35,361,017 distinct states found (26,284 ds/min), 23,566,154 states left on queue.
Progress(13) at 2026-03-09 07:52:24: 376,429,169 states generated (308,028 s/min), 35,386,929 distinct states found (25,912 ds/min), 23,582,618 states left on queue.
Progress(13) at 2026-03-09 07:53:24: 376,727,561 states generated (298,392 s/min), 35,425,747 distinct states found (38,818 ds/min), 23,612,783 states left on queue.
Progress(13) at 2026-03-09 07:54:24: 377,030,937 states generated (303,376 s/min), 35,462,824 distinct states found (37,077 ds/min), 23,641,144 states left on queue.
Progress(13) at 2026-03-09 07:55:24: 377,342,489 states generated (311,552 s/min), 35,491,542 distinct states found (28,718 ds/min), 23,660,464 states left on queue.
Progress(13) at 2026-03-09 07:56:24: 377,634,704 states generated (292,215 s/min), 35,529,131 distinct states found (37,589 ds/min), 23,689,437 states left on queue.
Progress(13) at 2026-03-09 07:57:24: 377,943,859 states generated (309,155 s/min), 35,567,497 distinct states found (38,366 ds/min), 23,719,113 states left on queue.
Progress(13) at 2026-03-09 07:58:24: 378,230,256 states generated (286,397 s/min), 35,600,273 distinct states found (32,776 ds/min), 23,743,249 states left on queue.
Progress(13) at 2026-03-09 07:59:24: 378,528,921 states generated (298,665 s/min), 35,630,784 distinct states found (30,511 ds/min), 23,764,775 states left on queue.
Progress(13) at 2026-03-09 08:00:24: 378,812,654 states generated (283,733 s/min), 35,666,814 distinct states found (36,030 ds/min), 23,792,752 states left on queue.
Progress(13) at 2026-03-09 08:01:24: 379,093,286 states generated (280,632 s/min), 35,701,093 distinct states found (34,279 ds/min), 23,818,806 states left on queue.
Progress(13) at 2026-03-09 08:02:24: 379,391,000 states generated (297,714 s/min), 35,727,433 distinct states found (26,340 ds/min), 23,836,129 states left on queue.
Progress(13) at 2026-03-09 08:03:24: 379,680,131 states generated (289,131 s/min), 35,754,334 distinct states found (26,901 ds/min), 23,854,617 states left on queue.
Progress(13) at 2026-03-09 08:04:24: 379,959,285 states generated (279,154 s/min), 35,781,692 distinct states found (27,358 ds/min), 23,873,844 states left on queue.
Progress(13) at 2026-03-09 08:05:24: 380,269,445 states generated (310,160 s/min), 35,804,392 distinct states found (22,700 ds/min), 23,887,501 states left on queue.
Progress(13) at 2026-03-09 08:06:24: 380,531,190 states generated (261,745 s/min), 35,825,150 distinct states found (20,758 ds/min), 23,900,817 states left on queue.
Progress(13) at 2026-03-09 08:07:24: 380,821,916 states generated (290,726 s/min), 35,855,543 distinct states found (30,393 ds/min), 23,923,264 states left on queue.
Progress(13) at 2026-03-09 08:08:24: 381,119,125 states generated (297,209 s/min), 35,876,380 distinct states found (20,837 ds/min), 23,935,972 states left on queue.
Progress(13) at 2026-03-09 08:09:24: 381,382,929 states generated (263,804 s/min), 35,900,714 distinct states found (24,334 ds/min), 23,953,022 states left on queue.
Progress(13) at 2026-03-09 08:10:24: 381,687,392 states generated (304,463 s/min), 35,925,948 distinct states found (25,234 ds/min), 23,969,862 states left on queue.
Progress(13) at 2026-03-09 08:11:24: 382,017,565 states generated (330,173 s/min), 35,949,865 distinct states found (23,917 ds/min), 23,984,486 states left on queue.
Progress(13) at 2026-03-09 08:12:24: 382,344,739 states generated (327,174 s/min), 35,977,000 distinct states found (27,135 ds/min), 24,002,061 states left on queue.
Progress(13) at 2026-03-09 08:13:24: 382,673,561 states generated (328,822 s/min), 36,004,029 distinct states found (27,029 ds/min), 24,019,410 states left on queue.
Progress(13) at 2026-03-09 08:14:24: 383,002,493 states generated (328,932 s/min), 36,028,540 distinct states found (24,511 ds/min), 24,034,268 states left on queue.
Progress(13) at 2026-03-09 08:15:24: 383,331,353 states generated (328,860 s/min), 36,048,071 distinct states found (19,531 ds/min), 24,044,071 states left on queue.
Progress(13) at 2026-03-09 08:16:24: 383,663,302 states generated (331,949 s/min), 36,079,393 distinct states found (31,322 ds/min), 24,065,678 states left on queue.
Checkpointing of run states/26-03-08-10-15-53
Checkpointing completed at (2026-03-09 08:17:26)
Progress(13) at 2026-03-09 08:17:26: 383,957,718 states generated (294,416 s/min), 36,108,060 distinct states found (28,667 ds/min), 24,085,768 states left on queue.
Progress(13) at 2026-03-09 08:18:26: 384,265,500 states generated (307,782 s/min), 36,130,259 distinct states found (22,199 ds/min), 24,098,965 states left on queue.
Progress(13) at 2026-03-09 08:19:26: 384,588,065 states generated (322,565 s/min), 36,157,203 distinct states found (26,944 ds/min), 24,116,767 states left on queue.
Progress(13) at 2026-03-09 08:20:26: 384,905,508 states generated (317,443 s/min), 36,187,417 distinct states found (30,214 ds/min), 24,138,309 states left on queue.
Progress(13) at 2026-03-09 08:21:26: 385,203,865 states generated (298,357 s/min), 36,207,877 distinct states found (20,460 ds/min), 24,150,593 states left on queue.
Progress(13) at 2026-03-09 08:22:26: 385,473,685 states generated (269,820 s/min), 36,234,420 distinct states found (26,543 ds/min), 24,169,685 states left on queue.
Progress(13) at 2026-03-09 08:23:26: 385,798,014 states generated (324,329 s/min), 36,259,116 distinct states found (24,696 ds/min), 24,185,428 states left on queue.
Progress(13) at 2026-03-09 08:24:26: 386,079,181 states generated (281,167 s/min), 36,276,878 distinct states found (17,762 ds/min), 24,195,324 states left on queue.
Progress(13) at 2026-03-09 08:25:26: 386,407,255 states generated (328,074 s/min), 36,304,931 distinct states found (28,053 ds/min), 24,213,775 states left on queue.
Progress(13) at 2026-03-09 08:26:26: 386,731,932 states generated (324,677 s/min), 36,331,907 distinct states found (26,976 ds/min), 24,231,219 states left on queue.
Progress(13) at 2026-03-09 08:27:26: 387,054,858 states generated (322,926 s/min), 36,356,575 distinct states found (24,668 ds/min), 24,246,403 states left on queue.
Progress(13) at 2026-03-09 08:28:26: 387,335,571 states generated (280,713 s/min), 36,376,232 distinct states found (19,657 ds/min), 24,257,795 states left on queue.
Progress(13) at 2026-03-09 08:29:26: 387,650,129 states generated (314,558 s/min), 36,402,011 distinct states found (25,779 ds/min), 24,274,173 states left on queue.
Progress(13) at 2026-03-09 08:30:26: 387,927,844 states generated (277,715 s/min), 36,438,758 distinct states found (36,747 ds/min), 24,303,005 states left on queue.
Progress(13) at 2026-03-09 08:31:26: 388,222,246 states generated (294,402 s/min), 36,474,971 distinct states found (36,213 ds/min), 24,330,729 states left on queue.
Progress(13) at 2026-03-09 08:32:26: 388,538,700 states generated (316,454 s/min), 36,504,453 distinct states found (29,482 ds/min), 24,350,666 states left on queue.
Progress(13) at 2026-03-09 08:33:26: 388,863,611 states generated (324,911 s/min), 36,535,220 distinct states found (30,767 ds/min), 24,371,939 states left on queue.
Progress(13) at 2026-03-09 08:34:26: 389,146,065 states generated (282,454 s/min), 36,563,118 distinct states found (27,898 ds/min), 24,391,560 states left on queue.
Progress(13) at 2026-03-09 08:35:26: 389,449,514 states generated (303,449 s/min), 36,584,581 distinct states found (21,463 ds/min), 24,404,148 states left on queue.
Progress(13) at 2026-03-09 08:36:26: 389,762,942 states generated (313,428 s/min), 36,608,394 distinct states found (23,813 ds/min), 24,419,034 states left on queue.
Progress(13) at 2026-03-09 08:37:26: 390,052,661 states generated (289,719 s/min), 36,639,690 distinct states found (31,296 ds/min), 24,442,407 states left on queue.
Progress(13) at 2026-03-09 08:38:26: 390,371,686 states generated (319,025 s/min), 36,661,453 distinct states found (21,763 ds/min), 24,455,441 states left on queue.
Progress(13) at 2026-03-09 08:39:26: 390,677,303 states generated (305,617 s/min), 36,689,445 distinct states found (27,992 ds/min), 24,474,997 states left on queue.
Progress(13) at 2026-03-09 08:40:26: 390,989,844 states generated (312,541 s/min), 36,714,536 distinct states found (25,091 ds/min), 24,491,463 states left on queue.
Progress(13) at 2026-03-09 08:41:26: 391,306,382 states generated (316,538 s/min), 36,734,538 distinct states found (20,002 ds/min), 24,502,609 states left on queue.
Progress(13) at 2026-03-09 08:42:26: 391,622,354 states generated (315,972 s/min), 36,761,381 distinct states found (26,843 ds/min), 24,520,197 states left on queue.
Progress(13) at 2026-03-09 08:43:26: 391,935,632 states generated (313,278 s/min), 36,787,959 distinct states found (26,578 ds/min), 24,537,574 states left on queue.
Progress(13) at 2026-03-09 08:44:26: 392,243,419 states generated (307,787 s/min), 36,811,619 distinct states found (23,660 ds/min), 24,552,187 states left on queue.
Progress(13) at 2026-03-09 08:45:26: 392,539,941 states generated (296,522 s/min), 36,832,114 distinct states found (20,495 ds/min), 24,563,982 states left on queue.
Progress(13) at 2026-03-09 08:46:26: 392,842,337 states generated (302,396 s/min), 36,856,205 distinct states found (24,091 ds/min), 24,579,080 states left on queue.
Checkpointing of run states/26-03-08-10-15-53
Checkpointing completed at (2026-03-09 08:47:28)
Progress(13) at 2026-03-09 08:47:28: 393,151,151 states generated (308,814 s/min), 36,884,077 distinct states found (27,872 ds/min), 24,597,954 states left on queue.
Progress(13) at 2026-03-09 08:48:28: 393,460,448 states generated (309,297 s/min), 36,910,357 distinct states found (26,280 ds/min), 24,615,269 states left on queue.
Progress(13) at 2026-03-09 08:49:28: 393,768,328 states generated (307,880 s/min), 36,932,026 distinct states found (21,669 ds/min), 24,627,971 states left on queue.
Progress(13) at 2026-03-09 08:50:28: 394,082,944 states generated (314,616 s/min), 36,958,927 distinct states found (26,901 ds/min), 24,645,956 states left on queue.
Progress(13) at 2026-03-09 08:51:28: 394,385,188 states generated (302,244 s/min), 36,988,992 distinct states found (30,065 ds/min), 24,667,768 states left on queue.
Progress(13) at 2026-03-09 08:52:28: 394,700,997 states generated (315,809 s/min), 37,010,453 distinct states found (21,461 ds/min), 24,680,592 states left on queue.
Progress(13) at 2026-03-09 08:53:28: 395,017,540 states generated (316,543 s/min), 37,040,107 distinct states found (29,654 ds/min), 24,701,512 states left on queue.
Progress(13) at 2026-03-09 08:54:28: 395,337,533 states generated (319,993 s/min), 37,064,928 distinct states found (24,821 ds/min), 24,717,512 states left on queue.
Progress(13) at 2026-03-09 08:55:28: 395,609,535 states generated (272,002 s/min), 37,082,379 distinct states found (17,451 ds/min), 24,727,455 states left on queue.
Progress(13) at 2026-03-09 08:56:28: 395,868,194 states generated (258,659 s/min), 37,103,830 distinct states found (21,451 ds/min), 24,741,333 states left on queue.
Progress(13) at 2026-03-09 08:57:28: 396,146,222 states generated (278,028 s/min), 37,126,579 distinct states found (22,749 ds/min), 24,756,002 states left on queue.
Progress(13) at 2026-03-09 08:58:28: 396,445,438 states generated (299,216 s/min), 37,152,069 distinct states found (25,490 ds/min), 24,772,701 states left on queue.
Progress(13) at 2026-03-09 08:59:28: 396,756,944 states generated (311,506 s/min), 37,175,769 distinct states found (23,700 ds/min), 24,787,243 states left on queue.
Progress(13) at 2026-03-09 09:00:28: 397,012,516 states generated (255,572 s/min), 37,194,499 distinct states found (18,730 ds/min), 24,798,476 states left on queue.
Progress(13) at 2026-03-09 09:01:28: 397,280,023 states generated (267,507 s/min), 37,210,662 distinct states found (16,163 ds/min), 24,806,740 states left on queue.
Progress(13) at 2026-03-09 09:02:28: 397,563,028 states generated (283,005 s/min), 37,231,120 distinct states found (20,458 ds/min), 24,818,678 states left on queue.
Progress(13) at 2026-03-09 09:03:28: 397,870,121 states generated (307,093 s/min), 37,254,595 distinct states found (23,475 ds/min), 24,832,710 states left on queue.
Progress(13) at 2026-03-09 09:04:28: 398,177,648 states generated (307,527 s/min), 37,277,552 distinct states found (22,957 ds/min), 24,846,201 states left on queue.
Progress(13) at 2026-03-09 09:05:28: 398,455,308 states generated (277,660 s/min), 37,302,047 distinct states found (24,495 ds/min), 24,862,165 states left on queue.
Progress(13) at 2026-03-09 09:06:28: 398,697,191 states generated (241,883 s/min), 37,331,859 distinct states found (29,812 ds/min), 24,885,046 states left on queue.
Progress(13) at 2026-03-09 09:07:28: 398,949,340 states generated (252,149 s/min), 37,361,117 distinct states found (29,258 ds/min), 24,906,732 states left on queue.
Progress(13) at 2026-03-09 09:08:28: 399,222,249 states generated (272,909 s/min), 37,386,529 distinct states found (25,412 ds/min), 24,923,939 states left on queue.
Progress(13) at 2026-03-09 09:09:28: 399,490,812 states generated (268,563 s/min), 37,420,394 distinct states found (33,865 ds/min), 24,950,132 states left on queue.
Progress(13) at 2026-03-09 09:10:28: 399,761,950 states generated (271,138 s/min), 37,452,668 distinct states found (32,274 ds/min), 24,974,270 states left on queue.
Progress(13) at 2026-03-09 09:11:28: 400,016,152 states generated (254,202 s/min), 37,473,060 distinct states found (20,392 ds/min), 24,986,979 states left on queue.
Progress(13) at 2026-03-09 09:12:28: 400,291,903 states generated (275,751 s/min), 37,494,831 distinct states found (21,771 ds/min), 25,000,271 states left on queue.
Progress(13) at 2026-03-09 09:13:28: 400,564,261 states generated (272,358 s/min), 37,529,284 distinct states found (34,453 ds/min), 25,026,842 states left on queue.
Progress(13) at 2026-03-09 09:14:28: 400,835,743 states generated (271,482 s/min), 37,562,263 distinct states found (32,979 ds/min), 25,051,784 states left on queue.
Progress(13) at 2026-03-09 09:15:28: 401,112,324 states generated (276,581 s/min), 37,587,565 distinct states found (25,302 ds/min), 25,068,773 states left on queue.
Progress(13) at 2026-03-09 09:16:28: 401,382,080 states generated (269,756 s/min), 37,622,385 distinct states found (34,820 ds/min), 25,095,793 states left on queue.
Checkpointing of run states/26-03-08-10-15-53
Checkpointing completed at (2026-03-09 09:17:36)
Progress(13) at 2026-03-09 09:17:36: 401,689,386 states generated (307,306 s/min), 37,660,834 distinct states found (38,449 ds/min), 25,125,183 states left on queue.
Progress(13) at 2026-03-09 09:18:36: 401,967,834 states generated (278,448 s/min), 37,684,097 distinct states found (23,263 ds/min), 25,139,993 states left on queue.
Progress(13) at 2026-03-09 09:19:36: 402,237,739 states generated (269,905 s/min), 37,703,800 distinct states found (19,703 ds/min), 25,151,370 states left on queue.
Progress(13) at 2026-03-09 09:20:36: 402,505,097 states generated (267,358 s/min), 37,737,608 distinct states found (33,808 ds/min), 25,177,251 states left on queue.
Progress(13) at 2026-03-09 09:21:36: 402,773,115 states generated (268,018 s/min), 37,770,042 distinct states found (32,434 ds/min), 25,201,839 states left on queue.
Progress(13) at 2026-03-09 09:22:36: 403,045,828 states generated (272,713 s/min), 37,793,554 distinct states found (23,512 ds/min), 25,217,079 states left on queue.
Progress(13) at 2026-03-09 09:23:36: 403,310,794 states generated (264,966 s/min), 37,827,541 distinct states found (33,987 ds/min), 25,243,274 states left on queue.
Progress(13) at 2026-03-09 09:24:36: 403,582,508 states generated (271,714 s/min), 37,861,405 distinct states found (33,864 ds/min), 25,269,197 states left on queue.
Progress(13) at 2026-03-09 09:25:36: 403,849,269 states generated (266,761 s/min), 37,883,812 distinct states found (22,407 ds/min), 25,283,527 states left on queue.
Progress(13) at 2026-03-09 09:26:36: 404,121,556 states generated (272,287 s/min), 37,918,062 distinct states found (34,250 ds/min), 25,309,714 states left on queue.
Progress(13) at 2026-03-09 09:27:36: 404,386,951 states generated (265,395 s/min), 37,950,009 distinct states found (31,947 ds/min), 25,333,881 states left on queue.
Progress(13) at 2026-03-09 09:28:36: 404,683,728 states generated (296,777 s/min), 37,977,242 distinct states found (27,233 ds/min), 25,352,130 states left on queue.
Progress(13) at 2026-03-09 09:29:36: 404,962,146 states generated (278,418 s/min), 38,003,481 distinct states found (26,239 ds/min), 25,370,153 states left on queue.
Progress(13) at 2026-03-09 09:30:36: 405,231,620 states generated (269,474 s/min), 38,026,473 distinct states found (22,992 ds/min), 25,385,234 states left on queue.
Progress(13) at 2026-03-09 09:31:36: 405,545,442 states generated (313,822 s/min), 38,049,133 distinct states found (22,660 ds/min), 25,398,753 states left on queue.
Progress(13) at 2026-03-09 09:32:36: 405,799,878 states generated (254,436 s/min), 38,077,352 distinct states found (28,219 ds/min), 25,419,867 states left on queue.
Progress(13) at 2026-03-09 09:33:36: 406,068,231 states generated (268,353 s/min), 38,095,974 distinct states found (18,622 ds/min), 25,431,077 states left on queue.
Progress(13) at 2026-03-09 09:34:36: 406,377,585 states generated (309,354 s/min), 38,118,652 distinct states found (22,678 ds/min), 25,445,031 states left on queue.
Progress(13) at 2026-03-09 09:35:36: 406,636,996 states generated (259,411 s/min), 38,141,000 distinct states found (22,348 ds/min), 25,459,798 states left on queue.
Progress(13) at 2026-03-09 09:36:36: 406,903,370 states generated (266,374 s/min), 38,162,428 distinct states found (21,428 ds/min), 25,473,453 states left on queue.
Progress(13) at 2026-03-09 09:37:36: 407,204,901 states generated (301,531 s/min), 38,185,949 distinct states found (23,521 ds/min), 25,488,067 states left on queue.
Progress(13) at 2026-03-09 09:38:36: 407,513,302 states generated (308,401 s/min), 38,207,237 distinct states found (21,288 ds/min), 25,500,288 states left on queue.
Progress(13) at 2026-03-09 09:39:36: 407,826,827 states generated (313,525 s/min), 38,233,651 distinct states found (26,414 ds/min), 25,517,309 states left on queue.
Progress(13) at 2026-03-09 09:40:36: 408,137,026 states generated (310,199 s/min), 38,262,028 distinct states found (28,377 ds/min), 25,536,520 states left on queue.
Progress(13) at 2026-03-09 09:41:36: 408,448,650 states generated (311,624 s/min), 38,283,469 distinct states found (21,441 ds/min), 25,548,882 states left on queue.
Progress(13) at 2026-03-09 09:42:36: 408,766,451 states generated (317,801 s/min), 38,308,632 distinct states found (25,163 ds/min), 25,564,940 states left on queue.
Progress(13) at 2026-03-09 09:43:36: 409,080,918 states generated (314,467 s/min), 38,337,308 distinct states found (28,676 ds/min), 25,584,927 states left on queue.
Progress(13) at 2026-03-09 09:44:36: 409,398,539 states generated (317,621 s/min), 38,358,541 distinct states found (21,233 ds/min), 25,597,379 states left on queue.
Progress(13) at 2026-03-09 09:45:36: 409,700,655 states generated (302,116 s/min), 38,384,027 distinct states found (25,486 ds/min), 25,614,042 states left on queue.
Progress(13) at 2026-03-09 09:46:36: 410,009,362 states generated (308,707 s/min), 38,409,367 distinct states found (25,340 ds/min), 25,630,360 states left on queue.
Checkpointing of run states/26-03-08-10-15-53
Checkpointing completed at (2026-03-09 09:47:46)
Progress(13) at 2026-03-09 09:47:46: 410,361,703 states generated (352,341 s/min), 38,436,377 distinct states found (27,010 ds/min), 25,647,021 states left on queue.
Progress(13) at 2026-03-09 09:48:46: 410,670,897 states generated (309,194 s/min), 38,458,985 distinct states found (22,608 ds/min), 25,660,519 states left on queue.
Progress(13) at 2026-03-09 09:49:46: 410,953,513 states generated (282,616 s/min), 38,476,882 distinct states found (17,897 ds/min), 25,669,970 states left on queue.
Progress(13) at 2026-03-09 09:50:46: 411,232,609 states generated (279,096 s/min), 38,512,268 distinct states found (35,386 ds/min), 25,697,193 states left on queue.
Progress(13) at 2026-03-09 09:51:46: 411,502,102 states generated (269,493 s/min), 38,545,242 distinct states found (32,974 ds/min), 25,722,240 states left on queue.
Progress(13) at 2026-03-09 09:52:46: 411,820,706 states generated (318,604 s/min), 38,575,600 distinct states found (30,358 ds/min), 25,742,975 states left on queue.
Progress(13) at 2026-03-09 09:53:46: 412,079,844 states generated (259,138 s/min), 38,598,482 distinct states found (22,882 ds/min), 25,758,224 states left on queue.
Progress(13) at 2026-03-09 09:54:46: 412,368,563 states generated (288,719 s/min), 38,622,822 distinct states found (24,340 ds/min), 25,774,086 states left on queue.
Progress(13) at 2026-03-09 09:55:46: 412,668,078 states generated (299,515 s/min), 38,644,150 distinct states found (21,328 ds/min), 25,786,660 states left on queue.
Progress(13) at 2026-03-09 09:56:46: 412,918,574 states generated (250,496 s/min), 38,669,901 distinct states found (25,751 ds/min), 25,805,387 states left on queue.
Progress(13) at 2026-03-09 09:57:46: 413,192,679 states generated (274,105 s/min), 38,690,139 distinct states found (20,238 ds/min), 25,818,060 states left on queue.
Progress(13) at 2026-03-09 09:58:46: 413,503,901 states generated (311,222 s/min), 38,713,157 distinct states found (23,018 ds/min), 25,832,355 states left on queue.
Progress(13) at 2026-03-09 09:59:46: 413,762,510 states generated (258,609 s/min), 38,733,586 distinct states found (20,429 ds/min), 25,845,263 states left on queue.
Progress(13) at 2026-03-09 10:00:46: 414,034,786 states generated (272,276 s/min), 38,756,613 distinct states found (23,027 ds/min), 25,860,322 states left on queue.
Progress(13) at 2026-03-09 10:01:46: 414,313,641 states generated (278,855 s/min), 38,777,720 distinct states found (21,107 ds/min), 25,873,305 states left on queue.
Progress(13) at 2026-03-09 10:02:46: 414,615,251 states generated (301,610 s/min), 38,800,523 distinct states found (22,803 ds/min), 25,887,174 states left on queue.
Progress(13) at 2026-03-09 10:03:46: 414,912,749 states generated (297,498 s/min), 38,819,472 distinct states found (18,949 ds/min), 25,897,344 states left on queue.
Progress(13) at 2026-03-09 10:04:46: 415,231,679 states generated (318,930 s/min), 38,847,245 distinct states found (27,773 ds/min), 25,915,677 states left on queue.
Progress(13) at 2026-03-09 10:05:46: 415,535,704 states generated (304,025 s/min), 38,875,514 distinct states found (28,269 ds/min), 25,935,017 states left on queue.
Progress(13) at 2026-03-09 10:06:46: 415,849,038 states generated (313,334 s/min), 38,897,573 distinct states found (22,059 ds/min), 25,947,877 states left on queue.
Progress(13) at 2026-03-09 10:07:46: 416,145,149 states generated (296,111 s/min), 38,922,216 distinct states found (24,643 ds/min), 25,964,068 states left on queue.
Progress(13) at 2026-03-09 10:08:46: 416,464,078 states generated (318,929 s/min), 38,950,945 distinct states found (28,729 ds/min), 25,984,007 states left on queue.
Progress(13) at 2026-03-09 10:09:46: 416,756,380 states generated (292,302 s/min), 38,970,600 distinct states found (19,655 ds/min), 25,995,595 states left on queue.
Progress(13) at 2026-03-09 10:10:46: 417,075,527 states generated (319,147 s/min), 38,997,597 distinct states found (26,997 ds/min), 26,013,338 states left on queue.
Progress(13) at 2026-03-09 10:11:46: 417,354,527 states generated (279,000 s/min), 39,018,786 distinct states found (21,189 ds/min), 26,026,401 states left on queue.
Progress(13) at 2026-03-09 10:12:46: 417,667,395 states generated (312,868 s/min), 39,045,277 distinct states found (26,491 ds/min), 26,043,764 states left on queue.
Progress(13) at 2026-03-09 10:13:46: 417,937,942 states generated (270,547 s/min), 39,065,810 distinct states found (20,533 ds/min), 26,056,342 states left on queue.
Progress(13) at 2026-03-09 10:14:46: 418,236,687 states generated (298,745 s/min), 39,087,641 distinct states found (21,831 ds/min), 26,069,370 states left on queue.
Progress(13) at 2026-03-09 10:15:46: 418,532,000 states generated (295,313 s/min), 39,104,979 distinct states found (17,338 ds/min), 26,077,950 states left on queue.
Progress(13) at 2026-03-09 10:16:46: 418,779,398 states generated (247,398 s/min), 39,123,363 distinct states found (18,384 ds/min), 26,088,711 states left on queue.
Checkpointing of run states/26-03-08-10-15-53
Checkpointing completed at (2026-03-09 10:17:59)
Progress(13) at 2026-03-09 10:17:59: 419,103,131 states generated (323,733 s/min), 39,145,901 distinct states found (22,538 ds/min), 26,101,192 states left on queue.
Progress(13) at 2026-03-09 10:18:59: 419,400,738 states generated (297,607 s/min), 39,166,555 distinct states found (20,654 ds/min), 26,112,609 states left on queue.
Progress(13) at 2026-03-09 10:19:59: 419,643,280 states generated (242,542 s/min), 39,197,305 distinct states found (30,750 ds/min), 26,136,136 states left on queue.
Progress(13) at 2026-03-09 10:20:59: 419,898,412 states generated (255,132 s/min), 39,223,048 distinct states found (25,743 ds/min), 26,154,197 states left on queue.
Progress(13) at 2026-03-09 10:21:59: 420,196,522 states generated (298,110 s/min), 39,255,503 distinct states found (32,455 ds/min), 26,177,757 states left on queue.
Progress(13) at 2026-03-09 10:22:59: 420,444,772 states generated (248,250 s/min), 39,283,709 distinct states found (28,206 ds/min), 26,198,503 states left on queue.
Progress(13) at 2026-03-09 10:23:59: 420,702,197 states generated (257,425 s/min), 39,304,329 distinct states found (20,620 ds/min), 26,211,284 states left on queue.
Progress(13) at 2026-03-09 10:24:59: 420,999,558 states generated (297,361 s/min), 39,331,430 distinct states found (27,101 ds/min), 26,229,256 states left on queue.
Progress(13) at 2026-03-09 10:25:59: 421,310,006 states generated (310,448 s/min), 39,368,243 distinct states found (36,813 ds/min), 26,256,839 states left on queue.
Progress(13) at 2026-03-09 10:26:59: 421,623,515 states generated (313,509 s/min), 39,399,315 distinct states found (31,072 ds/min), 26,278,447 states left on queue.
Progress(13) at 2026-03-09 10:27:59: 421,925,672 states generated (302,157 s/min), 39,437,267 distinct states found (37,952 ds/min), 26,307,441 states left on queue.
Progress(13) at 2026-03-09 10:28:59: 422,238,628 states generated (312,956 s/min), 39,463,711 distinct states found (26,444 ds/min), 26,324,386 states left on queue.
Progress(13) at 2026-03-09 10:29:59: 422,533,738 states generated (295,110 s/min), 39,489,071 distinct states found (25,360 ds/min), 26,340,597 states left on queue.
Progress(13) at 2026-03-09 10:30:59: 422,822,079 states generated (288,341 s/min), 39,523,980 distinct states found (34,909 ds/min), 26,366,883 states left on queue.
Progress(13) at 2026-03-09 10:31:59: 423,123,364 states generated (301,285 s/min), 39,550,986 distinct states found (27,006 ds/min), 26,384,741 states left on queue.
Progress(13) at 2026-03-09 10:32:59: 423,412,950 states generated (289,586 s/min), 39,588,263 distinct states found (37,277 ds/min), 26,413,375 states left on queue.
Progress(13) at 2026-03-09 10:33:59: 423,717,775 states generated (304,825 s/min), 39,615,279 distinct states found (27,016 ds/min), 26,431,143 states left on queue.
Progress(13) at 2026-03-09 10:34:59: 423,991,338 states generated (273,563 s/min), 39,649,714 distinct states found (34,435 ds/min), 26,457,374 states left on queue.
Progress(13) at 2026-03-09 10:35:59: 424,286,671 states generated (295,333 s/min), 39,676,276 distinct states found (26,562 ds/min), 26,475,035 states left on queue.
Progress(13) at 2026-03-09 10:36:59: 424,555,003 states generated (268,332 s/min), 39,700,242 distinct states found (23,966 ds/min), 26,490,958 states left on queue.
Progress(13) at 2026-03-09 10:37:59: 424,869,087 states generated (314,084 s/min), 39,728,448 distinct states found (28,206 ds/min), 26,509,774 states left on queue.
Progress(13) at 2026-03-09 10:38:59: 425,126,310 states generated (257,223 s/min), 39,746,532 distinct states found (18,084 ds/min), 26,520,353 states left on queue.
Progress(13) at 2026-03-09 10:39:59: 425,397,919 states generated (271,609 s/min), 39,770,095 distinct states found (23,563 ds/min), 26,535,977 states left on queue.
Progress(13) at 2026-03-09 10:40:59: 425,710,682 states generated (312,763 s/min), 39,796,345 distinct states found (26,250 ds/min), 26,553,098 states left on queue.
Progress(13) at 2026-03-09 10:41:59: 425,956,328 states generated (245,646 s/min), 39,815,481 distinct states found (19,136 ds/min), 26,565,034 states left on queue.
Progress(13) at 2026-03-09 10:42:59: 426,228,593 states generated (272,265 s/min), 39,835,765 distinct states found (20,284 ds/min), 26,577,257 states left on queue.
Progress(13) at 2026-03-09 10:43:59: 426,530,881 states generated (302,288 s/min), 39,853,863 distinct states found (18,098 ds/min), 26,586,416 states left on queue.
Progress(13) at 2026-03-09 10:44:59: 426,794,182 states generated (263,301 s/min), 39,877,222 distinct states found (23,359 ds/min), 26,601,913 states left on queue.
Progress(13) at 2026-03-09 10:45:59: 427,067,060 states generated (272,878 s/min), 39,901,766 distinct states found (24,544 ds/min), 26,618,307 states left on queue.
Progress(13) at 2026-03-09 10:46:59: 427,361,036 states generated (293,976 s/min), 39,922,346 distinct states found (20,580 ds/min), 26,630,189 states left on queue.
Checkpointing of run states/26-03-08-10-15-53
Checkpointing completed at (2026-03-09 10:48:12)
Progress(13) at 2026-03-09 10:48:12: 427,729,998 states generated (368,962 s/min), 39,952,497 distinct states found (30,151 ds/min), 26,649,579 states left on queue.
Progress(13) at 2026-03-09 10:49:12: 428,035,801 states generated (305,803 s/min), 39,977,457 distinct states found (24,960 ds/min), 26,665,624 states left on queue.
Progress(13) at 2026-03-09 10:50:12: 428,341,304 states generated (305,503 s/min), 40,001,187 distinct states found (23,730 ds/min), 26,680,414 states left on queue.
Progress(13) at 2026-03-09 10:51:12: 428,640,836 states generated (299,532 s/min), 40,023,185 distinct states found (21,998 ds/min), 26,693,551 states left on queue.
Progress(13) at 2026-03-09 10:52:12: 428,953,303 states generated (312,467 s/min), 40,041,414 distinct states found (18,229 ds/min), 26,702,507 states left on queue.
Progress(13) at 2026-03-09 10:53:12: 429,255,397 states generated (302,094 s/min), 40,080,084 distinct states found (38,670 ds/min), 26,732,113 states left on queue.
Progress(13) at 2026-03-09 10:54:12: 429,555,336 states generated (299,939 s/min), 40,108,758 distinct states found (28,674 ds/min), 26,751,751 states left on queue.
Progress(13) at 2026-03-09 10:55:12: 429,856,424 states generated (301,088 s/min), 40,134,979 distinct states found (26,221 ds/min), 26,768,948 states left on queue.
Progress(13) at 2026-03-09 10:56:12: 430,180,341 states generated (323,917 s/min), 40,163,158 distinct states found (28,179 ds/min), 26,787,457 states left on queue.
Progress(13) at 2026-03-09 10:57:12: 430,491,503 states generated (311,162 s/min), 40,185,726 distinct states found (22,568 ds/min), 26,800,894 states left on queue.
Progress(13) at 2026-03-09 10:58:12: 430,802,562 states generated (311,059 s/min), 40,212,820 distinct states found (27,094 ds/min), 26,818,898 states left on queue.
Progress(13) at 2026-03-09 10:59:12: 431,093,841 states generated (291,279 s/min), 40,234,830 distinct states found (22,010 ds/min), 26,832,451 states left on queue.
Progress(13) at 2026-03-09 11:00:12: 431,397,507 states generated (303,666 s/min), 40,258,462 distinct states found (23,632 ds/min), 26,847,193 states left on queue.
Progress(13) at 2026-03-09 11:01:12: 431,698,157 states generated (300,650 s/min), 40,280,488 distinct states found (22,026 ds/min), 26,860,327 states left on queue.
Progress(13) at 2026-03-09 11:02:12: 431,979,426 states generated (281,269 s/min), 40,296,719 distinct states found (16,231 ds/min), 26,868,213 states left on queue.
Progress(13) at 2026-03-09 11:03:12: 432,289,710 states generated (310,284 s/min), 40,325,847 distinct states found (29,128 ds/min), 26,888,064 states left on queue.
Progress(13) at 2026-03-09 11:04:12: 432,598,243 states generated (308,533 s/min), 40,351,430 distinct states found (25,583 ds/min), 26,904,485 states left on queue.
Progress(13) at 2026-03-09 11:05:12: 432,912,652 states generated (314,409 s/min), 40,372,818 distinct states found (21,388 ds/min), 26,916,683 states left on queue.
Progress(13) at 2026-03-09 11:06:12: 433,203,335 states generated (290,683 s/min), 40,398,249 distinct states found (25,431 ds/min), 26,933,616 states left on queue.
Progress(13) at 2026-03-09 11:07:12: 433,486,707 states generated (283,372 s/min), 40,422,386 distinct states found (24,137 ds/min), 26,949,475 states left on queue.
Progress(13) at 2026-03-09 11:08:12: 433,804,370 states generated (317,663 s/min), 40,446,693 distinct states found (24,307 ds/min), 26,964,527 states left on queue.
Progress(13) at 2026-03-09 11:09:12: 434,115,502 states generated (311,132 s/min), 40,470,533 distinct states found (23,840 ds/min), 26,979,261 states left on queue.
Progress(13) at 2026-03-09 11:10:12: 434,402,201 states generated (286,699 s/min), 40,490,592 distinct states found (20,059 ds/min), 26,990,836 states left on queue.
Progress(13) at 2026-03-09 11:11:12: 434,666,432 states generated (264,231 s/min), 40,507,760 distinct states found (17,168 ds/min), 26,999,889 states left on queue.
Progress(13) at 2026-03-09 11:12:12: 434,937,159 states generated (270,727 s/min), 40,536,194 distinct states found (28,434 ds/min), 27,018,929 states left on queue.
Progress(13) at 2026-03-09 11:13:12: 435,242,281 states generated (305,122 s/min), 40,566,186 distinct states found (29,992 ds/min), 27,038,744 states left on queue.
Progress(13) at 2026-03-09 11:14:12: 435,521,084 states generated (278,803 s/min), 40,590,222 distinct states found (24,036 ds/min), 27,054,065 states left on queue.
Progress(13) at 2026-03-09 11:15:12: 435,775,111 states generated (254,027 s/min), 40,620,425 distinct states found (30,203 ds/min), 27,076,260 states left on queue.
Progress(13) at 2026-03-09 11:16:12: 436,048,645 states generated (273,534 s/min), 40,646,224 distinct states found (25,799 ds/min), 27,093,410 states left on queue.
Progress(13) at 2026-03-09 11:17:12: 436,340,292 states generated (291,647 s/min), 40,679,809 distinct states found (33,585 ds/min), 27,118,475 states left on queue.
Checkpointing of run states/26-03-08-10-15-53
Checkpointing completed at (2026-03-09 11:18:27)
Progress(13) at 2026-03-09 11:18:27: 436,719,409 states generated (379,117 s/min), 40,708,996 distinct states found (29,187 ds/min), 27,136,519 states left on queue.
Progress(13) at 2026-03-09 11:19:27: 437,028,701 states generated (309,292 s/min), 40,736,217 distinct states found (27,221 ds/min), 27,154,216 states left on queue.
Progress(13) at 2026-03-09 11:20:27: 437,324,921 states generated (296,220 s/min), 40,762,321 distinct states found (26,104 ds/min), 27,171,183 states left on queue.
Progress(13) at 2026-03-09 11:21:27: 437,637,986 states generated (313,065 s/min), 40,786,770 distinct states found (24,449 ds/min), 27,185,953 states left on queue.
Progress(13) at 2026-03-09 11:22:27: 437,932,721 states generated (294,735 s/min), 40,807,180 distinct states found (20,410 ds/min), 27,197,208 states left on queue.
Progress(13) at 2026-03-09 11:23:27: 438,237,739 states generated (305,018 s/min), 40,833,109 distinct states found (25,929 ds/min), 27,212,857 states left on queue.
Progress(13) at 2026-03-09 11:24:27: 438,528,430 states generated (290,691 s/min), 40,863,899 distinct states found (30,790 ds/min), 27,233,980 states left on queue.
Progress(13) at 2026-03-09 11:25:27: 438,842,184 states generated (313,754 s/min), 40,892,726 distinct states found (28,827 ds/min), 27,252,531 states left on queue.
Progress(13) at 2026-03-09 11:26:27: 439,130,549 states generated (288,365 s/min), 40,925,282 distinct states found (32,556 ds/min), 27,276,060 states left on queue.
Progress(13) at 2026-03-09 11:27:27: 439,433,107 states generated (302,558 s/min), 40,954,239 distinct states found (28,957 ds/min), 27,295,436 states left on queue.
Progress(13) at 2026-03-09 11:28:27: 439,721,932 states generated (288,825 s/min), 40,984,443 distinct states found (30,204 ds/min), 27,317,314 states left on queue.
Progress(13) at 2026-03-09 11:29:27: 439,998,366 states generated (276,434 s/min), 41,007,842 distinct states found (23,399 ds/min), 27,332,596 states left on queue.
Progress(13) at 2026-03-09 11:30:27: 440,322,214 states generated (323,848 s/min), 41,037,287 distinct states found (29,445 ds/min), 27,352,048 states left on queue.
Progress(13) at 2026-03-09 11:31:27: 440,594,159 states generated (271,945 s/min), 41,060,566 distinct states found (23,279 ds/min), 27,366,951 states left on queue.
Progress(13) at 2026-03-09 11:32:27: 440,865,611 states generated (271,452 s/min), 41,082,057 distinct states found (21,491 ds/min), 27,380,053 states left on queue.
Progress(13) at 2026-03-09 11:33:27: 441,179,971 states generated (314,360 s/min), 41,103,707 distinct states found (21,650 ds/min), 27,391,934 states left on queue.
Progress(13) at 2026-03-09 11:34:27: 441,448,265 states generated (268,294 s/min), 41,126,274 distinct states found (22,567 ds/min), 27,405,324 states left on queue.
Progress(13) at 2026-03-09 11:35:27: 441,715,065 states generated (266,800 s/min), 41,153,673 distinct states found (27,399 ds/min), 27,423,689 states left on queue.
Progress(13) at 2026-03-09 11:36:27: 442,013,898 states generated (298,833 s/min), 41,183,168 distinct states found (29,495 ds/min), 27,443,743 states left on queue.
Progress(13) at 2026-03-09 11:37:27: 442,279,104 states generated (265,206 s/min), 41,208,183 distinct states found (25,015 ds/min), 27,460,304 states left on queue.
Progress(13) at 2026-03-09 11:38:27: 442,539,344 states generated (260,240 s/min), 41,232,983 distinct states found (24,800 ds/min), 27,477,093 states left on queue.
Progress(13) at 2026-03-09 11:39:27: 442,828,244 states generated (288,900 s/min), 41,262,595 distinct states found (29,612 ds/min), 27,498,400 states left on queue.
Progress(13) at 2026-03-09 11:40:27: 443,145,972 states generated (317,728 s/min), 41,287,206 distinct states found (24,611 ds/min), 27,513,563 states left on queue.
Progress(13) at 2026-03-09 11:41:27: 443,458,923 states generated (312,951 s/min), 41,314,600 distinct states found (27,394 ds/min), 27,531,304 states left on queue.
Progress(13) at 2026-03-09 11:42:27: 443,771,791 states generated (312,868 s/min), 41,339,280 distinct states found (24,680 ds/min), 27,546,312 states left on queue.
Progress(13) at 2026-03-09 11:43:27: 444,083,837 states generated (312,046 s/min), 41,359,838 distinct states found (20,558 ds/min), 27,557,166 states left on queue.
Progress(13) at 2026-03-09 11:44:27: 444,397,788 states generated (313,951 s/min), 41,386,148 distinct states found (26,310 ds/min), 27,573,057 states left on queue.
Progress(13) at 2026-03-09 11:45:27: 444,695,802 states generated (298,014 s/min), 41,417,355 distinct states found (31,207 ds/min), 27,594,936 states left on queue.
Progress(13) at 2026-03-09 11:46:27: 445,009,299 states generated (313,497 s/min), 41,443,730 distinct states found (26,375 ds/min), 27,611,285 states left on queue.
Progress(13) at 2026-03-09 11:47:27: 445,313,253 states generated (303,954 s/min), 41,475,205 distinct states found (31,475 ds/min), 27,632,432 states left on queue.
Checkpointing of run states/26-03-08-10-15-53
Checkpointing completed at (2026-03-09 11:48:38)
Progress(13) at 2026-03-09 11:48:38: 445,668,613 states generated (355,360 s/min), 41,512,543 distinct states found (37,338 ds/min), 27,659,406 states left on queue.
Progress(13) at 2026-03-09 11:49:38: 445,977,298 states generated (308,685 s/min), 41,539,506 distinct states found (26,963 ds/min), 27,677,125 states left on queue.
Progress(13) at 2026-03-09 11:50:38: 446,276,165 states generated (298,867 s/min), 41,564,210 distinct states found (24,704 ds/min), 27,692,663 states left on queue.
Progress(13) at 2026-03-09 11:51:38: 446,586,499 states generated (310,334 s/min), 41,588,278 distinct states found (24,068 ds/min), 27,707,123 states left on queue.
Progress(13) at 2026-03-09 11:52:38: 446,876,700 states generated (290,201 s/min), 41,606,765 distinct states found (18,487 ds/min), 27,716,541 states left on queue.
Progress(13) at 2026-03-09 11:53:38: 447,197,513 states generated (320,813 s/min), 41,636,367 distinct states found (29,602 ds/min), 27,735,594 states left on queue.
Progress(13) at 2026-03-09 11:54:38: 447,472,610 states generated (275,097 s/min), 41,659,337 distinct states found (22,970 ds/min), 27,749,898 states left on queue.
Progress(13) at 2026-03-09 11:55:38: 447,782,213 states generated (309,603 s/min), 41,690,230 distinct states found (30,893 ds/min), 27,770,386 states left on queue.
Progress(13) at 2026-03-09 11:56:38: 448,054,885 states generated (272,672 s/min), 41,716,359 distinct states found (26,129 ds/min), 27,788,017 states left on queue.
Progress(13) at 2026-03-09 11:57:38: 448,311,677 states generated (256,792 s/min), 41,740,670 distinct states found (24,311 ds/min), 27,805,074 states left on queue.
Progress(13) at 2026-03-09 11:58:38: 448,607,680 states generated (296,003 s/min), 41,764,398 distinct states found (23,728 ds/min), 27,819,884 states left on queue.
Progress(13) at 2026-03-09 11:59:38: 448,879,589 states generated (271,909 s/min), 41,786,109 distinct states found (21,711 ds/min), 27,833,186 states left on queue.
Progress(13) at 2026-03-09 12:00:38: 449,140,499 states generated (260,910 s/min), 41,804,805 distinct states found (18,696 ds/min), 27,843,805 states left on queue.
Progress(13) at 2026-03-09 12:01:38: 449,434,993 states generated (294,494 s/min), 41,824,653 distinct states found (19,848 ds/min), 27,853,904 states left on queue.
Progress(13) at 2026-03-09 12:02:38: 449,696,117 states generated (261,124 s/min), 41,849,892 distinct states found (25,239 ds/min), 27,870,907 states left on queue.
Progress(13) at 2026-03-09 12:03:38: 449,965,981 states generated (269,864 s/min), 41,874,460 distinct states found (24,568 ds/min), 27,886,999 states left on queue.
Progress(13) at 2026-03-09 12:04:38: 450,274,865 states generated (308,884 s/min), 41,901,863 distinct states found (27,403 ds/min), 27,904,051 states left on queue.
Progress(13) at 2026-03-09 12:05:38: 450,568,620 states generated (293,755 s/min), 41,934,392 distinct states found (32,529 ds/min), 27,927,803 states left on queue.
Progress(13) at 2026-03-09 12:06:38: 450,878,933 states generated (310,313 s/min), 41,958,048 distinct states found (23,656 ds/min), 27,942,377 states left on queue.
Progress(13) at 2026-03-09 12:07:38: 451,181,207 states generated (302,274 s/min), 41,983,327 distinct states found (25,279 ds/min), 27,958,312 states left on queue.
Progress(13) at 2026-03-09 12:08:38: 451,491,880 states generated (310,673 s/min), 42,005,128 distinct states found (21,801 ds/min), 27,970,483 states left on queue.
Progress(13) at 2026-03-09 12:09:38: 451,801,190 states generated (309,310 s/min), 42,026,488 distinct states found (21,360 ds/min), 27,981,987 states left on queue.
Progress(13) at 2026-03-09 12:10:38: 452,101,353 states generated (300,163 s/min), 42,048,829 distinct states found (22,341 ds/min), 27,994,996 states left on queue.
Progress(13) at 2026-03-09 12:11:38: 452,411,306 states generated (309,953 s/min), 42,073,603 distinct states found (24,774 ds/min), 28,009,937 states left on queue.
Progress(13) at 2026-03-09 12:12:38: 452,726,930 states generated (315,624 s/min), 42,097,811 distinct states found (24,208 ds/min), 28,024,330 states left on queue.
Progress(13) at 2026-03-09 12:13:38: 453,047,386 states generated (320,456 s/min), 42,120,144 distinct states found (22,333 ds/min), 28,036,692 states left on queue.
Progress(13) at 2026-03-09 12:14:38: 453,347,384 states generated (299,998 s/min), 42,139,424 distinct states found (19,280 ds/min), 28,046,486 states left on queue.
Progress(13) at 2026-03-09 12:15:38: 453,660,159 states generated (312,775 s/min), 42,163,837 distinct states found (24,413 ds/min), 28,061,093 states left on queue.
Progress(13) at 2026-03-09 12:16:38: 453,972,241 states generated (312,082 s/min), 42,188,562 distinct states found (24,725 ds/min), 28,075,868 states left on queue.
Progress(13) at 2026-03-09 12:17:38: 454,265,671 states generated (293,430 s/min), 42,211,716 distinct states found (23,154 ds/min), 28,089,919 states left on queue.
Checkpointing of run states/26-03-08-10-15-53
Checkpointing completed at (2026-03-09 12:18:51)
Progress(13) at 2026-03-09 12:18:51: 454,641,465 states generated (375,794 s/min), 42,235,995 distinct states found (24,279 ds/min), 28,102,382 states left on queue.
Progress(13) at 2026-03-09 12:19:51: 454,944,857 states generated (303,392 s/min), 42,257,872 distinct states found (21,877 ds/min), 28,114,697 states left on queue.
Progress(13) at 2026-03-09 12:20:51: 455,250,337 states generated (305,480 s/min), 42,280,347 distinct states found (22,475 ds/min), 28,127,521 states left on queue.
Progress(13) at 2026-03-09 12:21:51: 455,516,674 states generated (266,337 s/min), 42,299,793 distinct states found (19,446 ds/min), 28,138,689 states left on queue.
Progress(13) at 2026-03-09 12:22:51: 455,825,919 states generated (309,245 s/min), 42,319,165 distinct states found (19,372 ds/min), 28,148,295 states left on queue.
Progress(13) at 2026-03-09 12:23:51: 456,132,680 states generated (306,761 s/min), 42,341,126 distinct states found (21,961 ds/min), 28,160,493 states left on queue.
Progress(13) at 2026-03-09 12:24:51: 456,453,727 states generated (321,047 s/min), 42,364,844 distinct states found (23,718 ds/min), 28,174,153 states left on queue.
Progress(13) at 2026-03-09 12:25:51: 456,707,778 states generated (254,051 s/min), 42,383,160 distinct states found (18,316 ds/min), 28,184,579 states left on queue.
Progress(13) at 2026-03-09 12:26:51: 456,988,272 states generated (280,494 s/min), 42,399,660 distinct states found (16,500 ds/min), 28,192,133 states left on queue.
Progress(13) at 2026-03-09 12:27:51: 457,285,708 states generated (297,436 s/min), 42,420,543 distinct states found (20,883 ds/min), 28,203,604 states left on queue.
Progress(13) at 2026-03-09 12:28:51: 457,529,586 states generated (243,878 s/min), 42,437,189 distinct states found (16,646 ds/min), 28,212,680 states left on queue.
Progress(13) at 2026-03-09 12:29:51: 457,792,616 states generated (263,030 s/min), 42,452,715 distinct states found (15,526 ds/min), 28,219,882 states left on queue.
Progress(13) at 2026-03-09 12:30:51: 458,073,684 states generated (281,068 s/min), 42,471,985 distinct states found (19,270 ds/min), 28,230,265 states left on queue.
Progress(13) at 2026-03-09 12:31:51: 458,350,125 states generated (276,441 s/min), 42,490,692 distinct states found (18,707 ds/min), 28,240,292 states left on queue.
Progress(13) at 2026-03-09 12:32:51: 458,602,916 states generated (252,791 s/min), 42,505,130 distinct states found (14,438 ds/min), 28,246,725 states left on queue.
Progress(13) at 2026-03-09 12:33:51: 458,874,205 states generated (271,289 s/min), 42,522,354 distinct states found (17,224 ds/min), 28,255,417 states left on queue.
Progress(13) at 2026-03-09 12:34:51: 459,148,148 states generated (273,943 s/min), 42,537,981 distinct states found (15,627 ds/min), 28,262,394 states left on queue.
Progress(13) at 2026-03-09 12:35:51: 459,437,425 states generated (289,277 s/min), 42,555,687 distinct states found (17,706 ds/min), 28,270,973 states left on queue.
Progress(13) at 2026-03-09 12:36:51: 459,725,332 states generated (287,907 s/min), 42,571,886 distinct states found (16,199 ds/min), 28,278,084 states left on queue.
Progress(13) at 2026-03-09 12:37:51: 460,005,723 states generated (280,391 s/min), 42,586,682 distinct states found (14,796 ds/min), 28,283,893 states left on queue.
Progress(13) at 2026-03-09 12:38:51: 460,293,788 states generated (288,065 s/min), 42,599,826 distinct states found (13,144 ds/min), 28,287,694 states left on queue.
Progress(14) at 2026-03-09 12:39:51: 460,570,584 states generated (276,796 s/min), 42,625,340 distinct states found (25,514 ds/min), 28,303,736 states left on queue.
Progress(14) at 2026-03-09 12:40:51: 460,853,581 states generated (282,997 s/min), 42,650,531 distinct states found (25,191 ds/min), 28,319,233 states left on queue.
Progress(14) at 2026-03-09 12:41:51: 461,131,930 states generated (278,349 s/min), 42,673,292 distinct states found (22,761 ds/min), 28,332,414 states left on queue.
Progress(14) at 2026-03-09 12:42:51: 461,426,659 states generated (294,729 s/min), 42,699,087 distinct states found (25,795 ds/min), 28,347,910 states left on queue.
Progress(14) at 2026-03-09 12:43:51: 461,699,470 states generated (272,811 s/min), 42,722,400 distinct states found (23,313 ds/min), 28,361,756 states left on queue.
Progress(14) at 2026-03-09 12:44:51: 461,995,380 states generated (295,910 s/min), 42,749,559 distinct states found (27,159 ds/min), 28,378,565 states left on queue.
Progress(14) at 2026-03-09 12:45:51: 462,267,630 states generated (272,250 s/min), 42,774,211 distinct states found (24,652 ds/min), 28,393,813 states left on queue.
Progress(14) at 2026-03-09 12:46:51: 462,529,421 states generated (261,791 s/min), 42,795,386 distinct states found (21,175 ds/min), 28,405,918 states left on queue.
Progress(14) at 2026-03-09 12:47:51: 462,823,878 states generated (294,457 s/min), 42,820,190 distinct states found (24,804 ds/min), 28,420,458 states left on queue.
Checkpointing of run states/26-03-08-10-15-53
Checkpointing completed at (2026-03-09 12:48:52)
Progress(14) at 2026-03-09 12:48:52: 463,097,400 states generated (273,522 s/min), 42,842,699 distinct states found (22,509 ds/min), 28,433,374 states left on queue.
Progress(14) at 2026-03-09 12:49:52: 463,366,658 states generated (269,258 s/min), 42,864,932 distinct states found (22,233 ds/min), 28,446,115 states left on queue.
Progress(14) at 2026-03-09 12:50:52: 463,649,105 states generated (282,447 s/min), 42,890,742 distinct states found (25,810 ds/min), 28,462,076 states left on queue.
Progress(14) at 2026-03-09 12:51:52: 463,900,627 states generated (251,522 s/min), 42,911,015 distinct states found (20,273 ds/min), 28,473,525 states left on queue.
Progress(14) at 2026-03-09 12:52:52: 464,161,529 states generated (260,902 s/min), 42,931,222 distinct states found (20,207 ds/min), 28,484,489 states left on queue.
Progress(14) at 2026-03-09 12:53:52: 464,458,100 states generated (296,571 s/min), 42,955,860 distinct states found (24,638 ds/min), 28,498,595 states left on queue.
Progress(14) at 2026-03-09 12:54:52: 464,724,017 states generated (265,917 s/min), 42,978,804 distinct states found (22,944 ds/min), 28,511,685 states left on queue.
Progress(14) at 2026-03-09 12:55:52: 464,982,323 states generated (258,306 s/min), 43,001,224 distinct states found (22,420 ds/min), 28,524,455 states left on queue.
Progress(14) at 2026-03-09 12:56:52: 465,258,506 states generated (276,183 s/min), 43,024,283 distinct states found (23,059 ds/min), 28,537,190 states left on queue.
Progress(14) at 2026-03-09 12:57:52: 465,549,316 states generated (290,810 s/min), 43,047,708 distinct states found (23,425 ds/min), 28,549,753 states left on queue.
Progress(14) at 2026-03-09 12:58:52: 465,831,841 states generated (282,525 s/min), 43,071,220 distinct states found (23,512 ds/min), 28,562,739 states left on queue.
Progress(14) at 2026-03-09 12:59:52: 466,117,948 states generated (286,107 s/min), 43,094,142 distinct states found (22,922 ds/min), 28,574,998 states left on queue.
Progress(14) at 2026-03-09 13:00:52: 466,405,800 states generated (287,852 s/min), 43,116,601 distinct states found (22,459 ds/min), 28,586,690 states left on queue.
Progress(14) at 2026-03-09 13:01:52: 466,695,031 states generated (289,231 s/min), 43,137,785 distinct states found (21,184 ds/min), 28,597,031 states left on queue.
Progress(14) at 2026-03-09 13:02:52: 466,983,245 states generated (288,214 s/min), 43,157,586 distinct states found (19,801 ds/min), 28,606,030 states left on queue.
Progress(14) at 2026-03-09 13:03:52: 467,269,143 states generated (285,898 s/min), 43,178,935 distinct states found (21,349 ds/min), 28,616,798 states left on queue.
Progress(14) at 2026-03-09 13:04:52: 467,542,568 states generated (273,425 s/min), 43,205,454 distinct states found (26,519 ds/min), 28,633,376 states left on queue.
Progress(14) at 2026-03-09 13:05:52: 467,821,847 states generated (279,279 s/min), 43,232,631 distinct states found (27,177 ds/min), 28,650,818 states left on queue.
Progress(14) at 2026-03-09 13:06:52: 468,093,228 states generated (271,381 s/min), 43,265,159 distinct states found (32,528 ds/min), 28,673,779 states left on queue.
Progress(14) at 2026-03-09 13:07:52: 468,366,738 states generated (273,510 s/min), 43,292,873 distinct states found (27,714 ds/min), 28,691,835 states left on queue.
Progress(14) at 2026-03-09 13:08:52: 468,666,922 states generated (300,184 s/min), 43,339,035 distinct states found (46,162 ds/min), 28,728,103 states left on queue.
Progress(14) at 2026-03-09 13:09:52: 468,937,259 states generated (270,337 s/min), 43,377,822 distinct states found (38,787 ds/min), 28,758,080 states left on queue.
Progress(14) at 2026-03-09 13:10:52: 469,239,525 states generated (302,266 s/min), 43,410,876 distinct states found (33,054 ds/min), 28,780,819 states left on queue.
Progress(14) at 2026-03-09 13:11:52: 469,536,720 states generated (297,195 s/min), 43,441,735 distinct states found (30,859 ds/min), 28,800,982 states left on queue.
Progress(14) at 2026-03-09 13:12:52: 469,816,359 states generated (279,639 s/min), 43,465,677 distinct states found (23,942 ds/min), 28,814,889 states left on queue.
Progress(14) at 2026-03-09 13:13:52: 470,114,139 states generated (297,780 s/min), 43,497,365 distinct states found (31,688 ds/min), 28,836,075 states left on queue.
Progress(14) at 2026-03-09 13:14:52: 470,402,526 states generated (288,387 s/min), 43,531,028 distinct states found (33,663 ds/min), 28,859,753 states left on queue.
Progress(14) at 2026-03-09 13:15:52: 470,696,538 states generated (294,012 s/min), 43,573,931 distinct states found (42,903 ds/min), 28,892,559 states left on queue.
Progress(14) at 2026-03-09 13:16:52: 470,993,727 states generated (297,189 s/min), 43,616,481 distinct states found (42,550 ds/min), 28,925,607 states left on queue.
Progress(14) at 2026-03-09 13:17:52: 471,289,201 states generated (295,474 s/min), 43,652,673 distinct states found (36,192 ds/min), 28,951,766 states left on queue.
Checkpointing of run states/26-03-08-10-15-53
Checkpointing completed at (2026-03-09 13:19:06)
Progress(14) at 2026-03-09 13:19:06: 471,611,906 states generated (322,705 s/min), 43,679,458 distinct states found (26,785 ds/min), 28,967,862 states left on queue.
Progress(14) at 2026-03-09 13:20:06: 471,902,460 states generated (290,554 s/min), 43,703,348 distinct states found (23,890 ds/min), 28,982,025 states left on queue.
Progress(14) at 2026-03-09 13:21:06: 472,172,883 states generated (270,423 s/min), 43,725,408 distinct states found (22,060 ds/min), 28,994,995 states left on queue.
Progress(14) at 2026-03-09 13:22:06: 472,458,987 states generated (286,104 s/min), 43,749,971 distinct states found (24,563 ds/min), 29,010,038 states left on queue.
Progress(14) at 2026-03-09 13:23:06: 472,729,691 states generated (270,704 s/min), 43,772,927 distinct states found (22,956 ds/min), 29,023,886 states left on queue.
Progress(14) at 2026-03-09 13:24:06: 473,014,819 states generated (285,128 s/min), 43,795,348 distinct states found (22,421 ds/min), 29,036,818 states left on queue.
Progress(14) at 2026-03-09 13:25:06: 473,311,578 states generated (296,759 s/min), 43,820,855 distinct states found (25,507 ds/min), 29,052,280 states left on queue.
Progress(14) at 2026-03-09 13:26:06: 473,589,977 states generated (278,399 s/min), 43,843,137 distinct states found (22,282 ds/min), 29,065,172 states left on queue.
Progress(14) at 2026-03-09 13:27:06: 473,893,910 states generated (303,933 s/min), 43,881,099 distinct states found (37,962 ds/min), 29,093,587 states left on queue.
Progress(14) at 2026-03-09 13:28:06: 474,198,470 states generated (304,560 s/min), 43,915,552 distinct states found (34,453 ds/min), 29,118,090 states left on queue.
Progress(14) at 2026-03-09 13:29:06: 474,493,937 states generated (295,467 s/min), 43,953,480 distinct states found (37,928 ds/min), 29,146,771 states left on queue.
Progress(14) at 2026-03-09 13:30:06: 474,785,503 states generated (291,566 s/min), 43,989,423 distinct states found (35,943 ds/min), 29,173,254 states left on queue.
Progress(14) at 2026-03-09 13:31:06: 475,081,088 states generated (295,585 s/min), 44,014,077 distinct states found (24,654 ds/min), 29,188,003 states left on queue.
Progress(14) at 2026-03-09 13:32:06: 475,379,863 states generated (298,775 s/min), 44,053,328 distinct states found (39,251 ds/min), 29,217,927 states left on queue.
Progress(14) at 2026-03-09 13:33:06: 475,680,738 states generated (300,875 s/min), 44,089,009 distinct states found (35,681 ds/min), 29,243,797 states left on queue.
Progress(14) at 2026-03-09 13:34:06: 475,969,862 states generated (289,124 s/min), 44,125,041 distinct states found (36,032 ds/min), 29,270,727 states left on queue.
Progress(14) at 2026-03-09 13:35:06: 476,254,629 states generated (284,767 s/min), 44,163,906 distinct states found (38,865 ds/min), 29,300,473 states left on queue.
Progress(14) at 2026-03-09 13:36:06: 476,524,768 states generated (270,139 s/min), 44,188,377 distinct states found (24,471 ds/min), 29,316,017 states left on queue.
Progress(14) at 2026-03-09 13:37:06: 476,819,147 states generated (294,379 s/min), 44,211,988 distinct states found (23,611 ds/min), 29,329,818 states left on queue.
Progress(14) at 2026-03-09 13:38:06: 477,085,779 states generated (266,632 s/min), 44,233,119 distinct states found (21,131 ds/min), 29,341,906 states left on queue.
Progress(14) at 2026-03-09 13:39:06: 477,358,959 states generated (273,180 s/min), 44,254,544 distinct states found (21,425 ds/min), 29,354,157 states left on queue.
Progress(14) at 2026-03-09 13:40:06: 477,648,466 states generated (289,507 s/min), 44,277,335 distinct states found (22,791 ds/min), 29,367,124 states left on queue.
Progress(14) at 2026-03-09 13:41:06: 477,917,665 states generated (269,199 s/min), 44,298,521 distinct states found (21,186 ds/min), 29,379,232 states left on queue.
Progress(14) at 2026-03-09 13:42:06: 478,214,053 states generated (296,388 s/min), 44,321,834 distinct states found (23,313 ds/min), 29,392,523 states left on queue.
Progress(14) at 2026-03-09 13:43:06: 478,502,287 states generated (288,234 s/min), 44,351,993 distinct states found (30,159 ds/min), 29,413,225 states left on queue.
Progress(14) at 2026-03-09 13:44:06: 478,768,909 states generated (266,622 s/min), 44,383,325 distinct states found (31,332 ds/min), 29,435,856 states left on queue.
Progress(14) at 2026-03-09 13:45:06: 479,064,046 states generated (295,137 s/min), 44,419,416 distinct states found (36,091 ds/min), 29,462,543 states left on queue.
Progress(14) at 2026-03-09 13:46:06: 479,335,168 states generated (271,122 s/min), 44,447,417 distinct states found (28,001 ds/min), 29,481,607 states left on queue.
Progress(14) at 2026-03-09 13:47:06: 479,620,590 states generated (285,422 s/min), 44,475,482 distinct states found (28,065 ds/min), 29,500,167 states left on queue.
Progress(14) at 2026-03-09 13:48:06: 479,915,010 states generated (294,420 s/min), 44,513,255 distinct states found (37,773 ds/min), 29,528,471 states left on queue.
Checkpointing of run states/26-03-08-10-15-53
Checkpointing completed at (2026-03-09 13:49:07)
Progress(14) at 2026-03-09 13:49:07: 480,187,319 states generated (272,309 s/min), 44,544,250 distinct states found (30,995 ds/min), 29,550,707 states left on queue.
Progress(14) at 2026-03-09 13:50:07: 480,487,586 states generated (300,267 s/min), 44,582,305 distinct states found (38,055 ds/min), 29,579,013 states left on queue.
Progress(14) at 2026-03-09 13:51:07: 480,786,182 states generated (298,596 s/min), 44,606,590 distinct states found (24,285 ds/min), 29,593,335 states left on queue.
Progress(14) at 2026-03-09 13:52:07: 481,083,310 states generated (297,128 s/min), 44,630,566 distinct states found (23,976 ds/min), 29,607,199 states left on queue.
Progress(14) at 2026-03-09 13:53:07: 481,378,311 states generated (295,001 s/min), 44,653,887 distinct states found (23,321 ds/min), 29,620,470 states left on queue.
Progress(14) at 2026-03-09 13:54:07: 481,675,934 states generated (297,623 s/min), 44,676,640 distinct states found (22,753 ds/min), 29,633,038 states left on queue.
Progress(14) at 2026-03-09 13:55:07: 481,971,611 states generated (295,677 s/min), 44,700,423 distinct states found (23,783 ds/min), 29,646,733 states left on queue.
Progress(14) at 2026-03-09 13:56:07: 482,282,245 states generated (310,634 s/min), 44,726,304 distinct states found (25,881 ds/min), 29,661,943 states left on queue.
Progress(14) at 2026-03-09 13:57:07: 482,581,948 states generated (299,703 s/min), 44,763,093 distinct states found (36,789 ds/min), 29,688,840 states left on queue.
Progress(14) at 2026-03-09 13:58:07: 482,885,752 states generated (303,804 s/min), 44,796,108 distinct states found (33,015 ds/min), 29,711,782 states left on queue.
Progress(14) at 2026-03-09 13:59:07: 483,181,587 states generated (295,835 s/min), 44,831,748 distinct states found (35,640 ds/min), 29,737,725 states left on queue.
Progress(14) at 2026-03-09 14:00:07: 483,479,277 states generated (297,690 s/min), 44,857,679 distinct states found (25,931 ds/min), 29,753,556 states left on queue.
Progress(14) at 2026-03-09 14:01:07: 483,776,936 states generated (297,659 s/min), 44,896,511 distinct states found (38,832 ds/min), 29,782,647 states left on queue.
Progress(14) at 2026-03-09 14:02:07: 484,066,247 states generated (289,311 s/min), 44,929,648 distinct states found (33,137 ds/min), 29,806,210 states left on queue.
Progress(14) at 2026-03-09 14:03:07: 484,351,071 states generated (284,824 s/min), 44,964,407 distinct states found (34,759 ds/min), 29,831,617 states left on queue.
Progress(14) at 2026-03-09 14:04:07: 484,638,159 states generated (287,088 s/min), 44,987,547 distinct states found (23,140 ds/min), 29,844,532 states left on queue.
Progress(14) at 2026-03-09 14:05:07: 484,923,258 states generated (285,099 s/min), 45,018,180 distinct states found (30,633 ds/min), 29,865,280 states left on queue.
Progress(14) at 2026-03-09 14:06:07: 485,208,192 states generated (284,934 s/min), 45,050,683 distinct states found (32,503 ds/min), 29,887,772 states left on queue.
Progress(14) at 2026-03-09 14:07:07: 485,496,613 states generated (288,421 s/min), 45,078,306 distinct states found (27,623 ds/min), 29,905,088 states left on queue.
Progress(14) at 2026-03-09 14:08:07: 485,784,182 states generated (287,569 s/min), 45,109,616 distinct states found (31,310 ds/min), 29,926,296 states left on queue.
Progress(14) at 2026-03-09 14:09:07: 486,085,384 states generated (301,202 s/min), 45,137,826 distinct states found (28,210 ds/min), 29,943,779 states left on queue.
Progress(14) at 2026-03-09 14:10:07: 486,370,609 states generated (285,225 s/min), 45,162,828 distinct states found (25,002 ds/min), 29,958,607 states left on queue.
Progress(14) at 2026-03-09 14:11:07: 486,656,331 states generated (285,722 s/min), 45,196,488 distinct states found (33,660 ds/min), 29,982,406 states left on queue.
Progress(14) at 2026-03-09 14:12:07: 486,945,279 states generated (288,948 s/min), 45,222,500 distinct states found (26,012 ds/min), 29,998,091 states left on queue.
Progress(14) at 2026-03-09 14:13:07: 487,238,022 states generated (292,743 s/min), 45,253,322 distinct states found (30,822 ds/min), 30,018,656 states left on queue.
Progress(14) at 2026-03-09 14:14:07: 487,522,994 states generated (284,972 s/min), 45,276,636 distinct states found (23,314 ds/min), 30,031,671 states left on queue.
Progress(14) at 2026-03-09 14:15:07: 487,808,883 states generated (285,889 s/min), 45,309,205 distinct states found (32,569 ds/min), 30,054,080 states left on queue.
Progress(14) at 2026-03-09 14:16:07: 488,094,219 states generated (285,336 s/min), 45,332,653 distinct states found (23,448 ds/min), 30,067,270 states left on queue.
Progress(14) at 2026-03-09 14:17:07: 488,381,807 states generated (287,588 s/min), 45,364,119 distinct states found (31,466 ds/min), 30,088,461 states left on queue.
Progress(14) at 2026-03-09 14:18:07: 488,670,030 states generated (288,223 s/min), 45,387,520 distinct states found (23,401 ds/min), 30,101,736 states left on queue.
Checkpointing of run states/26-03-08-10-15-53
Checkpointing completed at (2026-03-09 14:19:08)
Progress(14) at 2026-03-09 14:19:08: 488,957,122 states generated (287,092 s/min), 45,414,506 distinct states found (26,986 ds/min), 30,118,560 states left on queue.
Progress(14) at 2026-03-09 14:20:08: 489,241,617 states generated (284,495 s/min), 45,437,590 distinct states found (23,084 ds/min), 30,131,564 states left on queue.
Progress(14) at 2026-03-09 14:21:08: 489,528,674 states generated (287,057 s/min), 45,461,168 distinct states found (23,578 ds/min), 30,145,020 states left on queue.
Progress(14) at 2026-03-09 14:22:08: 489,824,035 states generated (295,361 s/min), 45,486,492 distinct states found (25,324 ds/min), 30,159,857 states left on queue.
Progress(14) at 2026-03-09 14:23:08: 490,110,209 states generated (286,174 s/min), 45,508,585 distinct states found (22,093 ds/min), 30,171,808 states left on queue.
Progress(14) at 2026-03-09 14:24:08: 490,394,162 states generated (283,953 s/min), 45,530,291 distinct states found (21,706 ds/min), 30,183,393 states left on queue.
Progress(14) at 2026-03-09 14:25:08: 490,677,831 states generated (283,669 s/min), 45,552,029 distinct states found (21,738 ds/min), 30,195,095 states left on queue.
Progress(14) at 2026-03-09 14:26:08: 490,964,077 states generated (286,246 s/min), 45,571,754 distinct states found (19,725 ds/min), 30,204,649 states left on queue.
Progress(14) at 2026-03-09 14:27:08: 491,245,649 states generated (281,572 s/min), 45,590,291 distinct states found (18,537 ds/min), 30,213,091 states left on queue.
Progress(14) at 2026-03-09 14:28:08: 491,524,778 states generated (279,129 s/min), 45,618,229 distinct states found (27,938 ds/min), 30,230,978 states left on queue.
Progress(14) at 2026-03-09 14:29:08: 491,805,179 states generated (280,401 s/min), 45,642,119 distinct states found (23,890 ds/min), 30,244,810 states left on queue.
Progress(14) at 2026-03-09 14:30:08: 492,085,076 states generated (279,897 s/min), 45,670,708 distinct states found (28,589 ds/min), 30,263,518 states left on queue.
Progress(14) at 2026-03-09 14:31:08: 492,379,315 states generated (294,239 s/min), 45,706,754 distinct states found (36,046 ds/min), 30,289,382 states left on queue.
Progress(14) at 2026-03-09 14:32:08: 492,674,434 states generated (295,119 s/min), 45,748,804 distinct states found (42,050 ds/min), 30,321,284 states left on queue.
Progress(14) at 2026-03-09 14:33:08: 492,982,451 states generated (308,017 s/min), 45,792,948 distinct states found (44,144 ds/min), 30,355,555 states left on queue.
Progress(14) at 2026-03-09 14:34:08: 493,276,569 states generated (294,118 s/min), 45,829,326 distinct states found (36,378 ds/min), 30,381,954 states left on queue.
Progress(14) at 2026-03-09 14:35:08: 493,558,861 states generated (282,292 s/min), 45,855,576 distinct states found (26,250 ds/min), 30,398,061 states left on queue.
Progress(14) at 2026-03-09 14:36:08: 493,844,389 states generated (285,528 s/min), 45,882,837 distinct states found (27,261 ds/min), 30,415,067 states left on queue.
Progress(14) at 2026-03-09 14:37:08: 494,130,463 states generated (286,074 s/min), 45,909,768 distinct states found (26,931 ds/min), 30,431,998 states left on queue.
Progress(14) at 2026-03-09 14:38:08: 494,405,118 states generated (274,655 s/min), 45,945,987 distinct states found (36,219 ds/min), 30,458,675 states left on queue.
Progress(14) at 2026-03-09 14:39:08: 494,684,446 states generated (279,328 s/min), 45,980,508 distinct states found (34,521 ds/min), 30,483,376 states left on queue.
Progress(14) at 2026-03-09 14:40:08: 494,973,328 states generated (288,882 s/min), 46,023,741 distinct states found (43,233 ds/min), 30,517,231 states left on queue.
Progress(14) at 2026-03-09 14:41:08: 495,270,747 states generated (297,419 s/min), 46,063,586 distinct states found (39,845 ds/min), 30,547,226 states left on queue.
Progress(14) at 2026-03-09 14:42:08: 495,555,209 states generated (284,462 s/min), 46,089,848 distinct states found (26,262 ds/min), 30,563,911 states left on queue.
Progress(14) at 2026-03-09 14:43:08: 495,834,211 states generated (279,002 s/min), 46,112,130 distinct states found (22,282 ds/min), 30,576,981 states left on queue.
Progress(14) at 2026-03-09 14:44:08: 496,111,733 states generated (277,522 s/min), 46,135,227 distinct states found (23,097 ds/min), 30,590,814 states left on queue.
Progress(14) at 2026-03-09 14:45:08: 496,386,257 states generated (274,524 s/min), 46,156,732 distinct states found (21,505 ds/min), 30,603,071 states left on queue.
Progress(14) at 2026-03-09 14:46:08: 496,656,273 states generated (270,016 s/min), 46,178,999 distinct states found (22,267 ds/min), 30,616,263 states left on queue.
Progress(14) at 2026-03-09 14:47:08: 496,928,299 states generated (272,026 s/min), 46,202,208 distinct states found (23,209 ds/min), 30,630,342 states left on queue.
Progress(14) at 2026-03-09 14:48:08: 497,206,614 states generated (278,315 s/min), 46,225,356 distinct states found (23,148 ds/min), 30,644,169 states left on queue.
Checkpointing of run states/26-03-08-10-15-53
Checkpointing completed at (2026-03-09 14:49:10)
Progress(14) at 2026-03-09 14:49:10: 497,497,530 states generated (290,916 s/min), 46,249,847 distinct states found (24,491 ds/min), 30,658,847 states left on queue.
Progress(14) at 2026-03-09 14:50:10: 497,786,984 states generated (289,454 s/min), 46,277,766 distinct states found (27,919 ds/min), 30,677,202 states left on queue.
Progress(14) at 2026-03-09 14:51:10: 498,066,961 states generated (279,977 s/min), 46,314,869 distinct states found (37,103 ds/min), 30,705,535 states left on queue.
Progress(14) at 2026-03-09 14:52:10: 498,348,611 states generated (281,650 s/min), 46,344,408 distinct states found (29,539 ds/min), 30,725,838 states left on queue.
Progress(14) at 2026-03-09 14:53:10: 498,620,383 states generated (271,772 s/min), 46,380,616 distinct states found (36,208 ds/min), 30,753,651 states left on queue.
Progress(14) at 2026-03-09 14:54:10: 498,896,298 states generated (275,915 s/min), 46,413,284 distinct states found (32,668 ds/min), 30,777,271 states left on queue.
Progress(14) at 2026-03-09 14:55:10: 499,168,156 states generated (271,858 s/min), 46,436,203 distinct states found (22,919 ds/min), 30,791,075 states left on queue.
Progress(14) at 2026-03-09 14:56:10: 499,438,598 states generated (270,442 s/min), 46,470,669 distinct states found (34,466 ds/min), 30,817,018 states left on queue.
Progress(14) at 2026-03-09 14:57:10: 499,714,494 states generated (275,896 s/min), 46,505,793 distinct states found (35,124 ds/min), 30,843,265 states left on queue.
Progress(14) at 2026-03-09 14:58:10: 499,992,835 states generated (278,341 s/min), 46,538,623 distinct states found (32,830 ds/min), 30,867,196 states left on queue.
Progress(14) at 2026-03-09 14:59:10: 500,270,650 states generated (277,815 s/min), 46,576,396 distinct states found (37,773 ds/min), 30,896,223 states left on queue.
Progress(14) at 2026-03-09 15:00:10: 500,546,536 states generated (275,886 s/min), 46,605,184 distinct states found (28,788 ds/min), 30,915,923 states left on queue.
Progress(14) at 2026-03-09 15:01:10: 500,817,733 states generated (271,197 s/min), 46,625,724 distinct states found (20,540 ds/min), 30,927,444 states left on queue.
Progress(14) at 2026-03-09 15:02:10: 501,091,342 states generated (273,609 s/min), 46,648,817 distinct states found (23,093 ds/min), 30,941,273 states left on queue.
Progress(14) at 2026-03-09 15:03:10: 501,364,761 states generated (273,419 s/min), 46,669,857 distinct states found (21,040 ds/min), 30,953,110 states left on queue.
Progress(14) at 2026-03-09 15:04:10: 501,638,705 states generated (273,944 s/min), 46,693,996 distinct states found (24,139 ds/min), 30,967,960 states left on queue.
Progress(14) at 2026-03-09 15:05:10: 501,909,256 states generated (270,551 s/min), 46,715,185 distinct states found (21,189 ds/min), 30,980,019 states left on queue.
Progress(14) at 2026-03-09 15:06:10: 502,177,317 states generated (268,061 s/min), 46,737,795 distinct states found (22,610 ds/min), 30,993,530 states left on queue.
Progress(14) at 2026-03-09 15:07:10: 502,452,708 states generated (275,391 s/min), 46,761,864 distinct states found (24,069 ds/min), 31,008,261 states left on queue.
Progress(14) at 2026-03-09 15:08:10: 502,733,337 states generated (280,629 s/min), 46,791,274 distinct states found (29,410 ds/min), 31,028,253 states left on queue.
Progress(14) at 2026-03-09 15:09:10: 503,015,181 states generated (281,844 s/min), 46,827,109 distinct states found (35,835 ds/min), 31,055,069 states left on queue.
Progress(14) at 2026-03-09 15:10:10: 503,299,814 states generated (284,633 s/min), 46,858,924 distinct states found (31,815 ds/min), 31,077,483 states left on queue.
Progress(14) at 2026-03-09 15:11:10: 503,578,187 states generated (278,373 s/min), 46,895,423 distinct states found (36,499 ds/min), 31,105,112 states left on queue.
Progress(14) at 2026-03-09 15:12:10: 503,861,387 states generated (283,200 s/min), 46,922,827 distinct states found (27,404 ds/min), 31,123,111 states left on queue.
Progress(14) at 2026-03-09 15:13:10: 504,142,241 states generated (280,854 s/min), 46,953,038 distinct states found (30,211 ds/min), 31,143,880 states left on queue.
Progress(14) at 2026-03-09 15:14:10: 504,422,293 states generated (280,052 s/min), 46,989,476 distinct states found (36,438 ds/min), 31,171,395 states left on queue.
Progress(14) at 2026-03-09 15:15:10: 504,705,969 states generated (283,676 s/min), 47,020,190 distinct states found (30,714 ds/min), 31,192,712 states left on queue.
Progress(14) at 2026-03-09 15:16:10: 504,985,250 states generated (279,281 s/min), 47,058,692 distinct states found (38,502 ds/min), 31,222,342 states left on queue.
Progress(14) at 2026-03-09 15:17:10: 505,268,660 states generated (283,410 s/min), 47,088,103 distinct states found (29,411 ds/min), 31,242,403 states left on queue.
Progress(14) at 2026-03-09 15:18:10: 505,540,599 states generated (271,939 s/min), 47,110,069 distinct states found (21,966 ds/min), 31,255,238 states left on queue.
Checkpointing of run states/26-03-08-10-15-53
Checkpointing completed at (2026-03-09 15:19:28)
Progress(14) at 2026-03-09 15:19:28: 505,898,826 states generated (358,227 s/min), 47,136,398 distinct states found (26,329 ds/min), 31,269,353 states left on queue.
Progress(14) at 2026-03-09 15:20:28: 506,177,728 states generated (278,902 s/min), 47,158,416 distinct states found (22,018 ds/min), 31,281,835 states left on queue.
Progress(14) at 2026-03-09 15:21:28: 506,457,850 states generated (280,122 s/min), 47,179,243 distinct states found (20,827 ds/min), 31,293,107 states left on queue.
Progress(14) at 2026-03-09 15:22:28: 506,737,520 states generated (279,670 s/min), 47,200,227 distinct states found (20,984 ds/min), 31,304,498 states left on queue.
Progress(14) at 2026-03-09 15:23:28: 507,013,439 states generated (275,919 s/min), 47,229,863 distinct states found (29,636 ds/min), 31,324,971 states left on queue.
Progress(14) at 2026-03-09 15:24:28: 507,294,180 states generated (280,741 s/min), 47,260,077 distinct states found (30,214 ds/min), 31,345,981 states left on queue.
Progress(14) at 2026-03-09 15:25:28: 507,579,844 states generated (285,664 s/min), 47,289,889 distinct states found (29,812 ds/min), 31,366,368 states left on queue.
Progress(14) at 2026-03-09 15:26:28: 507,867,230 states generated (287,386 s/min), 47,320,227 distinct states found (30,338 ds/min), 31,387,072 states left on queue.
Progress(14) at 2026-03-09 15:27:28: 508,147,165 states generated (279,935 s/min), 47,349,871 distinct states found (29,644 ds/min), 31,407,535 states left on queue.
Progress(14) at 2026-03-09 15:28:28: 508,436,965 states generated (289,800 s/min), 47,385,831 distinct states found (35,960 ds/min), 31,434,001 states left on queue.
Progress(14) at 2026-03-09 15:29:28: 508,727,810 states generated (290,845 s/min), 47,409,142 distinct states found (23,311 ds/min), 31,446,977 states left on queue.
Progress(14) at 2026-03-09 15:30:28: 509,014,323 states generated (286,513 s/min), 47,440,062 distinct states found (30,920 ds/min), 31,467,970 states left on queue.
Progress(14) at 2026-03-09 15:31:28: 509,294,690 states generated (280,367 s/min), 47,472,588 distinct states found (32,526 ds/min), 31,490,651 states left on queue.
Progress(14) at 2026-03-09 15:32:28: 509,584,247 states generated (289,557 s/min), 47,499,996 distinct states found (27,408 ds/min), 31,507,700 states left on queue.
Progress(14) at 2026-03-09 15:33:28: 509,871,510 states generated (287,263 s/min), 47,530,803 distinct states found (30,807 ds/min), 31,528,416 states left on queue.
Progress(14) at 2026-03-09 15:34:28: 510,159,762 states generated (288,252 s/min), 47,559,051 distinct states found (28,248 ds/min), 31,546,222 states left on queue.
Progress(14) at 2026-03-09 15:35:28: 510,447,879 states generated (288,117 s/min), 47,586,144 distinct states found (27,093 ds/min), 31,562,811 states left on queue.
Progress(14) at 2026-03-09 15:36:28: 510,729,482 states generated (281,603 s/min), 47,619,872 distinct states found (33,728 ds/min), 31,586,888 states left on queue.
Progress(14) at 2026-03-09 15:37:28: 511,018,526 states generated (289,044 s/min), 47,646,287 distinct states found (26,415 ds/min), 31,602,704 states left on queue.
Progress(14) at 2026-03-09 15:38:28: 511,306,632 states generated (288,106 s/min), 47,679,004 distinct states found (32,717 ds/min), 31,625,254 states left on queue.
Progress(14) at 2026-03-09 15:39:28: 511,597,348 states generated (290,716 s/min), 47,701,774 distinct states found (22,770 ds/min), 31,637,653 states left on queue.
Progress(14) at 2026-03-09 15:40:28: 511,897,448 states generated (300,100 s/min), 47,733,685 distinct states found (31,911 ds/min), 31,659,145 states left on queue.
Progress(14) at 2026-03-09 15:41:28: 512,192,103 states generated (294,655 s/min), 47,757,635 distinct states found (23,950 ds/min), 31,672,576 states left on queue.
Progress(14) at 2026-03-09 15:42:28: 512,487,669 states generated (295,566 s/min), 47,787,756 distinct states found (30,121 ds/min), 31,692,404 states left on queue.
Progress(14) at 2026-03-09 15:43:28: 512,773,619 states generated (285,950 s/min), 47,811,269 distinct states found (23,513 ds/min), 31,705,869 states left on queue.
Progress(14) at 2026-03-09 15:44:28: 513,055,140 states generated (281,521 s/min), 47,837,077 distinct states found (25,808 ds/min), 31,721,698 states left on queue.
Progress(14) at 2026-03-09 15:45:28: 513,347,531 states generated (292,391 s/min), 47,860,971 distinct states found (23,894 ds/min), 31,735,222 states left on queue.
Progress(14) at 2026-03-09 15:46:28: 513,631,578 states generated (284,047 s/min), 47,884,237 distinct states found (23,266 ds/min), 31,748,412 states left on queue.
Progress(14) at 2026-03-09 15:47:28: 513,914,437 states generated (282,859 s/min), 47,908,772 distinct states found (24,535 ds/min), 31,762,898 states left on queue.
Progress(14) at 2026-03-09 15:48:28: 514,201,744 states generated (287,307 s/min), 47,930,986 distinct states found (22,214 ds/min), 31,774,907 states left on queue.
Checkpointing of run states/26-03-08-10-15-53
Checkpointing completed at (2026-03-09 15:49:40)
Progress(14) at 2026-03-09 15:49:40: 514,538,165 states generated (336,421 s/min), 47,957,567 distinct states found (26,581 ds/min), 31,789,573 states left on queue.
Progress(14) at 2026-03-09 15:50:40: 514,825,271 states generated (287,106 s/min), 47,978,222 distinct states found (20,655 ds/min), 31,800,081 states left on queue.
Progress(14) at 2026-03-09 15:51:40: 515,111,834 states generated (286,563 s/min), 47,997,267 distinct states found (19,045 ds/min), 31,808,949 states left on queue.
Progress(14) at 2026-03-09 15:52:40: 515,397,590 states generated (285,756 s/min), 48,017,338 distinct states found (20,071 ds/min), 31,818,859 states left on queue.
Progress(14) at 2026-03-09 15:53:40: 515,697,782 states generated (300,192 s/min), 48,044,889 distinct states found (27,551 ds/min), 31,835,921 states left on queue.
Progress(14) at 2026-03-09 15:54:40: 515,990,480 states generated (292,698 s/min), 48,081,951 distinct states found (37,062 ds/min), 31,862,763 states left on queue.
Progress(14) at 2026-03-09 15:55:40: 516,297,610 states generated (307,130 s/min), 48,124,653 distinct states found (42,702 ds/min), 31,894,939 states left on queue.
Progress(14) at 2026-03-09 15:56:40: 516,609,166 states generated (311,556 s/min), 48,169,279 distinct states found (44,626 ds/min), 31,929,649 states left on queue.
Progress(14) at 2026-03-09 15:57:40: 516,924,510 states generated (315,344 s/min), 48,206,368 distinct states found (37,089 ds/min), 31,956,022 states left on queue.
Progress(14) at 2026-03-09 15:58:40: 517,218,230 states generated (293,720 s/min), 48,245,631 distinct states found (39,263 ds/min), 31,985,355 states left on queue.
Progress(14) at 2026-03-09 15:59:40: 517,527,578 states generated (309,348 s/min), 48,277,914 distinct states found (32,283 ds/min), 32,007,307 states left on queue.
Progress(14) at 2026-03-09 16:00:40: 517,825,737 states generated (298,159 s/min), 48,320,860 distinct states found (42,946 ds/min), 32,040,855 states left on queue.
Progress(14) at 2026-03-09 16:01:40: 518,129,955 states generated (304,218 s/min), 48,361,835 distinct states found (40,975 ds/min), 32,072,146 states left on queue.
Progress(14) at 2026-03-09 16:02:40: 518,431,369 states generated (301,414 s/min), 48,395,441 distinct states found (33,606 ds/min), 32,095,681 states left on queue.
Progress(14) at 2026-03-09 16:03:40: 518,716,979 states generated (285,610 s/min), 48,432,773 distinct states found (37,332 ds/min), 32,123,448 states left on queue.
Progress(14) at 2026-03-09 16:04:40: 519,019,323 states generated (302,344 s/min), 48,458,495 distinct states found (25,722 ds/min), 32,139,214 states left on queue.
Progress(14) at 2026-03-09 16:05:40: 519,323,672 states generated (304,349 s/min), 48,497,761 distinct states found (39,266 ds/min), 32,168,550 states left on queue.
Progress(14) at 2026-03-09 16:06:40: 519,631,727 states generated (308,055 s/min), 48,541,017 distinct states found (43,256 ds/min), 32,202,180 states left on queue.
Progress(14) at 2026-03-09 16:07:40: 519,942,185 states generated (310,458 s/min), 48,579,622 distinct states found (38,605 ds/min), 32,230,670 states left on queue.
Progress(14) at 2026-03-09 16:08:40: 520,233,181 states generated (290,996 s/min), 48,619,247 distinct states found (39,625 ds/min), 32,260,464 states left on queue.
Progress(14) at 2026-03-09 16:09:40: 520,522,822 states generated (289,641 s/min), 48,647,768 distinct states found (28,521 ds/min), 32,279,320 states left on queue.
Progress(14) at 2026-03-09 16:10:40: 520,823,972 states generated (301,150 s/min), 48,675,171 distinct states found (27,403 ds/min), 32,296,923 states left on queue.
Progress(14) at 2026-03-09 16:11:40: 521,134,283 states generated (310,311 s/min), 48,707,624 distinct states found (32,453 ds/min), 32,319,648 states left on queue.
Progress(14) at 2026-03-09 16:12:40: 521,443,390 states generated (309,107 s/min), 48,738,465 distinct states found (30,841 ds/min), 32,340,805 states left on queue.
Progress(14) at 2026-03-09 16:13:40: 521,749,707 states generated (306,317 s/min), 48,770,347 distinct states found (31,882 ds/min), 32,363,084 states left on queue.
Progress(14) at 2026-03-09 16:14:40: 522,059,389 states generated (309,682 s/min), 48,802,629 distinct states found (32,282 ds/min), 32,385,904 states left on queue.
Progress(14) at 2026-03-09 16:15:40: 522,369,513 states generated (310,124 s/min), 48,827,038 distinct states found (24,409 ds/min), 32,401,077 states left on queue.
Progress(14) at 2026-03-09 16:16:40: 522,680,781 states generated (311,268 s/min), 48,848,129 distinct states found (21,091 ds/min), 32,412,737 states left on queue.
Progress(14) at 2026-03-09 16:17:40: 522,985,790 states generated (305,009 s/min), 48,870,060 distinct states found (21,931 ds/min), 32,424,719 states left on queue.
Progress(14) at 2026-03-09 16:18:40: 523,286,170 states generated (300,380 s/min), 48,903,438 distinct states found (33,378 ds/min), 32,448,945 states left on queue.
Checkpointing of run states/26-03-08-10-15-53
Checkpointing completed at (2026-03-09 16:19:54)
Progress(14) at 2026-03-09 16:19:54: 523,668,636 states generated (382,466 s/min), 48,929,807 distinct states found (26,369 ds/min), 32,463,821 states left on queue.
Progress(14) at 2026-03-09 16:20:54: 523,981,563 states generated (312,927 s/min), 48,957,067 distinct states found (27,260 ds/min), 32,481,255 states left on queue.
Progress(14) at 2026-03-09 16:21:54: 524,292,683 states generated (311,120 s/min), 48,984,341 distinct states found (27,274 ds/min), 32,498,620 states left on queue.
Progress(14) at 2026-03-09 16:22:54: 524,603,236 states generated (310,553 s/min), 49,011,315 distinct states found (26,974 ds/min), 32,515,643 states left on queue.
Progress(14) at 2026-03-09 16:23:54: 524,909,722 states generated (306,486 s/min), 49,034,668 distinct states found (23,353 ds/min), 32,529,142 states left on queue.
Progress(14) at 2026-03-09 16:24:54: 525,213,664 states generated (303,942 s/min), 49,056,245 distinct states found (21,577 ds/min), 32,540,629 states left on queue.
Progress(14) at 2026-03-09 16:25:54: 525,513,644 states generated (299,980 s/min), 49,086,182 distinct states found (29,937 ds/min), 32,560,070 states left on queue.
Progress(14) at 2026-03-09 16:26:54: 525,810,342 states generated (296,698 s/min), 49,119,626 distinct states found (33,444 ds/min), 32,583,157 states left on queue.
Progress(14) at 2026-03-09 16:27:54: 526,102,551 states generated (292,209 s/min), 49,163,789 distinct states found (44,163 ds/min), 32,617,593 states left on queue.
Progress(14) at 2026-03-09 16:28:54: 526,402,625 states generated (300,074 s/min), 49,206,998 distinct states found (43,209 ds/min), 32,651,011 states left on queue.
Progress(14) at 2026-03-09 16:29:54: 526,704,232 states generated (301,607 s/min), 49,240,336 distinct states found (33,338 ds/min), 32,674,010 states left on queue.
Progress(14) at 2026-03-09 16:30:54: 526,998,022 states generated (293,790 s/min), 49,278,157 distinct states found (37,821 ds/min), 32,702,010 states left on queue.
Progress(14) at 2026-03-09 16:31:54: 527,305,384 states generated (307,362 s/min), 49,313,498 distinct states found (35,341 ds/min), 32,727,180 states left on queue.
Progress(14) at 2026-03-09 16:32:54: 527,611,278 states generated (305,894 s/min), 49,356,003 distinct states found (42,505 ds/min), 32,760,221 states left on queue.
Progress(14) at 2026-03-09 16:33:54: 527,920,267 states generated (308,989 s/min), 49,394,929 distinct states found (38,926 ds/min), 32,788,989 states left on queue.
Progress(14) at 2026-03-09 16:34:54: 528,210,720 states generated (290,453 s/min), 49,434,439 distinct states found (39,510 ds/min), 32,818,676 states left on queue.
Progress(14) at 2026-03-09 16:35:54: 528,493,563 states generated (282,843 s/min), 49,460,588 distinct states found (26,149 ds/min), 32,835,483 states left on queue.
Progress(14) at 2026-03-09 16:36:54: 528,780,776 states generated (287,213 s/min), 49,487,316 distinct states found (26,728 ds/min), 32,852,682 states left on queue.
Progress(14) at 2026-03-09 16:37:54: 529,075,277 states generated (294,501 s/min), 49,529,111 distinct states found (41,795 ds/min), 32,885,249 states left on queue.
Progress(14) at 2026-03-09 16:38:54: 529,374,089 states generated (298,812 s/min), 49,570,773 distinct states found (41,662 ds/min), 32,917,394 states left on queue.
Progress(14) at 2026-03-09 16:39:54: 529,677,480 states generated (303,391 s/min), 49,602,974 distinct states found (32,201 ds/min), 32,939,514 states left on queue.
Progress(14) at 2026-03-09 16:40:54: 529,953,023 states generated (275,543 s/min), 49,643,480 distinct states found (40,506 ds/min), 32,970,791 states left on queue.
Progress(14) at 2026-03-09 16:41:54: 530,241,750 states generated (288,727 s/min), 49,668,263 distinct states found (24,783 ds/min), 32,986,013 states left on queue.
Progress(14) at 2026-03-09 16:42:54: 530,528,236 states generated (286,486 s/min), 49,697,865 distinct states found (29,602 ds/min), 33,006,272 states left on queue.
Progress(14) at 2026-03-09 16:43:54: 530,840,850 states generated (312,614 s/min), 49,730,539 distinct states found (32,674 ds/min), 33,029,127 states left on queue.
Progress(14) at 2026-03-09 16:44:54: 531,157,943 states generated (317,093 s/min), 49,760,458 distinct states found (29,919 ds/min), 33,049,158 states left on queue.
Progress(14) at 2026-03-09 16:45:54: 531,466,133 states generated (308,190 s/min), 49,795,627 distinct states found (35,169 ds/min), 33,074,953 states left on queue.
Progress(14) at 2026-03-09 16:46:54: 531,747,399 states generated (281,266 s/min), 49,816,094 distinct states found (20,467 ds/min), 33,087,031 states left on queue.
Progress(14) at 2026-03-09 16:47:54: 532,042,644 states generated (295,245 s/min), 49,837,388 distinct states found (21,294 ds/min), 33,099,467 states left on queue.
Progress(14) at 2026-03-09 16:48:54: 532,351,783 states generated (309,139 s/min), 49,869,016 distinct states found (31,628 ds/min), 33,121,807 states left on queue.
Checkpointing of run states/26-03-08-10-15-53
Checkpointing completed at (2026-03-09 16:50:07)
Progress(14) at 2026-03-09 16:50:07: 532,677,619 states generated (325,836 s/min), 49,891,425 distinct states found (22,409 ds/min), 33,134,412 states left on queue.
Progress(14) at 2026-03-09 16:51:07: 532,953,477 states generated (275,858 s/min), 49,911,158 distinct states found (19,733 ds/min), 33,145,054 states left on queue.
Progress(14) at 2026-03-09 16:52:07: 533,273,147 states generated (319,670 s/min), 49,938,828 distinct states found (27,670 ds/min), 33,162,621 states left on queue.
Progress(14) at 2026-03-09 16:53:07: 533,546,376 states generated (273,229 s/min), 49,962,927 distinct states found (24,099 ds/min), 33,177,993 states left on queue.
Progress(14) at 2026-03-09 16:54:07: 533,808,469 states generated (262,093 s/min), 49,984,519 distinct states found (21,592 ds/min), 33,191,268 states left on queue.
Progress(14) at 2026-03-09 16:55:07: 534,094,505 states generated (286,036 s/min), 50,008,107 distinct states found (23,588 ds/min), 33,205,696 states left on queue.
Progress(14) at 2026-03-09 16:56:07: 534,408,217 states generated (313,712 s/min), 50,030,312 distinct states found (22,205 ds/min), 33,217,765 states left on queue.
Progress(14) at 2026-03-09 16:57:07: 534,661,142 states generated (252,925 s/min), 50,052,131 distinct states found (21,819 ds/min), 33,230,916 states left on queue.
Progress(14) at 2026-03-09 16:58:07: 534,924,410 states generated (263,268 s/min), 50,081,219 distinct states found (29,088 ds/min), 33,250,763 states left on queue.
Progress(14) at 2026-03-09 16:59:07: 535,217,507 states generated (293,097 s/min), 50,112,381 distinct states found (31,162 ds/min), 33,271,673 states left on queue.
Progress(14) at 2026-03-09 17:00:07: 535,492,673 states generated (275,166 s/min), 50,154,203 distinct states found (41,822 ds/min), 33,304,478 states left on queue.
Progress(14) at 2026-03-09 17:01:07: 535,789,178 states generated (296,505 s/min), 50,196,513 distinct states found (42,310 ds/min), 33,337,052 states left on queue.
Progress(14) at 2026-03-09 17:02:07: 536,038,772 states generated (249,594 s/min), 50,222,525 distinct states found (26,012 ds/min), 33,354,520 states left on queue.
Progress(14) at 2026-03-09 17:03:07: 536,317,038 states generated (278,266 s/min), 50,258,763 distinct states found (36,238 ds/min), 33,381,456 states left on queue.
Progress(14) at 2026-03-09 17:04:07: 536,611,851 states generated (294,813 s/min), 50,291,291 distinct states found (32,528 ds/min), 33,404,124 states left on queue.
Progress(14) at 2026-03-09 17:05:07: 536,866,838 states generated (254,987 s/min), 50,327,677 distinct states found (36,386 ds/min), 33,432,550 states left on queue.
Progress(14) at 2026-03-09 17:06:07: 536,991,406 states generated (124,568 s/min), 50,343,875 distinct states found (16,198 ds/min), 33,444,889 states left on queue.
Progress(14) at 2026-03-09 17:07:07: 537,170,775 states generated (179,369 s/min), 50,367,264 distinct states found (23,389 ds/min), 33,462,399 states left on queue.
Progress(14) at 2026-03-09 17:08:07: 537,446,942 states generated (276,167 s/min), 50,398,421 distinct states found (31,157 ds/min), 33,484,318 states left on queue.
Progress(14) at 2026-03-09 17:09:07: 537,729,984 states generated (283,042 s/min), 50,433,531 distinct states found (35,110 ds/min), 33,509,975 states left on queue.
Progress(14) at 2026-03-09 17:10:07: 538,027,473 states generated (297,489 s/min), 50,458,436 distinct states found (24,905 ds/min), 33,525,035 states left on queue.
Progress(14) at 2026-03-09 17:11:07: 538,329,016 states generated (301,543 s/min), 50,498,924 distinct states found (40,488 ds/min), 33,555,828 states left on queue.
Progress(14) at 2026-03-09 17:12:07: 538,633,613 states generated (304,597 s/min), 50,541,058 distinct states found (42,134 ds/min), 33,588,426 states left on queue.
Progress(14) at 2026-03-09 17:13:07: 538,942,084 states generated (308,471 s/min), 50,574,834 distinct states found (33,776 ds/min), 33,612,001 states left on queue.
Progress(14) at 2026-03-09 17:14:07: 539,225,936 states generated (283,852 s/min), 50,617,030 distinct states found (42,196 ds/min), 33,644,641 states left on queue.
Progress(14) at 2026-03-09 17:15:07: 539,523,573 states generated (297,637 s/min), 50,642,377 distinct states found (25,347 ds/min), 33,660,139 states left on queue.
Progress(14) at 2026-03-09 17:16:07: 539,835,805 states generated (312,232 s/min), 50,673,896 distinct states found (31,519 ds/min), 33,681,593 states left on queue.
Progress(14) at 2026-03-09 17:17:07: 540,146,897 states generated (311,092 s/min), 50,703,827 distinct states found (29,931 ds/min), 33,701,781 states left on queue.
Progress(14) at 2026-03-09 17:18:07: 540,463,656 states generated (316,759 s/min), 50,734,131 distinct states found (30,304 ds/min), 33,722,151 states left on queue.
Progress(14) at 2026-03-09 17:19:07: 540,767,860 states generated (304,204 s/min), 50,769,721 distinct states found (35,590 ds/min), 33,748,600 states left on queue.
Checkpointing of run states/26-03-08-10-15-53
Checkpointing completed at (2026-03-09 17:20:07)
Progress(14) at 2026-03-09 17:20:07: 541,082,598 states generated (314,738 s/min), 50,791,306 distinct states found (21,585 ds/min), 33,760,786 states left on queue.
Progress(14) at 2026-03-09 17:21:07: 541,391,755 states generated (309,157 s/min), 50,812,333 distinct states found (21,027 ds/min), 33,772,101 states left on queue.
Progress(14) at 2026-03-09 17:22:07: 541,698,670 states generated (306,915 s/min), 50,833,984 distinct states found (21,651 ds/min), 33,783,954 states left on queue.
Progress(14) at 2026-03-09 17:23:07: 542,003,999 states generated (305,329 s/min), 50,867,068 distinct states found (33,084 ds/min), 33,807,852 states left on queue.
Progress(14) at 2026-03-09 17:24:07: 542,316,081 states generated (312,082 s/min), 50,889,469 distinct states found (22,401 ds/min), 33,820,843 states left on queue.
Progress(14) at 2026-03-09 17:25:07: 542,624,922 states generated (308,841 s/min), 50,917,115 distinct states found (27,646 ds/min), 33,838,736 states left on queue.
Progress(14) at 2026-03-09 17:26:07: 542,933,027 states generated (308,105 s/min), 50,944,549 distinct states found (27,434 ds/min), 33,856,341 states left on queue.
Progress(14) at 2026-03-09 17:27:07: 543,240,823 states generated (307,796 s/min), 50,969,759 distinct states found (25,210 ds/min), 33,871,691 states left on queue.
Progress(14) at 2026-03-09 17:28:07: 543,537,754 states generated (296,931 s/min), 50,992,743 distinct states found (22,984 ds/min), 33,885,115 states left on queue.
Progress(14) at 2026-03-09 17:29:07: 543,833,638 states generated (295,884 s/min), 51,013,748 distinct states found (21,005 ds/min), 33,896,199 states left on queue.
Progress(14) at 2026-03-09 17:30:07: 544,124,094 states generated (290,456 s/min), 51,045,611 distinct states found (31,863 ds/min), 33,917,885 states left on queue.
Progress(14) at 2026-03-09 17:31:07: 544,407,510 states generated (283,416 s/min), 51,075,852 distinct states found (30,241 ds/min), 33,938,219 states left on queue.
Progress(14) at 2026-03-09 17:32:07: 544,690,815 states generated (283,305 s/min), 51,118,353 distinct states found (42,501 ds/min), 33,971,454 states left on queue.
Progress(14) at 2026-03-09 17:33:07: 544,952,511 states generated (261,696 s/min), 51,156,364 distinct states found (38,011 ds/min), 34,000,849 states left on queue.
Progress(14) at 2026-03-09 17:34:07: 545,258,496 states generated (305,985 s/min), 51,191,113 distinct states found (34,749 ds/min), 34,025,114 states left on queue.
Progress(14) at 2026-03-09 17:35:07: 545,544,231 states generated (285,735 s/min), 51,223,049 distinct states found (31,936 ds/min), 34,047,453 states left on queue.
Progress(14) at 2026-03-09 17:36:07: 545,821,135 states generated (276,904 s/min), 51,257,308 distinct states found (34,259 ds/min), 34,072,749 states left on queue.
Progress(14) at 2026-03-09 17:37:07: 546,141,695 states generated (320,560 s/min), 51,301,677 distinct states found (44,369 ds/min), 34,107,057 states left on queue.
Progress(14) at 2026-03-09 17:38:07: 546,419,859 states generated (278,164 s/min), 51,332,239 distinct states found (30,562 ds/min), 34,128,424 states left on queue.
Progress(14) at 2026-03-09 17:39:07: 546,682,144 states generated (262,285 s/min), 51,372,284 distinct states found (40,045 ds/min), 34,159,568 states left on queue.
Progress(14) at 2026-03-09 17:40:07: 547,000,971 states generated (318,827 s/min), 51,399,251 distinct states found (26,967 ds/min), 34,176,039 states left on queue.
Progress(14) at 2026-03-09 17:41:07: 547,312,226 states generated (311,255 s/min), 51,433,144 distinct states found (33,893 ds/min), 34,199,689 states left on queue.
Progress(14) at 2026-03-09 17:42:07: 547,641,740 states generated (329,514 s/min), 51,479,329 distinct states found (46,185 ds/min), 34,235,664 states left on queue.
Progress(14) at 2026-03-09 17:43:07: 547,956,113 states generated (314,373 s/min), 51,515,720 distinct states found (36,391 ds/min), 34,261,683 states left on queue.
Progress(14) at 2026-03-09 17:44:07: 548,265,215 states generated (309,102 s/min), 51,559,577 distinct states found (43,857 ds/min), 34,295,138 states left on queue.
Progress(14) at 2026-03-09 17:45:07: 548,562,129 states generated (296,914 s/min), 51,584,816 distinct states found (25,239 ds/min), 34,310,555 states left on queue.
Progress(14) at 2026-03-09 17:46:07: 548,890,478 states generated (328,349 s/min), 51,617,096 distinct states found (32,280 ds/min), 34,332,284 states left on queue.
Progress(14) at 2026-03-09 17:47:07: 549,202,082 states generated (311,604 s/min), 51,648,402 distinct states found (31,306 ds/min), 34,353,741 states left on queue.
Progress(14) at 2026-03-09 17:48:07: 549,533,839 states generated (331,757 s/min), 51,686,126 distinct states found (37,724 ds/min), 34,381,391 states left on queue.
Progress(14) at 2026-03-09 17:49:07: 549,853,003 states generated (319,164 s/min), 51,707,543 distinct states found (21,417 ds/min), 34,393,288 states left on queue.
Checkpointing of run states/26-03-08-10-15-53
Checkpointing completed at (2026-03-09 17:50:08)
Progress(14) at 2026-03-09 17:50:08: 550,189,376 states generated (336,373 s/min), 51,740,561 distinct states found (33,018 ds/min), 34,416,194 states left on queue.
Progress(14) at 2026-03-09 17:51:08: 550,488,884 states generated (299,508 s/min), 51,764,818 distinct states found (24,257 ds/min), 34,431,456 states left on queue.
Progress(14) at 2026-03-09 17:52:08: 550,824,028 states generated (335,144 s/min), 51,786,876 distinct states found (22,058 ds/min), 34,443,029 states left on queue.
Progress(14) at 2026-03-09 17:53:08: 551,104,808 states generated (280,780 s/min), 51,806,698 distinct states found (19,822 ds/min), 34,453,790 states left on queue.
Progress(14) at 2026-03-09 17:54:08: 551,408,216 states generated (303,408 s/min), 51,835,308 distinct states found (28,610 ds/min), 34,472,769 states left on queue.
Progress(14) at 2026-03-09 17:55:08: 551,734,229 states generated (326,013 s/min), 51,862,819 distinct states found (27,511 ds/min), 34,489,932 states left on queue.
Progress(14) at 2026-03-09 17:56:08: 552,006,687 states generated (272,458 s/min), 51,885,385 distinct states found (22,566 ds/min), 34,503,800 states left on queue.
Progress(14) at 2026-03-09 17:57:08: 552,300,022 states generated (293,335 s/min), 51,908,135 distinct states found (22,750 ds/min), 34,517,075 states left on queue.
Progress(14) at 2026-03-09 17:58:08: 552,617,848 states generated (317,826 s/min), 51,928,688 distinct states found (20,553 ds/min), 34,527,400 states left on queue.
Progress(14) at 2026-03-09 17:59:08: 552,875,192 states generated (257,344 s/min), 51,950,033 distinct states found (21,345 ds/min), 34,540,419 states left on queue.
Progress(14) at 2026-03-09 18:00:08: 553,145,230 states generated (270,038 s/min), 51,972,429 distinct states found (22,396 ds/min), 34,554,055 states left on queue.
Progress(14) at 2026-03-09 18:01:08: 553,447,332 states generated (302,102 s/min), 51,996,083 distinct states found (23,654 ds/min), 34,567,906 states left on queue.
Progress(14) at 2026-03-09 18:02:08: 553,756,987 states generated (309,655 s/min), 52,033,711 distinct states found (37,628 ds/min), 34,596,120 states left on queue.
Progress(14) at 2026-03-09 18:03:08: 554,057,886 states generated (300,899 s/min), 52,071,326 distinct states found (37,615 ds/min), 34,624,337 states left on queue.
Progress(14) at 2026-03-09 18:04:08: 554,377,801 states generated (319,915 s/min), 52,104,741 distinct states found (33,415 ds/min), 34,647,725 states left on queue.
Progress(14) at 2026-03-09 18:05:08: 554,679,107 states generated (301,306 s/min), 52,144,670 distinct states found (39,929 ds/min), 34,678,608 states left on queue.
Progress(14) at 2026-03-09 18:06:08: 554,990,119 states generated (311,012 s/min), 52,176,793 distinct states found (32,123 ds/min), 34,700,782 states left on queue.
Progress(14) at 2026-03-09 18:07:08: 555,299,654 states generated (309,535 s/min), 52,201,590 distinct states found (24,797 ds/min), 34,715,539 states left on queue.
Progress(14) at 2026-03-09 18:08:08: 555,588,852 states generated (289,198 s/min), 52,239,274 distinct states found (37,684 ds/min), 34,744,510 states left on queue.
Progress(14) at 2026-03-09 18:09:08: 555,905,167 states generated (316,315 s/min), 52,280,012 distinct states found (40,738 ds/min), 34,775,391 states left on queue.
Progress(14) at 2026-03-09 18:10:08: 556,198,580 states generated (293,413 s/min), 52,310,805 distinct states found (30,793 ds/min), 34,796,995 states left on queue.
Progress(14) at 2026-03-09 18:11:08: 556,497,579 states generated (298,999 s/min), 52,350,386 distinct states found (39,581 ds/min), 34,827,648 states left on queue.
Progress(14) at 2026-03-09 18:12:08: 556,809,858 states generated (312,279 s/min), 52,388,568 distinct states found (38,182 ds/min), 34,855,881 states left on queue.
Progress(14) at 2026-03-09 18:13:08: 557,078,970 states generated (269,112 s/min), 52,411,026 distinct states found (22,458 ds/min), 34,869,682 states left on queue.
Progress(14) at 2026-03-09 18:14:08: 557,392,682 states generated (313,712 s/min), 52,445,766 distinct states found (34,740 ds/min), 34,894,673 states left on queue.
Progress(14) at 2026-03-09 18:15:08: 557,685,193 states generated (292,511 s/min), 52,482,946 distinct states found (37,180 ds/min), 34,922,802 states left on queue.
Progress(14) at 2026-03-09 18:16:08: 557,957,741 states generated (272,548 s/min), 52,510,836 distinct states found (27,890 ds/min), 34,942,097 states left on queue.
Progress(14) at 2026-03-09 18:17:08: 558,262,404 states generated (304,663 s/min), 52,551,021 distinct states found (40,185 ds/min), 34,973,190 states left on queue.
Progress(14) at 2026-03-09 18:18:08: 558,527,483 states generated (265,079 s/min), 52,582,252 distinct states found (31,231 ds/min), 34,995,955 states left on queue.
Progress(14) at 2026-03-09 18:19:08: 558,812,576 states generated (285,093 s/min), 52,615,219 distinct states found (32,967 ds/min), 35,020,153 states left on queue.
Checkpointing of run states/26-03-08-10-15-53
Checkpointing completed at (2026-03-09 18:20:09)
Progress(14) at 2026-03-09 18:20:09: 559,108,854 states generated (296,278 s/min), 52,653,148 distinct states found (37,929 ds/min), 35,048,960 states left on queue.
Progress(14) at 2026-03-09 18:21:09: 559,359,792 states generated (250,938 s/min), 52,674,538 distinct states found (21,390 ds/min), 35,062,378 states left on queue.
Progress(14) at 2026-03-09 18:22:09: 559,660,245 states generated (300,453 s/min), 52,696,435 distinct states found (21,897 ds/min), 35,075,176 states left on queue.
Progress(14) at 2026-03-09 18:23:09: 559,947,511 states generated (287,266 s/min), 52,728,921 distinct states found (32,486 ds/min), 35,099,272 states left on queue.
Progress(14) at 2026-03-09 18:24:09: 560,212,945 states generated (265,434 s/min), 52,748,253 distinct states found (19,332 ds/min), 35,110,929 states left on queue.
Progress(14) at 2026-03-09 18:25:09: 560,526,462 states generated (313,517 s/min), 52,778,899 distinct states found (30,646 ds/min), 35,132,429 states left on queue.
Progress(14) at 2026-03-09 18:26:09: 560,854,323 states generated (327,861 s/min), 52,802,860 distinct states found (23,961 ds/min), 35,146,819 states left on queue.
Progress(14) at 2026-03-09 18:27:09: 561,174,671 states generated (320,348 s/min), 52,829,635 distinct states found (26,775 ds/min), 35,163,824 states left on queue.
Progress(14) at 2026-03-09 18:28:09: 561,501,558 states generated (326,887 s/min), 52,857,614 distinct states found (27,979 ds/min), 35,181,666 states left on queue.
Progress(14) at 2026-03-09 18:29:09: 561,816,081 states generated (314,523 s/min), 52,882,995 distinct states found (25,381 ds/min), 35,197,279 states left on queue.
Progress(14) at 2026-03-09 18:30:09: 562,139,206 states generated (323,125 s/min), 52,903,433 distinct states found (20,438 ds/min), 35,207,614 states left on queue.
Progress(14) at 2026-03-09 18:31:09: 562,462,125 states generated (322,919 s/min), 52,926,451 distinct states found (23,018 ds/min), 35,220,825 states left on queue.
Progress(14) at 2026-03-09 18:32:09: 562,780,683 states generated (318,558 s/min), 52,961,663 distinct states found (35,212 ds/min), 35,246,723 states left on queue.
Progress(14) at 2026-03-09 18:33:09: 563,111,931 states generated (331,248 s/min), 52,984,947 distinct states found (23,284 ds/min), 35,260,410 states left on queue.
Progress(14) at 2026-03-09 18:34:09: 563,433,200 states generated (321,269 s/min), 53,017,330 distinct states found (32,383 ds/min), 35,283,410 states left on queue.
Progress(14) at 2026-03-09 18:35:09: 563,759,582 states generated (326,382 s/min), 53,039,555 distinct states found (22,225 ds/min), 35,296,104 states left on queue.
Progress(14) at 2026-03-09 18:36:09: 564,089,097 states generated (329,515 s/min), 53,067,172 distinct states found (27,617 ds/min), 35,313,626 states left on queue.
Progress(14) at 2026-03-09 18:37:09: 564,414,361 states generated (325,264 s/min), 53,095,247 distinct states found (28,075 ds/min), 35,331,620 states left on queue.
Progress(14) at 2026-03-09 18:38:09: 564,737,695 states generated (323,334 s/min), 53,120,438 distinct states found (25,191 ds/min), 35,346,777 states left on queue.
Progress(14) at 2026-03-09 18:39:09: 565,060,081 states generated (322,386 s/min), 53,142,321 distinct states found (21,883 ds/min), 35,358,613 states left on queue.
Progress(14) at 2026-03-09 18:40:09: 565,366,397 states generated (306,316 s/min), 53,179,229 distinct states found (36,908 ds/min), 35,386,247 states left on queue.
Progress(14) at 2026-03-09 18:41:09: 565,678,535 states generated (312,138 s/min), 53,219,450 distinct states found (40,221 ds/min), 35,416,745 states left on queue.
Progress(14) at 2026-03-09 18:42:09: 565,992,198 states generated (313,663 s/min), 53,243,701 distinct states found (24,251 ds/min), 35,431,151 states left on queue.
Progress(14) at 2026-03-09 18:43:09: 566,313,494 states generated (321,296 s/min), 53,269,602 distinct states found (25,901 ds/min), 35,447,436 states left on queue.
Progress(14) at 2026-03-09 18:44:09: 566,637,901 states generated (324,407 s/min), 53,301,046 distinct states found (31,444 ds/min), 35,469,496 states left on queue.
Progress(14) at 2026-03-09 18:45:09: 566,966,102 states generated (328,201 s/min), 53,324,813 distinct states found (23,767 ds/min), 35,483,718 states left on queue.
Progress(14) at 2026-03-09 18:46:09: 567,292,166 states generated (326,064 s/min), 53,356,871 distinct states found (32,058 ds/min), 35,506,262 states left on queue.
Progress(14) at 2026-03-09 18:47:09: 567,617,566 states generated (325,400 s/min), 53,379,831 distinct states found (22,960 ds/min), 35,519,573 states left on queue.
Progress(14) at 2026-03-09 18:48:09: 567,944,443 states generated (326,877 s/min), 53,409,360 distinct states found (29,529 ds/min), 35,538,980 states left on queue.
Progress(14) at 2026-03-09 18:49:09: 568,270,703 states generated (326,260 s/min), 53,436,320 distinct states found (26,960 ds/min), 35,555,828 states left on queue.
Checkpointing of run states/26-03-08-10-15-53
Checkpointing completed at (2026-03-09 18:50:10)
Progress(14) at 2026-03-09 18:50:10: 568,600,640 states generated (329,937 s/min), 53,461,676 distinct states found (25,356 ds/min), 35,570,922 states left on queue.
Progress(14) at 2026-03-09 18:51:10: 568,918,832 states generated (318,192 s/min), 53,481,808 distinct states found (20,132 ds/min), 35,581,103 states left on queue.
Progress(14) at 2026-03-09 18:52:10: 569,244,351 states generated (325,519 s/min), 53,504,316 distinct states found (22,508 ds/min), 35,593,824 states left on queue.
Progress(14) at 2026-03-09 18:53:10: 569,559,306 states generated (314,955 s/min), 53,540,646 distinct states found (36,330 ds/min), 35,620,989 states left on queue.
Progress(14) at 2026-03-09 18:54:10: 569,885,547 states generated (326,241 s/min), 53,563,534 distinct states found (22,888 ds/min), 35,634,435 states left on queue.
Progress(14) at 2026-03-09 18:55:10: 570,203,804 states generated (318,257 s/min), 53,597,090 distinct states found (33,556 ds/min), 35,658,708 states left on queue.
Progress(14) at 2026-03-09 18:56:10: 570,517,567 states generated (313,763 s/min), 53,618,536 distinct states found (21,446 ds/min), 35,670,996 states left on queue.
Progress(14) at 2026-03-09 18:57:10: 570,820,599 states generated (303,032 s/min), 53,641,208 distinct states found (22,672 ds/min), 35,684,540 states left on queue.
Progress(14) at 2026-03-09 18:58:10: 571,120,267 states generated (299,668 s/min), 53,667,944 distinct states found (26,736 ds/min), 35,701,986 states left on queue.
Progress(14) at 2026-03-09 18:59:10: 571,418,067 states generated (297,800 s/min), 53,693,264 distinct states found (25,320 ds/min), 35,718,087 states left on queue.
Progress(14) at 2026-03-09 19:00:10: 571,709,914 states generated (291,847 s/min), 53,716,695 distinct states found (23,431 ds/min), 35,732,458 states left on queue.
Progress(14) at 2026-03-09 19:01:10: 572,009,216 states generated (299,302 s/min), 53,737,291 distinct states found (20,596 ds/min), 35,743,745 states left on queue.
Progress(14) at 2026-03-09 19:02:10: 572,292,391 states generated (283,175 s/min), 53,757,491 distinct states found (20,200 ds/min), 35,754,916 states left on queue.
Progress(14) at 2026-03-09 19:03:10: 572,574,737 states generated (282,346 s/min), 53,780,739 distinct states found (23,248 ds/min), 35,768,945 states left on queue.
Progress(14) at 2026-03-09 19:04:10: 572,857,807 states generated (283,070 s/min), 53,803,295 distinct states found (22,556 ds/min), 35,782,216 states left on queue.
Progress(14) at 2026-03-09 19:05:10: 573,144,251 states generated (286,444 s/min), 53,834,344 distinct states found (31,049 ds/min), 35,804,102 states left on queue.
Progress(14) at 2026-03-09 19:06:10: 573,439,261 states generated (295,010 s/min), 53,871,226 distinct states found (36,882 ds/min), 35,831,856 states left on queue.
Progress(14) at 2026-03-09 19:07:10: 573,734,452 states generated (295,191 s/min), 53,902,725 distinct states found (31,499 ds/min), 35,853,933 states left on queue.
Progress(14) at 2026-03-09 19:08:10: 574,031,066 states generated (296,614 s/min), 53,942,323 distinct states found (39,598 ds/min), 35,884,489 states left on queue.
Progress(14) at 2026-03-09 19:09:10: 574,328,754 states generated (297,688 s/min), 53,971,266 distinct states found (28,943 ds/min), 35,903,878 states left on queue.
Progress(14) at 2026-03-09 19:10:10: 574,623,210 states generated (294,456 s/min), 53,998,578 distinct states found (27,312 ds/min), 35,921,613 states left on queue.
Progress(14) at 2026-03-09 19:11:10: 574,915,551 states generated (292,341 s/min), 54,037,350 distinct states found (38,772 ds/min), 35,951,477 states left on queue.
Progress(14) at 2026-03-09 19:12:10: 575,181,761 states generated (266,210 s/min), 54,067,091 distinct states found (29,741 ds/min), 35,972,726 states left on queue.
Progress(14) at 2026-03-09 19:13:10: 575,469,819 states generated (288,058 s/min), 54,102,794 distinct states found (35,703 ds/min), 35,999,431 states left on queue.
Progress(14) at 2026-03-09 19:14:10: 575,747,584 states generated (277,765 s/min), 54,139,992 distinct states found (37,198 ds/min), 36,028,064 states left on queue.
Progress(14) at 2026-03-09 19:15:10: 576,014,788 states generated (267,204 s/min), 54,164,562 distinct states found (24,570 ds/min), 36,044,034 states left on queue.
Progress(14) at 2026-03-09 19:16:10: 576,308,015 states generated (293,227 s/min), 54,190,733 distinct states found (26,171 ds/min), 36,060,614 states left on queue.
Progress(14) at 2026-03-09 19:17:10: 576,574,963 states generated (266,948 s/min), 54,226,199 distinct states found (35,466 ds/min), 36,087,887 states left on queue.
Progress(14) at 2026-03-09 19:18:10: 576,884,423 states generated (309,460 s/min), 54,259,385 distinct states found (33,186 ds/min), 36,111,168 states left on queue.
Progress(14) at 2026-03-09 19:19:10: 577,151,081 states generated (266,658 s/min), 54,292,364 distinct states found (32,979 ds/min), 36,135,716 states left on queue.
Checkpointing of run states/26-03-08-10-15-53
Checkpointing completed at (2026-03-09 19:20:11)
Progress(14) at 2026-03-09 19:20:11: 577,429,043 states generated (277,962 s/min), 54,327,944 distinct states found (35,580 ds/min), 36,162,682 states left on queue.
Progress(14) at 2026-03-09 19:21:11: 577,747,062 states generated (318,019 s/min), 54,361,114 distinct states found (33,170 ds/min), 36,185,643 states left on queue.
Progress(14) at 2026-03-09 19:22:11: 578,011,307 states generated (264,245 s/min), 54,395,865 distinct states found (34,751 ds/min), 36,212,300 states left on queue.
Progress(14) at 2026-03-09 19:23:11: 578,324,748 states generated (313,441 s/min), 54,427,784 distinct states found (31,919 ds/min), 36,234,153 states left on queue.
Progress(14) at 2026-03-09 19:24:11: 578,602,445 states generated (277,697 s/min), 54,457,244 distinct states found (29,460 ds/min), 36,254,961 states left on queue.
Progress(14) at 2026-03-09 19:25:11: 578,895,918 states generated (293,473 s/min), 54,480,336 distinct states found (23,092 ds/min), 36,268,919 states left on queue.
Progress(14) at 2026-03-09 19:26:11: 579,223,186 states generated (327,268 s/min), 54,510,604 distinct states found (30,268 ds/min), 36,289,298 states left on queue.
Progress(14) at 2026-03-09 19:27:11: 579,555,664 states generated (332,478 s/min), 54,537,606 distinct states found (27,002 ds/min), 36,306,601 states left on queue.
Progress(14) at 2026-03-09 19:28:11: 579,891,200 states generated (335,536 s/min), 54,565,033 distinct states found (27,427 ds/min), 36,323,919 states left on queue.
Progress(14) at 2026-03-09 19:29:11: 580,214,720 states generated (323,520 s/min), 54,592,784 distinct states found (27,751 ds/min), 36,341,660 states left on queue.
Progress(14) at 2026-03-09 19:30:11: 580,530,574 states generated (315,854 s/min), 54,618,134 distinct states found (25,350 ds/min), 36,357,133 states left on queue.
Progress(14) at 2026-03-09 19:31:11: 580,832,938 states generated (302,364 s/min), 54,637,934 distinct states found (19,800 ds/min), 36,367,477 states left on queue.
Progress(14) at 2026-03-09 19:32:11: 581,152,809 states generated (319,871 s/min), 54,669,711 distinct states found (31,777 ds/min), 36,389,214 states left on queue.
Progress(14) at 2026-03-09 19:33:11: 581,465,044 states generated (312,235 s/min), 54,695,384 distinct states found (25,673 ds/min), 36,405,179 states left on queue.
Progress(14) at 2026-03-09 19:34:11: 581,787,993 states generated (322,949 s/min), 54,722,696 distinct states found (27,312 ds/min), 36,422,669 states left on queue.
Progress(14) at 2026-03-09 19:35:11: 582,099,055 states generated (311,062 s/min), 54,751,142 distinct states found (28,446 ds/min), 36,442,035 states left on queue.
Progress(14) at 2026-03-09 19:36:11: 582,435,810 states generated (336,755 s/min), 54,775,456 distinct states found (24,314 ds/min), 36,456,318 states left on queue.
Progress(14) at 2026-03-09 19:37:11: 582,747,169 states generated (311,359 s/min), 54,801,476 distinct states found (26,020 ds/min), 36,472,741 states left on queue.
Progress(14) at 2026-03-09 19:38:11: 583,074,905 states generated (327,736 s/min), 54,829,647 distinct states found (28,171 ds/min), 36,490,706 states left on queue.
Progress(14) at 2026-03-09 19:39:11: 583,373,814 states generated (298,909 s/min), 54,851,919 distinct states found (22,272 ds/min), 36,503,653 states left on queue.
Progress(14) at 2026-03-09 19:40:11: 583,699,972 states generated (326,158 s/min), 54,879,975 distinct states found (28,056 ds/min), 36,521,392 states left on queue.
Progress(14) at 2026-03-09 19:41:11: 583,979,995 states generated (280,023 s/min), 54,917,298 distinct states found (37,323 ds/min), 36,550,165 states left on queue.
Progress(14) at 2026-03-09 19:42:11: 584,288,608 states generated (308,613 s/min), 54,948,292 distinct states found (30,994 ds/min), 36,571,247 states left on queue.
Progress(14) at 2026-03-09 19:43:11: 584,585,101 states generated (296,493 s/min), 54,979,714 distinct states found (31,422 ds/min), 36,593,393 states left on queue.
Progress(14) at 2026-03-09 19:44:11: 584,874,466 states generated (289,365 s/min), 55,003,507 distinct states found (23,793 ds/min), 36,608,163 states left on queue.
Progress(14) at 2026-03-09 19:45:11: 585,193,724 states generated (319,258 s/min), 55,029,016 distinct states found (25,509 ds/min), 36,623,933 states left on queue.
Progress(14) at 2026-03-09 19:46:11: 585,459,860 states generated (266,136 s/min), 55,054,822 distinct states found (25,806 ds/min), 36,641,960 states left on queue.
Progress(14) at 2026-03-09 19:47:11: 585,753,381 states generated (293,521 s/min), 55,076,381 distinct states found (21,559 ds/min), 36,654,896 states left on queue.
Progress(14) at 2026-03-09 19:48:11: 586,075,322 states generated (321,941 s/min), 55,102,632 distinct states found (26,251 ds/min), 36,671,259 states left on queue.
Progress(14) at 2026-03-09 19:49:11: 586,338,455 states generated (263,133 s/min), 55,125,892 distinct states found (23,260 ds/min), 36,686,371 states left on queue.
Checkpointing of run states/26-03-08-10-15-53
Checkpointing completed at (2026-03-09 19:50:13)
Progress(14) at 2026-03-09 19:50:13: 586,642,108 states generated (303,653 s/min), 55,149,913 distinct states found (24,021 ds/min), 36,700,891 states left on queue.
Progress(14) at 2026-03-09 19:51:13: 586,967,991 states generated (325,883 s/min), 55,172,546 distinct states found (22,633 ds/min), 36,713,346 states left on queue.
Progress(14) at 2026-03-09 19:52:13: 587,293,639 states generated (325,648 s/min), 55,200,926 distinct states found (28,380 ds/min), 36,731,544 states left on queue.
Progress(14) at 2026-03-09 19:53:13: 587,621,503 states generated (327,864 s/min), 55,231,540 distinct states found (30,614 ds/min), 36,751,915 states left on queue.
Progress(14) at 2026-03-09 19:54:13: 587,944,749 states generated (323,246 s/min), 55,254,737 distinct states found (23,197 ds/min), 36,765,171 states left on queue.
Progress(14) at 2026-03-09 19:55:13: 588,266,163 states generated (321,414 s/min), 55,288,611 distinct states found (33,874 ds/min), 36,789,619 states left on queue.
Progress(14) at 2026-03-09 19:56:13: 588,585,699 states generated (319,536 s/min), 55,310,374 distinct states found (21,763 ds/min), 36,802,053 states left on queue.
Progress(14) at 2026-03-09 19:57:13: 588,912,964 states generated (327,265 s/min), 55,339,189 distinct states found (28,815 ds/min), 36,820,829 states left on queue.
Progress(14) at 2026-03-09 19:58:13: 589,226,471 states generated (313,507 s/min), 55,366,507 distinct states found (27,318 ds/min), 36,838,416 states left on queue.
Progress(14) at 2026-03-09 19:59:13: 589,555,193 states generated (328,722 s/min), 55,392,476 distinct states found (25,969 ds/min), 36,854,193 states left on queue.
Progress(14) at 2026-03-09 20:00:13: 589,856,906 states generated (301,713 s/min), 55,414,939 distinct states found (22,463 ds/min), 36,867,229 states left on queue.
Progress(14) at 2026-03-09 20:01:13: 590,174,392 states generated (317,486 s/min), 55,435,812 distinct states found (20,873 ds/min), 36,877,988 states left on queue.
Progress(14) at 2026-03-09 20:02:13: 590,446,205 states generated (271,813 s/min), 55,457,070 distinct states found (21,258 ds/min), 36,890,284 states left on queue.
Progress(14) at 2026-03-09 20:03:13: 590,763,331 states generated (317,126 s/min), 55,480,406 distinct states found (23,336 ds/min), 36,903,135 states left on queue.
Progress(14) at 2026-03-09 20:04:13: 591,027,791 states generated (264,460 s/min), 55,513,387 distinct states found (32,981 ds/min), 36,927,745 states left on queue.
Progress(14) at 2026-03-09 20:05:13: 591,307,856 states generated (280,065 s/min), 55,540,746 distinct states found (27,359 ds/min), 36,946,122 states left on queue.
Progress(14) at 2026-03-09 20:06:13: 591,605,206 states generated (297,350 s/min), 55,580,093 distinct states found (39,347 ds/min), 36,976,131 states left on queue.
Progress(14) at 2026-03-09 20:07:13: 591,864,151 states generated (258,945 s/min), 55,603,527 distinct states found (23,434 ds/min), 36,991,234 states left on queue.
Progress(14) at 2026-03-09 20:08:13: 592,149,905 states generated (285,754 s/min), 55,632,239 distinct states found (28,712 ds/min), 37,010,657 states left on queue.
Progress(14) at 2026-03-09 20:09:13: 592,464,405 states generated (314,500 s/min), 55,669,611 distinct states found (37,372 ds/min), 37,038,063 states left on queue.
Progress(14) at 2026-03-09 20:10:13: 592,783,376 states generated (318,971 s/min), 55,707,817 distinct states found (38,206 ds/min), 37,066,203 states left on queue.
Progress(14) at 2026-03-09 20:11:13: 593,100,470 states generated (317,094 s/min), 55,741,807 distinct states found (33,990 ds/min), 37,090,074 states left on queue.
Progress(14) at 2026-03-09 20:12:13: 593,413,578 states generated (313,108 s/min), 55,768,638 distinct states found (26,831 ds/min), 37,106,580 states left on queue.
Progress(14) at 2026-03-09 20:13:13: 593,728,343 states generated (314,765 s/min), 55,807,753 distinct states found (39,115 ds/min), 37,135,693 states left on queue.
Progress(14) at 2026-03-09 20:14:13: 594,044,469 states generated (316,126 s/min), 55,842,173 distinct states found (34,420 ds/min), 37,159,986 states left on queue.
Progress(14) at 2026-03-09 20:15:13: 594,357,423 states generated (312,954 s/min), 55,878,193 distinct states found (36,020 ds/min), 37,186,015 states left on queue.
Progress(14) at 2026-03-09 20:16:13: 594,667,800 states generated (310,377 s/min), 55,914,445 distinct states found (36,252 ds/min), 37,212,356 states left on queue.
Progress(14) at 2026-03-09 20:17:13: 594,971,763 states generated (303,963 s/min), 55,944,591 distinct states found (30,146 ds/min), 37,232,742 states left on queue.
Progress(14) at 2026-03-09 20:18:13: 595,288,892 states generated (317,129 s/min), 55,976,475 distinct states found (31,884 ds/min), 37,254,604 states left on queue.
Progress(14) at 2026-03-09 20:19:13: 595,619,488 states generated (330,596 s/min), 56,000,778 distinct states found (24,303 ds/min), 37,268,613 states left on queue.
Checkpointing of run states/26-03-08-10-15-53
Checkpointing completed at (2026-03-09 20:20:14)
Progress(14) at 2026-03-09 20:20:14: 595,949,202 states generated (329,714 s/min), 56,030,283 distinct states found (29,505 ds/min), 37,287,992 states left on queue.
Progress(14) at 2026-03-09 20:21:14: 596,275,968 states generated (326,766 s/min), 56,057,406 distinct states found (27,123 ds/min), 37,305,014 states left on queue.
Progress(14) at 2026-03-09 20:22:14: 596,599,428 states generated (323,460 s/min), 56,082,391 distinct states found (24,985 ds/min), 37,319,868 states left on queue.
Progress(14) at 2026-03-09 20:23:14: 596,915,484 states generated (316,056 s/min), 56,107,001 distinct states found (24,610 ds/min), 37,334,481 states left on queue.
Progress(14) at 2026-03-09 20:24:14: 597,253,675 states generated (338,191 s/min), 56,136,547 distinct states found (29,546 ds/min), 37,353,433 states left on queue.
Progress(14) at 2026-03-09 20:25:14: 597,585,697 states generated (332,022 s/min), 56,161,786 distinct states found (25,239 ds/min), 37,368,303 states left on queue.
Progress(14) at 2026-03-09 20:26:14: 597,919,523 states generated (333,826 s/min), 56,190,296 distinct states found (28,510 ds/min), 37,386,547 states left on queue.
Progress(14) at 2026-03-09 20:27:14: 598,252,218 states generated (332,695 s/min), 56,217,812 distinct states found (27,516 ds/min), 37,403,770 states left on queue.
