=== TLC Run ===
Spec:      jetpack_mencius_composition.tla
Config:    jetpack_mencius.cfg
Mode:      local
Detected total memory: 96506MB
Auto 1/3 memory cap: 32168MB
Configured TLC memory cap: 32168MB
Local Java bitness: 32
Local 32-bit JVM heap ceiling: 1408MB
Adjusted JVM heap cap for local Java: 1408MB
Enforced TLC memory cap: 1408MB
JVM heap cap: 1408MB
Log:       /home/users/ztang/janus/tla/log/20260316_203440_jetpack_mencius_composition.log
Started:   2026-03-16T20:34:40+00:00
===============
Using config: jetpack_mencius.cfg
--- Config contents ---
SPECIFICATION Spec
SYMMETRY Symmetry

CONSTANTS
  Server = {s1, s2, s3, s4, s5}
  Client = {c1}
  CmdId = {id1, id2, id3}
  Key = {k1, k2}

CONSTRAINT StateConstraint

PROPERTY Safety
\* PROPERTY Liveness
--- End config ---

Running: tlc2.TLC -nowarning -deadlock -config jetpack_mencius.cfg jetpack_mencius_composition.tla

ERROR: ld.so: object '/usr/lib/x86_64-linux-gnu/libprofiler.so' from LD_PRELOAD cannot be preloaded (wrong ELF class: ELFCLASS64): ignored.
TLC2 Version 2.16 of 31 December 2020 (rev: cdddf55)
Running breadth-first search Model-Checking with fp 24 and seed 2218078206802929234 with 1 worker on 64 cores with 1251MB heap and 64MB offheap memory (Linux 5.15.0-133-generic i386, Oracle Corporation 1.8.0_101 x86, MSBDiskFPSet, DiskStateQueue).
Parsing file /home/users/ztang/janus/tla/jetpack_mencius_composition.tla
Parsing file /tmp/Naturals.tla
Parsing file /tmp/FiniteSets.tla
Parsing file /tmp/Sequences.tla
Parsing file /tmp/TLC.tla
Parsing file /home/users/ztang/janus/tla/base_mencius.tla
Parsing file /home/users/ztang/janus/tla/jetpack.tla
Semantic processing of module Naturals
Semantic processing of module Sequences
Semantic processing of module FiniteSets
Semantic processing of module TLC
Semantic processing of module base_mencius
Semantic processing of module jetpack
Semantic processing of module jetpack_mencius_composition
Starting... (2026-03-16 20:34:46)
Computing initial states...
Finished computing initial states: 1 distinct state generated at 2026-03-16 20:34:47.
Progress(3) at 2026-03-16 20:34:50: 974 states generated (974 s/min), 620 distinct states found (620 ds/min), 610 states left on queue.
Progress(4) at 2026-03-16 20:35:50: 40,825 states generated (39,851 s/min), 4,345 distinct states found (3,725 ds/min), 3,981 states left on queue.
Progress(4) at 2026-03-16 20:36:50: 82,143 states generated (41,318 s/min), 6,968 distinct states found (2,623 ds/min), 6,238 states left on queue.
Progress(4) at 2026-03-16 20:37:50: 123,375 states generated (41,232 s/min), 8,465 distinct states found (1,497 ds/min), 7,376 states left on queue.
Progress(5) at 2026-03-16 20:38:50: 165,303 states generated (41,928 s/min), 10,298 distinct states found (1,833 ds/min), 8,840 states left on queue.
Progress(5) at 2026-03-16 20:39:50: 207,438 states generated (42,135 s/min), 13,688 distinct states found (3,390 ds/min), 11,831 states left on queue.
Progress(5) at 2026-03-16 20:40:50: 250,554 states generated (43,116 s/min), 15,345 distinct states found (1,657 ds/min), 13,093 states left on queue.
Progress(5) at 2026-03-16 20:41:50: 284,133 states generated (33,579 s/min), 16,586 distinct states found (1,241 ds/min), 14,026 states left on queue.
Progress(5) at 2026-03-16 20:42:50: 321,946 states generated (37,813 s/min), 19,523 distinct states found (2,937 ds/min), 16,604 states left on queue.
Progress(5) at 2026-03-16 20:43:50: 365,719 states generated (43,773 s/min), 21,206 distinct states found (1,683 ds/min), 17,886 states left on queue.
Progress(5) at 2026-03-16 20:44:50: 408,926 states generated (43,207 s/min), 23,133 distinct states found (1,927 ds/min), 19,413 states left on queue.
Progress(5) at 2026-03-16 20:45:50: 451,284 states generated (42,358 s/min), 25,412 distinct states found (2,279 ds/min), 21,300 states left on queue.
Progress(5) at 2026-03-16 20:46:50: 494,611 states generated (43,327 s/min), 27,010 distinct states found (1,598 ds/min), 22,500 states left on queue.
Progress(5) at 2026-03-16 20:47:50: 538,464 states generated (43,853 s/min), 29,188 distinct states found (2,178 ds/min), 24,271 states left on queue.
Progress(5) at 2026-03-16 20:48:50: 582,399 states generated (43,935 s/min), 30,821 distinct states found (1,633 ds/min), 25,501 states left on queue.
Progress(5) at 2026-03-16 20:49:50: 627,155 states generated (44,756 s/min), 32,623 distinct states found (1,802 ds/min), 26,891 states left on queue.
Progress(5) at 2026-03-16 20:50:50: 669,862 states generated (42,707 s/min), 34,211 distinct states found (1,588 ds/min), 28,087 states left on queue.
Progress(5) at 2026-03-16 20:51:50: 714,822 states generated (44,960 s/min), 35,733 distinct states found (1,522 ds/min), 29,201 states left on queue.
Progress(5) at 2026-03-16 20:52:50: 758,764 states generated (43,942 s/min), 36,807 distinct states found (1,074 ds/min), 29,887 states left on queue.
Progress(5) at 2026-03-16 20:53:50: 795,960 states generated (37,196 s/min), 37,733 distinct states found (926 ds/min), 30,484 states left on queue.
Progress(5) at 2026-03-16 20:54:50: 833,799 states generated (37,839 s/min), 38,647 distinct states found (914 ds/min), 31,064 states left on queue.
Progress(5) at 2026-03-16 20:55:50: 874,136 states generated (40,337 s/min), 39,528 distinct states found (881 ds/min), 31,586 states left on queue.
Progress(5) at 2026-03-16 20:56:50: 918,249 states generated (44,113 s/min), 40,506 distinct states found (978 ds/min), 32,169 states left on queue.
Progress(5) at 2026-03-16 20:57:50: 962,623 states generated (44,374 s/min), 41,494 distinct states found (988 ds/min), 32,764 states left on queue.
Progress(5) at 2026-03-16 20:58:50: 1,007,436 states generated (44,813 s/min), 42,485 distinct states found (991 ds/min), 33,360 states left on queue.
Progress(5) at 2026-03-16 20:59:50: 1,052,115 states generated (44,679 s/min), 43,465 distinct states found (980 ds/min), 33,945 states left on queue.
Progress(5) at 2026-03-16 21:00:50: 1,096,799 states generated (44,684 s/min), 44,899 distinct states found (1,434 ds/min), 34,960 states left on queue.
Progress(6) at 2026-03-16 21:01:50: 1,142,311 states generated (45,512 s/min), 48,046 distinct states found (3,147 ds/min), 37,657 states left on queue.
Progress(6) at 2026-03-16 21:02:50: 1,186,877 states generated (44,566 s/min), 49,788 distinct states found (1,742 ds/min), 38,966 states left on queue.
Progress(6) at 2026-03-16 21:03:50: 1,232,595 states generated (45,718 s/min), 52,518 distinct states found (2,730 ds/min), 41,245 states left on queue.
Checkpointing of run states/26-03-16-20-34-44
Checkpointing completed at (2026-03-16 21:04:50)
Progress(6) at 2026-03-16 21:04:50: 1,277,914 states generated (45,319 s/min), 54,296 distinct states found (1,778 ds/min), 42,583 states left on queue.
Progress(6) at 2026-03-16 21:05:50: 1,323,246 states generated (45,332 s/min), 56,581 distinct states found (2,285 ds/min), 44,424 states left on queue.
Progress(6) at 2026-03-16 21:06:50: 1,368,029 states generated (44,783 s/min), 58,321 distinct states found (1,740 ds/min), 45,729 states left on queue.
Progress(6) at 2026-03-16 21:07:50: 1,412,763 states generated (44,734 s/min), 60,211 distinct states found (1,890 ds/min), 47,184 states left on queue.
Progress(6) at 2026-03-16 21:08:51: 1,457,980 states generated (45,217 s/min), 62,056 distinct states found (1,845 ds/min), 48,588 states left on queue.
Progress(6) at 2026-03-16 21:09:51: 1,505,769 states generated (47,789 s/min), 63,306 distinct states found (1,250 ds/min), 49,392 states left on queue.
Progress(6) at 2026-03-16 21:10:51: 1,553,221 states generated (47,452 s/min), 64,552 distinct states found (1,246 ds/min), 50,196 states left on queue.
Progress(6) at 2026-03-16 21:11:51: 1,595,286 states generated (42,065 s/min), 65,524 distinct states found (972 ds/min), 50,775 states left on queue.
Progress(6) at 2026-03-16 21:12:51: 1,640,247 states generated (44,961 s/min), 66,595 distinct states found (1,071 ds/min), 51,421 states left on queue.
Progress(6) at 2026-03-16 21:13:51: 1,685,539 states generated (45,292 s/min), 67,650 distinct states found (1,055 ds/min), 52,052 states left on queue.
Progress(6) at 2026-03-16 21:14:51: 1,730,792 states generated (45,253 s/min), 68,694 distinct states found (1,044 ds/min), 52,674 states left on queue.
Progress(6) at 2026-03-16 21:15:51: 1,776,229 states generated (45,437 s/min), 69,764 distinct states found (1,070 ds/min), 53,320 states left on queue.
Progress(6) at 2026-03-16 21:16:51: 1,820,563 states generated (44,334 s/min), 71,444 distinct states found (1,680 ds/min), 54,564 states left on queue.
Progress(6) at 2026-03-16 21:17:51: 1,864,600 states generated (44,037 s/min), 73,865 distinct states found (2,421 ds/min), 56,553 states left on queue.
Progress(6) at 2026-03-16 21:18:51: 1,909,612 states generated (45,012 s/min), 75,669 distinct states found (1,804 ds/min), 57,919 states left on queue.
Progress(6) at 2026-03-16 21:19:51: 1,952,765 states generated (43,153 s/min), 77,816 distinct states found (2,147 ds/min), 59,644 states left on queue.
Progress(6) at 2026-03-16 21:20:51: 1,997,391 states generated (44,626 s/min), 79,643 distinct states found (1,827 ds/min), 61,036 states left on queue.
Progress(6) at 2026-03-16 21:21:51: 2,041,264 states generated (43,873 s/min), 81,402 distinct states found (1,759 ds/min), 62,370 states left on queue.
Progress(6) at 2026-03-16 21:22:51: 2,086,567 states generated (45,303 s/min), 83,088 distinct states found (1,686 ds/min), 63,619 states left on queue.
Progress(6) at 2026-03-16 21:23:51: 2,133,747 states generated (47,180 s/min), 84,320 distinct states found (1,232 ds/min), 64,411 states left on queue.
Progress(6) at 2026-03-16 21:24:51: 2,180,978 states generated (47,231 s/min), 85,541 distinct states found (1,221 ds/min), 65,192 states left on queue.
Progress(6) at 2026-03-16 21:25:51: 2,224,311 states generated (43,333 s/min), 86,538 distinct states found (997 ds/min), 65,783 states left on queue.
Progress(6) at 2026-03-16 21:26:51: 2,270,466 states generated (46,155 s/min), 87,612 distinct states found (1,074 ds/min), 66,420 states left on queue.
Progress(6) at 2026-03-16 21:27:51: 2,315,884 states generated (45,418 s/min), 88,682 distinct states found (1,070 ds/min), 67,067 states left on queue.
Progress(6) at 2026-03-16 21:28:51: 2,361,121 states generated (45,237 s/min), 89,743 distinct states found (1,061 ds/min), 67,706 states left on queue.
Progress(6) at 2026-03-16 21:29:51: 2,406,448 states generated (45,327 s/min), 90,862 distinct states found (1,119 ds/min), 68,399 states left on queue.
Progress(6) at 2026-03-16 21:30:51: 2,451,101 states generated (44,653 s/min), 92,953 distinct states found (2,091 ds/min), 70,047 states left on queue.
Progress(6) at 2026-03-16 21:31:51: 2,495,063 states generated (43,962 s/min), 94,693 distinct states found (1,740 ds/min), 71,360 states left on queue.
Progress(6) at 2026-03-16 21:32:51: 2,539,341 states generated (44,278 s/min), 96,569 distinct states found (1,876 ds/min), 72,806 states left on queue.
Progress(6) at 2026-03-16 21:33:51: 2,583,877 states generated (44,536 s/min), 98,300 distinct states found (1,731 ds/min), 74,104 states left on queue.
Checkpointing of run states/26-03-16-20-34-44
Checkpointing completed at (2026-03-16 21:34:51)
Progress(6) at 2026-03-16 21:34:51: 2,630,219 states generated (46,342 s/min), 99,746 distinct states found (1,446 ds/min), 75,112 states left on queue.
Progress(6) at 2026-03-16 21:35:51: 2,677,355 states generated (47,136 s/min), 100,978 distinct states found (1,232 ds/min), 75,904 states left on queue.
Progress(6) at 2026-03-16 21:36:51: 2,720,994 states generated (43,639 s/min), 102,009 distinct states found (1,031 ds/min), 76,528 states left on queue.
Progress(6) at 2026-03-16 21:37:51: 2,766,540 states generated (45,546 s/min), 103,100 distinct states found (1,091 ds/min), 77,190 states left on queue.
Progress(6) at 2026-03-16 21:38:51: 2,812,216 states generated (45,676 s/min), 104,165 distinct states found (1,065 ds/min), 77,826 states left on queue.
Progress(6) at 2026-03-16 21:39:51: 2,857,736 states generated (45,520 s/min), 105,228 distinct states found (1,063 ds/min), 78,464 states left on queue.
Progress(6) at 2026-03-16 21:40:51: 2,903,386 states generated (45,650 s/min), 106,298 distinct states found (1,070 ds/min), 79,109 states left on queue.
Progress(6) at 2026-03-16 21:41:51: 2,948,325 states generated (44,939 s/min), 107,713 distinct states found (1,415 ds/min), 80,088 states left on queue.
Progress(6) at 2026-03-16 21:42:51: 2,991,624 states generated (43,299 s/min), 109,426 distinct states found (1,713 ds/min), 81,379 states left on queue.
Progress(6) at 2026-03-16 21:43:51: 3,035,624 states generated (44,000 s/min), 111,175 distinct states found (1,749 ds/min), 82,701 states left on queue.
Progress(6) at 2026-03-16 21:44:51: 3,082,415 states generated (46,791 s/min), 112,401 distinct states found (1,226 ds/min), 83,491 states left on queue.
Progress(6) at 2026-03-16 21:45:51: 3,128,985 states generated (46,570 s/min), 113,624 distinct states found (1,223 ds/min), 84,279 states left on queue.
Progress(6) at 2026-03-16 21:46:51: 3,171,443 states generated (42,458 s/min), 114,594 distinct states found (970 ds/min), 84,851 states left on queue.
Progress(6) at 2026-03-16 21:47:51: 3,217,167 states generated (45,724 s/min), 115,679 distinct states found (1,085 ds/min), 85,505 states left on queue.
Progress(6) at 2026-03-16 21:48:51: 3,262,325 states generated (45,158 s/min), 116,730 distinct states found (1,051 ds/min), 86,134 states left on queue.
Progress(6) at 2026-03-16 21:49:51: 3,307,547 states generated (45,222 s/min), 117,775 distinct states found (1,045 ds/min), 86,757 states left on queue.
Progress(6) at 2026-03-16 21:50:51: 3,352,627 states generated (45,080 s/min), 118,828 distinct states found (1,053 ds/min), 87,390 states left on queue.
Progress(6) at 2026-03-16 21:51:51: 3,398,126 states generated (45,499 s/min), 120,365 distinct states found (1,537 ds/min), 88,482 states left on queue.
Progress(6) at 2026-03-16 21:52:51: 3,444,821 states generated (46,695 s/min), 121,581 distinct states found (1,216 ds/min), 89,262 states left on queue.
Progress(6) at 2026-03-16 21:53:51: 3,491,531 states generated (46,710 s/min), 122,802 distinct states found (1,221 ds/min), 90,047 states left on queue.
Progress(6) at 2026-03-16 21:54:51: 3,534,257 states generated (42,726 s/min), 123,763 distinct states found (961 ds/min), 90,608 states left on queue.
Progress(6) at 2026-03-16 21:55:51: 3,579,895 states generated (45,638 s/min), 124,855 distinct states found (1,092 ds/min), 91,269 states left on queue.
Progress(6) at 2026-03-16 21:56:51: 3,625,312 states generated (45,417 s/min), 125,913 distinct states found (1,058 ds/min), 91,903 states left on queue.
Progress(6) at 2026-03-16 21:57:51: 3,670,703 states generated (45,391 s/min), 126,962 distinct states found (1,049 ds/min), 92,529 states left on queue.
Progress(6) at 2026-03-16 21:58:51: 3,715,908 states generated (45,205 s/min), 128,022 distinct states found (1,060 ds/min), 93,167 states left on queue.
Progress(6) at 2026-03-16 21:59:51: 3,760,933 states generated (45,025 s/min), 129,464 distinct states found (1,442 ds/min), 94,171 states left on queue.
Progress(6) at 2026-03-16 22:00:51: 3,804,370 states generated (43,437 s/min), 131,698 distinct states found (2,234 ds/min), 96,013 states left on queue.
Progress(6) at 2026-03-16 22:01:51: 3,848,238 states generated (43,868 s/min), 133,555 distinct states found (1,857 ds/min), 97,475 states left on queue.
Progress(6) at 2026-03-16 22:02:51: 3,892,356 states generated (44,118 s/min), 135,806 distinct states found (2,251 ds/min), 99,327 states left on queue.
Progress(6) at 2026-03-16 22:03:51: 3,936,592 states generated (44,236 s/min), 137,658 distinct states found (1,852 ds/min), 100,781 states left on queue.
Checkpointing of run states/26-03-16-20-34-44
Checkpointing completed at (2026-03-16 22:04:53)
Progress(6) at 2026-03-16 22:04:53: 3,981,573 states generated (44,981 s/min), 139,936 distinct states found (2,278 ds/min), 102,653 states left on queue.
Progress(6) at 2026-03-16 22:05:53: 4,024,766 states generated (43,193 s/min), 142,137 distinct states found (2,201 ds/min), 104,464 states left on queue.
Progress(6) at 2026-03-16 22:06:53: 4,069,648 states generated (44,882 s/min), 144,046 distinct states found (1,909 ds/min), 105,968 states left on queue.
Progress(6) at 2026-03-16 22:07:53: 4,113,541 states generated (43,893 s/min), 146,283 distinct states found (2,237 ds/min), 107,809 states left on queue.
Progress(6) at 2026-03-16 22:08:53: 4,147,198 states generated (33,657 s/min), 153,522 distinct states found (7,239 ds/min), 114,745 states left on queue.
Progress(6) at 2026-03-16 22:09:53: 4,175,190 states generated (27,992 s/min), 162,479 distinct states found (8,957 ds/min), 123,450 states left on queue.
Progress(6) at 2026-03-16 22:10:53: 4,216,721 states generated (41,531 s/min), 164,950 distinct states found (2,471 ds/min), 125,540 states left on queue.
Progress(6) at 2026-03-16 22:11:53: 4,259,139 states generated (42,418 s/min), 167,434 distinct states found (2,484 ds/min), 127,634 states left on queue.
Progress(6) at 2026-03-16 22:12:53: 4,301,526 states generated (42,387 s/min), 169,908 distinct states found (2,474 ds/min), 129,718 states left on queue.
Progress(6) at 2026-03-16 22:13:53: 4,343,187 states generated (41,661 s/min), 172,009 distinct states found (2,101 ds/min), 131,436 states left on queue.
Progress(6) at 2026-03-16 22:14:53: 4,384,923 states generated (41,736 s/min), 174,479 distinct states found (2,470 ds/min), 133,531 states left on queue.
Progress(6) at 2026-03-16 22:15:53: 4,427,056 states generated (42,133 s/min), 176,943 distinct states found (2,464 ds/min), 135,617 states left on queue.
Progress(6) at 2026-03-16 22:16:53: 4,469,433 states generated (42,377 s/min), 179,357 distinct states found (2,414 ds/min), 137,650 states left on queue.
Progress(6) at 2026-03-16 22:17:53: 4,512,015 states generated (42,582 s/min), 181,505 distinct states found (2,148 ds/min), 139,416 states left on queue.
Progress(6) at 2026-03-16 22:18:53: 4,553,996 states generated (41,981 s/min), 183,976 distinct states found (2,471 ds/min), 141,510 states left on queue.
Progress(6) at 2026-03-16 22:19:53: 4,596,413 states generated (42,417 s/min), 186,443 distinct states found (2,467 ds/min), 143,596 states left on queue.
Progress(6) at 2026-03-16 22:20:53: 4,638,696 states generated (42,283 s/min), 188,831 distinct states found (2,388 ds/min), 145,604 states left on queue.
Progress(6) at 2026-03-16 22:21:53: 4,681,515 states generated (42,819 s/min), 191,008 distinct states found (2,177 ds/min), 147,397 states left on queue.
Progress(6) at 2026-03-16 22:22:53: 4,725,523 states generated (44,008 s/min), 193,166 distinct states found (2,158 ds/min), 149,137 states left on queue.
Progress(6) at 2026-03-16 22:23:53: 4,769,961 states generated (44,438 s/min), 194,452 distinct states found (1,286 ds/min), 149,981 states left on queue.
Progress(6) at 2026-03-16 22:24:53: 4,815,019 states generated (45,058 s/min), 195,767 distinct states found (1,315 ds/min), 150,849 states left on queue.
Progress(7) at 2026-03-16 22:25:53: 4,858,533 states generated (43,514 s/min), 198,120 distinct states found (2,353 ds/min), 152,752 states left on queue.
Progress(7) at 2026-03-16 22:26:53: 4,903,912 states generated (45,379 s/min), 199,982 distinct states found (1,862 ds/min), 154,146 states left on queue.
Progress(7) at 2026-03-16 22:27:53: 4,948,011 states generated (44,099 s/min), 202,265 distinct states found (2,283 ds/min), 155,971 states left on queue.
Progress(7) at 2026-03-16 22:28:53: 4,993,441 states generated (45,430 s/min), 204,264 distinct states found (1,999 ds/min), 157,501 states left on queue.
Progress(7) at 2026-03-16 22:29:53: 5,037,473 states generated (44,032 s/min), 206,083 distinct states found (1,819 ds/min), 158,866 states left on queue.
Progress(7) at 2026-03-16 22:30:53: 5,084,552 states generated (47,079 s/min), 207,658 distinct states found (1,575 ds/min), 159,969 states left on queue.
Progress(7) at 2026-03-16 22:31:53: 5,131,683 states generated (47,131 s/min), 208,920 distinct states found (1,262 ds/min), 160,766 states left on queue.
Progress(7) at 2026-03-16 22:32:53: 5,175,334 states generated (43,651 s/min), 209,983 distinct states found (1,063 ds/min), 161,396 states left on queue.
Progress(7) at 2026-03-16 22:33:53: 5,221,269 states generated (45,935 s/min), 211,139 distinct states found (1,156 ds/min), 162,093 states left on queue.
Checkpointing of run states/26-03-16-20-34-44
Checkpointing completed at (2026-03-16 22:34:53)
Progress(7) at 2026-03-16 22:34:53: 5,267,252 states generated (45,983 s/min), 212,269 distinct states found (1,130 ds/min), 162,769 states left on queue.
Progress(7) at 2026-03-16 22:35:53: 5,312,697 states generated (45,445 s/min), 213,389 distinct states found (1,120 ds/min), 163,440 states left on queue.
Progress(7) at 2026-03-16 22:36:53: 5,358,304 states generated (45,607 s/min), 214,805 distinct states found (1,416 ds/min), 164,395 states left on queue.
Progress(7) at 2026-03-16 22:37:53: 5,402,582 states generated (44,278 s/min), 216,967 distinct states found (2,162 ds/min), 166,098 states left on queue.
Progress(7) at 2026-03-16 22:38:53: 5,447,764 states generated (45,182 s/min), 218,941 distinct states found (1,974 ds/min), 167,605 states left on queue.
Progress(7) at 2026-03-16 22:39:53: 5,491,749 states generated (43,985 s/min), 220,764 distinct states found (1,823 ds/min), 168,975 states left on queue.
Progress(7) at 2026-03-16 22:40:53: 5,538,259 states generated (46,510 s/min), 222,367 distinct states found (1,603 ds/min), 170,110 states left on queue.
Progress(7) at 2026-03-16 22:41:53: 5,585,511 states generated (47,252 s/min), 223,644 distinct states found (1,277 ds/min), 170,921 states left on queue.
Progress(7) at 2026-03-16 22:42:53: 5,628,359 states generated (42,848 s/min), 224,678 distinct states found (1,034 ds/min), 171,529 states left on queue.
Progress(7) at 2026-03-16 22:43:53: 5,674,240 states generated (45,881 s/min), 225,835 distinct states found (1,157 ds/min), 172,229 states left on queue.
Progress(7) at 2026-03-16 22:44:53: 5,719,684 states generated (45,444 s/min), 226,958 distinct states found (1,123 ds/min), 172,903 states left on queue.
Progress(7) at 2026-03-16 22:45:53: 5,765,402 states generated (45,718 s/min), 228,084 distinct states found (1,126 ds/min), 173,577 states left on queue.
Progress(7) at 2026-03-16 22:46:53: 5,810,932 states generated (45,530 s/min), 229,452 distinct states found (1,368 ds/min), 174,487 states left on queue.
Progress(7) at 2026-03-16 22:47:53: 5,855,221 states generated (44,289 s/min), 231,242 distinct states found (1,790 ds/min), 175,821 states left on queue.
Progress(7) at 2026-03-16 22:48:53: 5,900,185 states generated (44,964 s/min), 233,059 distinct states found (1,817 ds/min), 177,177 states left on queue.
Progress(7) at 2026-03-16 22:49:53: 5,947,567 states generated (47,382 s/min), 234,352 distinct states found (1,293 ds/min), 178,002 states left on queue.
Progress(7) at 2026-03-16 22:50:53: 5,990,899 states generated (43,332 s/min), 235,453 distinct states found (1,101 ds/min), 178,675 states left on queue.
Progress(7) at 2026-03-16 22:51:53: 6,036,916 states generated (46,017 s/min), 236,599 distinct states found (1,146 ds/min), 179,361 states left on queue.
Progress(7) at 2026-03-16 22:52:53: 6,082,726 states generated (45,810 s/min), 237,737 distinct states found (1,138 ds/min), 180,045 states left on queue.
Progress(7) at 2026-03-16 22:53:53: 6,128,292 states generated (45,566 s/min), 238,866 distinct states found (1,129 ds/min), 180,724 states left on queue.
Progress(7) at 2026-03-16 22:54:53: 6,173,573 states generated (45,281 s/min), 239,981 distinct states found (1,115 ds/min), 181,392 states left on queue.
Progress(7) at 2026-03-16 22:55:53: 6,218,352 states generated (44,779 s/min), 241,495 distinct states found (1,514 ds/min), 182,449 states left on queue.
Progress(7) at 2026-03-16 22:56:53: 6,265,353 states generated (47,001 s/min), 242,812 distinct states found (1,317 ds/min), 183,301 states left on queue.
Progress(7) at 2026-03-16 22:57:53: 6,308,720 states generated (43,367 s/min), 243,887 distinct states found (1,075 ds/min), 183,949 states left on queue.
Progress(7) at 2026-03-16 22:58:53: 6,354,674 states generated (45,954 s/min), 245,032 distinct states found (1,145 ds/min), 184,633 states left on queue.
Progress(7) at 2026-03-16 22:59:53: 6,400,109 states generated (45,435 s/min), 246,154 distinct states found (1,122 ds/min), 185,306 states left on queue.
Progress(7) at 2026-03-16 23:00:53: 6,445,676 states generated (45,567 s/min), 247,275 distinct states found (1,121 ds/min), 185,977 states left on queue.
Progress(7) at 2026-03-16 23:01:53: 6,490,682 states generated (45,006 s/min), 248,392 distinct states found (1,117 ds/min), 186,649 states left on queue.
Progress(7) at 2026-03-16 23:02:53: 6,534,988 states generated (44,306 s/min), 250,145 distinct states found (1,753 ds/min), 187,954 states left on queue.
Progress(7) at 2026-03-16 23:03:53: 6,580,991 states generated (46,003 s/min), 252,349 distinct states found (2,204 ds/min), 189,720 states left on queue.
Checkpointing of run states/26-03-16-20-34-44
Checkpointing completed at (2026-03-16 23:04:55)
Progress(7) at 2026-03-16 23:04:55: 6,629,164 states generated (48,173 s/min), 254,628 distinct states found (2,279 ds/min), 191,539 states left on queue.
Progress(7) at 2026-03-16 23:05:55: 6,675,646 states generated (46,482 s/min), 256,851 distinct states found (2,223 ds/min), 193,319 states left on queue.
Progress(7) at 2026-03-16 23:06:55: 6,722,381 states generated (46,735 s/min), 259,086 distinct states found (2,235 ds/min), 195,108 states left on queue.
Progress(7) at 2026-03-16 23:07:55: 6,768,428 states generated (46,047 s/min), 261,150 distinct states found (2,064 ds/min), 196,732 states left on queue.
Progress(7) at 2026-03-16 23:08:55: 6,812,536 states generated (44,108 s/min), 265,784 distinct states found (4,634 ds/min), 200,947 states left on queue.
Progress(7) at 2026-03-16 23:09:55: 6,847,263 states generated (34,727 s/min), 276,984 distinct states found (11,200 ds/min), 211,817 states left on queue.
Progress(7) at 2026-03-16 23:10:55: 6,891,462 states generated (44,199 s/min), 280,030 distinct states found (3,046 ds/min), 214,440 states left on queue.
Progress(7) at 2026-03-16 23:11:55: 6,936,301 states generated (44,839 s/min), 282,464 distinct states found (2,434 ds/min), 216,438 states left on queue.
Progress(7) at 2026-03-16 23:12:55: 6,980,429 states generated (44,128 s/min), 285,227 distinct states found (2,763 ds/min), 218,771 states left on queue.
Progress(7) at 2026-03-16 23:13:55: 7,024,270 states generated (43,841 s/min), 287,660 distinct states found (2,433 ds/min), 220,781 states left on queue.
Progress(7) at 2026-03-16 23:14:55: 7,066,871 states generated (42,601 s/min), 290,044 distinct states found (2,384 ds/min), 222,760 states left on queue.
Progress(7) at 2026-03-16 23:15:55: 7,111,139 states generated (44,268 s/min), 292,459 distinct states found (2,415 ds/min), 224,755 states left on queue.
Progress(7) at 2026-03-16 23:16:55: 7,155,949 states generated (44,810 s/min), 294,865 distinct states found (2,406 ds/min), 226,736 states left on queue.
Progress(7) at 2026-03-16 23:17:55: 7,201,086 states generated (45,137 s/min), 297,655 distinct states found (2,790 ds/min), 229,098 states left on queue.
Progress(7) at 2026-03-16 23:18:55: 7,246,175 states generated (45,089 s/min), 300,076 distinct states found (2,421 ds/min), 231,091 states left on queue.
Progress(7) at 2026-03-16 23:19:55: 7,291,079 states generated (44,904 s/min), 302,570 distinct states found (2,494 ds/min), 233,158 states left on queue.
Progress(7) at 2026-03-16 23:20:55: 7,335,899 states generated (44,820 s/min), 305,271 distinct states found (2,701 ds/min), 235,434 states left on queue.
Progress(7) at 2026-03-16 23:21:55: 7,381,719 states generated (45,820 s/min), 307,153 distinct states found (1,882 ds/min), 236,857 states left on queue.
Progress(7) at 2026-03-16 23:22:55: 7,427,379 states generated (45,660 s/min), 308,396 distinct states found (1,243 ds/min), 237,629 states left on queue.
Progress(7) at 2026-03-16 23:23:55: 7,471,338 states generated (43,959 s/min), 309,893 distinct states found (1,497 ds/min), 238,672 states left on queue.
Progress(7) at 2026-03-16 23:24:55: 7,512,734 states generated (41,396 s/min), 311,794 distinct states found (1,901 ds/min), 240,146 states left on queue.
Progress(7) at 2026-03-16 23:25:55: 7,554,006 states generated (41,272 s/min), 313,619 distinct states found (1,825 ds/min), 241,545 states left on queue.
Progress(7) at 2026-03-16 23:26:55: 7,595,228 states generated (41,222 s/min), 315,313 distinct states found (1,694 ds/min), 242,814 states left on queue.
Progress(7) at 2026-03-16 23:27:55: 7,640,806 states generated (45,578 s/min), 316,833 distinct states found (1,520 ds/min), 243,877 states left on queue.
Progress(7) at 2026-03-16 23:28:55: 7,686,565 states generated (45,759 s/min), 318,086 distinct states found (1,253 ds/min), 244,678 states left on queue.
Progress(7) at 2026-03-16 23:29:55: 7,726,460 states generated (39,895 s/min), 319,054 distinct states found (968 ds/min), 245,250 states left on queue.
Progress(7) at 2026-03-16 23:30:55: 7,771,882 states generated (45,422 s/min), 320,185 distinct states found (1,131 ds/min), 245,928 states left on queue.
Progress(7) at 2026-03-16 23:31:55: 7,816,965 states generated (45,083 s/min), 321,302 distinct states found (1,117 ds/min), 246,600 states left on queue.
Progress(7) at 2026-03-16 23:32:55: 7,861,948 states generated (44,983 s/min), 322,410 distinct states found (1,108 ds/min), 247,263 states left on queue.
Progress(7) at 2026-03-16 23:33:55: 7,907,049 states generated (45,101 s/min), 323,713 distinct states found (1,303 ds/min), 248,114 states left on queue.
Checkpointing of run states/26-03-16-20-34-44
Checkpointing completed at (2026-03-16 23:34:55)
Progress(7) at 2026-03-16 23:34:55: 7,949,801 states generated (42,752 s/min), 325,421 distinct states found (1,708 ds/min), 249,381 states left on queue.
Progress(7) at 2026-03-16 23:35:55: 7,992,414 states generated (42,613 s/min), 327,256 distinct states found (1,835 ds/min), 250,776 states left on queue.
Progress(7) at 2026-03-16 23:36:55: 8,039,185 states generated (46,771 s/min), 328,545 distinct states found (1,289 ds/min), 251,603 states left on queue.
Progress(7) at 2026-03-16 23:37:55: 8,081,994 states generated (42,809 s/min), 329,639 distinct states found (1,094 ds/min), 252,275 states left on queue.
Progress(7) at 2026-03-16 23:38:55: 8,125,444 states generated (43,450 s/min), 330,732 distinct states found (1,093 ds/min), 252,934 states left on queue.
Progress(7) at 2026-03-16 23:39:55: 8,168,569 states generated (43,125 s/min), 331,797 distinct states found (1,065 ds/min), 253,571 states left on queue.
Progress(7) at 2026-03-16 23:40:55: 8,211,960 states generated (43,391 s/min), 332,870 distinct states found (1,073 ds/min), 254,215 states left on queue.
Progress(7) at 2026-03-16 23:41:55: 8,256,014 states generated (44,054 s/min), 333,957 distinct states found (1,087 ds/min), 254,867 states left on queue.
Progress(7) at 2026-03-16 23:42:55: 8,300,287 states generated (44,273 s/min), 335,371 distinct states found (1,414 ds/min), 255,832 states left on queue.
Progress(7) at 2026-03-16 23:43:55: 8,346,007 states generated (45,720 s/min), 336,687 distinct states found (1,316 ds/min), 256,693 states left on queue.
Progress(7) at 2026-03-16 23:44:55: 8,390,708 states generated (44,701 s/min), 337,850 distinct states found (1,163 ds/min), 257,415 states left on queue.
Progress(7) at 2026-03-16 23:45:55: 8,433,938 states generated (43,230 s/min), 338,927 distinct states found (1,077 ds/min), 258,061 states left on queue.
Progress(7) at 2026-03-16 23:46:55: 8,478,197 states generated (44,259 s/min), 340,017 distinct states found (1,090 ds/min), 258,711 states left on queue.
Progress(7) at 2026-03-16 23:47:55: 8,522,377 states generated (44,180 s/min), 341,123 distinct states found (1,106 ds/min), 259,381 states left on queue.
Progress(7) at 2026-03-16 23:48:55: 8,562,906 states generated (40,529 s/min), 342,121 distinct states found (998 ds/min), 259,978 states left on queue.
Progress(7) at 2026-03-16 23:49:55: 8,605,032 states generated (42,126 s/min), 343,353 distinct states found (1,232 ds/min), 260,788 states left on queue.
Progress(7) at 2026-03-16 23:50:55: 8,645,477 states generated (40,445 s/min), 344,762 distinct states found (1,409 ds/min), 261,796 states left on queue.
Progress(7) at 2026-03-16 23:51:55: 8,686,443 states generated (40,966 s/min), 346,887 distinct states found (2,125 ds/min), 263,531 states left on queue.
Progress(7) at 2026-03-16 23:52:55: 8,727,467 states generated (41,024 s/min), 348,640 distinct states found (1,753 ds/min), 264,893 states left on queue.
Progress(7) at 2026-03-16 23:53:55: 8,769,040 states generated (41,573 s/min), 350,815 distinct states found (2,175 ds/min), 266,671 states left on queue.
Progress(7) at 2026-03-16 23:54:55: 8,811,198 states generated (42,158 s/min), 352,952 distinct states found (2,137 ds/min), 268,406 states left on queue.
Progress(7) at 2026-03-16 23:55:55: 8,852,978 states generated (41,780 s/min), 354,762 distinct states found (1,810 ds/min), 269,818 states left on queue.
Progress(7) at 2026-03-16 23:56:55: 8,895,455 states generated (42,477 s/min), 356,916 distinct states found (2,154 ds/min), 271,566 states left on queue.
Progress(7) at 2026-03-16 23:57:55: 8,929,555 states generated (34,100 s/min), 365,422 distinct states found (8,506 ds/min), 279,749 states left on queue.
Progress(7) at 2026-03-16 23:58:55: 8,965,818 states generated (36,263 s/min), 373,009 distinct states found (7,587 ds/min), 286,987 states left on queue.
Progress(7) at 2026-03-16 23:59:55: 9,007,905 states generated (42,087 s/min), 375,400 distinct states found (2,391 ds/min), 288,975 states left on queue.
Progress(7) at 2026-03-17 00:00:55: 9,048,995 states generated (41,090 s/min), 377,774 distinct states found (2,374 ds/min), 290,950 states left on queue.
Progress(7) at 2026-03-17 00:01:55: 9,089,774 states generated (40,779 s/min), 380,144 distinct states found (2,370 ds/min), 292,923 states left on queue.
Progress(7) at 2026-03-17 00:02:55: 9,131,321 states generated (41,547 s/min), 382,525 distinct states found (2,381 ds/min), 294,904 states left on queue.
Progress(7) at 2026-03-17 00:03:55: 9,172,512 states generated (41,191 s/min), 384,820 distinct states found (2,295 ds/min), 296,808 states left on queue.
Checkpointing of run states/26-03-16-20-34-44
Checkpointing completed at (2026-03-17 00:04:56)
Progress(7) at 2026-03-17 00:04:56: 9,214,977 states generated (42,465 s/min), 387,268 distinct states found (2,448 ds/min), 298,853 states left on queue.
Progress(7) at 2026-03-17 00:05:56: 9,257,453 states generated (42,476 s/min), 389,654 distinct states found (2,386 ds/min), 300,836 states left on queue.
Progress(7) at 2026-03-17 00:06:56: 9,299,641 states generated (42,188 s/min), 392,042 distinct states found (2,388 ds/min), 302,824 states left on queue.
Progress(7) at 2026-03-17 00:07:56: 9,340,701 states generated (41,060 s/min), 394,046 distinct states found (2,004 ds/min), 304,438 states left on queue.
Progress(7) at 2026-03-17 00:08:56: 9,380,798 states generated (40,097 s/min), 396,409 distinct states found (2,363 ds/min), 306,421 states left on queue.
Progress(7) at 2026-03-17 00:09:56: 9,420,687 states generated (39,889 s/min), 398,755 distinct states found (2,346 ds/min), 308,388 states left on queue.
Progress(7) at 2026-03-17 00:10:56: 9,461,175 states generated (40,488 s/min), 400,962 distinct states found (2,207 ds/min), 310,203 states left on queue.
Progress(7) at 2026-03-17 00:11:56: 9,502,876 states generated (41,701 s/min), 402,158 distinct states found (1,196 ds/min), 310,970 states left on queue.
Progress(7) at 2026-03-17 00:12:56: 9,544,683 states generated (41,807 s/min), 403,340 distinct states found (1,182 ds/min), 311,722 states left on queue.
Progress(7) at 2026-03-17 00:13:56: 9,583,638 states generated (38,955 s/min), 404,656 distinct states found (1,316 ds/min), 312,637 states left on queue.
Progress(7) at 2026-03-17 00:14:56: 9,621,194 states generated (37,556 s/min), 406,195 distinct states found (1,539 ds/min), 313,789 states left on queue.
Progress(7) at 2026-03-17 00:15:56: 9,660,830 states generated (39,636 s/min), 407,577 distinct states found (1,382 ds/min), 314,772 states left on queue.
Progress(7) at 2026-03-17 00:16:56: 9,702,169 states generated (41,339 s/min), 408,717 distinct states found (1,140 ds/min), 315,504 states left on queue.
Progress(7) at 2026-03-17 00:17:56: 9,740,397 states generated (38,228 s/min), 409,649 distinct states found (932 ds/min), 316,056 states left on queue.
Progress(7) at 2026-03-17 00:18:56: 9,780,352 states generated (39,955 s/min), 410,623 distinct states found (974 ds/min), 316,633 states left on queue.
Progress(7) at 2026-03-17 00:19:56: 9,819,949 states generated (39,597 s/min), 411,618 distinct states found (995 ds/min), 317,235 states left on queue.
Progress(7) at 2026-03-17 00:20:56: 9,858,827 states generated (38,878 s/min), 412,578 distinct states found (960 ds/min), 317,811 states left on queue.
Progress(7) at 2026-03-17 00:21:56: 9,899,092 states generated (40,265 s/min), 413,576 distinct states found (998 ds/min), 318,411 states left on queue.
Progress(7) at 2026-03-17 00:22:56: 9,939,236 states generated (40,144 s/min), 414,819 distinct states found (1,243 ds/min), 319,248 states left on queue.
Progress(7) at 2026-03-17 00:23:56: 9,979,586 states generated (40,350 s/min), 416,038 distinct states found (1,219 ds/min), 320,063 states left on queue.
Progress(7) at 2026-03-17 00:24:56: 10,020,297 states generated (40,711 s/min), 417,166 distinct states found (1,128 ds/min), 320,789 states left on queue.
Progress(7) at 2026-03-17 00:25:56: 10,057,285 states generated (36,988 s/min), 418,039 distinct states found (873 ds/min), 321,295 states left on queue.
Progress(7) at 2026-03-17 00:26:56: 10,097,539 states generated (40,254 s/min), 419,063 distinct states found (1,024 ds/min), 321,917 states left on queue.
Progress(7) at 2026-03-17 00:27:56: 10,137,721 states generated (40,182 s/min), 420,039 distinct states found (976 ds/min), 322,496 states left on queue.
Progress(7) at 2026-03-17 00:28:56: 10,178,299 states generated (40,578 s/min), 421,055 distinct states found (1,016 ds/min), 323,111 states left on queue.
Progress(7) at 2026-03-17 00:29:56: 10,217,672 states generated (39,373 s/min), 422,026 distinct states found (971 ds/min), 323,693 states left on queue.
Progress(7) at 2026-03-17 00:30:56: 10,257,895 states generated (40,223 s/min), 423,331 distinct states found (1,305 ds/min), 324,590 states left on queue.
Progress(7) at 2026-03-17 00:31:56: 10,300,208 states generated (42,313 s/min), 424,901 distinct states found (1,570 ds/min), 325,750 states left on queue.
Progress(7) at 2026-03-17 00:32:56: 10,342,782 states generated (42,574 s/min), 427,085 distinct states found (2,184 ds/min), 327,528 states left on queue.
Progress(7) at 2026-03-17 00:33:56: 10,384,979 states generated (42,197 s/min), 429,243 distinct states found (2,158 ds/min), 329,283 states left on queue.
Checkpointing of run states/26-03-16-20-34-44
Checkpointing completed at (2026-03-17 00:34:56)
Progress(7) at 2026-03-17 00:34:56: 10,426,967 states generated (41,988 s/min), 431,037 distinct states found (1,794 ds/min), 330,677 states left on queue.
Progress(7) at 2026-03-17 00:35:56: 10,468,155 states generated (41,188 s/min), 433,177 distinct states found (2,140 ds/min), 332,424 states left on queue.
Progress(7) at 2026-03-17 00:36:56: 10,510,022 states generated (41,867 s/min), 434,968 distinct states found (1,791 ds/min), 333,816 states left on queue.
Progress(7) at 2026-03-17 00:37:56: 10,551,058 states generated (41,036 s/min), 437,090 distinct states found (2,122 ds/min), 335,547 states left on queue.
Progress(7) at 2026-03-17 00:38:56: 10,581,385 states generated (30,327 s/min), 447,692 distinct states found (10,602 ds/min), 345,861 states left on queue.
Progress(7) at 2026-03-17 00:39:56: 10,616,813 states generated (35,428 s/min), 453,095 distinct states found (5,403 ds/min), 350,922 states left on queue.
Progress(7) at 2026-03-17 00:40:56: 10,656,313 states generated (39,500 s/min), 455,099 distinct states found (2,004 ds/min), 352,541 states left on queue.
Progress(7) at 2026-03-17 00:41:56: 10,695,360 states generated (39,047 s/min), 457,447 distinct states found (2,348 ds/min), 354,516 states left on queue.
Progress(7) at 2026-03-17 00:42:56: 10,736,254 states generated (40,894 s/min), 459,824 distinct states found (2,377 ds/min), 356,496 states left on queue.
Progress(7) at 2026-03-17 00:43:56: 10,778,343 states generated (42,089 s/min), 462,212 distinct states found (2,388 ds/min), 358,479 states left on queue.
Progress(7) at 2026-03-17 00:44:56: 10,820,056 states generated (41,713 s/min), 464,586 distinct states found (2,374 ds/min), 360,457 states left on queue.
Progress(7) at 2026-03-17 00:45:56: 10,862,627 states generated (42,571 s/min), 466,972 distinct states found (2,386 ds/min), 362,439 states left on queue.
Progress(7) at 2026-03-17 00:46:56: 10,905,964 states generated (43,337 s/min), 469,364 distinct states found (2,392 ds/min), 364,420 states left on queue.
Progress(7) at 2026-03-17 00:47:56: 10,947,923 states generated (41,959 s/min), 471,739 distinct states found (2,375 ds/min), 366,397 states left on queue.
Progress(7) at 2026-03-17 00:48:56: 10,989,733 states generated (41,810 s/min), 474,118 distinct states found (2,379 ds/min), 368,379 states left on queue.
Progress(7) at 2026-03-17 00:49:56: 11,032,848 states generated (43,115 s/min), 476,510 distinct states found (2,392 ds/min), 370,362 states left on queue.
Progress(7) at 2026-03-17 00:50:56: 11,076,631 states generated (43,783 s/min), 478,904 distinct states found (2,394 ds/min), 372,340 states left on queue.
Progress(7) at 2026-03-17 00:51:56: 11,121,336 states generated (44,705 s/min), 481,079 distinct states found (2,175 ds/min), 374,069 states left on queue.
Progress(7) at 2026-03-17 00:52:56: 11,165,871 states generated (44,535 s/min), 482,341 distinct states found (1,262 ds/min), 374,873 states left on queue.
Progress(7) at 2026-03-17 00:53:56: 11,210,234 states generated (44,363 s/min), 483,556 distinct states found (1,215 ds/min), 375,631 states left on queue.
Progress(7) at 2026-03-17 00:54:56: 11,253,645 states generated (43,411 s/min), 484,765 distinct states found (1,209 ds/min), 376,411 states left on queue.
Progress(7) at 2026-03-17 00:55:56: 11,296,796 states generated (43,151 s/min), 485,889 distinct states found (1,124 ds/min), 377,110 states left on queue.
Progress(7) at 2026-03-17 00:56:56: 11,339,013 states generated (42,217 s/min), 486,940 distinct states found (1,051 ds/min), 377,737 states left on queue.
Progress(7) at 2026-03-17 00:57:56: 11,382,985 states generated (43,972 s/min), 488,023 distinct states found (1,083 ds/min), 378,385 states left on queue.
Progress(7) at 2026-03-17 00:58:56: 11,426,223 states generated (43,238 s/min), 489,099 distinct states found (1,076 ds/min), 379,034 states left on queue.
Progress(7) at 2026-03-17 00:59:56: 11,468,992 states generated (42,769 s/min), 490,149 distinct states found (1,050 ds/min), 379,662 states left on queue.
Progress(7) at 2026-03-17 01:00:56: 11,511,213 states generated (42,221 s/min), 491,394 distinct states found (1,245 ds/min), 380,482 states left on queue.
Progress(7) at 2026-03-17 01:01:56: 11,554,362 states generated (43,149 s/min), 493,169 distinct states found (1,775 ds/min), 381,833 states left on queue.
Progress(7) at 2026-03-17 01:02:56: 11,598,288 states generated (43,926 s/min), 495,345 distinct states found (2,176 ds/min), 383,590 states left on queue.
Progress(7) at 2026-03-17 01:03:56: 11,641,730 states generated (43,442 s/min), 497,165 distinct states found (1,820 ds/min), 384,996 states left on queue.
Checkpointing of run states/26-03-16-20-34-44
Checkpointing completed at (2026-03-17 01:04:57)
Progress(7) at 2026-03-17 01:04:57: 11,685,478 states generated (43,748 s/min), 499,355 distinct states found (2,190 ds/min), 386,769 states left on queue.
Progress(7) at 2026-03-17 01:05:57: 11,727,141 states generated (41,663 s/min), 501,502 distinct states found (2,147 ds/min), 388,518 states left on queue.
Progress(7) at 2026-03-17 01:06:57: 11,757,522 states generated (30,381 s/min), 502,747 distinct states found (1,245 ds/min), 389,474 states left on queue.
Progress(7) at 2026-03-17 01:07:57: 11,801,503 states generated (43,981 s/min), 504,942 distinct states found (2,195 ds/min), 391,249 states left on queue.
Progress(7) at 2026-03-17 01:08:57: 11,836,523 states generated (35,020 s/min), 514,197 distinct states found (9,255 ds/min), 400,172 states left on queue.
Progress(7) at 2026-03-17 01:09:57: 11,872,714 states generated (36,191 s/min), 521,038 distinct states found (6,841 ds/min), 406,664 states left on queue.
Progress(7) at 2026-03-17 01:10:57: 11,915,352 states generated (42,638 s/min), 523,436 distinct states found (2,398 ds/min), 408,647 states left on queue.
Progress(7) at 2026-03-17 01:11:57: 11,957,349 states generated (41,997 s/min), 525,827 distinct states found (2,391 ds/min), 410,631 states left on queue.
Progress(7) at 2026-03-17 01:12:57: 11,999,803 states generated (42,454 s/min), 528,211 distinct states found (2,384 ds/min), 412,608 states left on queue.
Progress(7) at 2026-03-17 01:13:57: 12,039,472 states generated (39,669 s/min), 530,572 distinct states found (2,361 ds/min), 414,588 states left on queue.
Progress(7) at 2026-03-17 01:14:57: 12,071,172 states generated (31,700 s/min), 532,441 distinct states found (1,869 ds/min), 416,156 states left on queue.
Progress(7) at 2026-03-17 01:15:57: 12,112,039 states generated (40,867 s/min), 534,808 distinct states found (2,367 ds/min), 418,135 states left on queue.
Progress(7) at 2026-03-17 01:16:57: 12,153,960 states generated (41,921 s/min), 537,183 distinct states found (2,375 ds/min), 420,112 states left on queue.
Progress(7) at 2026-03-17 01:17:57: 12,196,184 states generated (42,224 s/min), 539,563 distinct states found (2,380 ds/min), 422,092 states left on queue.
Progress(7) at 2026-03-17 01:18:57: 12,239,958 states generated (43,774 s/min), 541,965 distinct states found (2,402 ds/min), 424,078 states left on queue.
Progress(7) at 2026-03-17 01:19:57: 12,283,759 states generated (43,801 s/min), 544,373 distinct states found (2,408 ds/min), 426,071 states left on queue.
Progress(7) at 2026-03-17 01:20:57: 12,327,107 states generated (43,348 s/min), 546,768 distinct states found (2,395 ds/min), 428,054 states left on queue.
Progress(7) at 2026-03-17 01:21:57: 12,369,874 states generated (42,767 s/min), 549,073 distinct states found (2,305 ds/min), 429,940 states left on queue.
Progress(7) at 2026-03-17 01:22:57: 12,413,735 states generated (43,861 s/min), 550,285 distinct states found (1,212 ds/min), 430,702 states left on queue.
Progress(7) at 2026-03-17 01:23:57: 12,456,954 states generated (43,219 s/min), 551,571 distinct states found (1,286 ds/min), 431,543 states left on queue.
Progress(7) at 2026-03-17 01:24:57: 12,500,586 states generated (43,632 s/min), 553,169 distinct states found (1,598 ds/min), 432,714 states left on queue.
Progress(7) at 2026-03-17 01:25:57: 12,543,745 states generated (43,159 s/min), 555,337 distinct states found (2,168 ds/min), 434,470 states left on queue.
Progress(7) at 2026-03-17 01:26:57: 12,586,874 states generated (43,129 s/min), 557,145 distinct states found (1,808 ds/min), 435,867 states left on queue.
Progress(7) at 2026-03-17 01:27:57: 12,630,505 states generated (43,631 s/min), 559,333 distinct states found (2,188 ds/min), 437,639 states left on queue.
Progress(7) at 2026-03-17 01:28:57: 12,673,982 states generated (43,477 s/min), 561,510 distinct states found (2,177 ds/min), 439,401 states left on queue.
Progress(7) at 2026-03-17 01:29:57: 12,716,608 states generated (42,626 s/min), 563,307 distinct states found (1,797 ds/min), 440,792 states left on queue.
Progress(7) at 2026-03-17 01:30:57: 12,757,409 states generated (40,801 s/min), 565,784 distinct states found (2,477 ds/min), 442,880 states left on queue.
Progress(7) at 2026-03-17 01:31:57: 12,787,855 states generated (30,446 s/min), 576,459 distinct states found (10,675 ds/min), 453,266 states left on queue.
Progress(7) at 2026-03-17 01:32:57: 12,824,384 states generated (36,529 s/min), 581,467 distinct states found (5,008 ds/min), 457,920 states left on queue.
Progress(7) at 2026-03-17 01:33:57: 12,865,455 states generated (41,071 s/min), 583,846 distinct states found (2,379 ds/min), 459,900 states left on queue.
Checkpointing of run states/26-03-16-20-34-44
Checkpointing completed at (2026-03-17 01:34:57)
Progress(7) at 2026-03-17 01:34:57: 12,907,095 states generated (41,640 s/min), 586,230 distinct states found (2,384 ds/min), 461,879 states left on queue.
Progress(7) at 2026-03-17 01:35:57: 12,949,975 states generated (42,880 s/min), 588,635 distinct states found (2,405 ds/min), 463,871 states left on queue.
Progress(7) at 2026-03-17 01:36:57: 12,991,677 states generated (41,702 s/min), 591,009 distinct states found (2,374 ds/min), 465,849 states left on queue.
Progress(7) at 2026-03-17 01:37:57: 13,033,274 states generated (41,597 s/min), 593,375 distinct states found (2,366 ds/min), 467,820 states left on queue.
Progress(7) at 2026-03-17 01:38:57: 13,076,163 states generated (42,889 s/min), 595,772 distinct states found (2,397 ds/min), 469,810 states left on queue.
Progress(7) at 2026-03-17 01:39:57: 13,118,161 states generated (41,998 s/min), 598,144 distinct states found (2,372 ds/min), 471,784 states left on queue.
Progress(7) at 2026-03-17 01:40:57: 13,158,816 states generated (40,655 s/min), 600,506 distinct states found (2,362 ds/min), 473,760 states left on queue.
Progress(7) at 2026-03-17 01:41:57: 13,198,928 states generated (40,112 s/min), 602,841 distinct states found (2,335 ds/min), 475,714 states left on queue.
Progress(7) at 2026-03-17 01:42:57: 13,238,677 states generated (39,749 s/min), 604,845 distinct states found (2,004 ds/min), 477,341 states left on queue.
Progress(7) at 2026-03-17 01:43:57: 13,278,884 states generated (40,207 s/min), 607,201 distinct states found (2,356 ds/min), 479,315 states left on queue.
Progress(7) at 2026-03-17 01:44:57: 13,319,469 states generated (40,585 s/min), 609,129 distinct states found (1,928 ds/min), 480,842 states left on queue.
Progress(7) at 2026-03-17 01:45:57: 13,344,354 states generated (24,885 s/min), 609,882 distinct states found (753 ds/min), 481,339 states left on queue.
Progress(7) at 2026-03-17 01:46:57: 13,380,323 states generated (35,969 s/min), 610,927 distinct states found (1,045 ds/min), 482,014 states left on queue.
Progress(7) at 2026-03-17 01:47:57: 13,421,926 states generated (41,603 s/min), 611,987 distinct states found (1,060 ds/min), 482,651 states left on queue.
Progress(7) at 2026-03-17 01:48:57: 13,458,867 states generated (36,941 s/min), 616,640 distinct states found (4,653 ds/min), 486,983 states left on queue.
Progress(7) at 2026-03-17 01:49:57: 13,498,761 states generated (39,894 s/min), 619,226 distinct states found (2,586 ds/min), 489,224 states left on queue.
Progress(7) at 2026-03-17 01:50:57: 13,535,936 states generated (37,175 s/min), 623,780 distinct states found (4,554 ds/min), 493,463 states left on queue.
Progress(7) at 2026-03-17 01:51:57: 13,573,462 states generated (37,526 s/min), 627,575 distinct states found (3,795 ds/min), 496,925 states left on queue.
Progress(7) at 2026-03-17 01:52:57: 13,614,668 states generated (41,206 s/min), 631,040 distinct states found (3,465 ds/min), 500,048 states left on queue.
Progress(7) at 2026-03-17 01:53:57: 13,653,040 states generated (38,372 s/min), 635,487 distinct states found (4,447 ds/min), 504,156 states left on queue.
Progress(7) at 2026-03-17 01:54:57: 13,686,094 states generated (33,054 s/min), 637,773 distinct states found (2,286 ds/min), 506,168 states left on queue.
Progress(7) at 2026-03-17 01:55:57: 13,722,752 states generated (36,658 s/min), 642,121 distinct states found (4,348 ds/min), 510,191 states left on queue.
Progress(7) at 2026-03-17 01:56:57: 13,759,848 states generated (37,096 s/min), 644,479 distinct states found (2,358 ds/min), 512,236 states left on queue.
Progress(7) at 2026-03-17 01:57:57: 13,789,938 states generated (30,090 s/min), 648,574 distinct states found (4,095 ds/min), 516,066 states left on queue.
Progress(7) at 2026-03-17 01:58:57: 13,826,854 states generated (36,916 s/min), 650,961 distinct states found (2,387 ds/min), 518,142 states left on queue.
Progress(7) at 2026-03-17 01:59:57: 13,861,246 states generated (34,392 s/min), 655,329 distinct states found (4,368 ds/min), 522,208 states left on queue.
Progress(7) at 2026-03-17 02:00:57: 13,901,880 states generated (40,634 s/min), 658,190 distinct states found (2,861 ds/min), 524,720 states left on queue.
Progress(7) at 2026-03-17 02:01:57: 13,940,473 states generated (38,593 s/min), 662,615 distinct states found (4,425 ds/min), 528,816 states left on queue.
Progress(7) at 2026-03-17 02:02:57: 13,979,224 states generated (38,751 s/min), 666,091 distinct states found (3,476 ds/min), 531,951 states left on queue.
Progress(7) at 2026-03-17 02:03:57: 14,019,937 states generated (40,713 s/min), 669,921 distinct states found (3,830 ds/min), 535,441 states left on queue.
Checkpointing of run states/26-03-16-20-34-44
Checkpointing completed at (2026-03-17 02:04:58)
Progress(7) at 2026-03-17 02:04:58: 14,059,210 states generated (39,273 s/min), 674,412 distinct states found (4,491 ds/min), 539,586 states left on queue.
Progress(7) at 2026-03-17 02:05:58: 14,101,703 states generated (42,493 s/min), 677,014 distinct states found (2,602 ds/min), 541,827 states left on queue.
Progress(7) at 2026-03-17 02:06:58: 14,138,088 states generated (36,385 s/min), 681,690 distinct states found (4,676 ds/min), 546,188 states left on queue.
Progress(7) at 2026-03-17 02:07:58: 14,177,646 states generated (39,558 s/min), 684,237 distinct states found (2,547 ds/min), 548,392 states left on queue.
Progress(7) at 2026-03-17 02:08:58: 14,215,946 states generated (38,300 s/min), 688,886 distinct states found (4,649 ds/min), 552,717 states left on queue.
Progress(7) at 2026-03-17 02:09:58: 14,255,050 states generated (39,104 s/min), 693,328 distinct states found (4,442 ds/min), 556,814 states left on queue.
Progress(7) at 2026-03-17 02:10:58: 14,296,955 states generated (41,905 s/min), 696,290 distinct states found (2,962 ds/min), 559,428 states left on queue.
Progress(7) at 2026-03-17 02:11:58: 14,335,486 states generated (38,531 s/min), 700,783 distinct states found (4,493 ds/min), 563,580 states left on queue.
Progress(7) at 2026-03-17 02:12:58: 14,376,631 states generated (41,145 s/min), 703,691 distinct states found (2,908 ds/min), 566,136 states left on queue.
Progress(7) at 2026-03-17 02:13:58: 14,415,103 states generated (38,472 s/min), 708,093 distinct states found (4,402 ds/min), 570,209 states left on queue.
Progress(7) at 2026-03-17 02:14:58: 14,454,062 states generated (38,959 s/min), 711,479 distinct states found (3,386 ds/min), 573,252 states left on queue.
Progress(7) at 2026-03-17 02:15:58: 14,492,656 states generated (38,594 s/min), 715,259 distinct states found (3,780 ds/min), 576,710 states left on queue.
Progress(7) at 2026-03-17 02:16:58: 14,529,798 states generated (37,142 s/min), 719,590 distinct states found (4,331 ds/min), 580,713 states left on queue.
Progress(7) at 2026-03-17 02:17:58: 14,570,290 states generated (40,492 s/min), 722,415 distinct states found (2,825 ds/min), 583,201 states left on queue.
Progress(7) at 2026-03-17 02:18:58: 14,607,325 states generated (37,035 s/min), 726,814 distinct states found (4,399 ds/min), 587,272 states left on queue.
Progress(7) at 2026-03-17 02:19:58: 14,648,680 states generated (41,355 s/min), 729,708 distinct states found (2,894 ds/min), 589,811 states left on queue.
Progress(7) at 2026-03-17 02:20:58: 14,688,622 states generated (39,942 s/min), 734,239 distinct states found (4,531 ds/min), 594,002 states left on queue.
Progress(7) at 2026-03-17 02:21:58: 14,727,102 states generated (38,480 s/min), 738,112 distinct states found (3,873 ds/min), 597,534 states left on queue.
Progress(7) at 2026-03-17 02:22:58: 14,768,388 states generated (41,286 s/min), 741,561 distinct states found (3,449 ds/min), 600,641 states left on queue.
Progress(7) at 2026-03-17 02:23:58: 14,806,675 states generated (38,287 s/min), 746,004 distinct states found (4,443 ds/min), 604,745 states left on queue.
Progress(7) at 2026-03-17 02:24:58: 14,847,764 states generated (41,089 s/min), 748,521 distinct states found (2,517 ds/min), 606,914 states left on queue.
Progress(7) at 2026-03-17 02:25:58: 14,886,426 states generated (38,662 s/min), 753,330 distinct states found (4,809 ds/min), 611,388 states left on queue.
Progress(7) at 2026-03-17 02:26:58: 14,926,485 states generated (40,059 s/min), 756,430 distinct states found (3,100 ds/min), 614,140 states left on queue.
Progress(7) at 2026-03-17 02:27:58: 14,966,510 states generated (40,025 s/min), 760,676 distinct states found (4,246 ds/min), 618,049 states left on queue.
Progress(7) at 2026-03-17 02:28:58: 15,004,734 states generated (38,224 s/min), 765,096 distinct states found (4,420 ds/min), 622,131 states left on queue.
Progress(7) at 2026-03-17 02:29:58: 15,046,634 states generated (41,900 s/min), 767,957 distinct states found (2,861 ds/min), 624,642 states left on queue.
Progress(7) at 2026-03-17 02:30:58: 15,087,002 states generated (40,368 s/min), 772,632 distinct states found (4,675 ds/min), 628,963 states left on queue.
Progress(7) at 2026-03-17 02:31:58: 15,129,390 states generated (42,388 s/min), 775,924 distinct states found (3,292 ds/min), 631,888 states left on queue.
Progress(7) at 2026-03-17 02:32:58: 15,168,340 states generated (38,950 s/min), 780,060 distinct states found (4,136 ds/min), 635,695 states left on queue.
Progress(7) at 2026-03-17 02:33:58: 15,205,113 states generated (36,773 s/min), 784,342 distinct states found (4,282 ds/min), 639,652 states left on queue.
Checkpointing of run states/26-03-16-20-34-44
Checkpointing completed at (2026-03-17 02:34:58)
Progress(7) at 2026-03-17 02:34:58: 15,244,656 states generated (39,543 s/min), 787,152 distinct states found (2,810 ds/min), 642,133 states left on queue.
Progress(7) at 2026-03-17 02:35:58: 15,281,289 states generated (36,633 s/min), 791,475 distinct states found (4,323 ds/min), 646,132 states left on queue.
Progress(7) at 2026-03-17 02:36:58: 15,322,728 states generated (41,439 s/min), 794,028 distinct states found (2,553 ds/min), 648,333 states left on queue.
Progress(7) at 2026-03-17 02:37:58: 15,361,618 states generated (38,890 s/min), 798,846 distinct states found (4,818 ds/min), 652,815 states left on queue.
Progress(7) at 2026-03-17 02:38:58: 15,401,541 states generated (39,923 s/min), 801,938 distinct states found (3,092 ds/min), 655,559 states left on queue.
Progress(7) at 2026-03-17 02:39:58: 15,441,563 states generated (40,022 s/min), 806,187 distinct states found (4,249 ds/min), 659,472 states left on queue.
Progress(7) at 2026-03-17 02:40:58: 15,474,509 states generated (32,946 s/min), 812,844 distinct states found (6,657 ds/min), 665,849 states left on queue.
Progress(7) at 2026-03-17 02:41:58: 15,512,375 states generated (37,866 s/min), 815,999 distinct states found (3,155 ds/min), 668,691 states left on queue.
Progress(7) at 2026-03-17 02:42:58: 15,550,336 states generated (37,961 s/min), 818,973 distinct states found (2,974 ds/min), 671,352 states left on queue.
Progress(7) at 2026-03-17 02:43:58: 15,588,793 states generated (38,457 s/min), 821,721 distinct states found (2,748 ds/min), 673,783 states left on queue.
Progress(7) at 2026-03-17 02:44:58: 15,625,083 states generated (36,290 s/min), 825,423 distinct states found (3,702 ds/min), 677,184 states left on queue.
Progress(7) at 2026-03-17 02:45:58: 15,662,968 states generated (37,885 s/min), 828,326 distinct states found (2,903 ds/min), 679,775 states left on queue.
Progress(7) at 2026-03-17 02:46:58: 15,700,415 states generated (37,447 s/min), 831,599 distinct states found (3,273 ds/min), 682,738 states left on queue.
Progress(7) at 2026-03-17 02:47:58: 15,739,094 states generated (38,679 s/min), 834,365 distinct states found (2,766 ds/min), 685,185 states left on queue.
Progress(7) at 2026-03-17 02:48:58: 15,777,408 states generated (38,314 s/min), 837,340 distinct states found (2,975 ds/min), 687,844 states left on queue.
Progress(7) at 2026-03-17 02:49:58: 15,816,687 states generated (39,279 s/min), 840,118 distinct states found (2,778 ds/min), 690,298 states left on queue.
Progress(7) at 2026-03-17 02:50:58: 15,848,050 states generated (31,363 s/min), 846,543 distinct states found (6,425 ds/min), 696,457 states left on queue.
Progress(7) at 2026-03-17 02:51:58: 15,883,557 states generated (35,507 s/min), 849,594 distinct states found (3,051 ds/min), 699,215 states left on queue.
Progress(7) at 2026-03-17 02:52:58: 15,919,546 states generated (35,989 s/min), 852,441 distinct states found (2,847 ds/min), 701,765 states left on queue.
Progress(7) at 2026-03-17 02:53:58: 15,955,572 states generated (36,026 s/min), 855,084 distinct states found (2,643 ds/min), 704,111 states left on queue.
Progress(7) at 2026-03-17 02:54:58: 15,991,208 states generated (35,636 s/min), 858,673 distinct states found (3,589 ds/min), 707,405 states left on queue.
Progress(7) at 2026-03-17 02:55:58: 16,027,393 states generated (36,185 s/min), 861,470 distinct states found (2,797 ds/min), 709,903 states left on queue.
Progress(7) at 2026-03-17 02:56:58: 16,064,401 states generated (37,008 s/min), 864,089 distinct states found (2,619 ds/min), 712,217 states left on queue.
Progress(7) at 2026-03-17 02:57:58: 16,100,504 states generated (36,103 s/min), 867,329 distinct states found (3,240 ds/min), 715,159 states left on queue.
Progress(7) at 2026-03-17 02:58:58: 16,137,131 states generated (36,627 s/min), 870,203 distinct states found (2,874 ds/min), 717,730 states left on queue.
Progress(7) at 2026-03-17 02:59:58: 16,175,039 states generated (37,908 s/min), 872,909 distinct states found (2,706 ds/min), 720,124 states left on queue.
Progress(7) at 2026-03-17 03:00:58: 16,210,398 states generated (35,359 s/min), 876,934 distinct states found (4,025 ds/min), 723,854 states left on queue.
Progress(7) at 2026-03-17 03:01:58: 16,242,452 states generated (32,054 s/min), 882,027 distinct states found (5,093 ds/min), 728,679 states left on queue.
Progress(7) at 2026-03-17 03:02:58: 16,278,468 states generated (36,016 s/min), 885,035 distinct states found (3,008 ds/min), 731,389 states left on queue.
Progress(7) at 2026-03-17 03:03:58: 16,314,443 states generated (35,975 s/min), 887,793 distinct states found (2,758 ds/min), 733,850 states left on queue.
Checkpointing of run states/26-03-16-20-34-44
Checkpointing completed at (2026-03-17 03:04:58)
Progress(7) at 2026-03-17 03:04:58: 16,351,291 states generated (36,848 s/min), 890,404 distinct states found (2,611 ds/min), 736,157 states left on queue.
Progress(7) at 2026-03-17 03:05:58: 16,385,358 states generated (34,067 s/min), 893,948 distinct states found (3,544 ds/min), 739,419 states left on queue.
Progress(7) at 2026-03-17 03:06:58: 16,420,705 states generated (35,347 s/min), 896,720 distinct states found (2,772 ds/min), 741,899 states left on queue.
Progress(7) at 2026-03-17 03:07:58: 16,455,171 states generated (34,466 s/min), 899,763 distinct states found (3,043 ds/min), 744,658 states left on queue.
Progress(7) at 2026-03-17 03:08:58: 16,490,997 states generated (35,826 s/min), 902,322 distinct states found (2,559 ds/min), 746,921 states left on queue.
Progress(7) at 2026-03-17 03:09:58: 16,526,993 states generated (35,996 s/min), 905,147 distinct states found (2,825 ds/min), 749,449 states left on queue.
Progress(7) at 2026-03-17 03:10:58: 16,563,517 states generated (36,524 s/min), 907,755 distinct states found (2,608 ds/min), 751,756 states left on queue.
Progress(7) at 2026-03-17 03:11:58: 16,592,666 states generated (29,149 s/min), 913,858 distinct states found (6,103 ds/min), 757,612 states left on queue.
Progress(7) at 2026-03-17 03:12:58: 16,626,745 states generated (34,079 s/min), 916,627 distinct states found (2,769 ds/min), 760,099 states left on queue.
Progress(7) at 2026-03-17 03:13:58: 16,661,233 states generated (34,488 s/min), 919,520 distinct states found (2,893 ds/min), 762,707 states left on queue.
Progress(7) at 2026-03-17 03:14:58: 16,696,302 states generated (35,069 s/min), 922,208 distinct states found (2,688 ds/min), 765,106 states left on queue.
Progress(7) at 2026-03-17 03:15:58: 16,729,688 states generated (33,386 s/min), 925,581 distinct states found (3,373 ds/min), 768,202 states left on queue.
Progress(7) at 2026-03-17 03:16:58: 16,764,534 states generated (34,846 s/min), 928,328 distinct states found (2,747 ds/min), 770,662 states left on queue.
Progress(7) at 2026-03-17 03:17:58: 16,800,116 states generated (35,582 s/min), 930,953 distinct states found (2,625 ds/min), 772,993 states left on queue.
Progress(7) at 2026-03-17 03:18:58: 16,835,456 states generated (35,340 s/min), 934,068 distinct states found (3,115 ds/min), 775,816 states left on queue.
Progress(7) at 2026-03-17 03:19:58: 16,871,699 states generated (36,243 s/min), 936,645 distinct states found (2,577 ds/min), 778,095 states left on queue.
Progress(7) at 2026-03-17 03:20:58: 16,906,834 states generated (35,135 s/min), 939,403 distinct states found (2,758 ds/min), 780,563 states left on queue.
Progress(7) at 2026-03-17 03:21:58: 16,942,886 states generated (36,052 s/min), 941,964 distinct states found (2,561 ds/min), 782,827 states left on queue.
Progress(7) at 2026-03-17 03:22:58: 16,973,261 states generated (30,375 s/min), 948,235 distinct states found (6,271 ds/min), 788,840 states left on queue.
Progress(7) at 2026-03-17 03:23:58: 17,006,709 states generated (33,448 s/min), 950,894 distinct states found (2,659 ds/min), 791,223 states left on queue.
Progress(7) at 2026-03-17 03:24:58: 17,040,209 states generated (33,500 s/min), 953,719 distinct states found (2,825 ds/min), 793,771 states left on queue.
Progress(7) at 2026-03-17 03:25:58: 17,074,485 states generated (34,276 s/min), 956,364 distinct states found (2,645 ds/min), 796,133 states left on queue.
Progress(7) at 2026-03-17 03:26:58: 17,108,788 states generated (34,303 s/min), 959,807 distinct states found (3,443 ds/min), 799,292 states left on queue.
Progress(7) at 2026-03-17 03:27:58: 17,142,323 states generated (33,535 s/min), 962,454 distinct states found (2,647 ds/min), 801,662 states left on queue.
Progress(7) at 2026-03-17 03:28:58: 17,176,781 states generated (34,458 s/min), 964,985 distinct states found (2,531 ds/min), 803,909 states left on queue.
Progress(7) at 2026-03-17 03:29:58: 17,211,253 states generated (34,472 s/min), 968,033 distinct states found (3,048 ds/min), 806,672 states left on queue.
Progress(7) at 2026-03-17 03:30:58: 17,246,191 states generated (34,938 s/min), 970,522 distinct states found (2,489 ds/min), 808,873 states left on queue.
Progress(7) at 2026-03-17 03:31:58: 17,281,035 states generated (34,844 s/min), 973,257 distinct states found (2,735 ds/min), 811,321 states left on queue.
Progress(7) at 2026-03-17 03:32:58: 17,317,282 states generated (36,247 s/min), 975,847 distinct states found (2,590 ds/min), 813,612 states left on queue.
Progress(7) at 2026-03-17 03:33:58: 17,351,588 states generated (34,306 s/min), 980,006 distinct states found (4,159 ds/min), 817,472 states left on queue.
Checkpointing of run states/26-03-16-20-34-44
Checkpointing completed at (2026-03-17 03:34:59)
Progress(7) at 2026-03-17 03:34:59: 17,390,529 states generated (38,941 s/min), 982,799 distinct states found (2,793 ds/min), 819,939 states left on queue.
Progress(7) at 2026-03-17 03:35:59: 17,427,401 states generated (36,872 s/min), 987,241 distinct states found (4,442 ds/min), 824,058 states left on queue.
Progress(7) at 2026-03-17 03:36:59: 17,465,218 states generated (37,817 s/min), 991,367 distinct states found (4,126 ds/min), 827,854 states left on queue.
Progress(7) at 2026-03-17 03:37:59: 17,504,653 states generated (39,435 s/min), 994,515 distinct states found (3,148 ds/min), 830,671 states left on queue.
Progress(7) at 2026-03-17 03:38:59: 17,541,502 states generated (36,849 s/min), 998,951 distinct states found (4,436 ds/min), 834,785 states left on queue.
Progress(7) at 2026-03-17 03:39:59: 17,579,729 states generated (38,227 s/min), 1,002,493 distinct states found (3,542 ds/min), 837,994 states left on queue.
Progress(7) at 2026-03-17 03:40:59: 17,619,232 states generated (39,503 s/min), 1,006,259 distinct states found (3,766 ds/min), 841,428 states left on queue.
Progress(7) at 2026-03-17 03:41:59: 17,656,827 states generated (37,595 s/min), 1,010,745 distinct states found (4,486 ds/min), 845,585 states left on queue.
Progress(7) at 2026-03-17 03:42:59: 17,695,769 states generated (38,942 s/min), 1,014,337 distinct states found (3,592 ds/min), 848,838 states left on queue.
Progress(7) at 2026-03-17 03:43:59: 17,735,013 states generated (39,244 s/min), 1,018,081 distinct states found (3,744 ds/min), 852,252 states left on queue.
Progress(7) at 2026-03-17 03:44:59: 17,772,105 states generated (37,092 s/min), 1,022,541 distinct states found (4,460 ds/min), 856,387 states left on queue.
Progress(7) at 2026-03-17 03:45:59: 17,810,771 states generated (38,666 s/min), 1,025,665 distinct states found (3,124 ds/min), 859,175 states left on queue.
Progress(7) at 2026-03-17 03:46:59: 17,848,690 states generated (37,919 s/min), 1,029,748 distinct states found (4,083 ds/min), 862,939 states left on queue.
Progress(7) at 2026-03-17 03:47:59: 17,885,607 states generated (36,917 s/min), 1,034,204 distinct states found (4,456 ds/min), 867,072 states left on queue.
Progress(7) at 2026-03-17 03:48:59: 17,925,159 states generated (39,552 s/min), 1,037,118 distinct states found (2,914 ds/min), 869,645 states left on queue.
Progress(7) at 2026-03-17 03:49:59: 17,962,301 states generated (37,142 s/min), 1,041,419 distinct states found (4,301 ds/min), 873,630 states left on queue.
Progress(7) at 2026-03-17 03:50:59: 17,999,467 states generated (37,166 s/min), 1,045,880 distinct states found (4,461 ds/min), 877,766 states left on queue.
Progress(7) at 2026-03-17 03:51:59: 18,039,172 states generated (39,705 s/min), 1,048,714 distinct states found (2,834 ds/min), 880,261 states left on queue.
Progress(7) at 2026-03-17 03:52:59: 18,075,486 states generated (36,314 s/min), 1,053,071 distinct states found (4,357 ds/min), 884,306 states left on queue.
Progress(7) at 2026-03-17 03:53:59: 18,111,760 states generated (36,274 s/min), 1,057,447 distinct states found (4,376 ds/min), 888,364 states left on queue.
Progress(7) at 2026-03-17 03:54:59: 18,151,147 states generated (39,387 s/min), 1,060,097 distinct states found (2,650 ds/min), 890,682 states left on queue.
Progress(7) at 2026-03-17 03:55:59: 18,187,694 states generated (36,547 s/min), 1,064,655 distinct states found (4,558 ds/min), 894,922 states left on queue.
Progress(7) at 2026-03-17 03:56:59: 18,224,805 states generated (37,111 s/min), 1,069,060 distinct states found (4,405 ds/min), 899,003 states left on queue.
Progress(7) at 2026-03-17 03:57:59: 18,264,940 states generated (40,135 s/min), 1,071,901 distinct states found (2,841 ds/min), 901,507 states left on queue.
Progress(7) at 2026-03-17 03:58:59: 18,300,955 states generated (36,015 s/min), 1,076,286 distinct states found (4,385 ds/min), 905,576 states left on queue.
Progress(7) at 2026-03-17 03:59:59: 18,337,407 states generated (36,452 s/min), 1,080,628 distinct states found (4,342 ds/min), 909,600 states left on queue.
Progress(7) at 2026-03-17 04:00:59: 18,376,825 states generated (39,418 s/min), 1,083,465 distinct states found (2,837 ds/min), 912,106 states left on queue.
Progress(7) at 2026-03-17 04:01:59: 18,413,984 states generated (37,159 s/min), 1,087,923 distinct states found (4,458 ds/min), 916,239 states left on queue.
Progress(7) at 2026-03-17 04:02:59: 18,451,801 states generated (37,817 s/min), 1,092,169 distinct states found (4,246 ds/min), 920,155 states left on queue.
Progress(7) at 2026-03-17 04:03:59: 18,492,524 states generated (40,723 s/min), 1,095,285 distinct states found (3,116 ds/min), 922,929 states left on queue.
Checkpointing of run states/26-03-16-20-34-44
Checkpointing completed at (2026-03-17 04:04:59)
Progress(7) at 2026-03-17 04:04:59: 18,531,402 states generated (38,878 s/min), 1,099,880 distinct states found (4,595 ds/min), 927,188 states left on queue.
Progress(7) at 2026-03-17 04:05:59: 18,569,579 states generated (38,177 s/min), 1,104,346 distinct states found (4,466 ds/min), 931,324 states left on queue.
Progress(7) at 2026-03-17 04:06:59: 18,610,887 states generated (41,308 s/min), 1,107,323 distinct states found (2,977 ds/min), 933,955 states left on queue.
Progress(7) at 2026-03-17 04:07:59: 18,650,325 states generated (39,438 s/min), 1,111,961 distinct states found (4,638 ds/min), 938,252 states left on queue.
Progress(7) at 2026-03-17 04:08:59: 18,690,189 states generated (39,864 s/min), 1,116,587 distinct states found (4,626 ds/min), 942,535 states left on queue.
Progress(7) at 2026-03-17 04:09:59: 18,733,659 states generated (43,470 s/min), 1,119,800 distinct states found (3,213 ds/min), 945,381 states left on queue.
Progress(7) at 2026-03-17 04:10:59: 18,773,469 states generated (39,810 s/min), 1,124,343 distinct states found (4,543 ds/min), 949,583 states left on queue.
Progress(7) at 2026-03-17 04:11:59: 18,813,063 states generated (39,594 s/min), 1,128,976 distinct states found (4,633 ds/min), 953,874 states left on queue.
Progress(7) at 2026-03-17 04:12:59: 18,854,313 states generated (41,250 s/min), 1,131,865 distinct states found (2,889 ds/min), 956,412 states left on queue.
Progress(7) at 2026-03-17 04:13:59: 18,894,478 states generated (40,165 s/min), 1,136,562 distinct states found (4,697 ds/min), 960,767 states left on queue.
Progress(7) at 2026-03-17 04:14:59: 18,934,062 states generated (39,584 s/min), 1,141,222 distinct states found (4,660 ds/min), 965,086 states left on queue.
Progress(7) at 2026-03-17 04:15:59: 18,974,253 states generated (40,191 s/min), 1,144,394 distinct states found (3,172 ds/min), 967,914 states left on queue.
Progress(7) at 2026-03-17 04:16:59: 19,012,550 states generated (38,297 s/min), 1,148,581 distinct states found (4,187 ds/min), 971,777 states left on queue.
Progress(7) at 2026-03-17 04:17:59: 19,049,850 states generated (37,300 s/min), 1,153,083 distinct states found (4,502 ds/min), 975,956 states left on queue.
Progress(7) at 2026-03-17 04:18:59: 19,089,380 states generated (39,530 s/min), 1,156,038 distinct states found (2,955 ds/min), 978,575 states left on queue.
Progress(7) at 2026-03-17 04:19:59: 19,128,056 states generated (38,676 s/min), 1,160,422 distinct states found (4,384 ds/min), 982,630 states left on queue.
Progress(7) at 2026-03-17 04:20:59: 19,166,276 states generated (38,220 s/min), 1,164,989 distinct states found (4,567 ds/min), 986,866 states left on queue.
Progress(7) at 2026-03-17 04:21:59: 19,207,754 states generated (41,478 s/min), 1,168,274 distinct states found (3,285 ds/min), 989,797 states left on queue.
Progress(7) at 2026-03-17 04:22:59: 19,246,886 states generated (39,132 s/min), 1,172,501 distinct states found (4,227 ds/min), 993,693 states left on queue.
Progress(7) at 2026-03-17 04:23:59: 19,285,519 states generated (38,633 s/min), 1,177,102 distinct states found (4,601 ds/min), 997,960 states left on queue.
Progress(7) at 2026-03-17 04:24:59: 19,325,889 states generated (40,370 s/min), 1,180,229 distinct states found (3,127 ds/min), 1,000,741 states left on queue.
Progress(7) at 2026-03-17 04:25:59: 19,365,578 states generated (39,689 s/min), 1,184,578 distinct states found (4,349 ds/min), 1,004,755 states left on queue.
Progress(7) at 2026-03-17 04:26:59: 19,404,077 states generated (38,499 s/min), 1,189,153 distinct states found (4,575 ds/min), 1,008,998 states left on queue.
Progress(7) at 2026-03-17 04:27:59: 19,443,688 states generated (39,611 s/min), 1,192,643 distinct states found (3,490 ds/min), 1,012,147 states left on queue.
Progress(7) at 2026-03-17 04:28:59: 19,482,862 states generated (39,174 s/min), 1,196,547 distinct states found (3,904 ds/min), 1,015,721 states left on queue.
Progress(7) at 2026-03-17 04:29:59: 19,520,942 states generated (38,080 s/min), 1,201,094 distinct states found (4,547 ds/min), 1,019,939 states left on queue.
Progress(7) at 2026-03-17 04:30:59: 19,560,378 states generated (39,436 s/min), 1,204,482 distinct states found (3,388 ds/min), 1,022,989 states left on queue.
Progress(7) at 2026-03-17 04:31:59: 19,601,091 states generated (40,713 s/min), 1,208,579 distinct states found (4,097 ds/min), 1,026,743 states left on queue.
Progress(7) at 2026-03-17 04:32:59: 19,639,236 states generated (38,145 s/min), 1,213,124 distinct states found (4,545 ds/min), 1,030,958 states left on queue.
Progress(7) at 2026-03-17 04:33:59: 19,679,010 states generated (39,774 s/min), 1,217,037 distinct states found (3,913 ds/min), 1,034,528 states left on queue.
Checkpointing of run states/26-03-16-20-34-44
Checkpointing completed at (2026-03-17 04:35:00)
Progress(7) at 2026-03-17 04:35:00: 19,720,831 states generated (41,821 s/min), 1,220,711 distinct states found (3,674 ds/min), 1,037,851 states left on queue.
Progress(7) at 2026-03-17 04:36:00: 19,759,013 states generated (38,182 s/min), 1,225,255 distinct states found (4,544 ds/min), 1,042,065 states left on queue.
Progress(7) at 2026-03-17 04:37:00: 19,798,857 states generated (39,844 s/min), 1,229,857 distinct states found (4,602 ds/min), 1,046,323 states left on queue.
Progress(7) at 2026-03-17 04:38:00: 19,840,682 states generated (41,825 s/min), 1,232,850 distinct states found (2,993 ds/min), 1,048,965 states left on queue.
Progress(7) at 2026-03-17 04:39:00: 19,878,770 states generated (38,088 s/min), 1,237,398 distinct states found (4,548 ds/min), 1,053,184 states left on queue.
Progress(7) at 2026-03-17 04:40:00: 19,916,969 states generated (38,199 s/min), 1,241,899 distinct states found (4,501 ds/min), 1,057,355 states left on queue.
Progress(7) at 2026-03-17 04:41:00: 19,957,820 states generated (40,851 s/min), 1,244,800 distinct states found (2,901 ds/min), 1,059,914 states left on queue.
Progress(7) at 2026-03-17 04:42:00: 19,997,304 states generated (39,484 s/min), 1,249,457 distinct states found (4,657 ds/min), 1,064,230 states left on queue.
Progress(7) at 2026-03-17 04:43:00: 20,034,800 states generated (37,496 s/min), 1,253,911 distinct states found (4,454 ds/min), 1,068,360 states left on queue.
Progress(7) at 2026-03-17 04:44:00: 20,075,221 states generated (40,421 s/min), 1,256,774 distinct states found (2,863 ds/min), 1,070,884 states left on queue.
Progress(7) at 2026-03-17 04:45:00: 20,114,338 states generated (39,117 s/min), 1,261,408 distinct states found (4,634 ds/min), 1,075,180 states left on queue.
Progress(7) at 2026-03-17 04:46:00: 20,152,379 states generated (38,041 s/min), 1,265,907 distinct states found (4,499 ds/min), 1,079,350 states left on queue.
Progress(7) at 2026-03-17 04:47:00: 20,193,430 states generated (41,051 s/min), 1,268,766 distinct states found (2,859 ds/min), 1,081,865 states left on queue.
Progress(7) at 2026-03-17 04:48:00: 20,231,679 states generated (38,249 s/min), 1,273,377 distinct states found (4,611 ds/min), 1,086,146 states left on queue.
Progress(7) at 2026-03-17 04:49:00: 20,270,399 states generated (38,720 s/min), 1,277,930 distinct states found (4,553 ds/min), 1,090,364 states left on queue.
Progress(7) at 2026-03-17 04:50:00: 20,312,920 states generated (42,521 s/min), 1,280,743 distinct states found (2,813 ds/min), 1,092,818 states left on queue.
Progress(7) at 2026-03-17 04:51:00: 20,352,011 states generated (39,091 s/min), 1,285,560 distinct states found (4,817 ds/min), 1,097,300 states left on queue.
Progress(7) at 2026-03-17 04:52:00: 20,392,122 states generated (40,111 s/min), 1,290,230 distinct states found (4,670 ds/min), 1,101,624 states left on queue.
Progress(7) at 2026-03-17 04:53:00: 20,432,821 states generated (40,699 s/min), 1,292,995 distinct states found (2,765 ds/min), 1,104,042 states left on queue.
Progress(7) at 2026-03-17 04:54:00: 20,470,317 states generated (37,496 s/min), 1,297,590 distinct states found (4,595 ds/min), 1,108,319 states left on queue.
Progress(7) at 2026-03-17 04:55:00: 20,508,433 states generated (38,116 s/min), 1,302,129 distinct states found (4,539 ds/min), 1,112,528 states left on queue.
Progress(7) at 2026-03-17 04:56:00: 20,549,456 states generated (41,023 s/min), 1,304,679 distinct states found (2,550 ds/min), 1,114,730 states left on queue.
Progress(7) at 2026-03-17 04:57:00: 20,587,761 states generated (38,305 s/min), 1,309,572 distinct states found (4,893 ds/min), 1,119,296 states left on queue.
Progress(7) at 2026-03-17 04:58:00: 20,627,829 states generated (40,068 s/min), 1,314,255 distinct states found (4,683 ds/min), 1,123,633 states left on queue.
Progress(7) at 2026-03-17 04:59:00: 20,667,968 states generated (40,139 s/min), 1,317,346 distinct states found (3,091 ds/min), 1,126,383 states left on queue.
Progress(7) at 2026-03-17 05:00:00: 20,708,240 states generated (40,272 s/min), 1,321,750 distinct states found (4,404 ds/min), 1,130,445 states left on queue.
Progress(7) at 2026-03-17 05:01:00: 20,747,316 states generated (39,076 s/min), 1,326,386 distinct states found (4,636 ds/min), 1,134,743 states left on queue.
Progress(7) at 2026-03-17 05:02:00: 20,788,355 states generated (41,039 s/min), 1,329,915 distinct states found (3,529 ds/min), 1,137,920 states left on queue.
Progress(7) at 2026-03-17 05:03:00: 20,829,185 states generated (40,830 s/min), 1,333,992 distinct states found (4,077 ds/min), 1,141,653 states left on queue.
Progress(7) at 2026-03-17 05:04:00: 20,873,066 states generated (43,881 s/min), 1,335,487 distinct states found (1,495 ds/min), 1,142,716 states left on queue.
Checkpointing of run states/26-03-16-20-34-44
Checkpointing completed at (2026-03-17 05:05:00)
Progress(7) at 2026-03-17 05:05:00: 20,917,499 states generated (44,433 s/min), 1,336,977 distinct states found (1,490 ds/min), 1,143,755 states left on queue.
Progress(7) at 2026-03-17 05:06:00: 20,963,325 states generated (45,826 s/min), 1,338,517 distinct states found (1,540 ds/min), 1,144,827 states left on queue.
Progress(7) at 2026-03-17 05:07:00: 21,008,144 states generated (44,819 s/min), 1,339,535 distinct states found (1,018 ds/min), 1,145,391 states left on queue.
Progress(7) at 2026-03-17 05:08:00: 21,052,772 states generated (44,628 s/min), 1,341,139 distinct states found (1,604 ds/min), 1,146,543 states left on queue.
Progress(7) at 2026-03-17 05:09:00: 21,096,044 states generated (43,272 s/min), 1,342,616 distinct states found (1,477 ds/min), 1,147,580 states left on queue.
Progress(7) at 2026-03-17 05:10:00: 21,139,766 states generated (43,722 s/min), 1,344,032 distinct states found (1,416 ds/min), 1,148,550 states left on queue.
Progress(7) at 2026-03-17 05:11:00: 21,184,053 states generated (44,287 s/min), 1,345,139 distinct states found (1,107 ds/min), 1,149,209 states left on queue.
Progress(8) at 2026-03-17 05:12:00: 21,223,790 states generated (39,737 s/min), 1,347,308 distinct states found (2,169 ds/min), 1,150,947 states left on queue.
Progress(8) at 2026-03-17 05:13:00: 21,265,335 states generated (41,545 s/min), 1,349,222 distinct states found (1,914 ds/min), 1,152,404 states left on queue.
Progress(8) at 2026-03-17 05:14:00: 21,306,397 states generated (41,062 s/min), 1,351,031 distinct states found (1,809 ds/min), 1,153,763 states left on queue.
Progress(8) at 2026-03-17 05:15:00: 21,351,699 states generated (45,302 s/min), 1,352,623 distinct states found (1,592 ds/min), 1,154,872 states left on queue.
Progress(8) at 2026-03-17 05:16:00: 21,391,805 states generated (40,106 s/min), 1,353,683 distinct states found (1,060 ds/min), 1,155,511 states left on queue.
Progress(8) at 2026-03-17 05:17:00: 21,434,915 states generated (43,110 s/min), 1,354,819 distinct states found (1,136 ds/min), 1,156,191 states left on queue.
Progress(8) at 2026-03-17 05:18:00: 21,477,554 states generated (42,639 s/min), 1,355,942 distinct states found (1,123 ds/min), 1,156,865 states left on queue.
Progress(8) at 2026-03-17 05:19:00: 21,522,370 states generated (44,816 s/min), 1,357,123 distinct states found (1,181 ds/min), 1,157,575 states left on queue.
Progress(8) at 2026-03-17 05:20:00: 21,565,728 states generated (43,358 s/min), 1,358,292 distinct states found (1,169 ds/min), 1,158,289 states left on queue.
Progress(8) at 2026-03-17 05:21:00: 21,606,555 states generated (40,827 s/min), 1,359,913 distinct states found (1,621 ds/min), 1,159,466 states left on queue.
Progress(8) at 2026-03-17 05:22:00: 21,646,674 states generated (40,119 s/min), 1,361,698 distinct states found (1,785 ds/min), 1,160,810 states left on queue.
Progress(8) at 2026-03-17 05:23:00: 21,690,613 states generated (43,939 s/min), 1,363,116 distinct states found (1,418 ds/min), 1,161,763 states left on queue.
Progress(8) at 2026-03-17 05:24:00: 21,730,951 states generated (40,338 s/min), 1,364,152 distinct states found (1,036 ds/min), 1,162,376 states left on queue.
Progress(8) at 2026-03-17 05:25:00: 21,776,614 states generated (45,663 s/min), 1,365,358 distinct states found (1,206 ds/min), 1,163,098 states left on queue.
Progress(8) at 2026-03-17 05:26:00: 21,818,673 states generated (42,059 s/min), 1,366,469 distinct states found (1,111 ds/min), 1,163,767 states left on queue.
Progress(8) at 2026-03-17 05:27:00: 21,860,567 states generated (41,894 s/min), 1,367,571 distinct states found (1,102 ds/min), 1,164,429 states left on queue.
Progress(8) at 2026-03-17 05:28:00: 21,902,460 states generated (41,893 s/min), 1,368,751 distinct states found (1,180 ds/min), 1,165,168 states left on queue.
Progress(8) at 2026-03-17 05:29:00: 21,945,259 states generated (42,799 s/min), 1,370,184 distinct states found (1,433 ds/min), 1,166,143 states left on queue.
Progress(8) at 2026-03-17 05:30:00: 21,985,886 states generated (40,627 s/min), 1,371,297 distinct states found (1,113 ds/min), 1,166,831 states left on queue.
Progress(8) at 2026-03-17 05:31:00: 22,027,657 states generated (41,771 s/min), 1,372,396 distinct states found (1,099 ds/min), 1,167,487 states left on queue.
Progress(8) at 2026-03-17 05:32:00: 22,070,060 states generated (42,403 s/min), 1,373,515 distinct states found (1,119 ds/min), 1,168,159 states left on queue.
Progress(8) at 2026-03-17 05:33:00: 22,112,655 states generated (42,595 s/min), 1,374,633 distinct states found (1,118 ds/min), 1,168,830 states left on queue.
Progress(8) at 2026-03-17 05:34:00: 22,155,493 states generated (42,838 s/min), 1,375,756 distinct states found (1,123 ds/min), 1,169,503 states left on queue.
Checkpointing of run states/26-03-16-20-34-44
Checkpointing completed at (2026-03-17 05:35:01)
Progress(8) at 2026-03-17 05:35:01: 22,199,943 states generated (44,450 s/min), 1,377,252 distinct states found (1,496 ds/min), 1,170,523 states left on queue.
Progress(8) at 2026-03-17 05:36:01: 22,243,942 states generated (43,999 s/min), 1,379,380 distinct states found (2,128 ds/min), 1,172,206 states left on queue.
Progress(8) at 2026-03-17 05:37:01: 22,289,577 states generated (45,635 s/min), 1,381,564 distinct states found (2,184 ds/min), 1,173,928 states left on queue.
Progress(8) at 2026-03-17 05:38:01: 22,333,768 states generated (44,191 s/min), 1,383,705 distinct states found (2,141 ds/min), 1,175,622 states left on queue.
Progress(8) at 2026-03-17 05:39:01: 22,376,740 states generated (42,972 s/min), 1,385,812 distinct states found (2,107 ds/min), 1,177,295 states left on queue.
Progress(8) at 2026-03-17 05:40:01: 22,416,375 states generated (39,635 s/min), 1,392,365 distinct states found (6,553 ds/min), 1,183,448 states left on queue.
Progress(8) at 2026-03-17 05:41:01: 22,451,794 states generated (35,419 s/min), 1,401,062 distinct states found (8,697 ds/min), 1,191,788 states left on queue.
Progress(8) at 2026-03-17 05:42:01: 22,494,080 states generated (42,286 s/min), 1,403,352 distinct states found (2,290 ds/min), 1,193,651 states left on queue.
Progress(8) at 2026-03-17 05:43:01: 22,536,089 states generated (42,009 s/min), 1,405,998 distinct states found (2,646 ds/min), 1,195,865 states left on queue.
Progress(8) at 2026-03-17 05:44:01: 22,578,431 states generated (42,342 s/min), 1,408,312 distinct states found (2,314 ds/min), 1,197,742 states left on queue.
Progress(8) at 2026-03-17 05:45:01: 22,620,561 states generated (42,130 s/min), 1,410,943 distinct states found (2,631 ds/min), 1,199,944 states left on queue.
Progress(8) at 2026-03-17 05:46:01: 22,662,096 states generated (41,535 s/min), 1,413,238 distinct states found (2,295 ds/min), 1,201,821 states left on queue.
Progress(8) at 2026-03-17 05:47:01: 22,703,345 states generated (41,249 s/min), 1,415,523 distinct states found (2,285 ds/min), 1,203,691 states left on queue.
Progress(8) at 2026-03-17 05:48:01: 22,744,134 states generated (40,789 s/min), 1,417,797 distinct states found (2,274 ds/min), 1,205,554 states left on queue.
Progress(8) at 2026-03-17 05:49:01: 22,785,390 states generated (41,256 s/min), 1,420,075 distinct states found (2,278 ds/min), 1,207,417 states left on queue.
Progress(8) at 2026-03-17 05:50:01: 22,826,324 states generated (40,934 s/min), 1,422,380 distinct states found (2,305 ds/min), 1,209,310 states left on queue.
Progress(8) at 2026-03-17 05:51:01: 22,868,046 states generated (41,722 s/min), 1,424,979 distinct states found (2,599 ds/min), 1,211,489 states left on queue.
Progress(8) at 2026-03-17 05:52:01: 22,910,784 states generated (42,738 s/min), 1,427,286 distinct states found (2,307 ds/min), 1,213,366 states left on queue.
Progress(8) at 2026-03-17 05:53:01: 22,953,535 states generated (42,751 s/min), 1,428,821 distinct states found (1,535 ds/min), 1,214,448 states left on queue.
Progress(8) at 2026-03-17 05:54:01: 22,996,571 states generated (43,036 s/min), 1,430,067 distinct states found (1,246 ds/min), 1,215,235 states left on queue.
Progress(8) at 2026-03-17 05:55:01: 23,037,143 states generated (40,572 s/min), 1,431,425 distinct states found (1,358 ds/min), 1,216,154 states left on queue.
Progress(8) at 2026-03-17 05:56:01: 23,076,612 states generated (39,469 s/min), 1,433,199 distinct states found (1,774 ds/min), 1,217,494 states left on queue.
Progress(8) at 2026-03-17 05:57:01: 23,119,672 states generated (43,060 s/min), 1,434,548 distinct states found (1,349 ds/min), 1,218,389 states left on queue.
Progress(8) at 2026-03-17 05:58:01: 23,158,852 states generated (39,180 s/min), 1,435,560 distinct states found (1,012 ds/min), 1,218,989 states left on queue.
Progress(8) at 2026-03-17 05:59:01: 23,201,746 states generated (42,894 s/min), 1,436,691 distinct states found (1,131 ds/min), 1,219,666 states left on queue.
Progress(8) at 2026-03-17 06:00:01: 23,243,558 states generated (41,812 s/min), 1,437,788 distinct states found (1,097 ds/min), 1,220,324 states left on queue.
Progress(8) at 2026-03-17 06:01:01: 23,285,853 states generated (42,295 s/min), 1,438,902 distinct states found (1,114 ds/min), 1,220,994 states left on queue.
Progress(8) at 2026-03-17 06:02:01: 23,327,102 states generated (41,249 s/min), 1,440,032 distinct states found (1,130 ds/min), 1,221,690 states left on queue.
Progress(8) at 2026-03-17 06:03:01: 23,368,298 states generated (41,196 s/min), 1,441,424 distinct states found (1,392 ds/min), 1,222,641 states left on queue.
Progress(8) at 2026-03-17 06:04:01: 23,408,847 states generated (40,549 s/min), 1,442,571 distinct states found (1,147 ds/min), 1,223,362 states left on queue.
Checkpointing of run states/26-03-16-20-34-44
Checkpointing completed at (2026-03-17 06:05:01)
Progress(8) at 2026-03-17 06:05:01: 23,447,777 states generated (38,930 s/min), 1,443,592 distinct states found (1,021 ds/min), 1,223,972 states left on queue.
Progress(8) at 2026-03-17 06:06:01: 23,488,221 states generated (40,444 s/min), 1,444,656 distinct states found (1,064 ds/min), 1,224,609 states left on queue.
Progress(8) at 2026-03-17 06:07:01: 23,530,140 states generated (41,919 s/min), 1,445,766 distinct states found (1,110 ds/min), 1,225,278 states left on queue.
Progress(8) at 2026-03-17 06:08:01: 23,572,154 states generated (42,014 s/min), 1,446,869 distinct states found (1,103 ds/min), 1,225,940 states left on queue.
Progress(8) at 2026-03-17 06:09:01: 23,613,676 states generated (41,522 s/min), 1,448,130 distinct states found (1,261 ds/min), 1,226,760 states left on queue.
Progress(8) at 2026-03-17 06:10:01: 23,658,091 states generated (44,415 s/min), 1,449,876 distinct states found (1,746 ds/min), 1,228,047 states left on queue.
Progress(8) at 2026-03-17 06:11:01: 23,703,181 states generated (45,090 s/min), 1,452,031 distinct states found (2,155 ds/min), 1,229,746 states left on queue.
Progress(8) at 2026-03-17 06:12:01: 23,749,234 states generated (46,053 s/min), 1,454,529 distinct states found (2,498 ds/min), 1,231,778 states left on queue.
Progress(8) at 2026-03-17 06:13:01: 23,793,365 states generated (44,131 s/min), 1,456,660 distinct states found (2,131 ds/min), 1,233,463 states left on queue.
Progress(8) at 2026-03-17 06:14:01: 23,835,129 states generated (41,764 s/min), 1,461,014 distinct states found (4,354 ds/min), 1,237,395 states left on queue.
Progress(8) at 2026-03-17 06:15:01: 23,868,173 states generated (33,044 s/min), 1,471,877 distinct states found (10,863 ds/min), 1,247,925 states left on queue.
Progress(8) at 2026-03-17 06:16:01: 23,908,939 states generated (40,766 s/min), 1,474,234 distinct states found (2,357 ds/min), 1,249,868 states left on queue.
Progress(8) at 2026-03-17 06:17:01: 23,949,515 states generated (40,576 s/min), 1,476,519 distinct states found (2,285 ds/min), 1,251,739 states left on queue.
Progress(8) at 2026-03-17 06:18:01: 23,991,652 states generated (42,137 s/min), 1,478,830 distinct states found (2,311 ds/min), 1,253,617 states left on queue.
Progress(8) at 2026-03-17 06:19:01: 24,034,671 states generated (43,019 s/min), 1,481,487 distinct states found (2,657 ds/min), 1,255,832 states left on queue.
Progress(8) at 2026-03-17 06:20:01: 24,076,474 states generated (41,803 s/min), 1,483,778 distinct states found (2,291 ds/min), 1,257,703 states left on queue.
Progress(8) at 2026-03-17 06:21:01: 24,118,410 states generated (41,936 s/min), 1,486,065 distinct states found (2,287 ds/min), 1,259,568 states left on queue.
Progress(8) at 2026-03-17 06:22:01: 24,160,096 states generated (41,686 s/min), 1,488,676 distinct states found (2,611 ds/min), 1,261,759 states left on queue.
Progress(8) at 2026-03-17 06:23:01: 24,201,715 states generated (41,619 s/min), 1,490,980 distinct states found (2,304 ds/min), 1,263,644 states left on queue.
Progress(8) at 2026-03-17 06:24:01: 24,242,699 states generated (40,984 s/min), 1,493,261 distinct states found (2,281 ds/min), 1,265,513 states left on queue.
Progress(8) at 2026-03-17 06:25:01: 24,285,134 states generated (42,435 s/min), 1,495,556 distinct states found (2,295 ds/min), 1,267,381 states left on queue.
Progress(8) at 2026-03-17 06:26:01: 24,329,593 states generated (44,459 s/min), 1,498,216 distinct states found (2,660 ds/min), 1,269,593 states left on queue.
Progress(8) at 2026-03-17 06:27:01: 24,373,061 states generated (43,468 s/min), 1,499,992 distinct states found (1,776 ds/min), 1,270,914 states left on queue.
Progress(8) at 2026-03-17 06:28:01: 24,418,452 states generated (45,391 s/min), 1,501,260 distinct states found (1,268 ds/min), 1,271,698 states left on queue.
Progress(8) at 2026-03-17 06:29:01: 24,462,367 states generated (43,915 s/min), 1,502,503 distinct states found (1,243 ds/min), 1,272,473 states left on queue.
Progress(8) at 2026-03-17 06:30:01: 24,503,518 states generated (41,151 s/min), 1,503,667 distinct states found (1,164 ds/min), 1,273,206 states left on queue.
Progress(8) at 2026-03-17 06:31:01: 24,542,169 states generated (38,651 s/min), 1,504,664 distinct states found (997 ds/min), 1,273,793 states left on queue.
Progress(8) at 2026-03-17 06:32:01: 24,583,088 states generated (40,919 s/min), 1,505,755 distinct states found (1,091 ds/min), 1,274,453 states left on queue.
Progress(8) at 2026-03-17 06:33:01: 24,623,681 states generated (40,593 s/min), 1,506,817 distinct states found (1,062 ds/min), 1,275,089 states left on queue.
Progress(8) at 2026-03-17 06:34:01: 24,665,357 states generated (41,676 s/min), 1,507,915 distinct states found (1,098 ds/min), 1,275,749 states left on queue.
Checkpointing of run states/26-03-16-20-34-44
Checkpointing completed at (2026-03-17 06:35:01)
Progress(8) at 2026-03-17 06:35:01: 24,706,862 states generated (41,505 s/min), 1,509,159 distinct states found (1,244 ds/min), 1,276,553 states left on queue.
Progress(8) at 2026-03-17 06:36:01: 24,749,012 states generated (42,150 s/min), 1,510,910 distinct states found (1,751 ds/min), 1,277,865 states left on queue.
Progress(8) at 2026-03-17 06:37:01: 24,791,629 states generated (42,617 s/min), 1,513,024 distinct states found (2,114 ds/min), 1,279,549 states left on queue.
Progress(8) at 2026-03-17 06:38:01: 24,834,017 states generated (42,388 s/min), 1,515,027 distinct states found (2,003 ds/min), 1,281,123 states left on queue.
Progress(8) at 2026-03-17 06:39:01: 24,876,343 states generated (42,326 s/min), 1,516,903 distinct states found (1,876 ds/min), 1,282,571 states left on queue.
Progress(8) at 2026-03-17 06:40:01: 24,918,222 states generated (41,879 s/min), 1,519,008 distinct states found (2,105 ds/min), 1,284,252 states left on queue.
Progress(8) at 2026-03-17 06:41:01: 24,952,368 states generated (34,146 s/min), 1,528,469 distinct states found (9,461 ds/min), 1,293,370 states left on queue.
Progress(8) at 2026-03-17 06:42:01: 24,989,750 states generated (37,382 s/min), 1,534,462 distinct states found (5,993 ds/min), 1,298,986 states left on queue.
Progress(8) at 2026-03-17 06:43:01: 25,031,995 states generated (42,245 s/min), 1,536,776 distinct states found (2,314 ds/min), 1,300,864 states left on queue.
Progress(8) at 2026-03-17 06:44:01: 25,074,118 states generated (42,123 s/min), 1,539,399 distinct states found (2,623 ds/min), 1,303,056 states left on queue.
Progress(8) at 2026-03-17 06:45:01: 25,115,474 states generated (41,356 s/min), 1,541,711 distinct states found (2,312 ds/min), 1,304,944 states left on queue.
Progress(8) at 2026-03-17 06:46:01: 25,156,378 states generated (40,904 s/min), 1,543,995 distinct states found (2,284 ds/min), 1,306,815 states left on queue.
Progress(8) at 2026-03-17 06:47:01: 25,197,348 states generated (40,970 s/min), 1,546,268 distinct states found (2,273 ds/min), 1,308,676 states left on queue.
Progress(8) at 2026-03-17 06:48:01: 25,238,838 states generated (41,490 s/min), 1,548,549 distinct states found (2,281 ds/min), 1,310,539 states left on queue.
Progress(8) at 2026-03-17 06:49:01: 25,280,975 states generated (42,137 s/min), 1,551,178 distinct states found (2,629 ds/min), 1,312,744 states left on queue.
Progress(8) at 2026-03-17 06:50:01: 25,323,593 states generated (42,618 s/min), 1,553,490 distinct states found (2,312 ds/min), 1,314,627 states left on queue.
Progress(8) at 2026-03-17 06:51:01: 25,364,757 states generated (41,164 s/min), 1,555,766 distinct states found (2,276 ds/min), 1,316,489 states left on queue.
Progress(8) at 2026-03-17 06:52:01: 25,405,619 states generated (40,862 s/min), 1,558,038 distinct states found (2,272 ds/min), 1,318,350 states left on queue.
Progress(8) at 2026-03-17 06:53:01: 25,446,238 states generated (40,619 s/min), 1,560,482 distinct states found (2,444 ds/min), 1,320,381 states left on queue.
Progress(8) at 2026-03-17 06:54:01: 25,488,017 states generated (41,779 s/min), 1,561,652 distinct states found (1,170 ds/min), 1,321,105 states left on queue.
Progress(8) at 2026-03-17 06:55:01: 25,530,773 states generated (42,756 s/min), 1,562,865 distinct states found (1,213 ds/min), 1,321,862 states left on queue.
Progress(8) at 2026-03-17 06:56:01: 25,573,750 states generated (42,977 s/min), 1,564,438 distinct states found (1,573 ds/min), 1,322,991 states left on queue.
Progress(8) at 2026-03-17 06:57:01: 25,616,745 states generated (42,995 s/min), 1,566,569 distinct states found (2,131 ds/min), 1,324,687 states left on queue.
Progress(8) at 2026-03-17 06:58:01: 25,659,731 states generated (42,986 s/min), 1,568,678 distinct states found (2,109 ds/min), 1,326,361 states left on queue.
Progress(8) at 2026-03-17 06:59:01: 25,702,628 states generated (42,897 s/min), 1,570,798 distinct states found (2,120 ds/min), 1,328,047 states left on queue.
Progress(8) at 2026-03-17 07:00:01: 25,744,404 states generated (41,776 s/min), 1,572,554 distinct states found (1,756 ds/min), 1,329,381 states left on queue.
Progress(8) at 2026-03-17 07:01:01: 25,777,090 states generated (32,686 s/min), 1,583,163 distinct states found (10,609 ds/min), 1,339,660 states left on queue.
Progress(8) at 2026-03-17 07:02:01: 25,815,850 states generated (38,760 s/min), 1,588,006 distinct states found (4,843 ds/min), 1,344,113 states left on queue.
Progress(8) at 2026-03-17 07:03:01: 25,857,668 states generated (41,818 s/min), 1,590,635 distinct states found (2,629 ds/min), 1,346,310 states left on queue.
Progress(8) at 2026-03-17 07:04:01: 25,900,364 states generated (42,696 s/min), 1,592,967 distinct states found (2,332 ds/min), 1,348,201 states left on queue.
Checkpointing of run states/26-03-16-20-34-44
Checkpointing completed at (2026-03-17 07:05:05)
Progress(8) at 2026-03-17 07:05:05: 25,943,256 states generated (42,892 s/min), 1,595,597 distinct states found (2,630 ds/min), 1,350,395 states left on queue.
Progress(8) at 2026-03-17 07:06:05: 25,986,003 states generated (42,747 s/min), 1,597,914 distinct states found (2,317 ds/min), 1,352,282 states left on queue.
Progress(8) at 2026-03-17 07:07:05: 26,027,879 states generated (41,876 s/min), 1,600,206 distinct states found (2,292 ds/min), 1,354,153 states left on queue.
Progress(8) at 2026-03-17 07:08:05: 26,069,694 states generated (41,815 s/min), 1,602,613 distinct states found (2,407 ds/min), 1,356,139 states left on queue.
Progress(8) at 2026-03-17 07:09:05: 26,111,047 states generated (41,353 s/min), 1,605,110 distinct states found (2,497 ds/min), 1,358,220 states left on queue.
Progress(8) at 2026-03-17 07:10:05: 26,152,018 states generated (40,971 s/min), 1,607,394 distinct states found (2,284 ds/min), 1,360,092 states left on queue.
Progress(8) at 2026-03-17 07:11:05: 26,192,506 states generated (40,488 s/min), 1,609,668 distinct states found (2,274 ds/min), 1,361,958 states left on queue.
Progress(8) at 2026-03-17 07:12:05: 26,233,055 states generated (40,549 s/min), 1,611,940 distinct states found (2,272 ds/min), 1,363,822 states left on queue.
Progress(8) at 2026-03-17 07:13:05: 26,273,603 states generated (40,548 s/min), 1,614,092 distinct states found (2,152 ds/min), 1,365,558 states left on queue.
Progress(8) at 2026-03-17 07:14:05: 26,314,541 states generated (40,938 s/min), 1,615,222 distinct states found (1,130 ds/min), 1,366,251 states left on queue.
Progress(8) at 2026-03-17 07:15:05: 26,355,788 states generated (41,247 s/min), 1,616,438 distinct states found (1,216 ds/min), 1,367,028 states left on queue.
Progress(8) at 2026-03-17 07:16:05: 26,396,543 states generated (40,755 s/min), 1,620,412 distinct states found (3,974 ds/min), 1,370,601 states left on queue.
Progress(8) at 2026-03-17 07:17:05: 26,440,391 states generated (43,848 s/min), 1,623,563 distinct states found (3,151 ds/min), 1,373,356 states left on queue.
Progress(8) at 2026-03-17 07:18:05: 26,483,795 states generated (43,404 s/min), 1,628,387 distinct states found (4,824 ds/min), 1,377,792 states left on queue.
Progress(8) at 2026-03-17 07:19:05: 26,529,757 states generated (45,962 s/min), 1,633,331 distinct states found (4,944 ds/min), 1,382,312 states left on queue.
Progress(8) at 2026-03-17 07:20:05: 26,572,586 states generated (42,829 s/min), 1,637,522 distinct states found (4,191 ds/min), 1,386,108 states left on queue.
Progress(8) at 2026-03-17 07:21:05: 26,618,680 states generated (46,094 s/min), 1,641,148 distinct states found (3,626 ds/min), 1,389,324 states left on queue.
Progress(8) at 2026-03-17 07:22:05: 26,659,243 states generated (40,563 s/min), 1,645,972 distinct states found (4,824 ds/min), 1,393,778 states left on queue.
Progress(8) at 2026-03-17 07:23:05: 26,700,625 states generated (41,382 s/min), 1,650,544 distinct states found (4,572 ds/min), 1,397,967 states left on queue.
Progress(8) at 2026-03-17 07:24:05: 26,744,562 states generated (43,937 s/min), 1,653,349 distinct states found (2,805 ds/min), 1,400,378 states left on queue.
Progress(8) at 2026-03-17 07:25:05: 26,787,700 states generated (43,138 s/min), 1,658,512 distinct states found (5,163 ds/min), 1,405,152 states left on queue.
Progress(8) at 2026-03-17 07:26:05: 26,830,184 states generated (42,484 s/min), 1,663,217 distinct states found (4,705 ds/min), 1,409,464 states left on queue.
Progress(8) at 2026-03-17 07:27:05: 26,874,790 states generated (44,606 s/min), 1,666,531 distinct states found (3,314 ds/min), 1,412,373 states left on queue.
Progress(8) at 2026-03-17 07:28:05: 26,916,692 states generated (41,902 s/min), 1,671,119 distinct states found (4,588 ds/min), 1,416,588 states left on queue.
Progress(8) at 2026-03-17 07:29:05: 26,957,825 states generated (41,133 s/min), 1,675,724 distinct states found (4,605 ds/min), 1,420,812 states left on queue.
Progress(8) at 2026-03-17 07:30:05: 27,000,250 states generated (42,425 s/min), 1,679,013 distinct states found (3,289 ds/min), 1,423,713 states left on queue.
Progress(8) at 2026-03-17 07:31:05: 27,044,349 states generated (44,099 s/min), 1,683,605 distinct states found (4,592 ds/min), 1,427,915 states left on queue.
Progress(8) at 2026-03-17 07:32:05: 27,088,125 states generated (43,776 s/min), 1,688,410 distinct states found (4,805 ds/min), 1,432,316 states left on queue.
Progress(8) at 2026-03-17 07:33:05: 27,131,089 states generated (42,964 s/min), 1,693,099 distinct states found (4,689 ds/min), 1,436,608 states left on queue.
Progress(8) at 2026-03-17 07:34:05: 27,175,356 states generated (44,267 s/min), 1,695,954 distinct states found (2,855 ds/min), 1,439,067 states left on queue.
Checkpointing of run states/26-03-16-20-34-44
Checkpointing completed at (2026-03-17 07:35:05)
Progress(8) at 2026-03-17 07:35:05: 27,218,716 states generated (43,360 s/min), 1,701,113 distinct states found (5,159 ds/min), 1,443,834 states left on queue.
Progress(8) at 2026-03-17 07:36:05: 27,262,166 states generated (43,450 s/min), 1,705,889 distinct states found (4,776 ds/min), 1,448,209 states left on queue.
Progress(8) at 2026-03-17 07:37:05: 27,305,394 states generated (43,228 s/min), 1,708,804 distinct states found (2,915 ds/min), 1,450,731 states left on queue.
Progress(8) at 2026-03-17 07:38:05: 27,348,899 states generated (43,505 s/min), 1,713,800 distinct states found (4,996 ds/min), 1,455,340 states left on queue.
Progress(8) at 2026-03-17 07:39:05: 27,390,050 states generated (41,151 s/min), 1,718,405 distinct states found (4,605 ds/min), 1,459,564 states left on queue.
Progress(8) at 2026-03-17 07:40:05: 27,431,385 states generated (41,335 s/min), 1,721,622 distinct states found (3,217 ds/min), 1,462,402 states left on queue.
Progress(8) at 2026-03-17 07:41:05: 27,473,267 states generated (41,882 s/min), 1,726,054 distinct states found (4,432 ds/min), 1,466,464 states left on queue.
Progress(8) at 2026-03-17 07:42:05: 27,514,380 states generated (41,113 s/min), 1,730,659 distinct states found (4,605 ds/min), 1,470,688 states left on queue.
Progress(8) at 2026-03-17 07:43:05: 27,557,622 states generated (43,242 s/min), 1,734,482 distinct states found (3,823 ds/min), 1,474,113 states left on queue.
Progress(8) at 2026-03-17 07:44:05: 27,602,921 states generated (45,299 s/min), 1,738,516 distinct states found (4,034 ds/min), 1,477,745 states left on queue.
Progress(8) at 2026-03-17 07:45:05: 27,643,999 states generated (41,078 s/min), 1,743,309 distinct states found (4,793 ds/min), 1,482,162 states left on queue.
Progress(8) at 2026-03-17 07:46:05: 27,685,441 states generated (41,442 s/min), 1,747,877 distinct states found (4,568 ds/min), 1,486,347 states left on queue.
Progress(8) at 2026-03-17 07:47:05: 27,730,414 states generated (44,973 s/min), 1,750,846 distinct states found (2,969 ds/min), 1,488,912 states left on queue.
Progress(8) at 2026-03-17 07:48:05: 27,772,991 states generated (42,577 s/min), 1,755,888 distinct states found (5,042 ds/min), 1,493,570 states left on queue.
Progress(8) at 2026-03-17 07:49:05: 27,815,151 states generated (42,160 s/min), 1,760,566 distinct states found (4,678 ds/min), 1,497,858 states left on queue.
Progress(8) at 2026-03-17 07:50:05: 27,857,133 states generated (41,982 s/min), 1,767,484 distinct states found (6,918 ds/min), 1,504,402 states left on queue.
Progress(8) at 2026-03-17 07:51:05: 27,899,648 states generated (42,515 s/min), 1,771,248 distinct states found (3,764 ds/min), 1,507,797 states left on queue.
Progress(8) at 2026-03-17 07:52:05: 27,941,294 states generated (41,646 s/min), 1,774,606 distinct states found (3,358 ds/min), 1,510,793 states left on queue.
Progress(8) at 2026-03-17 07:53:05: 27,983,969 states generated (42,675 s/min), 1,778,767 distinct states found (4,161 ds/min), 1,514,582 states left on queue.
Progress(8) at 2026-03-17 07:54:05: 28,024,986 states generated (41,017 s/min), 1,782,061 distinct states found (3,294 ds/min), 1,517,520 states left on queue.
Progress(8) at 2026-03-17 07:55:05: 28,066,316 states generated (41,330 s/min), 1,785,735 distinct states found (3,674 ds/min), 1,520,834 states left on queue.
Progress(8) at 2026-03-17 07:56:05: 28,107,943 states generated (41,627 s/min), 1,788,823 distinct states found (3,088 ds/min), 1,523,561 states left on queue.
Progress(8) at 2026-03-17 07:57:05: 28,149,589 states generated (41,646 s/min), 1,792,213 distinct states found (3,390 ds/min), 1,526,589 states left on queue.
Progress(8) at 2026-03-17 07:58:05: 28,189,011 states generated (39,422 s/min), 1,798,379 distinct states found (6,166 ds/min), 1,532,407 states left on queue.
Progress(8) at 2026-03-17 07:59:05: 28,229,095 states generated (40,084 s/min), 1,802,156 distinct states found (3,777 ds/min), 1,535,835 states left on queue.
Progress(8) at 2026-03-17 08:00:05: 28,268,849 states generated (39,754 s/min), 1,805,733 distinct states found (3,577 ds/min), 1,539,066 states left on queue.
Progress(8) at 2026-03-17 08:01:05: 28,309,753 states generated (40,904 s/min), 1,808,767 distinct states found (3,034 ds/min), 1,541,745 states left on queue.
Progress(8) at 2026-03-17 08:02:05: 28,349,462 states generated (39,709 s/min), 1,812,955 distinct states found (4,188 ds/min), 1,545,587 states left on queue.
Progress(8) at 2026-03-17 08:03:05: 28,389,881 states generated (40,419 s/min), 1,815,974 distinct states found (3,019 ds/min), 1,548,255 states left on queue.
Progress(8) at 2026-03-17 08:04:05: 28,429,756 states generated (39,875 s/min), 1,819,566 distinct states found (3,592 ds/min), 1,551,500 states left on queue.
Checkpointing of run states/26-03-16-20-34-44
Checkpointing completed at (2026-03-17 08:05:06)
Progress(8) at 2026-03-17 08:05:06: 28,470,707 states generated (40,951 s/min), 1,822,825 distinct states found (3,259 ds/min), 1,554,404 states left on queue.
Progress(8) at 2026-03-17 08:06:06: 28,511,377 states generated (40,670 s/min), 1,825,839 distinct states found (3,014 ds/min), 1,557,065 states left on queue.
Progress(8) at 2026-03-17 08:07:06: 28,547,876 states generated (36,499 s/min), 1,832,620 distinct states found (6,781 ds/min), 1,563,521 states left on queue.
Progress(8) at 2026-03-17 08:08:06: 28,586,089 states generated (38,213 s/min), 1,835,904 distinct states found (3,284 ds/min), 1,566,473 states left on queue.
Progress(8) at 2026-03-17 08:09:06: 28,624,869 states generated (38,780 s/min), 1,839,006 distinct states found (3,102 ds/min), 1,569,238 states left on queue.
Progress(8) at 2026-03-17 08:10:06: 28,663,489 states generated (38,620 s/min), 1,842,874 distinct states found (3,868 ds/min), 1,572,770 states left on queue.
Progress(8) at 2026-03-17 08:11:06: 28,702,683 states generated (39,194 s/min), 1,846,008 distinct states found (3,134 ds/min), 1,575,564 states left on queue.
Progress(8) at 2026-03-17 08:12:06: 28,742,242 states generated (39,559 s/min), 1,849,541 distinct states found (3,533 ds/min), 1,578,752 states left on queue.
Progress(8) at 2026-03-17 08:13:06: 28,782,407 states generated (40,165 s/min), 1,852,746 distinct states found (3,205 ds/min), 1,581,609 states left on queue.
Progress(8) at 2026-03-17 08:14:06: 28,823,581 states generated (41,174 s/min), 1,855,871 distinct states found (3,125 ds/min), 1,584,376 states left on queue.
Progress(8) at 2026-03-17 08:15:06: 28,861,658 states generated (38,077 s/min), 1,862,415 distinct states found (6,544 ds/min), 1,590,582 states left on queue.
Progress(8) at 2026-03-17 08:16:06: 28,901,848 states generated (40,190 s/min), 1,865,733 distinct states found (3,318 ds/min), 1,593,550 states left on queue.
Progress(8) at 2026-03-17 08:17:06: 28,943,110 states generated (41,262 s/min), 1,869,413 distinct states found (3,680 ds/min), 1,596,872 states left on queue.
Progress(8) at 2026-03-17 08:18:06: 28,983,321 states generated (40,211 s/min), 1,872,375 distinct states found (2,962 ds/min), 1,599,486 states left on queue.
Progress(8) at 2026-03-17 08:19:06: 29,021,438 states generated (38,117 s/min), 1,876,457 distinct states found (4,082 ds/min), 1,603,235 states left on queue.
Progress(8) at 2026-03-17 08:20:06: 29,060,935 states generated (39,497 s/min), 1,879,410 distinct states found (2,953 ds/min), 1,605,845 states left on queue.
Progress(8) at 2026-03-17 08:21:06: 29,100,434 states generated (39,499 s/min), 1,882,975 distinct states found (3,565 ds/min), 1,609,067 states left on queue.
Progress(8) at 2026-03-17 08:22:06: 29,139,715 states generated (39,281 s/min), 1,886,108 distinct states found (3,133 ds/min), 1,611,859 states left on queue.
Progress(8) at 2026-03-17 08:23:06: 29,180,459 states generated (40,744 s/min), 1,889,123 distinct states found (3,015 ds/min), 1,614,520 states left on queue.
Progress(8) at 2026-03-17 08:24:06: 29,215,637 states generated (35,178 s/min), 1,895,773 distinct states found (6,650 ds/min), 1,620,857 states left on queue.
Progress(8) at 2026-03-17 08:25:06: 29,253,399 states generated (37,762 s/min), 1,899,042 distinct states found (3,269 ds/min), 1,623,798 states left on queue.
Progress(8) at 2026-03-17 08:26:06: 29,291,362 states generated (37,963 s/min), 1,902,077 distinct states found (3,035 ds/min), 1,626,503 states left on queue.
Progress(8) at 2026-03-17 08:27:06: 29,329,697 states generated (38,335 s/min), 1,905,906 distinct states found (3,829 ds/min), 1,629,998 states left on queue.
Progress(8) at 2026-03-17 08:28:06: 29,367,603 states generated (37,906 s/min), 1,908,965 distinct states found (3,059 ds/min), 1,632,728 states left on queue.
Progress(8) at 2026-03-17 08:29:06: 29,405,895 states generated (38,292 s/min), 1,912,393 distinct states found (3,428 ds/min), 1,635,823 states left on queue.
Progress(8) at 2026-03-17 08:30:06: 29,444,303 states generated (38,408 s/min), 1,915,279 distinct states found (2,886 ds/min), 1,638,375 states left on queue.
Progress(8) at 2026-03-17 08:31:06: 29,482,775 states generated (38,472 s/min), 1,918,363 distinct states found (3,084 ds/min), 1,641,125 states left on queue.
Progress(8) at 2026-03-17 08:32:06: 29,522,600 states generated (39,825 s/min), 1,921,310 distinct states found (2,947 ds/min), 1,643,727 states left on queue.
Progress(8) at 2026-03-17 08:33:06: 29,563,890 states generated (41,290 s/min), 1,926,050 distinct states found (4,740 ds/min), 1,648,092 states left on queue.
Progress(8) at 2026-03-17 08:34:06: 29,606,426 states generated (42,536 s/min), 1,930,886 distinct states found (4,836 ds/min), 1,652,541 states left on queue.
Checkpointing of run states/26-03-16-20-34-44
Checkpointing completed at (2026-03-17 08:35:06)
Progress(8) at 2026-03-17 08:35:06: 29,648,445 states generated (42,019 s/min), 1,935,641 distinct states found (4,755 ds/min), 1,656,914 states left on queue.
Progress(8) at 2026-03-17 08:36:06: 29,692,757 states generated (44,312 s/min), 1,938,969 distinct states found (3,328 ds/min), 1,659,843 states left on queue.
Progress(8) at 2026-03-17 08:37:06: 29,734,768 states generated (42,011 s/min), 1,943,710 distinct states found (4,741 ds/min), 1,664,210 states left on queue.
Progress(8) at 2026-03-17 08:38:06: 29,775,430 states generated (40,662 s/min), 1,948,392 distinct states found (4,682 ds/min), 1,668,519 states left on queue.
Progress(8) at 2026-03-17 08:39:06: 29,816,672 states generated (41,242 s/min), 1,953,122 distinct states found (4,730 ds/min), 1,672,870 states left on queue.
Progress(8) at 2026-03-17 08:40:06: 29,858,855 states generated (42,183 s/min), 1,957,874 distinct states found (4,752 ds/min), 1,677,236 states left on queue.
Progress(8) at 2026-03-17 08:41:06: 29,901,861 states generated (43,006 s/min), 1,961,111 distinct states found (3,237 ds/min), 1,680,082 states left on queue.
Progress(8) at 2026-03-17 08:42:06: 29,945,548 states generated (43,687 s/min), 1,965,937 distinct states found (4,826 ds/min), 1,684,518 states left on queue.
Progress(8) at 2026-03-17 08:43:06: 29,988,116 states generated (42,568 s/min), 1,970,774 distinct states found (4,837 ds/min), 1,688,966 states left on queue.
Progress(8) at 2026-03-17 08:44:06: 30,030,322 states generated (42,206 s/min), 1,975,567 distinct states found (4,793 ds/min), 1,693,372 states left on queue.
Progress(8) at 2026-03-17 08:45:06: 30,071,563 states generated (41,241 s/min), 1,980,290 distinct states found (4,723 ds/min), 1,697,716 states left on queue.
Progress(8) at 2026-03-17 08:46:06: 30,114,644 states generated (43,081 s/min), 1,985,067 distinct states found (4,777 ds/min), 1,702,099 states left on queue.
Progress(8) at 2026-03-17 08:47:06: 30,158,250 states generated (43,606 s/min), 1,988,374 distinct states found (3,307 ds/min), 1,705,017 states left on queue.
Progress(8) at 2026-03-17 08:48:06: 30,201,179 states generated (42,929 s/min), 1,993,205 distinct states found (4,831 ds/min), 1,709,458 states left on queue.
Progress(8) at 2026-03-17 08:49:06: 30,242,876 states generated (41,697 s/min), 1,997,959 distinct states found (4,754 ds/min), 1,713,830 states left on queue.
Progress(8) at 2026-03-17 08:50:06: 30,283,075 states generated (40,199 s/min), 2,002,605 distinct states found (4,646 ds/min), 1,718,106 states left on queue.
Progress(8) at 2026-03-17 08:51:06: 30,324,861 states generated (41,786 s/min), 2,007,289 distinct states found (4,684 ds/min), 1,722,407 states left on queue.
Progress(8) at 2026-03-17 08:52:06: 30,369,128 states generated (44,267 s/min), 2,010,518 distinct states found (3,229 ds/min), 1,725,239 states left on queue.
Progress(8) at 2026-03-17 08:53:06: 30,411,247 states generated (42,119 s/min), 2,015,394 distinct states found (4,876 ds/min), 1,729,735 states left on queue.
Progress(8) at 2026-03-17 08:54:06: 30,452,785 states generated (41,538 s/min), 2,020,143 distinct states found (4,749 ds/min), 1,734,103 states left on queue.
Progress(8) at 2026-03-17 08:55:06: 30,494,547 states generated (41,762 s/min), 2,024,905 distinct states found (4,762 ds/min), 1,738,482 states left on queue.
Progress(8) at 2026-03-17 08:56:06: 30,536,846 states generated (42,299 s/min), 2,029,658 distinct states found (4,753 ds/min), 1,742,847 states left on queue.
Progress(8) at 2026-03-17 08:57:06: 30,579,969 states generated (43,123 s/min), 2,033,150 distinct states found (3,492 ds/min), 1,745,953 states left on queue.
Progress(8) at 2026-03-17 08:58:06: 30,622,658 states generated (42,689 s/min), 2,037,699 distinct states found (4,549 ds/min), 1,750,120 states left on queue.
Progress(8) at 2026-03-17 08:59:06: 30,664,830 states generated (42,172 s/min), 2,042,510 distinct states found (4,811 ds/min), 1,754,548 states left on queue.
Progress(8) at 2026-03-17 09:00:06: 30,706,818 states generated (41,988 s/min), 2,047,305 distinct states found (4,795 ds/min), 1,758,962 states left on queue.
Progress(8) at 2026-03-17 09:01:06: 30,748,805 states generated (41,987 s/min), 2,052,063 distinct states found (4,758 ds/min), 1,763,339 states left on queue.
Progress(8) at 2026-03-17 09:02:06: 30,792,049 states generated (43,244 s/min), 2,055,613 distinct states found (3,550 ds/min), 1,766,501 states left on queue.
Progress(8) at 2026-03-17 09:03:06: 30,835,034 states generated (42,985 s/min), 2,060,127 distinct states found (4,514 ds/min), 1,770,631 states left on queue.
Progress(8) at 2026-03-17 09:04:06: 30,876,792 states generated (41,758 s/min), 2,064,906 distinct states found (4,779 ds/min), 1,775,031 states left on queue.
Checkpointing of run states/26-03-16-20-34-44
Checkpointing completed at (2026-03-17 09:05:09)
Progress(8) at 2026-03-17 09:05:09: 30,919,175 states generated (42,383 s/min), 2,069,729 distinct states found (4,823 ds/min), 1,779,470 states left on queue.
Progress(8) at 2026-03-17 09:06:09: 30,960,327 states generated (41,152 s/min), 2,074,432 distinct states found (4,703 ds/min), 1,783,799 states left on queue.
Progress(8) at 2026-03-17 09:07:09: 31,002,318 states generated (41,991 s/min), 2,077,924 distinct states found (3,492 ds/min), 1,786,914 states left on queue.
Progress(8) at 2026-03-17 09:08:09: 31,043,979 states generated (41,661 s/min), 2,082,308 distinct states found (4,384 ds/min), 1,790,926 states left on queue.
Progress(8) at 2026-03-17 09:09:09: 31,085,490 states generated (41,511 s/min), 2,087,073 distinct states found (4,765 ds/min), 1,795,314 states left on queue.
Progress(8) at 2026-03-17 09:10:09: 31,126,075 states generated (40,585 s/min), 2,091,772 distinct states found (4,699 ds/min), 1,799,644 states left on queue.
Progress(8) at 2026-03-17 09:11:09: 31,167,363 states generated (41,288 s/min), 2,096,439 distinct states found (4,667 ds/min), 1,803,936 states left on queue.
Progress(8) at 2026-03-17 09:12:09: 31,209,503 states generated (42,140 s/min), 2,099,602 distinct states found (3,163 ds/min), 1,806,724 states left on queue.
Progress(8) at 2026-03-17 09:13:09: 31,250,138 states generated (40,635 s/min), 2,104,287 distinct states found (4,685 ds/min), 1,811,043 states left on queue.
Progress(8) at 2026-03-17 09:14:09: 31,291,032 states generated (40,894 s/min), 2,108,994 distinct states found (4,707 ds/min), 1,815,378 states left on queue.
Progress(8) at 2026-03-17 09:15:09: 31,332,335 states generated (41,303 s/min), 2,113,730 distinct states found (4,736 ds/min), 1,819,739 states left on queue.
Progress(8) at 2026-03-17 09:16:09: 31,373,904 states generated (41,569 s/min), 2,117,356 distinct states found (3,626 ds/min), 1,822,990 states left on queue.
Progress(8) at 2026-03-17 09:17:09: 31,415,605 states generated (41,701 s/min), 2,121,550 distinct states found (4,194 ds/min), 1,826,814 states left on queue.
Progress(8) at 2026-03-17 09:18:09: 31,456,168 states generated (40,563 s/min), 2,126,252 distinct states found (4,702 ds/min), 1,831,147 states left on queue.
Progress(8) at 2026-03-17 09:19:09: 31,498,772 states generated (42,604 s/min), 2,131,092 distinct states found (4,840 ds/min), 1,835,600 states left on queue.
Progress(8) at 2026-03-17 09:20:09: 31,540,889 states generated (42,117 s/min), 2,135,868 distinct states found (4,776 ds/min), 1,839,994 states left on queue.
Progress(8) at 2026-03-17 09:21:09: 31,584,913 states generated (44,024 s/min), 2,139,682 distinct states found (3,814 ds/min), 1,843,411 states left on queue.
Progress(8) at 2026-03-17 09:22:09: 31,628,316 states generated (43,403 s/min), 2,143,952 distinct states found (4,270 ds/min), 1,847,295 states left on queue.
Progress(8) at 2026-03-17 09:23:09: 31,671,183 states generated (42,867 s/min), 2,148,872 distinct states found (4,920 ds/min), 1,851,827 states left on queue.
Progress(8) at 2026-03-17 09:24:09: 31,713,348 states generated (42,165 s/min), 2,153,678 distinct states found (4,806 ds/min), 1,856,250 states left on queue.
Progress(8) at 2026-03-17 09:25:09: 31,755,270 states generated (41,922 s/min), 2,158,459 distinct states found (4,781 ds/min), 1,860,651 states left on queue.
Progress(8) at 2026-03-17 09:26:09: 31,798,982 states generated (43,712 s/min), 2,163,311 distinct states found (4,852 ds/min), 1,865,106 states left on queue.
Progress(8) at 2026-03-17 09:27:09: 31,843,326 states generated (44,344 s/min), 2,166,588 distinct states found (3,277 ds/min), 1,867,988 states left on queue.
Progress(8) at 2026-03-17 09:28:09: 31,887,704 states generated (44,378 s/min), 2,171,606 distinct states found (5,018 ds/min), 1,872,608 states left on queue.
Progress(8) at 2026-03-17 09:29:09: 31,930,121 states generated (42,417 s/min), 2,176,433 distinct states found (4,827 ds/min), 1,877,050 states left on queue.
Progress(8) at 2026-03-17 09:30:09: 31,972,119 states generated (41,998 s/min), 2,181,236 distinct states found (4,803 ds/min), 1,881,471 states left on queue.
Progress(8) at 2026-03-17 09:31:09: 32,014,239 states generated (42,120 s/min), 2,185,998 distinct states found (4,762 ds/min), 1,885,851 states left on queue.
Progress(8) at 2026-03-17 09:32:09: 32,057,516 states generated (43,277 s/min), 2,189,553 distinct states found (3,555 ds/min), 1,889,017 states left on queue.
Progress(8) at 2026-03-17 09:33:09: 32,100,373 states generated (42,857 s/min), 2,194,058 distinct states found (4,505 ds/min), 1,893,140 states left on queue.
Progress(8) at 2026-03-17 09:34:09: 32,142,232 states generated (41,859 s/min), 2,198,845 distinct states found (4,787 ds/min), 1,897,547 states left on queue.
Checkpointing of run states/26-03-16-20-34-44
Checkpointing completed at (2026-03-17 09:35:11)
Progress(8) at 2026-03-17 09:35:11: 32,186,940 states generated (44,708 s/min), 2,203,829 distinct states found (4,984 ds/min), 1,902,126 states left on queue.
Progress(8) at 2026-03-17 09:36:11: 32,230,331 states generated (43,391 s/min), 2,208,731 distinct states found (4,902 ds/min), 1,906,634 states left on queue.
Progress(8) at 2026-03-17 09:37:11: 32,272,004 states generated (41,673 s/min), 2,212,838 distinct states found (4,107 ds/min), 1,910,363 states left on queue.
Progress(8) at 2026-03-17 09:38:11: 32,315,562 states generated (43,558 s/min), 2,216,793 distinct states found (3,955 ds/min), 1,913,931 states left on queue.
Progress(8) at 2026-03-17 09:39:11: 32,358,579 states generated (43,017 s/min), 2,221,577 distinct states found (4,784 ds/min), 1,918,327 states left on queue.
Progress(8) at 2026-03-17 09:40:11: 32,399,983 states generated (41,404 s/min), 2,226,321 distinct states found (4,744 ds/min), 1,922,695 states left on queue.
Progress(8) at 2026-03-17 09:41:11: 32,441,800 states generated (41,817 s/min), 2,231,095 distinct states found (4,774 ds/min), 1,927,090 states left on queue.
Progress(8) at 2026-03-17 09:42:11: 32,483,647 states generated (41,847 s/min), 2,235,785 distinct states found (4,690 ds/min), 1,931,399 states left on queue.
Progress(8) at 2026-03-17 09:43:11: 32,526,670 states generated (43,023 s/min), 2,239,119 distinct states found (3,334 ds/min), 1,934,352 states left on queue.
Progress(8) at 2026-03-17 09:44:11: 32,569,437 states generated (42,767 s/min), 2,243,893 distinct states found (4,774 ds/min), 1,938,740 states left on queue.
Progress(8) at 2026-03-17 09:45:11: 32,612,401 states generated (42,964 s/min), 2,248,762 distinct states found (4,869 ds/min), 1,943,219 states left on queue.
Progress(8) at 2026-03-17 09:46:11: 32,654,701 states generated (42,300 s/min), 2,253,577 distinct states found (4,815 ds/min), 1,947,650 states left on queue.
Progress(8) at 2026-03-17 09:47:11: 32,698,931 states generated (44,230 s/min), 2,256,034 distinct states found (2,457 ds/min), 1,949,690 states left on queue.
Progress(8) at 2026-03-17 09:48:11: 32,743,097 states generated (44,166 s/min), 2,257,545 distinct states found (1,511 ds/min), 1,950,734 states left on queue.
Progress(8) at 2026-03-17 09:49:11: 32,787,716 states generated (44,619 s/min), 2,258,908 distinct states found (1,363 ds/min), 1,951,624 states left on queue.
Progress(8) at 2026-03-17 09:50:11: 32,833,379 states generated (45,663 s/min), 2,260,045 distinct states found (1,137 ds/min), 1,952,281 states left on queue.
Progress(8) at 2026-03-17 09:51:11: 32,878,270 states generated (44,891 s/min), 2,261,597 distinct states found (1,552 ds/min), 1,953,360 states left on queue.
Progress(8) at 2026-03-17 09:52:11: 32,922,042 states generated (43,772 s/min), 2,263,072 distinct states found (1,475 ds/min), 1,954,374 states left on queue.
Progress(8) at 2026-03-17 09:53:11: 32,965,896 states generated (43,854 s/min), 2,264,491 distinct states found (1,419 ds/min), 1,955,330 states left on queue.
Progress(8) at 2026-03-17 09:54:11: 33,008,223 states generated (42,327 s/min), 2,266,008 distinct states found (1,517 ds/min), 1,956,394 states left on queue.
Progress(8) at 2026-03-17 09:55:11: 33,044,858 states generated (36,635 s/min), 2,267,623 distinct states found (1,615 ds/min), 1,957,607 states left on queue.
Progress(8) at 2026-03-17 09:56:11: 33,086,172 states generated (41,314 s/min), 2,269,102 distinct states found (1,479 ds/min), 1,958,645 states left on queue.
Progress(8) at 2026-03-17 09:57:11: 33,126,811 states generated (40,639 s/min), 2,270,188 distinct states found (1,086 ds/min), 1,959,303 states left on queue.
Progress(8) at 2026-03-17 09:58:11: 33,169,619 states generated (42,808 s/min), 2,271,319 distinct states found (1,131 ds/min), 1,959,983 states left on queue.
Progress(8) at 2026-03-17 09:59:11: 33,211,009 states generated (41,390 s/min), 2,272,398 distinct states found (1,079 ds/min), 1,960,625 states left on queue.
Progress(8) at 2026-03-17 10:00:11: 33,252,125 states generated (41,116 s/min), 2,273,490 distinct states found (1,092 ds/min), 1,961,286 states left on queue.
Progress(8) at 2026-03-17 10:01:11: 33,293,046 states generated (40,921 s/min), 2,274,557 distinct states found (1,067 ds/min), 1,961,923 states left on queue.
Progress(8) at 2026-03-17 10:02:11: 33,333,490 states generated (40,444 s/min), 2,275,962 distinct states found (1,405 ds/min), 1,962,894 states left on queue.
Progress(8) at 2026-03-17 10:03:11: 33,375,233 states generated (41,743 s/min), 2,277,193 distinct states found (1,231 ds/min), 1,963,686 states left on queue.
Progress(8) at 2026-03-17 10:04:11: 33,413,847 states generated (38,614 s/min), 2,278,178 distinct states found (985 ds/min), 1,964,264 states left on queue.
Checkpointing of run states/26-03-16-20-34-44
Checkpointing completed at (2026-03-17 10:05:13)
Progress(8) at 2026-03-17 10:05:13: 33,458,231 states generated (44,384 s/min), 2,279,349 distinct states found (1,171 ds/min), 1,964,966 states left on queue.
Progress(8) at 2026-03-17 10:06:13: 33,499,561 states generated (41,330 s/min), 2,280,435 distinct states found (1,086 ds/min), 1,965,618 states left on queue.
Progress(8) at 2026-03-17 10:07:13: 33,541,973 states generated (42,412 s/min), 2,281,549 distinct states found (1,114 ds/min), 1,966,287 states left on queue.
Progress(8) at 2026-03-17 10:08:13: 33,585,941 states generated (43,968 s/min), 2,282,801 distinct states found (1,252 ds/min), 1,967,074 states left on queue.
Progress(8) at 2026-03-17 10:09:13: 33,630,479 states generated (44,538 s/min), 2,284,674 distinct states found (1,873 ds/min), 1,968,482 states left on queue.
Progress(8) at 2026-03-17 10:10:13: 33,674,348 states generated (43,869 s/min), 2,286,814 distinct states found (2,140 ds/min), 1,970,178 states left on queue.
Progress(8) at 2026-03-17 10:11:13: 33,716,129 states generated (41,781 s/min), 2,288,882 distinct states found (2,068 ds/min), 1,971,824 states left on queue.
Progress(8) at 2026-03-17 10:12:13: 33,757,597 states generated (41,468 s/min), 2,290,668 distinct states found (1,786 ds/min), 1,973,191 states left on queue.
Progress(8) at 2026-03-17 10:13:13: 33,799,181 states generated (41,584 s/min), 2,292,772 distinct states found (2,104 ds/min), 1,974,874 states left on queue.
Progress(8) at 2026-03-17 10:14:13: 33,833,432 states generated (34,251 s/min), 2,301,612 distinct states found (8,840 ds/min), 1,983,369 states left on queue.
Progress(8) at 2026-03-17 10:15:13: 33,869,467 states generated (36,035 s/min), 2,308,053 distinct states found (6,441 ds/min), 1,989,440 states left on queue.
Progress(8) at 2026-03-17 10:16:13: 33,910,689 states generated (41,222 s/min), 2,310,503 distinct states found (2,450 ds/min), 1,991,473 states left on queue.
Progress(8) at 2026-03-17 10:17:13: 33,955,215 states generated (44,526 s/min), 2,312,835 distinct states found (2,332 ds/min), 1,993,352 states left on queue.
Progress(8) at 2026-03-17 10:18:13: 33,999,783 states generated (44,568 s/min), 2,315,525 distinct states found (2,690 ds/min), 1,995,582 states left on queue.
Progress(8) at 2026-03-17 10:19:13: 34,042,232 states generated (42,449 s/min), 2,317,991 distinct states found (2,466 ds/min), 1,997,619 states left on queue.
Progress(8) at 2026-03-17 10:20:13: 34,084,908 states generated (42,676 s/min), 2,320,461 distinct states found (2,470 ds/min), 1,999,660 states left on queue.
Progress(8) at 2026-03-17 10:21:13: 34,128,871 states generated (43,963 s/min), 2,322,779 distinct states found (2,318 ds/min), 2,001,536 states left on queue.
Progress(8) at 2026-03-17 10:22:13: 34,171,564 states generated (42,693 s/min), 2,325,422 distinct states found (2,643 ds/min), 2,003,749 states left on queue.
Progress(8) at 2026-03-17 10:23:13: 34,214,661 states generated (43,097 s/min), 2,327,733 distinct states found (2,311 ds/min), 2,005,626 states left on queue.
Progress(8) at 2026-03-17 10:24:13: 34,257,080 states generated (42,419 s/min), 2,330,344 distinct states found (2,611 ds/min), 2,007,810 states left on queue.
Progress(8) at 2026-03-17 10:25:13: 34,299,915 states generated (42,835 s/min), 2,332,670 distinct states found (2,326 ds/min), 2,009,705 states left on queue.
Progress(8) at 2026-03-17 10:26:13: 34,343,145 states generated (43,230 s/min), 2,334,671 distinct states found (2,001 ds/min), 2,011,257 states left on queue.
Progress(8) at 2026-03-17 10:27:13: 34,387,614 states generated (44,469 s/min), 2,335,934 distinct states found (1,263 ds/min), 2,012,047 states left on queue.
Progress(8) at 2026-03-17 10:28:13: 34,433,178 states generated (45,564 s/min), 2,337,192 distinct states found (1,258 ds/min), 2,012,819 states left on queue.
Progress(8) at 2026-03-17 10:29:13: 34,475,321 states generated (42,143 s/min), 2,338,415 distinct states found (1,223 ds/min), 2,013,599 states left on queue.
Progress(8) at 2026-03-17 10:30:13: 34,515,811 states generated (40,490 s/min), 2,339,457 distinct states found (1,042 ds/min), 2,014,214 states left on queue.
Progress(8) at 2026-03-17 10:31:13: 34,558,533 states generated (42,722 s/min), 2,340,582 distinct states found (1,125 ds/min), 2,014,888 states left on queue.
Progress(8) at 2026-03-17 10:32:13: 34,600,281 states generated (41,748 s/min), 2,341,676 distinct states found (1,094 ds/min), 2,015,543 states left on queue.
Progress(8) at 2026-03-17 10:33:13: 34,642,472 states generated (42,191 s/min), 2,342,781 distinct states found (1,105 ds/min), 2,016,205 states left on queue.
Progress(8) at 2026-03-17 10:34:13: 34,683,999 states generated (41,527 s/min), 2,344,021 distinct states found (1,240 ds/min), 2,017,006 states left on queue.
Checkpointing of run states/26-03-16-20-34-44
Checkpointing completed at (2026-03-17 10:35:13)
Progress(8) at 2026-03-17 10:35:13: 34,726,998 states generated (42,999 s/min), 2,345,807 distinct states found (1,786 ds/min), 2,018,343 states left on queue.
Progress(8) at 2026-03-17 10:36:13: 34,771,043 states generated (44,045 s/min), 2,347,942 distinct states found (2,135 ds/min), 2,020,033 states left on queue.
Progress(8) at 2026-03-17 10:37:13: 34,815,174 states generated (44,131 s/min), 2,350,086 distinct states found (2,144 ds/min), 2,021,730 states left on queue.
Progress(8) at 2026-03-17 10:38:13: 34,859,960 states generated (44,786 s/min), 2,352,242 distinct states found (2,156 ds/min), 2,023,433 states left on queue.
Progress(8) at 2026-03-17 10:39:13: 34,904,550 states generated (44,590 s/min), 2,354,533 distinct states found (2,291 ds/min), 2,025,275 states left on queue.
Progress(8) at 2026-03-17 10:40:13: 34,938,907 states generated (34,357 s/min), 2,366,128 distinct states found (11,595 ds/min), 2,036,524 states left on queue.
Progress(8) at 2026-03-17 10:41:13: 34,980,078 states generated (41,171 s/min), 2,369,888 distinct states found (3,760 ds/min), 2,039,861 states left on queue.
Progress(8) at 2026-03-17 10:42:13: 35,023,931 states generated (43,853 s/min), 2,372,558 distinct states found (2,670 ds/min), 2,042,083 states left on queue.
Progress(8) at 2026-03-17 10:43:13: 35,067,524 states generated (43,593 s/min), 2,374,920 distinct states found (2,362 ds/min), 2,044,002 states left on queue.
Progress(8) at 2026-03-17 10:44:13: 35,110,411 states generated (42,887 s/min), 2,377,531 distinct states found (2,611 ds/min), 2,046,173 states left on queue.
Progress(8) at 2026-03-17 10:45:13: 35,152,786 states generated (42,375 s/min), 2,379,830 distinct states found (2,299 ds/min), 2,048,046 states left on queue.
Progress(8) at 2026-03-17 10:46:13: 35,194,076 states generated (41,290 s/min), 2,382,317 distinct states found (2,487 ds/min), 2,050,117 states left on queue.
Progress(8) at 2026-03-17 10:47:13: 35,236,686 states generated (42,610 s/min), 2,384,749 distinct states found (2,432 ds/min), 2,052,120 states left on queue.
Progress(8) at 2026-03-17 10:48:13: 35,280,664 states generated (43,978 s/min), 2,387,067 distinct states found (2,318 ds/min), 2,053,996 states left on queue.
Progress(8) at 2026-03-17 10:49:13: 35,322,454 states generated (41,790 s/min), 2,389,693 distinct states found (2,626 ds/min), 2,056,201 states left on queue.
Progress(8) at 2026-03-17 10:50:13: 35,364,516 states generated (42,062 s/min), 2,391,991 distinct states found (2,298 ds/min), 2,058,076 states left on queue.
Progress(8) at 2026-03-17 10:51:13: 35,408,402 states generated (43,886 s/min), 2,394,303 distinct states found (2,312 ds/min), 2,059,946 states left on queue.
Progress(8) at 2026-03-17 10:52:13: 35,451,722 states generated (43,320 s/min), 2,396,096 distinct states found (1,793 ds/min), 2,061,282 states left on queue.
Progress(8) at 2026-03-17 10:53:13: 35,495,196 states generated (43,474 s/min), 2,397,399 distinct states found (1,303 ds/min), 2,062,121 states left on queue.
Progress(8) at 2026-03-17 10:54:13: 35,540,040 states generated (44,844 s/min), 2,398,799 distinct states found (1,400 ds/min), 2,063,051 states left on queue.
Progress(8) at 2026-03-17 10:55:13: 35,583,619 states generated (43,579 s/min), 2,400,930 distinct states found (2,131 ds/min), 2,064,741 states left on queue.
Progress(8) at 2026-03-17 10:56:13: 35,627,191 states generated (43,572 s/min), 2,403,055 distinct states found (2,125 ds/min), 2,066,425 states left on queue.
Progress(8) at 2026-03-17 10:57:13: 35,670,565 states generated (43,374 s/min), 2,405,174 distinct states found (2,119 ds/min), 2,068,105 states left on queue.
Progress(8) at 2026-03-17 10:58:13: 35,713,979 states generated (43,414 s/min), 2,407,305 distinct states found (2,131 ds/min), 2,069,798 states left on queue.
Progress(8) at 2026-03-17 10:59:13: 35,750,007 states generated (36,028 s/min), 2,416,027 distinct states found (8,722 ds/min), 2,078,157 states left on queue.
Progress(8) at 2026-03-17 11:00:13: 35,787,230 states generated (37,223 s/min), 2,422,470 distinct states found (6,443 ds/min), 2,084,219 states left on queue.
Progress(8) at 2026-03-17 11:01:13: 35,830,838 states generated (43,608 s/min), 2,425,135 distinct states found (2,665 ds/min), 2,086,441 states left on queue.
Progress(8) at 2026-03-17 11:02:13: 35,874,757 states generated (43,919 s/min), 2,427,805 distinct states found (2,670 ds/min), 2,088,657 states left on queue.
Progress(8) at 2026-03-17 11:03:13: 35,917,593 states generated (42,836 s/min), 2,430,126 distinct states found (2,321 ds/min), 2,090,542 states left on queue.
Progress(8) at 2026-03-17 11:04:13: 35,960,225 states generated (42,632 s/min), 2,432,415 distinct states found (2,289 ds/min), 2,092,402 states left on queue.
Checkpointing of run states/26-03-16-20-34-44
Checkpointing completed at (2026-03-17 11:05:17)
Progress(8) at 2026-03-17 11:05:17: 36,004,413 states generated (44,188 s/min), 2,435,090 distinct states found (2,675 ds/min), 2,094,632 states left on queue.
Progress(8) at 2026-03-17 11:06:17: 36,046,644 states generated (42,231 s/min), 2,437,380 distinct states found (2,290 ds/min), 2,096,497 states left on queue.
Progress(8) at 2026-03-17 11:07:17: 36,089,361 states generated (42,717 s/min), 2,440,016 distinct states found (2,636 ds/min), 2,098,704 states left on queue.
Progress(8) at 2026-03-17 11:08:17: 36,132,645 states generated (43,284 s/min), 2,442,334 distinct states found (2,318 ds/min), 2,100,586 states left on queue.
Progress(8) at 2026-03-17 11:09:17: 36,173,757 states generated (41,112 s/min), 2,444,611 distinct states found (2,277 ds/min), 2,102,449 states left on queue.
Progress(8) at 2026-03-17 11:10:17: 36,215,127 states generated (41,370 s/min), 2,447,208 distinct states found (2,597 ds/min), 2,104,630 states left on queue.
Progress(8) at 2026-03-17 11:11:17: 36,257,950 states generated (42,823 s/min), 2,449,150 distinct states found (1,942 ds/min), 2,106,129 states left on queue.
Progress(8) at 2026-03-17 11:12:17: 36,300,619 states generated (42,669 s/min), 2,450,404 distinct states found (1,254 ds/min), 2,106,928 states left on queue.
Progress(8) at 2026-03-17 11:13:17: 36,344,625 states generated (44,006 s/min), 2,451,601 distinct states found (1,197 ds/min), 2,107,655 states left on queue.
Progress(8) at 2026-03-17 11:14:17: 36,388,154 states generated (43,529 s/min), 2,456,310 distinct states found (4,709 ds/min), 2,111,960 states left on queue.
Progress(8) at 2026-03-17 11:15:17: 36,432,414 states generated (44,260 s/min), 2,461,098 distinct states found (4,788 ds/min), 2,116,340 states left on queue.
Progress(8) at 2026-03-17 11:16:17: 36,477,698 states generated (45,284 s/min), 2,464,253 distinct states found (3,155 ds/min), 2,119,088 states left on queue.
Progress(8) at 2026-03-17 11:17:17: 36,522,464 states generated (44,766 s/min), 2,469,293 distinct states found (5,040 ds/min), 2,123,726 states left on queue.
Progress(8) at 2026-03-17 11:18:17: 36,567,334 states generated (44,870 s/min), 2,474,168 distinct states found (4,875 ds/min), 2,128,187 states left on queue.
Progress(8) at 2026-03-17 11:19:17: 36,610,733 states generated (43,399 s/min), 2,477,827 distinct states found (3,659 ds/min), 2,131,448 states left on queue.
Progress(8) at 2026-03-17 11:20:17: 36,651,808 states generated (41,075 s/min), 2,481,905 distinct states found (4,078 ds/min), 2,135,164 states left on queue.
Progress(8) at 2026-03-17 11:21:17: 36,692,157 states generated (40,349 s/min), 2,486,454 distinct states found (4,549 ds/min), 2,139,339 states left on queue.
Progress(8) at 2026-03-17 11:22:17: 36,734,901 states generated (42,744 s/min), 2,490,201 distinct states found (3,747 ds/min), 2,142,692 states left on queue.
Progress(8) at 2026-03-17 11:23:17: 36,781,344 states generated (46,443 s/min), 2,494,308 distinct states found (4,107 ds/min), 2,146,386 states left on queue.
Progress(8) at 2026-03-17 11:24:17: 36,825,058 states generated (43,714 s/min), 2,499,333 distinct states found (5,025 ds/min), 2,151,013 states left on queue.
Progress(8) at 2026-03-17 11:25:17: 36,867,229 states generated (42,171 s/min), 2,503,992 distinct states found (4,659 ds/min), 2,155,282 states left on queue.
Progress(8) at 2026-03-17 11:26:17: 36,911,526 states generated (44,297 s/min), 2,507,164 distinct states found (3,172 ds/min), 2,158,054 states left on queue.
Progress(8) at 2026-03-17 11:27:17: 36,955,511 states generated (43,985 s/min), 2,512,039 distinct states found (4,875 ds/min), 2,162,536 states left on queue.
Progress(8) at 2026-03-17 11:28:17: 36,999,186 states generated (43,675 s/min), 2,516,825 distinct states found (4,786 ds/min), 2,166,918 states left on queue.
Progress(8) at 2026-03-17 11:29:17: 37,042,556 states generated (43,370 s/min), 2,520,635 distinct states found (3,810 ds/min), 2,170,329 states left on queue.
Progress(8) at 2026-03-17 11:30:17: 37,088,912 states generated (46,356 s/min), 2,524,735 distinct states found (4,100 ds/min), 2,174,018 states left on queue.
Progress(8) at 2026-03-17 11:31:17: 37,131,665 states generated (42,753 s/min), 2,529,672 distinct states found (4,937 ds/min), 2,178,564 states left on queue.
Progress(8) at 2026-03-17 11:32:17: 37,174,179 states generated (42,514 s/min), 2,534,346 distinct states found (4,674 ds/min), 2,182,845 states left on queue.
Progress(8) at 2026-03-17 11:33:17: 37,219,152 states generated (44,973 s/min), 2,537,596 distinct states found (3,250 ds/min), 2,185,689 states left on queue.
Progress(8) at 2026-03-17 11:34:17: 37,263,829 states generated (44,677 s/min), 2,542,498 distinct states found (4,902 ds/min), 2,190,192 states left on queue.
Checkpointing of run states/26-03-16-20-34-44
Checkpointing completed at (2026-03-17 11:35:20)
Progress(8) at 2026-03-17 11:35:20: 37,309,010 states generated (45,181 s/min), 2,547,388 distinct states found (4,890 ds/min), 2,194,665 states left on queue.
Progress(8) at 2026-03-17 11:36:20: 37,352,053 states generated (43,043 s/min), 2,552,035 distinct states found (4,647 ds/min), 2,198,914 states left on queue.
Progress(8) at 2026-03-17 11:37:20: 37,396,500 states generated (44,447 s/min), 2,555,160 distinct states found (3,125 ds/min), 2,201,646 states left on queue.
Progress(8) at 2026-03-17 11:38:20: 37,439,815 states generated (43,315 s/min), 2,560,115 distinct states found (4,955 ds/min), 2,206,206 states left on queue.
Progress(8) at 2026-03-17 11:39:20: 37,484,019 states generated (44,204 s/min), 2,564,925 distinct states found (4,810 ds/min), 2,210,608 states left on queue.
Progress(8) at 2026-03-17 11:40:20: 37,528,781 states generated (44,762 s/min), 2,568,046 distinct states found (3,121 ds/min), 2,213,324 states left on queue.
Progress(8) at 2026-03-17 11:41:20: 37,573,813 states generated (45,032 s/min), 2,573,074 distinct states found (5,028 ds/min), 2,217,950 states left on queue.
Progress(8) at 2026-03-17 11:42:20: 37,616,914 states generated (43,101 s/min), 2,577,815 distinct states found (4,741 ds/min), 2,222,293 states left on queue.
Progress(8) at 2026-03-17 11:43:20: 37,660,930 states generated (44,016 s/min), 2,582,548 distinct states found (4,733 ds/min), 2,226,620 states left on queue.
Progress(8) at 2026-03-17 11:44:20: 37,706,368 states generated (45,438 s/min), 2,585,623 distinct states found (3,075 ds/min), 2,229,291 states left on queue.
Progress(8) at 2026-03-17 11:45:20: 37,751,789 states generated (45,421 s/min), 2,590,830 distinct states found (5,207 ds/min), 2,234,086 states left on queue.
Progress(8) at 2026-03-17 11:46:20: 37,795,742 states generated (43,953 s/min), 2,595,655 distinct states found (4,825 ds/min), 2,238,505 states left on queue.
Progress(8) at 2026-03-17 11:47:20: 37,838,034 states generated (42,292 s/min), 2,602,613 distinct states found (6,958 ds/min), 2,245,087 states left on queue.
Progress(8) at 2026-03-17 11:48:20: 37,880,726 states generated (42,692 s/min), 2,606,384 distinct states found (3,771 ds/min), 2,248,486 states left on queue.
Progress(8) at 2026-03-17 11:49:20: 37,924,807 states generated (44,081 s/min), 2,609,908 distinct states found (3,524 ds/min), 2,251,628 states left on queue.
Progress(8) at 2026-03-17 11:50:20: 37,967,967 states generated (43,160 s/min), 2,614,143 distinct states found (4,235 ds/min), 2,255,487 states left on queue.
Progress(8) at 2026-03-17 11:51:20: 38,011,656 states generated (43,689 s/min), 2,617,628 distinct states found (3,485 ds/min), 2,258,592 states left on queue.
Progress(8) at 2026-03-17 11:52:20: 38,054,347 states generated (42,691 s/min), 2,621,362 distinct states found (3,734 ds/min), 2,261,955 states left on queue.
Progress(8) at 2026-03-17 11:53:20: 38,098,293 states generated (43,946 s/min), 2,624,924 distinct states found (3,562 ds/min), 2,265,135 states left on queue.
Progress(8) at 2026-03-17 11:54:20: 38,141,751 states generated (43,458 s/min), 2,628,143 distinct states found (3,219 ds/min), 2,267,977 states left on queue.
Progress(8) at 2026-03-17 11:55:20: 38,181,205 states generated (39,454 s/min), 2,635,064 distinct states found (6,921 ds/min), 2,274,548 states left on queue.
Progress(8) at 2026-03-17 11:56:20: 38,222,623 states generated (41,418 s/min), 2,638,616 distinct states found (3,552 ds/min), 2,277,740 states left on queue.
Progress(8) at 2026-03-17 11:57:20: 38,264,513 states generated (41,890 s/min), 2,641,959 distinct states found (3,343 ds/min), 2,280,719 states left on queue.
Progress(8) at 2026-03-17 11:58:20: 38,304,407 states generated (39,894 s/min), 2,645,930 distinct states found (3,971 ds/min), 2,284,343 states left on queue.
Progress(8) at 2026-03-17 11:59:20: 38,344,804 states generated (40,397 s/min), 2,649,157 distinct states found (3,227 ds/min), 2,287,219 states left on queue.
Progress(8) at 2026-03-17 12:00:20: 38,385,239 states generated (40,435 s/min), 2,652,755 distinct states found (3,598 ds/min), 2,290,465 states left on queue.
Progress(8) at 2026-03-17 12:01:20: 38,426,385 states generated (41,146 s/min), 2,656,051 distinct states found (3,296 ds/min), 2,293,404 states left on queue.
Progress(8) at 2026-03-17 12:02:20: 38,468,071 states generated (41,686 s/min), 2,659,201 distinct states found (3,150 ds/min), 2,296,192 states left on queue.
Progress(8) at 2026-03-17 12:03:20: 38,507,228 states generated (39,157 s/min), 2,665,880 distinct states found (6,679 ds/min), 2,302,524 states left on queue.
Progress(8) at 2026-03-17 12:04:20: 38,547,063 states generated (39,835 s/min), 2,669,437 distinct states found (3,557 ds/min), 2,305,735 states left on queue.
Checkpointing of run states/26-03-16-20-34-44
Checkpointing completed at (2026-03-17 12:05:22)
Progress(8) at 2026-03-17 12:05:22: 38,588,789 states generated (41,726 s/min), 2,672,829 distinct states found (3,392 ds/min), 2,308,764 states left on queue.
Progress(8) at 2026-03-17 12:06:22: 38,629,649 states generated (40,860 s/min), 2,676,818 distinct states found (3,989 ds/min), 2,312,397 states left on queue.
Progress(8) at 2026-03-17 12:07:22: 38,669,539 states generated (39,890 s/min), 2,680,065 distinct states found (3,247 ds/min), 2,315,298 states left on queue.
Progress(8) at 2026-03-17 12:08:22: 38,711,498 states generated (41,959 s/min), 2,683,742 distinct states found (3,677 ds/min), 2,318,610 states left on queue.
Progress(8) at 2026-03-17 12:09:22: 38,753,637 states generated (42,139 s/min), 2,686,918 distinct states found (3,176 ds/min), 2,321,420 states left on queue.
Progress(8) at 2026-03-17 12:10:22: 38,795,261 states generated (41,624 s/min), 2,690,262 distinct states found (3,344 ds/min), 2,324,403 states left on queue.
Progress(8) at 2026-03-17 12:11:22: 38,836,038 states generated (40,777 s/min), 2,694,792 distinct states found (4,530 ds/min), 2,328,575 states left on queue.
Progress(8) at 2026-03-17 12:12:22: 38,873,758 states generated (37,720 s/min), 2,700,179 distinct states found (5,387 ds/min), 2,333,631 states left on queue.
Progress(8) at 2026-03-17 12:13:22: 38,913,178 states generated (39,420 s/min), 2,703,676 distinct states found (3,497 ds/min), 2,336,785 states left on queue.
Progress(8) at 2026-03-17 12:14:22: 38,953,523 states generated (40,345 s/min), 2,706,717 distinct states found (3,041 ds/min), 2,339,476 states left on queue.
Progress(8) at 2026-03-17 12:15:22: 38,992,703 states generated (39,180 s/min), 2,710,643 distinct states found (3,926 ds/min), 2,343,060 states left on queue.
Progress(8) at 2026-03-17 12:16:22: 39,033,524 states generated (40,821 s/min), 2,713,897 distinct states found (3,254 ds/min), 2,345,960 states left on queue.
Progress(8) at 2026-03-17 12:17:22: 39,073,139 states generated (39,615 s/min), 2,717,457 distinct states found (3,560 ds/min), 2,349,175 states left on queue.
Progress(8) at 2026-03-17 12:18:22: 39,114,128 states generated (40,989 s/min), 2,720,740 distinct states found (3,283 ds/min), 2,352,102 states left on queue.
Progress(8) at 2026-03-17 12:19:22: 39,155,553 states generated (41,425 s/min), 2,723,797 distinct states found (3,057 ds/min), 2,354,800 states left on queue.
Progress(8) at 2026-03-17 12:20:22: 39,192,380 states generated (36,827 s/min), 2,730,562 distinct states found (6,765 ds/min), 2,361,237 states left on queue.
Progress(8) at 2026-03-17 12:21:22: 39,230,805 states generated (38,425 s/min), 2,733,881 distinct states found (3,319 ds/min), 2,364,223 states left on queue.
Progress(8) at 2026-03-17 12:22:22: 39,269,822 states generated (39,017 s/min), 2,736,999 distinct states found (3,118 ds/min), 2,367,002 states left on queue.
Progress(8) at 2026-03-17 12:23:22: 39,308,215 states generated (38,393 s/min), 2,740,835 distinct states found (3,836 ds/min), 2,370,503 states left on queue.
Progress(8) at 2026-03-17 12:24:22: 39,346,798 states generated (38,583 s/min), 2,743,939 distinct states found (3,104 ds/min), 2,373,272 states left on queue.
Progress(8) at 2026-03-17 12:25:22: 39,386,176 states generated (39,378 s/min), 2,747,454 distinct states found (3,515 ds/min), 2,376,445 states left on queue.
Progress(8) at 2026-03-17 12:26:22: 39,425,783 states generated (39,607 s/min), 2,750,426 distinct states found (2,972 ds/min), 2,379,073 states left on queue.
Progress(8) at 2026-03-17 12:27:22: 39,465,483 states generated (39,700 s/min), 2,753,632 distinct states found (3,206 ds/min), 2,381,934 states left on queue.
Progress(8) at 2026-03-17 12:28:22: 39,506,034 states generated (40,551 s/min), 2,756,693 distinct states found (3,061 ds/min), 2,384,639 states left on queue.
Progress(8) at 2026-03-17 12:29:22: 39,549,083 states generated (43,049 s/min), 2,761,460 distinct states found (4,767 ds/min), 2,389,016 states left on queue.
Progress(8) at 2026-03-17 12:30:22: 39,591,292 states generated (42,209 s/min), 2,766,254 distinct states found (4,794 ds/min), 2,393,423 states left on queue.
Progress(8) at 2026-03-17 12:31:22: 39,631,995 states generated (40,703 s/min), 2,770,928 distinct states found (4,674 ds/min), 2,397,723 states left on queue.
Progress(8) at 2026-03-17 12:32:22: 39,673,307 states generated (41,312 s/min), 2,775,569 distinct states found (4,641 ds/min), 2,401,985 states left on queue.
Progress(8) at 2026-03-17 12:33:22: 39,717,954 states generated (44,647 s/min), 2,778,864 distinct states found (3,295 ds/min), 2,404,881 states left on queue.
Progress(8) at 2026-03-17 12:34:22: 39,759,908 states generated (41,954 s/min), 2,783,722 distinct states found (4,858 ds/min), 2,409,362 states left on queue.
Checkpointing of run states/26-03-16-20-34-44
Checkpointing completed at (2026-03-17 12:35:23)
Progress(8) at 2026-03-17 12:35:23: 39,802,335 states generated (42,427 s/min), 2,788,546 distinct states found (4,824 ds/min), 2,413,801 states left on queue.
Progress(8) at 2026-03-17 12:36:23: 39,845,435 states generated (43,100 s/min), 2,793,418 distinct states found (4,872 ds/min), 2,418,281 states left on queue.
Progress(8) at 2026-03-17 12:37:23: 39,888,342 states generated (42,907 s/min), 2,798,236 distinct states found (4,818 ds/min), 2,422,709 states left on queue.
Progress(8) at 2026-03-17 12:38:23: 39,930,219 states generated (41,877 s/min), 2,801,525 distinct states found (3,289 ds/min), 2,425,621 states left on queue.
Progress(8) at 2026-03-17 12:39:23: 39,970,908 states generated (40,689 s/min), 2,806,024 distinct states found (4,499 ds/min), 2,429,754 states left on queue.
Progress(8) at 2026-03-17 12:40:23: 40,012,182 states generated (41,274 s/min), 2,810,757 distinct states found (4,733 ds/min), 2,434,108 states left on queue.
Progress(8) at 2026-03-17 12:41:23: 40,054,011 states generated (41,829 s/min), 2,815,525 distinct states found (4,768 ds/min), 2,438,493 states left on queue.
Progress(8) at 2026-03-17 12:42:23: 40,096,721 states generated (42,710 s/min), 2,820,304 distinct states found (4,779 ds/min), 2,442,880 states left on queue.
Progress(8) at 2026-03-17 12:43:23: 40,141,106 states generated (44,385 s/min), 2,823,930 distinct states found (3,626 ds/min), 2,446,104 states left on queue.
Progress(8) at 2026-03-17 12:44:23: 40,185,157 states generated (44,051 s/min), 2,828,497 distinct states found (4,567 ds/min), 2,450,278 states left on queue.
Progress(8) at 2026-03-17 12:45:23: 40,225,928 states generated (40,771 s/min), 2,833,205 distinct states found (4,708 ds/min), 2,454,611 states left on queue.
Progress(8) at 2026-03-17 12:46:23: 40,267,720 states generated (41,792 s/min), 2,837,972 distinct states found (4,767 ds/min), 2,458,995 states left on queue.
Progress(8) at 2026-03-17 12:47:23: 40,309,470 states generated (41,750 s/min), 2,842,717 distinct states found (4,745 ds/min), 2,463,357 states left on queue.
Progress(8) at 2026-03-17 12:48:23: 40,351,404 states generated (41,934 s/min), 2,846,339 distinct states found (3,622 ds/min), 2,466,598 states left on queue.
Progress(8) at 2026-03-17 12:49:23: 40,393,833 states generated (42,429 s/min), 2,850,608 distinct states found (4,269 ds/min), 2,470,489 states left on queue.
Progress(8) at 2026-03-17 12:50:23: 40,436,664 states generated (42,831 s/min), 2,855,446 distinct states found (4,838 ds/min), 2,474,935 states left on queue.
Progress(8) at 2026-03-17 12:51:23: 40,478,227 states generated (41,563 s/min), 2,860,196 distinct states found (4,750 ds/min), 2,479,303 states left on queue.
Progress(8) at 2026-03-17 12:52:23: 40,520,704 states generated (42,477 s/min), 2,865,007 distinct states found (4,811 ds/min), 2,483,725 states left on queue.
Progress(8) at 2026-03-17 12:53:23: 40,562,815 states generated (42,111 s/min), 2,869,168 distinct states found (4,161 ds/min), 2,487,504 states left on queue.
Progress(8) at 2026-03-17 12:54:23: 40,605,434 states generated (42,619 s/min), 2,872,830 distinct states found (3,662 ds/min), 2,490,788 states left on queue.
Progress(8) at 2026-03-17 12:55:23: 40,646,757 states generated (41,323 s/min), 2,877,681 distinct states found (4,851 ds/min), 2,495,265 states left on queue.
Progress(8) at 2026-03-17 12:56:23: 40,688,152 states generated (41,395 s/min), 2,882,431 distinct states found (4,750 ds/min), 2,499,639 states left on queue.
Progress(8) at 2026-03-17 12:57:23: 40,730,248 states generated (42,096 s/min), 2,887,223 distinct states found (4,792 ds/min), 2,504,049 states left on queue.
Progress(8) at 2026-03-17 12:58:23: 40,772,257 states generated (42,009 s/min), 2,890,924 distinct states found (3,701 ds/min), 2,507,370 states left on queue.
Progress(8) at 2026-03-17 12:59:23: 40,812,667 states generated (40,410 s/min), 2,894,989 distinct states found (4,065 ds/min), 2,511,077 states left on queue.
Progress(8) at 2026-03-17 13:00:23: 40,853,427 states generated (40,760 s/min), 2,899,698 distinct states found (4,709 ds/min), 2,515,416 states left on queue.
Progress(8) at 2026-03-17 13:01:23: 40,896,185 states generated (42,758 s/min), 2,904,549 distinct states found (4,851 ds/min), 2,519,879 states left on queue.
Progress(8) at 2026-03-17 13:02:23: 40,939,698 states generated (43,513 s/min), 2,909,430 distinct states found (4,881 ds/min), 2,524,365 states left on queue.
Progress(8) at 2026-03-17 13:03:23: 40,983,263 states generated (43,565 s/min), 2,913,317 distinct states found (3,887 ds/min), 2,527,859 states left on queue.
Progress(8) at 2026-03-17 13:04:23: 41,025,918 states generated (42,655 s/min), 2,917,453 distinct states found (4,136 ds/min), 2,531,616 states left on queue.
Checkpointing of run states/26-03-16-20-34-44
Checkpointing completed at (2026-03-17 13:05:25)
Progress(8) at 2026-03-17 13:05:25: 41,067,958 states generated (42,040 s/min), 2,922,276 distinct states found (4,823 ds/min), 2,536,058 states left on queue.
Progress(8) at 2026-03-17 13:06:25: 41,109,291 states generated (41,333 s/min), 2,927,028 distinct states found (4,752 ds/min), 2,540,435 states left on queue.
Progress(8) at 2026-03-17 13:07:25: 41,151,211 states generated (41,920 s/min), 2,931,799 distinct states found (4,771 ds/min), 2,544,825 states left on queue.
Progress(8) at 2026-03-17 13:08:25: 41,193,452 states generated (42,241 s/min), 2,935,276 distinct states found (3,477 ds/min), 2,547,920 states left on queue.
Progress(8) at 2026-03-17 13:09:25: 41,234,918 states generated (41,466 s/min), 2,939,663 distinct states found (4,387 ds/min), 2,551,939 states left on queue.
Progress(8) at 2026-03-17 13:10:25: 41,275,264 states generated (40,346 s/min), 2,944,347 distinct states found (4,684 ds/min), 2,556,257 states left on queue.
Progress(8) at 2026-03-17 13:11:25: 41,316,305 states generated (41,041 s/min), 2,949,078 distinct states found (4,731 ds/min), 2,560,615 states left on queue.
Progress(8) at 2026-03-17 13:12:25: 41,359,772 states generated (43,467 s/min), 2,953,937 distinct states found (4,859 ds/min), 2,565,080 states left on queue.
Progress(8) at 2026-03-17 13:13:25: 41,404,632 states generated (44,860 s/min), 2,957,828 distinct states found (3,891 ds/min), 2,568,567 states left on queue.
Progress(8) at 2026-03-17 13:14:25: 41,446,707 states generated (42,075 s/min), 2,962,049 distinct states found (4,221 ds/min), 2,572,414 states left on queue.
Progress(8) at 2026-03-17 13:15:25: 41,489,885 states generated (43,178 s/min), 2,966,932 distinct states found (4,883 ds/min), 2,576,905 states left on queue.
Progress(8) at 2026-03-17 13:16:25: 41,534,008 states generated (44,123 s/min), 2,971,891 distinct states found (4,959 ds/min), 2,581,464 states left on queue.
Progress(8) at 2026-03-17 13:17:25: 41,577,111 states generated (43,103 s/min), 2,976,769 distinct states found (4,878 ds/min), 2,585,951 states left on queue.
Progress(8) at 2026-03-17 13:18:25: 41,618,432 states generated (41,321 s/min), 2,981,420 distinct states found (4,651 ds/min), 2,590,227 states left on queue.
Progress(8) at 2026-03-17 13:19:25: 41,661,528 states generated (43,096 s/min), 2,984,467 distinct states found (3,047 ds/min), 2,592,891 states left on queue.
Progress(8) at 2026-03-17 13:20:25: 41,702,519 states generated (40,991 s/min), 2,989,391 distinct states found (4,924 ds/min), 2,597,445 states left on queue.
Progress(8) at 2026-03-17 13:21:25: 41,744,227 states generated (41,708 s/min), 2,994,161 distinct states found (4,770 ds/min), 2,601,836 states left on queue.
Progress(8) at 2026-03-17 13:22:25: 41,787,328 states generated (43,101 s/min), 2,999,039 distinct states found (4,878 ds/min), 2,606,323 states left on queue.
Progress(8) at 2026-03-17 13:23:25: 41,829,286 states generated (41,958 s/min), 3,003,738 distinct states found (4,699 ds/min), 2,610,642 states left on queue.
Progress(8) at 2026-03-17 13:24:25: 41,872,708 states generated (43,422 s/min), 3,006,964 distinct states found (3,226 ds/min), 2,613,482 states left on queue.
Progress(8) at 2026-03-17 13:25:25: 41,914,256 states generated (41,548 s/min), 3,011,778 distinct states found (4,814 ds/min), 2,617,921 states left on queue.
Progress(8) at 2026-03-17 13:26:25: 41,955,554 states generated (41,298 s/min), 3,016,512 distinct states found (4,734 ds/min), 2,622,280 states left on queue.
Progress(8) at 2026-03-17 13:27:25: 41,997,361 states generated (41,807 s/min), 3,021,291 distinct states found (4,779 ds/min), 2,626,679 states left on queue.
Progress(8) at 2026-03-17 13:28:25: 42,038,389 states generated (41,028 s/min), 3,025,085 distinct states found (3,794 ds/min), 2,630,102 states left on queue.
Progress(8) at 2026-03-17 13:29:25: 42,079,801 states generated (41,412 s/min), 3,029,045 distinct states found (3,960 ds/min), 2,633,695 states left on queue.
Progress(8) at 2026-03-17 13:30:25: 42,120,455 states generated (40,654 s/min), 3,033,747 distinct states found (4,702 ds/min), 2,638,028 states left on queue.
Progress(8) at 2026-03-17 13:31:25: 42,161,875 states generated (41,420 s/min), 3,038,506 distinct states found (4,759 ds/min), 2,642,411 states left on queue.
Progress(8) at 2026-03-17 13:32:25: 42,202,991 states generated (41,116 s/min), 3,043,197 distinct states found (4,691 ds/min), 2,646,728 states left on queue.
Progress(8) at 2026-03-17 13:33:25: 42,245,206 states generated (42,215 s/min), 3,046,499 distinct states found (3,302 ds/min), 2,649,652 states left on queue.
Progress(8) at 2026-03-17 13:34:25: 42,285,916 states generated (40,710 s/min), 3,051,028 distinct states found (4,529 ds/min), 2,653,817 states left on queue.
Checkpointing of run states/26-03-16-20-34-44
Checkpointing completed at (2026-03-17 13:35:27)
Progress(8) at 2026-03-17 13:35:27: 42,327,457 states generated (41,541 s/min), 3,055,799 distinct states found (4,771 ds/min), 2,658,210 states left on queue.
Progress(8) at 2026-03-17 13:36:27: 42,368,186 states generated (40,729 s/min), 3,060,493 distinct states found (4,694 ds/min), 2,662,534 states left on queue.
Progress(8) at 2026-03-17 13:37:27: 42,408,928 states generated (40,742 s/min), 3,064,962 distinct states found (4,469 ds/min), 2,666,633 states left on queue.
Progress(8) at 2026-03-17 13:38:27: 42,450,746 states generated (41,818 s/min), 3,068,415 distinct states found (3,453 ds/min), 2,669,716 states left on queue.
Progress(8) at 2026-03-17 13:39:27: 42,491,328 states generated (40,582 s/min), 3,072,942 distinct states found (4,527 ds/min), 2,673,875 states left on queue.
Progress(8) at 2026-03-17 13:40:27: 42,532,336 states generated (41,008 s/min), 3,077,665 distinct states found (4,723 ds/min), 2,678,226 states left on queue.
Progress(8) at 2026-03-17 13:41:27: 42,572,448 states generated (40,112 s/min), 3,082,291 distinct states found (4,626 ds/min), 2,682,487 states left on queue.
Progress(8) at 2026-03-17 13:42:27: 42,613,831 states generated (41,383 s/min), 3,085,556 distinct states found (3,265 ds/min), 2,685,382 states left on queue.
Progress(8) at 2026-03-17 13:43:27: 42,654,295 states generated (40,464 s/min), 3,090,047 distinct states found (4,491 ds/min), 2,689,510 states left on queue.
Progress(8) at 2026-03-17 13:44:27: 42,696,183 states generated (41,888 s/min), 3,091,420 distinct states found (1,373 ds/min), 2,690,453 states left on queue.
Progress(8) at 2026-03-17 13:45:27: 42,738,349 states generated (42,166 s/min), 3,092,872 distinct states found (1,452 ds/min), 2,691,460 states left on queue.
Progress(8) at 2026-03-17 13:46:27: 42,780,545 states generated (42,196 s/min), 3,094,298 distinct states found (1,426 ds/min), 2,692,440 states left on queue.
Progress(8) at 2026-03-17 13:47:27: 42,822,699 states generated (42,154 s/min), 3,095,640 distinct states found (1,342 ds/min), 2,693,335 states left on queue.
Progress(8) at 2026-03-17 13:48:27: 42,865,141 states generated (42,442 s/min), 3,096,642 distinct states found (1,002 ds/min), 2,693,891 states left on queue.
Progress(8) at 2026-03-17 13:49:27: 42,907,149 states generated (42,008 s/min), 3,098,107 distinct states found (1,465 ds/min), 2,694,914 states left on queue.
Progress(8) at 2026-03-17 13:50:27: 42,948,466 states generated (41,317 s/min), 3,099,543 distinct states found (1,436 ds/min), 2,695,913 states left on queue.
Progress(8) at 2026-03-17 13:51:27: 42,989,123 states generated (40,657 s/min), 3,100,852 distinct states found (1,309 ds/min), 2,696,792 states left on queue.
Progress(8) at 2026-03-17 13:52:27: 43,027,227 states generated (38,104 s/min), 3,101,946 distinct states found (1,094 ds/min), 2,697,486 states left on queue.
Progress(8) at 2026-03-17 13:53:27: 43,063,110 states generated (35,883 s/min), 3,102,881 distinct states found (935 ds/min), 2,698,041 states left on queue.
Progress(8) at 2026-03-17 13:54:27: 43,102,396 states generated (39,286 s/min), 3,103,918 distinct states found (1,037 ds/min), 2,698,664 states left on queue.
Progress(8) at 2026-03-17 13:55:27: 43,140,897 states generated (38,501 s/min), 3,104,923 distinct states found (1,005 ds/min), 2,699,265 states left on queue.
Progress(8) at 2026-03-17 13:56:27: 43,179,611 states generated (38,714 s/min), 3,105,933 distinct states found (1,010 ds/min), 2,699,868 states left on queue.
Progress(8) at 2026-03-17 13:57:27: 43,218,135 states generated (38,524 s/min), 3,106,955 distinct states found (1,022 ds/min), 2,700,486 states left on queue.
Progress(8) at 2026-03-17 13:58:27: 43,257,076 states generated (38,941 s/min), 3,108,275 distinct states found (1,320 ds/min), 2,701,389 states left on queue.
Progress(8) at 2026-03-17 13:59:27: 43,297,403 states generated (40,327 s/min), 3,110,342 distinct states found (2,067 ds/min), 2,703,048 states left on queue.
Progress(8) at 2026-03-17 14:00:27: 43,337,480 states generated (40,077 s/min), 3,112,070 distinct states found (1,728 ds/min), 2,704,371 states left on queue.
Progress(8) at 2026-03-17 14:01:27: 43,377,040 states generated (39,560 s/min), 3,114,135 distinct states found (2,065 ds/min), 2,706,035 states left on queue.
Progress(8) at 2026-03-17 14:02:27: 43,417,273 states generated (40,233 s/min), 3,116,034 distinct states found (1,899 ds/min), 2,707,528 states left on queue.
Progress(8) at 2026-03-17 14:03:27: 43,456,447 states generated (39,174 s/min), 3,119,103 distinct states found (3,069 ds/min), 2,710,201 states left on queue.
Progress(8) at 2026-03-17 14:04:27: 43,486,661 states generated (30,214 s/min), 3,128,774 distinct states found (9,671 ds/min), 2,719,568 states left on queue.
Checkpointing of run states/26-03-16-20-34-44
Checkpointing completed at (2026-03-17 14:05:27)
Progress(8) at 2026-03-17 14:05:27: 43,523,435 states generated (36,774 s/min), 3,133,265 distinct states found (4,491 ds/min), 2,723,680 states left on queue.
Progress(8) at 2026-03-17 14:06:27: 43,562,574 states generated (39,139 s/min), 3,135,532 distinct states found (2,267 ds/min), 2,725,545 states left on queue.
Progress(8) at 2026-03-17 14:07:27: 43,602,738 states generated (40,164 s/min), 3,137,810 distinct states found (2,278 ds/min), 2,727,417 states left on queue.
Progress(8) at 2026-03-17 14:08:27: 43,642,305 states generated (39,567 s/min), 3,140,084 distinct states found (2,274 ds/min), 2,729,286 states left on queue.
Progress(8) at 2026-03-17 14:09:27: 43,682,684 states generated (40,379 s/min), 3,142,357 distinct states found (2,273 ds/min), 2,731,151 states left on queue.
Progress(8) at 2026-03-17 14:10:27: 43,723,474 states generated (40,790 s/min), 3,144,631 distinct states found (2,274 ds/min), 2,733,014 states left on queue.
Progress(8) at 2026-03-17 14:11:27: 43,761,175 states generated (37,701 s/min), 3,146,856 distinct states found (2,225 ds/min), 2,734,860 states left on queue.
Progress(8) at 2026-03-17 14:12:27: 43,793,030 states generated (31,855 s/min), 3,148,664 distinct states found (1,808 ds/min), 2,736,347 states left on queue.
Progress(8) at 2026-03-17 14:13:27: 43,833,320 states generated (40,290 s/min), 3,150,940 distinct states found (2,276 ds/min), 2,738,218 states left on queue.
Progress(8) at 2026-03-17 14:14:27: 43,873,718 states generated (40,398 s/min), 3,153,208 distinct states found (2,268 ds/min), 2,740,079 states left on queue.
Progress(8) at 2026-03-17 14:15:27: 43,914,043 states generated (40,325 s/min), 3,155,470 distinct states found (2,262 ds/min), 2,741,936 states left on queue.
Progress(8) at 2026-03-17 14:16:27: 43,954,375 states generated (40,332 s/min), 3,157,743 distinct states found (2,273 ds/min), 2,743,803 states left on queue.
Progress(8) at 2026-03-17 14:17:27: 43,995,124 states generated (40,749 s/min), 3,159,466 distinct states found (1,723 ds/min), 2,745,098 states left on queue.
Progress(8) at 2026-03-17 14:18:27: 44,036,920 states generated (41,796 s/min), 3,160,595 distinct states found (1,129 ds/min), 2,745,781 states left on queue.
Progress(8) at 2026-03-17 14:19:27: 44,078,463 states generated (41,543 s/min), 3,161,744 distinct states found (1,149 ds/min), 2,746,489 states left on queue.
Progress(8) at 2026-03-17 14:20:27: 44,118,762 states generated (40,299 s/min), 3,163,799 distinct states found (2,055 ds/min), 2,748,137 states left on queue.
Progress(8) at 2026-03-17 14:21:27: 44,158,488 states generated (39,726 s/min), 3,165,539 distinct states found (1,740 ds/min), 2,749,475 states left on queue.
Progress(8) at 2026-03-17 14:22:27: 44,198,439 states generated (39,951 s/min), 3,167,595 distinct states found (2,056 ds/min), 2,751,126 states left on queue.
Progress(8) at 2026-03-17 14:23:27: 44,238,958 states generated (40,519 s/min), 3,169,321 distinct states found (1,726 ds/min), 2,752,443 states left on queue.
Progress(8) at 2026-03-17 14:24:27: 44,280,003 states generated (41,045 s/min), 3,173,331 distinct states found (4,010 ds/min), 2,756,039 states left on queue.
Progress(8) at 2026-03-17 14:25:27: 44,311,635 states generated (31,632 s/min), 3,183,297 distinct states found (9,966 ds/min), 2,765,686 states left on queue.
Progress(8) at 2026-03-17 14:26:27: 44,353,360 states generated (41,725 s/min), 3,187,201 distinct states found (3,904 ds/min), 2,769,159 states left on queue.
Progress(8) at 2026-03-17 14:27:27: 44,394,087 states generated (40,727 s/min), 3,189,502 distinct states found (2,301 ds/min), 2,771,044 states left on queue.
Progress(8) at 2026-03-17 14:28:27: 44,435,033 states generated (40,946 s/min), 3,191,795 distinct states found (2,293 ds/min), 2,772,917 states left on queue.
Progress(8) at 2026-03-17 14:29:27: 44,477,454 states generated (42,421 s/min), 3,194,088 distinct states found (2,293 ds/min), 2,774,781 states left on queue.
Progress(8) at 2026-03-17 14:30:27: 44,519,992 states generated (42,538 s/min), 3,196,728 distinct states found (2,640 ds/min), 2,776,993 states left on queue.
Progress(8) at 2026-03-17 14:31:27: 44,561,783 states generated (41,791 s/min), 3,199,024 distinct states found (2,296 ds/min), 2,778,868 states left on queue.
Progress(8) at 2026-03-17 14:32:27: 44,604,732 states generated (42,949 s/min), 3,201,322 distinct states found (2,298 ds/min), 2,780,734 states left on queue.
Progress(8) at 2026-03-17 14:33:27: 44,646,237 states generated (41,505 s/min), 3,203,941 distinct states found (2,619 ds/min), 2,782,935 states left on queue.
Progress(8) at 2026-03-17 14:34:27: 44,686,636 states generated (40,399 s/min), 3,206,217 distinct states found (2,276 ds/min), 2,784,805 states left on queue.
Checkpointing of run states/26-03-16-20-34-44
Checkpointing completed at (2026-03-17 14:35:41)
Progress(8) at 2026-03-17 14:35:41: 44,727,142 states generated (40,506 s/min), 3,208,488 distinct states found (2,271 ds/min), 2,786,668 states left on queue.
Progress(8) at 2026-03-17 14:36:41: 44,766,399 states generated (39,257 s/min), 3,210,740 distinct states found (2,252 ds/min), 2,788,525 states left on queue.
Progress(8) at 2026-03-17 14:37:41: 44,806,220 states generated (39,821 s/min), 3,212,558 distinct states found (1,818 ds/min), 2,789,932 states left on queue.
Progress(8) at 2026-03-17 14:38:41: 44,846,633 states generated (40,413 s/min), 3,213,776 distinct states found (1,218 ds/min), 2,790,718 states left on queue.
Progress(8) at 2026-03-17 14:39:41: 44,887,729 states generated (41,096 s/min), 3,214,947 distinct states found (1,171 ds/min), 2,791,450 states left on queue.
Progress(8) at 2026-03-17 14:40:41: 44,927,331 states generated (39,602 s/min), 3,219,025 distinct states found (4,078 ds/min), 2,795,146 states left on queue.
Progress(8) at 2026-03-17 14:41:41: 44,968,767 states generated (41,436 s/min), 3,221,957 distinct states found (2,932 ds/min), 2,797,703 states left on queue.
Progress(8) at 2026-03-17 14:42:41: 45,009,631 states generated (40,864 s/min), 3,226,613 distinct states found (4,656 ds/min), 2,801,993 states left on queue.
Progress(8) at 2026-03-17 14:43:41: 45,049,735 states generated (40,104 s/min), 3,231,138 distinct states found (4,525 ds/min), 2,806,146 states left on queue.
Progress(8) at 2026-03-17 14:44:41: 45,091,294 states generated (41,559 s/min), 3,234,126 distinct states found (2,988 ds/min), 2,808,758 states left on queue.
Progress(8) at 2026-03-17 14:45:41: 45,132,701 states generated (41,407 s/min), 3,238,778 distinct states found (4,652 ds/min), 2,813,039 states left on queue.
Progress(8) at 2026-03-17 14:46:41: 45,172,682 states generated (39,981 s/min), 3,243,294 distinct states found (4,516 ds/min), 2,817,184 states left on queue.
Progress(8) at 2026-03-17 14:47:41: 45,213,646 states generated (40,964 s/min), 3,246,283 distinct states found (2,989 ds/min), 2,819,803 states left on queue.
Progress(8) at 2026-03-17 14:48:41: 45,254,631 states generated (40,985 s/min), 3,250,855 distinct states found (4,572 ds/min), 2,824,007 states left on queue.
Progress(8) at 2026-03-17 14:49:41: 45,295,037 states generated (40,406 s/min), 3,255,396 distinct states found (4,541 ds/min), 2,828,174 states left on queue.
Progress(8) at 2026-03-17 14:50:41: 45,337,776 states generated (42,739 s/min), 3,258,475 distinct states found (3,079 ds/min), 2,830,866 states left on queue.
Progress(8) at 2026-03-17 14:51:41: 45,380,057 states generated (42,281 s/min), 3,263,198 distinct states found (4,723 ds/min), 2,835,211 states left on queue.
Progress(8) at 2026-03-17 14:52:41: 45,420,446 states generated (40,389 s/min), 3,267,748 distinct states found (4,550 ds/min), 2,839,386 states left on queue.
Progress(8) at 2026-03-17 14:53:41: 45,461,689 states generated (41,243 s/min), 3,270,653 distinct states found (2,905 ds/min), 2,841,917 states left on queue.
Progress(8) at 2026-03-17 14:54:41: 45,502,161 states generated (40,472 s/min), 3,275,291 distinct states found (4,638 ds/min), 2,846,193 states left on queue.
Progress(8) at 2026-03-17 14:55:41: 45,543,450 states generated (41,289 s/min), 3,279,904 distinct states found (4,613 ds/min), 2,850,424 states left on queue.
Progress(8) at 2026-03-17 14:56:41: 45,586,195 states generated (42,745 s/min), 3,282,841 distinct states found (2,937 ds/min), 2,852,973 states left on queue.
Progress(8) at 2026-03-17 14:57:41: 45,628,933 states generated (42,738 s/min), 3,287,733 distinct states found (4,892 ds/min), 2,857,484 states left on queue.
Progress(8) at 2026-03-17 14:58:41: 45,669,144 states generated (40,211 s/min), 3,292,274 distinct states found (4,541 ds/min), 2,861,652 states left on queue.
Progress(8) at 2026-03-17 14:59:41: 45,710,977 states generated (41,833 s/min), 3,295,377 distinct states found (3,103 ds/min), 2,864,374 states left on queue.
Progress(8) at 2026-03-17 15:00:41: 45,753,572 states generated (42,595 s/min), 3,300,008 distinct states found (4,631 ds/min), 2,868,626 states left on queue.
Progress(8) at 2026-03-17 15:01:41: 45,795,852 states generated (42,280 s/min), 3,304,693 distinct states found (4,685 ds/min), 2,872,920 states left on queue.
Progress(8) at 2026-03-17 15:02:41: 45,837,632 states generated (41,780 s/min), 3,308,135 distinct states found (3,442 ds/min), 2,875,978 states left on queue.
Progress(8) at 2026-03-17 15:03:41: 45,881,405 states generated (43,773 s/min), 3,312,498 distinct states found (4,363 ds/min), 2,879,955 states left on queue.
Progress(8) at 2026-03-17 15:04:41: 45,920,962 states generated (39,557 s/min), 3,317,003 distinct states found (4,505 ds/min), 2,884,093 states left on queue.
Checkpointing of run states/26-03-16-20-34-44
Checkpointing completed at (2026-03-17 15:05:42)
Progress(8) at 2026-03-17 15:05:42: 45,961,322 states generated (40,360 s/min), 3,320,472 distinct states found (3,469 ds/min), 2,887,190 states left on queue.
Progress(8) at 2026-03-17 15:06:42: 46,003,600 states generated (42,278 s/min), 3,324,612 distinct states found (4,140 ds/min), 2,890,958 states left on queue.
Progress(8) at 2026-03-17 15:07:42: 46,045,017 states generated (41,417 s/min), 3,329,233 distinct states found (4,621 ds/min), 2,895,196 states left on queue.
Progress(8) at 2026-03-17 15:08:42: 46,080,357 states generated (35,340 s/min), 3,331,895 distinct states found (2,662 ds/min), 2,897,533 states left on queue.
Progress(8) at 2026-03-17 15:09:42: 46,119,574 states generated (39,217 s/min), 3,336,272 distinct states found (4,377 ds/min), 2,901,562 states left on queue.
Progress(8) at 2026-03-17 15:10:42: 46,160,652 states generated (41,078 s/min), 3,340,873 distinct states found (4,601 ds/min), 2,905,782 states left on queue.
Progress(8) at 2026-03-17 15:11:42: 46,202,457 states generated (41,805 s/min), 3,343,712 distinct states found (2,839 ds/min), 2,908,241 states left on queue.
Progress(8) at 2026-03-17 15:12:42: 46,244,691 states generated (42,234 s/min), 3,348,585 distinct states found (4,873 ds/min), 2,912,738 states left on queue.
Progress(8) at 2026-03-17 15:13:42: 46,286,148 states generated (41,457 s/min), 3,353,216 distinct states found (4,631 ds/min), 2,916,985 states left on queue.
Progress(8) at 2026-03-17 15:14:42: 46,329,106 states generated (42,958 s/min), 3,356,535 distinct states found (3,319 ds/min), 2,919,911 states left on queue.
Progress(8) at 2026-03-17 15:15:42: 46,374,393 states generated (45,287 s/min), 3,361,197 distinct states found (4,662 ds/min), 2,924,172 states left on queue.
Progress(8) at 2026-03-17 15:16:42: 46,413,180 states generated (38,787 s/min), 3,368,239 distinct states found (7,042 ds/min), 2,930,870 states left on queue.
Progress(8) at 2026-03-17 15:17:42: 46,453,736 states generated (40,556 s/min), 3,371,798 distinct states found (3,559 ds/min), 2,934,077 states left on queue.
Progress(8) at 2026-03-17 15:18:42: 46,496,426 states generated (42,690 s/min), 3,375,041 distinct states found (3,243 ds/min), 2,936,949 states left on queue.
Progress(8) at 2026-03-17 15:19:42: 46,535,684 states generated (39,258 s/min), 3,379,123 distinct states found (4,082 ds/min), 2,940,689 states left on queue.
Progress(8) at 2026-03-17 15:20:42: 46,575,621 states generated (39,937 s/min), 3,382,159 distinct states found (3,036 ds/min), 2,943,378 states left on queue.
Progress(8) at 2026-03-17 15:21:42: 46,615,552 states generated (39,931 s/min), 3,385,737 distinct states found (3,578 ds/min), 2,946,609 states left on queue.
Progress(8) at 2026-03-17 15:22:42: 46,656,392 states generated (40,840 s/min), 3,389,010 distinct states found (3,273 ds/min), 2,949,527 states left on queue.
Progress(8) at 2026-03-17 15:23:42: 46,697,197 states generated (40,805 s/min), 3,392,027 distinct states found (3,017 ds/min), 2,952,190 states left on queue.
Progress(8) at 2026-03-17 15:24:42: 46,733,299 states generated (36,102 s/min), 3,398,730 distinct states found (6,703 ds/min), 2,958,572 states left on queue.
Progress(8) at 2026-03-17 15:25:42: 46,772,500 states generated (39,201 s/min), 3,402,107 distinct states found (3,377 ds/min), 2,961,608 states left on queue.
Progress(8) at 2026-03-17 15:26:42: 46,812,225 states generated (39,725 s/min), 3,405,281 distinct states found (3,174 ds/min), 2,964,438 states left on queue.
Progress(8) at 2026-03-17 15:27:42: 46,852,448 states generated (40,223 s/min), 3,409,269 distinct states found (3,988 ds/min), 2,968,075 states left on queue.
Progress(8) at 2026-03-17 15:28:42: 46,892,286 states generated (39,838 s/min), 3,412,446 distinct states found (3,177 ds/min), 2,970,906 states left on queue.
Progress(8) at 2026-03-17 15:29:42: 46,935,107 states generated (42,821 s/min), 3,416,243 distinct states found (3,797 ds/min), 2,974,331 states left on queue.
Progress(8) at 2026-03-17 15:30:42: 46,976,073 states generated (40,966 s/min), 3,419,529 distinct states found (3,286 ds/min), 2,977,261 states left on queue.
Progress(8) at 2026-03-17 15:31:42: 47,017,362 states generated (41,289 s/min), 3,422,646 distinct states found (3,117 ds/min), 2,980,020 states left on queue.
Progress(8) at 2026-03-17 15:32:42: 47,054,430 states generated (37,068 s/min), 3,429,129 distinct states found (6,483 ds/min), 2,986,173 states left on queue.
Progress(8) at 2026-03-17 15:33:42: 47,091,872 states generated (37,442 s/min), 3,432,216 distinct states found (3,087 ds/min), 2,988,935 states left on queue.
Progress(8) at 2026-03-17 15:34:42: 47,128,917 states generated (37,045 s/min), 3,435,573 distinct states found (3,357 ds/min), 2,991,970 states left on queue.
Checkpointing of run states/26-03-16-20-34-44
Checkpointing completed at (2026-03-17 15:35:43)
Progress(8) at 2026-03-17 15:35:43: 47,167,437 states generated (38,520 s/min), 3,438,463 distinct states found (2,890 ds/min), 2,994,526 states left on queue.
Progress(8) at 2026-03-17 15:36:43: 47,204,840 states generated (37,403 s/min), 3,442,261 distinct states found (3,798 ds/min), 2,997,998 states left on queue.
Progress(8) at 2026-03-17 15:37:43: 47,242,685 states generated (37,845 s/min), 3,445,315 distinct states found (3,054 ds/min), 3,000,723 states left on queue.
Progress(8) at 2026-03-17 15:38:43: 47,280,762 states generated (38,077 s/min), 3,448,701 distinct states found (3,386 ds/min), 3,003,778 states left on queue.
Progress(8) at 2026-03-17 15:39:43: 47,316,548 states generated (35,786 s/min), 3,451,635 distinct states found (2,934 ds/min), 3,006,401 states left on queue.
Progress(8) at 2026-03-17 15:40:43: 47,345,925 states generated (29,377 s/min), 3,453,822 distinct states found (2,187 ds/min), 3,008,333 states left on queue.
Progress(8) at 2026-03-17 15:41:43: 47,378,496 states generated (32,571 s/min), 3,456,192 distinct states found (2,370 ds/min), 3,010,421 states left on queue.
Progress(8) at 2026-03-17 15:42:43: 47,412,609 states generated (34,113 s/min), 3,462,822 distinct states found (6,630 ds/min), 3,016,747 states left on queue.
Progress(8) at 2026-03-17 15:43:43: 47,448,787 states generated (36,178 s/min), 3,465,946 distinct states found (3,124 ds/min), 3,019,556 states left on queue.
Progress(8) at 2026-03-17 15:44:43: 47,485,083 states generated (36,296 s/min), 3,468,855 distinct states found (2,909 ds/min), 3,022,150 states left on queue.
Progress(8) at 2026-03-17 15:45:43: 47,521,818 states generated (36,735 s/min), 3,472,554 distinct states found (3,699 ds/min), 3,025,529 states left on queue.
Progress(8) at 2026-03-17 15:46:43: 47,559,795 states generated (37,977 s/min), 3,475,621 distinct states found (3,067 ds/min), 3,028,266 states left on queue.
Progress(8) at 2026-03-17 15:47:43: 47,597,264 states generated (37,469 s/min), 3,478,982 distinct states found (3,361 ds/min), 3,031,301 states left on queue.
Progress(8) at 2026-03-17 15:48:43: 47,635,093 states generated (37,829 s/min), 3,481,824 distinct states found (2,842 ds/min), 3,033,815 states left on queue.
Progress(8) at 2026-03-17 15:49:43: 47,673,410 states generated (38,317 s/min), 3,484,907 distinct states found (3,083 ds/min), 3,036,565 states left on queue.
Progress(8) at 2026-03-17 15:50:43: 47,711,211 states generated (37,801 s/min), 3,487,721 distinct states found (2,814 ds/min), 3,039,051 states left on queue.
Progress(8) at 2026-03-17 15:51:43: 47,744,149 states generated (32,938 s/min), 3,494,208 distinct states found (6,487 ds/min), 3,045,244 states left on queue.
Progress(8) at 2026-03-17 15:52:43: 47,776,974 states generated (32,825 s/min), 3,497,070 distinct states found (2,862 ds/min), 3,047,821 states left on queue.
Progress(8) at 2026-03-17 15:53:43: 47,811,595 states generated (34,621 s/min), 3,499,889 distinct states found (2,819 ds/min), 3,050,339 states left on queue.
Progress(8) at 2026-03-17 15:54:43: 47,847,178 states generated (35,583 s/min), 3,502,506 distinct states found (2,617 ds/min), 3,052,648 states left on queue.
Progress(8) at 2026-03-17 15:55:43: 47,882,540 states generated (35,362 s/min), 3,506,378 distinct states found (3,872 ds/min), 3,056,211 states left on queue.
Progress(8) at 2026-03-17 15:56:43: 47,919,503 states generated (36,963 s/min), 3,509,151 distinct states found (2,773 ds/min), 3,058,663 states left on queue.
Progress(8) at 2026-03-17 15:57:43: 47,950,012 states generated (30,509 s/min), 3,511,978 distinct states found (2,827 ds/min), 3,061,225 states left on queue.
Progress(8) at 2026-03-17 15:58:43: 47,982,933 states generated (32,921 s/min), 3,514,685 distinct states found (2,707 ds/min), 3,063,646 states left on queue.
Progress(8) at 2026-03-17 15:59:43: 48,019,385 states generated (36,452 s/min), 3,517,436 distinct states found (2,751 ds/min), 3,066,081 states left on queue.
Progress(8) at 2026-03-17 16:00:43: 48,056,141 states generated (36,756 s/min), 3,520,187 distinct states found (2,751 ds/min), 3,068,508 states left on queue.
Progress(8) at 2026-03-17 16:01:43: 48,086,356 states generated (30,215 s/min), 3,524,019 distinct states found (3,832 ds/min), 3,072,063 states left on queue.
Progress(8) at 2026-03-17 16:02:43: 48,118,236 states generated (31,880 s/min), 3,527,973 distinct states found (3,954 ds/min), 3,075,721 states left on queue.
Progress(8) at 2026-03-17 16:03:43: 48,159,691 states generated (41,455 s/min), 3,530,993 distinct states found (3,020 ds/min), 3,078,373 states left on queue.
Progress(8) at 2026-03-17 16:04:43: 48,199,570 states generated (39,879 s/min), 3,535,710 distinct states found (4,717 ds/min), 3,082,726 states left on queue.
Checkpointing of run states/26-03-16-20-34-44
Checkpointing completed at (2026-03-17 16:05:44)
Progress(8) at 2026-03-17 16:05:44: 48,232,576 states generated (33,006 s/min), 3,539,831 distinct states found (4,121 ds/min), 3,086,541 states left on queue.
Progress(8) at 2026-03-17 16:06:44: 48,265,747 states generated (33,171 s/min), 3,542,318 distinct states found (2,487 ds/min), 3,088,731 states left on queue.
Progress(8) at 2026-03-17 16:07:44: 48,293,510 states generated (27,763 s/min), 3,545,996 distinct states found (3,678 ds/min), 3,092,154 states left on queue.
Progress(8) at 2026-03-17 16:08:44: 48,323,153 states generated (29,643 s/min), 3,548,508 distinct states found (2,512 ds/min), 3,094,394 states left on queue.
Progress(8) at 2026-03-17 16:09:44: 48,363,092 states generated (39,939 s/min), 3,552,804 distinct states found (4,296 ds/min), 3,098,333 states left on queue.
Progress(8) at 2026-03-17 16:10:44: 48,401,439 states generated (38,347 s/min), 3,557,319 distinct states found (4,515 ds/min), 3,102,495 states left on queue.
Progress(8) at 2026-03-17 16:11:44: 48,436,062 states generated (34,623 s/min), 3,561,511 distinct states found (4,192 ds/min), 3,106,367 states left on queue.
Progress(8) at 2026-03-17 16:12:44: 48,478,260 states generated (42,198 s/min), 3,564,838 distinct states found (3,327 ds/min), 3,109,316 states left on queue.
Progress(8) at 2026-03-17 16:13:44: 48,519,449 states generated (41,189 s/min), 3,569,378 distinct states found (4,540 ds/min), 3,113,487 states left on queue.
Progress(8) at 2026-03-17 16:14:44: 48,559,276 states generated (39,827 s/min), 3,574,017 distinct states found (4,639 ds/min), 3,117,763 states left on queue.
Progress(8) at 2026-03-17 16:15:44: 48,592,255 states generated (32,979 s/min), 3,578,087 distinct states found (4,070 ds/min), 3,121,531 states left on queue.
Progress(8) at 2026-03-17 16:16:44: 48,627,255 states generated (35,000 s/min), 3,580,702 distinct states found (2,615 ds/min), 3,123,837 states left on queue.
Progress(8) at 2026-03-17 16:17:44: 48,660,993 states generated (33,738 s/min), 3,584,888 distinct states found (4,186 ds/min), 3,127,714 states left on queue.
Progress(8) at 2026-03-17 16:18:44: 48,693,281 states generated (32,288 s/min), 3,588,025 distinct states found (3,137 ds/min), 3,130,554 states left on queue.
Progress(8) at 2026-03-17 16:19:44: 48,725,463 states generated (32,182 s/min), 3,591,310 distinct states found (3,285 ds/min), 3,133,553 states left on queue.
Progress(8) at 2026-03-17 16:20:44: 48,760,932 states generated (35,469 s/min), 3,595,627 distinct states found (4,317 ds/min), 3,137,542 states left on queue.
Progress(8) at 2026-03-17 16:21:44: 48,794,058 states generated (33,126 s/min), 3,598,426 distinct states found (2,799 ds/min), 3,140,041 states left on queue.
Progress(8) at 2026-03-17 16:22:44: 48,823,777 states generated (29,719 s/min), 3,601,929 distinct states found (3,503 ds/min), 3,143,275 states left on queue.
Progress(8) at 2026-03-17 16:23:44: 48,857,820 states generated (34,043 s/min), 3,606,088 distinct states found (4,159 ds/min), 3,147,119 states left on queue.
Progress(8) at 2026-03-17 16:24:44: 48,887,199 states generated (29,379 s/min), 3,608,268 distinct states found (2,180 ds/min), 3,149,040 states left on queue.
Progress(8) at 2026-03-17 16:25:44: 48,914,090 states generated (26,891 s/min), 3,611,933 distinct states found (3,665 ds/min), 3,152,453 states left on queue.
Progress(8) at 2026-03-17 16:26:44: 48,947,933 states generated (33,843 s/min), 3,614,428 distinct states found (2,495 ds/min), 3,154,645 states left on queue.
Progress(8) at 2026-03-17 16:27:44: 48,985,045 states generated (37,112 s/min), 3,618,834 distinct states found (4,406 ds/min), 3,158,713 states left on queue.
Progress(8) at 2026-03-17 16:28:44: 49,018,842 states generated (33,797 s/min), 3,623,015 distinct states found (4,181 ds/min), 3,162,581 states left on queue.
Progress(8) at 2026-03-17 16:29:44: 49,060,107 states generated (41,265 s/min), 3,627,275 distinct states found (4,260 ds/min), 3,166,463 states left on queue.
Progress(8) at 2026-03-17 16:30:44: 49,103,187 states generated (43,080 s/min), 3,631,009 distinct states found (3,734 ds/min), 3,169,815 states left on queue.
Progress(8) at 2026-03-17 16:31:44: 49,144,611 states generated (41,424 s/min), 3,635,651 distinct states found (4,642 ds/min), 3,174,082 states left on queue.
Progress(8) at 2026-03-17 16:32:44: 49,185,705 states generated (41,094 s/min), 3,640,370 distinct states found (4,719 ds/min), 3,178,428 states left on queue.
Progress(8) at 2026-03-17 16:33:44: 49,228,022 states generated (42,317 s/min), 3,645,184 distinct states found (4,814 ds/min), 3,182,858 states left on queue.
Progress(8) at 2026-03-17 16:34:44: 49,271,009 states generated (42,987 s/min), 3,649,574 distinct states found (4,390 ds/min), 3,186,858 states left on queue.
Checkpointing of run states/26-03-16-20-34-44
Checkpointing completed at (2026-03-17 16:35:45)
Progress(8) at 2026-03-17 16:35:45: 49,314,503 states generated (43,494 s/min), 3,653,339 distinct states found (3,765 ds/min), 3,190,237 states left on queue.
Progress(8) at 2026-03-17 16:36:45: 49,357,150 states generated (42,647 s/min), 3,658,101 distinct states found (4,762 ds/min), 3,194,614 states left on queue.
Progress(8) at 2026-03-17 16:37:45: 49,399,662 states generated (42,512 s/min), 3,662,934 distinct states found (4,833 ds/min), 3,199,061 states left on queue.
Progress(8) at 2026-03-17 16:38:45: 49,443,004 states generated (43,342 s/min), 3,667,830 distinct states found (4,896 ds/min), 3,203,564 states left on queue.
Progress(8) at 2026-03-17 16:39:45: 49,485,222 states generated (42,218 s/min), 3,672,575 distinct states found (4,745 ds/min), 3,207,926 states left on queue.
Progress(8) at 2026-03-17 16:40:45: 49,528,809 states generated (43,587 s/min), 3,675,974 distinct states found (3,399 ds/min), 3,210,935 states left on queue.
Progress(8) at 2026-03-17 16:41:45: 49,571,458 states generated (42,649 s/min), 3,680,668 distinct states found (4,694 ds/min), 3,215,247 states left on queue.
Progress(8) at 2026-03-17 16:42:45: 49,612,983 states generated (41,525 s/min), 3,685,431 distinct states found (4,763 ds/min), 3,219,633 states left on queue.
Progress(8) at 2026-03-17 16:43:45: 49,655,133 states generated (42,150 s/min), 3,690,236 distinct states found (4,805 ds/min), 3,224,056 states left on queue.
Progress(8) at 2026-03-17 16:44:45: 49,697,195 states generated (42,062 s/min), 3,694,984 distinct states found (4,748 ds/min), 3,228,422 states left on queue.
Progress(8) at 2026-03-17 16:45:45: 49,740,970 states generated (43,775 s/min), 3,698,634 distinct states found (3,650 ds/min), 3,231,679 states left on queue.
Progress(8) at 2026-03-17 16:46:45: 49,783,747 states generated (42,777 s/min), 3,703,085 distinct states found (4,451 ds/min), 3,235,748 states left on queue.
Progress(8) at 2026-03-17 16:47:45: 49,825,301 states generated (41,554 s/min), 3,707,851 distinct states found (4,766 ds/min), 3,240,137 states left on queue.
Progress(8) at 2026-03-17 16:48:45: 49,864,598 states generated (39,297 s/min), 3,712,459 distinct states found (4,608 ds/min), 3,244,387 states left on queue.
Progress(8) at 2026-03-17 16:49:45: 49,897,641 states generated (33,043 s/min), 3,714,796 distinct states found (2,337 ds/min), 3,246,428 states left on queue.
Progress(8) at 2026-03-17 16:50:45: 49,932,092 states generated (34,451 s/min), 3,719,106 distinct states found (4,310 ds/min), 3,250,428 states left on queue.
Progress(8) at 2026-03-17 16:51:45: 49,964,275 states generated (32,183 s/min), 3,723,163 distinct states found (4,057 ds/min), 3,254,191 states left on queue.
Progress(8) at 2026-03-17 16:52:45: 49,996,024 states generated (31,749 s/min), 3,725,505 distinct states found (2,342 ds/min), 3,256,252 states left on queue.
Progress(8) at 2026-03-17 16:53:45: 50,024,973 states generated (28,949 s/min), 3,729,357 distinct states found (3,852 ds/min), 3,259,838 states left on queue.
Progress(8) at 2026-03-17 16:54:45: 50,065,822 states generated (40,849 s/min), 3,734,015 distinct states found (4,658 ds/min), 3,264,125 states left on queue.
Progress(8) at 2026-03-17 16:55:45: 50,107,015 states generated (41,193 s/min), 3,736,803 distinct states found (2,788 ds/min), 3,266,546 states left on queue.
Progress(8) at 2026-03-17 16:56:45: 50,146,555 states generated (39,540 s/min), 3,741,690 distinct states found (4,887 ds/min), 3,271,077 states left on queue.
Progress(8) at 2026-03-17 16:57:45: 50,185,182 states generated (38,627 s/min), 3,746,244 distinct states found (4,554 ds/min), 3,275,279 states left on queue.
Progress(8) at 2026-03-17 16:58:45: 50,224,116 states generated (38,934 s/min), 3,750,767 distinct states found (4,523 ds/min), 3,279,448 states left on queue.
Progress(8) at 2026-03-17 16:59:45: 50,258,437 states generated (34,321 s/min), 3,753,325 distinct states found (2,558 ds/min), 3,281,703 states left on queue.
Progress(8) at 2026-03-17 17:00:45: 50,291,161 states generated (32,724 s/min), 3,757,438 distinct states found (4,113 ds/min), 3,285,517 states left on queue.
Progress(8) at 2026-03-17 17:01:45: 50,331,396 states generated (40,235 s/min), 3,762,073 distinct states found (4,635 ds/min), 3,289,786 states left on queue.
Progress(8) at 2026-03-17 17:02:45: 50,373,363 states generated (41,967 s/min), 3,765,375 distinct states found (3,302 ds/min), 3,292,712 states left on queue.
Progress(8) at 2026-03-17 17:03:45: 50,404,398 states generated (31,035 s/min), 3,769,178 distinct states found (3,803 ds/min), 3,296,236 states left on queue.
Progress(8) at 2026-03-17 17:04:45: 50,441,304 states generated (36,906 s/min), 3,773,583 distinct states found (4,405 ds/min), 3,300,305 states left on queue.
Checkpointing of run states/26-03-16-20-34-44
Checkpointing completed at (2026-03-17 17:05:45)
Progress(8) at 2026-03-17 17:05:45: 50,482,732 states generated (41,428 s/min), 3,777,411 distinct states found (3,828 ds/min), 3,303,758 states left on queue.
Progress(8) at 2026-03-17 17:06:45: 50,523,652 states generated (40,920 s/min), 3,781,339 distinct states found (3,928 ds/min), 3,307,323 states left on queue.
Progress(8) at 2026-03-17 17:07:45: 50,563,893 states generated (40,241 s/min), 3,786,009 distinct states found (4,670 ds/min), 3,311,628 states left on queue.
Progress(8) at 2026-03-17 17:08:45: 50,603,045 states generated (39,152 s/min), 3,790,606 distinct states found (4,597 ds/min), 3,315,869 states left on queue.
Progress(8) at 2026-03-17 17:09:45: 50,642,913 states generated (39,868 s/min), 3,795,147 distinct states found (4,541 ds/min), 3,320,047 states left on queue.
Progress(8) at 2026-03-17 17:10:45: 50,684,272 states generated (41,359 s/min), 3,798,162 distinct states found (3,015 ds/min), 3,322,696 states left on queue.
Progress(8) at 2026-03-17 17:11:45: 50,724,705 states generated (40,433 s/min), 3,802,939 distinct states found (4,777 ds/min), 3,327,107 states left on queue.
Progress(8) at 2026-03-17 17:12:45: 50,764,963 states generated (40,258 s/min), 3,807,611 distinct states found (4,672 ds/min), 3,331,413 states left on queue.
Progress(8) at 2026-03-17 17:13:45: 50,805,246 states generated (40,283 s/min), 3,812,239 distinct states found (4,628 ds/min), 3,335,675 states left on queue.
Progress(8) at 2026-03-17 17:14:45: 50,847,105 states generated (41,859 s/min), 3,815,520 distinct states found (3,281 ds/min), 3,338,581 states left on queue.
Progress(8) at 2026-03-17 17:15:46: 50,887,113 states generated (40,008 s/min), 3,820,006 distinct states found (4,486 ds/min), 3,342,709 states left on queue.
Progress(8) at 2026-03-17 17:16:46: 50,927,127 states generated (40,014 s/min), 3,824,643 distinct states found (4,637 ds/min), 3,346,982 states left on queue.
Progress(8) at 2026-03-17 17:17:46: 50,967,954 states generated (40,827 s/min), 3,829,342 distinct states found (4,699 ds/min), 3,351,310 states left on queue.
Progress(8) at 2026-03-17 17:18:46: 51,008,901 states generated (40,947 s/min), 3,832,797 distinct states found (3,455 ds/min), 3,354,394 states left on queue.
Progress(8) at 2026-03-17 17:19:46: 51,049,972 states generated (41,071 s/min), 3,837,080 distinct states found (4,283 ds/min), 3,358,313 states left on queue.
Progress(8) at 2026-03-17 17:20:46: 51,090,679 states generated (40,707 s/min), 3,841,787 distinct states found (4,707 ds/min), 3,362,650 states left on queue.
Progress(8) at 2026-03-17 17:21:46: 51,131,360 states generated (40,681 s/min), 3,846,486 distinct states found (4,699 ds/min), 3,366,980 states left on queue.
Progress(8) at 2026-03-17 17:22:46: 51,171,274 states generated (39,914 s/min), 3,851,047 distinct states found (4,561 ds/min), 3,371,178 states left on queue.
Progress(8) at 2026-03-17 17:23:46: 51,212,333 states generated (41,059 s/min), 3,854,069 distinct states found (3,022 ds/min), 3,373,833 states left on queue.
Progress(8) at 2026-03-17 17:24:46: 51,253,816 states generated (41,483 s/min), 3,855,063 distinct states found (994 ds/min), 3,374,391 states left on queue.
Progress(8) at 2026-03-17 17:25:46: 51,294,367 states generated (40,551 s/min), 3,856,524 distinct states found (1,461 ds/min), 3,375,424 states left on queue.
Progress(8) at 2026-03-17 17:26:46: 51,336,192 states generated (41,825 s/min), 3,857,894 distinct states found (1,370 ds/min), 3,376,352 states left on queue.
Progress(8) at 2026-03-17 17:27:46: 51,377,642 states generated (41,450 s/min), 3,859,316 distinct states found (1,422 ds/min), 3,377,336 states left on queue.
Progress(8) at 2026-03-17 17:28:46: 51,419,954 states generated (42,312 s/min), 3,860,181 distinct states found (865 ds/min), 3,377,754 states left on queue.
Progress(8) at 2026-03-17 17:29:46: 51,461,927 states generated (41,973 s/min), 3,861,713 distinct states found (1,532 ds/min), 3,378,844 states left on queue.
Progress(8) at 2026-03-17 17:30:46: 51,503,568 states generated (41,641 s/min), 3,863,159 distinct states found (1,446 ds/min), 3,379,851 states left on queue.
Progress(8) at 2026-03-17 17:31:46: 51,544,682 states generated (41,114 s/min), 3,864,666 distinct states found (1,507 ds/min), 3,380,930 states left on queue.
Progress(8) at 2026-03-17 17:32:46: 51,583,538 states generated (38,856 s/min), 3,866,704 distinct states found (2,038 ds/min), 3,382,575 states left on queue.
Progress(8) at 2026-03-17 17:33:46: 51,618,923 states generated (35,385 s/min), 3,868,351 distinct states found (1,647 ds/min), 3,383,864 states left on queue.
Progress(8) at 2026-03-17 17:34:46: 51,654,143 states generated (35,220 s/min), 3,870,009 distinct states found (1,658 ds/min), 3,385,166 states left on queue.
Checkpointing of run states/26-03-16-20-34-44
Checkpointing completed at (2026-03-17 17:35:46)
Progress(8) at 2026-03-17 17:35:46: 51,695,494 states generated (41,351 s/min), 3,872,093 distinct states found (2,084 ds/min), 3,386,831 states left on queue.
Progress(8) at 2026-03-17 17:36:46: 51,734,001 states generated (38,507 s/min), 3,875,780 distinct states found (3,687 ds/min), 3,390,130 states left on queue.
Progress(8) at 2026-03-17 17:37:46: 51,763,374 states generated (29,373 s/min), 3,884,720 distinct states found (8,940 ds/min), 3,398,774 states left on queue.
Progress(8) at 2026-03-17 17:38:46: 51,799,455 states generated (36,081 s/min), 3,889,118 distinct states found (4,398 ds/min), 3,402,800 states left on queue.
Progress(8) at 2026-03-17 17:39:46: 51,838,377 states generated (38,922 s/min), 3,891,379 distinct states found (2,261 ds/min), 3,404,659 states left on queue.
Progress(8) at 2026-03-17 17:40:46: 51,876,970 states generated (38,593 s/min), 3,893,629 distinct states found (2,250 ds/min), 3,406,514 states left on queue.
Progress(8) at 2026-03-17 17:41:46: 51,907,667 states generated (30,697 s/min), 3,895,101 distinct states found (1,472 ds/min), 3,407,676 states left on queue.
Progress(8) at 2026-03-17 17:42:46: 51,947,153 states generated (39,486 s/min), 3,897,359 distinct states found (2,258 ds/min), 3,409,536 states left on queue.
Progress(8) at 2026-03-17 17:43:46: 51,986,296 states generated (39,143 s/min), 3,899,615 distinct states found (2,256 ds/min), 3,411,398 states left on queue.
Progress(8) at 2026-03-17 17:44:46: 52,025,737 states generated (39,441 s/min), 3,901,871 distinct states found (2,256 ds/min), 3,413,258 states left on queue.
Progress(8) at 2026-03-17 17:45:46: 52,064,000 states generated (38,263 s/min), 3,904,114 distinct states found (2,243 ds/min), 3,415,115 states left on queue.
Progress(8) at 2026-03-17 17:46:46: 52,101,209 states generated (37,209 s/min), 3,906,330 distinct states found (2,216 ds/min), 3,416,957 states left on queue.
Progress(8) at 2026-03-17 17:47:46: 52,137,965 states generated (36,756 s/min), 3,908,207 distinct states found (1,877 ds/min), 3,418,464 states left on queue.
Progress(8) at 2026-03-17 17:48:46: 52,176,758 states generated (38,793 s/min), 3,910,459 distinct states found (2,252 ds/min), 3,420,326 states left on queue.
Progress(8) at 2026-03-17 17:49:46: 52,216,157 states generated (39,399 s/min), 3,912,712 distinct states found (2,253 ds/min), 3,422,182 states left on queue.
Progress(8) at 2026-03-17 17:50:46: 52,245,139 states generated (28,982 s/min), 3,914,567 distinct states found (1,855 ds/min), 3,423,744 states left on queue.
Progress(8) at 2026-03-17 17:51:46: 52,284,321 states generated (39,182 s/min), 3,915,683 distinct states found (1,116 ds/min), 3,424,441 states left on queue.
Progress(8) at 2026-03-17 17:52:46: 52,324,679 states generated (40,358 s/min), 3,916,850 distinct states found (1,167 ds/min), 3,425,177 states left on queue.
Progress(8) at 2026-03-17 17:53:46: 52,364,427 states generated (39,748 s/min), 3,918,646 distinct states found (1,796 ds/min), 3,426,563 states left on queue.
Progress(8) at 2026-03-17 17:54:46: 52,404,961 states generated (40,534 s/min), 3,923,133 distinct states found (4,487 ds/min), 3,430,691 states left on queue.
Progress(8) at 2026-03-17 17:55:46: 52,444,067 states generated (39,106 s/min), 3,927,593 distinct states found (4,460 ds/min), 3,434,787 states left on queue.
Progress(8) at 2026-03-17 17:56:46: 52,484,886 states generated (40,819 s/min), 3,930,417 distinct states found (2,824 ds/min), 3,437,241 states left on queue.
Progress(8) at 2026-03-17 17:57:46: 52,525,764 states generated (40,878 s/min), 3,935,136 distinct states found (4,719 ds/min), 3,441,594 states left on queue.
Progress(8) at 2026-03-17 17:58:46: 52,556,568 states generated (30,804 s/min), 3,938,914 distinct states found (3,778 ds/min), 3,445,082 states left on queue.
Progress(8) at 2026-03-17 17:59:46: 52,597,781 states generated (41,213 s/min), 3,941,861 distinct states found (2,947 ds/min), 3,447,666 states left on queue.
Progress(8) at 2026-03-17 18:00:46: 52,633,767 states generated (35,986 s/min), 3,946,203 distinct states found (4,342 ds/min), 3,451,674 states left on queue.
Progress(8) at 2026-03-17 18:01:46: 52,674,620 states generated (40,853 s/min), 3,949,337 distinct states found (3,134 ds/min), 3,454,433 states left on queue.
Progress(8) at 2026-03-17 18:02:46: 52,717,083 states generated (42,463 s/min), 3,953,860 distinct states found (4,523 ds/min), 3,458,581 states left on queue.
Progress(8) at 2026-03-17 18:03:46: 52,756,576 states generated (39,493 s/min), 3,958,349 distinct states found (4,489 ds/min), 3,462,703 states left on queue.
Progress(8) at 2026-03-17 18:04:46: 52,797,475 states generated (40,899 s/min), 3,961,508 distinct states found (3,159 ds/min), 3,465,487 states left on queue.
Checkpointing of run states/26-03-16-20-34-44
Checkpointing completed at (2026-03-17 18:05:46)
Progress(8) at 2026-03-17 18:05:46: 52,840,706 states generated (43,231 s/min), 3,966,066 distinct states found (4,558 ds/min), 3,469,663 states left on queue.
Progress(8) at 2026-03-17 18:06:46: 52,870,782 states generated (30,076 s/min), 3,969,853 distinct states found (3,787 ds/min), 3,473,166 states left on queue.
Progress(8) at 2026-03-17 18:07:46: 52,913,756 states generated (42,974 s/min), 3,973,000 distinct states found (3,147 ds/min), 3,475,925 states left on queue.
Progress(8) at 2026-03-17 18:08:46: 52,957,101 states generated (43,345 s/min), 3,977,754 distinct states found (4,754 ds/min), 3,480,291 states left on queue.
Progress(8) at 2026-03-17 18:09:46: 52,998,109 states generated (41,008 s/min), 3,982,349 distinct states found (4,595 ds/min), 3,484,506 states left on queue.
Progress(8) at 2026-03-17 18:10:46: 53,039,023 states generated (40,914 s/min), 3,985,195 distinct states found (2,846 ds/min), 3,486,981 states left on queue.
Progress(8) at 2026-03-17 18:11:46: 53,066,878 states generated (27,855 s/min), 3,988,948 distinct states found (3,753 ds/min), 3,490,482 states left on queue.
Progress(8) at 2026-03-17 18:12:46: 53,097,848 states generated (30,970 s/min), 3,991,207 distinct states found (2,259 ds/min), 3,492,459 states left on queue.
Progress(8) at 2026-03-17 18:13:46: 53,129,031 states generated (31,183 s/min), 3,995,075 distinct states found (3,868 ds/min), 3,496,044 states left on queue.
Progress(8) at 2026-03-17 18:14:46: 53,168,766 states generated (39,735 s/min), 3,998,657 distinct states found (3,582 ds/min), 3,499,259 states left on queue.
Progress(8) at 2026-03-17 18:15:46: 53,212,088 states generated (43,322 s/min), 4,002,691 distinct states found (4,034 ds/min), 3,502,912 states left on queue.
Progress(8) at 2026-03-17 18:16:46: 53,253,496 states generated (41,408 s/min), 4,007,344 distinct states found (4,653 ds/min), 3,507,182 states left on queue.
Progress(8) at 2026-03-17 18:17:46: 53,293,855 states generated (40,359 s/min), 4,011,750 distinct states found (4,406 ds/min), 3,511,214 states left on queue.
Progress(8) at 2026-03-17 18:18:46: 53,337,988 states generated (44,133 s/min), 4,014,919 distinct states found (3,169 ds/min), 3,513,993 states left on queue.
Progress(8) at 2026-03-17 18:19:46: 53,374,927 states generated (36,939 s/min), 4,019,384 distinct states found (4,465 ds/min), 3,518,117 states left on queue.
Progress(8) at 2026-03-17 18:20:46: 53,410,421 states generated (35,494 s/min), 4,021,759 distinct states found (2,375 ds/min), 3,520,167 states left on queue.
Progress(8) at 2026-03-17 18:21:46: 53,453,786 states generated (43,365 s/min), 4,026,728 distinct states found (4,969 ds/min), 3,524,751 states left on queue.
Progress(8) at 2026-03-17 18:22:46: 53,494,691 states generated (40,905 s/min), 4,031,317 distinct states found (4,589 ds/min), 3,528,961 states left on queue.
Progress(8) at 2026-03-17 18:23:46: 53,533,331 states generated (38,640 s/min), 4,033,905 distinct states found (2,588 ds/min), 3,531,196 states left on queue.
Progress(8) at 2026-03-17 18:24:46: 53,569,937 states generated (36,606 s/min), 4,038,389 distinct states found (4,484 ds/min), 3,535,353 states left on queue.
Progress(8) at 2026-03-17 18:25:46: 53,611,634 states generated (41,697 s/min), 4,043,032 distinct states found (4,643 ds/min), 3,539,610 states left on queue.
Progress(8) at 2026-03-17 18:26:46: 53,654,915 states generated (43,281 s/min), 4,046,065 distinct states found (3,033 ds/min), 3,542,251 states left on queue.
Progress(8) at 2026-03-17 18:27:46: 53,697,377 states generated (42,462 s/min), 4,050,887 distinct states found (4,822 ds/min), 3,546,694 states left on queue.
Progress(8) at 2026-03-17 18:28:46: 53,739,307 states generated (41,930 s/min), 4,055,548 distinct states found (4,661 ds/min), 3,550,967 states left on queue.
Progress(8) at 2026-03-17 18:29:46: 53,782,065 states generated (42,758 s/min), 4,058,894 distinct states found (3,346 ds/min), 3,553,922 states left on queue.
Progress(8) at 2026-03-17 18:30:46: 53,827,503 states generated (45,438 s/min), 4,063,547 distinct states found (4,653 ds/min), 3,558,173 states left on queue.
Progress(8) at 2026-03-17 18:31:46: 53,866,658 states generated (39,155 s/min), 4,070,585 distinct states found (7,038 ds/min), 3,564,864 states left on queue.
Progress(8) at 2026-03-17 18:32:46: 53,908,867 states generated (42,209 s/min), 4,074,292 distinct states found (3,707 ds/min), 3,568,204 states left on queue.
Progress(8) at 2026-03-17 18:33:46: 53,950,313 states generated (41,446 s/min), 4,077,423 distinct states found (3,131 ds/min), 3,570,975 states left on queue.
Progress(8) at 2026-03-17 18:34:46: 53,991,947 states generated (41,634 s/min), 4,081,716 distinct states found (4,293 ds/min), 3,574,905 states left on queue.
Checkpointing of run states/26-03-16-20-34-44
Checkpointing completed at (2026-03-17 18:35:46)
Progress(8) at 2026-03-17 18:35:46: 54,034,895 states generated (42,948 s/min), 4,084,938 distinct states found (3,222 ds/min), 3,577,754 states left on queue.
Progress(8) at 2026-03-17 18:36:46: 54,077,044 states generated (42,149 s/min), 4,088,682 distinct states found (3,744 ds/min), 3,581,132 states left on queue.
Progress(8) at 2026-03-17 18:37:46: 54,120,442 states generated (43,398 s/min), 4,092,117 distinct states found (3,435 ds/min), 3,584,190 states left on queue.
Progress(8) at 2026-03-17 18:38:46: 54,164,801 states generated (44,359 s/min), 4,095,813 distinct states found (3,696 ds/min), 3,587,500 states left on queue.
Progress(8) at 2026-03-17 18:39:46: 54,203,640 states generated (38,839 s/min), 4,102,417 distinct states found (6,604 ds/min), 3,593,760 states left on queue.
Progress(8) at 2026-03-17 18:40:46: 54,243,677 states generated (40,037 s/min), 4,105,944 distinct states found (3,527 ds/min), 3,596,939 states left on queue.
Progress(8) at 2026-03-17 18:41:46: 54,285,059 states generated (41,382 s/min), 4,109,076 distinct states found (3,132 ds/min), 3,599,712 states left on queue.
Progress(8) at 2026-03-17 18:42:46: 54,324,945 states generated (39,886 s/min), 4,113,159 distinct states found (4,083 ds/min), 3,603,447 states left on queue.
Progress(8) at 2026-03-17 18:43:46: 54,365,377 states generated (40,432 s/min), 4,116,281 distinct states found (3,122 ds/min), 3,606,218 states left on queue.
Progress(8) at 2026-03-17 18:44:46: 54,405,438 states generated (40,061 s/min), 4,119,870 distinct states found (3,589 ds/min), 3,609,459 states left on queue.
Progress(8) at 2026-03-17 18:45:46: 54,447,414 states generated (41,976 s/min), 4,123,220 distinct states found (3,350 ds/min), 3,612,444 states left on queue.
Progress(8) at 2026-03-17 18:46:46: 54,489,494 states generated (42,080 s/min), 4,126,330 distinct states found (3,110 ds/min), 3,615,189 states left on queue.
Progress(8) at 2026-03-17 18:47:46: 54,526,777 states generated (37,283 s/min), 4,133,142 distinct states found (6,812 ds/min), 3,621,670 states left on queue.
Progress(8) at 2026-03-17 18:48:46: 54,566,486 states generated (39,709 s/min), 4,136,559 distinct states found (3,417 ds/min), 3,624,742 states left on queue.
Progress(8) at 2026-03-17 18:49:46: 54,606,833 states generated (40,347 s/min), 4,139,787 distinct states found (3,228 ds/min), 3,627,619 states left on queue.
Progress(8) at 2026-03-17 18:50:46: 54,646,538 states generated (39,705 s/min), 4,143,745 distinct states found (3,958 ds/min), 3,631,231 states left on queue.
Progress(8) at 2026-03-17 18:51:46: 54,687,909 states generated (41,371 s/min), 4,147,045 distinct states found (3,300 ds/min), 3,634,172 states left on queue.
Progress(8) at 2026-03-17 18:52:46: 54,728,176 states generated (40,267 s/min), 4,150,602 distinct states found (3,557 ds/min), 3,637,379 states left on queue.
Progress(8) at 2026-03-17 18:53:46: 54,768,225 states generated (40,049 s/min), 4,153,846 distinct states found (3,244 ds/min), 3,640,275 states left on queue.
Progress(8) at 2026-03-17 18:54:46: 54,810,670 states generated (42,445 s/min), 4,157,018 distinct states found (3,172 ds/min), 3,643,079 states left on queue.
Progress(8) at 2026-03-17 18:55:46: 54,849,618 states generated (38,948 s/min), 4,163,740 distinct states found (6,722 ds/min), 3,649,455 states left on queue.
Progress(8) at 2026-03-17 18:56:46: 54,887,446 states generated (37,828 s/min), 4,167,120 distinct states found (3,380 ds/min), 3,652,507 states left on queue.
Progress(8) at 2026-03-17 18:57:46: 54,927,164 states generated (39,718 s/min), 4,170,355 distinct states found (3,235 ds/min), 3,655,396 states left on queue.
Progress(8) at 2026-03-17 18:58:46: 54,966,461 states generated (39,297 s/min), 4,174,192 distinct states found (3,837 ds/min), 3,658,891 states left on queue.
Progress(8) at 2026-03-17 18:59:46: 55,006,244 states generated (39,783 s/min), 4,177,463 distinct states found (3,271 ds/min), 3,661,816 states left on queue.
Progress(8) at 2026-03-17 19:00:46: 55,046,776 states generated (40,532 s/min), 4,180,452 distinct states found (2,989 ds/min), 3,664,454 states left on queue.
Progress(8) at 2026-03-17 19:01:46: 55,086,563 states generated (39,787 s/min), 4,184,036 distinct states found (3,584 ds/min), 3,667,692 states left on queue.
Progress(8) at 2026-03-17 19:02:46: 55,127,251 states generated (40,688 s/min), 4,187,287 distinct states found (3,251 ds/min), 3,670,589 states left on queue.
Progress(8) at 2026-03-17 19:03:46: 55,168,880 states generated (41,629 s/min), 4,190,362 distinct states found (3,075 ds/min), 3,673,303 states left on queue.
Progress(8) at 2026-03-17 19:04:46: 55,204,085 states generated (35,205 s/min), 4,197,083 distinct states found (6,721 ds/min), 3,679,711 states left on queue.
Checkpointing of run states/26-03-16-20-34-44
Checkpointing completed at (2026-03-17 19:05:47)
Progress(8) at 2026-03-17 19:05:47: 55,240,474 states generated (36,389 s/min), 4,200,221 distinct states found (3,138 ds/min), 3,682,532 states left on queue.
Progress(8) at 2026-03-17 19:06:47: 55,277,135 states generated (36,661 s/min), 4,203,154 distinct states found (2,933 ds/min), 3,685,147 states left on queue.
Progress(8) at 2026-03-17 19:07:47: 55,314,623 states generated (37,488 s/min), 4,206,939 distinct states found (3,785 ds/min), 3,688,605 states left on queue.
Progress(8) at 2026-03-17 19:08:47: 55,353,948 states generated (39,325 s/min), 4,210,066 distinct states found (3,127 ds/min), 3,691,391 states left on queue.
Progress(8) at 2026-03-17 19:09:47: 55,392,509 states generated (38,561 s/min), 4,213,536 distinct states found (3,470 ds/min), 3,694,525 states left on queue.
Progress(8) at 2026-03-17 19:10:47: 55,431,378 states generated (38,869 s/min), 4,216,425 distinct states found (2,889 ds/min), 3,697,077 states left on queue.
Progress(8) at 2026-03-17 19:11:47: 55,469,577 states generated (38,199 s/min), 4,219,529 distinct states found (3,104 ds/min), 3,699,850 states left on queue.
Progress(8) at 2026-03-17 19:12:47: 55,508,633 states generated (39,056 s/min), 4,222,530 distinct states found (3,001 ds/min), 3,702,509 states left on queue.
Progress(8) at 2026-03-17 19:13:47: 55,549,389 states generated (40,756 s/min), 4,227,068 distinct states found (4,538 ds/min), 3,706,675 states left on queue.
Progress(8) at 2026-03-17 19:14:47: 55,589,776 states generated (40,387 s/min), 4,231,732 distinct states found (4,664 ds/min), 3,710,968 states left on queue.
Progress(8) at 2026-03-17 19:15:47: 55,630,417 states generated (40,641 s/min), 4,236,386 distinct states found (4,654 ds/min), 3,715,249 states left on queue.
Progress(8) at 2026-03-17 19:16:47: 55,671,112 states generated (40,695 s/min), 4,239,513 distinct states found (3,127 ds/min), 3,718,007 states left on queue.
Progress(8) at 2026-03-17 19:17:47: 55,711,887 states generated (40,775 s/min), 4,244,082 distinct states found (4,569 ds/min), 3,722,212 states left on queue.
Progress(8) at 2026-03-17 19:18:47: 55,752,521 states generated (40,634 s/min), 4,248,767 distinct states found (4,685 ds/min), 3,726,523 states left on queue.
Progress(8) at 2026-03-17 19:19:47: 55,791,271 states generated (38,750 s/min), 4,253,295 distinct states found (4,528 ds/min), 3,730,695 states left on queue.
Progress(8) at 2026-03-17 19:20:47: 55,831,226 states generated (39,955 s/min), 4,257,002 distinct states found (3,707 ds/min), 3,734,037 states left on queue.
Progress(8) at 2026-03-17 19:21:47: 55,872,165 states generated (40,939 s/min), 4,260,924 distinct states found (3,922 ds/min), 3,737,595 states left on queue.
Progress(8) at 2026-03-17 19:22:47: 55,911,341 states generated (39,176 s/min), 4,265,502 distinct states found (4,578 ds/min), 3,741,813 states left on queue.
Progress(8) at 2026-03-17 19:23:47: 55,951,679 states generated (40,338 s/min), 4,270,163 distinct states found (4,661 ds/min), 3,746,104 states left on queue.
Progress(8) at 2026-03-17 19:24:47: 55,992,483 states generated (40,804 s/min), 4,274,793 distinct states found (4,630 ds/min), 3,750,359 states left on queue.
Progress(8) at 2026-03-17 19:25:47: 56,025,912 states generated (33,429 s/min), 4,277,296 distinct states found (2,503 ds/min), 3,752,567 states left on queue.
Progress(8) at 2026-03-17 19:26:47: 56,055,721 states generated (29,809 s/min), 4,281,193 distinct states found (3,897 ds/min), 3,756,187 states left on queue.
Progress(8) at 2026-03-17 19:27:47: 56,086,955 states generated (31,234 s/min), 4,283,178 distinct states found (1,985 ds/min), 3,757,890 states left on queue.
Progress(8) at 2026-03-17 19:28:47: 56,124,006 states generated (37,051 s/min), 4,287,878 distinct states found (4,700 ds/min), 3,762,254 states left on queue.
Progress(8) at 2026-03-17 19:29:47: 56,163,536 states generated (39,530 s/min), 4,292,498 distinct states found (4,620 ds/min), 3,766,514 states left on queue.
Progress(8) at 2026-03-17 19:30:47: 56,203,540 states generated (40,004 s/min), 4,297,100 distinct states found (4,602 ds/min), 3,770,752 states left on queue.
Progress(8) at 2026-03-17 19:31:47: 56,244,354 states generated (40,814 s/min), 4,300,115 distinct states found (3,015 ds/min), 3,773,403 states left on queue.
Progress(8) at 2026-03-17 19:32:47: 56,276,704 states generated (32,350 s/min), 4,304,227 distinct states found (4,112 ds/min), 3,777,222 states left on queue.
Progress(8) at 2026-03-17 19:33:47: 56,314,869 states generated (38,165 s/min), 4,308,722 distinct states found (4,495 ds/min), 3,781,369 states left on queue.
Progress(8) at 2026-03-17 19:34:47: 56,357,224 states generated (42,355 s/min), 4,313,329 distinct states found (4,607 ds/min), 3,785,588 states left on queue.
Checkpointing of run states/26-03-16-20-34-44
Checkpointing completed at (2026-03-17 19:35:47)
Progress(8) at 2026-03-17 19:35:47: 56,400,725 states generated (43,501 s/min), 4,316,784 distinct states found (3,455 ds/min), 3,788,655 states left on queue.
Progress(8) at 2026-03-17 19:36:47: 56,444,039 states generated (43,314 s/min), 4,321,603 distinct states found (4,819 ds/min), 3,793,081 states left on queue.
Progress(8) at 2026-03-17 19:37:47: 56,484,944 states generated (40,905 s/min), 4,326,298 distinct states found (4,695 ds/min), 3,797,401 states left on queue.
Progress(8) at 2026-03-17 19:38:47: 56,525,362 states generated (40,418 s/min), 4,330,956 distinct states found (4,658 ds/min), 3,801,687 states left on queue.
Progress(8) at 2026-03-17 19:39:47: 56,565,033 states generated (39,671 s/min), 4,334,666 distinct states found (3,710 ds/min), 3,805,038 states left on queue.
Progress(8) at 2026-03-17 19:40:47: 56,605,046 states generated (40,013 s/min), 4,338,509 distinct states found (3,843 ds/min), 3,808,526 states left on queue.
Progress(8) at 2026-03-17 19:41:47: 56,644,981 states generated (39,935 s/min), 4,343,163 distinct states found (4,654 ds/min), 3,812,817 states left on queue.
Progress(8) at 2026-03-17 19:42:47: 56,685,616 states generated (40,635 s/min), 4,347,861 distinct states found (4,698 ds/min), 3,817,146 states left on queue.
Progress(8) at 2026-03-17 19:43:47: 56,712,342 states generated (26,726 s/min), 4,349,799 distinct states found (1,938 ds/min), 3,818,848 states left on queue.
Progress(8) at 2026-03-17 19:44:47: 56,747,985 states generated (35,643 s/min), 4,354,145 distinct states found (4,346 ds/min), 3,822,869 states left on queue.
Progress(8) at 2026-03-17 19:45:47: 56,788,652 states generated (40,667 s/min), 4,358,834 distinct states found (4,689 ds/min), 3,827,188 states left on queue.
Progress(8) at 2026-03-17 19:46:47: 56,828,031 states generated (39,379 s/min), 4,362,270 distinct states found (3,436 ds/min), 3,830,269 states left on queue.
Progress(8) at 2026-03-17 19:47:47: 56,868,954 states generated (40,923 s/min), 4,366,430 distinct states found (4,160 ds/min), 3,834,065 states left on queue.
Progress(8) at 2026-03-17 19:48:47: 56,905,826 states generated (36,872 s/min), 4,370,861 distinct states found (4,431 ds/min), 3,838,160 states left on queue.
Progress(8) at 2026-03-17 19:49:47: 56,931,562 states generated (25,736 s/min), 4,372,838 distinct states found (1,977 ds/min), 3,839,904 states left on queue.
Progress(8) at 2026-03-17 19:50:47: 56,972,652 states generated (41,090 s/min), 4,377,464 distinct states found (4,626 ds/min), 3,844,163 states left on queue.
Progress(8) at 2026-03-17 19:51:47: 57,012,519 states generated (39,867 s/min), 4,382,118 distinct states found (4,654 ds/min), 3,848,454 states left on queue.
Progress(8) at 2026-03-17 19:52:47: 57,038,150 states generated (25,631 s/min), 4,384,273 distinct states found (2,155 ds/min), 3,850,376 states left on queue.
Progress(8) at 2026-03-17 19:53:47: 57,068,669 states generated (30,519 s/min), 4,387,936 distinct states found (3,663 ds/min), 3,853,766 states left on queue.
Progress(8) at 2026-03-17 19:54:47: 57,100,665 states generated (31,996 s/min), 4,391,974 distinct states found (4,038 ds/min), 3,857,511 states left on queue.
Progress(8) at 2026-03-17 19:55:47: 57,142,528 states generated (41,863 s/min), 4,395,162 distinct states found (3,188 ds/min), 3,860,323 states left on queue.
Progress(8) at 2026-03-17 19:56:47: 57,185,272 states generated (42,744 s/min), 4,399,908 distinct states found (4,746 ds/min), 3,864,688 states left on queue.
Progress(8) at 2026-03-17 19:57:47: 57,227,774 states generated (42,502 s/min), 4,404,743 distinct states found (4,835 ds/min), 3,869,137 states left on queue.
Progress(8) at 2026-03-17 19:58:47: 57,270,629 states generated (42,855 s/min), 4,409,602 distinct states found (4,859 ds/min), 3,873,607 states left on queue.
Progress(8) at 2026-03-17 19:59:47: 57,314,536 states generated (43,907 s/min), 4,414,529 distinct states found (4,927 ds/min), 3,878,136 states left on queue.
Progress(8) at 2026-03-17 20:00:47: 57,358,249 states generated (43,713 s/min), 4,419,367 distinct states found (4,838 ds/min), 3,882,578 states left on queue.
Progress(8) at 2026-03-17 20:01:47: 57,403,487 states generated (45,238 s/min), 4,422,694 distinct states found (3,327 ds/min), 3,885,501 states left on queue.
Progress(8) at 2026-03-17 20:02:47: 57,446,395 states generated (42,908 s/min), 4,427,640 distinct states found (4,946 ds/min), 3,890,062 states left on queue.
Progress(8) at 2026-03-17 20:03:47: 57,489,083 states generated (42,688 s/min), 4,432,483 distinct states found (4,843 ds/min), 3,894,518 states left on queue.
Progress(8) at 2026-03-17 20:04:47: 57,531,514 states generated (42,431 s/min), 4,437,310 distinct states found (4,827 ds/min), 3,898,960 states left on queue.
Checkpointing of run states/26-03-16-20-34-44
Checkpointing completed at (2026-03-17 20:05:47)
Progress(8) at 2026-03-17 20:05:47: 57,573,079 states generated (41,565 s/min), 4,442,032 distinct states found (4,722 ds/min), 3,903,304 states left on queue.
Progress(8) at 2026-03-17 20:06:47: 57,618,049 states generated (44,970 s/min), 4,445,666 distinct states found (3,634 ds/min), 3,906,534 states left on queue.
Progress(8) at 2026-03-17 20:07:47: 57,662,663 states generated (44,614 s/min), 4,450,285 distinct states found (4,619 ds/min), 3,910,755 states left on queue.
Progress(8) at 2026-03-17 20:08:47: 57,706,409 states generated (43,746 s/min), 4,455,279 distinct states found (4,994 ds/min), 3,915,353 states left on queue.
Progress(8) at 2026-03-17 20:09:47: 57,750,233 states generated (43,824 s/min), 4,460,211 distinct states found (4,932 ds/min), 3,919,888 states left on queue.
Progress(8) at 2026-03-17 20:10:47: 57,794,552 states generated (44,319 s/min), 4,465,175 distinct states found (4,964 ds/min), 3,924,450 states left on queue.
Progress(8) at 2026-03-17 20:11:47: 57,836,783 states generated (42,231 s/min), 4,469,937 distinct states found (4,762 ds/min), 3,928,829 states left on queue.
Progress(8) at 2026-03-17 20:12:47: 57,879,648 states generated (42,865 s/min), 4,473,286 distinct states found (3,349 ds/min), 3,931,794 states left on queue.
Progress(8) at 2026-03-17 20:13:47: 57,923,890 states generated (44,242 s/min), 4,478,074 distinct states found (4,788 ds/min), 3,936,186 states left on queue.
Progress(8) at 2026-03-17 20:14:47: 57,967,845 states generated (43,955 s/min), 4,483,005 distinct states found (4,931 ds/min), 3,940,719 states left on queue.
Progress(8) at 2026-03-17 20:15:47: 58,011,551 states generated (43,706 s/min), 4,487,935 distinct states found (4,930 ds/min), 3,945,252 states left on queue.
Progress(8) at 2026-03-17 20:16:47: 58,053,881 states generated (42,330 s/min), 4,492,751 distinct states found (4,816 ds/min), 3,949,684 states left on queue.
Progress(8) at 2026-03-17 20:17:47: 58,096,197 states generated (42,316 s/min), 4,497,481 distinct states found (4,730 ds/min), 3,954,030 states left on queue.
Progress(8) at 2026-03-17 20:18:47: 58,140,422 states generated (44,225 s/min), 4,500,557 distinct states found (3,076 ds/min), 3,956,713 states left on queue.
Progress(8) at 2026-03-17 20:19:47: 58,182,940 states generated (42,518 s/min), 4,505,654 distinct states found (5,097 ds/min), 3,961,427 states left on queue.
Progress(8) at 2026-03-17 20:20:47: 58,225,177 states generated (42,237 s/min), 4,510,465 distinct states found (4,811 ds/min), 3,965,855 states left on queue.
Progress(8) at 2026-03-17 20:21:47: 58,265,248 states generated (40,071 s/min), 4,515,111 distinct states found (4,646 ds/min), 3,970,136 states left on queue.
Progress(8) at 2026-03-17 20:22:47: 58,304,968 states generated (39,720 s/min), 4,518,684 distinct states found (3,573 ds/min), 3,973,350 states left on queue.
Progress(8) at 2026-03-17 20:23:47: 58,346,442 states generated (41,474 s/min), 4,522,772 distinct states found (4,088 ds/min), 3,977,070 states left on queue.
Progress(8) at 2026-03-17 20:24:47: 58,386,398 states generated (39,956 s/min), 4,527,424 distinct states found (4,652 ds/min), 3,981,359 states left on queue.
Progress(8) at 2026-03-17 20:25:47: 58,426,352 states generated (39,954 s/min), 4,532,075 distinct states found (4,651 ds/min), 3,985,647 states left on queue.
Progress(8) at 2026-03-17 20:26:47: 58,468,157 states generated (41,805 s/min), 4,536,798 distinct states found (4,723 ds/min), 3,989,990 states left on queue.
Progress(8) at 2026-03-17 20:27:47: 58,510,243 states generated (42,086 s/min), 4,539,891 distinct states found (3,093 ds/min), 3,992,708 states left on queue.
Progress(8) at 2026-03-17 20:28:47: 58,550,208 states generated (39,965 s/min), 4,544,584 distinct states found (4,693 ds/min), 3,997,041 states left on queue.
Progress(8) at 2026-03-17 20:29:47: 58,590,038 states generated (39,830 s/min), 4,549,210 distinct states found (4,626 ds/min), 4,001,305 states left on queue.
Progress(8) at 2026-03-17 20:30:47: 58,627,271 states generated (37,233 s/min), 4,553,616 distinct states found (4,406 ds/min), 4,005,372 states left on queue.
Progress(8) at 2026-03-17 20:31:47: 58,651,485 states generated (24,214 s/min), 4,555,433 distinct states found (1,817 ds/min), 4,006,975 states left on queue.
Progress(8) at 2026-03-17 20:32:47: 58,694,604 states generated (43,119 s/min), 4,557,208 distinct states found (1,775 ds/min), 4,008,317 states left on queue.
Progress(8) at 2026-03-17 20:33:47: 58,736,704 states generated (42,100 s/min), 4,558,583 distinct states found (1,375 ds/min), 4,009,248 states left on queue.
Progress(8) at 2026-03-17 20:34:47: 58,769,703 states generated (32,999 s/min), 4,559,692 distinct states found (1,109 ds/min), 4,010,007 states left on queue.
Checkpointing of run states/26-03-16-20-34-44
Checkpointing completed at (2026-03-17 20:35:47)
Progress(8) at 2026-03-17 20:35:47: 58,801,102 states generated (31,399 s/min), 4,560,564 distinct states found (872 ds/min), 4,010,549 states left on queue.
Progress(8) at 2026-03-17 20:36:47: 58,844,067 states generated (42,965 s/min), 4,561,970 distinct states found (1,406 ds/min), 4,011,502 states left on queue.
Progress(8) at 2026-03-17 20:37:47: 58,888,712 states generated (44,645 s/min), 4,563,485 distinct states found (1,515 ds/min), 4,012,546 states left on queue.
Progress(8) at 2026-03-17 20:38:47: 58,932,551 states generated (43,839 s/min), 4,564,843 distinct states found (1,358 ds/min), 4,013,439 states left on queue.
Progress(8) at 2026-03-17 20:39:47: 58,973,653 states generated (41,102 s/min), 4,565,827 distinct states found (984 ds/min), 4,013,990 states left on queue.
Progress(8) at 2026-03-17 20:40:47: 59,003,793 states generated (30,140 s/min), 4,569,577 distinct states found (3,750 ds/min), 4,017,443 states left on queue.
Progress(8) at 2026-03-17 20:41:47: 59,033,112 states generated (29,319 s/min), 4,571,765 distinct states found (2,188 ds/min), 4,019,374 states left on queue.
Progress(8) at 2026-03-17 20:42:47: 59,062,382 states generated (29,270 s/min), 4,574,829 distinct states found (3,064 ds/min), 4,022,161 states left on queue.
Progress(8) at 2026-03-17 20:43:47: 59,095,944 states generated (33,562 s/min), 4,577,950 distinct states found (3,121 ds/min), 4,024,988 states left on queue.
Progress(8) at 2026-03-17 20:44:47: 59,133,018 states generated (37,074 s/min), 4,582,233 distinct states found (4,283 ds/min), 4,028,926 states left on queue.
Progress(8) at 2026-03-17 20:45:47: 59,170,998 states generated (37,980 s/min), 4,584,706 distinct states found (2,473 ds/min), 4,031,060 states left on queue.
Progress(8) at 2026-03-17 20:46:47: 59,202,393 states generated (31,395 s/min), 4,588,904 distinct states found (4,198 ds/min), 4,034,969 states left on queue.
Progress(8) at 2026-03-17 20:47:47: 59,232,089 states generated (29,696 s/min), 4,590,787 distinct states found (1,883 ds/min), 4,036,586 states left on queue.
Progress(8) at 2026-03-17 20:48:47: 59,264,632 states generated (32,543 s/min), 4,595,039 distinct states found (4,252 ds/min), 4,040,538 states left on queue.
Progress(8) at 2026-03-17 20:49:47: 59,300,508 states generated (35,876 s/min), 4,597,553 distinct states found (2,514 ds/min), 4,042,725 states left on queue.
Progress(8) at 2026-03-17 20:50:47: 59,341,990 states generated (41,482 s/min), 4,602,272 distinct states found (4,719 ds/min), 4,047,073 states left on queue.
Progress(8) at 2026-03-17 20:51:47: 59,384,567 states generated (42,577 s/min), 4,606,983 distinct states found (4,711 ds/min), 4,051,391 states left on queue.
Progress(8) at 2026-03-17 20:52:47: 59,427,307 states generated (42,740 s/min), 4,610,279 distinct states found (3,296 ds/min), 4,054,297 states left on queue.
Progress(8) at 2026-03-17 20:53:47: 59,468,179 states generated (40,872 s/min), 4,614,665 distinct states found (4,386 ds/min), 4,058,320 states left on queue.
Progress(8) at 2026-03-17 20:54:47: 59,507,371 states generated (39,192 s/min), 4,619,130 distinct states found (4,465 ds/min), 4,062,421 states left on queue.
Progress(8) at 2026-03-17 20:55:47: 59,548,071 states generated (40,700 s/min), 4,621,914 distinct states found (2,784 ds/min), 4,064,835 states left on queue.
Progress(8) at 2026-03-17 20:56:47: 59,587,671 states generated (39,600 s/min), 4,626,561 distinct states found (4,647 ds/min), 4,069,129 states left on queue.
Progress(8) at 2026-03-17 20:57:47: 59,627,871 states generated (40,200 s/min), 4,631,089 distinct states found (4,528 ds/min), 4,073,284 states left on queue.
Progress(8) at 2026-03-17 20:58:47: 59,671,358 states generated (43,487 s/min), 4,634,089 distinct states found (3,000 ds/min), 4,075,889 states left on queue.
Progress(8) at 2026-03-17 20:59:47: 59,713,324 states generated (41,966 s/min), 4,638,925 distinct states found (4,836 ds/min), 4,080,351 states left on queue.
Progress(8) at 2026-03-17 21:00:47: 59,753,074 states generated (39,750 s/min), 4,643,425 distinct states found (4,500 ds/min), 4,084,482 states left on queue.
Progress(8) at 2026-03-17 21:01:47: 59,794,588 states generated (41,514 s/min), 4,646,263 distinct states found (2,838 ds/min), 4,086,943 states left on queue.
Progress(8) at 2026-03-17 21:02:47: 59,836,269 states generated (41,681 s/min), 4,651,083 distinct states found (4,820 ds/min), 4,091,391 states left on queue.
Progress(8) at 2026-03-17 21:03:47: 59,878,426 states generated (42,157 s/min), 4,655,760 distinct states found (4,677 ds/min), 4,095,678 states left on queue.
Progress(8) at 2026-03-17 21:04:47: 59,920,293 states generated (41,867 s/min), 4,659,073 distinct states found (3,313 ds/min), 4,098,609 states left on queue.
Checkpointing of run states/26-03-16-20-34-44
Checkpointing completed at (2026-03-17 21:05:48)
Progress(8) at 2026-03-17 21:05:48: 59,964,828 states generated (44,535 s/min), 4,663,630 distinct states found (4,557 ds/min), 4,102,771 states left on queue.
Progress(8) at 2026-03-17 21:06:48: 60,006,983 states generated (42,155 s/min), 4,668,307 distinct states found (4,677 ds/min), 4,107,058 states left on queue.
Progress(8) at 2026-03-17 21:07:48: 60,048,424 states generated (41,441 s/min), 4,672,659 distinct states found (4,352 ds/min), 4,111,027 states left on queue.
Progress(8) at 2026-03-17 21:08:48: 60,091,614 states generated (43,190 s/min), 4,675,963 distinct states found (3,304 ds/min), 4,113,950 states left on queue.
Progress(8) at 2026-03-17 21:09:48: 60,134,085 states generated (42,471 s/min), 4,680,781 distinct states found (4,818 ds/min), 4,118,378 states left on queue.
Progress(8) at 2026-03-17 21:10:48: 60,176,701 states generated (42,616 s/min), 4,685,444 distinct states found (4,663 ds/min), 4,122,647 states left on queue.
Progress(8) at 2026-03-17 21:11:48: 60,221,783 states generated (45,082 s/min), 4,688,560 distinct states found (3,116 ds/min), 4,125,358 states left on queue.
Progress(8) at 2026-03-17 21:12:48: 60,263,272 states generated (41,489 s/min), 4,693,372 distinct states found (4,812 ds/min), 4,129,797 states left on queue.
Progress(8) at 2026-03-17 21:13:48: 60,304,000 states generated (40,728 s/min), 4,697,940 distinct states found (4,568 ds/min), 4,133,987 states left on queue.
Progress(8) at 2026-03-17 21:14:48: 60,347,942 states generated (43,942 s/min), 4,701,035 distinct states found (3,095 ds/min), 4,136,684 states left on queue.
Progress(8) at 2026-03-17 21:15:48: 60,391,350 states generated (43,408 s/min), 4,705,914 distinct states found (4,879 ds/min), 4,141,176 states left on queue.
Progress(8) at 2026-03-17 21:16:48: 60,434,236 states generated (42,886 s/min), 4,710,639 distinct states found (4,725 ds/min), 4,145,505 states left on queue.
Progress(8) at 2026-03-17 21:17:48: 60,475,499 states generated (41,263 s/min), 4,717,568 distinct states found (6,929 ds/min), 4,152,066 states left on queue.
Progress(8) at 2026-03-17 21:18:48: 60,517,343 states generated (41,844 s/min), 4,721,246 distinct states found (3,678 ds/min), 4,155,380 states left on queue.
Progress(8) at 2026-03-17 21:19:48: 60,558,226 states generated (40,883 s/min), 4,724,508 distinct states found (3,262 ds/min), 4,158,287 states left on queue.
Progress(8) at 2026-03-17 21:20:48: 60,595,919 states generated (37,693 s/min), 4,728,306 distinct states found (3,798 ds/min), 4,161,757 states left on queue.
Progress(8) at 2026-03-17 21:21:48: 60,624,220 states generated (28,301 s/min), 4,730,655 distinct states found (2,349 ds/min), 4,163,860 states left on queue.
Progress(8) at 2026-03-17 21:22:48: 60,659,895 states generated (35,675 s/min), 4,733,343 distinct states found (2,688 ds/min), 4,166,238 states left on queue.
Progress(8) at 2026-03-17 21:23:48: 60,697,868 states generated (37,973 s/min), 4,736,760 distinct states found (3,417 ds/min), 4,169,325 states left on queue.
Progress(8) at 2026-03-17 21:24:48: 60,738,420 states generated (40,552 s/min), 4,740,034 distinct states found (3,274 ds/min), 4,172,247 states left on queue.
Progress(8) at 2026-03-17 21:25:48: 60,776,027 states generated (37,607 s/min), 4,742,824 distinct states found (2,790 ds/min), 4,174,710 states left on queue.
Progress(8) at 2026-03-17 21:26:48: 60,805,882 states generated (29,855 s/min), 4,748,832 distinct states found (6,008 ds/min), 4,180,452 states left on queue.
Progress(8) at 2026-03-17 21:27:48: 60,843,103 states generated (37,221 s/min), 4,751,856 distinct states found (3,024 ds/min), 4,183,152 states left on queue.
Progress(8) at 2026-03-17 21:28:48: 60,880,401 states generated (37,298 s/min), 4,755,245 distinct states found (3,389 ds/min), 4,186,217 states left on queue.
Progress(8) at 2026-03-17 21:29:48: 60,919,120 states generated (38,719 s/min), 4,758,141 distinct states found (2,896 ds/min), 4,188,777 states left on queue.
Progress(8) at 2026-03-17 21:30:48: 60,946,365 states generated (27,245 s/min), 4,761,209 distinct states found (3,068 ds/min), 4,191,607 states left on queue.
Progress(8) at 2026-03-17 21:31:48: 60,977,784 states generated (31,419 s/min), 4,763,724 distinct states found (2,515 ds/min), 4,193,849 states left on queue.
Progress(8) at 2026-03-17 21:32:48: 61,016,673 states generated (38,889 s/min), 4,767,214 distinct states found (3,490 ds/min), 4,197,001 states left on queue.
Progress(8) at 2026-03-17 21:33:48: 61,056,788 states generated (40,115 s/min), 4,770,187 distinct states found (2,973 ds/min), 4,199,626 states left on queue.
Progress(8) at 2026-03-17 21:34:48: 61,096,619 states generated (39,831 s/min), 4,773,436 distinct states found (3,249 ds/min), 4,202,529 states left on queue.
Checkpointing of run states/26-03-16-20-34-44
Checkpointing completed at (2026-03-17 21:35:48)
Progress(8) at 2026-03-17 21:35:48: 61,135,603 states generated (38,984 s/min), 4,778,159 distinct states found (4,723 ds/min), 4,206,909 states left on queue.
Progress(8) at 2026-03-17 21:36:48: 61,172,477 states generated (36,874 s/min), 4,783,149 distinct states found (4,990 ds/min), 4,211,576 states left on queue.
Progress(8) at 2026-03-17 21:37:48: 61,209,956 states generated (37,479 s/min), 4,786,470 distinct states found (3,321 ds/min), 4,214,571 states left on queue.
Progress(8) at 2026-03-17 21:38:48: 61,247,939 states generated (37,983 s/min), 4,789,372 distinct states found (2,902 ds/min), 4,217,143 states left on queue.
Progress(8) at 2026-03-17 21:39:48: 61,285,106 states generated (37,167 s/min), 4,793,171 distinct states found (3,799 ds/min), 4,220,618 states left on queue.
Progress(8) at 2026-03-17 21:40:48: 61,321,573 states generated (36,467 s/min), 4,796,091 distinct states found (2,920 ds/min), 4,223,222 states left on queue.
Progress(8) at 2026-03-17 21:41:48: 61,348,109 states generated (26,536 s/min), 4,798,610 distinct states found (2,519 ds/min), 4,225,510 states left on queue.
Progress(8) at 2026-03-17 21:42:48: 61,371,573 states generated (23,464 s/min), 4,800,397 distinct states found (1,787 ds/min), 4,227,093 states left on queue.
Progress(8) at 2026-03-17 21:43:48: 61,398,421 states generated (26,848 s/min), 4,802,627 distinct states found (2,230 ds/min), 4,229,090 states left on queue.
Progress(8) at 2026-03-17 21:44:48: 61,429,890 states generated (31,469 s/min), 4,804,974 distinct states found (2,347 ds/min), 4,231,164 states left on queue.
Progress(8) at 2026-03-17 21:45:48: 61,468,561 states generated (38,671 s/min), 4,808,467 distinct states found (3,493 ds/min), 4,234,319 states left on queue.
Progress(8) at 2026-03-17 21:46:48: 61,492,036 states generated (23,475 s/min), 4,813,597 distinct states found (5,130 ds/min), 4,239,240 states left on queue.
Progress(8) at 2026-03-17 21:47:48: 61,520,625 states generated (28,589 s/min), 4,816,130 distinct states found (2,533 ds/min), 4,241,524 states left on queue.
Progress(8) at 2026-03-17 21:48:48: 61,547,520 states generated (26,895 s/min), 4,818,352 distinct states found (2,222 ds/min), 4,243,513 states left on queue.
Progress(8) at 2026-03-17 21:49:48: 61,585,815 states generated (38,295 s/min), 4,821,250 distinct states found (2,898 ds/min), 4,246,078 states left on queue.
Progress(8) at 2026-03-17 21:50:48: 61,623,146 states generated (37,331 s/min), 4,825,059 distinct states found (3,809 ds/min), 4,249,562 states left on queue.
Progress(8) at 2026-03-17 21:51:48: 61,661,338 states generated (38,192 s/min), 4,828,137 distinct states found (3,078 ds/min), 4,252,308 states left on queue.
Progress(8) at 2026-03-17 21:52:48: 61,698,759 states generated (37,421 s/min), 4,831,444 distinct states found (3,307 ds/min), 4,255,290 states left on queue.
Progress(8) at 2026-03-17 21:53:48: 61,737,130 states generated (38,371 s/min), 4,834,589 distinct states found (3,145 ds/min), 4,258,101 states left on queue.
Progress(8) at 2026-03-17 21:54:48: 61,775,945 states generated (38,815 s/min), 4,837,495 distinct states found (2,906 ds/min), 4,260,671 states left on queue.
Progress(8) at 2026-03-17 21:55:48: 61,811,623 states generated (35,678 s/min), 4,843,877 distinct states found (6,382 ds/min), 4,266,736 states left on queue.
Progress(8) at 2026-03-17 21:56:48: 61,847,528 states generated (35,905 s/min), 4,846,852 distinct states found (2,975 ds/min), 4,269,399 states left on queue.
Progress(8) at 2026-03-17 21:57:48: 61,884,255 states generated (36,727 s/min), 4,850,174 distinct states found (3,322 ds/min), 4,272,401 states left on queue.
Progress(8) at 2026-03-17 21:58:48: 61,921,902 states generated (37,647 s/min), 4,853,008 distinct states found (2,834 ds/min), 4,274,908 states left on queue.
Progress(8) at 2026-03-17 21:59:48: 61,957,010 states generated (35,108 s/min), 4,856,668 distinct states found (3,660 ds/min), 4,278,262 states left on queue.
Progress(8) at 2026-03-17 22:00:48: 61,995,522 states generated (38,512 s/min), 4,859,744 distinct states found (3,076 ds/min), 4,281,004 states left on queue.
Progress(8) at 2026-03-17 22:01:48: 62,033,953 states generated (38,431 s/min), 4,863,138 distinct states found (3,394 ds/min), 4,284,064 states left on queue.
Progress(8) at 2026-03-17 22:02:48: 62,071,528 states generated (37,575 s/min), 4,866,219 distinct states found (3,081 ds/min), 4,286,818 states left on queue.
Progress(8) at 2026-03-17 22:03:48: 62,109,571 states generated (38,043 s/min), 4,869,074 distinct states found (2,855 ds/min), 4,289,343 states left on queue.
Progress(8) at 2026-03-17 22:04:48: 62,148,202 states generated (38,631 s/min), 4,872,410 distinct states found (3,336 ds/min), 4,292,330 states left on queue.
Checkpointing of run states/26-03-16-20-34-44
Checkpointing completed at (2026-03-17 22:05:48)
Progress(8) at 2026-03-17 22:05:48: 62,189,303 states generated (41,101 s/min), 4,876,568 distinct states found (4,158 ds/min), 4,296,123 states left on queue.
Progress(8) at 2026-03-17 22:06:48: 62,230,420 states generated (41,117 s/min), 4,881,282 distinct states found (4,714 ds/min), 4,300,460 states left on queue.
Progress(8) at 2026-03-17 22:07:48: 62,271,420 states generated (41,000 s/min), 4,885,988 distinct states found (4,706 ds/min), 4,304,790 states left on queue.
Progress(8) at 2026-03-17 22:08:48: 62,311,513 states generated (40,093 s/min), 4,890,583 distinct states found (4,595 ds/min), 4,309,016 states left on queue.
Progress(8) at 2026-03-17 22:09:48: 62,352,986 states generated (41,473 s/min), 4,893,585 distinct states found (3,002 ds/min), 4,311,645 states left on queue.
Progress(8) at 2026-03-17 22:10:48: 62,393,411 states generated (40,425 s/min), 4,898,339 distinct states found (4,754 ds/min), 4,316,035 states left on queue.
Progress(8) at 2026-03-17 22:11:48: 62,434,419 states generated (41,008 s/min), 4,903,036 distinct states found (4,697 ds/min), 4,320,355 states left on queue.
Progress(8) at 2026-03-17 22:12:48: 62,475,146 states generated (40,727 s/min), 4,907,714 distinct states found (4,678 ds/min), 4,324,659 states left on queue.
Progress(8) at 2026-03-17 22:13:48: 62,516,330 states generated (41,184 s/min), 4,911,972 distinct states found (4,258 ds/min), 4,328,540 states left on queue.
Progress(8) at 2026-03-17 22:14:48: 62,558,374 states generated (42,044 s/min), 4,915,683 distinct states found (3,711 ds/min), 4,331,878 states left on queue.
Progress(8) at 2026-03-17 22:15:48: 62,600,023 states generated (41,649 s/min), 4,920,271 distinct states found (4,588 ds/min), 4,336,085 states left on queue.
Progress(8) at 2026-03-17 22:16:48: 62,641,076 states generated (41,053 s/min), 4,924,968 distinct states found (4,697 ds/min), 4,340,406 states left on queue.
Progress(8) at 2026-03-17 22:17:48: 62,681,736 states generated (40,660 s/min), 4,929,643 distinct states found (4,675 ds/min), 4,344,707 states left on queue.
Progress(8) at 2026-03-17 22:18:48: 62,723,415 states generated (41,679 s/min), 4,933,232 distinct states found (3,589 ds/min), 4,347,918 states left on queue.
Progress(8) at 2026-03-17 22:19:48: 62,764,615 states generated (41,200 s/min), 4,937,428 distinct states found (4,196 ds/min), 4,351,746 states left on queue.
Progress(8) at 2026-03-17 22:20:48: 62,807,642 states generated (43,027 s/min), 4,942,278 distinct states found (4,850 ds/min), 4,356,202 states left on queue.
Progress(8) at 2026-03-17 22:21:48: 62,850,389 states generated (42,747 s/min), 4,947,112 distinct states found (4,834 ds/min), 4,360,644 states left on queue.
Progress(8) at 2026-03-17 22:22:48: 62,889,975 states generated (39,586 s/min), 4,951,694 distinct states found (4,582 ds/min), 4,364,863 states left on queue.
Progress(8) at 2026-03-17 22:23:48: 62,932,244 states generated (42,269 s/min), 4,955,071 distinct states found (3,377 ds/min), 4,367,856 states left on queue.
Progress(8) at 2026-03-17 22:24:48: 62,973,798 states generated (41,554 s/min), 4,959,556 distinct states found (4,485 ds/min), 4,371,970 states left on queue.
Progress(8) at 2026-03-17 22:25:48: 63,013,798 states generated (40,000 s/min), 4,964,208 distinct states found (4,652 ds/min), 4,376,258 states left on queue.
Progress(8) at 2026-03-17 22:26:48: 63,053,106 states generated (39,308 s/min), 4,968,809 distinct states found (4,601 ds/min), 4,380,501 states left on queue.
Progress(8) at 2026-03-17 22:27:48: 63,092,965 states generated (39,859 s/min), 4,973,226 distinct states found (4,417 ds/min), 4,384,555 states left on queue.
Progress(8) at 2026-03-17 22:28:48: 63,134,638 states generated (41,673 s/min), 4,976,405 distinct states found (3,179 ds/min), 4,387,365 states left on queue.
Progress(8) at 2026-03-17 22:29:48: 63,175,565 states generated (40,927 s/min), 4,981,194 distinct states found (4,789 ds/min), 4,391,783 states left on queue.
Progress(8) at 2026-03-17 22:30:48: 63,215,974 states generated (40,409 s/min), 4,985,885 distinct states found (4,691 ds/min), 4,396,106 states left on queue.
Progress(8) at 2026-03-17 22:31:48: 63,256,019 states generated (40,045 s/min), 4,990,497 distinct states found (4,612 ds/min), 4,400,355 states left on queue.
Progress(8) at 2026-03-17 22:32:48: 63,297,331 states generated (41,312 s/min), 4,993,455 distinct states found (2,958 ds/min), 4,402,943 states left on queue.
Progress(8) at 2026-03-17 22:33:48: 63,331,435 states generated (34,104 s/min), 4,997,777 distinct states found (4,322 ds/min), 4,406,958 states left on queue.
Progress(8) at 2026-03-17 22:34:48: 63,366,631 states generated (35,196 s/min), 5,002,067 distinct states found (4,290 ds/min), 4,410,927 states left on queue.
Checkpointing of run states/26-03-16-20-34-44
Checkpointing completed at (2026-03-17 22:35:48)
Progress(8) at 2026-03-17 22:35:48: 63,403,093 states generated (36,462 s/min), 5,004,877 distinct states found (2,810 ds/min), 4,413,410 states left on queue.
Progress(8) at 2026-03-17 22:36:48: 63,442,312 states generated (39,219 s/min), 5,009,344 distinct states found (4,467 ds/min), 4,417,526 states left on queue.
Progress(8) at 2026-03-17 22:37:48: 63,481,925 states generated (39,613 s/min), 5,013,950 distinct states found (4,606 ds/min), 4,421,771 states left on queue.
Progress(8) at 2026-03-17 22:38:48: 63,522,212 states generated (40,287 s/min), 5,018,603 distinct states found (4,653 ds/min), 4,426,058 states left on queue.
Progress(8) at 2026-03-17 22:39:48: 63,563,785 states generated (41,573 s/min), 5,021,728 distinct states found (3,125 ds/min), 4,428,809 states left on queue.
Progress(8) at 2026-03-17 22:40:48: 63,604,658 states generated (40,873 s/min), 5,026,380 distinct states found (4,652 ds/min), 4,433,097 states left on queue.
Progress(8) at 2026-03-17 22:41:48: 63,644,669 states generated (40,011 s/min), 5,031,042 distinct states found (4,662 ds/min), 4,437,395 states left on queue.
Progress(8) at 2026-03-17 22:42:48: 63,685,095 states generated (40,426 s/min), 5,035,713 distinct states found (4,671 ds/min), 4,441,699 states left on queue.
Progress(8) at 2026-03-17 22:43:48: 63,726,004 states generated (40,909 s/min), 5,040,336 distinct states found (4,623 ds/min), 4,445,950 states left on queue.
Progress(8) at 2026-03-17 22:44:48: 63,768,549 states generated (42,545 s/min), 5,043,381 distinct states found (3,045 ds/min), 4,448,617 states left on queue.
Progress(8) at 2026-03-17 22:45:48: 63,809,675 states generated (41,126 s/min), 5,048,272 distinct states found (4,891 ds/min), 4,453,137 states left on queue.
Progress(8) at 2026-03-17 22:46:48: 63,850,016 states generated (40,341 s/min), 5,052,945 distinct states found (4,673 ds/min), 4,457,443 states left on queue.
Progress(8) at 2026-03-17 22:47:48: 63,890,191 states generated (40,175 s/min), 5,057,583 distinct states found (4,638 ds/min), 4,461,716 states left on queue.
Progress(8) at 2026-03-17 22:48:48: 63,931,481 states generated (41,290 s/min), 5,061,039 distinct states found (3,456 ds/min), 4,464,802 states left on queue.
Progress(8) at 2026-03-17 22:49:48: 63,973,868 states generated (42,387 s/min), 5,065,457 distinct states found (4,418 ds/min), 4,468,841 states left on queue.
Progress(8) at 2026-03-17 22:50:48: 64,014,705 states generated (40,837 s/min), 5,070,173 distinct states found (4,716 ds/min), 4,473,186 states left on queue.
Progress(8) at 2026-03-17 22:51:48: 64,055,590 states generated (40,885 s/min), 5,074,892 distinct states found (4,719 ds/min), 4,477,533 states left on queue.
Progress(8) at 2026-03-17 22:52:48: 64,096,345 states generated (40,755 s/min), 5,079,513 distinct states found (4,621 ds/min), 4,481,784 states left on queue.
Progress(8) at 2026-03-17 22:53:48: 64,138,562 states generated (42,217 s/min), 5,082,616 distinct states found (3,103 ds/min), 4,484,512 states left on queue.
Progress(8) at 2026-03-17 22:54:48: 64,179,419 states generated (40,857 s/min), 5,087,393 distinct states found (4,777 ds/min), 4,488,920 states left on queue.
Progress(8) at 2026-03-17 22:55:48: 64,220,354 states generated (40,935 s/min), 5,092,100 distinct states found (4,707 ds/min), 4,493,255 states left on queue.
Progress(8) at 2026-03-17 22:56:48: 64,260,867 states generated (40,513 s/min), 5,096,776 distinct states found (4,676 ds/min), 4,497,563 states left on queue.
Progress(8) at 2026-03-17 22:57:48: 64,302,743 states generated (41,876 s/min), 5,100,135 distinct states found (3,359 ds/min), 4,500,545 states left on queue.
Progress(8) at 2026-03-17 22:58:48: 64,344,222 states generated (41,479 s/min), 5,104,610 distinct states found (4,475 ds/min), 4,504,651 states left on queue.
Progress(8) at 2026-03-17 22:59:48: 64,384,877 states generated (40,655 s/min), 5,109,312 distinct states found (4,702 ds/min), 4,508,984 states left on queue.
Progress(8) at 2026-03-17 23:00:48: 64,426,040 states generated (41,163 s/min), 5,114,051 distinct states found (4,739 ds/min), 4,513,349 states left on queue.
Progress(8) at 2026-03-17 23:01:48: 64,467,005 states generated (40,965 s/min), 5,118,710 distinct states found (4,659 ds/min), 4,517,636 states left on queue.
Progress(8) at 2026-03-17 23:02:48: 64,508,089 states generated (41,084 s/min), 5,121,793 distinct states found (3,083 ds/min), 4,520,353 states left on queue.
Progress(8) at 2026-03-17 23:03:48: 64,547,743 states generated (39,654 s/min), 5,126,397 distinct states found (4,604 ds/min), 4,524,599 states left on queue.
Progress(8) at 2026-03-17 23:04:48: 64,587,219 states generated (39,476 s/min), 5,131,010 distinct states found (4,613 ds/min), 4,528,853 states left on queue.
Checkpointing of run states/26-03-16-20-34-44
Checkpointing completed at (2026-03-17 23:05:48)
Progress(8) at 2026-03-17 23:05:48: 64,626,137 states generated (38,918 s/min), 5,135,537 distinct states found (4,527 ds/min), 4,533,026 states left on queue.
Progress(8) at 2026-03-17 23:06:48: 64,666,781 states generated (40,644 s/min), 5,138,543 distinct states found (3,006 ds/min), 4,535,670 states left on queue.
Progress(8) at 2026-03-17 23:07:48: 64,706,409 states generated (39,628 s/min), 5,143,176 distinct states found (4,633 ds/min), 4,539,946 states left on queue.
Progress(8) at 2026-03-17 23:08:48: 64,745,343 states generated (38,934 s/min), 5,147,745 distinct states found (4,569 ds/min), 4,544,161 states left on queue.
Progress(8) at 2026-03-17 23:09:48: 64,785,615 states generated (40,272 s/min), 5,152,379 distinct states found (4,634 ds/min), 4,548,429 states left on queue.
Progress(8) at 2026-03-17 23:10:48: 64,826,607 states generated (40,992 s/min), 5,155,398 distinct states found (3,019 ds/min), 4,551,080 states left on queue.
Progress(8) at 2026-03-17 23:11:48: 64,865,858 states generated (39,251 s/min), 5,160,018 distinct states found (4,620 ds/min), 4,555,349 states left on queue.
Progress(8) at 2026-03-17 23:12:48: 64,903,689 states generated (37,831 s/min), 5,164,497 distinct states found (4,479 ds/min), 4,559,483 states left on queue.
Progress(8) at 2026-03-17 23:13:48: 64,942,403 states generated (38,714 s/min), 5,169,010 distinct states found (4,513 ds/min), 4,563,645 states left on queue.
Progress(8) at 2026-03-17 23:14:48: 64,983,764 states generated (41,361 s/min), 5,172,033 distinct states found (3,023 ds/min), 4,566,298 states left on queue.
Progress(8) at 2026-03-17 23:15:48: 65,023,512 states generated (39,748 s/min), 5,176,716 distinct states found (4,683 ds/min), 4,570,624 states left on queue.
Progress(8) at 2026-03-17 23:16:48: 65,062,181 states generated (38,669 s/min), 5,181,263 distinct states found (4,547 ds/min), 4,574,819 states left on queue.
Progress(8) at 2026-03-17 23:17:48: 65,100,741 states generated (38,560 s/min), 5,185,766 distinct states found (4,503 ds/min), 4,578,971 states left on queue.
Progress(8) at 2026-03-17 23:18:48: 65,140,941 states generated (40,200 s/min), 5,188,765 distinct states found (2,999 ds/min), 4,581,612 states left on queue.
Progress(8) at 2026-03-17 23:19:48: 65,181,786 states generated (40,845 s/min), 5,193,468 distinct states found (4,703 ds/min), 4,585,947 states left on queue.
Progress(8) at 2026-03-17 23:20:48: 65,223,633 states generated (41,847 s/min), 5,198,247 distinct states found (4,779 ds/min), 4,590,346 states left on queue.
Progress(8) at 2026-03-17 23:21:48: 65,265,677 states generated (42,044 s/min), 5,203,044 distinct states found (4,797 ds/min), 4,594,761 states left on queue.
Progress(8) at 2026-03-17 23:22:48: 65,307,904 states generated (42,227 s/min), 5,205,662 distinct states found (2,618 ds/min), 4,596,986 states left on queue.
Progress(8) at 2026-03-17 23:23:48: 65,352,032 states generated (44,128 s/min), 5,207,030 distinct states found (1,368 ds/min), 4,597,887 states left on queue.
Progress(8) at 2026-03-17 23:24:48: 65,398,001 states generated (45,969 s/min), 5,208,077 distinct states found (1,047 ds/min), 4,598,448 states left on queue.
Progress(8) at 2026-03-17 23:25:48: 65,441,208 states generated (43,207 s/min), 5,209,624 distinct states found (1,547 ds/min), 4,599,540 states left on queue.
Progress(8) at 2026-03-17 23:26:48: 65,482,601 states generated (41,393 s/min), 5,211,060 distinct states found (1,436 ds/min), 4,600,540 states left on queue.
Progress(8) at 2026-03-17 23:27:48: 65,523,992 states generated (41,391 s/min), 5,212,452 distinct states found (1,392 ds/min), 4,601,496 states left on queue.
Progress(8) at 2026-03-17 23:28:48: 65,565,267 states generated (41,275 s/min), 5,213,786 distinct states found (1,334 ds/min), 4,602,392 states left on queue.
Progress(8) at 2026-03-17 23:29:48: 65,606,879 states generated (41,612 s/min), 5,214,737 distinct states found (951 ds/min), 4,602,904 states left on queue.
Progress(8) at 2026-03-17 23:30:48: 65,647,859 states generated (40,980 s/min), 5,219,564 distinct states found (4,827 ds/min), 4,607,352 states left on queue.
Progress(8) at 2026-03-17 23:31:48: 65,689,449 states generated (41,590 s/min), 5,223,323 distinct states found (3,759 ds/min), 4,610,754 states left on queue.
Progress(8) at 2026-03-17 23:32:48: 65,730,106 states generated (40,657 s/min), 5,227,303 distinct states found (3,980 ds/min), 4,614,388 states left on queue.
Progress(8) at 2026-03-17 23:33:48: 65,769,145 states generated (39,039 s/min), 5,230,640 distinct states found (3,337 ds/min), 4,617,397 states left on queue.
Progress(8) at 2026-03-17 23:34:48: 65,808,387 states generated (39,242 s/min), 5,234,251 distinct states found (3,611 ds/min), 4,620,677 states left on queue.
Checkpointing of run states/26-03-16-20-34-44
Checkpointing completed at (2026-03-17 23:35:49)
Progress(8) at 2026-03-17 23:35:49: 65,848,644 states generated (40,257 s/min), 5,237,411 distinct states found (3,160 ds/min), 4,623,499 states left on queue.
Progress(8) at 2026-03-17 23:36:49: 65,889,206 states generated (40,562 s/min), 5,240,748 distinct states found (3,337 ds/min), 4,626,496 states left on queue.
Progress(8) at 2026-03-17 23:37:49: 65,930,471 states generated (41,265 s/min), 5,243,725 distinct states found (2,977 ds/min), 4,629,127 states left on queue.
Progress(8) at 2026-03-17 23:38:49: 65,972,450 states generated (41,979 s/min), 5,246,731 distinct states found (3,006 ds/min), 4,631,781 states left on queue.
Progress(8) at 2026-03-17 23:39:49: 66,015,051 states generated (42,601 s/min), 5,249,083 distinct states found (2,352 ds/min), 4,633,775 states left on queue.
Progress(8) at 2026-03-17 23:40:49: 66,055,729 states generated (40,678 s/min), 5,250,647 distinct states found (1,564 ds/min), 4,634,994 states left on queue.
Progress(8) at 2026-03-17 23:41:49: 66,097,880 states generated (42,151 s/min), 5,252,238 distinct states found (1,591 ds/min), 4,636,227 states left on queue.
Progress(8) at 2026-03-17 23:42:49: 66,140,661 states generated (42,781 s/min), 5,253,824 distinct states found (1,586 ds/min), 4,637,452 states left on queue.
Progress(8) at 2026-03-17 23:43:49: 66,182,419 states generated (41,758 s/min), 5,255,242 distinct states found (1,418 ds/min), 4,638,515 states left on queue.
Progress(8) at 2026-03-17 23:44:49: 66,224,198 states generated (41,779 s/min), 5,256,765 distinct states found (1,523 ds/min), 4,639,686 states left on queue.
Progress(8) at 2026-03-17 23:45:49: 66,263,180 states generated (38,982 s/min), 5,258,081 distinct states found (1,316 ds/min), 4,640,670 states left on queue.
Progress(8) at 2026-03-17 23:46:49: 66,304,147 states generated (40,967 s/min), 5,259,537 distinct states found (1,456 ds/min), 4,641,780 states left on queue.
Progress(8) at 2026-03-17 23:47:49: 66,344,261 states generated (40,114 s/min), 5,260,924 distinct states found (1,387 ds/min), 4,642,827 states left on queue.
Progress(8) at 2026-03-17 23:48:49: 66,383,560 states generated (39,299 s/min), 5,262,423 distinct states found (1,499 ds/min), 4,643,988 states left on queue.
Progress(8) at 2026-03-17 23:49:49: 66,424,960 states generated (41,400 s/min), 5,267,186 distinct states found (4,763 ds/min), 4,648,382 states left on queue.
Progress(8) at 2026-03-17 23:50:49: 66,464,860 states generated (39,900 s/min), 5,270,811 distinct states found (3,625 ds/min), 4,651,667 states left on queue.
Progress(8) at 2026-03-17 23:51:49: 66,504,417 states generated (39,557 s/min), 5,274,711 distinct states found (3,900 ds/min), 4,655,231 states left on queue.
Progress(8) at 2026-03-17 23:52:49: 66,543,984 states generated (39,567 s/min), 5,278,064 distinct states found (3,353 ds/min), 4,658,251 states left on queue.
Progress(8) at 2026-03-17 23:53:49: 66,584,193 states generated (40,209 s/min), 5,281,763 distinct states found (3,699 ds/min), 4,661,611 states left on queue.
Progress(8) at 2026-03-17 23:54:49: 66,624,973 states generated (40,780 s/min), 5,284,942 distinct states found (3,179 ds/min), 4,664,448 states left on queue.
Progress(8) at 2026-03-17 23:55:49: 66,665,107 states generated (40,134 s/min), 5,288,268 distinct states found (3,326 ds/min), 4,667,437 states left on queue.
Progress(8) at 2026-03-17 23:56:49: 66,706,442 states generated (41,335 s/min), 5,291,236 distinct states found (2,968 ds/min), 4,670,059 states left on queue.
Progress(8) at 2026-03-17 23:57:49: 66,749,569 states generated (43,127 s/min), 5,294,325 distinct states found (3,089 ds/min), 4,672,786 states left on queue.
Progress(8) at 2026-03-17 23:58:49: 66,794,207 states generated (44,638 s/min), 5,296,470 distinct states found (2,145 ds/min), 4,674,555 states left on queue.
Progress(8) at 2026-03-17 23:59:49: 66,836,658 states generated (42,451 s/min), 5,298,062 distinct states found (1,592 ds/min), 4,675,786 states left on queue.
Progress(8) at 2026-03-18 00:00:49: 66,881,420 states generated (44,762 s/min), 5,299,773 distinct states found (1,711 ds/min), 4,677,118 states left on queue.
Progress(8) at 2026-03-18 00:01:49: 66,925,544 states generated (44,124 s/min), 5,301,310 distinct states found (1,537 ds/min), 4,678,281 states left on queue.
Progress(8) at 2026-03-18 00:02:49: 66,968,855 states generated (43,311 s/min), 5,302,819 distinct states found (1,509 ds/min), 4,679,424 states left on queue.
Progress(8) at 2026-03-18 00:03:49: 67,013,885 states generated (45,030 s/min), 5,304,409 distinct states found (1,590 ds/min), 4,680,632 states left on queue.
Progress(8) at 2026-03-18 00:04:49: 67,058,496 states generated (44,611 s/min), 5,305,935 distinct states found (1,526 ds/min), 4,681,781 states left on queue.
Checkpointing of run states/26-03-16-20-34-44
Checkpointing completed at (2026-03-18 00:05:49)
Progress(8) at 2026-03-18 00:05:49: 67,102,484 states generated (43,988 s/min), 5,307,509 distinct states found (1,574 ds/min), 4,682,982 states left on queue.
Progress(8) at 2026-03-18 00:06:49: 67,146,440 states generated (43,956 s/min), 5,308,979 distinct states found (1,470 ds/min), 4,684,079 states left on queue.
Progress(8) at 2026-03-18 00:07:49: 67,190,900 states generated (44,460 s/min), 5,314,005 distinct states found (5,026 ds/min), 4,688,706 states left on queue.
Progress(8) at 2026-03-18 00:08:49: 67,233,529 states generated (42,629 s/min), 5,317,814 distinct states found (3,809 ds/min), 4,692,152 states left on queue.
Progress(8) at 2026-03-18 00:09:49: 67,274,892 states generated (41,363 s/min), 5,321,836 distinct states found (4,022 ds/min), 4,695,823 states left on queue.
Progress(8) at 2026-03-18 00:10:49: 67,317,402 states generated (42,510 s/min), 5,325,409 distinct states found (3,573 ds/min), 4,699,038 states left on queue.
Progress(8) at 2026-03-18 00:11:49: 67,359,254 states generated (41,852 s/min), 5,329,210 distinct states found (3,801 ds/min), 4,702,487 states left on queue.
Progress(8) at 2026-03-18 00:12:49: 67,401,699 states generated (42,445 s/min), 5,332,514 distinct states found (3,304 ds/min), 4,705,434 states left on queue.
Progress(8) at 2026-03-18 00:13:49: 67,443,817 states generated (42,118 s/min), 5,335,971 distinct states found (3,457 ds/min), 4,708,538 states left on queue.
Progress(8) at 2026-03-18 00:14:49: 67,487,451 states generated (43,634 s/min), 5,339,155 distinct states found (3,184 ds/min), 4,711,356 states left on queue.
Progress(8) at 2026-03-18 00:15:49: 67,529,443 states generated (41,992 s/min), 5,342,041 distinct states found (2,886 ds/min), 4,713,890 states left on queue.
Progress(8) at 2026-03-18 00:16:49: 67,571,415 states generated (41,972 s/min), 5,343,732 distinct states found (1,691 ds/min), 4,715,227 states left on queue.
Progress(8) at 2026-03-18 00:17:49: 67,613,975 states generated (42,560 s/min), 5,345,329 distinct states found (1,597 ds/min), 4,716,462 states left on queue.
Progress(8) at 2026-03-18 00:18:49: 67,658,832 states generated (44,857 s/min), 5,347,048 distinct states found (1,719 ds/min), 4,717,801 states left on queue.
Progress(8) at 2026-03-18 00:19:49: 67,700,869 states generated (42,037 s/min), 5,348,473 distinct states found (1,425 ds/min), 4,718,869 states left on queue.
Progress(8) at 2026-03-18 00:20:49: 67,744,439 states generated (43,570 s/min), 5,350,017 distinct states found (1,544 ds/min), 4,720,045 states left on queue.
Progress(8) at 2026-03-18 00:21:49: 67,787,309 states generated (42,870 s/min), 5,351,503 distinct states found (1,486 ds/min), 4,721,168 states left on queue.
Progress(8) at 2026-03-18 00:22:49: 67,831,129 states generated (43,820 s/min), 5,353,036 distinct states found (1,533 ds/min), 4,722,330 states left on queue.
Progress(8) at 2026-03-18 00:23:49: 67,873,837 states generated (42,708 s/min), 5,354,536 distinct states found (1,500 ds/min), 4,723,468 states left on queue.
Progress(8) at 2026-03-18 00:24:49: 67,916,046 states generated (42,209 s/min), 5,356,149 distinct states found (1,613 ds/min), 4,724,719 states left on queue.
Progress(8) at 2026-03-18 00:25:49: 67,958,888 states generated (42,842 s/min), 5,360,975 distinct states found (4,826 ds/min), 4,729,163 states left on queue.
Progress(8) at 2026-03-18 00:26:49: 67,999,865 states generated (40,977 s/min), 5,364,665 distinct states found (3,690 ds/min), 4,732,504 states left on queue.
Progress(8) at 2026-03-18 00:27:49: 68,039,644 states generated (39,779 s/min), 5,368,581 distinct states found (3,916 ds/min), 4,736,082 states left on queue.
Progress(8) at 2026-03-18 00:28:49: 68,081,334 states generated (41,690 s/min), 5,372,097 distinct states found (3,516 ds/min), 4,739,248 states left on queue.
Progress(8) at 2026-03-18 00:29:49: 68,122,273 states generated (40,939 s/min), 5,375,817 distinct states found (3,720 ds/min), 4,742,623 states left on queue.
Progress(8) at 2026-03-18 00:30:49: 68,164,626 states generated (42,353 s/min), 5,379,133 distinct states found (3,316 ds/min), 4,745,583 states left on queue.
Progress(8) at 2026-03-18 00:31:49: 68,206,226 states generated (41,600 s/min), 5,382,555 distinct states found (3,422 ds/min), 4,748,656 states left on queue.
Progress(8) at 2026-03-18 00:32:49: 68,248,878 states generated (42,652 s/min), 5,385,608 distinct states found (3,053 ds/min), 4,751,352 states left on queue.
Progress(8) at 2026-03-18 00:33:49: 68,292,007 states generated (43,129 s/min), 5,388,696 distinct states found (3,088 ds/min), 4,754,078 states left on queue.
Progress(8) at 2026-03-18 00:34:49: 68,334,391 states generated (42,384 s/min), 5,390,463 distinct states found (1,767 ds/min), 4,755,488 states left on queue.
Checkpointing of run states/26-03-16-20-34-44
Checkpointing completed at (2026-03-18 00:35:49)
Progress(8) at 2026-03-18 00:35:49: 68,376,712 states generated (42,321 s/min), 5,392,048 distinct states found (1,585 ds/min), 4,756,712 states left on queue.
Progress(8) at 2026-03-18 00:36:49: 68,420,489 states generated (43,777 s/min), 5,393,733 distinct states found (1,685 ds/min), 4,758,027 states left on queue.
Progress(8) at 2026-03-18 00:37:49: 68,462,231 states generated (41,742 s/min), 5,395,166 distinct states found (1,433 ds/min), 4,759,106 states left on queue.
Progress(8) at 2026-03-18 00:38:49: 68,504,417 states generated (42,186 s/min), 5,396,641 distinct states found (1,475 ds/min), 4,760,224 states left on queue.
Progress(8) at 2026-03-18 00:39:49: 68,546,989 states generated (42,572 s/min), 5,398,137 distinct states found (1,496 ds/min), 4,761,360 states left on queue.
Progress(8) at 2026-03-18 00:40:49: 68,589,765 states generated (42,776 s/min), 5,399,597 distinct states found (1,460 ds/min), 4,762,457 states left on queue.
Progress(8) at 2026-03-18 00:41:49: 68,633,972 states generated (44,207 s/min), 5,401,189 distinct states found (1,592 ds/min), 4,763,675 states left on queue.
Progress(8) at 2026-03-18 00:42:49: 68,678,303 states generated (44,331 s/min), 5,402,688 distinct states found (1,499 ds/min), 4,764,798 states left on queue.
Progress(8) at 2026-03-18 00:43:49: 68,718,842 states generated (40,539 s/min), 5,407,348 distinct states found (4,660 ds/min), 4,769,093 states left on queue.
Progress(8) at 2026-03-18 00:44:49: 68,758,279 states generated (39,437 s/min), 5,410,957 distinct states found (3,609 ds/min), 4,772,364 states left on queue.
Progress(8) at 2026-03-18 00:45:49: 68,798,170 states generated (39,891 s/min), 5,414,888 distinct states found (3,931 ds/min), 4,775,956 states left on queue.
Progress(8) at 2026-03-18 00:46:49: 68,838,726 states generated (40,556 s/min), 5,418,314 distinct states found (3,426 ds/min), 4,779,041 states left on queue.
Progress(8) at 2026-03-18 00:47:49: 68,879,510 states generated (40,784 s/min), 5,422,037 distinct states found (3,723 ds/min), 4,782,420 states left on queue.
Progress(8) at 2026-03-18 00:48:49: 68,921,105 states generated (41,595 s/min), 5,425,291 distinct states found (3,254 ds/min), 4,785,325 states left on queue.
Progress(8) at 2026-03-18 00:49:49: 68,962,975 states generated (41,870 s/min), 5,428,738 distinct states found (3,447 ds/min), 4,788,421 states left on queue.
Progress(8) at 2026-03-18 00:50:49: 69,004,730 states generated (41,755 s/min), 5,431,720 distinct states found (2,982 ds/min), 4,791,053 states left on queue.
Progress(8) at 2026-03-18 00:51:49: 69,046,953 states generated (42,223 s/min), 5,434,751 distinct states found (3,031 ds/min), 4,793,730 states left on queue.
Progress(8) at 2026-03-18 00:52:49: 69,091,648 states generated (44,695 s/min), 5,436,973 distinct states found (2,222 ds/min), 4,795,575 states left on queue.
Progress(8) at 2026-03-18 00:53:49: 69,135,492 states generated (43,844 s/min), 5,438,623 distinct states found (1,650 ds/min), 4,796,853 states left on queue.
Progress(8) at 2026-03-18 00:54:49: 69,180,339 states generated (44,847 s/min), 5,440,342 distinct states found (1,719 ds/min), 4,798,192 states left on queue.
Progress(8) at 2026-03-18 00:55:49: 69,222,956 states generated (42,617 s/min), 5,441,830 distinct states found (1,488 ds/min), 4,799,319 states left on queue.
Progress(8) at 2026-03-18 00:56:49: 69,266,672 states generated (43,716 s/min), 5,443,345 distinct states found (1,515 ds/min), 4,800,464 states left on queue.
Progress(8) at 2026-03-18 00:57:49: 69,312,724 states generated (46,052 s/min), 5,444,975 distinct states found (1,630 ds/min), 4,801,704 states left on queue.
Progress(8) at 2026-03-18 00:58:49: 69,356,858 states generated (44,134 s/min), 5,446,490 distinct states found (1,515 ds/min), 4,802,845 states left on queue.
Progress(8) at 2026-03-18 00:59:49: 69,401,115 states generated (44,257 s/min), 5,448,077 distinct states found (1,587 ds/min), 4,804,058 states left on queue.
Progress(8) at 2026-03-18 01:00:49: 69,444,444 states generated (43,329 s/min), 5,449,529 distinct states found (1,452 ds/min), 4,805,142 states left on queue.
Progress(8) at 2026-03-18 01:01:49: 69,484,768 states generated (40,324 s/min), 5,454,167 distinct states found (4,638 ds/min), 4,809,417 states left on queue.
Progress(8) at 2026-03-18 01:02:49: 69,524,481 states generated (39,713 s/min), 5,457,797 distinct states found (3,630 ds/min), 4,812,706 states left on queue.
Progress(8) at 2026-03-18 01:03:49: 69,562,590 states generated (38,109 s/min), 5,461,598 distinct states found (3,801 ds/min), 4,816,183 states left on queue.
Progress(8) at 2026-03-18 01:04:49: 69,602,657 states generated (40,067 s/min), 5,465,004 distinct states found (3,406 ds/min), 4,819,253 states left on queue.
Checkpointing of run states/26-03-16-20-34-44
Checkpointing completed at (2026-03-18 01:05:49)
Progress(8) at 2026-03-18 01:05:49: 69,642,529 states generated (39,872 s/min), 5,468,658 distinct states found (3,654 ds/min), 4,822,570 states left on queue.
Progress(8) at 2026-03-18 01:06:49: 69,681,602 states generated (39,073 s/min), 5,471,737 distinct states found (3,079 ds/min), 4,825,321 states left on queue.
Progress(8) at 2026-03-18 01:07:49: 69,720,949 states generated (39,347 s/min), 5,474,995 distinct states found (3,258 ds/min), 4,828,249 states left on queue.
Progress(8) at 2026-03-18 01:08:49: 69,761,509 states generated (40,560 s/min), 5,477,914 distinct states found (2,919 ds/min), 4,830,828 states left on queue.
Progress(8) at 2026-03-18 01:09:49: 69,802,189 states generated (40,680 s/min), 5,480,829 distinct states found (2,915 ds/min), 4,833,402 states left on queue.
Progress(8) at 2026-03-18 01:10:49: 69,843,002 states generated (40,813 s/min), 5,483,204 distinct states found (2,375 ds/min), 4,835,434 states left on queue.
Progress(8) at 2026-03-18 01:11:49: 69,883,139 states generated (40,137 s/min), 5,484,772 distinct states found (1,568 ds/min), 4,836,662 states left on queue.
Progress(8) at 2026-03-18 01:12:49: 69,924,081 states generated (40,942 s/min), 5,486,317 distinct states found (1,545 ds/min), 4,837,860 states left on queue.
Progress(8) at 2026-03-18 01:13:49: 69,965,878 states generated (41,797 s/min), 5,487,894 distinct states found (1,577 ds/min), 4,839,084 states left on queue.
Progress(8) at 2026-03-18 01:14:49: 70,006,438 states generated (40,560 s/min), 5,489,266 distinct states found (1,372 ds/min), 4,840,111 states left on queue.
Progress(8) at 2026-03-18 01:15:49: 70,048,813 states generated (42,375 s/min), 5,490,786 distinct states found (1,520 ds/min), 4,841,273 states left on queue.
Progress(8) at 2026-03-18 01:16:49: 70,089,899 states generated (41,086 s/min), 5,492,200 distinct states found (1,414 ds/min), 4,842,338 states left on queue.
Progress(8) at 2026-03-18 01:17:49: 70,131,813 states generated (41,914 s/min), 5,493,666 distinct states found (1,466 ds/min), 4,843,450 states left on queue.
Progress(8) at 2026-03-18 01:18:49: 70,173,221 states generated (41,408 s/min), 5,495,116 distinct states found (1,450 ds/min), 4,844,549 states left on queue.
Progress(8) at 2026-03-18 01:19:49: 70,214,745 states generated (41,524 s/min), 5,496,738 distinct states found (1,622 ds/min), 4,845,816 states left on queue.
Progress(8) at 2026-03-18 01:20:49: 70,257,051 states generated (42,306 s/min), 5,501,449 distinct states found (4,711 ds/min), 4,850,148 states left on queue.
Progress(8) at 2026-03-18 01:21:49: 70,297,335 states generated (40,284 s/min), 5,505,106 distinct states found (3,657 ds/min), 4,853,462 states left on queue.
Progress(8) at 2026-03-18 01:22:49: 70,337,766 states generated (40,431 s/min), 5,509,062 distinct states found (3,956 ds/min), 4,857,075 states left on queue.
Progress(8) at 2026-03-18 01:23:49: 70,381,441 states generated (43,675 s/min), 5,512,713 distinct states found (3,651 ds/min), 4,860,359 states left on queue.
Progress(8) at 2026-03-18 01:24:49: 70,424,609 states generated (43,168 s/min), 5,516,597 distinct states found (3,884 ds/min), 4,863,879 states left on queue.
Progress(8) at 2026-03-18 01:25:49: 70,468,856 states generated (44,247 s/min), 5,520,031 distinct states found (3,434 ds/min), 4,866,940 states left on queue.
Progress(8) at 2026-03-18 01:26:49: 70,511,290 states generated (42,434 s/min), 5,523,511 distinct states found (3,480 ds/min), 4,870,065 states left on queue.
Progress(8) at 2026-03-18 01:27:49: 70,553,198 states generated (41,908 s/min), 5,526,569 distinct states found (3,058 ds/min), 4,872,772 states left on queue.
Progress(8) at 2026-03-18 01:28:49: 70,595,231 states generated (42,033 s/min), 5,529,480 distinct states found (2,911 ds/min), 4,875,331 states left on queue.
Progress(8) at 2026-03-18 01:29:49: 70,637,288 states generated (42,057 s/min), 5,531,181 distinct states found (1,701 ds/min), 4,876,677 states left on queue.
Progress(8) at 2026-03-18 01:30:49: 70,679,943 states generated (42,655 s/min), 5,532,777 distinct states found (1,596 ds/min), 4,877,910 states left on queue.
Progress(8) at 2026-03-18 01:31:49: 70,722,337 states generated (42,394 s/min), 5,534,409 distinct states found (1,632 ds/min), 4,879,183 states left on queue.
Progress(8) at 2026-03-18 01:32:49: 70,764,177 states generated (41,840 s/min), 5,535,836 distinct states found (1,427 ds/min), 4,880,255 states left on queue.
Progress(8) at 2026-03-18 01:33:49: 70,807,426 states generated (43,249 s/min), 5,537,360 distinct states found (1,524 ds/min), 4,881,414 states left on queue.
Progress(8) at 2026-03-18 01:34:49: 70,848,792 states generated (41,366 s/min), 5,538,803 distinct states found (1,443 ds/min), 4,882,506 states left on queue.
Checkpointing of run states/26-03-16-20-34-44
Checkpointing completed at (2026-03-18 01:35:50)
Progress(8) at 2026-03-18 01:35:50: 70,891,246 states generated (42,454 s/min), 5,540,267 distinct states found (1,464 ds/min), 4,883,610 states left on queue.
Progress(8) at 2026-03-18 01:36:50: 70,932,857 states generated (41,611 s/min), 5,541,749 distinct states found (1,482 ds/min), 4,884,741 states left on queue.
Progress(8) at 2026-03-18 01:37:50: 70,974,276 states generated (41,419 s/min), 5,543,156 distinct states found (1,407 ds/min), 4,885,796 states left on queue.
Progress(8) at 2026-03-18 01:38:50: 71,013,951 states generated (39,675 s/min), 5,547,615 distinct states found (4,459 ds/min), 4,889,898 states left on queue.
Progress(8) at 2026-03-18 01:39:50: 71,054,234 states generated (40,283 s/min), 5,551,296 distinct states found (3,681 ds/min), 4,893,233 states left on queue.
Progress(8) at 2026-03-18 01:40:50: 71,093,248 states generated (39,014 s/min), 5,555,156 distinct states found (3,860 ds/min), 4,896,761 states left on queue.
Progress(8) at 2026-03-18 01:41:50: 71,133,173 states generated (39,925 s/min), 5,558,539 distinct states found (3,383 ds/min), 4,899,808 states left on queue.
Progress(8) at 2026-03-18 01:42:50: 71,175,551 states generated (42,378 s/min), 5,562,376 distinct states found (3,837 ds/min), 4,903,288 states left on queue.
Progress(8) at 2026-03-18 01:43:50: 71,218,417 states generated (42,866 s/min), 5,565,725 distinct states found (3,349 ds/min), 4,906,278 states left on queue.
Progress(8) at 2026-03-18 01:44:50: 71,260,270 states generated (41,853 s/min), 5,569,152 distinct states found (3,427 ds/min), 4,909,353 states left on queue.
Progress(8) at 2026-03-18 01:45:50: 71,301,377 states generated (41,107 s/min), 5,572,100 distinct states found (2,948 ds/min), 4,911,957 states left on queue.
Progress(8) at 2026-03-18 01:46:50: 71,344,392 states generated (43,015 s/min), 5,575,192 distinct states found (3,092 ds/min), 4,914,688 states left on queue.
Progress(8) at 2026-03-18 01:47:50: 71,387,219 states generated (42,827 s/min), 5,577,397 distinct states found (2,205 ds/min), 4,916,532 states left on queue.
Progress(8) at 2026-03-18 01:48:50: 71,429,193 states generated (41,974 s/min), 5,578,987 distinct states found (1,590 ds/min), 4,917,766 states left on queue.
Progress(8) at 2026-03-18 01:49:50: 71,471,407 states generated (42,214 s/min), 5,580,607 distinct states found (1,620 ds/min), 4,919,028 states left on queue.
Progress(8) at 2026-03-18 01:50:50: 71,513,935 states generated (42,528 s/min), 5,582,127 distinct states found (1,520 ds/min), 4,920,189 states left on queue.
Progress(8) at 2026-03-18 01:51:50: 71,556,609 states generated (42,674 s/min), 5,583,570 distinct states found (1,443 ds/min), 4,921,269 states left on queue.
Progress(8) at 2026-03-18 01:52:50: 71,600,081 states generated (43,472 s/min), 5,585,157 distinct states found (1,587 ds/min), 4,922,490 states left on queue.
Progress(8) at 2026-03-18 01:53:50: 71,644,147 states generated (44,066 s/min), 5,586,641 distinct states found (1,484 ds/min), 4,923,599 states left on queue.
Progress(8) at 2026-03-18 01:54:50: 71,688,569 states generated (44,422 s/min), 5,588,256 distinct states found (1,615 ds/min), 4,924,840 states left on queue.
Progress(8) at 2026-03-18 01:55:50: 71,732,251 states generated (43,682 s/min), 5,589,729 distinct states found (1,473 ds/min), 4,925,941 states left on queue.
Progress(8) at 2026-03-18 01:56:50: 71,773,956 states generated (41,705 s/min), 5,593,999 distinct states found (4,270 ds/min), 4,929,839 states left on queue.
Progress(8) at 2026-03-18 01:57:50: 71,816,078 states generated (42,122 s/min), 5,597,837 distinct states found (3,838 ds/min), 4,933,313 states left on queue.
Progress(8) at 2026-03-18 01:58:50: 71,855,899 states generated (39,821 s/min), 5,601,763 distinct states found (3,926 ds/min), 4,936,900 states left on queue.
Progress(8) at 2026-03-18 01:59:50: 71,898,330 states generated (42,431 s/min), 5,605,298 distinct states found (3,535 ds/min), 4,940,078 states left on queue.
Progress(8) at 2026-03-18 02:00:50: 71,941,217 states generated (42,887 s/min), 5,609,179 distinct states found (3,881 ds/min), 4,943,598 states left on queue.
Progress(8) at 2026-03-18 02:01:50: 71,982,648 states generated (41,431 s/min), 5,612,428 distinct states found (3,249 ds/min), 4,946,499 states left on queue.
Progress(8) at 2026-03-18 02:02:50: 72,024,786 states generated (42,138 s/min), 5,615,860 distinct states found (3,432 ds/min), 4,949,578 states left on queue.
Progress(8) at 2026-03-18 02:03:50: 72,066,908 states generated (42,122 s/min), 5,618,891 distinct states found (3,031 ds/min), 4,952,256 states left on queue.
Progress(8) at 2026-03-18 02:04:50: 72,109,909 states generated (43,001 s/min), 5,621,987 distinct states found (3,096 ds/min), 4,954,991 states left on queue.
Checkpointing of run states/26-03-16-20-34-44
Checkpointing completed at (2026-03-18 02:05:50)
Progress(8) at 2026-03-18 02:05:50: 72,157,041 states generated (47,132 s/min), 5,624,393 distinct states found (2,406 ds/min), 4,957,000 states left on queue.
Progress(8) at 2026-03-18 02:06:50: 72,199,719 states generated (42,678 s/min), 5,626,008 distinct states found (1,615 ds/min), 4,958,253 states left on queue.
Progress(8) at 2026-03-18 02:07:50: 72,246,113 states generated (46,394 s/min), 5,627,788 distinct states found (1,780 ds/min), 4,959,640 states left on queue.
Progress(8) at 2026-03-18 02:08:50: 72,290,812 states generated (44,699 s/min), 5,629,346 distinct states found (1,558 ds/min), 4,960,819 states left on queue.
Progress(8) at 2026-03-18 02:09:50: 72,333,697 states generated (42,885 s/min), 5,630,827 distinct states found (1,481 ds/min), 4,961,937 states left on queue.
Progress(8) at 2026-03-18 02:10:50: 72,377,551 states generated (43,854 s/min), 5,632,385 distinct states found (1,558 ds/min), 4,963,124 states left on queue.
Progress(8) at 2026-03-18 02:11:50: 72,421,856 states generated (44,305 s/min), 5,633,897 distinct states found (1,512 ds/min), 4,964,261 states left on queue.
Progress(8) at 2026-03-18 02:12:50: 72,465,501 states generated (43,645 s/min), 5,635,473 distinct states found (1,576 ds/min), 4,965,468 states left on queue.
Progress(8) at 2026-03-18 02:13:50: 72,510,103 states generated (44,602 s/min), 5,636,973 distinct states found (1,500 ds/min), 4,966,589 states left on queue.
Progress(8) at 2026-03-18 02:14:50: 72,552,783 states generated (42,680 s/min), 5,641,747 distinct states found (4,774 ds/min), 4,970,979 states left on queue.
Progress(8) at 2026-03-18 02:15:50: 72,595,952 states generated (43,169 s/min), 5,645,630 distinct states found (3,883 ds/min), 4,974,494 states left on queue.
Progress(8) at 2026-03-18 02:16:50: 72,636,563 states generated (40,611 s/min), 5,649,591 distinct states found (3,961 ds/min), 4,978,110 states left on queue.
Progress(8) at 2026-03-18 02:17:50: 72,678,030 states generated (41,467 s/min), 5,653,081 distinct states found (3,490 ds/min), 4,981,251 states left on queue.
Progress(8) at 2026-03-18 02:18:50: 72,721,192 states generated (43,162 s/min), 5,656,971 distinct states found (3,890 ds/min), 4,984,777 states left on queue.
Progress(8) at 2026-03-18 02:19:50: 72,764,404 states generated (43,212 s/min), 5,660,339 distinct states found (3,368 ds/min), 4,987,783 states left on queue.
Progress(8) at 2026-03-18 02:20:50: 72,808,428 states generated (44,024 s/min), 5,663,934 distinct states found (3,595 ds/min), 4,991,008 states left on queue.
Progress(8) at 2026-03-18 02:21:50: 72,851,785 states generated (43,357 s/min), 5,667,074 distinct states found (3,140 ds/min), 4,993,785 states left on queue.
Progress(8) at 2026-03-18 02:22:50: 72,895,122 states generated (43,337 s/min), 5,670,083 distinct states found (3,009 ds/min), 4,996,430 states left on queue.
Progress(8) at 2026-03-18 02:23:50: 72,939,409 states generated (44,287 s/min), 5,671,867 distinct states found (1,784 ds/min), 4,997,840 states left on queue.
Progress(8) at 2026-03-18 02:24:50: 72,983,523 states generated (44,114 s/min), 5,673,520 distinct states found (1,653 ds/min), 4,999,118 states left on queue.
Progress(8) at 2026-03-18 02:25:50: 73,028,007 states generated (44,484 s/min), 5,675,221 distinct states found (1,701 ds/min), 5,000,443 states left on queue.
Progress(8) at 2026-03-18 02:26:50: 73,070,446 states generated (42,439 s/min), 5,676,656 distinct states found (1,435 ds/min), 5,001,518 states left on queue.
Progress(8) at 2026-03-18 02:27:50: 73,113,417 states generated (42,971 s/min), 5,678,189 distinct states found (1,533 ds/min), 5,002,688 states left on queue.
Progress(8) at 2026-03-18 02:28:50: 73,156,096 states generated (42,679 s/min), 5,679,654 distinct states found (1,465 ds/min), 5,003,791 states left on queue.
Progress(8) at 2026-03-18 02:29:50: 73,199,967 states generated (43,871 s/min), 5,681,191 distinct states found (1,537 ds/min), 5,004,957 states left on queue.
Progress(8) at 2026-03-18 02:30:50: 73,244,834 states generated (44,867 s/min), 5,682,765 distinct states found (1,574 ds/min), 5,006,150 states left on queue.
Progress(8) at 2026-03-18 02:31:50: 73,289,497 states generated (44,663 s/min), 5,685,509 distinct states found (2,744 ds/min), 5,008,504 states left on queue.
Progress(8) at 2026-03-18 02:32:50: 73,333,840 states generated (44,343 s/min), 5,689,992 distinct states found (4,483 ds/min), 5,012,596 states left on queue.
Progress(8) at 2026-03-18 02:33:50: 73,374,025 states generated (40,185 s/min), 5,694,330 distinct states found (4,338 ds/min), 5,016,592 states left on queue.
Progress(8) at 2026-03-18 02:34:50: 73,414,824 states generated (40,799 s/min), 5,697,270 distinct states found (2,940 ds/min), 5,019,190 states left on queue.
Checkpointing of run states/26-03-16-20-34-44
Checkpointing completed at (2026-03-18 02:35:50)
Progress(8) at 2026-03-18 02:35:50: 73,455,184 states generated (40,360 s/min), 5,700,786 distinct states found (3,516 ds/min), 5,022,365 states left on queue.
Progress(8) at 2026-03-18 02:36:50: 73,497,482 states generated (42,298 s/min), 5,704,514 distinct states found (3,728 ds/min), 5,025,738 states left on queue.
Progress(8) at 2026-03-18 02:37:50: 73,538,299 states generated (40,817 s/min), 5,708,165 distinct states found (3,651 ds/min), 5,029,046 states left on queue.
Progress(8) at 2026-03-18 02:38:50: 73,579,916 states generated (41,617 s/min), 5,711,123 distinct states found (2,958 ds/min), 5,031,655 states left on queue.
Progress(8) at 2026-03-18 02:39:50: 73,620,993 states generated (41,077 s/min), 5,714,136 distinct states found (3,013 ds/min), 5,034,324 states left on queue.
Progress(8) at 2026-03-18 02:40:50: 73,662,456 states generated (41,463 s/min), 5,716,984 distinct states found (2,848 ds/min), 5,036,824 states left on queue.
Progress(8) at 2026-03-18 02:41:50: 73,704,406 states generated (41,950 s/min), 5,718,662 distinct states found (1,678 ds/min), 5,038,148 states left on queue.
Progress(8) at 2026-03-18 02:42:50: 73,746,140 states generated (41,734 s/min), 5,720,228 distinct states found (1,566 ds/min), 5,039,359 states left on queue.
Progress(8) at 2026-03-18 02:43:50: 73,791,357 states generated (45,217 s/min), 5,721,967 distinct states found (1,739 ds/min), 5,040,716 states left on queue.
Progress(8) at 2026-03-18 02:44:50: 73,832,645 states generated (41,288 s/min), 5,723,369 distinct states found (1,402 ds/min), 5,041,767 states left on queue.
Progress(8) at 2026-03-18 02:45:50: 73,873,450 states generated (40,805 s/min), 5,724,809 distinct states found (1,440 ds/min), 5,042,862 states left on queue.
Progress(8) at 2026-03-18 02:46:50: 73,913,439 states generated (39,989 s/min), 5,726,212 distinct states found (1,403 ds/min), 5,043,926 states left on queue.
Progress(8) at 2026-03-18 02:47:50: 73,953,710 states generated (40,271 s/min), 5,727,578 distinct states found (1,366 ds/min), 5,044,951 states left on queue.
Progress(8) at 2026-03-18 02:48:50: 73,996,113 states generated (42,403 s/min), 5,729,099 distinct states found (1,521 ds/min), 5,046,114 states left on queue.
Progress(8) at 2026-03-18 02:49:50: 74,037,568 states generated (41,455 s/min), 5,730,507 distinct states found (1,408 ds/min), 5,047,170 states left on queue.
Progress(8) at 2026-03-18 02:50:50: 74,078,461 states generated (40,893 s/min), 5,734,930 distinct states found (4,423 ds/min), 5,051,226 states left on queue.
Progress(8) at 2026-03-18 02:51:50: 74,119,453 states generated (40,992 s/min), 5,738,676 distinct states found (3,746 ds/min), 5,054,619 states left on queue.
Progress(8) at 2026-03-18 02:52:50: 74,158,989 states generated (39,536 s/min), 5,742,576 distinct states found (3,900 ds/min), 5,058,183 states left on queue.
Progress(8) at 2026-03-18 02:53:50: 74,200,479 states generated (41,490 s/min), 5,746,070 distinct states found (3,494 ds/min), 5,061,328 states left on queue.
Progress(8) at 2026-03-18 02:54:50: 74,241,305 states generated (40,826 s/min), 5,749,796 distinct states found (3,726 ds/min), 5,064,710 states left on queue.
Progress(8) at 2026-03-18 02:55:50: 74,282,496 states generated (41,191 s/min), 5,753,029 distinct states found (3,233 ds/min), 5,067,597 states left on queue.
Progress(8) at 2026-03-18 02:56:50: 74,323,632 states generated (41,136 s/min), 5,756,397 distinct states found (3,368 ds/min), 5,070,620 states left on queue.
Progress(8) at 2026-03-18 02:57:50: 74,365,505 states generated (41,873 s/min), 5,759,412 distinct states found (3,015 ds/min), 5,073,284 states left on queue.
Progress(8) at 2026-03-18 02:58:50: 74,408,063 states generated (42,558 s/min), 5,762,476 distinct states found (3,064 ds/min), 5,075,992 states left on queue.
Progress(8) at 2026-03-18 02:59:50: 74,451,861 states generated (43,798 s/min), 5,764,792 distinct states found (2,316 ds/min), 5,077,939 states left on queue.
Progress(8) at 2026-03-18 03:00:50: 74,493,847 states generated (41,986 s/min), 5,766,392 distinct states found (1,600 ds/min), 5,079,182 states left on queue.
Progress(8) at 2026-03-18 03:01:50: 74,536,250 states generated (42,403 s/min), 5,768,024 distinct states found (1,632 ds/min), 5,080,455 states left on queue.
Progress(8) at 2026-03-18 03:02:50: 74,579,742 states generated (43,492 s/min), 5,769,572 distinct states found (1,548 ds/min), 5,081,635 states left on queue.
Progress(8) at 2026-03-18 03:03:50: 74,623,124 states generated (43,382 s/min), 5,771,044 distinct states found (1,472 ds/min), 5,082,739 states left on queue.
Progress(8) at 2026-03-18 03:04:50: 74,665,957 states generated (42,833 s/min), 5,772,597 distinct states found (1,553 ds/min), 5,083,931 states left on queue.
Checkpointing of run states/26-03-16-20-34-44
Checkpointing completed at (2026-03-18 03:05:50)
Progress(8) at 2026-03-18 03:05:50: 74,709,423 states generated (43,466 s/min), 5,774,074 distinct states found (1,477 ds/min), 5,085,038 states left on queue.
Progress(8) at 2026-03-18 03:06:50: 74,752,483 states generated (43,060 s/min), 5,775,634 distinct states found (1,560 ds/min), 5,086,235 states left on queue.
Progress(8) at 2026-03-18 03:07:50: 74,794,074 states generated (41,591 s/min), 5,777,037 distinct states found (1,403 ds/min), 5,087,285 states left on queue.
Progress(8) at 2026-03-18 03:08:50: 74,834,417 states generated (40,343 s/min), 5,781,020 distinct states found (3,983 ds/min), 5,090,909 states left on queue.
Progress(8) at 2026-03-18 03:09:50: 74,875,291 states generated (40,874 s/min), 5,784,763 distinct states found (3,743 ds/min), 5,094,295 states left on queue.
Progress(8) at 2026-03-18 03:10:50: 74,914,877 states generated (39,586 s/min), 5,788,667 distinct states found (3,904 ds/min), 5,097,863 states left on queue.
Progress(8) at 2026-03-18 03:11:50: 74,955,532 states generated (40,655 s/min), 5,792,055 distinct states found (3,388 ds/min), 5,100,909 states left on queue.
Progress(8) at 2026-03-18 03:12:50: 74,996,056 states generated (40,524 s/min), 5,795,798 distinct states found (3,743 ds/min), 5,104,311 states left on queue.
Progress(8) at 2026-03-18 03:13:50: 75,037,002 states generated (40,946 s/min), 5,798,970 distinct states found (3,172 ds/min), 5,107,139 states left on queue.
Progress(8) at 2026-03-18 03:14:50: 75,078,332 states generated (41,330 s/min), 5,802,420 distinct states found (3,450 ds/min), 5,110,242 states left on queue.
Progress(8) at 2026-03-18 03:15:50: 75,120,560 states generated (42,228 s/min), 5,805,436 distinct states found (3,016 ds/min), 5,112,904 states left on queue.
Progress(8) at 2026-03-18 03:16:50: 75,165,656 states generated (45,096 s/min), 5,808,706 distinct states found (3,270 ds/min), 5,115,796 states left on queue.
Progress(8) at 2026-03-18 03:17:50: 75,210,886 states generated (45,230 s/min), 5,811,340 distinct states found (2,634 ds/min), 5,118,050 states left on queue.
Progress(8) at 2026-03-18 03:18:50: 75,254,522 states generated (43,636 s/min), 5,813,036 distinct states found (1,696 ds/min), 5,119,376 states left on queue.
Progress(8) at 2026-03-18 03:19:50: 75,299,159 states generated (44,637 s/min), 5,814,742 distinct states found (1,706 ds/min), 5,120,703 states left on queue.
Progress(8) at 2026-03-18 03:20:50: 75,343,871 states generated (44,712 s/min), 5,816,363 distinct states found (1,621 ds/min), 5,121,946 states left on queue.
Progress(8) at 2026-03-18 03:21:50: 75,388,397 states generated (44,526 s/min), 5,817,868 distinct states found (1,505 ds/min), 5,123,074 states left on queue.
Progress(8) at 2026-03-18 03:22:50: 75,432,414 states generated (44,017 s/min), 5,819,463 distinct states found (1,595 ds/min), 5,124,297 states left on queue.
Progress(8) at 2026-03-18 03:23:50: 75,476,428 states generated (44,014 s/min), 5,820,944 distinct states found (1,481 ds/min), 5,125,404 states left on queue.
Progress(8) at 2026-03-18 03:24:50: 75,520,394 states generated (43,966 s/min), 5,822,550 distinct states found (1,606 ds/min), 5,126,639 states left on queue.
Progress(8) at 2026-03-18 03:25:50: 75,565,816 states generated (45,422 s/min), 5,824,080 distinct states found (1,530 ds/min), 5,127,783 states left on queue.
Progress(8) at 2026-03-18 03:26:50: 75,608,559 states generated (42,743 s/min), 5,828,438 distinct states found (4,358 ds/min), 5,131,760 states left on queue.
Progress(8) at 2026-03-18 03:27:50: 75,652,660 states generated (44,101 s/min), 5,832,410 distinct states found (3,972 ds/min), 5,135,351 states left on queue.
Progress(8) at 2026-03-18 03:28:50: 75,694,322 states generated (41,662 s/min), 5,836,450 distinct states found (4,040 ds/min), 5,139,038 states left on queue.
Progress(8) at 2026-03-18 03:29:50: 75,736,757 states generated (42,435 s/min), 5,840,018 distinct states found (3,568 ds/min), 5,142,249 states left on queue.
Progress(8) at 2026-03-18 03:30:50: 75,778,533 states generated (41,776 s/min), 5,843,796 distinct states found (3,778 ds/min), 5,145,675 states left on queue.
Progress(8) at 2026-03-18 03:31:50: 75,820,618 states generated (42,085 s/min), 5,847,094 distinct states found (3,298 ds/min), 5,148,619 states left on queue.
Progress(8) at 2026-03-18 03:32:50: 75,863,259 states generated (42,641 s/min), 5,850,589 distinct states found (3,495 ds/min), 5,151,757 states left on queue.
Progress(8) at 2026-03-18 03:33:50: 75,905,776 states generated (42,517 s/min), 5,853,640 distinct states found (3,051 ds/min), 5,154,451 states left on queue.
Progress(8) at 2026-03-18 03:34:50: 75,947,760 states generated (41,984 s/min), 5,856,642 distinct states found (3,002 ds/min), 5,157,101 states left on queue.
Checkpointing of run states/26-03-16-20-34-44
Checkpointing completed at (2026-03-18 03:35:50)
Progress(8) at 2026-03-18 03:35:50: 75,991,424 states generated (43,664 s/min), 5,858,777 distinct states found (2,135 ds/min), 5,158,868 states left on queue.
Progress(8) at 2026-03-18 03:36:50: 76,033,480 states generated (42,056 s/min), 5,860,366 distinct states found (1,589 ds/min), 5,160,100 states left on queue.
Progress(8) at 2026-03-18 03:37:50: 76,078,236 states generated (44,756 s/min), 5,862,086 distinct states found (1,720 ds/min), 5,161,441 states left on queue.
Progress(8) at 2026-03-18 03:38:50: 76,122,019 states generated (43,783 s/min), 5,863,617 distinct states found (1,531 ds/min), 5,162,601 states left on queue.
Progress(8) at 2026-03-18 03:39:50: 76,165,743 states generated (43,724 s/min), 5,865,122 distinct states found (1,505 ds/min), 5,163,736 states left on queue.
Progress(8) at 2026-03-18 03:40:50: 76,210,215 states generated (44,472 s/min), 5,866,704 distinct states found (1,582 ds/min), 5,164,942 states left on queue.
Progress(8) at 2026-03-18 03:41:50: 76,254,929 states generated (44,714 s/min), 5,868,231 distinct states found (1,527 ds/min), 5,166,089 states left on queue.
Progress(8) at 2026-03-18 03:42:50: 76,299,600 states generated (44,671 s/min), 5,869,845 distinct states found (1,614 ds/min), 5,167,326 states left on queue.
Progress(8) at 2026-03-18 03:43:50: 76,344,829 states generated (45,229 s/min), 5,871,364 distinct states found (1,519 ds/min), 5,168,461 states left on queue.
Progress(8) at 2026-03-18 03:44:50: 76,389,525 states generated (44,696 s/min), 5,876,349 distinct states found (4,985 ds/min), 5,173,044 states left on queue.
Progress(8) at 2026-03-18 03:45:50: 76,432,370 states generated (42,845 s/min), 5,880,186 distinct states found (3,837 ds/min), 5,176,516 states left on queue.
Progress(8) at 2026-03-18 03:46:50: 76,473,368 states generated (40,998 s/min), 5,884,182 distinct states found (3,996 ds/min), 5,180,164 states left on queue.
Progress(8) at 2026-03-18 03:47:50: 76,516,180 states generated (42,812 s/min), 5,887,773 distinct states found (3,591 ds/min), 5,183,395 states left on queue.
Progress(8) at 2026-03-18 03:48:50: 76,559,210 states generated (43,030 s/min), 5,891,659 distinct states found (3,886 ds/min), 5,186,919 states left on queue.
Progress(8) at 2026-03-18 03:49:50: 76,601,587 states generated (42,377 s/min), 5,894,950 distinct states found (3,291 ds/min), 5,189,854 states left on queue.
Progress(8) at 2026-03-18 03:50:50: 76,646,029 states generated (44,442 s/min), 5,898,567 distinct states found (3,617 ds/min), 5,193,098 states left on queue.
Progress(8) at 2026-03-18 03:51:50: 76,690,676 states generated (44,647 s/min), 5,901,847 distinct states found (3,280 ds/min), 5,196,004 states left on queue.
Progress(8) at 2026-03-18 03:52:50: 76,734,508 states generated (43,832 s/min), 5,904,673 distinct states found (2,826 ds/min), 5,198,462 states left on queue.
Progress(8) at 2026-03-18 03:53:50: 76,778,469 states generated (43,961 s/min), 5,906,433 distinct states found (1,760 ds/min), 5,199,850 states left on queue.
Progress(8) at 2026-03-18 03:54:50: 76,822,381 states generated (43,912 s/min), 5,908,073 distinct states found (1,640 ds/min), 5,201,117 states left on queue.
Progress(8) at 2026-03-18 03:55:50: 76,866,800 states generated (44,419 s/min), 5,909,760 distinct states found (1,687 ds/min), 5,202,429 states left on queue.
Progress(8) at 2026-03-18 03:56:50: 76,911,204 states generated (44,404 s/min), 5,911,250 distinct states found (1,490 ds/min), 5,203,542 states left on queue.
Progress(8) at 2026-03-18 03:57:50: 76,957,318 states generated (46,114 s/min), 5,912,931 distinct states found (1,681 ds/min), 5,204,833 states left on queue.
Progress(8) at 2026-03-18 03:58:50: 77,000,867 states generated (43,549 s/min), 5,914,387 distinct states found (1,456 ds/min), 5,205,920 states left on queue.
Progress(8) at 2026-03-18 03:59:50: 77,045,809 states generated (44,942 s/min), 5,916,006 distinct states found (1,619 ds/min), 5,207,159 states left on queue.
Progress(8) at 2026-03-18 04:00:50: 77,089,441 states generated (43,632 s/min), 5,917,489 distinct states found (1,483 ds/min), 5,208,272 states left on queue.
Progress(8) at 2026-03-18 04:01:50: 77,131,590 states generated (42,149 s/min), 5,921,411 distinct states found (3,922 ds/min), 5,211,820 states left on queue.
Progress(8) at 2026-03-18 04:02:50: 77,173,008 states generated (41,418 s/min), 5,925,202 distinct states found (3,791 ds/min), 5,215,249 states left on queue.
Progress(8) at 2026-03-18 04:03:50: 77,211,870 states generated (38,862 s/min), 5,929,052 distinct states found (3,850 ds/min), 5,218,769 states left on queue.
Progress(8) at 2026-03-18 04:04:50: 77,252,317 states generated (40,447 s/min), 5,931,967 distinct states found (2,915 ds/min), 5,221,345 states left on queue.
Checkpointing of run states/26-03-16-20-34-44
Checkpointing completed at (2026-03-18 04:05:50)
Progress(8) at 2026-03-18 04:05:50: 77,291,761 states generated (39,444 s/min), 5,936,087 distinct states found (4,120 ds/min), 5,225,131 states left on queue.
Progress(8) at 2026-03-18 04:06:50: 77,332,944 states generated (41,183 s/min), 5,939,009 distinct states found (2,922 ds/min), 5,227,708 states left on queue.
Progress(8) at 2026-03-18 04:07:50: 77,374,473 states generated (41,529 s/min), 5,942,742 distinct states found (3,733 ds/min), 5,231,092 states left on queue.
Progress(8) at 2026-03-18 04:08:50: 77,415,054 states generated (40,581 s/min), 5,945,613 distinct states found (2,871 ds/min), 5,233,623 states left on queue.
Progress(8) at 2026-03-18 04:09:50: 77,456,186 states generated (41,132 s/min), 5,948,633 distinct states found (3,020 ds/min), 5,236,298 states left on queue.
Progress(8) at 2026-03-18 04:10:50: 77,497,563 states generated (41,377 s/min), 5,951,393 distinct states found (2,760 ds/min), 5,238,711 states left on queue.
Progress(8) at 2026-03-18 04:11:50: 77,538,706 states generated (41,143 s/min), 5,953,042 distinct states found (1,649 ds/min), 5,240,012 states left on queue.
Progress(8) at 2026-03-18 04:12:50: 77,579,676 states generated (40,970 s/min), 5,954,593 distinct states found (1,551 ds/min), 5,241,215 states left on queue.
Progress(8) at 2026-03-18 04:13:50: 77,622,173 states generated (42,497 s/min), 5,956,220 distinct states found (1,627 ds/min), 5,242,483 states left on queue.
Progress(8) at 2026-03-18 04:14:50: 77,664,644 states generated (42,471 s/min), 5,957,671 distinct states found (1,451 ds/min), 5,243,573 states left on queue.
Progress(8) at 2026-03-18 04:15:50: 77,706,285 states generated (41,641 s/min), 5,959,128 distinct states found (1,457 ds/min), 5,244,678 states left on queue.
Progress(8) at 2026-03-18 04:16:50: 77,747,403 states generated (41,118 s/min), 5,960,574 distinct states found (1,446 ds/min), 5,245,776 states left on queue.
Progress(8) at 2026-03-18 04:17:50: 77,790,530 states generated (43,127 s/min), 5,962,056 distinct states found (1,482 ds/min), 5,246,893 states left on queue.
Progress(8) at 2026-03-18 04:18:50: 77,833,685 states generated (43,155 s/min), 5,963,593 distinct states found (1,537 ds/min), 5,248,065 states left on queue.
Progress(8) at 2026-03-18 04:19:50: 77,876,796 states generated (43,111 s/min), 5,965,060 distinct states found (1,467 ds/min), 5,249,166 states left on queue.
Progress(8) at 2026-03-18 04:20:50: 77,920,293 states generated (43,497 s/min), 5,969,896 distinct states found (4,836 ds/min), 5,253,611 states left on queue.
Progress(8) at 2026-03-18 04:21:50: 77,961,521 states generated (41,228 s/min), 5,973,645 distinct states found (3,749 ds/min), 5,257,008 states left on queue.
Progress(8) at 2026-03-18 04:22:50: 78,000,812 states generated (39,291 s/min), 5,977,529 distinct states found (3,884 ds/min), 5,260,558 states left on queue.
Progress(8) at 2026-03-18 04:23:50: 78,040,674 states generated (39,862 s/min), 5,980,893 distinct states found (3,364 ds/min), 5,263,587 states left on queue.
Progress(8) at 2026-03-18 04:24:50: 78,080,397 states generated (39,723 s/min), 5,984,549 distinct states found (3,656 ds/min), 5,266,908 states left on queue.
Progress(8) at 2026-03-18 04:25:50: 78,121,121 states generated (40,724 s/min), 5,987,735 distinct states found (3,186 ds/min), 5,269,752 states left on queue.
Progress(8) at 2026-03-18 04:26:50: 78,162,244 states generated (41,123 s/min), 5,991,134 distinct states found (3,399 ds/min), 5,272,806 states left on queue.
Progress(8) at 2026-03-18 04:27:50: 78,204,821 states generated (42,577 s/min), 5,994,178 distinct states found (3,044 ds/min), 5,275,493 states left on queue.
Progress(8) at 2026-03-18 04:28:50: 78,245,925 states generated (41,104 s/min), 5,997,131 distinct states found (2,953 ds/min), 5,278,101 states left on queue.
Progress(8) at 2026-03-18 04:29:50: 78,289,385 states generated (43,460 s/min), 5,999,313 distinct states found (2,182 ds/min), 5,279,917 states left on queue.
Progress(8) at 2026-03-18 04:30:50: 78,331,137 states generated (41,752 s/min), 6,000,880 distinct states found (1,567 ds/min), 5,281,129 states left on queue.
Progress(8) at 2026-03-18 04:31:50: 78,373,347 states generated (42,210 s/min), 6,002,506 distinct states found (1,626 ds/min), 5,282,398 states left on queue.
Progress(8) at 2026-03-18 04:32:50: 78,416,592 states generated (43,245 s/min), 6,004,035 distinct states found (1,529 ds/min), 5,283,561 states left on queue.
Progress(8) at 2026-03-18 04:33:50: 78,459,905 states generated (43,313 s/min), 6,005,514 distinct states found (1,479 ds/min), 5,284,673 states left on queue.
Progress(8) at 2026-03-18 04:34:50: 78,502,927 states generated (43,022 s/min), 6,007,065 distinct states found (1,551 ds/min), 5,285,860 states left on queue.
Checkpointing of run states/26-03-16-20-34-44
Checkpointing completed at (2026-03-18 04:35:51)
Progress(8) at 2026-03-18 04:35:51: 78,546,752 states generated (43,825 s/min), 6,008,548 distinct states found (1,483 ds/min), 5,286,971 states left on queue.
Progress(8) at 2026-03-18 04:36:51: 78,589,898 states generated (43,146 s/min), 6,010,121 distinct states found (1,573 ds/min), 5,288,180 states left on queue.
Progress(8) at 2026-03-18 04:37:51: 78,632,245 states generated (42,347 s/min), 6,011,547 distinct states found (1,426 ds/min), 5,289,247 states left on queue.
Progress(8) at 2026-03-18 04:38:51: 78,673,514 states generated (41,269 s/min), 6,015,802 distinct states found (4,255 ds/min), 5,293,133 states left on queue.
Progress(8) at 2026-03-18 04:39:51: 78,716,456 states generated (42,942 s/min), 6,019,698 distinct states found (3,896 ds/min), 5,296,658 states left on queue.
Progress(8) at 2026-03-18 04:40:51: 78,758,088 states generated (41,632 s/min), 6,023,738 distinct states found (4,040 ds/min), 5,300,344 states left on queue.
Progress(8) at 2026-03-18 04:41:51: 78,798,796 states generated (40,708 s/min), 6,027,164 distinct states found (3,426 ds/min), 5,303,428 states left on queue.
Progress(8) at 2026-03-18 04:42:51: 78,840,881 states generated (42,085 s/min), 6,030,990 distinct states found (3,826 ds/min), 5,306,899 states left on queue.
Progress(8) at 2026-03-18 04:43:51: 78,884,237 states generated (43,356 s/min), 6,034,375 distinct states found (3,385 ds/min), 5,309,920 states left on queue.
Progress(8) at 2026-03-18 04:44:51: 78,927,958 states generated (43,721 s/min), 6,037,939 distinct states found (3,564 ds/min), 5,313,117 states left on queue.
Progress(8) at 2026-03-18 04:45:51: 78,971,352 states generated (43,394 s/min), 6,041,036 distinct states found (3,097 ds/min), 5,315,851 states left on queue.
Progress(8) at 2026-03-18 04:46:51: 79,015,479 states generated (44,127 s/min), 6,044,197 distinct states found (3,161 ds/min), 5,318,642 states left on queue.
Progress(8) at 2026-03-18 04:47:51: 79,058,473 states generated (42,994 s/min), 6,046,281 distinct states found (2,084 ds/min), 5,320,364 states left on queue.
Progress(8) at 2026-03-18 04:48:51: 79,100,163 states generated (41,690 s/min), 6,047,847 distinct states found (1,566 ds/min), 5,321,575 states left on queue.
Progress(8) at 2026-03-18 04:49:51: 79,143,749 states generated (43,586 s/min), 6,049,516 distinct states found (1,669 ds/min), 5,322,875 states left on queue.
Progress(8) at 2026-03-18 04:50:51: 79,186,309 states generated (42,560 s/min), 6,051,013 distinct states found (1,497 ds/min), 5,324,011 states left on queue.
Progress(8) at 2026-03-18 04:51:51: 79,229,020 states generated (42,711 s/min), 6,052,470 distinct states found (1,457 ds/min), 5,325,107 states left on queue.
Progress(8) at 2026-03-18 04:52:51: 79,272,391 states generated (43,371 s/min), 6,054,028 distinct states found (1,558 ds/min), 5,326,298 states left on queue.
Progress(8) at 2026-03-18 04:53:51: 79,315,243 states generated (42,852 s/min), 6,055,475 distinct states found (1,447 ds/min), 5,327,382 states left on queue.
Progress(8) at 2026-03-18 04:54:51: 79,358,694 states generated (43,451 s/min), 6,057,060 distinct states found (1,585 ds/min), 5,328,600 states left on queue.
Progress(8) at 2026-03-18 04:55:51: 79,401,313 states generated (42,619 s/min), 6,058,495 distinct states found (1,435 ds/min), 5,329,673 states left on queue.
Progress(8) at 2026-03-18 04:56:51: 79,442,833 states generated (41,520 s/min), 6,062,861 distinct states found (4,366 ds/min), 5,333,667 states left on queue.
Progress(8) at 2026-03-18 04:57:51: 79,486,996 states generated (44,163 s/min), 6,066,825 distinct states found (3,964 ds/min), 5,337,251 states left on queue.
Progress(8) at 2026-03-18 04:58:51: 79,527,797 states generated (40,801 s/min), 6,070,813 distinct states found (3,988 ds/min), 5,340,892 states left on queue.
Progress(8) at 2026-03-18 04:59:51: 79,570,261 states generated (42,464 s/min), 6,074,383 distinct states found (3,570 ds/min), 5,344,105 states left on queue.
Progress(8) at 2026-03-18 05:00:51: 79,612,931 states generated (42,670 s/min), 6,078,229 distinct states found (3,846 ds/min), 5,347,592 states left on queue.
Progress(8) at 2026-03-18 05:01:51: 79,654,844 states generated (41,913 s/min), 6,081,501 distinct states found (3,272 ds/min), 5,350,512 states left on queue.
Progress(8) at 2026-03-18 05:02:51: 79,696,782 states generated (41,938 s/min), 6,084,956 distinct states found (3,455 ds/min), 5,353,615 states left on queue.
Progress(8) at 2026-03-18 05:03:51: 79,739,527 states generated (42,745 s/min), 6,088,021 distinct states found (3,065 ds/min), 5,356,322 states left on queue.
Progress(8) at 2026-03-18 05:04:51: 79,780,846 states generated (41,319 s/min), 6,090,977 distinct states found (2,956 ds/min), 5,358,931 states left on queue.
Checkpointing of run states/26-03-16-20-34-44
Checkpointing completed at (2026-03-18 05:05:51)
Progress(8) at 2026-03-18 05:05:51: 79,823,674 states generated (42,828 s/min), 6,093,089 distinct states found (2,112 ds/min), 5,360,682 states left on queue.
Progress(8) at 2026-03-18 05:06:51: 79,865,409 states generated (41,735 s/min), 6,094,653 distinct states found (1,564 ds/min), 5,361,892 states left on queue.
Progress(8) at 2026-03-18 05:07:51: 79,908,424 states generated (43,015 s/min), 6,096,304 distinct states found (1,651 ds/min), 5,363,179 states left on queue.
Progress(8) at 2026-03-18 05:08:51: 79,950,764 states generated (42,340 s/min), 6,097,801 distinct states found (1,497 ds/min), 5,364,317 states left on queue.
Progress(8) at 2026-03-18 05:09:51: 79,993,183 states generated (42,419 s/min), 6,099,248 distinct states found (1,447 ds/min), 5,365,405 states left on queue.
Progress(8) at 2026-03-18 05:10:51: 80,036,038 states generated (42,855 s/min), 6,100,801 distinct states found (1,553 ds/min), 5,366,595 states left on queue.
Progress(8) at 2026-03-18 05:11:51: 80,078,553 states generated (42,515 s/min), 6,102,236 distinct states found (1,435 ds/min), 5,367,670 states left on queue.
Progress(8) at 2026-03-18 05:12:51: 80,122,674 states generated (44,121 s/min), 6,103,834 distinct states found (1,598 ds/min), 5,368,895 states left on queue.
Progress(8) at 2026-03-18 05:13:51: 80,166,515 states generated (43,841 s/min), 6,105,314 distinct states found (1,480 ds/min), 5,370,003 states left on queue.
Progress(8) at 2026-03-18 05:14:51: 80,207,648 states generated (41,133 s/min), 6,109,600 distinct states found (4,286 ds/min), 5,373,921 states left on queue.
Progress(8) at 2026-03-18 05:15:51: 80,250,010 states generated (42,362 s/min), 6,113,457 distinct states found (3,857 ds/min), 5,377,412 states left on queue.
Progress(8) at 2026-03-18 05:16:51: 80,290,854 states generated (40,844 s/min), 6,117,445 distinct states found (3,988 ds/min), 5,381,053 states left on queue.
Progress(8) at 2026-03-18 05:17:51: 80,332,870 states generated (42,016 s/min), 6,120,961 distinct states found (3,516 ds/min), 5,384,216 states left on queue.
Progress(8) at 2026-03-18 05:18:51: 80,374,915 states generated (42,045 s/min), 6,124,780 distinct states found (3,819 ds/min), 5,387,680 states left on queue.
Progress(8) at 2026-03-18 05:19:51: 80,417,406 states generated (42,491 s/min), 6,128,101 distinct states found (3,321 ds/min), 5,390,645 states left on queue.
Progress(8) at 2026-03-18 05:20:51: 80,460,257 states generated (42,851 s/min), 6,131,601 distinct states found (3,500 ds/min), 5,393,785 states left on queue.
Progress(8) at 2026-03-18 05:21:51: 80,504,463 states generated (44,206 s/min), 6,134,761 distinct states found (3,160 ds/min), 5,396,575 states left on queue.
Progress(8) at 2026-03-18 05:22:51: 80,548,680 states generated (44,217 s/min), 6,137,931 distinct states found (3,170 ds/min), 5,399,374 states left on queue.
Progress(8) at 2026-03-18 05:23:51: 80,593,285 states generated (44,605 s/min), 6,140,076 distinct states found (2,145 ds/min), 5,401,143 states left on queue.
Progress(8) at 2026-03-18 05:24:51: 80,638,624 states generated (45,339 s/min), 6,141,775 distinct states found (1,699 ds/min), 5,402,457 states left on queue.
Progress(8) at 2026-03-18 05:25:51: 80,683,355 states generated (44,731 s/min), 6,143,490 distinct states found (1,715 ds/min), 5,403,793 states left on queue.
Progress(8) at 2026-03-18 05:26:51: 80,727,883 states generated (44,528 s/min), 6,145,027 distinct states found (1,537 ds/min), 5,404,953 states left on queue.
Progress(8) at 2026-03-18 05:27:51: 80,772,679 states generated (44,796 s/min), 6,146,596 distinct states found (1,569 ds/min), 5,406,143 states left on queue.
Progress(8) at 2026-03-18 05:28:51: 80,816,606 states generated (43,927 s/min), 6,148,132 distinct states found (1,536 ds/min), 5,407,307 states left on queue.
Progress(8) at 2026-03-18 05:29:51: 80,861,632 states generated (45,026 s/min), 6,149,698 distinct states found (1,566 ds/min), 5,408,492 states left on queue.
Progress(8) at 2026-03-18 05:30:51: 80,905,858 states generated (44,226 s/min), 6,151,261 distinct states found (1,563 ds/min), 5,409,680 states left on queue.
Progress(8) at 2026-03-18 05:31:51: 80,949,212 states generated (43,354 s/min), 6,152,896 distinct states found (1,635 ds/min), 5,410,943 states left on queue.
Progress(8) at 2026-03-18 05:32:51: 80,992,409 states generated (43,197 s/min), 6,157,789 distinct states found (4,893 ds/min), 5,415,450 states left on queue.
Progress(8) at 2026-03-18 05:33:51: 81,032,758 states generated (40,349 s/min), 6,161,430 distinct states found (3,641 ds/min), 5,418,749 states left on queue.
Progress(8) at 2026-03-18 05:34:51: 81,071,771 states generated (39,013 s/min), 6,165,296 distinct states found (3,866 ds/min), 5,422,283 states left on queue.
Checkpointing of run states/26-03-16-20-34-44
Checkpointing completed at (2026-03-18 05:35:51)
Progress(8) at 2026-03-18 05:35:51: 81,112,890 states generated (41,119 s/min), 6,168,778 distinct states found (3,482 ds/min), 5,425,419 states left on queue.
Progress(8) at 2026-03-18 05:36:51: 81,153,423 states generated (40,533 s/min), 6,172,468 distinct states found (3,690 ds/min), 5,428,768 states left on queue.
Progress(8) at 2026-03-18 05:37:51: 81,194,196 states generated (40,773 s/min), 6,175,675 distinct states found (3,207 ds/min), 5,431,633 states left on queue.
Progress(8) at 2026-03-18 05:38:51: 81,233,945 states generated (39,749 s/min), 6,178,949 distinct states found (3,274 ds/min), 5,434,573 states left on queue.
Progress(8) at 2026-03-18 05:39:51: 81,274,331 states generated (40,386 s/min), 6,181,868 distinct states found (2,919 ds/min), 5,437,153 states left on queue.
Progress(8) at 2026-03-18 05:40:51: 81,314,673 states generated (40,342 s/min), 6,184,753 distinct states found (2,885 ds/min), 5,439,700 states left on queue.
Progress(8) at 2026-03-18 05:41:51: 81,358,208 states generated (43,535 s/min), 6,186,879 distinct states found (2,126 ds/min), 5,441,459 states left on queue.
Progress(8) at 2026-03-18 05:42:51: 81,400,215 states generated (42,007 s/min), 6,188,455 distinct states found (1,576 ds/min), 5,442,678 states left on queue.
Progress(8) at 2026-03-18 05:43:51: 81,443,235 states generated (43,020 s/min), 6,190,107 distinct states found (1,652 ds/min), 5,443,966 states left on queue.
Progress(8) at 2026-03-18 05:44:51: 81,486,284 states generated (43,049 s/min), 6,191,620 distinct states found (1,513 ds/min), 5,445,114 states left on queue.
Progress(8) at 2026-03-18 05:45:51: 81,527,880 states generated (41,596 s/min), 6,193,039 distinct states found (1,419 ds/min), 5,446,181 states left on queue.
Progress(8) at 2026-03-18 05:46:51: 81,569,530 states generated (41,650 s/min), 6,194,535 distinct states found (1,496 ds/min), 5,447,325 states left on queue.
Progress(8) at 2026-03-18 05:47:51: 81,611,881 states generated (42,351 s/min), 6,195,973 distinct states found (1,438 ds/min), 5,448,404 states left on queue.
Progress(8) at 2026-03-18 05:48:51: 81,653,897 states generated (42,016 s/min), 6,197,500 distinct states found (1,527 ds/min), 5,449,576 states left on queue.
Progress(8) at 2026-03-18 05:49:51: 81,695,320 states generated (41,423 s/min), 6,198,897 distinct states found (1,397 ds/min), 5,450,621 states left on queue.
Progress(8) at 2026-03-18 05:50:51: 81,736,746 states generated (41,426 s/min), 6,203,043 distinct states found (4,146 ds/min), 5,454,398 states left on queue.
Progress(8) at 2026-03-18 05:51:51: 81,780,451 states generated (43,705 s/min), 6,206,987 distinct states found (3,944 ds/min), 5,457,963 states left on queue.
Progress(8) at 2026-03-18 05:52:51: 81,821,861 states generated (41,410 s/min), 6,211,025 distinct states found (4,038 ds/min), 5,461,650 states left on queue.
Progress(8) at 2026-03-18 05:53:51: 81,865,041 states generated (43,180 s/min), 6,214,621 distinct states found (3,596 ds/min), 5,464,883 states left on queue.
Progress(8) at 2026-03-18 05:54:51: 81,906,948 states generated (41,907 s/min), 6,218,432 distinct states found (3,811 ds/min), 5,468,341 states left on queue.
Progress(8) at 2026-03-18 05:55:51: 81,948,579 states generated (41,631 s/min), 6,221,690 distinct states found (3,258 ds/min), 5,471,249 states left on queue.
Progress(8) at 2026-03-18 05:56:51: 81,990,778 states generated (42,199 s/min), 6,225,131 distinct states found (3,441 ds/min), 5,474,336 states left on queue.
Progress(8) at 2026-03-18 05:57:51: 82,033,570 states generated (42,792 s/min), 6,228,210 distinct states found (3,079 ds/min), 5,477,056 states left on queue.
Progress(8) at 2026-03-18 05:58:51: 82,077,836 states generated (44,266 s/min), 6,231,386 distinct states found (3,176 ds/min), 5,479,861 states left on queue.
Progress(8) at 2026-03-18 05:59:51: 82,121,942 states generated (44,106 s/min), 6,233,615 distinct states found (2,229 ds/min), 5,481,719 states left on queue.
Progress(8) at 2026-03-18 06:00:51: 82,163,268 states generated (41,326 s/min), 6,235,182 distinct states found (1,567 ds/min), 5,482,935 states left on queue.
Progress(8) at 2026-03-18 06:01:51: 82,206,143 states generated (42,875 s/min), 6,236,825 distinct states found (1,643 ds/min), 5,484,214 states left on queue.
Progress(8) at 2026-03-18 06:02:51: 82,250,236 states generated (44,093 s/min), 6,238,393 distinct states found (1,568 ds/min), 5,485,409 states left on queue.
Progress(8) at 2026-03-18 06:03:51: 82,294,034 states generated (43,798 s/min), 6,239,889 distinct states found (1,496 ds/min), 5,486,534 states left on queue.
Progress(8) at 2026-03-18 06:04:51: 82,337,376 states generated (43,342 s/min), 6,241,435 distinct states found (1,546 ds/min), 5,487,714 states left on queue.
Checkpointing of run states/26-03-16-20-34-44
Checkpointing completed at (2026-03-18 06:05:51)
Progress(8) at 2026-03-18 06:05:51: 82,380,195 states generated (42,819 s/min), 6,242,901 distinct states found (1,466 ds/min), 5,488,816 states left on queue.
Progress(8) at 2026-03-18 06:06:51: 82,423,081 states generated (42,886 s/min), 6,244,461 distinct states found (1,560 ds/min), 5,490,015 states left on queue.
Progress(8) at 2026-03-18 06:07:51: 82,465,465 states generated (42,384 s/min), 6,245,884 distinct states found (1,423 ds/min), 5,491,077 states left on queue.
Progress(8) at 2026-03-18 06:08:51: 82,506,243 states generated (40,778 s/min), 6,250,113 distinct states found (4,229 ds/min), 5,494,942 states left on queue.
Progress(8) at 2026-03-18 06:09:51: 82,548,022 states generated (41,779 s/min), 6,253,926 distinct states found (3,813 ds/min), 5,498,393 states left on queue.
Progress(8) at 2026-03-18 06:10:51: 82,589,155 states generated (41,133 s/min), 6,257,942 distinct states found (4,016 ds/min), 5,502,060 states left on queue.
Progress(8) at 2026-03-18 06:11:51: 82,629,445 states generated (40,290 s/min), 6,261,321 distinct states found (3,379 ds/min), 5,505,100 states left on queue.
Progress(8) at 2026-03-18 06:12:51: 82,669,666 states generated (40,221 s/min), 6,265,033 distinct states found (3,712 ds/min), 5,508,473 states left on queue.
Progress(8) at 2026-03-18 06:13:51: 82,711,606 states generated (41,940 s/min), 6,268,289 distinct states found (3,256 ds/min), 5,511,377 states left on queue.
Progress(8) at 2026-03-18 06:14:51: 82,752,546 states generated (40,940 s/min), 6,271,676 distinct states found (3,387 ds/min), 5,514,421 states left on queue.
Progress(8) at 2026-03-18 06:15:51: 82,793,856 states generated (41,310 s/min), 6,274,644 distinct states found (2,968 ds/min), 5,517,042 states left on queue.
Progress(8) at 2026-03-18 06:16:51: 82,835,145 states generated (41,289 s/min), 6,277,600 distinct states found (2,956 ds/min), 5,519,652 states left on queue.
Progress(8) at 2026-03-18 06:17:51: 82,877,404 states generated (42,259 s/min), 6,280,031 distinct states found (2,431 ds/min), 5,521,728 states left on queue.
Progress(8) at 2026-03-18 06:18:51: 82,919,726 states generated (42,322 s/min), 6,281,669 distinct states found (1,638 ds/min), 5,523,007 states left on queue.
Progress(8) at 2026-03-18 06:19:51: 82,963,610 states generated (43,884 s/min), 6,283,312 distinct states found (1,643 ds/min), 5,524,278 states left on queue.
Progress(8) at 2026-03-18 06:20:51: 83,006,555 states generated (42,945 s/min), 6,284,921 distinct states found (1,609 ds/min), 5,525,524 states left on queue.
Progress(8) at 2026-03-18 06:21:51: 83,049,234 states generated (42,679 s/min), 6,286,350 distinct states found (1,429 ds/min), 5,526,591 states left on queue.
Progress(8) at 2026-03-18 06:22:51: 83,092,959 states generated (43,725 s/min), 6,287,944 distinct states found (1,594 ds/min), 5,527,816 states left on queue.
Progress(8) at 2026-03-18 06:23:51: 83,135,862 states generated (42,903 s/min), 6,289,390 distinct states found (1,446 ds/min), 5,528,897 states left on queue.
Progress(8) at 2026-03-18 06:24:51: 83,180,012 states generated (44,150 s/min), 6,290,990 distinct states found (1,600 ds/min), 5,530,124 states left on queue.
Progress(8) at 2026-03-18 06:25:51: 83,222,741 states generated (42,729 s/min), 6,292,431 distinct states found (1,441 ds/min), 5,531,202 states left on queue.
Progress(8) at 2026-03-18 06:26:51: 83,263,344 states generated (40,603 s/min), 6,296,257 distinct states found (3,826 ds/min), 5,534,668 states left on queue.
Progress(8) at 2026-03-18 06:27:51: 83,307,494 states generated (44,150 s/min), 6,300,255 distinct states found (3,998 ds/min), 5,538,281 states left on queue.
Progress(8) at 2026-03-18 06:28:51: 83,349,866 states generated (42,372 s/min), 6,304,370 distinct states found (4,115 ds/min), 5,542,037 states left on queue.
Progress(8) at 2026-03-18 06:29:51: 83,392,329 states generated (42,463 s/min), 6,307,906 distinct states found (3,536 ds/min), 5,545,216 states left on queue.
Progress(8) at 2026-03-18 06:30:51: 83,434,245 states generated (41,916 s/min), 6,311,747 distinct states found (3,841 ds/min), 5,548,703 states left on queue.
Progress(8) at 2026-03-18 06:31:51: 83,479,019 states generated (44,774 s/min), 6,315,217 distinct states found (3,470 ds/min), 5,551,797 states left on queue.
Progress(8) at 2026-03-18 06:32:51: 83,521,391 states generated (42,372 s/min), 6,318,689 distinct states found (3,472 ds/min), 5,554,914 states left on queue.
Progress(8) at 2026-03-18 06:33:51: 83,564,242 states generated (42,851 s/min), 6,321,768 distinct states found (3,079 ds/min), 5,557,634 states left on queue.
Progress(8) at 2026-03-18 06:34:51: 83,607,144 states generated (42,902 s/min), 6,324,860 distinct states found (3,092 ds/min), 5,560,366 states left on queue.
Checkpointing of run states/26-03-16-20-34-44
Checkpointing completed at (2026-03-18 06:35:51)
Progress(8) at 2026-03-18 06:35:51: 83,652,135 states generated (44,991 s/min), 6,327,235 distinct states found (2,375 ds/min), 5,562,362 states left on queue.
Progress(8) at 2026-03-18 06:36:51: 83,696,959 states generated (44,824 s/min), 6,328,936 distinct states found (1,701 ds/min), 5,563,683 states left on queue.
Progress(8) at 2026-03-18 06:37:51: 83,744,101 states generated (47,142 s/min), 6,330,743 distinct states found (1,807 ds/min), 5,565,091 states left on queue.
Progress(8) at 2026-03-18 06:38:51: 83,788,330 states generated (44,229 s/min), 6,332,288 distinct states found (1,545 ds/min), 5,566,261 states left on queue.
Progress(8) at 2026-03-18 06:39:51: 83,831,001 states generated (42,671 s/min), 6,333,763 distinct states found (1,475 ds/min), 5,567,375 states left on queue.
Progress(8) at 2026-03-18 06:40:51: 83,874,542 states generated (43,541 s/min), 6,335,313 distinct states found (1,550 ds/min), 5,568,556 states left on queue.
Progress(8) at 2026-03-18 06:41:51: 83,918,080 states generated (43,538 s/min), 6,336,792 distinct states found (1,479 ds/min), 5,569,666 states left on queue.
Progress(8) at 2026-03-18 06:42:51: 83,962,996 states generated (44,916 s/min), 6,338,422 distinct states found (1,630 ds/min), 5,570,917 states left on queue.
Progress(8) at 2026-03-18 06:43:51: 84,006,649 states generated (43,653 s/min), 6,339,889 distinct states found (1,467 ds/min), 5,572,013 states left on queue.
Progress(8) at 2026-03-18 06:44:51: 84,047,888 states generated (41,239 s/min), 6,344,465 distinct states found (4,576 ds/min), 5,576,219 states left on queue.
Progress(8) at 2026-03-18 06:45:51: 84,088,983 states generated (41,095 s/min), 6,348,187 distinct states found (3,722 ds/min), 5,579,587 states left on queue.
Progress(8) at 2026-03-18 06:46:51: 84,131,625 states generated (42,642 s/min), 6,352,309 distinct states found (4,122 ds/min), 5,583,348 states left on queue.
Progress(8) at 2026-03-18 06:47:51: 84,175,227 states generated (43,602 s/min), 6,355,934 distinct states found (3,625 ds/min), 5,586,606 states left on queue.
Progress(8) at 2026-03-18 06:48:51: 84,218,585 states generated (43,358 s/min), 6,359,848 distinct states found (3,914 ds/min), 5,590,155 states left on queue.
Progress(8) at 2026-03-18 06:49:51: 84,263,028 states generated (44,443 s/min), 6,363,304 distinct states found (3,456 ds/min), 5,593,238 states left on queue.
Progress(8) at 2026-03-18 06:50:51: 84,308,635 states generated (45,607 s/min), 6,366,999 distinct states found (3,695 ds/min), 5,596,550 states left on queue.
Progress(8) at 2026-03-18 06:51:51: 84,352,837 states generated (44,202 s/min), 6,370,219 distinct states found (3,220 ds/min), 5,599,400 states left on queue.
Progress(8) at 2026-03-18 06:52:51: 84,396,737 states generated (43,900 s/min), 6,373,186 distinct states found (2,967 ds/min), 5,601,998 states left on queue.
Progress(8) at 2026-03-18 06:53:51: 84,442,816 states generated (46,079 s/min), 6,375,030 distinct states found (1,844 ds/min), 5,603,453 states left on queue.
Progress(8) at 2026-03-18 06:54:51: 84,488,677 states generated (45,861 s/min), 6,376,750 distinct states found (1,720 ds/min), 5,604,783 states left on queue.
Progress(8) at 2026-03-18 06:55:51: 84,533,079 states generated (44,402 s/min), 6,378,436 distinct states found (1,686 ds/min), 5,606,094 states left on queue.
Progress(8) at 2026-03-18 06:56:51: 84,577,084 states generated (44,005 s/min), 6,379,912 distinct states found (1,476 ds/min), 5,607,196 states left on queue.
Progress(8) at 2026-03-18 06:57:51: 84,621,235 states generated (44,151 s/min), 6,381,520 distinct states found (1,608 ds/min), 5,608,431 states left on queue.
Progress(8) at 2026-03-18 06:58:51: 84,664,011 states generated (42,776 s/min), 6,382,958 distinct states found (1,438 ds/min), 5,609,506 states left on queue.
Progress(8) at 2026-03-18 06:59:51: 84,709,768 states generated (45,757 s/min), 6,384,595 distinct states found (1,637 ds/min), 5,610,757 states left on queue.
Progress(8) at 2026-03-18 07:00:51: 84,753,636 states generated (43,868 s/min), 6,386,095 distinct states found (1,500 ds/min), 5,611,884 states left on queue.
Progress(8) at 2026-03-18 07:01:51: 84,794,715 states generated (41,079 s/min), 6,389,838 distinct states found (3,743 ds/min), 5,615,264 states left on queue.
Progress(8) at 2026-03-18 07:02:51: 84,837,461 states generated (42,746 s/min), 6,393,740 distinct states found (3,902 ds/min), 5,618,792 states left on queue.
Progress(8) at 2026-03-18 07:03:51: 84,875,970 states generated (38,509 s/min), 6,397,565 distinct states found (3,825 ds/min), 5,622,289 states left on queue.
Progress(8) at 2026-03-18 07:04:51: 84,916,312 states generated (40,342 s/min), 6,400,427 distinct states found (2,862 ds/min), 5,624,813 states left on queue.
Checkpointing of run states/26-03-16-20-34-44
Checkpointing completed at (2026-03-18 07:05:52)
Progress(8) at 2026-03-18 07:05:52: 84,955,641 states generated (39,329 s/min), 6,404,567 distinct states found (4,140 ds/min), 5,628,620 states left on queue.
Progress(8) at 2026-03-18 07:06:52: 84,997,199 states generated (41,558 s/min), 6,407,551 distinct states found (2,984 ds/min), 5,631,256 states left on queue.
Progress(8) at 2026-03-18 07:07:52: 85,037,291 states generated (40,092 s/min), 6,411,150 distinct states found (3,599 ds/min), 5,634,518 states left on queue.
Progress(8) at 2026-03-18 07:08:52: 85,078,451 states generated (41,160 s/min), 6,414,080 distinct states found (2,930 ds/min), 5,637,103 states left on queue.
Progress(8) at 2026-03-18 07:09:52: 85,119,620 states generated (41,169 s/min), 6,417,096 distinct states found (3,016 ds/min), 5,639,774 states left on queue.
Progress(8) at 2026-03-18 07:10:52: 85,161,214 states generated (41,594 s/min), 6,419,956 distinct states found (2,860 ds/min), 5,642,285 states left on queue.
Progress(8) at 2026-03-18 07:11:52: 85,202,798 states generated (41,584 s/min), 6,421,632 distinct states found (1,676 ds/min), 5,643,610 states left on queue.
Progress(8) at 2026-03-18 07:12:52: 85,243,695 states generated (40,897 s/min), 6,423,183 distinct states found (1,551 ds/min), 5,644,813 states left on queue.
Progress(8) at 2026-03-18 07:13:52: 85,284,652 states generated (40,957 s/min), 6,424,749 distinct states found (1,566 ds/min), 5,646,033 states left on queue.
Progress(8) at 2026-03-18 07:14:52: 85,324,760 states generated (40,108 s/min), 6,426,135 distinct states found (1,386 ds/min), 5,647,079 states left on queue.
Progress(8) at 2026-03-18 07:15:52: 85,366,362 states generated (41,602 s/min), 6,427,576 distinct states found (1,441 ds/min), 5,648,168 states left on queue.
Progress(8) at 2026-03-18 07:16:52: 85,410,789 states generated (44,427 s/min), 6,429,153 distinct states found (1,577 ds/min), 5,649,368 states left on queue.
Progress(8) at 2026-03-18 07:17:52: 85,454,568 states generated (43,779 s/min), 6,430,649 distinct states found (1,496 ds/min), 5,650,494 states left on queue.
Progress(8) at 2026-03-18 07:18:52: 85,495,114 states generated (40,546 s/min), 6,432,103 distinct states found (1,454 ds/min), 5,651,605 states left on queue.
Progress(8) at 2026-03-18 07:19:52: 85,536,242 states generated (41,128 s/min), 6,433,501 distinct states found (1,398 ds/min), 5,652,654 states left on queue.
Progress(8) at 2026-03-18 07:20:52: 85,577,558 states generated (41,316 s/min), 6,437,926 distinct states found (4,425 ds/min), 5,656,708 states left on queue.
Progress(8) at 2026-03-18 07:21:52: 85,618,377 states generated (40,819 s/min), 6,441,657 distinct states found (3,731 ds/min), 5,660,088 states left on queue.
Progress(8) at 2026-03-18 07:22:52: 85,657,515 states generated (39,138 s/min), 6,445,533 distinct states found (3,876 ds/min), 5,663,631 states left on queue.
Progress(8) at 2026-03-18 07:23:52: 85,698,864 states generated (41,349 s/min), 6,449,012 distinct states found (3,479 ds/min), 5,666,762 states left on queue.
Progress(8) at 2026-03-18 07:24:52: 85,739,999 states generated (41,135 s/min), 6,452,761 distinct states found (3,749 ds/min), 5,670,165 states left on queue.
Progress(8) at 2026-03-18 07:25:52: 85,781,051 states generated (41,052 s/min), 6,455,980 distinct states found (3,219 ds/min), 5,673,039 states left on queue.
Progress(8) at 2026-03-18 07:26:52: 85,821,812 states generated (40,761 s/min), 6,459,330 distinct states found (3,350 ds/min), 5,676,047 states left on queue.
Progress(8) at 2026-03-18 07:27:52: 85,863,514 states generated (41,702 s/min), 6,462,335 distinct states found (3,005 ds/min), 5,678,702 states left on queue.
Progress(8) at 2026-03-18 07:28:52: 85,905,280 states generated (41,766 s/min), 6,465,336 distinct states found (3,001 ds/min), 5,681,353 states left on queue.
Progress(8) at 2026-03-18 07:29:52: 85,947,382 states generated (42,102 s/min), 6,467,646 distinct states found (2,310 ds/min), 5,683,309 states left on queue.
Progress(8) at 2026-03-18 07:30:52: 85,990,452 states generated (43,070 s/min), 6,469,297 distinct states found (1,651 ds/min), 5,684,595 states left on queue.
Progress(8) at 2026-03-18 07:31:52: 86,033,282 states generated (42,830 s/min), 6,470,945 distinct states found (1,648 ds/min), 5,685,879 states left on queue.
Progress(8) at 2026-03-18 07:32:52: 86,074,924 states generated (41,642 s/min), 6,472,440 distinct states found (1,495 ds/min), 5,687,023 states left on queue.
Progress(8) at 2026-03-18 07:33:52: 86,116,069 states generated (41,145 s/min), 6,473,843 distinct states found (1,403 ds/min), 5,688,077 states left on queue.
Progress(8) at 2026-03-18 07:34:52: 86,158,776 states generated (42,707 s/min), 6,475,395 distinct states found (1,552 ds/min), 5,689,268 states left on queue.
Checkpointing of run states/26-03-16-20-34-44
Checkpointing completed at (2026-03-18 07:35:52)
Progress(8) at 2026-03-18 07:35:52: 86,201,763 states generated (42,987 s/min), 6,476,841 distinct states found (1,446 ds/min), 5,690,349 states left on queue.
Progress(8) at 2026-03-18 07:36:52: 86,245,170 states generated (43,407 s/min), 6,478,410 distinct states found (1,569 ds/min), 5,691,551 states left on queue.
Progress(8) at 2026-03-18 07:37:52: 86,286,723 states generated (41,553 s/min), 6,479,824 distinct states found (1,414 ds/min), 5,692,612 states left on queue.
Progress(8) at 2026-03-18 07:38:52: 86,327,723 states generated (41,000 s/min), 6,483,557 distinct states found (3,733 ds/min), 5,695,983 states left on queue.
Progress(8) at 2026-03-18 07:39:52: 86,369,383 states generated (41,660 s/min), 6,487,368 distinct states found (3,811 ds/min), 5,699,429 states left on queue.
Progress(8) at 2026-03-18 07:40:52: 86,410,656 states generated (41,273 s/min), 6,491,416 distinct states found (4,048 ds/min), 5,703,126 states left on queue.
Progress(8) at 2026-03-18 07:41:52: 86,453,507 states generated (42,851 s/min), 6,494,950 distinct states found (3,534 ds/min), 5,706,300 states left on queue.
Progress(8) at 2026-03-18 07:42:52: 86,495,402 states generated (41,895 s/min), 6,498,812 distinct states found (3,862 ds/min), 5,709,809 states left on queue.
Progress(8) at 2026-03-18 07:43:52: 86,538,213 states generated (42,811 s/min), 6,502,134 distinct states found (3,322 ds/min), 5,712,772 states left on queue.
Progress(8) at 2026-03-18 07:44:52: 86,581,025 states generated (42,812 s/min), 6,505,684 distinct states found (3,550 ds/min), 5,715,962 states left on queue.
Progress(8) at 2026-03-18 07:45:52: 86,624,854 states generated (43,829 s/min), 6,508,819 distinct states found (3,135 ds/min), 5,718,729 states left on queue.
Progress(8) at 2026-03-18 07:46:52: 86,669,017 states generated (44,163 s/min), 6,511,991 distinct states found (3,172 ds/min), 5,721,531 states left on queue.
Progress(8) at 2026-03-18 07:47:52: 86,713,254 states generated (44,237 s/min), 6,514,473 distinct states found (2,482 ds/min), 5,723,642 states left on queue.
Progress(8) at 2026-03-18 07:48:52: 86,756,628 states generated (43,374 s/min), 6,516,145 distinct states found (1,672 ds/min), 5,724,946 states left on queue.
Progress(8) at 2026-03-18 07:49:52: 86,800,810 states generated (44,182 s/min), 6,517,843 distinct states found (1,698 ds/min), 5,726,269 states left on queue.
Progress(8) at 2026-03-18 07:50:52: 86,845,457 states generated (44,647 s/min), 6,519,436 distinct states found (1,593 ds/min), 5,727,484 states left on queue.
Progress(8) at 2026-03-18 07:51:52: 86,889,612 states generated (44,155 s/min), 6,520,939 distinct states found (1,503 ds/min), 5,728,613 states left on queue.
Progress(8) at 2026-03-18 07:52:52: 86,933,153 states generated (43,541 s/min), 6,522,526 distinct states found (1,587 ds/min), 5,729,832 states left on queue.
Progress(8) at 2026-03-18 07:53:52: 86,975,897 states generated (42,744 s/min), 6,523,964 distinct states found (1,438 ds/min), 5,730,907 states left on queue.
Progress(8) at 2026-03-18 07:54:52: 87,019,330 states generated (43,433 s/min), 6,525,534 distinct states found (1,570 ds/min), 5,732,111 states left on queue.
